Date,Close
2005-08-08,8.05755615234375
2005-08-09,8.05755615234375
2005-08-10,8.05755615234375
2005-08-11,8.05755615234375
2005-08-12,8.05755615234375
2005-08-15,8.05755615234375
2005-08-16,8.05755615234375
2005-08-17,8.05755615234375
2005-08-18,8.05755615234375
2005-08-19,8.05755615234375
2005-08-22,8.05755615234375
2005-08-23,8.05755615234375
2005-08-24,8.05755615234375
2005-08-25,8.05755615234375
2005-08-26,8.05755615234375
2005-08-29,8.05755615234375
2005-08-30,8.464272499084473
2005-08-31,8.464272499084473
2005-09-01,8.464272499084473
2005-09-02,8.464272499084473
2005-09-06,8.464272499084473
2005-09-07,8.464272499084473
2005-09-08,8.464272499084473
2005-09-09,8.464272499084473
2005-09-12,8.464272499084473
2005-09-13,8.464272499084473
2005-09-14,8.464272499084473
2005-09-15,8.464272499084473
2005-09-16,8.464272499084473
2005-09-19,8.464272499084473
2005-09-20,8.464272499084473
2005-09-21,8.464272499084473
2005-09-22,8.464272499084473
2005-09-23,8.464272499084473
2005-09-26,8.464272499084473
2005-09-27,8.464272499084473
2005-09-28,8.464272499084473
2005-09-29,8.464272499084473
2005-09-30,8.74820327758789
2005-10-03,8.74820327758789
2005-10-04,8.824942588806152
2005-10-05,8.824942588806152
2005-10-06,8.824942588806152
2005-10-07,8.824942588806152
2005-10-10,8.824942588806152
2005-10-11,9.208635330200195
2005-10-12,9.208635330200195
2005-10-13,9.208635330200195
2005-10-14,9.208635330200195
2005-10-17,9.208635330200195
2005-10-18,9.208635330200195
2005-10-19,9.208635330200195
2005-10-20,9.208635330200195
2005-10-21,9.208635330200195
2005-10-24,9.208635330200195
2005-10-25,9.208635330200195
2005-10-26,9.208635330200195
2005-10-27,9.208635330200195
2005-10-28,9.208635330200195
2005-10-31,9.208635330200195
2005-11-01,8.709834098815918
2005-11-02,8.709834098815918
2005-11-03,8.709834098815918
2005-11-04,8.824942588806152
2005-11-07,8.824942588806152
2005-11-08,8.824942588806152
2005-11-09,8.824942588806152
2005-11-10,8.824942588806152
2005-11-11,8.824942588806152
2005-11-14,8.824942588806152
2005-11-15,8.824942588806152
2005-11-16,8.824942588806152
2005-11-17,8.824942588806152
2005-11-18,8.824942588806152
2005-11-21,8.824942588806152
2005-11-22,8.824942588806152
2005-11-23,8.824942588806152
2005-11-25,8.824942588806152
2005-11-28,8.824942588806152
2005-11-29,8.824942588806152
2005-11-30,8.824942588806152
2005-12-01,8.824942588806152
2005-12-02,8.824942588806152
2005-12-05,8.824942588806152
2005-12-06,8.824942588806152
2005-12-07,8.824942588806152
2005-12-08,8.824942588806152
2005-12-09,8.824942588806152
2005-12-12,8.824942588806152
2005-12-13,8.824942588806152
2005-12-14,8.824942588806152
2005-12-15,8.824942588806152
2005-12-16,8.824942588806152
2005-12-19,8.824942588806152
2005-12-20,8.824942588806152
2005-12-21,8.824942588806152
2005-12-22,8.824942588806152
2005-12-23,8.863314628601074
2005-12-27,8.863314628601074
2005-12-28,8.863314628601074
2005-12-29,8.863314628601074
2005-12-30,8.863314628601074
2006-01-03,8.863314628601074
2006-01-04,9.131897926330566
2006-01-05,9.131897926330566
2006-01-06,9.131897926330566
2006-01-09,9.131897926330566
2006-01-10,9.208635330200195
2006-01-11,9.208635330200195
2006-01-12,9.208635330200195
2006-01-13,9.208635330200195
2006-01-17,9.208635330200195
2006-01-18,9.208635330200195
2006-01-19,9.208635330200195
2006-01-20,9.208635330200195
2006-01-23,9.208635330200195
2006-01-24,9.208635330200195
2006-01-25,9.208635330200195
2006-01-26,9.170268058776855
2006-01-27,9.97602367401123
2006-01-30,9.97602367401123
2006-01-31,9.362115859985352
2006-02-01,9.784177780151367
2006-02-02,9.784177780151367
2006-02-03,9.784177780151367
2006-02-06,9.784177780151367
2006-02-07,9.784177780151367
2006-02-08,9.784177780151367
2006-02-09,9.784177780151367
2006-02-10,9.97602367401123
2006-02-13,9.97602367401123
2006-02-14,9.97602367401123
2006-02-15,9.97602367401123
2006-02-16,9.97602367401123
2006-02-17,9.97602367401123
2006-02-21,9.97602367401123
2006-02-22,9.97602367401123
2006-02-23,9.97602367401123
2006-02-24,9.97602367401123
2006-02-27,10.359715461730957
2006-02-28,10.359715461730957
2006-03-01,10.551563262939453
2006-03-02,10.551563262939453
2006-03-03,10.551563262939453
2006-03-06,10.551563262939453
2006-03-07,10.551563262939453
2006-03-08,10.551563262939453
2006-03-09,10.551563262939453
2006-03-10,10.551563262939453
2006-03-13,10.551563262939453
2006-03-14,10.551563262939453
2006-03-15,10.551563262939453
2006-03-16,10.551563262939453
2006-03-17,10.551563262939453
2006-03-20,10.551563262939453
2006-03-21,10.551563262939453
2006-03-22,10.551563262939453
2006-03-23,10.551563262939453
2006-03-24,10.551563262939453
2006-03-27,10.551563262939453
2006-03-28,10.551563262939453
2006-03-29,10.551563262939453
2006-03-30,10.551563262939453
2006-03-31,10.551563262939453
2006-04-03,10.551563262939453
2006-04-04,10.551563262939453
2006-04-05,10.551563262939453
2006-04-06,10.551563262939453
2006-04-07,10.551563262939453
2006-04-10,10.551563262939453
2006-04-11,10.551563262939453
2006-04-12,10.551563262939453
2006-04-13,10.551563262939453
2006-04-17,10.551563262939453
2006-04-18,10.551563262939453
2006-04-19,10.551563262939453
2006-04-20,10.551563262939453
2006-04-21,10.551563262939453
2006-04-24,10.551563262939453
2006-04-25,10.551563262939453
2006-04-26,10.551563262939453
2006-04-27,10.858516693115234
2006-04-28,10.858516693115234
2006-05-01,10.858516693115234
2006-05-02,10.858516693115234
2006-05-03,10.858516693115234
2006-05-04,10.858516693115234
2006-05-05,10.858516693115234
2006-05-08,11.318947792053223
2006-05-09,11.318947792053223
2006-05-10,11.318947792053223
2006-05-11,11.318947792053223
2006-05-12,11.318947792053223
2006-05-15,11.318947792053223
2006-05-16,11.318947792053223
2006-05-17,11.318947792053223
2006-05-18,11.318947792053223
2006-05-19,11.318947792053223
2006-05-22,11.318947792053223
2006-05-23,11.318947792053223
2006-05-24,11.318947792053223
2006-05-25,11.318947792053223
2006-05-26,11.318947792053223
2006-05-30,11.318947792053223
2006-05-31,10.743408203125
2006-06-01,10.743408203125
2006-06-02,10.743408203125
2006-06-05,10.743408203125
2006-06-06,10.743408203125
2006-06-07,10.597607612609863
2006-06-08,10.597607612609863
2006-06-09,10.597607612609863
2006-06-12,10.858516693115234
2006-06-13,10.858516693115234
2006-06-14,10.858516693115234
2006-06-15,10.858516693115234
2006-06-16,10.858516693115234
2006-06-19,10.858516693115234
2006-06-20,10.858516693115234
2006-06-21,10.858516693115234
2006-06-22,10.858516693115234
2006-06-23,10.858516693115234
2006-06-26,10.858516693115234
2006-06-27,10.858516693115234
2006-06-28,10.858516693115234
2006-06-29,10.858516693115234
2006-06-30,10.628300666809082
2006-07-03,10.559239387512207
2006-07-05,10.359715461730957
2006-07-06,10.359715461730957
2006-07-07,10.359715461730957
2006-07-10,10.359715461730957
2006-07-11,10.359715461730957
2006-07-12,10.359715461730957
2006-07-13,10.359715461730957
2006-07-14,10.359715461730957
2006-07-17,10.359715461730957
2006-07-18,10.359715461730957
2006-07-19,10.359715461730957
2006-07-20,10.359715461730957
2006-07-21,10.359715461730957
2006-07-24,10.359715461730957
2006-07-25,10.359715461730957
2006-07-26,10.359715461730957
2006-07-27,10.359715461730957
2006-07-28,10.359715461730957
2006-07-31,10.359715461730957
2006-08-01,10.359715461730957
2006-08-02,10.359715461730957
2006-08-03,10.359715461730957
2006-08-04,10.359715461730957
2006-08-07,10.359715461730957
2006-08-08,10.359715461730957
2006-08-09,10.359715461730957
2006-08-10,10.359715461730957
2006-08-11,10.359715461730957
2006-08-14,10.359715461730957
2006-08-15,10.359715461730957
2006-08-16,10.359715461730957
2006-08-17,10.359715461730957
2006-08-18,10.359715461730957
2006-08-21,10.359715461730957
2006-08-22,10.359715461730957
2006-08-23,10.359715461730957
2006-08-24,10.359715461730957
2006-08-25,10.359715461730957
2006-08-28,10.359715461730957
2006-08-29,10.359715461730957
2006-08-30,10.359715461730957
2006-08-31,10.359715461730957
2006-09-01,10.359715461730957
2006-09-05,10.359715461730957
2006-09-06,10.359715461730957
2006-09-07,10.359715461730957
2006-09-08,10.513195037841797
2006-09-11,10.513195037841797
2006-09-12,10.513195037841797
2006-09-13,10.513195037841797
2006-09-14,10.359715461730957
2006-09-15,10.551563262939453
2006-09-18,10.935256004333496
2006-09-19,10.935256004333496
2006-09-20,10.935256004333496
2006-09-21,10.935256004333496
2006-09-22,10.935256004333496
2006-09-25,10.935256004333496
2006-09-26,10.935256004333496
2006-09-27,10.935256004333496
2006-09-28,10.398085594177246
2006-09-29,10.398085594177246
2006-10-02,10.398085594177246
2006-10-03,10.398085594177246
2006-10-04,10.398085594177246
2006-10-05,10.589929580688477
2006-10-06,10.589929580688477
2006-10-09,10.589929580688477
2006-10-10,10.589929580688477
2006-10-11,10.589929580688477
2006-10-12,10.589929580688477
2006-10-13,10.589929580688477
2006-10-16,10.589929580688477
2006-10-17,10.589929580688477
2006-10-18,10.589929580688477
2006-10-19,10.589929580688477
2006-10-20,10.589929580688477
2006-10-23,10.398085594177246
2006-10-24,10.398085594177246
2006-10-25,10.398085594177246
2006-10-26,10.398085594177246
2006-10-27,10.398085594177246
2006-10-30,10.398085594177246
2006-10-31,10.398085594177246
2006-11-01,10.551563262939453
2006-11-02,10.551563262939453
2006-11-03,10.551563262939453
2006-11-06,10.551563262939453
2006-11-07,10.551563262939453
2006-11-08,10.551563262939453
2006-11-09,10.551563262939453
2006-11-10,10.551563262939453
2006-11-13,10.551563262939453
2006-11-14,10.359715461730957
2006-11-15,10.359715461730957
2006-11-16,10.359715461730957
2006-11-17,10.359715461730957
2006-11-20,10.359715461730957
2006-11-21,10.359715461730957
2006-11-22,10.551563262939453
2006-11-24,10.551563262939453
2006-11-27,10.359715461730957
2006-11-28,10.551563262939453
2006-11-29,10.551563262939453
2006-11-30,10.359715461730957
2006-12-01,10.359715461730957
2006-12-04,10.359715461730957
2006-12-05,10.359715461730957
2006-12-06,10.359715461730957
2006-12-07,10.244609832763672
2006-12-08,10.244609832763672
2006-12-11,10.244609832763672
2006-12-12,10.244609832763672
2006-12-13,10.282979011535645
2006-12-14,10.282979011535645
2006-12-15,10.282979011535645
2006-12-18,10.282979011535645
2006-12-19,10.282979011535645
2006-12-20,10.282979011535645
2006-12-21,10.282979011535645
2006-12-22,10.244609832763672
2006-12-26,10.244609832763672
2006-12-27,10.244609832763672
2006-12-28,10.244609832763672
2006-12-29,10.244609832763672
2007-01-03,10.244609832763672
2007-01-04,10.244609832763672
2007-01-05,10.244609832763672
2007-01-08,10.244609832763672
2007-01-09,10.244609832763672
2007-01-10,10.244609832763672
2007-01-11,10.244609832763672
2007-01-12,10.244609832763672
2007-01-16,10.244609832763672
2007-01-17,10.244609832763672
2007-01-18,10.244609832763672
2007-01-19,10.244609832763672
2007-01-22,10.244609832763672
2007-01-23,10.244609832763672
2007-01-24,10.244609832763672
2007-01-25,10.244609832763672
2007-01-26,10.244609832763672
2007-01-29,10.244609832763672
2007-01-30,10.244609832763672
2007-01-31,10.244609832763672
2007-02-01,10.244609832763672
2007-02-02,10.244609832763672
2007-02-05,10.029739379882812
2007-02-06,10.029739379882812
2007-02-07,10.029739379882812
2007-02-08,10.029739379882812
2007-02-09,10.029739379882812
2007-02-12,10.029739379882812
2007-02-13,10.029739379882812
2007-02-14,9.784177780151367
2007-02-15,9.592329025268555
2007-02-16,9.592329025268555
2007-02-20,9.592329025268555
2007-02-21,9.208635330200195
2007-02-22,9.208635330200195
2007-02-23,9.208635330200195
2007-02-26,9.208635330200195
2007-02-27,9.592329025268555
2007-02-28,9.592329025268555
2007-03-01,9.208635330200195
2007-03-02,9.208635330200195
2007-03-05,9.208635330200195
2007-03-06,9.131897926330566
2007-03-07,8.901681900024414
2007-03-08,8.901681900024414
2007-03-09,8.901681900024414
2007-03-12,8.901681900024414
2007-03-13,8.901681900024414
2007-03-14,8.901681900024414
2007-03-15,8.901681900024414
2007-03-16,8.479618072509766
2007-03-19,8.479618072509766
2007-03-20,8.479618072509766
2007-03-21,8.441248893737793
2007-03-22,8.441248893737793
2007-03-23,8.441248893737793
2007-03-26,8.441248893737793
2007-03-27,8.441248893737793
2007-03-28,8.441248893737793
2007-03-29,8.441248893737793
2007-03-30,8.441248893737793
2007-04-02,8.441248893737793
2007-04-03,8.441248893737793
2007-04-04,8.441248893737793
2007-04-05,8.441248893737793
2007-04-09,8.441248893737793
2007-04-10,8.441248893737793
2007-04-11,8.249403953552246
2007-04-12,8.249403953552246
2007-04-13,8.249403953552246
2007-04-16,8.249403953552246
2007-04-17,8.249403953552246
2007-04-18,8.249403953552246
2007-04-19,8.249403953552246
2007-04-20,8.249403953552246
2007-04-23,8.249403953552246
2007-04-24,8.249403953552246
2007-04-25,8.249403953552246
2007-04-26,8.441248893737793
2007-04-27,8.441248893737793
2007-04-30,8.441248893737793
2007-05-01,8.441248893737793
2007-05-02,8.441248893737793
2007-05-03,8.441248893737793
2007-05-04,8.387534141540527
2007-05-07,8.387534141540527
2007-05-08,8.387534141540527
2007-05-09,8.387534141540527
2007-05-10,8.095925331115723
2007-05-11,8.095925331115723
2007-05-14,8.095925331115723
2007-05-15,8.095925331115723
2007-05-16,8.095925331115723
2007-05-17,8.095925331115723
2007-05-18,8.05755615234375
2007-05-21,8.05755615234375
2007-05-22,8.05755615234375
2007-05-23,7.6738600730896
2007-05-24,7.6738600730896
2007-05-25,8.05755615234375
2007-05-29,8.21103286743164
2007-05-30,7.6738600730896
2007-05-31,7.6738600730896
2007-06-01,7.6738600730896
2007-06-04,7.6738600730896
2007-06-05,7.6738600730896
2007-06-06,7.689210414886475
2007-06-07,7.689210414886475
2007-06-08,7.689210414886475
2007-06-11,7.689210414886475
2007-06-12,7.719906806945801
2007-06-13,7.6738600730896
2007-06-14,7.6738600730896
2007-06-15,7.6738600730896
2007-06-18,7.689210414886475
2007-06-19,7.689210414886475
2007-06-20,7.689210414886475
2007-06-21,7.6738600730896
2007-06-22,7.443647384643555
2007-06-25,7.443647384643555
2007-06-26,7.443647384643555
2007-06-27,7.443647384643555
2007-06-28,7.443647384643555
2007-06-29,7.443647384643555
2007-07-02,7.3669114112854
2007-07-03,7.3669114112854
2007-07-05,7.3669114112854
2007-07-06,7.3669114112854
2007-07-09,7.3669114112854
2007-07-10,7.3669114112854
2007-07-11,7.635493278503418
2007-07-12,7.635493278503418
2007-07-13,7.597123146057129
2007-07-16,7.597123146057129
2007-07-17,8.05755615234375
2007-07-18,8.05755615234375
2007-07-19,8.05755615234375
2007-07-20,7.904080867767334
2007-07-23,7.712230205535889
2007-07-24,7.712230205535889
2007-07-25,7.712230205535889
2007-07-26,6.906476974487305
2007-07-27,6.906476974487305
2007-07-30,6.906476974487305
2007-07-31,6.906476974487305
2007-08-01,6.906476974487305
2007-08-02,6.522783279418945
2007-08-03,6.522783279418945
2007-08-06,6.522783279418945
2007-08-07,6.522783279418945
2007-08-08,6.522783279418945
2007-08-09,6.522783279418945
2007-08-10,6.522783279418945
2007-08-13,6.522783279418945
2007-08-14,6.522783279418945
2007-08-15,6.522783279418945
2007-08-16,6.522783279418945
2007-08-17,6.522783279418945
2007-08-20,6.522783279418945
2007-08-21,6.522783279418945
2007-08-22,6.522783279418945
2007-08-23,6.522783279418945
2007-08-24,6.522783279418945
2007-08-27,6.522783279418945
2007-08-28,6.522783279418945
2007-08-29,6.522783279418945
2007-08-30,6.522783279418945
2007-08-31,6.522783279418945
2007-09-04,6.522783279418945
2007-09-05,7.290169715881348
2007-09-06,7.290169715881348
2007-09-07,7.290169715881348
2007-09-10,7.827340602874756
2007-09-11,7.597123146057129
2007-09-12,7.597123146057129
2007-09-13,7.597123146057129
2007-09-14,7.597123146057129
2007-09-17,7.597123146057129
2007-09-18,7.597123146057129
2007-09-19,7.597123146057129
2007-09-20,7.597123146057129
2007-09-21,7.597123146057129
2007-09-24,7.597123146057129
2007-09-25,7.597123146057129
2007-09-26,7.597123146057129
2007-09-27,7.597123146057129
2007-09-28,7.597123146057129
2007-10-01,7.597123146057129
2007-10-02,7.597123146057129
2007-10-03,7.597123146057129
2007-10-04,7.597123146057129
2007-10-05,7.597123146057129
2007-10-08,7.597123146057129
2007-10-09,7.597123146057129
2007-10-10,7.597123146057129
2007-10-11,7.597123146057129
2007-10-12,7.597123146057129
2007-10-15,7.597123146057129
2007-10-16,7.597123146057129
2007-10-17,7.597123146057129
2007-10-18,6.522783279418945
2007-10-19,6.522783279418945
2007-10-22,6.522783279418945
2007-10-23,6.522783279418945
2007-10-24,6.522783279418945
2007-10-25,6.599524021148682
2007-10-26,6.599524021148682
2007-10-29,6.599524021148682
2007-10-30,6.599524021148682
2007-10-31,6.599524021148682
2007-11-01,6.139091968536377
2007-11-02,6.139091968536377
2007-11-05,6.139091968536377
2007-11-06,6.139091968536377
2007-11-07,6.139091968536377
2007-11-08,6.139091968536377
2007-11-09,6.139091968536377
2007-11-12,6.139091968536377
2007-11-13,6.139091968536377
2007-11-14,6.139091968536377
2007-11-15,6.139091968536377
2007-11-16,6.139091968536377
2007-11-19,6.139091968536377
2007-11-20,5.4100728034973145
2007-11-21,5.4100728034973145
2007-11-23,5.4100728034973145
2007-11-26,5.4100728034973145
2007-11-27,5.4100728034973145
2007-11-28,5.4100728034973145
2007-11-29,4.757795810699463
2007-11-30,5.1798577308654785
2007-12-03,5.1798577308654785
2007-12-04,5.1798577308654785
2007-12-05,5.1798577308654785
2007-12-06,5.1798577308654785
2007-12-07,5.1798577308654785
2007-12-10,5.1798577308654785
2007-12-11,5.1798577308654785
2007-12-12,5.1798577308654785
2007-12-13,5.1798577308654785
2007-12-14,5.1798577308654785
2007-12-17,5.1798577308654785
2007-12-18,5.1798577308654785
2007-12-19,5.1798577308654785
2007-12-20,5.1798577308654785
2007-12-21,5.1798577308654785
2007-12-24,5.1798577308654785
2007-12-26,5.1798577308654785
2007-12-27,4.604317665100098
2007-12-28,4.604317665100098
2007-12-31,4.604317665100098
2008-01-02,4.604317665100098
2008-01-03,4.604317665100098
2008-01-04,4.604317665100098
2008-01-07,4.604317665100098
2008-01-08,4.604317665100098
2008-01-09,4.604317665100098
2008-01-10,4.604317665100098
2008-01-11,4.604317665100098
2008-01-14,4.604317665100098
2008-01-15,4.604317665100098
2008-01-16,4.604317665100098
2008-01-17,4.604317665100098
2008-01-18,4.604317665100098
2008-01-22,4.604317665100098
2008-01-23,4.604317665100098
2008-01-24,4.604317665100098
2008-01-25,4.604317665100098
2008-01-28,4.2206244468688965
2008-01-29,4.2206244468688965
2008-01-30,4.2206244468688965
2008-01-31,4.2206244468688965
2008-02-01,4.2206244468688965
2008-02-04,4.2206244468688965
2008-02-05,4.2206244468688965
2008-02-06,4.2206244468688965
2008-02-07,4.2206244468688965
2008-02-08,4.2206244468688965
2008-02-11,4.2206244468688965
2008-02-12,4.2206244468688965
2008-02-13,4.2206244468688965
2008-02-14,4.2206244468688965
2008-02-15,4.2206244468688965
2008-02-19,3.8369300365448
2008-02-20,3.645084857940674
2008-02-21,3.645084857940674
2008-02-22,3.645084857940674
2008-02-25,3.645084857940674
2008-02-26,3.645084857940674
2008-02-27,3.645084857940674
2008-02-28,3.645084857940674
2008-02-29,3.3765006065368652
2008-03-03,3.4532384872436523
2008-03-04,3.8369300365448
2008-03-05,3.8369300365448
2008-03-06,3.8369300365448
2008-03-07,3.8369300365448
2008-03-10,3.8369300365448
2008-03-11,3.8369300365448
2008-03-12,3.8369300365448
2008-03-13,3.8369300365448
2008-03-14,3.8369300365448
2008-03-17,3.8369300365448
2008-03-18,3.8369300365448
2008-03-19,3.8369300365448
2008-03-20,3.8369300365448
2008-03-24,3.8369300365448
2008-03-25,3.8369300365448
2008-03-26,3.0695459842681885
2008-03-27,3.5299768447875977
2008-03-28,4.028778076171875
2008-03-31,4.028778076171875
2008-04-01,4.028778076171875
2008-04-02,4.028778076171875
2008-04-03,4.028778076171875
2008-04-04,4.028778076171875
2008-04-07,4.028778076171875
2008-04-08,4.028778076171875
2008-04-09,4.028778076171875
2008-04-10,4.028778076171875
2008-04-11,4.028778076171875
2008-04-14,4.028778076171875
2008-04-15,4.028778076171875
2008-04-16,4.028778076171875
2008-04-17,4.028778076171875
2008-04-18,4.028778076171875
2008-04-21,4.028778076171875
2008-04-22,4.028778076171875
2008-04-23,4.028778076171875
2008-04-24,4.028778076171875
2008-04-25,4.028778076171875
2008-04-28,4.028778076171875
2008-04-29,4.028778076171875
2008-04-30,4.028778076171875
2008-05-01,3.6067161560058594
2008-05-02,3.6067161560058594
2008-05-05,3.6067161560058594
2008-05-06,3.6067161560058594
2008-05-07,3.6067161560058594
2008-05-08,3.6067161560058594
2008-05-09,3.6067161560058594
2008-05-12,3.6067161560058594
2008-05-13,3.6067161560058594
2008-05-14,3.6067161560058594
2008-05-15,3.6067161560058594
2008-05-16,3.6067161560058594
2008-05-19,3.6067161560058594
2008-05-20,3.6067161560058594
2008-05-21,3.6067161560058594
2008-05-22,3.6067161560058594
2008-05-23,3.6067161560058594
2008-05-27,3.6067161560058594
2008-05-28,3.6067161560058594
2008-05-29,3.6067161560058594
2008-05-30,3.6067161560058594
2008-06-02,3.6067161560058594
2008-06-03,3.6067161560058594
2008-06-04,3.0695459842681885
2008-06-05,3.0695459842681885
2008-06-06,3.0695459842681885
2008-06-09,3.0695459842681885
2008-06-10,3.0695459842681885
2008-06-11,3.0695459842681885
2008-06-12,3.0695459842681885
2008-06-13,2.9928061962127686
2008-06-16,3.0695459842681885
2008-06-17,3.0695459842681885
2008-06-18,3.0695459842681885
2008-06-19,3.0695459842681885
2008-06-20,2.3942458629608154
2008-06-23,2.3942458629608154
2008-06-24,2.302158832550049
2008-06-25,2.302158832550049
2008-06-26,2.302158832550049
2008-06-27,2.68585205078125
2008-06-30,2.68585205078125
2008-07-01,2.4940059185028076
2008-07-02,2.4940059185028076
2008-07-03,2.4940059185028076
2008-07-07,2.4940059185028076
2008-07-08,2.4940059185028076
2008-07-09,2.4940059185028076
2008-07-10,2.4940059185028076
2008-07-11,2.4940059185028076
2008-07-14,2.4940059185028076
2008-07-15,2.302158832550049
2008-07-16,1.9184650182724
2008-07-17,1.9184650182724
2008-07-18,2.68585205078125
2008-07-21,2.68585205078125
2008-07-22,2.68585205078125
2008-07-23,2.68585205078125
2008-07-24,2.68585205078125
2008-07-25,2.68585205078125
2008-07-28,2.68585205078125
2008-07-29,2.68585205078125
2008-07-30,2.68585205078125
2008-07-31,2.68585205078125
2008-08-01,2.68585205078125
2008-08-04,2.68585205078125
2008-08-05,2.68585205078125
2008-08-06,2.68585205078125
2008-08-07,2.68585205078125
2008-08-08,2.68585205078125
2008-08-11,2.68585205078125
2008-08-12,2.68585205078125
2008-08-13,2.570744752883911
2008-08-14,2.570744752883911
2008-08-15,2.570744752883911
2008-08-18,2.570744752883911
2008-08-19,2.570744752883911
2008-08-20,2.570744752883911
2008-08-21,2.570744752883911
2008-08-22,2.570744752883911
2008-08-25,2.570744752883911
2008-08-26,2.570744752883911
2008-08-27,2.570744752883911
2008-08-28,2.570744752883911
2008-08-29,2.570744752883911
2008-09-02,2.570744752883911
2008-09-03,2.570744752883911
2008-09-04,2.570744752883911
2008-09-05,2.570744752883911
2008-09-08,2.570744752883911
2008-09-09,2.570744752883911
2008-09-10,2.4940059185028076
2008-09-11,2.4940059185028076
2008-09-12,2.4940059185028076
2008-09-15,2.4940059185028076
2008-09-16,2.4940059185028076
2008-09-17,2.4940059185028076
2008-09-18,2.4940059185028076
2008-09-19,2.4940059185028076
2008-09-22,2.4940059185028076
2008-09-23,2.4940059185028076
2008-09-24,2.4940059185028076
2008-09-25,2.4940059185028076
2008-09-26,2.4940059185028076
2008-09-29,2.4940059185028076
2008-09-30,2.4940059185028076
2008-10-01,2.4940059185028076
2008-10-02,2.4940059185028076
2008-10-03,2.4940059185028076
2008-10-06,2.4940059185028076
2008-10-07,2.4940059185028076
2008-10-08,2.4940059185028076
2008-10-09,2.4940059185028076
2008-10-10,2.4940059185028076
2008-10-13,2.4940059185028076
2008-10-14,2.4940059185028076
2008-10-15,2.4940059185028076
2008-10-16,2.4940059185028076
2008-10-17,2.4940059185028076
2008-10-20,2.4940059185028076
2008-10-21,2.4940059185028076
2008-10-22,2.4940059185028076
2008-10-23,2.4940059185028076
2008-10-24,2.4940059185028076
2008-10-27,2.4940059185028076
2008-10-28,2.4940059185028076
2008-10-29,2.4940059185028076
2008-10-30,2.4940059185028076
2008-10-31,2.4940059185028076
2008-11-03,2.4940059185028076
2008-11-04,2.4940059185028076
2008-11-05,2.4940059185028076
2008-11-06,2.4940059185028076
2008-11-07,2.4940059185028076
2008-11-10,2.4940059185028076
2008-11-11,2.4940059185028076
2008-11-12,2.4940059185028076
2008-11-13,2.4940059185028076
2008-11-14,2.4940059185028076
2008-11-17,2.4940059185028076
2008-11-18,2.4940059185028076
2008-11-19,2.4940059185028076
2008-11-20,2.340528964996338
2008-11-21,2.4940059185028076
2008-11-24,2.4940059185028076
2008-11-25,2.4940059185028076
2008-11-26,2.4940059185028076
2008-11-28,2.4940059185028076
2008-12-01,2.4940059185028076
2008-12-02,2.4940059185028076
2008-12-03,2.4940059185028076
2008-12-04,2.4940059185028076
2008-12-05,2.4940059185028076
2008-12-08,2.4940059185028076
2008-12-09,2.4940059185028076
2008-12-10,2.4940059185028076
2008-12-11,2.4940059185028076
2008-12-12,2.4940059185028076
2008-12-15,2.4940059185028076
2008-12-16,2.4940059185028076
2008-12-17,2.4940059185028076
2008-12-18,2.4940059185028076
2008-12-19,2.4940059185028076
2008-12-22,2.4940059185028076
2008-12-23,2.4940059185028076
2008-12-24,2.4940059185028076
2008-12-26,2.4940059185028076
2008-12-29,2.4940059185028076
2008-12-30,2.4940059185028076
2008-12-31,2.4940059185028076
2009-01-02,2.4940059185028076
2009-01-05,2.4940059185028076
2009-01-06,2.4940059185028076
2009-01-07,2.4940059185028076
2009-01-08,2.4940059185028076
2009-01-09,2.4940059185028076
2009-01-12,2.4940059185028076
2009-01-13,2.4940059185028076
2009-01-14,2.4940059185028076
2009-01-15,2.4940059185028076
2009-01-16,2.4940059185028076
2009-01-20,2.4940059185028076
2009-01-21,2.4940059185028076
2009-01-22,2.4940059185028076
2009-01-23,2.4940059185028076
2009-01-26,2.4940059185028076
2009-01-27,2.4940059185028076
2009-01-28,1.5731419324874878
2009-01-29,1.5731419324874878
2009-01-30,1.9184650182724
2009-02-02,1.9184650182724
2009-02-03,1.9184650182724
2009-02-04,1.9184650182724
2009-02-05,1.9184650182724
2009-02-06,1.9184650182724
2009-02-09,1.9184650182724
2009-02-10,1.9184650182724
2009-02-11,1.9184650182724
2009-02-12,1.5731419324874878
2009-02-13,1.5731419324874878
2009-02-17,1.7266192436218262
2009-02-18,1.7266192436218262
2009-02-19,1.7266192436218262
2009-02-20,1.7266192436218262
2009-02-23,1.7266192436218262
2009-02-24,1.7266192436218262
2009-02-25,1.7266192436218262
2009-02-26,1.7266192436218262
2009-02-27,1.7266192436218262
2009-03-02,1.7266192436218262
2009-03-03,0.8441251516342163
2009-03-04,0.8441251516342163
2009-03-05,0.8441251516342163
2009-03-06,0.8441251516342163
2009-03-09,0.8441251516342163
2009-03-10,0.8441251516342163
2009-03-11,0.8441251516342163
2009-03-12,0.8441251516342163
2009-03-13,0.8441251516342163
2009-03-16,0.8441251516342163
2009-03-17,0.8441251516342163
2009-03-18,0.8441251516342163
2009-03-19,0.8441251516342163
2009-03-20,0.8441251516342163
2009-03-23,0.8441251516342163
2009-03-24,0.8441251516342163
2009-03-25,0.8441251516342163
2009-03-26,0.8441251516342163
2009-03-27,0.8441251516342163
2009-03-30,0.8441251516342163
2009-03-31,0.8441251516342163
2009-04-01,0.8441251516342163
2009-04-02,0.8441251516342163
2009-04-03,0.8441251516342163
2009-04-06,0.8441251516342163
2009-04-07,0.8441251516342163
2009-04-08,0.8441251516342163
2009-04-09,0.8441251516342163
2009-04-13,0.8441251516342163
2009-04-14,0.8441251516342163
2009-04-15,0.8441251516342163
2009-04-16,0.8441251516342163
2009-04-17,0.8441251516342163
2009-04-20,0.8441251516342163
2009-04-21,0.8441251516342163
2009-04-22,0.8441251516342163
2009-04-23,0.8441251516342163
2009-04-24,0.8441251516342163
2009-04-27,0.8441251516342163
2009-04-28,0.8441251516342163
2009-04-29,0.8441251516342163
2009-04-30,0.8441251516342163
2009-05-01,0.8441251516342163
2009-05-04,0.8441251516342163
2009-05-05,0.8441251516342163
2009-05-06,0.8441251516342163
2009-05-07,0.8441251516342163
2009-05-08,0.8441251516342163
2009-05-11,0.8441251516342163
2009-05-12,0.8441251516342163
2009-05-13,0.8441251516342163
2009-05-14,0.8441251516342163
2009-05-15,0.8441251516342163
2009-05-18,0.8441251516342163
2009-05-19,0.8441251516342163
2009-05-20,0.8441251516342163
2009-05-21,0.9592325091362
2009-05-22,0.9592325091362
2009-05-26,0.9592325091362
2009-05-27,0.9592325091362
2009-05-28,0.9592325091362
2009-05-29,0.9592325091362
2009-06-01,0.9592325091362
2009-06-02,0.9592325091362
2009-06-03,0.9592325091362
2009-06-04,0.9592325091362
2009-06-05,0.9592325091362
2009-06-08,0.9592325091362
2009-06-09,0.9592325091362
2009-06-10,0.9592325091362
2009-06-11,0.9592325091362
2009-06-12,0.9592325091362
2009-06-15,0.9592325091362
2009-06-16,0.9592325091362
2009-06-17,0.9592325091362
2009-06-18,0.9592325091362
2009-06-19,0.9592325091362
2009-06-22,0.9592325091362
2009-06-23,0.9592325091362
2009-06-24,0.9592325091362
2009-06-25,0.9592325091362
2009-06-26,0.9592325091362
2009-06-29,0.9592325091362
2009-06-30,0.9592325091362
2009-07-01,0.9592325091362
2009-07-02,0.9592325091362
2009-07-06,0.9592325091362
2009-07-07,0.9592325091362
2009-07-08,0.9592325091362
2009-07-09,0.9592325091362
2009-07-10,0.9592325091362
2009-07-13,0.9592325091362
2009-07-14,0.9592325091362
2009-07-15,0.9592325091362
2009-07-16,0.9592325091362
2009-07-17,0.9592325091362
2009-07-20,0.9592325091362
2009-07-21,0.9592325091362
2009-07-22,0.9592325091362
2009-07-23,0.9592325091362
2009-07-24,0.9592325091362
2009-07-27,0.9592325091362
2009-07-28,0.9592325091362
2009-07-29,0.6522784233093262
2009-07-30,0.6522784233093262
2009-07-31,0.6522784233093262
2009-08-03,0.6522784233093262
2009-08-04,0.6522784233093262
2009-08-05,0.6522784233093262
2009-08-06,0.6522784233093262
2009-08-07,0.6522784233093262
2009-08-10,0.6522784233093262
2009-08-11,0.6522784233093262
2009-08-12,0.6522784233093262
2009-08-13,0.6522784233093262
2009-08-14,0.6522784233093262
2009-08-17,0.6522784233093262
2009-08-18,0.6522784233093262
2009-08-19,0.6522784233093262
2009-08-20,0.6522784233093262
2009-08-21,0.6522784233093262
2009-08-24,0.6522784233093262
2009-08-25,0.6522784233093262
2009-08-26,0.19952043890953064
2009-08-27,0.19952043890953064
2009-08-28,0.23021598160266876
2009-08-31,0.23021598160266876
2009-09-01,0.23021598160266876
2009-09-02,0.23021598160266876
2009-09-03,0.23021598160266876
2009-09-04,0.23021598160266876
2009-09-08,0.23021598160266876
2009-09-09,0.23021598160266876
2009-09-10,0.23021598160266876
2009-09-11,0.23021598160266876
2009-09-14,0.23021598160266876
2009-09-15,0.23021598160266876
2009-09-16,0.23021598160266876
2009-09-17,0.23021598160266876
2009-09-18,0.23021598160266876
2009-09-21,0.23021598160266876
2009-09-22,0.23021598160266876
2009-09-23,0.23021598160266876
2009-09-24,0.23021598160266876
2009-09-25,0.23021598160266876
2009-09-28,0.23021598160266876
2009-09-29,0.23021598160266876
2009-09-30,0.23021598160266876
2009-10-01,0.23021598160266876
2009-10-02,0.23021598160266876
2009-10-05,0.23021598160266876
2009-10-06,0.23021598160266876
2009-10-07,0.23021598160266876
2009-10-08,0.23021598160266876
2009-10-09,0.23021598160266876
2009-10-12,0.23021598160266876
2009-10-13,0.23021598160266876
2009-10-14,0.23021598160266876
2009-10-15,0.23021598160266876
2009-10-16,0.23021598160266876
2009-10-19,0.23021598160266876
2009-10-20,0.23021598160266876
2009-10-21,0.23021598160266876
2009-10-22,0.23021598160266876
2009-10-23,0.23021598160266876
2009-10-26,0.23021598160266876
2009-10-27,0.23021598160266876
2009-10-28,0.23021598160266876
2009-10-29,0.23021598160266876
2009-10-30,0.23021598160266876
2009-11-02,0.23021598160266876
2009-11-03,0.23021598160266876
2009-11-04,0.23021598160266876
2009-11-05,0.23021598160266876
2009-11-06,0.23021598160266876
2009-11-09,0.23021598160266876
2009-11-10,0.23021598160266876
2009-11-11,0.23021598160266876
2009-11-12,0.23021598160266876
2009-11-13,0.23021598160266876
2009-11-16,0.23021598160266876
2009-11-17,0.23021598160266876
2009-11-18,0.23021598160266876
2009-11-19,0.23021598160266876
2009-11-20,0.23021598160266876
2009-11-23,0.23021598160266876
2009-11-24,0.23021598160266876
2009-11-25,0.23021598160266876
2009-11-27,0.23021598160266876
2009-11-30,0.23021598160266876
2009-12-01,0.23021598160266876
2009-12-02,0.23021598160266876
2009-12-03,0.2685852348804474
2009-12-04,0.2685852348804474
2009-12-07,0.2685852348804474
2009-12-08,0.2685852348804474
2009-12-09,0.2685852348804474
2009-12-10,0.2685852348804474
2009-12-11,0.2685852348804474
2009-12-14,0.2685852348804474
2009-12-15,0.2685852348804474
2009-12-16,0.3069545328617096
2009-12-17,0.3069545328617096
2009-12-18,0.3069545328617096
2009-12-21,0.3069545328617096
2009-12-22,0.3069545328617096
2009-12-23,0.3069545328617096
2009-12-24,0.3069545328617096
2009-12-28,0.3069545328617096
2009-12-29,0.3069545328617096
2009-12-30,0.3069545328617096
2009-12-31,0.3069545328617096
2010-01-04,0.3069545328617096
2010-01-05,0.3069545328617096
2010-01-06,0.3069545328617096
2010-01-07,0.3069545328617096
2010-01-08,0.3069545328617096
2010-01-11,0.7673864960670471
2010-01-12,0.3069545328617096
2010-01-13,0.3069545328617096
2010-01-14,0.3069545328617096
2010-01-15,0.3069545328617096
2010-01-19,0.3069545328617096
2010-01-20,0.3069545328617096
2010-01-21,0.3069545328617096
2010-01-22,0.3069545328617096
2010-01-25,0.7673864960670471
2010-01-26,2.68585205078125
2010-01-27,0.3069545328617096
2010-01-28,2.294485330581665
2010-01-29,2.294485330581665
2010-02-01,2.294485330581665
2010-02-02,2.294485330581665
2010-02-03,2.294485330581665
2010-02-04,0.7750603556632996
2010-02-05,0.7750603556632996
2010-02-08,0.7750603556632996
2010-02-09,0.7750603556632996
2010-02-10,0.7750603556632996
2010-02-11,0.7750603556632996
2010-02-12,0.7750603556632996
2010-02-16,0.7750603556632996
2010-02-17,0.7750603556632996
2010-02-18,0.7750603556632996
2010-02-19,0.7750603556632996
2010-02-22,0.7750603556632996
2010-02-23,0.7750603556632996
2010-02-24,0.7750603556632996
2010-02-25,0.7750603556632996
2010-02-26,0.7750603556632996
2010-03-01,0.7750603556632996
2010-03-02,0.7750603556632996
2010-03-03,0.7750603556632996
2010-03-04,0.7750603556632996
2010-03-05,0.7750603556632996
2010-03-08,0.7750603556632996
2010-03-09,0.3069545328617096
2010-03-10,0.3069545328617096
2010-03-11,1.5347729921340942
2010-03-12,1.5347729921340942
2010-03-15,1.5347729921340942
2010-03-16,1.5347729921340942
2010-03-17,1.5347729921340942
2010-03-18,0.3069545328617096
2010-03-19,0.7673864960670471
2010-03-22,0.7673864960670471
2010-03-23,0.7673864960670471
2010-03-24,0.3069545328617096
2010-03-25,0.3069545328617096
2010-03-26,0.3069545328617096
2010-03-29,0.3069545328617096
2010-03-30,0.3069545328617096
2010-03-31,0.3069545328617096
2010-04-01,0.3069545328617096
2010-04-05,0.3990408778190613
2010-04-06,0.3990408778190613
2010-04-07,0.3990408778190613
2010-04-08,0.7673864960670471
2010-04-09,0.7673864960670471
2010-04-12,0.7673864960670471
2010-04-13,0.7673864960670471
2010-04-14,0.7673864960670471
2010-04-15,0.7673864960670471
2010-04-16,0.7673864960670471
2010-04-19,0.7673864960670471
2010-04-20,0.7673864960670471
2010-04-21,0.7673864960670471
2010-04-22,0.7673864960670471
2010-04-23,0.7673864960670471
2010-04-26,0.7673864960670471
2010-04-27,0.7673864960670471
2010-04-28,0.7673864960670471
2010-04-29,0.7673864960670471
2010-04-30,0.7673864960670471
2010-05-03,0.7673864960670471
2010-05-04,0.7673864960670471
2010-05-05,0.7673864960670471
2010-05-06,0.7673864960670471
2010-05-07,0.7673864960670471
2010-05-10,0.7673864960670471
2010-05-11,0.7673864960670471
2010-05-12,0.7673864960670471
2010-05-13,0.7673864960670471
2010-05-14,0.7597125172615051
2010-05-17,0.7597125172615051
2010-05-18,0.7597125172615051
2010-05-19,0.7597125172615051
2010-05-20,0.7597125172615051
2010-05-21,0.7597125172615051
2010-05-24,0.7597125172615051
2010-05-25,0.7597125172615051
2010-05-26,0.7597125172615051
2010-05-27,0.7597125172615051
2010-05-28,0.7597125172615051
2010-06-01,0.7597125172615051
2010-06-02,0.7597125172615051
2010-06-03,0.7597125172615051
2010-06-04,0.49880120158195496
2010-06-07,0.49880120158195496
2010-06-08,0.49880120158195496
2010-06-09,0.49880120158195496
2010-06-10,0.49880120158195496
2010-06-11,0.49880120158195496
2010-06-14,0.7597125172615051
2010-06-15,0.7597125172615051
2010-06-16,0.7597125172615051
2010-06-17,0.7750603556632996
2010-06-18,0.7750603556632996
2010-06-21,0.7750603556632996
2010-06-22,0.7750603556632996
2010-06-23,0.7750603556632996
2010-06-24,0.7750603556632996
2010-06-25,0.7750603556632996
2010-06-28,0.7750603556632996
2010-06-29,0.7750603556632996
2010-06-30,0.7750603556632996
2010-07-01,0.7750603556632996
2010-07-02,0.7750603556632996
2010-07-06,0.7750603556632996
2010-07-07,0.7750603556632996
2010-07-08,0.7750603556632996
2010-07-09,0.7750603556632996
2010-07-12,0.7750603556632996
2010-07-13,0.7750603556632996
2010-07-14,0.7750603556632996
2010-07-15,0.7750603556632996
2010-07-16,0.7750603556632996
2010-07-19,0.7750603556632996
2010-07-20,0.7750603556632996
2010-07-21,0.7750603556632996
2010-07-22,0.7750603556632996
2010-07-23,0.7750603556632996
2010-07-26,0.7750603556632996
2010-07-27,0.7750603556632996
2010-07-28,0.7750603556632996
2010-07-29,0.7750603556632996
2010-07-30,0.7750603556632996
2010-08-02,0.7750603556632996
2010-08-03,0.7750603556632996
2010-08-04,0.7750603556632996
2010-08-05,0.7750603556632996
2010-08-06,0.7750603556632996
2010-08-09,0.7750603556632996
2010-08-10,0.7750603556632996
2010-08-11,0.7750603556632996
2010-08-12,0.7750603556632996
2010-08-13,0.7750603556632996
2010-08-16,0.7750603556632996
2010-08-17,0.7750603556632996
2010-08-18,1.5347729921340942
2010-08-19,1.5347729921340942
2010-08-20,1.5347729921340942
2010-08-23,1.5347729921340942
2010-08-24,1.5347729921340942
2010-08-25,1.5347729921340942
2010-08-26,1.5347729921340942
2010-08-27,1.5347729921340942
2010-08-30,1.5347729921340942
2010-08-31,1.5347729921340942
2010-09-01,1.5347729921340942
2010-09-02,1.5347729921340942
2010-09-03,1.5347729921340942
2010-09-07,1.5347729921340942
2010-09-08,1.5347729921340942
2010-09-09,1.5347729921340942
2010-09-10,1.5347729921340942
2010-09-13,1.5347729921340942
2010-09-14,1.5347729921340942
2010-09-15,0.8057556748390198
2010-09-16,0.8057556748390198
2010-09-17,0.8057556748390198
2010-09-20,0.8057556748390198
2010-09-21,0.8057556748390198
2010-09-22,0.8057556748390198
2010-09-23,0.8057556748390198
2010-09-24,0.8057556748390198
2010-09-27,0.8057556748390198
2010-09-28,0.8057556748390198
2010-09-29,0.8057556748390198
2010-09-30,0.8057556748390198
2010-10-01,0.8057556748390198
2010-10-04,0.7827340364456177
2010-10-05,0.7827340364456177
2010-10-06,0.7827340364456177
2010-10-07,0.7827340364456177
2010-10-08,0.7827340364456177
2010-10-11,0.7827340364456177
2010-10-12,0.7827340364456177
2010-10-13,0.7827340364456177
2010-10-14,0.7827340364456177
2010-10-15,0.7827340364456177
2010-10-18,0.7827340364456177
2010-10-19,0.7827340364456177
2010-10-20,0.7827340364456177
2010-10-21,0.7827340364456177
2010-10-22,0.7827340364456177
2010-10-25,0.7827340364456177
2010-10-26,0.7827340364456177
2010-10-27,0.7827340364456177
2010-10-28,0.7827340364456177
2010-10-29,0.7827340364456177
2010-11-01,0.7827340364456177
2010-11-02,1.1510794162750244
2010-11-03,1.1510794162750244
2010-11-04,1.1510794162750244
2010-11-05,1.1510794162750244
2010-11-08,1.1510794162750244
2010-11-09,1.1510794162750244
2010-11-10,1.1510794162750244
2010-11-11,1.1510794162750244
2010-11-12,0.9592325091362
2010-11-15,0.9592325091362
2010-11-16,0.9592325091362
2010-11-17,0.9592325091362
2010-11-18,0.9592325091362
2010-11-19,0.9592325091362
2010-11-22,0.9592325091362
2010-11-23,0.9592325091362
2010-11-24,0.9592325091362
2010-11-26,0.9592325091362
2010-11-29,0.9592325091362
2010-11-30,0.9592325091362
2010-12-01,0.9592325091362
2010-12-02,0.9592325091362
2010-12-03,0.9592325091362
2010-12-06,0.9592325091362
2010-12-07,0.9592325091362
2010-12-08,0.9592325091362
2010-12-09,0.9592325091362
2010-12-10,0.9592325091362
2010-12-13,0.9592325091362
2010-12-14,0.9592325091362
2010-12-15,1.1894489526748657
2010-12-16,1.1894489526748657
2010-12-17,1.1894489526748657
2010-12-20,1.1894489526748657
2010-12-21,1.1894489526748657
2010-12-22,1.1894489526748657
2010-12-23,1.1894489526748657
2010-12-27,1.1894489526748657
2010-12-28,1.1894489526748657
2010-12-29,1.1894489526748657
2010-12-30,1.1894489526748657
2010-12-31,1.1894489526748657
2011-01-03,1.1894489526748657
2011-01-04,1.1894489526748657
2011-01-05,1.1894489526748657
2011-01-06,1.1894489526748657
2011-01-07,1.1894489526748657
2011-01-10,1.1894489526748657
2011-01-11,1.1894489526748657
2011-01-12,1.1894489526748657
2011-01-13,1.1894489526748657
2011-01-14,1.1894489526748657
2011-01-18,1.1894489526748657
2011-01-19,1.1894489526748657
2011-01-20,1.1894489526748657
2011-01-21,1.1510794162750244
2011-01-24,1.1510794162750244
2011-01-25,1.1510794162750244
2011-01-26,1.1510794162750244
2011-01-27,1.1510794162750244
2011-01-28,1.1510794162750244
2011-01-31,1.1510794162750244
2011-02-01,1.1510794162750244
2011-02-02,1.1510794162750244
2011-02-03,1.1510794162750244
2011-02-04,1.1510794162750244
2011-02-07,1.1510794162750244
2011-02-08,1.1510794162750244
2011-02-09,1.1510794162750244
2011-02-10,1.1510794162750244
2011-02-11,1.1510794162750244
2011-02-14,1.1510794162750244
2011-02-15,1.1510794162750244
2011-02-16,1.1510794162750244
2011-02-17,1.1510794162750244
2011-02-18,1.1510794162750244
2011-02-22,1.1510794162750244
2011-02-23,1.1510794162750244
2011-02-24,1.1510794162750244
2011-02-25,1.1510794162750244
2011-02-28,1.1510794162750244
2011-03-01,1.1510794162750244
2011-03-02,1.7266192436218262
2011-03-03,1.7266192436218262
2011-03-04,1.7266192436218262
2011-03-07,1.7266192436218262
2011-03-08,1.7266192436218262
2011-03-09,1.7266192436218262
2011-03-10,1.7266192436218262
2011-03-11,1.7266192436218262
2011-03-14,1.7266192436218262
2011-03-15,1.7266192436218262
2011-03-16,1.7266192436218262
2011-03-17,1.7266192436218262
2011-03-18,1.7266192436218262
2011-03-21,1.7266192436218262
2011-03-22,1.7266192436218262
2011-03-23,1.7266192436218262
2011-03-24,1.7266192436218262
2011-03-25,1.7266192436218262
2011-03-28,1.7266192436218262
2011-03-29,1.7266192436218262
2011-03-30,1.7266192436218262
2011-03-31,1.7266192436218262
2011-04-01,1.7266192436218262
2011-04-04,1.7266192436218262
2011-04-05,1.7266192436218262
2011-04-06,1.7266192436218262
2011-04-07,1.7266192436218262
2011-04-08,1.7266192436218262
2011-04-11,1.7266192436218262
2011-04-12,1.7266192436218262
2011-04-13,1.7266192436218262
2011-04-14,1.082014560699463
2011-04-15,1.082014560699463
2011-04-18,1.082014560699463
2011-04-19,1.082014560699463
2011-04-20,1.082014560699463
2011-04-21,1.082014560699463
2011-04-25,1.082014560699463
2011-04-26,1.082014560699463
2011-04-27,1.082014560699463
2011-04-28,1.082014560699463
2011-04-29,1.082014560699463
2011-05-02,1.082014560699463
2011-05-03,1.082014560699463
2011-05-04,1.082014560699463
2011-05-05,1.082014560699463
2011-05-06,1.082014560699463
2011-05-09,1.082014560699463
2011-05-10,1.082014560699463
2011-05-11,1.082014560699463
2011-05-12,1.5347729921340942
2011-05-13,1.5347729921340942
2011-05-16,1.5347729921340942
2011-05-17,1.5347729921340942
2011-05-18,1.5347729921340942
2011-05-19,1.5347729921340942
2011-05-20,1.5347729921340942
2011-05-23,1.5347729921340942
2011-05-24,1.5347729921340942
2011-05-25,1.5347729921340942
2011-05-26,1.5347729921340942
2011-05-27,1.5347729921340942
2011-05-31,1.5347729921340942
2011-06-01,1.5347729921340942
2011-06-02,1.5347729921340942
2011-06-03,1.5347729921340942
2011-06-06,1.5347729921340942
2011-06-07,1.5347729921340942
2011-06-08,1.5347729921340942
2011-06-09,1.5347729921340942
2011-06-10,1.5347729921340942
2011-06-13,1.5347729921340942
2011-06-14,1.5347729921340942
2011-06-15,1.5347729921340942
2011-06-16,1.5347729921340942
2011-06-17,1.5347729921340942
2011-06-20,1.5347729921340942
2011-06-21,1.5347729921340942
2011-06-22,1.5347729921340942
2011-06-23,1.5347729921340942
2011-06-24,1.5347729921340942
2011-06-27,1.5347729921340942
2011-06-28,1.5347729921340942
2011-06-29,1.5347729921340942
2011-06-30,1.5347729921340942
2011-07-01,1.5347729921340942
2011-07-05,1.5347729921340942
2011-07-06,1.5347729921340942
2011-07-07,1.5347729921340942
2011-07-08,1.5347729921340942
2011-07-11,1.381295084953308
2011-07-12,1.381295084953308
2011-07-13,1.5731419324874878
2011-07-14,1.5731419324874878
2011-07-15,1.5731419324874878
2011-07-18,1.5731419324874878
2011-07-19,1.5731419324874878
2011-07-20,1.5731419324874878
2011-07-21,1.5731419324874878
2011-07-22,1.5731419324874878
2011-07-25,1.5731419324874878
2011-07-26,1.5731419324874878
2011-07-27,1.5731419324874878
2011-07-28,1.5731419324874878
2011-07-29,1.5731419324874878
2011-08-01,1.5731419324874878
2011-08-02,1.5731419324874878
2011-08-03,1.5731419324874878
2011-08-04,1.5731419324874878
2011-08-05,1.5731419324874878
2011-08-08,1.5731419324874878
2011-08-09,1.5731419324874878
2011-08-10,1.5731419324874878
2011-08-11,1.5731419324874878
2011-08-12,1.5731419324874878
2011-08-15,1.5731419324874878
2011-08-16,1.5731419324874878
2011-08-17,1.5731419324874878
2011-08-18,1.5731419324874878
2011-08-19,1.5731419324874878
2011-08-22,1.5731419324874878
2011-08-23,1.5731419324874878
2011-08-24,1.5731419324874878
2011-08-25,1.5731419324874878
2011-08-26,1.5731419324874878
2011-08-29,1.5731419324874878
2011-08-30,1.5731419324874878
2011-08-31,1.5731419324874878
2011-09-01,1.5731419324874878
2011-09-02,1.5731419324874878
2011-09-06,1.5731419324874878
2011-09-07,1.5731419324874878
2011-09-08,1.5731419324874878
2011-09-09,1.5731419324874878
2011-09-12,1.5731419324874878
2011-09-13,1.5731419324874878
2011-09-14,1.5731419324874878
2011-09-15,1.5731419324874878
2011-09-16,1.5731419324874878
2011-09-19,1.5731419324874878
2011-09-20,1.5731419324874878
2011-09-21,1.5731419324874878
2011-09-22,1.5731419324874878
2011-09-23,1.5731419324874878
2011-09-26,1.5731419324874878
2011-09-27,1.5731419324874878
2011-09-28,1.5731419324874878
2011-09-29,1.5731419324874878
2011-09-30,1.5731419324874878
2011-10-03,1.5731419324874878
2011-10-04,1.5731419324874878
2011-10-05,1.5731419324874878
2011-10-06,1.5731419324874878
2011-10-07,1.5731419324874878
2011-10-10,1.5731419324874878
2011-10-11,1.5731419324874878
2011-10-12,1.5731419324874878
2011-10-13,1.5731419324874878
2011-10-14,1.5731419324874878
2011-10-17,1.5731419324874878
2011-10-18,1.5731419324874878
2011-10-19,1.5731419324874878
2011-10-20,1.5731419324874878
2011-10-21,1.5731419324874878
2011-10-24,1.5731419324874878
2011-10-25,1.1203840970993042
2011-10-26,1.1203840970993042
2011-10-27,1.1203840970993042
2011-10-28,1.1203840970993042
2011-10-31,1.1203840970993042
2011-11-01,1.1203840970993042
2011-11-02,1.1203840970993042
2011-11-03,1.1203840970993042
2011-11-04,1.1203840970993042
2011-11-07,1.1203840970993042
2011-11-08,1.1203840970993042
2011-11-09,1.1203840970993042
2011-11-10,1.1203840970993042
2011-11-11,1.1203840970993042
2011-11-14,1.1203840970993042
2011-11-15,1.1203840970993042
2011-11-16,1.5270988941192627
2011-11-17,1.5270988941192627
2011-11-18,1.5270988941192627
2011-11-21,1.0896888971328735
2011-11-22,1.0896888971328735
2011-11-23,1.0896888971328735
2011-11-25,1.0896888971328735
2011-11-28,1.0896888971328735
2011-11-29,1.0896888971328735
2011-11-30,1.0896888971328735
2011-12-01,1.0896888971328735
2011-12-02,1.0896888971328735
2011-12-05,1.0896888971328735
2011-12-06,0.9976024031639099
2011-12-07,0.9976024031639099
2011-12-08,0.9976024031639099
2011-12-09,0.9976024031639099
2011-12-12,0.9976024031639099
2011-12-13,0.9976024031639099
2011-12-14,0.9976024031639099
2011-12-15,0.9976024031639099
2011-12-16,0.9976024031639099
2011-12-19,0.9976024031639099
2011-12-20,0.9976024031639099
2011-12-21,0.9976024031639099
2011-12-22,0.9976024031639099
2011-12-23,0.9976024031639099
2011-12-27,0.9976024031639099
2011-12-28,0.9976024031639099
2011-12-29,0.9976024031639099
2011-12-30,0.9976024031639099
2012-01-03,0.9976024031639099
2012-01-04,0.9976024031639099
2012-01-05,0.9976024031639099
2012-01-06,0.9976024031639099
2012-01-09,0.9976024031639099
2012-01-10,0.9976024031639099
2012-01-11,0.9976024031639099
2012-01-12,0.9976024031639099
2012-01-13,0.9976024031639099
2012-01-17,1.1510794162750244
2012-01-18,1.1127102375030518
2012-01-19,1.1127102375030518
2012-01-20,1.1127102375030518
2012-01-23,1.1127102375030518
2012-01-24,1.1127102375030518
2012-01-25,1.1127102375030518
2012-01-26,1.1127102375030518
2012-01-27,1.1127102375030518
2012-01-30,1.1127102375030518
2012-01-31,1.1127102375030518
2012-02-01,1.1127102375030518
2012-02-02,1.1127102375030518
2012-02-03,1.1127102375030518
2012-02-06,1.1127102375030518
2012-02-07,1.1127102375030518
2012-02-08,1.1127102375030518
2012-02-09,1.1127102375030518
2012-02-10,1.1127102375030518
2012-02-13,1.1127102375030518
2012-02-14,1.1127102375030518
2012-02-15,1.1127102375030518
2012-02-16,1.1127102375030518
2012-02-17,1.1127102375030518
2012-02-21,1.1127102375030518
2012-02-22,1.1127102375030518
2012-02-23,1.1127102375030518
2012-02-24,1.1127102375030518
2012-02-27,1.1127102375030518
2012-02-28,1.1127102375030518
2012-02-29,1.1127102375030518
2012-03-01,1.1127102375030518
2012-03-02,1.1127102375030518
2012-03-05,1.1127102375030518
2012-03-06,1.1127102375030518
2012-03-07,1.1127102375030518
2012-03-08,1.1127102375030518
2012-03-09,1.1127102375030518
2012-03-12,1.1127102375030518
2012-03-13,1.1127102375030518
2012-03-14,1.1127102375030518
2012-03-15,1.1127102375030518
2012-03-16,1.1127102375030518
2012-03-19,1.0743409395217896
2012-03-20,1.0743409395217896
2012-03-21,1.0743409395217896
2012-03-22,1.0743409395217896
2012-03-23,1.0743409395217896
2012-03-26,1.0743409395217896
2012-03-27,1.0743409395217896
2012-03-28,1.0743409395217896
2012-03-29,1.0743409395217896
2012-03-30,1.0743409395217896
2012-04-02,1.0743409395217896
2012-04-03,1.0743409395217896
2012-04-04,1.0743409395217896
2012-04-05,1.0743409395217896
2012-04-09,1.0743409395217896
2012-04-10,1.0743409395217896
2012-04-11,1.0743409395217896
2012-04-12,1.0743409395217896
2012-04-13,1.0743409395217896
2012-04-16,1.0743409395217896
2012-04-17,1.0743409395217896
2012-04-18,1.0743409395217896
2012-04-19,1.0743409395217896
2012-04-20,1.0743409395217896
2012-04-23,1.0743409395217896
2012-04-24,1.0743409395217896
2012-04-25,1.0743409395217896
2012-04-26,1.0743409395217896
2012-04-27,1.0743409395217896
2012-04-30,1.0743409395217896
2012-05-01,1.0743409395217896
2012-05-02,1.0743409395217896
2012-05-03,1.0743409395217896
2012-05-04,1.0743409395217896
2012-05-07,1.0743409395217896
2012-05-08,1.0743409395217896
2012-05-09,1.0743409395217896
2012-05-10,1.0743409395217896
2012-05-11,1.0743409395217896
2012-05-14,1.0743409395217896
2012-05-15,1.0743409395217896
2012-05-16,1.0743409395217896
2012-05-17,1.0743409395217896
2012-05-18,1.0743409395217896
2012-05-21,1.0743409395217896
2012-05-22,1.0743409395217896
2012-05-23,1.0743409395217896
2012-05-24,1.0743409395217896
2012-05-25,1.0743409395217896
2012-05-29,1.0743409395217896
2012-05-30,1.0743409395217896
2012-05-31,1.0743409395217896
2012-06-01,1.0743409395217896
2012-06-04,1.0743409395217896
2012-06-05,1.0743409395217896
2012-06-06,1.0743409395217896
2012-06-07,1.0743409395217896
2012-06-08,1.0743409395217896
2012-06-11,1.0743409395217896
2012-06-12,1.0743409395217896
2012-06-13,1.0743409395217896
2012-06-14,1.0743409395217896
2012-06-15,1.0743409395217896
2012-06-18,1.0743409395217896
2012-06-19,1.0743409395217896
2012-06-20,1.0743409395217896
2012-06-21,1.0743409395217896
2012-06-22,1.0743409395217896
2012-06-25,1.0743409395217896
2012-06-26,1.0743409395217896
2012-06-27,1.0743409395217896
2012-06-28,1.0743409395217896
2012-06-29,1.0743409395217896
2012-07-02,1.0743409395217896
2012-07-03,1.0743409395217896
2012-07-05,1.0743409395217896
2012-07-06,1.0743409395217896
2012-07-09,1.0743409395217896
2012-07-10,1.0743409395217896
2012-07-11,1.0743409395217896
2012-07-12,1.0743409395217896
2012-07-13,1.0743409395217896
2012-07-16,1.0743409395217896
2012-07-17,1.0743409395217896
2012-07-18,1.0743409395217896
2012-07-19,1.0743409395217896
2012-07-20,1.0743409395217896
2012-07-23,1.0743409395217896
2012-07-24,1.0743409395217896
2012-07-25,1.0743409395217896
2012-07-26,1.0743409395217896
2012-07-27,1.0743409395217896
2012-07-30,1.0743409395217896
2012-07-31,1.0743409395217896
2012-08-01,1.0743409395217896
2012-08-02,1.0743409395217896
2012-08-03,1.0743409395217896
2012-08-06,1.0743409395217896
2012-08-07,1.0743409395217896
2012-08-08,1.0743409395217896
2012-08-09,1.0743409395217896
2012-08-10,1.0743409395217896
2012-08-13,1.0743409395217896
2012-08-14,1.0743409395217896
2012-08-15,1.0743409395217896
2012-08-16,1.0743409395217896
2012-08-17,1.0743409395217896
2012-08-20,1.0743409395217896
2012-08-21,1.0743409395217896
2012-08-22,1.0743409395217896
2012-08-23,1.0743409395217896
2012-08-24,1.0743409395217896
2012-08-27,1.0743409395217896
2012-08-28,1.0743409395217896
2012-08-29,1.0743409395217896
2012-08-30,1.0743409395217896
2012-08-31,1.0743409395217896
2012-09-04,1.0743409395217896
2012-09-05,1.0743409395217896
2012-09-06,1.0743409395217896
2012-09-07,1.0743409395217896
2012-09-10,1.0743409395217896
2012-09-11,1.0743409395217896
2012-09-12,1.0743409395217896
2012-09-13,1.0743409395217896
2012-09-14,1.0743409395217896
2012-09-17,1.0743409395217896
2012-09-18,1.0743409395217896
2012-09-19,1.0743409395217896
2012-09-20,1.0743409395217896
2012-09-21,1.0743409395217896
2012-09-24,1.0743409395217896
2012-09-25,1.0743409395217896
2012-09-26,1.0743409395217896
2012-09-27,1.0743409395217896
2012-09-28,1.0743409395217896
2012-10-01,1.0743409395217896
2012-10-02,1.0743409395217896
2012-10-03,1.0743409395217896
2012-10-04,1.0743409395217896
2012-10-05,1.0743409395217896
2012-10-08,1.0743409395217896
2012-10-09,1.0743409395217896
2012-10-10,1.0743409395217896
2012-10-11,1.0743409395217896
2012-10-12,1.0743409395217896
2012-10-15,1.0743409395217896
2012-10-16,1.0743409395217896
2012-10-17,1.0743409395217896
2012-10-18,1.0743409395217896
2012-10-19,1.0743409395217896
2012-10-22,1.0743409395217896
2012-10-23,1.0743409395217896
2012-10-24,1.0743409395217896
2012-10-25,1.0743409395217896
2012-10-26,1.0743409395217896
2012-10-31,1.0743409395217896
2012-11-01,1.0743409395217896
2012-11-02,1.0743409395217896
2012-11-05,1.0743409395217896
2012-11-06,1.0743409395217896
2012-11-07,1.0743409395217896
2012-11-08,1.5347729921340942
2012-11-09,1.5347729921340942
2012-11-12,1.5347729921340942
2012-11-13,1.5347729921340942
2012-11-14,1.5347729921340942
2012-11-15,1.5347729921340942
2012-11-16,1.5347729921340942
2012-11-19,1.5347729921340942
2012-11-20,1.5347729921340942
2012-11-21,1.5347729921340942
2012-11-23,1.5347729921340942
2012-11-26,1.5347729921340942
2012-11-27,1.5347729921340942
2012-11-28,1.5347729921340942
2012-11-29,1.5347729921340942
2012-11-30,1.342926025390625
2012-12-03,1.342926025390625
2012-12-04,1.342926025390625
2012-12-05,1.6115113496780396
2012-12-06,1.6115113496780396
2012-12-07,1.6115113496780396
2012-12-10,1.6115113496780396
2012-12-11,1.6115113496780396
2012-12-12,1.6115113496780396
2012-12-13,1.6115113496780396
2012-12-14,1.6115113496780396
2012-12-17,1.6115113496780396
2012-12-18,1.6115113496780396
2012-12-19,1.6115113496780396
2012-12-20,1.6115113496780396
2012-12-21,1.6115113496780396
2012-12-24,1.6115113496780396
2012-12-26,1.6115113496780396
2012-12-27,1.6115113496780396
2012-12-28,1.6115113496780396
2012-12-31,1.6115113496780396
2013-01-02,1.6115113496780396
2013-01-03,1.6115113496780396
2013-01-04,1.6115113496780396
2013-01-07,1.6115113496780396
2013-01-08,1.6115113496780396
2013-01-09,1.6115113496780396
2013-01-10,1.6115113496780396
2013-01-11,1.6115113496780396
2013-01-14,1.6115113496780396
2013-01-15,1.6115113496780396
2013-01-16,1.6115113496780396
2013-01-17,1.6115113496780396
2013-01-18,1.6115113496780396
2013-01-22,1.6115113496780396
2013-01-23,1.6115113496780396
2013-01-24,1.6115113496780396
2013-01-25,1.6115113496780396
2013-01-28,1.6115113496780396
2013-01-29,1.6115113496780396
2013-01-30,1.6115113496780396
2013-01-31,1.6115113496780396
2013-02-01,1.6115113496780396
2013-02-04,2.302158832550049
2013-02-05,2.302158832550049
2013-02-06,2.302158832550049
2013-02-07,2.302158832550049
2013-02-08,2.302158832550049
2013-02-11,2.302158832550049
2013-02-12,2.302158832550049
2013-02-13,2.302158832550049
2013-02-14,2.302158832550049
2013-02-15,2.302158832550049
2013-02-19,2.302158832550049
2013-02-20,2.302158832550049
2013-02-21,2.302158832550049
2013-02-22,2.302158832550049
2013-02-25,2.302158832550049
2013-02-26,2.302158832550049
2013-02-27,2.302158832550049
2013-02-28,2.302158832550049
2013-03-01,2.302158832550049
2013-03-04,2.302158832550049
2013-03-05,2.302158832550049
2013-03-06,2.302158832550049
2013-03-07,2.302158832550049
2013-03-08,2.302158832550049
2013-03-11,2.302158832550049
2013-03-12,2.302158832550049
2013-03-13,2.302158832550049
2013-03-14,2.302158832550049
2013-03-15,2.302158832550049
2013-03-18,2.302158832550049
2013-03-19,2.302158832550049
2013-03-20,2.302158832550049
2013-03-21,2.302158832550049
2013-03-22,2.302158832550049
2013-03-25,2.302158832550049
2013-03-26,2.302158832550049
2013-03-27,2.302158832550049
2013-03-28,2.302158832550049
2013-04-01,2.302158832550049
2013-04-02,2.302158832550049
2013-04-03,2.302158832550049
2013-04-04,2.302158832550049
2013-04-05,2.302158832550049
2013-04-08,2.302158832550049
2013-04-09,2.302158832550049
2013-04-10,2.302158832550049
2013-04-11,2.302158832550049
2013-04-12,2.302158832550049
2013-04-15,2.302158832550049
2013-04-16,2.302158832550049
2013-04-17,2.302158832550049
2013-04-18,2.302158832550049
2013-04-19,2.302158832550049
2013-04-22,2.302158832550049
2013-04-23,2.302158832550049
2013-04-24,2.302158832550049
2013-04-25,2.302158832550049
2013-04-26,2.302158832550049
2013-04-29,2.302158832550049
2013-04-30,2.570744752883911
2013-05-01,2.570744752883911
2013-05-02,2.647482395172119
2013-05-03,2.800960063934326
2013-05-06,2.724221706390381
2013-05-07,2.724221706390381
2013-05-08,2.8776988983154297
2013-05-09,2.8776988983154297
2013-05-10,2.9083945751190186
2013-05-13,2.9083945751190186
2013-05-14,3.1462838649749756
2013-05-15,3.1846539974212646
2013-05-16,3.1846539974212646
2013-05-17,3.4148688316345215
2013-05-20,3.4148688316345215
2013-05-21,3.4532384872436523
2013-05-22,3.4532384872436523
2013-05-23,3.3765006065368652
2013-05-24,3.3765006065368652
2013-05-28,3.4532384872436523
2013-05-29,3.4532384872436523
2013-05-30,3.4532384872436523
2013-05-31,3.4532384872436523
2013-06-03,3.483933925628662
2013-06-04,3.5760204792022705
2013-06-05,3.6834557056427
2013-06-06,3.6834557056427
2013-06-07,3.6834557056427
2013-06-10,3.6834557056427
2013-06-11,3.4532384872436523
2013-06-12,3.645084857940674
2013-06-13,3.645084857940674
2013-06-14,3.645084857940674
2013-06-17,3.3765006065368652
2013-06-18,3.4532384872436523
2013-06-19,3.4532384872436523
2013-06-20,3.4532384872436523
2013-06-21,3.4532384872436523
2013-06-24,3.4532384872436523
2013-06-25,3.4532384872436523
2013-06-26,3.4532384872436523
2013-06-27,3.8369300365448
2013-06-28,3.8369300365448
2013-07-01,3.8369300365448
2013-07-02,3.8369300365448
2013-07-03,3.8369300365448
2013-07-05,4.021104335784912
2013-07-08,4.028778076171875
2013-07-09,4.2206244468688965
2013-07-10,3.760193347930908
2013-07-11,3.8369300365448
2013-07-12,4.10551643371582
2013-07-15,4.412471294403076
2013-07-16,4.412471294403076
2013-07-17,4.412471294403076
2013-07-18,4.412471294403076
2013-07-19,4.412471294403076
2013-07-22,4.2206244468688965
2013-07-23,4.412471294403076
2013-07-24,4.258994102478027
2013-07-25,4.412471294403076
2013-07-26,4.2206244468688965
2013-07-29,4.343408107757568
2013-07-30,4.412471294403076
2013-07-31,4.604317665100098
2013-08-01,4.604317665100098
2013-08-02,4.604317665100098
2013-08-05,4.412471294403076
2013-08-06,4.067148208618164
2013-08-07,4.374101638793945
2013-08-08,4.374101638793945
2013-08-09,4.374101638793945
2013-08-12,4.374101638793945
2013-08-13,4.374101638793945
2013-08-14,4.374101638793945
2013-08-15,4.374101638793945
2013-08-16,4.374101638793945
2013-08-19,4.374101638793945
2013-08-20,4.374101638793945
2013-08-21,4.374101638793945
2013-08-22,4.374101638793945
2013-08-23,4.374101638793945
2013-08-26,4.143886089324951
2013-08-27,4.143886089324951
2013-08-28,4.757795810699463
2013-08-29,4.757795810699463
2013-08-30,4.757795810699463
2013-09-03,4.757795810699463
2013-09-04,4.757795810699463
2013-09-05,4.788491725921631
2013-09-06,4.788491725921631
2013-09-09,4.788491725921631
2013-09-10,4.788491725921631
2013-09-11,4.450840950012207
2013-09-12,4.681057929992676
2013-09-13,4.604317665100098
2013-09-16,4.604317665100098
2013-09-17,4.4892096519470215
2013-09-18,4.4892096519470215
2013-09-19,4.4892096519470215
2013-09-20,4.4892096519470215
2013-09-23,4.4892096519470215
2013-09-24,4.4892096519470215
2013-09-25,4.4892096519470215
2013-09-26,4.4892096519470215
2013-09-27,4.4892096519470215
2013-09-30,4.604317665100098
2013-10-01,4.412471294403076
2013-10-02,4.258994102478027
2013-10-03,4.4892096519470215
2013-10-04,4.681057929992676
2013-10-07,4.681057929992676
2013-10-08,4.681057929992676
2013-10-09,4.9112725257873535
2013-10-10,4.9112725257873535
2013-10-11,4.796164512634277
2013-10-14,4.604317665100098
2013-10-15,4.604317665100098
2013-10-16,4.604317665100098
2013-10-17,4.604317665100098
2013-10-18,4.604317665100098
2013-10-21,4.512231349945068
2013-10-22,4.412471294403076
2013-10-23,4.604317665100098
2013-10-24,4.604317665100098
2013-10-25,4.604317665100098
2013-10-28,4.5275797843933105
2013-10-29,4.5275797843933105
2013-10-30,4.412471294403076
2013-10-31,4.412471294403076
2013-11-01,4.4892096519470215
2013-11-04,4.5275797843933105
2013-11-05,4.5275797843933105
2013-11-06,4.450840950012207
2013-11-07,4.988011837005615
2013-11-08,4.988011837005615
2013-11-11,4.988011837005615
2013-11-12,4.5275797843933105
2013-11-13,4.5275797843933105
2013-11-14,4.5275797843933105
2013-11-15,4.473862648010254
2013-11-18,4.473862648010254
2013-11-19,4.5275797843933105
2013-11-20,4.5275797843933105
2013-11-21,4.796164512634277
2013-11-22,4.796164512634277
2013-11-25,5.064749717712402
2013-11-26,5.0263800621032715
2013-11-27,5.256597518920898
2013-11-29,5.256597518920898
2013-12-02,4.796164512634277
2013-12-03,5.256597518920898
2013-12-04,5.256597518920898
2013-12-05,5.103119373321533
2013-12-06,4.988011837005615
2013-12-09,5.256597518920898
2013-12-10,5.256597518920898
2013-12-11,5.256597518920898
2013-12-12,5.717029571533203
2013-12-13,5.717029571533203
2013-12-16,5.717029571533203
2013-12-17,5.755397796630859
2013-12-18,5.755397796630859
2013-12-19,5.755397796630859
2013-12-20,5.908875465393066
2013-12-23,5.908875465393066
2013-12-24,5.908875465393066
2013-12-26,5.486812591552734
2013-12-27,5.486812591552734
2013-12-30,5.9472432136535645
2013-12-31,5.755397796630859
2014-01-02,5.793766975402832
2014-01-03,5.601920127868652
2014-01-06,5.9472432136535645
2014-01-07,5.9472432136535645
2014-01-08,6.139091968536377
2014-01-09,6.139091968536377
2014-01-10,5.717029571533203
2014-01-13,5.678658962249756
2014-01-14,5.678658962249756
2014-01-15,5.678658962249756
2014-01-16,5.678658962249756
2014-01-17,5.72470235824585
2014-01-21,5.72470235824585
2014-01-22,5.755397796630859
2014-01-23,5.755397796630859
2014-01-24,5.755397796630859
2014-01-27,5.678658962249756
2014-01-28,5.678658962249756
2014-01-29,5.678658962249756
2014-01-30,5.678658962249756
2014-01-31,5.678658962249756
2014-02-03,5.678658962249756
2014-02-04,5.678658962249756
2014-02-05,5.678658962249756
2014-02-06,5.678658962249756
2014-02-07,5.678658962249756
2014-02-10,5.678658962249756
2014-02-11,5.678658962249756
2014-02-12,5.678658962249756
2014-02-13,5.678658962249756
2014-02-14,5.678658962249756
2014-02-18,5.640289306640625
2014-02-19,5.640289306640625
2014-02-20,5.640289306640625
2014-02-21,5.640289306640625
2014-02-24,6.139091968536377
2014-02-25,6.139091968536377
2014-02-26,6.008634567260742
2014-02-27,6.008634567260742
2014-02-28,6.215828895568848
2014-03-03,6.215828895568848
2014-03-04,6.215828895568848
2014-03-05,6.215828895568848
2014-03-06,6.215828895568848
2014-03-07,6.139091968536377
2014-03-10,6.36163330078125
2014-03-11,6.36163330078125
2014-03-12,6.36163330078125
2014-03-13,6.36163330078125
2014-03-14,6.215828895568848
2014-03-17,6.215828895568848
2014-03-18,6.070025444030762
2014-03-19,6.062352657318115
2014-03-20,6.062352657318115
2014-03-21,6.062352657318115
2014-03-24,6.062352657318115
2014-03-25,6.062352657318115
2014-03-26,6.062352657318115
2014-03-27,6.062352657318115
2014-03-28,6.062352657318115
2014-03-31,6.139091968536377
2014-04-01,6.139091968536377
2014-04-02,6.139091968536377
2014-04-03,6.108395576477051
2014-04-04,6.4076762199401855
2014-04-07,6.446045398712158
2014-04-08,6.330936431884766
2014-04-09,6.139091968536377
2014-04-10,6.292567729949951
2014-04-11,6.062352657318115
2014-04-14,6.062352657318115
2014-04-15,6.062352657318115
2014-04-16,6.139091968536377
2014-04-17,6.062352657318115
2014-04-21,6.062352657318115
2014-04-22,6.062352657318115
2014-04-23,6.062352657318115
2014-04-24,6.062352657318115
2014-04-25,6.062352657318115
2014-04-28,6.062352657318115
2014-04-29,6.062352657318115
2014-04-30,6.330936431884766
2014-05-01,6.139091968536377
2014-05-02,6.139091968536377
2014-05-05,6.139091968536377
2014-05-06,6.139091968536377
2014-05-07,6.139091968536377
2014-05-08,6.561153411865234
2014-05-09,6.561153411865234
2014-05-12,6.561153411865234
2014-05-13,6.561153411865234
2014-05-14,6.561153411865234
2014-05-15,6.231176853179932
2014-05-16,6.231176853179932
2014-05-19,6.231176853179932
2014-05-20,6.231176853179932
2014-05-21,6.231176853179932
2014-05-22,6.231176853179932
2014-05-23,6.139091968536377
2014-05-27,6.231176853179932
2014-05-28,6.714630603790283
2014-05-29,6.714630603790283
2014-05-30,6.714630603790283
2014-06-02,6.714630603790283
2014-06-03,6.714630603790283
2014-06-04,6.714630603790283
2014-06-05,6.714630603790283
2014-06-06,6.714630603790283
2014-06-09,6.714630603790283
2014-06-10,6.599524021148682
2014-06-11,6.599524021148682
2014-06-12,6.599524021148682
2014-06-13,6.599524021148682
2014-06-16,6.599524021148682
2014-06-17,6.599524021148682
2014-06-18,6.599524021148682
2014-06-19,6.561153411865234
2014-06-20,6.522783279418945
2014-06-23,6.484414100646973
2014-06-24,6.599524021148682
2014-06-25,6.599524021148682
2014-06-26,6.599524021148682
2014-06-27,6.599524021148682
2014-06-30,6.599524021148682
2014-07-01,6.369307994842529
2014-07-02,6.369307994842529
2014-07-03,6.369307994842529
2014-07-07,6.522783279418945
2014-07-08,6.522783279418945
2014-07-09,6.330936431884766
2014-07-10,6.522783279418945
2014-07-11,6.330936431884766
2014-07-14,6.446045398712158
2014-07-15,6.446045398712158
2014-07-16,6.2541985511779785
2014-07-17,6.139091968536377
2014-07-18,6.330936431884766
2014-07-21,6.330936431884766
2014-07-22,6.330936431884766
2014-07-23,6.330936431884766
2014-07-24,6.330936431884766
2014-07-25,6.330936431884766
2014-07-28,6.330936431884766
2014-07-29,6.330936431884766
2014-07-30,6.330936431884766
2014-07-31,6.369307994842529
2014-08-01,6.369307994842529
2014-08-04,6.330936431884766
2014-08-05,6.315589427947998
2014-08-06,6.139091968536377
2014-08-07,6.139091968536377
2014-08-08,6.139091968536377
2014-08-11,6.139091968536377
2014-08-12,6.139091968536377
2014-08-13,6.139091968536377
2014-08-14,6.139091968536377
2014-08-15,6.139091968536377
2014-08-18,6.261872291564941
2014-08-19,6.177460670471191
2014-08-20,6.177460670471191
2014-08-21,6.177460670471191
2014-08-22,6.215828895568848
2014-08-25,6.215828895568848
2014-08-26,6.215828895568848
2014-08-27,6.215828895568848
2014-08-28,6.062352657318115
2014-08-29,6.062352657318115
2014-09-02,6.062352657318115
2014-09-03,6.023983001708984
2014-09-04,6.023983001708984
2014-09-05,6.023983001708984
2014-09-08,6.023983001708984
2014-09-09,6.023983001708984
2014-09-10,6.023983001708984
2014-09-11,6.023983001708984
2014-09-12,6.023983001708984
2014-09-15,6.023983001708984
2014-09-16,6.023983001708984
2014-09-17,6.139091968536377
2014-09-18,6.139091968536377
2014-09-19,6.139091968536377
2014-09-22,5.9472432136535645
2014-09-23,5.9472432136535645
2014-09-24,5.9472432136535645
2014-09-25,5.9472432136535645
2014-09-26,5.832137107849121
2014-09-29,5.832137107849121
2014-09-30,6.1007208824157715
2014-10-01,5.985612392425537
2014-10-02,5.985612392425537
2014-10-03,6.139091968536377
2014-10-06,6.139091968536377
2014-10-07,6.139091968536377
2014-10-08,6.139091968536377
2014-10-09,5.755397796630859
2014-10-10,5.755397796630859
2014-10-13,5.755397796630859
2014-10-14,5.56355094909668
2014-10-15,5.56355094909668
2014-10-16,5.525180339813232
2014-10-17,5.56355094909668
2014-10-20,5.56355094909668
2014-10-21,5.448443412780762
2014-10-22,6.139091968536377
2014-10-23,5.56355094909668
2014-10-24,5.9472432136535645
2014-10-27,5.56355094909668
2014-10-28,5.56355094909668
2014-10-29,6.139091968536377
2014-10-30,6.139091968536377
2014-10-31,6.139091968536377
2014-11-03,5.525180339813232
2014-11-04,5.56355094909668
2014-11-05,5.56355094909668
2014-11-06,5.56355094909668
2014-11-07,5.56355094909668
2014-11-10,5.56355094909668
2014-11-11,5.56355094909668
2014-11-12,5.448443412780762
2014-11-13,5.56355094909668
2014-11-14,5.56355094909668
2014-11-17,5.486812591552734
2014-11-18,5.56355094909668
2014-11-19,5.56355094909668
2014-11-20,5.56355094909668
2014-11-21,5.56355094909668
2014-11-24,5.56355094909668
2014-11-25,5.56355094909668
2014-11-26,5.56355094909668
2014-11-28,5.56355094909668
2014-12-01,5.525180339813232
2014-12-02,5.525180339813232
2014-12-03,5.525180339813232
2014-12-04,5.448443412780762
2014-12-05,5.448443412780762
2014-12-08,5.448443412780762
2014-12-09,5.448443412780762
2014-12-10,5.448443412780762
2014-12-11,5.448443412780762
2014-12-12,5.3717041015625
2014-12-15,5.4100728034973145
2014-12-16,5.4100728034973145
2014-12-17,5.4100728034973145
2014-12-18,5.4100728034973145
2014-12-19,5.4100728034973145
2014-12-22,5.486812591552734
2014-12-23,5.3717041015625
2014-12-24,5.3717041015625
2014-12-26,5.448443412780762
2014-12-29,5.448443412780762
2014-12-30,5.448443412780762
2014-12-31,5.448443412780762
2015-01-02,5.448443412780762
2015-01-05,5.448443412780762
2015-01-06,5.448443412780762
2015-01-07,5.448443412780762
2015-01-08,5.448443412780762
2015-01-09,5.448443412780762
2015-01-12,5.379377365112305
2015-01-13,5.448443412780762
2015-01-14,5.3717041015625
2015-01-15,5.3640313148498535
2015-01-16,5.3333353996276855
2015-01-20,5.3333353996276855
2015-01-21,5.3333353996276855
2015-01-22,5.3333353996276855
2015-01-23,5.3333353996276855
2015-01-26,5.3333353996276855
2015-01-27,5.3333353996276855
2015-01-28,5.3333353996276855
2015-01-29,5.3333353996276855
2015-01-30,5.448443412780762
2015-02-02,5.3717041015625
2015-02-03,5.3717041015625
2015-02-04,5.3717041015625
2015-02-05,5.3717041015625
2015-02-06,5.3717041015625
2015-02-09,5.3717041015625
2015-02-10,5.294964790344238
2015-02-11,5.287292003631592
2015-02-12,5.294964790344238
2015-02-13,5.294964790344238
2015-02-17,5.294964790344238
2015-02-18,5.294964790344238
2015-02-19,5.294964790344238
2015-02-20,5.294964790344238
2015-02-23,5.294964790344238
2015-02-24,5.256597518920898
2015-02-25,5.256597518920898
2015-02-26,5.256597518920898
2015-02-27,5.294964790344238
2015-03-02,5.218227386474609
2015-03-03,5.256597518920898
2015-03-04,5.256597518920898
2015-03-05,5.256597518920898
2015-03-06,5.103119373321533
2015-03-09,5.103119373321533
2015-03-10,5.149162292480469
2015-03-11,5.149162292480469
2015-03-12,5.103119373321533
2015-03-13,5.103119373321533
2015-03-16,5.103119373321533
2015-03-17,5.0263800621032715
2015-03-18,5.064749717712402
2015-03-19,5.064749717712402
2015-03-20,5.064749717712402
2015-03-23,5.064749717712402
2015-03-24,5.064749717712402
2015-03-25,5.064749717712402
2015-03-26,5.064749717712402
2015-03-27,5.064749717712402
2015-03-30,5.064749717712402
2015-03-31,4.949642181396484
2015-04-01,4.9112725257873535
2015-04-02,4.872903347015381
2015-04-06,4.872903347015381
2015-04-07,4.834534645080566
2015-04-08,4.796164512634277
2015-04-09,4.834534645080566
2015-04-10,4.834534645080566
2015-04-13,4.834534645080566
2015-04-14,4.834534645080566
2015-04-15,4.834534645080566
2015-04-16,4.796164512634277
2015-04-17,4.796164512634277
2015-04-20,4.757795810699463
2015-04-21,4.757795810699463
2015-04-22,4.681057929992676
2015-04-23,4.681057929992676
2015-04-24,4.681057929992676
2015-04-27,4.681057929992676
2015-04-28,4.681057929992676
2015-04-29,4.681057929992676
2015-04-30,4.681057929992676
2015-05-01,4.719424247741699
2015-05-04,4.635013103485107
2015-05-05,4.681057929992676
2015-05-06,4.681057929992676
2015-05-07,4.681057929992676
2015-05-08,4.681057929992676
2015-05-11,4.681057929992676
2015-05-12,4.6580352783203125
2015-05-13,4.619665145874023
2015-05-14,4.604317665100098
2015-05-15,4.619665145874023
2015-05-18,4.619665145874023
2015-05-19,4.604317665100098
2015-05-20,4.604317665100098
2015-05-21,4.604317665100098
2015-05-22,4.604317665100098
2015-05-26,4.604317665100098
2015-05-27,4.604317665100098
2015-05-28,4.5275797843933105
2015-05-29,4.604317665100098
2015-06-01,4.604317665100098
2015-06-02,4.573622226715088
2015-06-03,4.573622226715088
2015-06-04,4.573622226715088
2015-06-05,4.573622226715088
2015-06-08,4.573622226715088
2015-06-09,4.565948963165283
2015-06-10,4.573622226715088
2015-06-11,4.573622226715088
2015-06-12,4.573622226715088
2015-06-15,4.573622226715088
2015-06-16,4.596643447875977
2015-06-17,4.596643447875977
2015-06-18,4.565948963165283
2015-06-19,4.565948963165283
2015-06-22,4.565948963165283
2015-06-23,4.5275797843933105
2015-06-24,4.565948963165283
2015-06-25,4.5275797843933105
2015-06-26,4.596643447875977
2015-06-29,4.565948963165283
2015-06-30,4.565948963165283
2015-07-01,4.5275797843933105
2015-07-02,4.558274269104004
2015-07-06,4.5275797843933105
2015-07-07,4.5275797843933105
2015-07-08,4.5275797843933105
2015-07-09,4.504558086395264
2015-07-10,4.504558086395264
2015-07-13,4.504558086395264
2015-07-14,4.558274269104004
2015-07-15,4.558274269104004
2015-07-16,4.558274269104004
2015-07-17,4.5275797843933105
2015-07-20,4.5275797843933105
2015-07-21,4.5275797843933105
2015-07-22,4.5275797843933105
2015-07-23,4.5275797843933105
2015-07-24,4.535252094268799
2015-07-27,4.604317665100098
2015-07-28,4.604317665100098
2015-07-29,4.565948963165283
2015-07-30,4.604317665100098
2015-07-31,4.604317665100098
2015-08-03,4.604317665100098
2015-08-04,4.565948963165283
2015-08-05,4.565948963165283
2015-08-06,4.565948963165283
2015-08-07,4.565948963165283
2015-08-10,4.565948963165283
2015-08-11,4.565948963165283
2015-08-12,4.565948963165283
2015-08-13,4.565948963165283
2015-08-14,4.604317665100098
2015-08-17,4.604317665100098
2015-08-18,4.6426873207092285
2015-08-19,4.6426873207092285
2015-08-20,4.681057929992676
2015-08-21,4.681057929992676
2015-08-24,4.604317665100098
2015-08-25,4.604317665100098
2015-08-26,4.604317665100098
2015-08-27,4.604317665100098
2015-08-28,4.581297397613525
2015-08-31,4.565948963165283
2015-09-01,4.565948963165283
2015-09-02,4.565948963165283
2015-09-03,4.565948963165283
2015-09-04,4.565948963165283
2015-09-08,4.565948963165283
2015-09-09,4.535252094268799
2015-09-10,4.535252094268799
2015-09-11,4.565948963165283
2015-09-14,4.565948963165283
2015-09-15,4.565948963165283
2015-09-16,4.565948963165283
2015-09-17,4.565948963165283
2015-09-18,4.565948963165283
2015-09-21,4.5275797843933105
2015-09-22,4.550601482391357
2015-09-23,4.550601482391357
2015-09-24,4.550601482391357
2015-09-25,4.535252094268799
2015-09-28,4.5275797843933105
2015-09-29,4.5275797843933105
2015-09-30,4.5275797843933105
2015-10-01,4.5275797843933105
2015-10-02,4.473862648010254
2015-10-05,4.473862648010254
2015-10-06,4.473862648010254
2015-10-07,4.473862648010254
2015-10-08,4.473862648010254
2015-10-09,4.496883392333984
2015-10-12,4.473862648010254
2015-10-13,4.473862648010254
2015-10-14,4.5275797843933105
2015-10-15,4.458515644073486
2015-10-16,4.450840950012207
2015-10-19,4.473862648010254
2015-10-20,4.450840950012207
2015-10-21,4.450840950012207
2015-10-22,4.450840950012207
2015-10-23,4.450840950012207
2015-10-26,4.450840950012207
2015-10-27,4.450840950012207
2015-10-28,4.450840950012207
2015-10-29,4.450840950012207
2015-10-30,4.450840950012207
2015-11-02,4.435493469238281
2015-11-03,4.435493469238281
2015-11-04,4.435493469238281
2015-11-05,4.435493469238281
2015-11-06,4.450840950012207
2015-11-09,4.435493469238281
2015-11-10,4.435493469238281
2015-11-11,4.435493469238281
2015-11-12,4.435493469238281
2015-11-13,4.435493469238281
2015-11-16,4.427818775177002
2015-11-17,4.427818775177002
2015-11-18,4.427818775177002
2015-11-19,4.427818775177002
2015-11-20,4.420145034790039
2015-11-23,4.412471294403076
2015-11-24,4.427818775177002
2015-11-25,4.412471294403076
2015-11-27,4.412471294403076
2015-11-30,4.412471294403076
2015-12-01,4.412471294403076
2015-12-02,4.412471294403076
2015-12-03,4.412471294403076
2015-12-04,4.412471294403076
2015-12-07,4.412471294403076
2015-12-08,4.412471294403076
2015-12-09,4.6426873207092285
2015-12-10,4.834534645080566
2015-12-11,4.757795810699463
2015-12-14,4.834534645080566
2015-12-15,4.788491725921631
2015-12-16,4.796164512634277
2015-12-17,4.811512470245361
2015-12-18,4.834534645080566
2015-12-21,4.988011837005615
2015-12-22,4.949642181396484
2015-12-23,4.9112725257873535
2015-12-24,4.949642181396484
2015-12-28,4.872903347015381
2015-12-29,4.949642181396484
2015-12-30,4.872903347015381
2015-12-31,5.0263800621032715
2016-01-04,4.949642181396484
2016-01-05,4.949642181396484
2016-01-06,4.949642181396484
2016-01-07,4.949642181396484
2016-01-08,4.834534645080566
2016-01-11,4.796164512634277
2016-01-12,4.757795810699463
2016-01-13,4.757795810699463
2016-01-14,4.757795810699463
2016-01-15,4.757795810699463
2016-01-19,4.681057929992676
2016-01-20,4.650360107421875
2016-01-21,4.619665145874023
2016-01-22,4.604317665100098
2016-01-25,4.604317665100098
2016-01-26,4.604317665100098
2016-01-27,4.604317665100098
2016-01-28,4.757795810699463
2016-01-29,4.757795810699463
2016-02-01,4.604317665100098
2016-02-02,4.604317665100098
2016-02-03,4.604317665100098
2016-02-04,4.604317665100098
2016-02-05,4.5275797843933105
2016-02-08,4.4892096519470215
2016-02-09,4.4892096519470215
2016-02-10,4.450840950012207
2016-02-11,4.450840950012207
2016-02-12,4.412471294403076
2016-02-16,4.412471294403076
2016-02-17,4.412471294403076
2016-02-18,4.412471294403076
2016-02-19,4.412471294403076
2016-02-22,4.374101638793945
2016-02-23,4.374101638793945
2016-02-24,4.374101638793945
2016-02-25,4.374101638793945
2016-02-26,4.335733413696289
2016-02-29,4.335733413696289
2016-03-01,4.374101638793945
2016-03-02,4.374101638793945
2016-03-03,4.374101638793945
2016-03-04,4.374101638793945
2016-03-07,4.374101638793945
2016-03-08,4.374101638793945
2016-03-09,4.335733413696289
2016-03-10,4.335733413696289
2016-03-11,4.335733413696289
2016-03-14,4.343408107757568
2016-03-15,4.343408107757568
2016-03-16,4.343408107757568
2016-03-17,4.343408107757568
2016-03-18,4.343408107757568
2016-03-21,4.343408107757568
2016-03-22,4.351080417633057
2016-03-23,4.351080417633057
2016-03-24,4.358755588531494
2016-03-28,4.374101638793945
2016-03-29,4.374101638793945
2016-03-30,4.374101638793945
2016-03-31,4.374101638793945
2016-04-01,4.335733413696289
2016-04-04,4.335733413696289
2016-04-05,4.335733413696289
2016-04-06,4.335733413696289
2016-04-07,4.335733413696289
2016-04-08,4.335733413696289
2016-04-11,4.335733413696289
2016-04-12,4.596643447875977
2016-04-13,4.335733413696289
2016-04-14,4.335733413696289
2016-04-15,4.335733413696289
2016-04-18,4.335733413696289
2016-04-19,4.374101638793945
2016-04-20,4.374101638793945
2016-04-21,4.374101638793945
2016-04-22,4.374101638793945
2016-04-25,4.374101638793945
2016-04-26,4.374101638793945
2016-04-27,4.374101638793945
2016-04-28,4.374101638793945
2016-04-29,4.335733413696289
2016-05-02,4.374101638793945
2016-05-03,4.343408107757568
2016-05-04,4.374101638793945
2016-05-05,4.374101638793945
2016-05-06,4.374101638793945
2016-05-09,4.335733413696289
2016-05-10,4.335733413696289
2016-05-11,4.335733413696289
2016-05-12,4.335733413696289
2016-05-13,4.4892096519470215
2016-05-16,4.335733413696289
2016-05-17,4.335733413696289
2016-05-18,4.565948963165283
2016-05-19,4.4892096519470215
2016-05-20,4.5275797843933105
2016-05-23,4.5275797843933105
2016-05-24,4.5275797843933105
2016-05-25,4.5275797843933105
2016-05-26,4.5429277420043945
2016-05-27,4.596643447875977
2016-05-31,4.5275797843933105
2016-06-01,4.5275797843933105
2016-06-02,4.5275797843933105
2016-06-03,4.5275797843933105
2016-06-06,4.5275797843933105
2016-06-07,4.5275797843933105
2016-06-08,4.681057929992676
2016-06-09,4.604317665100098
2016-06-10,4.6426873207092285
2016-06-13,4.5275797843933105
2016-06-14,4.4892096519470215
2016-06-15,4.4892096519470215
2016-06-16,4.4892096519470215
2016-06-17,4.4892096519470215
2016-06-20,4.4892096519470215
2016-06-21,4.4892096519470215
2016-06-22,4.565948963165283
2016-06-23,4.4892096519470215
2016-06-24,4.4892096519470215
2016-06-27,4.4892096519470215
2016-06-28,4.4892096519470215
2016-06-29,4.4892096519470215
2016-06-30,4.550601482391357
2016-07-01,4.6580352783203125
2016-07-05,4.6580352783203125
2016-07-06,4.6580352783203125
2016-07-07,4.6580352783203125
2016-07-08,4.6580352783203125
2016-07-11,4.6580352783203125
2016-07-12,4.6580352783203125
2016-07-13,4.719424247741699
2016-07-14,4.796164512634277
2016-07-15,4.719424247741699
2016-07-18,4.719424247741699
2016-07-19,4.719424247741699
2016-07-20,4.6426873207092285
2016-07-21,4.757795810699463
2016-07-22,4.796164512634277
2016-07-25,4.796164512634277
2016-07-26,4.796164512634277
2016-07-27,4.834534645080566
2016-07-28,4.734774112701416
2016-07-29,4.734774112701416
2016-08-01,4.681057929992676
2016-08-02,4.719424247741699
2016-08-03,4.719424247741699
2016-08-04,4.796164512634277
2016-08-05,4.719424247741699
2016-08-08,4.9112725257873535
2016-08-09,4.796164512634277
2016-08-10,4.796164512634277
2016-08-11,4.757795810699463
2016-08-12,4.757795810699463
2016-08-15,4.757795810699463
2016-08-16,4.757795810699463
2016-08-17,4.757795810699463
2016-08-18,4.757795810699463
2016-08-19,4.757795810699463
2016-08-22,4.757795810699463
2016-08-23,4.834534645080566
2016-08-24,4.834534645080566
2016-08-25,4.834534645080566
2016-08-26,4.834534645080566
2016-08-29,4.834534645080566
2016-08-30,4.834534645080566
2016-08-31,4.834534645080566
2016-09-01,4.796164512634277
2016-09-02,4.796164512634277
2016-09-06,4.796164512634277
2016-09-07,4.872903347015381
2016-09-08,4.872903347015381
2016-09-09,4.834534645080566
2016-09-12,4.796164512634277
2016-09-13,4.796164512634277
2016-09-14,4.796164512634277
2016-09-15,4.796164512634277
2016-09-16,4.796164512634277
2016-09-19,4.796164512634277
2016-09-20,4.796164512634277
2016-09-21,4.796164512634277
2016-09-22,4.796164512634277
2016-09-23,4.796164512634277
2016-09-26,4.796164512634277
2016-09-27,4.834534645080566
2016-09-28,4.773143768310547
2016-09-29,4.757795810699463
2016-09-30,4.719424247741699
2016-10-03,4.719424247741699
2016-10-04,4.719424247741699
2016-10-05,4.719424247741699
2016-10-06,4.719424247741699
2016-10-07,4.719424247741699
2016-10-10,4.719424247741699
2016-10-11,4.696404933929443
2016-10-12,4.757795810699463
2016-10-13,4.719424247741699
2016-10-14,4.719424247741699
2016-10-17,4.681057929992676
2016-10-18,4.681057929992676
2016-10-19,4.681057929992676
2016-10-20,4.681057929992676
2016-10-21,4.757795810699463
2016-10-24,4.757795810699463
2016-10-25,4.757795810699463
2016-10-26,4.757795810699463
2016-10-27,4.757795810699463
2016-10-28,4.757795810699463
2016-10-31,4.757795810699463
2016-11-01,4.757795810699463
2016-11-02,4.757795810699463
2016-11-03,4.757795810699463
2016-11-04,4.757795810699463
2016-11-07,4.757795810699463
2016-11-08,4.757795810699463
2016-11-09,4.757795810699463
2016-11-10,4.796164512634277
2016-11-11,4.811512470245361
2016-11-14,4.872903347015381
2016-11-15,4.872903347015381
2016-11-16,4.872903347015381
2016-11-17,4.872903347015381
2016-11-18,4.988011837005615
2016-11-21,4.949642181396484
2016-11-22,5.07242488861084
2016-11-23,5.07242488861084
2016-11-25,5.07242488861084
2016-11-28,5.07242488861084
2016-11-29,5.07242488861084
2016-11-30,5.07242488861084
2016-12-01,5.294964790344238
2016-12-02,5.3717041015625
2016-12-05,5.4100728034973145
2016-12-06,5.486812591552734
2016-12-07,5.486812591552734
2016-12-08,5.486812591552734
2016-12-09,5.486812591552734
2016-12-12,5.678658962249756
2016-12-13,5.717029571533203
2016-12-14,5.717029571533203
2016-12-15,5.717029571533203
2016-12-16,5.755397796630859
2016-12-19,5.678658962249756
2016-12-20,5.755397796630859
2016-12-21,5.755397796630859
2016-12-22,5.755397796630859
2016-12-23,5.732376575469971
2016-12-27,5.793766975402832
2016-12-28,5.793766975402832
2016-12-29,5.678658962249756
2016-12-30,5.908875465393066
2017-01-03,5.908875465393066
2017-01-04,5.640289306640625
2017-01-05,5.717029571533203
2017-01-06,5.717029571533203
2017-01-09,5.717029571533203
2017-01-10,5.717029571533203
2017-01-11,5.717029571533203
2017-01-12,5.640289306640625
2017-01-13,5.640289306640625
2017-01-17,5.640289306640625
2017-01-18,5.525180339813232
2017-01-19,5.525180339813232
2017-01-20,5.525180339813232
2017-01-23,5.525180339813232
2017-01-24,5.525180339813232
2017-01-25,5.609594345092773
2017-01-26,5.3333353996276855
2017-01-27,5.525180339813232
2017-01-30,5.486812591552734
2017-01-31,5.486812591552734
2017-02-01,5.3717041015625
2017-02-02,5.3717041015625
2017-02-03,5.3717041015625
2017-02-06,5.448443412780762
2017-02-07,5.448443412780762
2017-02-08,5.448443412780762
2017-02-09,5.755397796630859
2017-02-10,5.908875465393066
2017-02-13,5.908875465393066
2017-02-14,5.908875465393066
2017-02-15,5.908875465393066
2017-02-16,5.908875465393066
2017-02-17,5.908875465393066
2017-02-21,5.908875465393066
2017-02-22,5.908875465393066
2017-02-23,5.832137107849121
2017-02-24,5.832137107849121
2017-02-27,5.793766975402832
2017-02-28,5.832137107849121
2017-03-01,5.908875465393066
2017-03-02,5.908875465393066
2017-03-03,5.908875465393066
2017-03-06,5.878179550170898
2017-03-07,5.878179550170898
2017-03-08,5.832137107849121
2017-03-09,5.793766975402832
2017-03-10,5.793766975402832
2017-03-13,5.793766975402832
2017-03-14,5.793766975402832
2017-03-15,5.793766975402832
2017-03-16,5.786092758178711
2017-03-17,5.786092758178711
2017-03-20,5.786092758178711
2017-03-21,5.786092758178711
2017-03-22,5.56355094909668
2017-03-23,5.56355094909668
2017-03-24,5.56355094909668
2017-03-27,5.56355094909668
2017-03-28,5.56355094909668
2017-03-29,5.56355094909668
2017-03-30,5.640289306640625
2017-03-31,5.640289306640625
2017-04-03,5.678658962249756
2017-04-04,5.640289306640625
2017-04-05,5.640289306640625
2017-04-06,5.640289306640625
2017-04-07,5.640289306640625
2017-04-10,5.640289306640625
2017-04-11,5.640289306640625
2017-04-12,5.640289306640625
2017-04-13,5.640289306640625
2017-04-17,5.601920127868652
2017-04-18,5.640289306640625
2017-04-19,5.640289306640625
2017-04-20,5.670985698699951
2017-04-21,5.717029571533203
2017-04-24,5.72470235824585
2017-04-25,5.832137107849121
2017-04-26,5.793766975402832
2017-04-27,5.832137107849121
2017-04-28,5.832137107849121
2017-05-01,5.770745277404785
2017-05-02,5.755397796630859
2017-05-03,5.793766975402832
2017-05-04,5.793766975402832
2017-05-05,5.793766975402832
2017-05-08,5.855157375335693
2017-05-09,5.878179550170898
2017-05-10,5.878179550170898
2017-05-11,5.878179550170898
2017-05-12,5.878179550170898
2017-05-15,5.885853290557861
2017-05-16,5.885853290557861
2017-05-17,5.847484111785889
2017-05-18,5.847484111785889
2017-05-19,5.847484111785889
2017-05-22,5.847484111785889
2017-05-23,5.870504856109619
2017-05-24,5.870504856109619
2017-05-25,5.870504856109619
2017-05-26,5.870504856109619
2017-05-30,5.908875465393066
2017-05-31,5.908875465393066
2017-06-01,5.9472432136535645
2017-06-02,5.908875465393066
2017-06-05,5.908875465393066
2017-06-06,5.908875465393066
2017-06-07,5.908875465393066
2017-06-08,5.908875465393066
2017-06-09,5.908875465393066
2017-06-12,5.908875465393066
2017-06-13,5.908875465393066
2017-06-14,5.908875465393066
2017-06-15,5.908875465393066
2017-06-16,5.908875465393066
2017-06-19,5.908875465393066
2017-06-20,5.870504856109619
2017-06-21,5.870504856109619
2017-06-22,5.870504856109619
2017-06-23,5.870504856109619
2017-06-26,5.9472432136535645
2017-06-27,5.9472432136535645
2017-06-28,5.9472432136535645
2017-06-29,5.985612392425537
2017-06-30,6.062352657318115
2017-07-03,6.1007208824157715
2017-07-05,6.1007208824157715
2017-07-06,6.1007208824157715
2017-07-07,6.1007208824157715
2017-07-10,6.1007208824157715
2017-07-11,6.1007208824157715
2017-07-12,6.1007208824157715
2017-07-13,6.1007208824157715
2017-07-14,6.1007208824157715
2017-07-17,6.062352657318115
2017-07-18,6.062352657318115
2017-07-19,6.062352657318115
2017-07-20,6.1007208824157715
2017-07-21,6.062352657318115
2017-07-24,6.062352657318115
2017-07-25,6.062352657318115
2017-07-26,6.177460670471191
2017-07-27,6.139091968536377
2017-07-28,6.139091968536377
2017-07-31,6.139091968536377
2017-08-01,6.177460670471191
2017-08-02,6.177460670471191
2017-08-03,6.177460670471191
2017-08-04,6.177460670471191
2017-08-07,6.177460670471191
2017-08-08,6.146764278411865
2017-08-09,6.146764278411865
2017-08-10,6.177460670471191
2017-08-11,6.177460670471191
2017-08-14,6.177460670471191
2017-08-15,6.177460670471191
2017-08-16,6.146764278411865
2017-08-17,6.146764278411865
2017-08-18,6.215828895568848
2017-08-21,6.215828895568848
2017-08-22,6.215828895568848
2017-08-23,6.215828895568848
2017-08-24,6.2541985511779785
2017-08-25,6.2541985511779785
2017-08-28,6.522783279418945
2017-08-29,6.63789176940918
2017-08-30,6.63789176940918
2017-08-31,6.63789176940918
2017-09-01,6.484414100646973
2017-09-05,6.484414100646973
2017-09-06,6.484414100646973
2017-09-07,6.484414100646973
2017-09-08,6.369307994842529
2017-09-11,6.369307994842529
2017-09-12,6.446045398712158
2017-09-13,6.484414100646973
2017-09-14,6.484414100646973
2017-09-15,6.599524021148682
2017-09-18,6.599524021148682
2017-09-19,6.614871025085449
2017-09-20,6.614871025085449
2017-09-21,6.921824932098389
2017-09-22,6.906476974487305
2017-09-25,6.906476974487305
2017-09-26,6.998562335968018
2017-09-27,7.136693954467773
2017-09-28,7.136693954467773
2017-09-29,7.136693954467773
2017-10-02,7.059953689575195
2017-10-03,7.059953689575195
2017-10-04,7.059953689575195
2017-10-05,7.059953689575195
2017-10-06,7.059953689575195
2017-10-09,7.059953689575195
2017-10-10,7.059953689575195
2017-10-11,7.059953689575195
2017-10-12,7.059953689575195
2017-10-13,7.059953689575195
2017-10-16,7.059953689575195
2017-10-17,7.059953689575195
2017-10-18,7.059953689575195
2017-10-19,7.059953689575195
2017-10-20,7.059953689575195
2017-10-23,7.044606685638428
2017-10-24,7.059953689575195
2017-10-25,7.059953689575195
2017-10-26,7.213432312011719
2017-10-27,7.1750617027282715
2017-10-30,7.1750617027282715
2017-10-31,7.1750617027282715
2017-11-01,7.098324775695801
2017-11-02,7.098324775695801
2017-11-03,7.098324775695801
2017-11-06,7.098324775695801
2017-11-07,7.098324775695801
2017-11-08,7.405277729034424
2017-11-09,7.405277729034424
2017-11-10,7.4589948654174805
2017-11-13,7.4589948654174805
2017-11-14,7.328538417816162
2017-11-15,7.328538417816162
2017-11-16,7.328538417816162
2017-11-17,7.328538417816162
2017-11-20,7.328538417816162
2017-11-21,7.482016086578369
2017-11-22,7.405277729034424
2017-11-24,7.597123146057129
2017-11-27,7.443647384643555
2017-11-28,7.290169715881348
2017-11-29,7.290169715881348
2017-11-30,7.597123146057129
2017-12-01,7.597123146057129
2017-12-04,7.574102878570557
2017-12-05,7.574102878570557
2017-12-06,7.574102878570557
2017-12-07,7.505037307739258
2017-12-08,7.558756351470947
2017-12-11,7.443647384643555
2017-12-12,7.443647384643555
2017-12-13,7.443647384643555
2017-12-14,7.443647384643555
2017-12-15,7.443647384643555
2017-12-18,7.482016086578369
2017-12-19,7.482016086578369
2017-12-20,7.405277729034424
2017-12-21,7.482016086578369
2017-12-22,7.3669114112854
2017-12-26,7.328538417816162
2017-12-27,7.3669114112854
2017-12-28,7.428300380706787
2017-12-29,7.520386695861816
2018-01-02,7.505037307739258
2018-01-03,7.597123146057129
2018-01-04,7.597123146057129
2018-01-05,7.558756351470947
2018-01-08,7.558756351470947
2018-01-09,7.558756351470947
2018-01-10,7.712230205535889
2018-01-11,7.712230205535889
2018-01-12,7.581777095794678
2018-01-16,7.6738600730896
2018-01-17,7.6738600730896
2018-01-18,7.6738600730896
2018-01-19,7.6738600730896
2018-01-22,7.6738600730896
2018-01-23,7.635493278503418
2018-01-24,7.712230205535889
2018-01-25,7.719906806945801
2018-01-26,7.6738600730896
2018-01-29,7.719906806945801
2018-01-30,7.7506022453308105
2018-01-31,7.727581024169922
2018-02-01,7.6738600730896
2018-02-02,7.7506022453308105
2018-02-05,7.788972854614258
2018-02-06,7.788972854614258
2018-02-07,7.788972854614258
2018-02-08,7.788972854614258
2018-02-09,7.712230205535889
2018-02-12,7.6738600730896
2018-02-13,7.6738600730896
2018-02-14,7.7506022453308105
2018-02-15,7.765949726104736
2018-02-16,7.788972854614258
2018-02-20,7.6738600730896
2018-02-21,7.6738600730896
2018-02-22,7.712230205535889
2018-02-23,7.7506022453308105
2018-02-26,7.788972854614258
2018-02-27,7.788972854614258
2018-02-28,7.86570930480957
2018-03-01,7.842688083648682
2018-03-02,7.788972854614258
2018-03-05,7.788972854614258
2018-03-06,8.249403953552246
2018-03-07,8.249403953552246
2018-03-08,8.364510536193848
2018-03-09,8.364510536193848
2018-03-12,8.364510536193848
2018-03-13,8.364510536193848
2018-03-14,8.364510536193848
2018-03-15,8.517988204956055
2018-03-16,8.824942588806152
2018-03-19,8.824942588806152
2018-03-20,8.633096694946289
2018-03-21,8.441248893737793
2018-03-22,9.131897926330566
2018-03-23,8.671466827392578
2018-03-26,9.131897926330566
2018-03-27,9.131897926330566
2018-03-28,9.392809867858887
2018-03-29,9.553958892822266
2018-04-02,9.438848495483398
2018-04-03,9.438848495483398
2018-04-04,9.438848495483398
2018-04-05,9.477222442626953
2018-04-06,9.346766471862793
2018-04-09,9.492568969726562
2018-04-10,9.553958892822266
2018-04-11,9.553958892822266
2018-04-12,9.615351676940918
2018-04-13,9.753482818603516
2018-04-16,9.822545051574707
2018-04-17,9.807197570800781
2018-04-18,9.860916137695312
2018-04-19,9.97602367401123
2018-04-20,9.97602367401123
2018-04-23,9.745806694030762
2018-04-24,9.707437515258789
2018-04-25,9.646047592163086
2018-04-26,9.707437515258789
2018-04-27,9.661394119262695
2018-04-30,9.669069290161133
2018-05-01,9.553958892822266
2018-05-02,9.553958892822266
2018-05-03,9.584656715393066
2018-05-04,9.415833473205566
2018-05-07,9.553958892822266
2018-05-08,9.477222442626953
2018-05-09,8.986093521118164
2018-05-10,9.362115859985352
2018-05-11,9.208635330200195
2018-05-14,9.323745727539062
2018-05-15,9.346766471862793
2018-05-16,9.216309547424316
2018-05-17,9.500245094299316
2018-05-18,9.576983451843262
2018-05-21,9.592329025268555
2018-05-22,9.592329025268555
2018-05-23,9.592329025268555
2018-05-24,9.576983451843262
2018-05-25,9.408158302307129
2018-05-29,9.438848495483398
2018-05-30,9.500245094299316
2018-05-31,9.515591621398926
2018-06-01,9.446525573730469
2018-06-04,9.515591621398926
2018-06-05,9.36978530883789
2018-06-06,9.377461433410645
2018-06-07,9.36978530883789
2018-06-08,9.431178092956543
2018-06-11,9.553958892822266
2018-06-12,9.561631202697754
2018-06-13,9.584656715393066
2018-06-14,9.492568969726562
2018-06-15,9.377461433410645
2018-06-18,9.26235294342041
2018-06-19,9.692090034484863
2018-06-20,9.707437515258789
2018-06-21,9.753482818603516
2018-06-22,9.96834945678711
2018-06-25,9.761153221130371
2018-06-26,9.92997932434082
2018-06-27,9.953003883361816
2018-06-28,9.953003883361816
2018-06-29,9.761153221130371
2018-07-02,10.052760124206543
2018-07-03,10.528539657592773
2018-07-05,10.451799392700195
2018-07-06,10.398085594177246
2018-07-09,10.497844696044922
2018-07-10,10.398085594177246
2018-07-11,10.306000709533691
2018-07-12,10.290651321411133
2018-07-13,10.175543785095215
2018-07-16,10.229260444641113
2018-07-17,10.068110466003418
2018-07-18,9.922304153442383
2018-07-19,9.937653541564941
2018-07-20,9.845564842224121
2018-07-23,9.914630889892578
2018-07-24,9.860916137695312
2018-07-25,9.784177780151367
2018-07-26,9.814871788024902
2018-07-27,9.60000228881836
2018-07-30,9.707437515258789
2018-07-31,9.692090034484863
2018-08-01,9.807197570800781
2018-08-02,9.776503562927246
2018-08-03,9.753482818603516
2018-08-06,9.553958892822266
2018-08-07,9.515591621398926
2018-08-08,9.707437515258789
2018-08-09,9.753482818603516
2018-08-10,9.730459213256836
2018-08-13,9.646047592163086
2018-08-14,9.784177780151367
2018-08-15,9.607677459716797
2018-08-16,9.676740646362305
2018-08-17,9.63070011138916
2018-08-20,9.584656715393066
2018-08-21,9.63070011138916
2018-08-22,9.492568969726562
2018-08-23,9.392809867858887
2018-08-24,9.354439735412598
2018-08-27,9.36978530883789
2018-08-28,9.339092254638672
2018-08-29,9.362115859985352
2018-08-30,9.346766471862793
2018-08-31,9.285374641418457
2018-09-04,9.323745727539062
2018-09-05,9.26235294342041
2018-09-06,9.239330291748047
2018-09-07,9.270026206970215
2018-09-10,9.285374641418457
2018-09-11,9.254680633544922
2018-09-12,9.223982810974121
2018-09-13,9.17794132232666
2018-09-14,9.247007369995117
2018-09-17,9.131897926330566
2018-09-18,9.070504188537598
2018-09-19,9.0474853515625
2018-09-20,9.078180313110352
2018-09-21,8.993766784667969
2018-09-24,8.824942588806152
2018-09-25,8.786574363708496
2018-09-26,8.832616806030273
2018-09-27,8.855637550354004
2018-09-28,8.901681900024414
2018-10-01,8.947725296020508
2018-10-02,8.878660202026367
2018-10-03,8.886333465576172
2018-10-04,8.817269325256348
2018-10-05,8.771228790283203
2018-10-08,8.801920890808105
2018-10-09,8.771228790283203
2018-10-10,8.709834098815918
2018-10-11,8.587051391601562
2018-10-12,8.249403953552246
2018-10-15,8.05755615234375
2018-10-16,8.080578804016113
2018-10-17,7.8350138664245605
2018-10-18,7.811993598937988
2018-10-19,7.54340934753418
2018-10-22,7.520386695861816
2018-10-23,7.420624732971191
2018-10-24,7.159712314605713
2018-10-25,7.788972854614258
2018-10-26,7.827340602874756
2018-10-29,7.827340602874756
2018-10-30,8.095925331115723
2018-10-31,7.965470314025879
2018-11-01,7.91942834854126
2018-11-02,8.011514663696289
2018-11-05,8.065230369567871
2018-11-06,7.8810577392578125
2018-11-07,7.996165752410889
2018-11-08,8.188013076782227
2018-11-09,8.126622200012207
2018-11-12,7.957795143127441
2018-11-13,7.934774875640869
2018-11-14,7.904080867767334
2018-11-15,7.819666385650635
2018-11-16,7.742926120758057
2018-11-19,7.7966461181640625
2018-11-20,7.558756351470947
2018-11-21,7.528061866760254
2018-11-23,7.666189670562744
2018-11-26,7.497365951538086
2018-11-27,7.435973644256592
2018-11-28,7.627818584442139
2018-11-29,7.482016086578369
2018-11-30,7.443647384643555
2018-12-03,7.520386695861816
2018-12-04,7.129019260406494
2018-12-06,7.105997085571289
2018-12-07,6.944846153259277
2018-12-10,6.967867851257324
2018-12-11,6.8757829666137695
2018-12-12,7.013911247253418
2018-12-13,6.837412357330322
2018-12-14,6.729978561401367
2018-12-17,6.660912036895752
2018-12-18,6.561153411865234
2018-12-19,6.2541985511779785
2018-12-20,6.469067096710205
2018-12-21,6.238851070404053
2018-12-24,6.277220726013184
2018-12-26,6.522783279418945
2018-12-27,6.6685872077941895
2018-12-28,6.676260948181152
2018-12-31,6.806716442108154
2019-01-02,6.891127586364746
2019-01-03,6.607195854187012
2019-01-04,6.921824932098389
2019-01-07,6.852759838104248
2019-01-08,6.660912036895752
2019-01-09,6.699282646179199
2019-01-10,7.013911247253418
2019-01-11,7.221104145050049
2019-01-14,7.098324775695801
2019-01-15,7.1904096603393555
2019-01-16,7.167388439178467
2019-01-17,7.098324775695801
2019-01-18,7.052278518676758
2019-01-22,6.9601922035217285
2019-01-23,6.914151191711426
2019-01-24,6.914151191711426
2019-01-25,7.167388439178467
2019-01-28,6.9371747970581055
2019-01-29,6.921824932098389
2019-01-30,6.98321533203125
2019-01-31,6.98321533203125
2019-02-01,7.136693954467773
2019-02-04,7.290169715881348
2019-02-05,7.075303077697754
2019-02-06,6.951850891113281
2019-02-07,6.982713222503662
2019-02-08,6.982713222503662
2019-02-11,7.167891025543213
2019-02-12,7.13702917098999
2019-02-13,7.13702917098999
2019-02-14,7.090731620788574
2019-02-15,7.191038131713867
2019-02-19,7.20646858215332
2019-02-20,7.106163501739502
2019-02-21,7.183322429656982
2019-02-22,7.20646858215332
2019-02-25,7.167891025543213
2019-02-26,7.144742965698242
2019-02-27,7.113882064819336
2019-02-28,7.005860805511475
2019-03-01,7.044437408447266
2019-03-04,7.152462005615234
2019-03-05,7.090731620788574
2019-03-06,7.0290093421936035
2019-03-07,6.998143196105957
2019-03-08,7.075300216674805
2019-03-11,7.20646858215332
2019-03-12,7.106163501739502
2019-03-13,7.152462005615234
2019-03-14,7.183322429656982
2019-03-15,7.252763748168945
2019-03-18,7.322205066680908
2019-03-19,7.221899509429932
2019-03-20,7.129310607910156
2019-03-21,6.766674518585205
2019-03-22,6.303732872009277
2019-03-25,6.288300037384033
2019-03-26,6.373172760009766
2019-03-27,6.334593772888184
2019-03-28,6.735811710357666
2019-03-29,6.751242637634277
2019-04-01,7.0290093421936035
2019-04-02,6.890124797821045
2019-04-03,6.8515448570251465
2019-04-04,6.897841453552246
2019-04-05,7.059871196746826
2019-04-08,7.044437408447266
2019-04-09,6.782105445861816
2019-04-10,6.843830585479736
2019-04-11,6.843830585479736
2019-04-12,6.951850891113281
2019-04-15,6.890124797821045
2019-04-16,6.828400611877441
2019-04-17,6.8515448570251465
2019-04-18,7.021291255950928
2019-04-22,6.805251598358154
2019-04-23,6.797538757324219
2019-04-24,6.828400611877441
2019-04-25,6.720379829406738
2019-04-26,7.021291255950928
2019-04-29,7.214184284210205
2019-04-30,7.268194675445557
2019-05-01,7.422508716583252
2019-05-02,7.646264553070068
2019-05-03,8.10149097442627
2019-05-06,8.325247764587402
2019-05-07,8.456413269042969
2019-05-08,8.248088836669922
2019-05-09,8.201577186584473
2019-05-10,7.6977009773254395
2019-05-13,7.6977009773254395
2019-05-14,8.054288864135742
2019-05-15,7.96126651763916
2019-05-16,8.10855484008789
2019-05-17,8.155068397521973
2019-05-20,8.263593673706055
2019-05-21,8.286850929260254
2019-05-22,7.938011169433594
2019-05-23,7.573671340942383
2019-05-24,7.953516483306885
2019-05-28,7.883746147155762
2019-05-29,7.682194709777832
2019-05-30,7.573671340942383
2019-05-31,7.418630123138428
2019-06-03,7.3256072998046875
2019-06-04,7.3256072998046875
2019-06-05,7.317855358123779
2019-06-06,7.4573893547058105
2019-06-07,7.403125286102295
2019-06-10,7.3333587646484375
2019-06-11,7.403125286102295
2019-06-12,7.480645179748535
2019-06-13,7.542660236358643
2019-06-14,7.596926689147949
2019-06-17,7.565917491912842
2019-06-18,7.674444675445557
2019-06-19,7.813977241516113
2019-06-20,7.852738380432129
2019-06-21,7.94576358795166
2019-06-24,7.658939361572266
2019-06-25,7.674444675445557
2019-06-26,7.612428665161133
2019-06-27,7.938011169433594
2019-06-28,8.403129577636719
2019-07-01,7.627931118011475
2019-07-02,7.519405841827393
2019-07-03,7.751962184906006
2019-07-05,7.674444675445557
2019-07-08,7.627931118011475
2019-07-09,7.534908771514893
2019-07-10,7.627931118011475
2019-07-11,7.720957279205322
2019-07-12,7.6899495124816895
2019-07-15,7.666695594787598
2019-07-16,7.674444675445557
2019-07-17,7.612428665161133
2019-07-18,7.674444675445557
2019-07-19,7.6977009773254395
2019-07-22,7.573671340942383
2019-07-23,7.682194709777832
2019-07-24,7.6899495124816895
2019-07-25,7.271341323852539
2019-07-26,7.558166027069092
2019-07-29,7.596926689147949
2019-07-30,7.674444675445557
2019-07-31,7.643435478210449
2019-08-01,7.534908771514893
2019-08-02,7.186071395874023
2019-08-05,6.7597126960754395
2019-08-06,6.8294806480407715
2019-08-07,6.71320104598999
2019-08-08,7.149831771850586
2019-08-09,7.142033576965332
2019-08-12,7.025080680847168
2019-08-13,7.251194000244141
2019-08-14,6.853546619415283
2019-08-15,6.884734630584717
2019-08-16,7.29017972946167
2019-08-19,7.266786098480225
2019-08-20,7.048470497131348
2019-08-21,7.204409122467041
2019-08-22,6.9237189292907715
2019-08-23,6.954905986785889
2019-08-26,7.032877445220947
2019-08-27,6.830156326293945
2019-08-28,7.149831771850586
2019-08-29,7.438319683074951
2019-08-30,7.407134056091309
2019-09-03,7.274582386016846
2019-09-04,7.103050231933594
2019-09-05,7.204409122467041
2019-09-06,7.220004558563232
2019-09-09,7.438319683074951
2019-09-10,7.6722283363342285
2019-09-11,7.695620059967041
2019-09-12,7.757997035980225
2019-09-13,7.7346038818359375
2019-09-16,7.867152690887451
2019-09-17,7.85935640335083
2019-09-18,7.91393518447876
2019-09-19,7.867152690887451
2019-09-20,7.6722283363342285
2019-09-23,7.687823295593262
2019-09-24,7.680026531219482
2019-09-25,7.835968494415283
2019-09-26,7.65663480758667
2019-09-27,7.625449180603027
2019-09-30,7.625449180603027
2019-10-01,7.453914165496826
2019-10-02,7.563070297241211
2019-10-03,7.594259738922119
2019-10-04,7.586461067199707
2019-10-07,7.633244514465332
2019-10-08,7.446115493774414
2019-10-09,7.60205602645874
2019-10-10,7.609853744506836
2019-10-11,7.594259738922119
2019-10-14,7.60205602645874
2019-10-15,7.60205602645874
2019-10-16,7.60205602645874
2019-10-17,7.508492946624756
2019-10-18,7.524086952209473
2019-10-21,7.60205602645874
2019-10-22,7.516293525695801
2019-10-23,7.609853744506836
2019-10-24,7.719010829925537
2019-10-25,7.719010829925537
2019-10-28,7.757997035980225
2019-10-29,7.757997035980225
2019-10-30,7.641039848327637
2019-10-31,7.641039848327637
2019-11-01,7.680026531219482
2019-11-04,7.641039848327637
2019-11-05,7.648837566375732
2019-11-06,7.593982696533203
2019-11-07,7.6723480224609375
2019-11-08,7.617493629455566
2019-11-11,7.539122581481934
2019-11-12,7.539122581481934
2019-11-13,7.578306674957275
2019-11-14,7.562631607055664
2019-11-15,7.562631607055664
2019-11-18,7.578306674957275
2019-11-19,7.617493629455566
2019-11-20,7.5861430168151855
2019-11-21,7.625327110290527
2019-11-22,7.617493629455566
2019-11-25,7.609652996063232
2019-11-26,7.750718116760254
2019-11-27,7.750718116760254
2019-11-29,7.664513111114502
2019-12-02,7.633166313171387
2019-12-03,7.625327110290527
2019-12-04,7.695859909057617
2019-12-05,7.782066822052002
2019-12-06,7.844762802124023
2019-12-09,7.883945941925049
2019-12-10,7.703695297241211
2019-12-11,7.836926460266113
2019-12-12,7.782066822052002
2019-12-13,7.876110076904297
2019-12-16,7.836926460266113
2019-12-17,7.829085826873779
2019-12-18,8.009337425231934
2019-12-19,7.876110076904297
2019-12-20,7.852598190307617
2019-12-23,7.829085826873779
2019-12-24,7.883945941925049
2019-12-26,7.985825538635254
2019-12-27,7.977991580963135
2019-12-30,8.00149917602539
2019-12-31,8.126890182495117
2020-01-02,8.01717472076416
2020-01-03,7.930965900421143
2020-01-06,7.883945941925049
2020-01-07,7.695859909057617
2020-01-08,7.719371795654297
2020-01-09,7.664513111114502
2020-01-10,7.625327110290527
2020-01-13,7.641003131866455
2020-01-14,7.609652996063232
2020-01-15,7.633166313171387
2020-01-16,7.74288272857666
2020-01-17,7.758555889129639
2020-01-21,7.711535930633545
2020-01-22,7.680185794830322
2020-01-23,7.664513111114502
2020-01-24,7.860435962677002
2020-01-27,7.805575847625732
2020-01-28,7.876110076904297
2020-01-29,7.797739505767822
2020-01-30,7.9544782638549805
2020-01-31,7.829085826873779
2020-02-03,7.86827278137207
2020-02-04,7.946642875671387
2020-02-05,7.92296838760376
2020-02-06,7.828269004821777
2020-02-07,7.883510112762451
2020-02-10,7.891403675079346
2020-02-11,7.836163520812988
2020-02-12,7.891403675079346
2020-02-13,7.915076732635498
2020-02-14,7.946642875671387
2020-02-18,7.978206157684326
2020-02-19,7.970316410064697
2020-02-20,7.99398946762085
2020-02-21,7.970316410064697
2020-02-24,7.883510112762451
2020-02-25,7.709898948669434
2020-02-26,7.591529846191406
2020-02-27,7.260090351104736
2020-02-28,6.983891010284424
2020-03-02,7.496832370758057
2020-03-03,7.102260589599609
2020-03-04,7.260090351104736
2020-03-05,6.9681077003479
2020-03-06,6.904976844787598
2020-03-09,6.210533618927002
2020-03-10,6.541971683502197
2020-03-11,6.100052833557129
2020-03-12,5.35037088394165
2020-03-13,5.6107869148254395
2020-03-16,5.279347896575928
2020-03-17,5.547654628753662
2020-03-18,5.287239074707031
2020-03-19,5.137304306030273
2020-03-20,5.32669734954834
2020-03-23,5.6028947830200195
2020-03-24,5.4924163818359375
2020-03-25,5.642352104187012
2020-03-26,6.194750785827637
2020-03-27,5.374044895172119
2020-03-30,5.713374614715576
2020-03-31,5.88698673248291
2020-04-01,5.563438892364502
2020-04-02,5.476632595062256
2020-04-03,5.831747055053711
2020-04-06,5.52398157119751
2020-04-07,5.445067882537842
2020-04-08,5.5081987380981445
2020-04-09,6.1789679527282715
2020-04-13,5.91855001449585
2020-04-14,5.752832412719727
2020-04-15,5.4687418937683105
2020-04-16,5.6028947830200195
2020-04-17,5.776505947113037
2020-04-20,5.437175750732422
2020-04-21,5.460850238800049
2020-04-22,5.6739182472229
2020-04-23,5.484524250030518
2020-04-24,5.476632595062256
2020-04-27,5.634460926055908
2020-04-28,5.666027069091797
2020-04-29,5.91855001449585
2020-04-30,5.571330547332764
2020-05-01,5.476632595062256
2020-05-04,5.642352104187012
2020-05-05,5.4687418937683105
2020-05-06,5.213640213012695
2020-05-07,5.221612930297852
2020-05-08,5.261471271514893
2020-05-11,5.0781168937683105
2020-05-12,4.862875461578369
2020-05-13,4.783156394958496
2020-05-14,4.631688117980957
2020-05-15,4.902734756469727
2020-05-18,5.157835960388184
2020-05-19,4.7114081382751465
2020-05-20,5.030285835266113
2020-05-21,4.966509819030762
2020-05-22,4.83896017074585
2020-05-26,4.8867902755737305
2020-05-27,5.10203218460083
2020-05-28,5.054201602935791
2020-05-29,5.054201602935791
2020-06-01,4.799099445343018
2020-06-02,4.918679237365723
2020-06-03,5.030285835266113
2020-06-04,5.006371021270752
2020-06-05,5.3252458572387695
2020-06-08,5.660068511962891
2020-06-09,5.715871334075928
2020-06-10,5.532517433166504
2020-06-11,4.990426540374756
2020-06-12,5.141892910003662
2020-06-15,5.333218574523926
2020-06-16,5.620208263397217
2020-06-17,5.460769176483154
2020-06-18,5.293360233306885
2020-06-19,5.3969950675964355
2020-06-22,5.500629901885986
2020-06-23,5.444825172424316
2020-06-24,5.301332473754883
2020-06-25,5.357134819030762
2020-06-26,5.389021873474121
2020-06-29,5.460769176483154
2020-06-30,5.500629901885986
2020-07-01,5.460769176483154
2020-07-02,5.4687418937683105
2020-07-06,5.484684944152832
2020-07-07,5.341190814971924
2020-07-08,5.181753158569336
2020-07-09,5.006371021270752
2020-07-10,5.165807723999023
2020-07-13,5.11797571182251
2020-07-14,5.086089134216309
2020-07-15,5.0781168937683105
2020-07-16,5.086089134216309
2020-07-17,4.942594051361084
2020-07-20,4.95853853225708
2020-07-21,5.125949382781982
2020-07-22,5.10203218460083
2020-07-23,5.0781168937683105
2020-07-24,5.086089134216309
2020-07-27,5.0781168937683105
2020-07-28,5.062172889709473
2020-07-29,5.022314071655273
2020-07-30,4.966509819030762
2020-07-31,4.95853853225708
2020-08-03,5.070146560668945
2020-08-04,5.054201602935791
2020-08-05,5.207359313964844
2020-08-06,5.175114154815674
2020-08-07,5.336333751678467
2020-08-10,5.183175563812256
2020-08-11,5.126749515533447
2020-08-12,5.19929838180542
2020-08-13,5.1509318351745605
2020-08-14,5.062262535095215
2020-08-17,5.046141147613525
2020-08-18,4.973592281341553
2020-08-19,5.030018329620361
2020-08-20,4.9655303955078125
2020-08-21,4.876860618591309
2020-08-24,5.0058369636535645
2020-08-25,4.941348075866699
2020-08-26,4.989713191986084
2020-08-27,4.997774124145508
2020-08-28,5.175114154815674
2020-08-31,4.917166233062744
2020-09-01,5.030018329620361
2020-09-02,4.925227165222168
2020-09-03,4.917166233062744
2020-09-04,5.0058369636535645
2020-09-08,4.9574713706970215
2020-09-09,4.933288097381592
2020-09-10,5.054201602935791
2020-09-11,5.183175563812256
2020-09-14,5.215418815612793
2020-09-15,5.102566719055176
2020-09-16,5.070324420928955
2020-09-17,5.070324420928955
2020-09-18,5.046141147613525
2020-09-21,4.917166233062744
2020-09-22,4.73982572555542
2020-09-23,4.659216403961182
2020-09-24,4.530241012573242
2020-09-25,4.578606128692627
2020-09-28,4.764007091522217
2020-09-29,4.691460132598877
2020-09-30,4.610849380493164
2020-10-01,4.610849380493164
2020-10-02,4.635032653808594
2020-10-05,5.062262535095215
2020-10-06,4.852677345275879
2020-10-07,5.038078784942627
2020-10-08,4.981652736663818
2020-10-09,5.070324420928955
2020-10-12,5.11868953704834
2020-10-13,5.0219573974609375
2020-10-14,4.925227165222168
2020-10-15,5.062262535095215
2020-10-16,5.030018329620361
2020-10-19,4.981652736663818
2020-10-20,5.183175563812256
2020-10-21,5.158994197845459
2020-10-22,5.094507694244385
2020-10-23,5.336333751678467
2020-10-26,5.408882141113281
2020-10-27,5.416943073272705
2020-10-28,5.328272819519043
2020-10-29,5.287968158721924
2020-10-30,5.183175563812256
2020-11-02,5.3040900230407715
2020-11-03,5.320211887359619
2020-11-04,5.191237449645996
2020-11-05,5.378675937652588
2020-11-06,5.329778671264648
2020-11-09,5.688356876373291
2020-11-10,6.063235282897949
2020-11-11,5.9246931076049805
2020-11-12,5.59871244430542
2020-11-13,5.606861591339111
2020-11-16,5.859497547149658
2020-11-17,5.916543960571289
2020-11-18,6.030636787414551
2020-11-19,6.014337062835693
2020-11-20,5.900243759155273
2020-11-23,5.949141502380371
2020-11-24,6.095832347869873
2020-11-25,6.046935558319092
2020-11-27,5.96544075012207
2020-11-30,5.949141502380371
2020-12-01,5.794301986694336
2020-12-02,6.022485733032227
2020-12-03,5.883945465087891
2020-12-04,6.063235282897949
2020-12-07,6.014337062835693
2020-12-08,6.15287971496582
2020-12-09,5.916543960571289
2020-12-10,6.038785934448242
2020-12-11,5.932842254638672
2020-12-14,6.038785934448242
2020-12-15,6.26697301864624
2020-12-16,6.258821964263916
2020-12-17,6.421813488006592
2020-12-18,6.209926128387451
2020-12-21,6.389215469360352
2020-12-22,6.014337062835693
2020-12-23,6.055084705352783
2020-12-24,6.014337062835693
2020-12-28,6.20177698135376
2020-12-29,6.218074798583984
2020-12-30,6.218074798583984
2020-12-31,6.275121688842773
2021-01-04,6.177328109741211
2021-01-05,6.038785934448242
2021-01-06,6.250673770904541
2021-01-07,6.332167625427246
2021-01-08,6.177328109741211
2021-01-11,6.1447296142578125
2021-01-12,6.193626880645752
2021-01-13,6.095832347869873
2021-01-14,6.242523193359375
2021-01-15,6.234374046325684
2021-01-19,6.169177532196045
2021-01-20,6.15287971496582
2021-01-21,6.112132549285889
2021-01-22,6.438110828399658
2021-01-25,6.209926128387451
2021-01-26,6.1447296142578125
2021-01-27,6.1447296142578125
2021-01-28,6.15287971496582
2021-01-29,6.1854777336120605
2021-02-01,6.1854777336120605
2021-02-02,6.20177698135376
2021-02-03,6.315869331359863
2021-02-04,6.73149299621582
2021-02-05,6.584804058074951
2021-02-08,7.065624237060547
2021-02-09,7.448653697967529
2021-02-10,7.382950782775879
2021-02-11,7.4404401779174805
2021-02-12,7.580048561096191
2021-02-16,7.695021629333496
2021-02-17,7.711449146270752
2021-02-18,7.341889381408691
2021-02-19,7.662173748016357
2021-02-22,7.875696182250977
2021-02-23,7.768934726715088
2021-02-24,7.908546447753906
2021-02-25,7.736084461212158
2021-02-26,7.5472002029418945
2021-03-01,7.6128997802734375
2021-03-02,7.818210601806641
2021-03-03,8.081006050109863
2021-03-04,8.253467559814453
2021-03-05,8.55732536315918
2021-03-08,9.887735366821289
2021-03-09,9.00900650024414
2021-03-10,9.28823184967041
2021-03-11,9.123981475830078
2021-03-12,9.156829833984375
2021-03-15,9.099344253540039
2021-03-16,9.000795364379883
2021-03-17,9.764549255371094
2021-03-18,9.583877563476562
2021-03-19,8.926883697509766
2021-03-22,9.411416053771973
2021-03-23,8.614812850952148
2021-03-24,8.828333854675293
2021-03-25,8.62302303314209
2021-03-26,9.28823184967041
2021-03-29,8.7626371383667
2021-03-30,8.67230224609375
2021-03-31,8.639448165893555
2021-04-01,8.737998962402344
2021-04-05,8.581963539123535
2021-04-06,8.55732536315918
2021-04-07,8.368440628051758
2021-04-08,8.56553840637207
2021-04-09,8.491626739501953
2021-04-12,8.31916618347168
2021-04-13,8.245255470275879
2021-04-14,8.516263961791992
2021-04-15,8.335591316223145
2021-04-16,8.310954093933105
2021-04-19,8.360228538513184
2021-04-20,8.228829383850098
2021-04-21,8.261679649353027
2021-04-22,8.171342849731445
2021-04-23,8.55732536315918
2021-04-26,8.417716979980469
2021-04-27,8.590177536010742
2021-04-28,8.55732536315918
2021-04-29,8.631239891052246
2021-04-30,8.935096740722656
2021-05-03,9.197894096374512
2021-05-04,9.32107925415039
2021-05-05,8.940964698791504
2021-05-06,9.122758865356445
2021-05-07,9.05665111541748
2021-05-10,9.263236045837402
2021-05-11,9.164074897766113
2021-05-12,8.817014694213867
2021-05-13,8.940964698791504
2021-05-14,9.031859397888184
2021-05-17,8.982282638549805
2021-05-18,8.874857902526855
2021-05-19,8.684799194335938
2021-05-20,8.924439430236816
2021-05-21,8.858329772949219
2021-05-24,8.767435073852539
2021-05-25,8.478216171264648
2021-05-26,8.55258846282959
2021-05-27,8.626956939697266
2021-05-28,8.569110870361328
2021-06-01,8.850066184997559
2021-06-02,8.825277328491211
2021-06-03,8.800487518310547
2021-06-04,8.759171485900879
2021-06-07,8.759171485900879
2021-06-08,8.850066184997559
2021-06-09,8.841804504394531
2021-06-10,8.783960342407227
2021-06-11,8.626956939697266
2021-06-14,8.602166175842285
2021-06-15,8.726119995117188
2021-06-16,8.593903541564941
2021-06-17,8.238577842712402
2021-06-18,8.056783676147461
2021-06-21,8.312950134277344
2021-06-22,8.230315208435059
2021-06-23,8.114627838134766
2021-06-24,8.180734634399414
2021-06-25,8.14768123626709
2021-06-28,8.626956939697266
2021-06-29,8.478216171264648
2021-06-30,8.312950134277344
2021-07-01,8.321210861206055
2021-07-02,8.346004486083984
2021-07-06,8.213787078857422
2021-07-07,8.19726276397705
2021-07-08,8.222050666809082
2021-07-09,8.255104064941406
2021-07-12,8.511269569396973
2021-07-13,8.312950134277344
2021-07-14,8.362527847290039
2021-07-15,8.478216171264648
2021-07-16,8.279894828796387
2021-07-19,7.91630744934082
2021-07-20,8.04025650024414
2021-07-21,8.180734634399414
2021-07-22,8.065047264099121
2021-07-23,8.527795791625977
2021-07-26,8.841804504394531
2021-07-27,8.77569580078125
2021-07-28,8.866594314575195
2021-07-29,8.982282638549805
2021-07-30,8.949227333068848
2021-08-02,9.040124893188477
2021-08-03,8.949227333068848
2021-08-04,8.857481956481934
2021-08-05,8.907525062561035
2021-08-06,8.949228286743164
2021-08-09,8.732377052307129
2021-08-10,8.824121475219727
2021-08-11,8.840803146362305
2021-08-12,8.765738487243652
2021-08-13,8.68233585357666
2021-08-16,8.432125091552734
2021-08-17,8.440463066101074
2021-08-18,8.507189750671387
2021-08-19,8.482166290283203
2021-08-20,8.557229995727539
2021-08-23,8.390423774719238
2021-08-24,8.365400314331055
2021-08-25,8.390423774719238
2021-08-26,8.373739242553711
2021-08-27,8.357061386108398
2021-08-30,8.307019233703613
2021-08-31,8.398762702941895
2021-09-01,8.34872055053711
2021-09-02,8.365400314331055
2021-09-03,8.34038257598877
2021-09-07,8.390423774719238
2021-09-08,8.398762702941895
2021-09-09,8.307019233703613
2021-09-10,8.307019233703613
2021-09-13,8.273656845092773
2021-09-14,8.265317916870117
2021-09-15,8.281998634338379
2021-09-16,8.265317916870117
2021-09-17,8.190252304077148
2021-09-20,8.181915283203125
2021-09-21,8.156892776489258
2021-09-22,8.231955528259277
2021-09-23,8.307019233703613
2021-09-24,8.415443420410156
2021-09-27,8.507189750671387
2021-09-28,8.473825454711914
2021-09-29,8.515528678894043
2021-09-30,8.590591430664062
2021-10-01,8.548890113830566
2021-10-04,8.557229995727539
2021-10-05,8.607272148132324
2021-10-06,8.665656089782715
2021-10-07,8.648972511291504
2021-10-08,8.632295608520508
2021-10-11,8.632295608520508
2021-10-12,8.648972511291504
2021-10-13,8.657315254211426
2021-10-14,8.607272148132324
2021-10-15,8.673995018005371
2021-10-18,8.724038124084473
2021-10-19,8.724038124084473
2021-10-20,8.824121475219727
2021-10-21,8.774078369140625
2021-10-22,8.882505416870117
2021-10-25,8.882505416870117
2021-10-26,8.96590805053711
2021-10-27,8.80744457244873
2021-10-28,8.840803146362305
2021-10-29,9.241140365600586
2021-11-01,9.699862480163574
2021-11-02,9.958412170410156
2021-11-03,10.65900707244873
2021-11-04,10.408793449401855
2021-11-05,10.467177391052246
2021-11-08,10.425475120544434
2021-11-09,10.34980583190918
2021-11-10,10.433881759643555
2021-11-11,10.543184280395508
2021-11-12,10.568405151367188
2021-11-15,10.803818702697754
2021-11-16,11.148531913757324
2021-11-17,11.123309135437012
2021-11-18,11.123309135437012
2021-11-19,11.039234161376953
2021-11-22,11.316685676574707
2021-11-23,11.501653671264648
2021-11-24,11.476431846618652
2021-11-26,11.106493949890137
2021-11-29,11.577322006225586
2021-11-30,11.434391021728516
2021-12-01,11.41757869720459
2021-12-02,10.753373146057129
2021-12-03,10.568405151367188
2021-12-06,10.795411109924316
2021-12-07,11.148531913757324
2021-12-08,11.098087310791016
2021-12-09,10.921526908874512
2021-12-10,11.014009475708008
2021-12-13,10.5263671875
2021-12-14,10.559996604919434
2021-12-15,10.450698852539062
2021-12-16,10.602035522460938
2021-12-17,10.551589012145996
2021-12-20,10.543184280395508
2021-12-21,10.433881759643555
2021-12-22,10.568405151367188
2021-12-23,10.517960548400879
2021-12-27,10.896302223205566
2021-12-28,10.887893676757812
2021-12-29,11.014009475708008
2021-12-30,10.99719524383545
2021-12-31,10.728150367736816
2022-01-03,10.862671852111816
2022-01-04,11.35031509399414
2022-01-05,11.291462898254395
2022-01-06,11.400761604309082
2022-01-07,11.400761604309082
2022-01-10,11.367130279541016
2022-01-11,11.215794563293457
2022-01-12,11.249424934387207
2022-01-13,11.241016387939453
2022-01-14,10.97197151184082
2022-01-18,11.098087310791016
2022-01-19,11.081270217895508
2022-01-20,10.862671852111816
2022-01-21,10.803818702697754
2022-01-24,9.778083801269531
2022-01-25,10.24891471862793
2022-01-26,9.820125579833984
2022-01-27,9.963054656982422
2022-01-28,10.862671852111816
2022-01-31,12.006112098693848
2022-02-01,11.779107093811035
2022-02-02,11.30827808380127
2022-02-03,11.728658676147461
2022-02-04,11.795919418334961
2022-02-07,12.20789623260498
2022-02-08,12.039742469787598
2022-02-09,11.895808219909668
2022-02-10,11.548670768737793
2022-02-11,11.607934951782227
2022-02-14,11.582536697387695
2022-02-15,11.641802787780762
2022-02-16,11.599470138549805
2022-02-17,11.607934951782227
2022-02-18,11.25233268737793
2022-02-22,11.455533981323242
2022-02-23,11.184597969055176
2022-02-24,10.922127723693848
2022-02-25,11.404733657836914
2022-02-28,11.294666290283203
2022-03-01,11.159197807312012
2022-03-02,11.387801170349121
2022-03-03,11.226932525634766
2022-03-04,11.23539924621582
2022-03-07,10.896727561950684
2022-03-08,10.896727561950684
2022-03-09,11.36240005493164
2022-03-10,11.294666290283203
2022-03-11,11.353934288024902
2022-03-14,11.455533981323242
2022-03-15,11.311599731445312
2022-03-16,11.624870300292969
2022-03-17,11.785738945007324
2022-03-18,11.828071594238281
2022-03-21,11.684139251708984
2022-03-22,11.929675102233887
2022-03-23,11.751872062683105
2022-03-24,11.624870300292969
2022-03-25,11.692604064941406
2022-03-28,11.667204856872559
2022-03-29,11.929675102233887
2022-03-30,11.777273178100586
2022-03-31,11.726470947265625
2022-04-01,11.904275894165039
2022-04-04,12.107476234436035
2022-04-05,12.039742469787598
2022-04-06,11.718006134033203
2022-04-07,11.1676664352417
2022-04-08,11.303135871887207
2022-04-11,11.353934288024902
2022-04-12,11.447067260742188
2022-04-13,11.421667098999023
2022-04-14,11.430134773254395
2022-04-18,11.260798454284668
2022-04-19,11.836539268493652
2022-04-20,11.760340690612793
2022-04-21,11.624870300292969
2022-04-22,11.506335258483887
2022-04-25,11.176132202148438
2022-04-26,11.159197807312012
2022-04-27,11.218467712402344
2022-04-28,11.480935096740723
2022-04-29,10.972928047180176
2022-05-02,10.761260032653809
2022-05-03,11.133797645568848
2022-05-04,11.023731231689453
2022-05-05,10.634258270263672
2022-05-06,10.532654762268066
2022-05-09,9.999251365661621
2022-05-10,9.787583351135254
2022-05-11,10.197532653808594
2022-05-12,10.308560371398926
2022-05-13,9.924233436584473
2022-05-16,10.180452346801758
2022-05-17,10.573323249816895
2022-05-18,10.342723846435547
2022-05-19,10.163372039794922
2022-05-20,9.838826179504395
2022-05-23,10.180452346801758
2022-05-24,9.958395004272461
2022-05-25,10.069422721862793
2022-05-26,10.419590950012207
2022-05-27,10.462292671203613
2022-05-31,10.530619621276855
2022-06-01,10.479374885559082
2022-06-02,10.479374885559082
2022-06-03,10.376888275146484
2022-06-06,10.214614868164062
2022-06-07,10.146289825439453
2022-06-08,10.043803215026855
2022-06-09,9.787583351135254
2022-06-10,9.574066162109375
2022-06-13,9.138492584228516
2022-06-14,9.036005973815918
2022-06-15,9.018924713134766
2022-06-16,8.822489738464355
2022-06-17,8.865192413330078
2022-06-21,9.087251663208008
2022-06-22,8.839570999145508
2022-06-23,8.779786109924316
2022-06-24,9.147034645080566
2022-06-27,9.070167541503906
2022-06-28,9.112871170043945
2022-06-29,9.070167541503906
2022-06-30,8.959139823913574
2022-07-01,9.036005973815918
2022-07-05,9.147034645080566
2022-07-06,8.899353981018066
2022-07-07,8.856649398803711
2022-07-08,8.97622013092041
2022-07-11,9.138492584228516
2022-07-12,9.010382652282715
2022-07-13,8.950599670410156
2022-07-14,8.916435241699219
2022-07-15,9.010382652282715
2022-07-18,8.97622013092041
2022-07-19,9.181198120117188
2022-07-20,9.266603469848633
2022-07-21,9.369091987609863
2022-07-22,9.223899841308594
2022-07-25,9.223899841308594
2022-07-26,9.317846298217773
2022-07-27,9.343469619750977
2022-07-28,9.317846298217773
2022-07-29,9.650934219360352
2022-08-01,9.574066162109375
2022-08-02,9.608229637145996
2022-08-03,9.77904224395752
2022-08-04,9.890070915222168
2022-08-05,10.086505889892578
2022-08-08,10.137748718261719
2022-08-09,10.342723846435547
2022-08-10,10.42035961151123
2022-08-11,10.687769889831543
2022-08-12,10.894798278808594
2022-08-15,11.075942993164062
2022-08-16,11.075942993164062
2022-08-17,10.920674324035645
2022-08-18,10.877543449401855
2022-08-19,10.817161560058594
2022-08-22,10.972432136535645
2022-08-23,10.972432136535645
2022-08-24,10.851664543151855
2022-08-25,10.946552276611328
2022-08-26,10.843037605285645
2022-08-29,10.756779670715332
2022-08-30,10.59288215637207
2022-08-31,10.428984642028809
2022-09-01,10.29096794128418
2022-09-02,10.006304740905762
2022-09-06,9.8941650390625
2022-09-07,9.842408180236816
2022-09-08,9.911417961120605
2022-09-09,9.920044898986816
2022-09-12,10.014931678771973
2022-09-13,9.730269432067871
2022-09-14,9.730269432067871
2022-09-15,10.006304740905762
2022-09-16,9.79927921295166
2022-09-19,9.81653118133545
2022-09-20,9.807905197143555
2022-09-21,9.782025337219238
2022-09-22,9.661261558532715
2022-09-23,9.557745933532715
2022-09-26,9.652634620666504
2022-09-27,9.609504699707031
2022-09-28,9.687138557434082
2022-09-29,9.64400863647461
2022-09-30,9.592251777648926
2022-10-03,9.954548835754395
2022-10-04,10.014931678771973
2022-10-05,10.10119342803955
2022-10-06,9.876914024353027
2022-10-07,9.756148338317871
2022-10-10,9.738895416259766
2022-10-11,9.764775276184082
2022-10-12,9.842408180236816
2022-10-13,10.04943561553955
2022-10-14,10.135697364807129
2022-10-17,10.204704284667969
2022-10-18,9.971803665161133
2022-10-19,9.79927921295166
2022-10-20,9.72164535522461
2022-10-21,9.626754760742188
2022-10-24,9.738895416259766
2022-10-25,9.833784103393555
2022-10-26,9.885539054870605
2022-10-27,9.876914024353027
2022-10-28,10.109821319580078
2022-10-31,9.713018417358398
2022-11-01,9.618128776550293
2022-11-02,9.695765495300293
2022-11-03,9.618128776550293
2022-11-04,9.842408180236816
2022-11-07,9.678512573242188
2022-11-08,9.678512573242188
2022-11-09,9.774426460266113
2022-11-10,9.913936614990234
2022-11-11,9.879058837890625
2022-11-14,9.835461616516113
2022-11-15,9.791864395141602
2022-11-16,9.922656059265137
2022-11-17,9.913936614990234
2022-11-18,10.03600788116455
2022-11-21,9.992409706115723
2022-11-22,9.992409706115723
2022-11-23,10.027288436889648
2022-11-25,10.19295597076416
2022-11-28,10.158077239990234
2022-11-29,10.123200416564941
2022-11-30,10.201674461364746
2022-12-01,10.271430015563965
2022-12-02,10.349905014038086
2022-12-05,10.323747634887695
2022-12-06,10.349905014038086
2022-12-07,10.288867950439453
2022-12-08,10.288867950439453
2022-12-09,10.2191162109375
2022-12-12,10.306306838989258
2022-12-13,10.419658660888672
2022-12-14,10.236553192138672
2022-12-15,9.95753288269043
2022-12-16,9.826743125915527
2022-12-19,9.913936614990234
2022-12-20,10.001130104064941
2022-12-21,9.940094947814941
2022-12-22,9.818022727966309
2022-12-23,9.852901458740234
2022-12-27,9.722107887268066
2022-12-28,9.608757972717285
2022-12-29,9.783145904541016
2022-12-30,9.730828285217285
2023-01-03,9.818022727966309
2023-01-04,9.722107887268066
2023-01-05,9.530282974243164
2023-01-06,9.626194953918457
2023-01-09,9.730828285217285
2023-01-10,9.826743125915527
2023-01-11,9.791864395141602
2023-01-12,9.861620903015137
2023-01-13,9.89649772644043
2023-01-17,9.791864395141602
2023-01-18,9.791864395141602
2023-01-19,9.835461616516113
2023-01-20,9.835461616516113
2023-01-23,9.521563529968262
2023-01-24,9.565160751342773
2023-01-25,9.774426460266113
2023-01-26,10.070884704589844
2023-01-27,10.027288436889648
2023-01-30,9.870339393615723
2023-01-31,9.887777328491211
2023-02-01,9.879058837890625
2023-02-02,10.070884704589844
2023-02-03,10.201674461364746
2023-02-06,10.28014850616455
2023-02-07,10.288867950439453
2023-02-08,10.112690925598145
2023-02-09,10.139118194580078
2023-02-10,10.183162689208984
2023-02-13,10.191970825195312
2023-02-14,10.15673542022705
2023-02-15,10.14792537689209
2023-02-16,10.086262702941895
2023-02-17,10.130309104919434
2023-02-21,10.051027297973633
2023-02-22,10.042216300964355
2023-02-23,10.015790939331055
2023-02-24,9.971747398376465
2023-02-27,9.96293830871582
2023-02-28,9.927701950073242
2023-03-01,9.96293830871582
2023-03-02,9.883655548095703
2023-03-03,9.910085678100586
2023-03-06,9.866040229797363
2023-03-07,9.689859390258789
2023-03-08,9.628196716308594
2023-03-09,9.17013168334961
2023-03-10,9.117278099060059
2023-03-13,8.465413093566895
2023-03-14,8.192336082458496
2023-03-15,8.095436096191406
2023-03-16,8.465413093566895
2023-03-17,8.1306734085083
2023-03-20,7.980922222137451
2023-03-21,8.41256046295166
2023-03-22,8.483033180236816
2023-03-23,7.9280686378479
2023-03-24,8.007346153259277
2023-03-27,8.007346153259277
2023-03-28,7.94568395614624
2023-03-29,8.033773422241211
2023-03-30,7.94568395614624
2023-03-31,7.848786354064941
2023-04-03,8.1306734085083
2023-04-04,7.998538017272949
2023-04-05,7.593327045440674
2023-04-06,7.64617919921875
2023-04-10,7.619752883911133
2023-04-11,7.602135181427002
2023-04-12,7.74307918548584
2023-04-13,7.884022235870361
2023-04-14,7.769506454467773
2023-04-17,7.884022235870361
2023-04-18,7.919258117675781
2023-04-19,8.016157150268555
2023-04-20,8.016157150268555
2023-04-21,7.954494476318359
2023-04-24,8.016157150268555
2023-04-25,7.90164041519165
2023-04-26,7.892833232879639
2023-04-27,7.910449504852295
2023-04-28,8.007346153259277
2023-05-01,7.884022235870361
2023-05-02,7.593327045440674
2023-05-03,7.575709342956543
2023-05-04,7.293822288513184
2023-05-05,7.417147159576416
2023-05-08,7.240968227386475
2023-05-09,7.0735979080200195
2023-05-10,7.189850807189941
2023-05-11,7.082540512084961
2023-05-12,6.850032329559326
2023-05-15,6.796378135681152
2023-05-16,6.715893745422363
2023-05-17,7.0109992027282715
2023-05-18,7.234564781188965
2023-05-19,6.975229740142822
2023-05-22,7.180908679962158
2023-05-23,7.225621700286865
2023-05-24,7.315047264099121
2023-05-25,7.2435078620910645
2023-05-26,7.3239898681640625
2023-05-30,7.216679096221924
2023-05-31,7.0109992027282715
2023-06-01,7.171966552734375
2023-06-02,7.368703842163086
2023-06-05,7.484957218170166
2023-06-06,7.9142022132873535
2023-06-07,8.057284355163574
2023-06-08,7.824776649475098
2023-06-09,7.681694984436035
2023-06-12,7.476013660430908
2023-06-13,7.690638065338135
2023-06-14,7.467071056365967
2023-06-15,7.6280388832092285
2023-06-16,7.583325386047363
2023-06-20,7.467071056365967
2023-06-21,7.493900299072266
2023-06-22,7.449185848236084
2023-06-23,7.440243721008301
2023-06-26,7.493900299072266
2023-06-27,7.449185848236084
2023-06-28,7.261392116546631
2023-06-29,7.413417339324951
2023-06-30,7.5386128425598145
2023-07-03,7.511784076690674
2023-07-05,7.476013660430908
2023-07-06,7.458128452301025
2023-07-07,7.654867649078369
2023-07-10,7.654867649078369
2023-07-11,7.815832614898682
2023-07-12,8.00362777709961
2023-07-13,8.271906852722168
2023-07-14,8.0662260055542
2023-07-17,8.11093807220459
2023-07-18,8.298734664916992
2023-07-19,8.280847549438477
2023-07-20,8.200364112854004
2023-07-21,8.245078086853027
2023-07-24,8.584898948669434
2023-07-25,8.513355255126953
2023-07-26,8.692209243774414
2023-07-27,8.611726760864258
2023-07-28,8.915775299072266
2023-07-31,8.754806518554688
2023-08-01,8.584898948669434
2023-08-02,8.647497177124023
2023-08-03,8.736921310424805
2023-08-04,8.862117767333984
2023-08-07,9.282418251037598
2023-08-08,9.291363716125488
2023-08-09,9.1827974319458
2023-08-10,8.947572708129883
2023-08-11,9.047091484069824
2023-08-14,9.047091484069824
2023-08-15,8.866150856018066
2023-08-16,8.839009284973145
2023-08-17,8.80281925201416
2023-08-18,8.775677680969238
2023-08-21,8.685208320617676
2023-08-22,8.531408309936523
2023-08-23,8.567596435546875
2023-08-24,8.59473705291748
2023-08-25,8.522360801696777
2023-08-28,8.540453910827637
2023-08-29,8.739490509033203
2023-08-30,8.513315200805664
2023-08-31,8.540453910827637
2023-09-01,8.612831115722656
2023-09-05,8.486172676086426
2023-09-06,8.5495023727417
2023-09-07,8.39570140838623
2023-09-08,8.468076705932617
2023-09-11,8.413796424865723
2023-09-12,8.386652946472168
2023-09-13,8.477124214172363
2023-09-14,8.459031105041504
2023-09-15,8.486172676086426
2023-09-18,8.495219230651855
2023-09-19,8.531408309936523
2023-09-20,8.440936088562012
2023-09-21,8.368560791015625
2023-09-22,8.440936088562012
2023-09-25,8.368560791015625
2023-09-26,8.278088569641113
2023-09-27,8.187618255615234
2023-09-28,8.142383575439453
2023-09-29,8.278088569641113
2023-10-02,8.296182632446289
2023-10-03,8.097146987915039
2023-10-04,8.097146987915039
2023-10-05,8.115242004394531
2023-10-06,8.178570747375488
2023-10-09,8.22380542755127
2023-10-10,8.142383575439453
2023-10-11,8.142383575439453
2023-10-12,8.033818244934082
2023-10-13,7.997629165649414
2023-10-16,7.9795355796813965
2023-10-17,7.961441516876221
2023-10-18,8.079052925109863
2023-10-19,7.961441516876221
2023-10-20,7.889063835144043
2023-10-23,7.653840065002441
2023-10-24,7.581462860107422
2023-10-25,7.581462860107422
2023-10-26,7.6266984939575195
2023-10-27,7.662887096405029
2023-10-30,7.59050989151001
2023-10-31,7.644792556762695
2023-11-01,7.662887096405029
2023-11-02,7.680980205535889
2023-11-03,7.662887096405029
2023-11-06,7.735264301300049
2023-11-07,7.807638645172119
2023-11-08,7.844339370727539
2023-11-09,7.816815376281738
2023-11-10,7.789290428161621
2023-11-13,7.706717491149902
2023-11-14,7.835164546966553
2023-11-15,7.844339370727539
2023-11-16,7.752591609954834
2023-11-17,7.862689971923828
2023-11-20,7.917735576629639
2023-11-21,7.8902130126953125
2023-11-22,7.936086177825928
2023-11-24,8.037007331848145
2023-11-27,7.936086177825928
2023-11-28,8.0003080368042
2023-11-29,8.459040641784668
2023-11-30,8.468214988708496
2023-12-01,8.559962272644043
2023-12-04,8.862726211547852
2023-12-05,8.523263931274414
2023-12-06,8.532437324523926
2023-12-07,8.578311920166016
2023-12-08,8.715932846069336
2023-12-11,8.715932846069336
2023-12-12,8.679232597351074
2023-12-13,8.394817352294922
2023-12-14,9.348982810974121
2023-12-15,9.63339900970459
2023-12-18,9.954512596130371
2023-12-19,10.138004302978516
2023-12-20,10.10130500793457
2023-12-21,10.183878898620605
2023-12-22,10.128829956054688
2023-12-26,10.193052291870117
2023-12-27,10.119654655456543
2023-12-28,10.110480308532715
2023-12-29,10.046258926391602
2024-01-02,10.10130500793457
2024-01-03,9.917813301086426
2024-01-04,9.936161994934082
2024-01-05,9.881113052368164
2024-01-08,9.982035636901855
2024-01-09,10.000384330749512
2024-01-10,9.917813301086426
2024-01-11,10.00955867767334
2024-01-12,10.037083625793457
2024-01-16,9.991211891174316
2024-01-17,9.862764358520508
2024-01-18,9.816892623901367
2024-01-19,10.05543327331543
2024-01-22,10.147178649902344
2024-01-23,10.06460952758789
2024-01-24,10.138004302978516
2024-01-25,10.174703598022461
2024-01-26,10.413246154785156
2024-01-29,10.339847564697266
2024-01-30,10.34902286529541
2024-01-31,10.00955867767334
2024-02-01,9.890287399291992
2024-02-02,9.743494033813477
2024-02-05,9.348982810974121
2024-02-06,9.073742866516113
2024-02-07,8.980871200561523
2024-02-08,8.990159034729004
2024-02-09,9.324501991271973
2024-02-12,9.500960350036621
2024-02-13,9.064457893371582
2024-02-14,9.166617393493652
2024-02-15,9.426663398742676
2024-02-16,9.44523811340332
2024-02-20,9.500960350036621
2024-02-21,9.473099708557129
2024-02-22,9.658846855163574
2024-02-23,9.751721382141113
2024-02-26,9.612410545349121
2024-02-27,9.640273094177246
2024-02-28,9.473099708557129
2024-02-29,9.621698379516602
2024-03-01,9.473099708557129
2024-03-04,9.826019287109375
2024-03-05,9.500960350036621
2024-03-06,9.649560928344727
2024-03-07,9.658846855163574
2024-03-08,9.714571952819824
2024-03-11,9.593835830688477
2024-03-12,9.426663398742676
2024-03-13,9.39880084991455
2024-03-14,9.213053703308105
2024-03-15,9.250204086303711
2024-03-18,9.203766822814941
2024-03-19,9.1201810836792
2024-03-20,9.333789825439453
2024-03-21,9.528823852539062
2024-03-22,9.519536972045898
2024-03-25,9.510250091552734
2024-03-26,9.324501991271973
2024-03-27,9.27806568145752
2024-03-28,9.268778800964355
2024-04-01,9.259490966796875
2024-04-02,9.203766822814941
2024-04-03,9.018019676208496
2024-04-04,8.925145149230957
2024-04-05,8.887996673583984
2024-04-08,8.925145149230957
2024-04-09,8.999444961547852
2024-04-10,8.40505599975586
2024-04-11,8.497926712036133
2024-04-12,8.423628807067871
2024-04-15,8.30289363861084
2024-04-16,8.30289363861084
2024-04-17,8.340041160583496
2024-04-18,8.488639831542969
2024-04-19,8.50721549987793
2024-04-22,8.655811309814453
2024-04-23,8.66510009765625
2024-04-24,8.720824241638184
2024-04-25,8.757974624633789
2024-04-26,8.67438793182373
2024-04-29,8.609375953674316
2024-04-30,8.479353904724121
2024-05-01,8.739398956298828
2024-05-02,8.906573295593262
2024-05-03,9.018019676208496
2024-05-06,9.510250091552734
2024-05-07,9.417376518249512
2024-05-08,9.351585388183594
2024-05-09,9.30459213256836
2024-05-10,9.295193672180176
2024-05-13,9.220005989074707
2024-05-14,9.163615226745605
2024-05-15,9.360984802246094
2024-05-16,9.417377471923828
2024-05-17,9.473767280578613
2024-05-20,9.389180183410645
2024-05-21,9.342185974121094
2024-05-22,9.276398658752441
2024-05-23,9.276398658752441
2024-05-24,9.04143238067627
2024-05-28,8.759474754333496
2024-05-29,8.82526683807373
2024-05-30,9.022634506225586
2024-05-31,9.21060848236084
2024-06-03,8.966243743896484
2024-06-04,8.985041618347168
2024-06-05,9.257600784301758
2024-06-06,9.163615226745605
2024-06-07,9.182413101196289
2024-06-10,9.022634506225586
2024-06-11,8.975642204284668
2024-06-12,9.032033920288086
2024-06-13,8.994439125061035
2024-06-14,8.844062805175781
2024-06-17,8.92864990234375
2024-06-18,8.740678787231445
2024-06-20,8.79706859588623
2024-06-21,8.844062805175781
2024-06-24,8.881657600402832
2024-06-25,8.81586742401123
2024-06-26,8.947446823120117
2024-06-27,8.740678787231445
2024-06-28,9.013236999511719
2024-07-01,8.966243743896484
2024-07-02,8.947446823120117
2024-07-03,9.05083179473877
2024-07-05,8.947446823120117
2024-07-08,8.975642204284668
2024-07-09,8.975642204284668
2024-07-10,9.445571899414062
2024-07-11,9.868507385253906
2024-07-12,9.943696022033691
2024-07-15,10.15046501159668
2024-07-16,10.329039573669434
2024-07-17,10.648589134216309
2024-07-18,10.432422637939453
2024-07-19,10.432422637939453
2024-07-22,10.592198371887207
2024-07-23,10.930546760559082
2024-07-24,11.005736351013184
2024-07-25,11.325287818908691
2024-07-26,11.748223304748535
2024-07-29,11.691832542419434
2024-07-30,11.785819053649902
2024-07-31,11.720027923583984
2024-08-01,11.212504386901855
2024-08-02,11.156113624572754
2024-08-05,10.930546760559082
2024-08-06,11.25009822845459
2024-08-07,11.127917289733887
2024-08-08,11.251350402832031
2024-08-09,11.393771171569824
2024-08-12,11.403267860412598
2024-08-13,11.583667755126953
2024-08-14,11.678616523742676
2024-08-15,11.840027809143066
2024-08-16,11.963460922241211
2024-08-19,11.963460922241211
2024-08-20,11.868512153625488
2024-08-21,11.906492233276367
2024-08-22,11.982449531555176
2024-08-23,12.200830459594727
2024-08-26,12.039419174194336
2024-08-27,11.89699649810791
2024-08-28,11.991945266723633
2024-08-29,12.039419174194336
2024-08-30,12.229315757751465
2024-09-03,11.944470405578613
2024-09-04,11.868512153625488
2024-09-05,11.80204963684082
2024-09-06,11.688111305236816
2024-09-09,11.621647834777832
2024-09-10,11.54568862915039
2024-09-11,11.431750297546387
2024-09-12,11.54568862915039
2024-09-13,11.735583305358887
2024-09-16,11.868512153625488
2024-09-17,11.783059120178223
2024-09-18,11.7545747756958
2024-09-19,12.10588264465332
2024-09-20,12.001440048217773
2024-09-23,12.010934829711914
2024-09-24,11.792553901672363
2024-09-25,11.707101821899414
2024-09-26,11.659626007080078
2024-09-27,11.74507999420166
2024-09-30,11.849522590637207
2024-10-01,11.583667755126953
2024-10-02,11.583667755126953
2024-10-03,11.621647834777832
2024-10-04,11.7545747756958
2024-10-07,11.64063549041748
2024-10-08,11.631143569946289
2024-10-09,11.792553901672363
2024-10-10,11.811543464660645
2024-10-11,12.333757400512695
2024-10-14,12.457191467285156
2024-10-15,12.56163215637207
2024-10-16,12.29577922821045
2024-10-17,12.409716606140137
2024-10-18,12.504664421081543
2024-10-21,12.419210433959961
2024-10-22,12.637592315673828
2024-10-23,12.751529693603516
2024-10-24,13.131321907043457
2024-10-25,13.435155868530273
2024-10-28,13.691515922546387
2024-10-29,14.318172454833984
2024-10-30,14.280195236206055
2024-10-31,14.061813354492188
2024-11-01,14.004844665527344
2024-11-04,13.814948081970215
2024-11-05,13.833937644958496
2024-11-06,15.419571876525879
2024-11-07,14.931730270385742
2024-11-08,15.20913028717041
2024-11-11,15.467398643493652
2024-11-12,15.534358024597168
2024-11-13,15.945673942565918
2024-11-14,15.974370002746582
2024-11-15,15.79262638092041
2024-11-18,15.658709526062012
2024-11-19,15.591748237609863
2024-11-20,15.658709526062012
2024-11-21,16.070024490356445
2024-11-22,16.41438102722168
2024-11-25,16.605693817138672
2024-11-26,16.682218551635742
2024-11-27,16.672649383544922
2024-11-29,16.576997756958008
2024-12-02,16.95961570739746
2024-12-03,16.93092155456543
2024-12-04,17.46658706665039
2024-12-05,17.18918800354004
2024-12-06,16.797000885009766
2024-12-09,16.768306732177734
2024-12-10,16.596126556396484
2024-12-11,16.385683059692383
2024-12-12,16.500473022460938
2024-12-13,16.433513641357422
2024-12-16,16.452646255493164
2024-12-17,16.165679931640625
2024-12-18,15.065648078918457
2024-12-19,15.170868873596191
2024-12-20,15.285653114318848
2024-12-23,15.094344139099121
2024-12-24,14.99869155883789
2024-12-26,14.969992637634277
2024-12-27,14.883904457092285
2024-12-30,14.912599563598633
2024-12-31,15.123041152954102
2025-01-02,14.654332160949707
2025-01-03,14.903035163879395
2025-01-06,14.855207443237305
2025-01-07,14.740421295166016
2025-01-08,14.434325218200684
2025-01-10,13.975180625915527
2025-01-13,14.023009300231934
2025-01-14,14.243016242980957
2025-01-15,14.864773750305176
2025-01-16,14.969992637634277
2025-01-17,15.008255004882812
2025-01-21,15.266524314880371
2025-01-22,15.103910446166992
2025-01-23,15.084779739379883
2025-01-24,13.573431015014648
2025-01-27,12.463834762573242
2025-01-28,12.884716033935547
2025-01-29,12.951674461364746
2025-01-30,13.286466598510742
2025-01-31,12.702971458435059
2025-02-03,13.17168140411377
2025-02-04,13.898656845092773
2025-02-05,14.156928062438965
2025-02-06,14.359444618225098
2025-02-07,14.176214218139648
2025-02-10,13.877259254455566
2025-02-11,13.973695755004883
2025-02-12,13.626523971557617
2025-02-13,13.935121536254883
2025-02-14,13.906190872192383
2025-02-18,13.79046630859375
2025-02-19,13.491512298583984
2025-02-20,13.424006462097168
2025-02-21,13.115408897399902
2025-02-24,12.739304542541504
2025-02-25,12.864673614501953
2025-02-26,12.517498970031738
2025-02-27,12.91289234161377
2025-02-28,12.729660987854004
2025-03-03,12.565717697143555
2025-03-04,12.228190422058105
2025-03-05,11.919590950012207
2025-03-06,12.044960975646973
2025-03-07,11.79422378540039
2025-03-10,11.562775611877441
2025-03-11,11.398832321166992
2025-03-12,12.218546867370605
2025-03-13,11.97745418548584
2025-03-14,11.99674129486084
2025-03-17,12.064248085021973
2025-03-18,12.01602840423584
2025-03-19,12.199258804321289
2025-03-20,12.025672912597656
2025-03-21,11.774935722351074
2025-03-24,12.073890686035156
2025-03-25,11.74600601196289
2025-03-26,11.717074394226074
2025-03-27,11.707430839538574
2025-03-28,11.524200439453125
2025-03-31,11.591707229614258
2025-04-01,11.437407493591309
2025-04-02,11.668856620788574
2025-04-03,10.694844245910645
2025-04-04,10.656270027160645
2025-04-07,10.646625518798828
2025-04-08,10.463397026062012
2025-04-09,11.04201602935791
2025-04-10,10.395890235900879
2025-04-11,10.164441108703613
2025-04-14,10.23194694519043
2025-04-15,10.810568809509277
2025-04-16,10.810568809509277
2025-04-17,11.20595932006836
2025-04-21,10.627338409423828
2025-04-22,11.20595932006836
2025-04-23,11.23488998413086
2025-04-24,11.533844947814941
2025-04-25,11.697787284851074
2025-04-28,12.372845649719238
2025-04-29,12.189615249633789
2025-04-30,12.382488250732422
2025-05-01,12.334269523620605
2025-05-02,12.691086769104004
2025-05-05,12.478924751281738
2025-05-06,12.324625968933105
2025-05-07,12.151040077209473
2025-05-08,12.462604522705078
2025-05-09,12.540496826171875
2025-05-12,12.608651161193848
2025-05-13,12.92021656036377
2025-05-14,12.80337905883789
2025-05-15,12.988371849060059
2025-05-16,12.783906936645508
2025-05-19,12.80337905883789
2025-05-20,12.725488662719727
2025-05-21,12.491814613342285
2025-05-22,12.423660278320312
2025-05-23,12.043939590454102
2025-05-27,12.511287689208984
2025-05-28,12.365241050720215
2025-05-29,12.248404502868652
2025-05-30,11.995256423950195
2025-06-02,11.625273704528809
2025-06-03,11.732375144958496
2025-06-04,11.625273704528809
2025-06-05,11.703166007995605
2025-06-06,12.014731407165527
2025-06-09,11.946576118469238
2025-06-10,12.238667488098145
2025-06-11,12.306822776794434
2025-06-12,12.1023588180542
2025-06-13,11.518173217773438
2025-06-16,11.313709259033203
2025-06-17,11.381863594055176
2025-06-18,11.430545806884766
2025-06-20,11.430545806884766
2025-06-23,11.566855430603027
2025-06-24,11.927103042602539
2025-06-25,11.742112159729004
2025-06-26,12.131567001342773
2025-06-27,12.550232887268066
2025-06-30,12.64759635925293
2025-07-01,13.280464172363281
2025-07-02,13.533609390258789
2025-07-03,13.747811317443848
2025-07-07,13.2025728225708
2025-07-08,13.436246871948242
2025-07-09,13.436246871948242
2025-07-10,13.290200233459473
2025-07-11,13.124680519104004
2025-07-14,13.416773796081543
2025-07-15,12.939689636230469
2025-07-16,12.871535301208496
2025-07-17,13.231781959533691
2025-07-18,13.504401206970215
2025-07-21,13.455718994140625
2025-07-22,13.260991096496582
2025-07-23,13.407037734985352
2025-07-24,12.891007423400879
2025-07-25,13.066262245178223
2025-07-28,13.436246871948242
2025-07-29,12.793643951416016
2025-07-30,12.589179992675781
2025-07-31,12.462604522705078
2025-08-01,12.462604522705078
2025-08-04,12.43339729309082
2025-08-05,12.491814613342285
2025-08-06,12.413923263549805
2025-08-07,12.345121383666992
2025-08-08,12.502384185791016
2025-08-11,12.64981746673584
2025-08-12,13.43613052368164
2025-08-13,13.711339950561523
2025-08-14,13.681853294372559
2025-08-15,13.485275268554688
2025-08-18,13.455788612365723
2025-08-19,13.475445747375488
2025-08-20,13.554078102111816
2025-08-21,13.337841033935547
2025-08-22,14.055352210998535
2025-08-25,13.819458961486816
2025-08-26,13.947233200073242
2025-08-27,13.97672176361084
2025-08-28,13.878432273864746
2025-08-29,14.29124641418457
2025-09-02,14.075010299682617
2025-09-03,13.907917976379395
2025-09-04,14.065181732177734
2025-09-05,14.016036987304688
2025-09-08,14.399364471435547
2025-09-09,14.3600492477417
2025-09-10,14.3600492477417
2025-09-11,14.399364471435547
2025-09-12,14.212615013122559
2025-09-15,14.281416893005371
2025-09-16,13.96689224243164
2025-09-17,13.96689224243164
2025-09-18,14.29124641418457
2025-09-19,14.477994918823242
2025-09-22,14.153640747070312
2025-09-23,14.025866508483887
2025-09-24,14.104496955871582
2025-09-25,13.986550331115723
2025-09-26,13.996377944946289
2025-09-29,13.730998039245605
2025-09-30,13.681853294372559
2025-10-01,13.426301002502441
2025-10-02,13.328012466430664
2025-10-03,13.554078102111816
2025-10-06,13.534420013427734
2025-10-07,13.308354377746582
2025-10-08,13.485275268554688
2025-10-09,13.2985258102417
2025-10-10,12.836566925048828
2025-10-13,13.131434440612793
2025-10-14,13.43613052368164
2025-10-15,13.367328643798828
2025-10-16,12.90536880493164
2025-10-17,12.895540237426758
2025-10-20,13.219894409179688
2025-10-21,13.308354377746582
2025-10-22,13.347670555114746
2025-10-23,13.160921096801758
2025-10-24,13.406644821166992
2025-10-27,13.44596004486084
2025-10-28,13.465617179870605
2025-10-29,13.17074966430664
2025-10-30,13.160921096801758
2025-10-31,13.12160587310791
2025-11-03,13.131434440612793
2025-11-04,13.062631607055664
2025-11-05,13.269039154052734
2025-11-06,12.991361618041992
2025-11-07,12.991361618041992
2025-11-10,13.140117645263672
2025-11-11,13.070697784423828
2025-11-12,13.199620246887207
2025-11-13,13.2095365524292
2025-11-14,13.090531349182129
2025-11-17,12.545092582702637
2025-11-18,12.564927101135254
2025-11-19,12.525259017944336
2025-11-20,12.644264221191406
2025-11-21,13.001277923583984
2025-11-24,13.06078052520752
2025-11-25,13.407878875732422
2025-11-26,13.44754695892334
2025-11-28,13.338458061218262
2025-12-01,13.348376274108887
2025-12-02,13.298789978027344
2025-12-03,13.566551208496094
2025-12-04,13.526883125305176
2025-12-05,13.655805587768555
2025-12-08,13.635971069335938
2025-12-09,13.745058059692383
2025-12-10,14.488838195800781
2025-12-11,14.578092575073242
2025-12-12,14.647512435913086
2025-12-15,14.756599426269531
2025-12-16,14.667346000671387
2025-12-17,14.76651668548584
2025-12-18,14.925189971923828
2025-12-19,14.76651668548584
2025-12-22,14.290496826171875
2025-12-23,14.3202486038208
2025-12-24,14.340083122253418
2025-12-26,14.141741752624512
2025-12-29,14.072321891784668
2025-12-30,14.121907234191895
2025-12-31,14.002902030944824
2026-01-02,13.864063262939453
2026-01-05,14.18140983581543
2026-01-06,14.18140983581543
2026-01-07,13.893815040588379
2026-01-08,14.359916687011719
2026-01-09,14.092156410217285
2026-01-12,14.032652854919434
2026-01-13,14.012819290161133
2026-01-14,14.340083122253418
2026-01-15,14.637595176696777
2026-01-16,14.687180519104004
2026-01-20,14.20124340057373
2026-01-21,14.835936546325684
2026-01-22,14.677263259887695
2026-01-23,13.804560661315918
2026-01-26,13.44754695892334
2026-01-27,13.586385726928711
2026-01-28,13.516965866088867
2026-01-29,13.754975318908691
2026-01-30,13.864063262939453
2026-02-02,14.379751205444336
2026-02-03,14.419419288635254
2026-02-04,14.350000381469727
2026-02-05,14.220000267028809
2026-02-06,14.199999809265137
2026-02-09,14.100000381469727
2026-02-10,14.010000228881836
2026-02-11,14.010000228881836
2026-02-12,14.09000015258789
2026-02-13,14.050000190734863
2026-02-17,14.149999618530273
2026-02-18,13.949999809265137
2026-02-19,13.960000038146973
2026-02-20,14.09000015258789
2026-02-23,13.390000343322754
2026-02-24,13.279999732971191
2026-02-25,13.65999984741211
2026-02-26,13.760000228881836
2026-02-27,13.359999656677246
2026-03-02,13.680000305175781
2026-03-03,13.390000343322754
2026-03-04,13.550000190734863
2026-03-05,13.289999961853027
2026-03-06,13.130000114440918
2026-03-09,13.069999694824219
2026-03-10,12.890000343322754
2026-03-11,13.140000343322754
2026-03-12,12.970000267028809
2026-03-13,12.949999809265137
2026-03-16,13.140000343322754
2026-03-17,12.899999618530273
2026-03-18,12.619999885559082
2026-03-19,12.619999885559082
2026-03-20,12.470000267028809
2026-03-23,12.920000076293945
2026-03-24,13.210000038146973
2026-03-25,13.289999961853027
2026-03-26,13.300000190734863
2026-03-27,13.130000114440918
2026-03-30,13.380000114440918
2026-03-31,13.300000190734863
2026-04-01,13.539999961853027
2026-04-02,13.600000381469727
2026-04-06,13.6899995803833
2026-04-07,13.710000038146973
