Date,Close
1994-08-25,3.4243829250335693
1994-08-26,3.4243829250335693
1994-08-29,3.4243829250335693
1994-08-30,3.4243829250335693
1994-08-31,3.4243829250335693
1994-09-01,3.4243829250335693
1994-09-02,3.449195623397827
1994-09-06,3.4243829250335693
1994-09-07,3.4243829250335693
1994-09-08,3.4243829250335693
1994-09-09,3.4243829250335693
1994-09-12,3.4243829250335693
1994-09-13,3.4243829250335693
1994-09-14,3.374753713607788
1994-09-15,3.374753713607788
1994-09-16,3.374753713607788
1994-09-19,3.3499388694763184
1994-09-20,3.3003106117248535
1994-09-21,3.3003106117248535
1994-09-22,3.225867986679077
1994-09-23,3.2506823539733887
1994-09-26,3.3076748847961426
1994-09-27,3.3585622310638428
1994-09-28,3.3585622310638428
1994-09-29,3.333120107650757
1994-09-30,3.333120107650757
1994-10-03,3.333120107650757
1994-10-04,3.2313454151153564
1994-10-05,3.2313454151153564
1994-10-06,3.1295700073242188
1994-10-07,3.1550140380859375
1994-10-10,3.1295700073242188
1994-10-11,3.1041276454925537
1994-10-12,3.02779483795166
1994-10-13,3.1550140380859375
1994-10-14,3.256788492202759
1994-10-17,3.205901622772217
1994-10-18,3.256788492202759
1994-10-19,3.256788492202759
1994-10-20,3.180457830429077
1994-10-21,3.1550140380859375
1994-10-24,3.205901622772217
1994-10-25,3.1550140380859375
1994-10-26,3.1550140380859375
1994-10-27,3.180457830429077
1994-10-28,3.205901622772217
1994-10-31,3.2313454151153564
1994-11-01,3.205901622772217
1994-11-02,3.1550140380859375
1994-11-03,3.1550140380859375
1994-11-04,3.1550140380859375
1994-11-07,3.1041276454925537
1994-11-08,3.1295700073242188
1994-11-09,3.1041276454925537
1994-11-10,3.0786831378936768
1994-11-11,3.053238868713379
1994-11-14,3.0786831378936768
1994-11-15,3.180457830429077
1994-11-16,3.1041276454925537
1994-11-17,3.1295700073242188
1994-11-18,3.1550140380859375
1994-11-21,3.1295700073242188
1994-11-22,3.02779483795166
1994-11-23,3.0786831378936768
1994-11-25,3.1295700073242188
1994-11-28,3.1550140380859375
1994-11-29,3.180457830429077
1994-11-30,3.180457830429077
1994-12-01,3.1295700073242188
1994-12-02,3.205901622772217
1994-12-05,3.1550140380859375
1994-12-06,3.180457830429077
1994-12-07,3.1295700073242188
1994-12-08,3.0786831378936768
1994-12-09,3.1041276454925537
1994-12-12,3.1041276454925537
1994-12-13,3.1041276454925537
1994-12-14,3.0786831378936768
1994-12-15,3.1295700073242188
1994-12-16,3.2313454151153564
1994-12-19,3.205901622772217
1994-12-20,3.180457830429077
1994-12-21,3.180457830429077
1994-12-22,3.205901622772217
1994-12-23,3.212167263031006
1994-12-27,3.186054229736328
1994-12-28,3.159938335418701
1994-12-29,3.159938335418701
1994-12-30,3.342744827270508
1995-01-03,3.290515184402466
1995-01-04,3.290515184402466
1995-01-05,3.2643990516662598
1995-01-06,3.2643990516662598
1995-01-09,3.3166298866271973
1995-01-10,3.3166298866271973
1995-01-11,3.3166298866271973
1995-01-12,3.3166298866271973
1995-01-13,3.368861198425293
1995-01-16,3.4994354248046875
1995-01-17,3.4733219146728516
1995-01-18,3.4994354248046875
1995-01-19,3.4472060203552246
1995-01-20,3.4733219146728516
1995-01-23,3.4472060203552246
1995-01-24,3.394975423812866
1995-01-25,3.394975423812866
1995-01-26,3.394975423812866
1995-01-27,3.4210915565490723
1995-01-30,3.368861198425293
1995-01-31,3.342744827270508
1995-02-01,3.368861198425293
1995-02-02,3.368861198425293
1995-02-03,3.4210915565490723
1995-02-06,3.342744827270508
1995-02-07,3.368861198425293
1995-02-08,3.394975423812866
1995-02-09,3.342744827270508
1995-02-10,3.342744827270508
1995-02-13,3.368861198425293
1995-02-14,3.342744827270508
1995-02-15,3.394975423812866
1995-02-16,3.368861198425293
1995-02-17,3.342744827270508
1995-02-21,3.342744827270508
1995-02-22,3.3166298866271973
1995-02-23,3.368861198425293
1995-02-24,3.394975423812866
1995-02-27,3.342744827270508
1995-02-28,3.342744827270508
1995-03-01,3.368861198425293
1995-03-02,3.290515184402466
1995-03-03,3.290515184402466
1995-03-06,3.290515184402466
1995-03-07,3.2382843494415283
1995-03-08,3.2643990516662598
1995-03-09,3.342744827270508
1995-03-10,3.4472060203552246
1995-03-13,3.525550365447998
1995-03-14,3.551666259765625
1995-03-15,3.4733219146728516
1995-03-16,3.4733219146728516
1995-03-17,3.551666259765625
1995-03-20,3.551666259765625
1995-03-21,3.551666259765625
1995-03-22,3.551666259765625
1995-03-23,3.603898048400879
1995-03-24,3.603898048400879
1995-03-27,3.603898048400879
1995-03-28,3.603898048400879
1995-03-29,3.630011558532715
1995-03-30,3.630011558532715
1995-03-31,3.630011558532715
1995-04-03,3.6364288330078125
1995-04-04,3.582951545715332
1995-04-05,3.582951545715332
1995-04-06,3.582951545715332
1995-04-07,3.609689712524414
1995-04-10,3.609689712524414
1995-04-11,3.582951545715332
1995-04-12,3.609689712524414
1995-04-13,3.582951545715332
1995-04-17,3.6364288330078125
1995-04-18,3.6364288330078125
1995-04-19,3.609689712524414
1995-04-20,3.5294759273529053
1995-04-21,3.5294759273529053
1995-04-24,3.5562148094177246
1995-04-25,3.609689712524414
1995-04-26,3.5562148094177246
1995-04-27,3.609689712524414
1995-04-28,3.582951545715332
1995-05-01,3.609689712524414
1995-05-02,3.663167953491211
1995-05-03,3.6899073123931885
1995-05-04,3.6899073123931885
1995-05-05,3.7433817386627197
1995-05-08,3.7701213359832764
1995-05-09,3.7968602180480957
1995-05-10,3.823596954345703
1995-05-11,3.8503363132476807
1995-05-12,3.8503363132476807
1995-05-15,3.7968602180480957
1995-05-16,3.8503363132476807
1995-05-17,3.823596954345703
1995-05-18,3.8503363132476807
1995-05-19,3.7968602180480957
1995-05-22,3.7701213359832764
1995-05-23,3.716644048690796
1995-05-24,3.663167953491211
1995-05-25,3.6899073123931885
1995-05-26,3.716644048690796
1995-05-30,3.7701213359832764
1995-05-31,3.7968602180480957
1995-06-01,3.8503363132476807
1995-06-02,3.9038138389587402
1995-06-05,3.9840288162231445
1995-06-06,3.9572911262512207
1995-06-07,3.9305520057678223
1995-06-08,3.9572911262512207
1995-06-09,3.9305520057678223
1995-06-12,3.9572911262512207
1995-06-13,4.010768413543701
1995-06-14,3.9840288162231445
1995-06-15,3.9572911262512207
1995-06-16,4.03750467300415
1995-06-19,4.03750467300415
1995-06-20,4.03750467300415
1995-06-21,4.03750467300415
1995-06-22,4.064243793487549
1995-06-23,4.010768413543701
1995-06-26,3.9840288162231445
1995-06-27,4.03750467300415
1995-06-28,4.03750467300415
1995-06-29,3.9840288162231445
1995-06-30,4.144458293914795
1995-07-03,4.151014804840088
1995-07-05,4.178322792053223
1995-07-06,4.20563268661499
1995-07-07,4.178322792053223
1995-07-10,4.20563268661499
1995-07-11,4.20563268661499
1995-07-12,4.178322792053223
1995-07-13,4.178322792053223
1995-07-14,4.232941627502441
1995-07-17,4.232941627502441
1995-07-18,4.260252475738525
1995-07-19,4.151014804840088
1995-07-20,4.1237053871154785
1995-07-21,4.1237053871154785
1995-07-24,4.151014804840088
1995-07-25,4.151014804840088
1995-07-26,4.1237053871154785
1995-07-27,4.151014804840088
1995-07-28,4.151014804840088
1995-07-31,4.232941627502441
1995-08-01,4.232941627502441
1995-08-02,4.232941627502441
1995-08-03,4.260252475738525
1995-08-04,4.232941627502441
1995-08-07,4.232941627502441
1995-08-08,4.260252475738525
1995-08-09,4.20563268661499
1995-08-10,4.20563268661499
1995-08-11,4.232941627502441
1995-08-14,4.260252475738525
1995-08-15,4.287562370300293
1995-08-16,4.232941627502441
1995-08-17,4.260252475738525
1995-08-18,4.232941627502441
1995-08-21,4.232941627502441
1995-08-22,4.232941627502441
1995-08-23,4.260252475738525
1995-08-24,4.260252475738525
1995-08-25,4.232941627502441
1995-08-28,4.20563268661499
1995-08-29,4.20563268661499
1995-08-30,4.20563268661499
1995-08-31,4.20563268661499
1995-09-01,4.232941627502441
1995-09-05,4.0963945388793945
1995-09-06,4.178322792053223
1995-09-07,4.178322792053223
1995-09-08,4.260252475738525
1995-09-11,4.260252475738525
1995-09-12,4.232941627502441
1995-09-13,4.178322792053223
1995-09-14,4.178322792053223
1995-09-15,4.232941627502441
1995-09-18,4.232941627502441
1995-09-19,4.260252475738525
1995-09-20,4.314868450164795
1995-09-21,4.342177867889404
1995-09-22,4.36948823928833
1995-09-25,4.36948823928833
1995-09-26,4.36948823928833
1995-09-27,4.396796703338623
1995-09-28,4.396796703338623
1995-09-29,4.424107074737549
1995-10-02,4.4073686599731445
1995-10-03,4.379476547241211
1995-10-04,4.463159561157227
1995-10-05,4.4073686599731445
1995-10-06,4.4073686599731445
1995-10-09,4.295791149139404
1995-10-10,4.267894744873047
1995-10-11,4.4073686599731445
1995-10-12,4.379476547241211
1995-10-13,4.4073686599731445
1995-10-16,4.323685646057129
1995-10-17,4.295791149139404
1995-10-18,4.3515801429748535
1995-10-19,4.267894744873047
1995-10-20,4.3515801429748535
1995-10-23,4.435263633728027
1995-10-24,4.463159561157227
1995-10-25,4.463159561157227
1995-10-26,4.546844959259033
1995-10-27,4.491053581237793
1995-10-30,4.463159561157227
1995-10-31,4.3515801429748535
1995-11-01,4.463159561157227
1995-11-02,4.4073686599731445
1995-11-03,4.379476547241211
1995-11-06,4.379476547241211
1995-11-07,4.435263633728027
1995-11-08,4.379476547241211
1995-11-09,4.379476547241211
1995-11-10,4.379476547241211
1995-11-13,4.435263633728027
1995-11-14,4.379476547241211
1995-11-15,4.323685646057129
1995-11-16,4.3515801429748535
1995-11-17,4.435263633728027
1995-11-20,4.379476547241211
1995-11-21,4.3515801429748535
1995-11-22,4.3515801429748535
1995-11-24,4.379476547241211
1995-11-27,4.3515801429748535
1995-11-28,4.379476547241211
1995-11-29,4.4073686599731445
1995-11-30,4.4073686599731445
1995-12-01,4.435263633728027
1995-12-04,4.435263633728027
1995-12-05,4.463159561157227
1995-12-06,4.518949508666992
1995-12-07,4.546844959259033
1995-12-08,4.546844959259033
1995-12-11,4.546844959259033
1995-12-12,4.546844959259033
1995-12-13,4.546844959259033
1995-12-14,4.602632999420166
1995-12-15,4.602632999420166
1995-12-18,4.602632999420166
1995-12-19,4.602632999420166
1995-12-20,4.546844959259033
1995-12-21,4.630528926849365
1995-12-22,4.686318874359131
1995-12-26,4.686318874359131
1995-12-27,4.797893524169922
1995-12-28,4.853686809539795
1995-12-29,4.881579875946045
1996-01-02,4.864512920379639
1996-01-03,4.864512920379639
1996-01-04,4.807616710662842
1996-01-05,4.7222747802734375
1996-01-08,4.7222747802734375
1996-01-09,4.779171943664551
1996-01-10,4.750723838806152
1996-01-11,4.779171943664551
1996-01-12,4.864512920379639
1996-01-15,4.836063385009766
1996-01-16,4.864512920379639
1996-01-17,4.836063385009766
1996-01-18,4.864512920379639
1996-01-19,4.921408176422119
1996-01-22,4.921408176422119
1996-01-23,4.921408176422119
1996-01-24,4.949853897094727
1996-01-25,4.949853897094727
1996-01-26,4.921408176422119
1996-01-29,4.921408176422119
1996-01-30,4.921408176422119
1996-01-31,4.921408176422119
1996-02-01,4.9783034324646
1996-02-02,4.949853897094727
1996-02-05,5.006750106811523
1996-02-06,5.092092990875244
1996-02-07,5.177433967590332
1996-02-08,5.262775897979736
1996-02-09,5.177433967590332
1996-02-12,5.234328269958496
1996-02-13,5.205881595611572
1996-02-14,5.291225433349609
1996-02-15,5.319671154022217
1996-02-16,5.3765645027160645
1996-02-20,5.234328269958496
1996-02-21,5.035196304321289
1996-02-22,5.12053918838501
1996-02-23,5.148987770080566
1996-02-26,5.148987770080566
1996-02-27,5.205881595611572
1996-02-28,5.205881595611572
1996-02-29,5.148987770080566
1996-03-01,5.12053918838501
1996-03-04,5.177433967590332
1996-03-05,5.177433967590332
1996-03-06,5.234328269958496
1996-03-07,5.177433967590332
1996-03-08,5.12053918838501
1996-03-11,5.092092990875244
1996-03-12,5.063643932342529
1996-03-13,4.89295768737793
1996-03-14,4.949853897094727
1996-03-15,4.9783034324646
1996-03-18,5.148987770080566
1996-03-19,5.12053918838501
1996-03-20,5.12053918838501
1996-03-21,5.092092990875244
1996-03-22,5.035196304321289
1996-03-25,5.035196304321289
1996-03-26,4.9783034324646
1996-03-27,4.9783034324646
1996-03-28,5.006750106811523
1996-03-29,5.092092990875244
1996-04-01,5.103691101074219
1996-04-02,5.103691101074219
1996-04-03,5.132688522338867
1996-04-04,5.1616902351379395
1996-04-08,5.0456929206848145
1996-04-09,4.987697124481201
1996-04-10,5.2196855545043945
1996-04-11,5.0746941566467285
1996-04-12,5.103691101074219
1996-04-15,5.103691101074219
1996-04-16,5.0456929206848145
1996-04-17,5.0456929206848145
1996-04-18,5.103691101074219
1996-04-19,5.0746941566467285
1996-04-22,5.1616902351379395
1996-04-23,5.103691101074219
1996-04-24,5.190684795379639
1996-04-25,5.132688522338867
1996-04-26,5.190684795379639
1996-04-29,5.277681827545166
1996-04-30,5.306678295135498
1996-05-01,5.277681827545166
1996-05-02,5.335676670074463
1996-05-03,5.335676670074463
1996-05-06,5.364676475524902
1996-05-07,5.364676475524902
1996-05-08,5.364676475524902
1996-05-09,5.306678295135498
1996-05-10,5.364676475524902
1996-05-13,5.422673225402832
1996-05-14,5.335676670074463
1996-05-15,5.335676670074463
1996-05-16,5.364676475524902
1996-05-17,5.364676475524902
1996-05-20,5.335676670074463
1996-05-21,5.306678295135498
1996-05-22,5.335676670074463
1996-05-23,5.306678295135498
1996-05-24,5.248681545257568
1996-05-28,5.248681545257568
1996-05-29,5.103691101074219
1996-05-30,5.132688522338867
1996-05-31,5.190684795379639
1996-06-03,5.1616902351379395
1996-06-04,5.2196855545043945
1996-06-05,5.248681545257568
1996-06-06,5.2196855545043945
1996-06-07,5.2196855545043945
1996-06-10,5.364676475524902
1996-06-11,5.306678295135498
1996-06-12,5.364676475524902
1996-06-13,5.277681827545166
1996-06-14,5.335676670074463
1996-06-17,5.306678295135498
1996-06-18,5.277681827545166
1996-06-19,5.277681827545166
1996-06-20,5.306678295135498
1996-06-21,5.393672466278076
1996-06-24,5.451668739318848
1996-06-25,5.480668544769287
1996-06-26,5.509665489196777
1996-06-27,5.7126545906066895
1996-06-28,5.625661849975586
1996-07-01,5.578436374664307
1996-07-02,5.578436374664307
1996-07-03,5.6669816970825195
1996-07-05,5.6669816970825195
1996-07-08,5.6669816970825195
1996-07-09,5.6669816970825195
1996-07-10,5.726015090942383
1996-07-11,5.696495532989502
1996-07-12,5.637466907501221
1996-07-15,5.519404411315918
1996-07-16,5.430859088897705
1996-07-17,5.430859088897705
1996-07-18,5.460373401641846
1996-07-19,5.460373401641846
1996-07-22,5.401340484619141
1996-07-23,5.430859088897705
1996-07-24,5.342309474945068
1996-07-25,5.371828079223633
1996-07-26,5.430859088897705
1996-07-29,5.460373401641846
1996-07-30,5.342309474945068
1996-07-31,5.460373401641846
1996-08-01,5.401340484619141
1996-08-02,5.607950687408447
1996-08-05,5.607950687408447
1996-08-06,5.489886283874512
1996-08-07,5.519404411315918
1996-08-08,5.489886283874512
1996-08-09,5.489886283874512
1996-08-12,5.5489182472229
1996-08-13,5.607950687408447
1996-08-14,5.637466907501221
1996-08-15,5.607950687408447
1996-08-16,5.637466907501221
1996-08-19,5.785040378570557
1996-08-20,5.814558506011963
1996-08-21,5.755527496337891
1996-08-22,5.755527496337891
1996-08-23,5.903101921081543
1996-08-26,5.844073295593262
1996-08-27,5.99165153503418
1996-08-28,5.873590469360352
1996-08-29,5.932623863220215
1996-08-30,5.932623863220215
1996-09-03,5.932623863220215
1996-09-04,5.99165153503418
1996-09-05,5.932623863220215
1996-09-06,5.932623863220215
1996-09-09,5.962133884429932
1996-09-10,5.99165153503418
1996-09-11,5.99165153503418
1996-09-12,5.99165153503418
1996-09-13,5.99165153503418
1996-09-16,6.021167755126953
1996-09-17,6.050684452056885
1996-09-18,6.050684452056885
1996-09-19,5.99165153503418
1996-09-20,5.932623863220215
1996-09-23,5.99165153503418
1996-09-24,5.932623863220215
1996-09-25,6.021167755126953
1996-09-26,6.19826078414917
1996-09-27,6.257290363311768
1996-09-30,6.404868125915527
1996-10-01,6.362852573394775
1996-10-02,6.362852573394775
1996-10-03,6.3928656578063965
1996-10-04,6.482903480529785
1996-10-07,6.482903480529785
1996-10-08,6.482903480529785
1996-10-09,6.3928656578063965
1996-10-10,6.452893257141113
1996-10-11,6.512918949127197
1996-10-14,6.572940826416016
1996-10-15,6.542932033538818
1996-10-16,6.512918949127197
1996-10-17,6.452893257141113
1996-10-18,6.3928656578063965
1996-10-21,6.452893257141113
1996-10-22,6.362852573394775
1996-10-23,6.27280855178833
1996-10-24,6.302822589874268
1996-10-25,6.3928656578063965
1996-10-28,6.422878265380859
1996-10-29,6.422878265380859
1996-10-30,6.362852573394775
1996-10-31,6.452893257141113
1996-11-01,6.452893257141113
1996-11-04,6.452893257141113
1996-11-05,6.482903480529785
1996-11-06,6.452893257141113
1996-11-07,6.422878265380859
1996-11-08,6.542932033538818
1996-11-11,6.482903480529785
1996-11-12,6.482903480529785
1996-11-13,6.452893257141113
1996-11-14,6.482903480529785
1996-11-15,6.452893257141113
1996-11-18,6.452893257141113
1996-11-19,6.482903480529785
1996-11-20,6.482903480529785
1996-11-21,6.512918949127197
1996-11-22,6.632969379425049
1996-11-25,6.692998886108398
1996-11-26,6.723015785217285
1996-11-27,6.692998886108398
1996-11-29,6.783039569854736
1996-12-02,6.783039569854736
1996-12-03,6.813052654266357
1996-12-04,6.753025054931641
1996-12-05,6.753025054931641
1996-12-06,6.723015785217285
1996-12-09,6.753025054931641
1996-12-10,6.692998886108398
1996-12-11,6.632969379425049
1996-12-12,6.632969379425049
1996-12-13,6.753025054931641
1996-12-16,6.692998886108398
1996-12-17,6.692998886108398
1996-12-18,6.783039569854736
1996-12-19,6.963117599487305
1996-12-20,7.053163051605225
1996-12-23,7.083171844482422
1996-12-24,7.083171844482422
1996-12-26,7.11318302154541
1996-12-27,7.233241081237793
1996-12-30,7.323277950286865
1996-12-31,7.413320064544678
1997-01-02,7.340226173400879
1997-01-03,7.309764862060547
1997-01-06,7.4011406898498535
1997-01-07,7.43159818649292
1997-01-08,7.340226173400879
1997-01-09,7.43159818649292
1997-01-10,7.492509841918945
1997-01-13,7.553429126739502
1997-01-14,7.979828357696533
1997-01-15,7.888458728790283
1997-01-16,7.76662540435791
1997-01-17,7.736172199249268
1997-01-20,7.614338397979736
1997-01-21,7.644796848297119
1997-01-22,7.827540397644043
1997-01-23,7.76662540435791
1997-01-24,7.949371814727783
1997-01-27,7.888458728790283
1997-01-28,7.827540397644043
1997-01-29,7.918912887573242
1997-01-30,8.040741920471191
1997-01-31,8.040741920471191
1997-02-03,8.071202278137207
1997-02-04,7.949371814727783
1997-02-05,7.797084331512451
1997-02-06,7.736172199249268
1997-02-07,7.827540397644043
1997-02-10,7.857995510101318
1997-02-11,7.888458728790283
1997-02-12,7.979828357696533
1997-02-13,7.949371814727783
1997-02-14,8.040741920471191
1997-02-18,8.01028823852539
1997-02-19,8.040741920471191
1997-02-20,8.071202278137207
1997-02-21,7.979828357696533
1997-02-24,7.918912887573242
1997-02-25,7.76662540435791
1997-02-26,7.705709934234619
1997-02-27,7.736172199249268
1997-02-28,7.797084331512451
1997-03-03,7.797084331512451
1997-03-04,7.797084331512451
1997-03-05,7.979828357696533
1997-03-06,8.193029403686523
1997-03-07,8.375774383544922
1997-03-10,8.345317840576172
1997-03-11,8.497602462768555
1997-03-12,8.345317840576172
1997-03-13,8.253946304321289
1997-03-14,8.253946304321289
1997-03-17,8.223488807678223
1997-03-18,8.193029403686523
1997-03-19,8.162569999694824
1997-03-20,8.101658821105957
1997-03-21,8.101658821105957
1997-03-24,8.223488807678223
1997-03-25,8.375774383544922
1997-03-26,8.375774383544922
1997-03-27,8.193029403686523
1997-03-31,7.797084331512451
1997-04-01,7.722943305969238
1997-04-02,7.81561803817749
1997-04-03,7.722943305969238
1997-04-04,7.599374294281006
1997-04-07,7.722943305969238
1997-04-08,7.692051410675049
1997-04-09,7.661163806915283
1997-04-10,7.630269527435303
1997-04-11,7.506704807281494
1997-04-14,7.506704807281494
1997-04-15,7.568485260009766
1997-04-16,7.506704807281494
1997-04-17,7.383130073547363
1997-04-18,7.506704807281494
1997-04-21,7.661163806915283
1997-04-22,7.692051410675049
1997-04-23,7.444917678833008
1997-04-24,7.352241516113281
1997-04-25,7.290458679199219
1997-04-28,7.290458679199219
1997-04-29,7.414026737213135
1997-04-30,7.290458679199219
1997-05-01,7.568485260009766
1997-05-02,7.599374294281006
1997-05-05,7.599374294281006
1997-05-06,7.475809574127197
1997-05-07,7.444917678833008
1997-05-08,7.414026737213135
1997-05-09,7.599374294281006
1997-05-12,7.630269527435303
1997-05-13,7.537596225738525
1997-05-14,7.475809574127197
1997-05-15,7.352241516113281
1997-05-16,7.383130073547363
1997-05-19,7.2286763191223145
1997-05-20,7.259568214416504
1997-05-21,7.2286763191223145
1997-05-22,7.105107307434082
1997-05-23,7.166887283325195
1997-05-27,7.166887283325195
1997-05-28,7.197784900665283
1997-05-29,7.259568214416504
1997-05-30,7.321348190307617
1997-06-02,7.414026737213135
1997-06-03,7.506704807281494
1997-06-04,7.692051410675049
1997-06-05,7.8465118408203125
1997-06-06,7.8465118408203125
1997-06-09,7.81561803817749
1997-06-10,7.81561803817749
1997-06-11,7.784728050231934
1997-06-12,7.7538347244262695
1997-06-13,7.784728050231934
1997-06-16,7.722943305969238
1997-06-17,7.630269527435303
1997-06-18,7.692051410675049
1997-06-19,7.7538347244262695
1997-06-20,7.630269527435303
1997-06-23,7.692051410675049
1997-06-24,7.738389492034912
1997-06-25,7.7538347244262695
1997-06-26,8.340782165527344
1997-06-27,8.402565002441406
1997-06-30,8.402565002441406
1997-07-01,8.280466079711914
1997-07-02,8.23351001739502
1997-07-03,8.23351001739502
1997-07-07,8.249164581298828
1997-07-08,8.170897483825684
1997-07-09,8.10828685760498
1997-07-10,8.123937606811523
1997-07-11,8.139591217041016
1997-07-14,8.264814376831055
1997-07-15,8.264814376831055
1997-07-16,8.436996459960938
1997-07-17,8.483959197998047
1997-07-18,8.468310356140137
1997-07-21,8.515265464782715
1997-07-22,8.577878952026367
1997-07-23,8.734407424926758
1997-07-24,8.93790054321289
1997-07-25,8.93790054321289
1997-07-28,9.141385078430176
1997-07-29,9.141385078430176
1997-07-30,9.172693252563477
1997-07-31,9.157035827636719
1997-08-01,9.125737190246582
1997-08-04,9.266611099243164
1997-08-05,9.235306739807129
1997-08-06,9.235306739807129
1997-08-07,9.172693252563477
1997-08-08,9.157035827636719
1997-08-11,9.07877254486084
1997-08-12,8.969202041625977
1997-08-13,8.953547477722168
1997-08-14,9.42314338684082
1997-08-15,9.42314338684082
1997-08-18,9.376182556152344
1997-08-19,9.391834259033203
1997-08-20,9.407485008239746
1997-08-21,9.282266616821289
1997-08-22,9.282266616821289
1997-08-25,9.329228401184082
1997-08-26,9.313568115234375
1997-08-27,9.313568115234375
1997-08-28,9.297914505004883
1997-08-29,9.329228401184082
1997-09-02,9.313568115234375
1997-09-03,9.376182556152344
1997-09-04,9.344876289367676
1997-09-05,9.282266616821289
1997-09-08,9.517058372497559
1997-09-09,9.673590660095215
1997-09-10,9.689245223999023
1997-09-11,9.64228630065918
1997-09-12,9.626628875732422
1997-09-15,9.564021110534668
1997-09-16,9.736204147338867
1997-09-17,9.689245223999023
1997-09-18,9.767512321472168
1997-09-19,9.767512321472168
1997-09-22,9.689245223999023
1997-09-23,9.720551490783691
1997-09-24,9.736204147338867
1997-09-25,9.95534610748291
1997-09-26,10.158838272094727
1997-09-29,10.237103462219238
1997-09-30,10.424942016601562
1997-10-01,10.583375930786133
1997-10-02,10.821020126342773
1997-10-03,10.583375930786133
1997-10-06,10.504151344299316
1997-10-07,10.48831558227539
1997-10-08,10.345720291137695
1997-10-09,10.092227935791016
1997-10-10,10.092227935791016
1997-10-13,10.092227935791016
1997-10-14,10.092227935791016
1997-10-15,10.092227935791016
1997-10-16,10.092227935791016
1997-10-17,10.028855323791504
1997-10-20,9.997162818908691
1997-10-21,9.965475082397461
1997-10-22,10.013008117675781
1997-10-23,9.807047843933105
1997-10-24,10.013008117675781
1997-10-27,9.189153671264648
1997-10-28,9.854572296142578
1997-10-29,9.7912015914917
1997-10-30,9.680303573608398
1997-10-31,10.04470157623291
1997-11-03,9.933794021606445
1997-11-04,10.092227935791016
1997-11-05,10.092227935791016
1997-11-06,10.12391471862793
1997-11-07,9.902106285095215
1997-11-10,9.886260986328125
1997-11-11,9.82288932800293
1997-11-12,9.775361061096191
1997-11-13,9.838735580444336
1997-11-14,10.028855323791504
1997-11-17,10.076380729675293
1997-11-18,10.04470157623291
1997-11-19,9.981324195861816
1997-11-20,10.076380729675293
1997-11-21,10.076380729675293
1997-11-24,9.902106285095215
1997-11-25,9.94963550567627
1997-11-26,9.981324195861816
1997-11-28,10.060542106628418
1997-12-01,10.092227935791016
1997-12-02,9.965475082397461
1997-12-03,9.854572296142578
1997-12-04,9.807047843933105
1997-12-05,9.82288932800293
1997-12-08,9.902106285095215
1997-12-09,9.917950630187988
1997-12-10,9.902106285095215
1997-12-11,9.82288932800293
1997-12-12,9.82288932800293
1997-12-15,9.775361061096191
1997-12-16,9.902106285095215
1997-12-17,9.933794021606445
1997-12-18,9.981324195861816
1997-12-19,10.013008117675781
1997-12-22,10.04470157623291
1997-12-23,10.23481273651123
1997-12-24,10.329880714416504
1997-12-26,10.26650333404541
1997-12-29,10.377408027648926
1997-12-30,10.757650375366211
1997-12-31,10.51716423034668
1998-01-02,10.501133918762207
1998-01-05,10.356843948364258
1998-01-06,10.356843948364258
1998-01-07,10.340808868408203
1998-01-08,10.292716026306152
1998-01-09,10.260645866394043
1998-01-12,10.180486679077148
1998-01-13,10.27668285369873
1998-01-14,10.260645866394043
1998-01-15,10.228583335876465
1998-01-16,10.16445541381836
1998-01-20,10.21255111694336
1998-01-21,10.228583335876465
1998-01-22,10.21255111694336
1998-01-23,10.21255111694336
1998-01-26,10.148426055908203
1998-01-27,10.180486679077148
1998-01-28,10.292716026306152
1998-01-29,10.260645866394043
1998-01-30,10.340808868408203
1998-02-02,10.30874252319336
1998-02-03,10.30874252319336
1998-02-04,10.404942512512207
1998-02-05,10.324774742126465
1998-02-06,10.37287712097168
1998-02-09,10.45302963256836
1998-02-10,10.45302963256836
1998-02-11,10.37287712097168
1998-02-12,10.244614601135254
1998-02-13,10.30874252319336
1998-02-17,10.148426055908203
1998-02-18,9.94000244140625
1998-02-19,9.875876426696777
1998-02-20,9.811748504638672
1998-02-23,9.859842300415039
1998-02-24,9.907937049865723
1998-02-25,9.859842300415039
1998-02-26,9.795711517333984
1998-02-27,9.683486938476562
1998-03-02,9.683486938476562
1998-03-03,9.715556144714355
1998-03-04,9.731588363647461
1998-03-05,9.747618675231934
1998-03-06,9.747618675231934
1998-03-09,9.715556144714355
1998-03-10,9.699522018432617
1998-03-11,9.58729362487793
1998-03-12,9.555233001708984
1998-03-13,9.507129669189453
1998-03-16,9.571261405944824
1998-03-17,9.747618675231934
1998-03-18,9.811748504638672
1998-03-19,9.827775001525879
1998-03-20,9.747618675231934
1998-03-23,9.811748504638672
1998-03-24,9.859842300415039
1998-03-25,9.859842300415039
1998-03-26,10.004131317138672
1998-03-27,10.02016830444336
1998-03-30,10.02016830444336
1998-03-31,10.02016830444336
1998-04-01,10.133843421936035
1998-04-02,10.03640079498291
1998-04-03,9.971445083618164
1998-04-06,9.938965797424316
1998-04-07,10.101365089416504
1998-04-08,10.068883895874023
1998-04-09,10.052645683288574
1998-04-13,10.101365089416504
1998-04-14,10.003926277160645
1998-04-15,9.906482696533203
1998-04-16,9.938965797424316
1998-04-17,9.938965797424316
1998-04-20,9.971445083618164
1998-04-21,9.679122924804688
1998-04-22,9.695359230041504
1998-04-23,9.565439224243164
1998-04-24,9.646638870239258
1998-04-27,9.516722679138184
1998-04-28,9.597921371459961
1998-04-29,9.662880897521973
1998-04-30,9.7603178024292
1998-05-01,9.971445083618164
1998-05-04,10.052645683288574
1998-05-05,10.03640079498291
1998-05-06,9.938965797424316
1998-05-07,9.890243530273438
1998-05-08,10.101365089416504
1998-05-11,9.825285911560059
1998-05-12,9.906482696533203
1998-05-13,9.841527938842773
1998-05-14,9.874003410339355
1998-05-15,9.695359230041504
1998-05-18,9.695359230041504
1998-05-19,9.695359230041504
1998-05-20,9.662880897521973
1998-05-21,9.516722679138184
1998-05-22,9.500478744506836
1998-05-26,9.516722679138184
1998-05-27,9.500478744506836
1998-05-28,9.41928482055664
1998-05-29,9.354318618774414
1998-06-01,9.41928482055664
1998-06-02,9.403034210205078
1998-06-03,9.435518264770508
1998-06-04,9.41928482055664
1998-06-05,9.403034210205078
1998-06-08,9.224396705627441
1998-06-09,9.094480514526367
1998-06-10,9.029519081115723
1998-06-11,8.720954895019531
1998-06-12,8.542312622070312
1998-06-15,8.379911422729492
1998-06-16,8.217508316040039
1998-06-17,8.314949035644531
1998-06-18,8.379911422729492
1998-06-19,8.314949035644531
1998-06-22,8.331184387207031
1998-06-23,8.314949035644531
1998-06-24,8.347429275512695
1998-06-25,8.4773530960083
1998-06-26,8.542312622070312
1998-06-29,8.915834426879883
1998-06-30,8.932071685791016
1998-07-01,8.997992515563965
1998-07-02,9.063909530639648
1998-07-06,9.162795066833496
1998-07-07,9.245192527770996
1998-07-08,9.195745468139648
1998-07-09,9.294634819030762
1998-07-10,9.344074249267578
1998-07-13,9.261672019958496
1998-07-14,9.245192527770996
1998-07-15,9.245192527770996
1998-07-16,9.245192527770996
1998-07-17,9.195745468139648
1998-07-20,9.096878051757812
1998-07-21,8.981513977050781
1998-07-22,8.948545455932617
1998-07-23,8.849677085876465
1998-07-24,8.651915550231934
1998-07-27,8.437682151794434
1998-07-28,8.338797569274902
1998-07-29,8.190482139587402
1998-07-30,8.223443031311035
1998-07-31,8.190482139587402
1998-08-03,8.025684356689453
1998-08-04,7.646644592285156
1998-08-05,7.646644592285156
1998-08-06,7.6796040534973145
1998-08-07,8.075119972229004
1998-08-10,8.04216480255127
1998-08-11,7.943283557891846
1998-08-12,8.206962585449219
1998-08-13,8.108080863952637
1998-08-14,8.454153060913086
1998-08-17,8.421196937561035
1998-08-18,8.388242721557617
1998-08-19,8.305840492248535
1998-08-20,8.157522201538086
1998-08-21,8.157522201538086
1998-08-24,8.174002647399902
1998-08-25,8.058640480041504
1998-08-26,8.141047477722168
1998-08-27,7.91032075881958
1998-08-28,7.877365589141846
1998-08-31,7.5972089767456055
1998-09-01,7.448887348175049
1998-09-02,7.403568267822266
1998-09-03,7.185211658477783
1998-09-04,7.317052364349365
1998-09-08,7.3500075340271
1998-09-09,7.069854259490967
1998-09-10,6.921535491943359
1998-09-11,6.938013076782227
1998-09-14,7.020411491394043
1998-09-15,7.11929178237915
1998-09-16,7.251133441925049
1998-09-17,7.185211658477783
1998-09-18,7.481847763061523
1998-09-21,7.8444037437438965
1998-09-22,8.635437965393066
1998-09-23,8.750794410705566
1998-09-24,8.6189546585083
1998-09-25,8.56951904296875
1998-09-28,8.4706392288208
1998-09-29,8.322321891784668
1998-09-30,7.91032075881958
1998-10-01,7.789450645446777
1998-10-02,7.9069671630859375
1998-10-05,7.974120140075684
1998-10-06,7.789450645446777
1998-10-07,7.436913967132568
1998-10-08,7.269037246704102
1998-10-09,7.386552333831787
1998-10-12,7.588003158569336
1998-10-13,7.7223029136657715
1998-10-14,7.772665500640869
1998-10-15,7.890180587768555
1998-10-16,8.175569534301758
1998-10-19,8.360235214233398
1998-10-20,8.51131820678711
1998-10-21,8.158783912658691
1998-10-22,8.058053016662598
1998-10-23,7.990902900695801
1998-10-26,8.074841499328613
1998-10-27,7.9069671630859375
1998-10-28,7.772665500640869
1998-10-29,7.789450645446777
1998-10-30,7.957330703735352
1998-11-02,8.192355155944824
1998-11-03,8.125205993652344
1998-11-04,8.410595893859863
1998-11-05,8.242719650268555
1998-11-06,8.192355155944824
1998-11-09,8.0076904296875
1998-11-10,8.0076904296875
1998-11-11,7.8062424659729
1998-11-12,7.688724517822266
1998-11-13,7.588003158569336
1998-11-16,7.520849704742432
1998-11-17,7.554427623748779
1998-11-18,7.671940326690674
1998-11-19,7.823028087615967
1998-11-20,8.058053016662598
1998-11-23,8.058053016662598
1998-11-24,8.125205993652344
1998-11-25,8.091629981994629
1998-11-27,7.990902900695801
1998-11-30,7.974120140075684
1998-12-01,8.074841499328613
1998-12-02,8.158783912658691
1998-12-03,8.22592830657959
1998-12-04,8.293083190917969
1998-12-07,8.326656341552734
1998-12-08,8.343446731567383
1998-12-09,8.293083190917969
1998-12-10,8.22592830657959
1998-12-11,8.209141731262207
1998-12-14,8.259509086608887
1998-12-15,8.326656341552734
1998-12-16,8.259509086608887
1998-12-17,8.175569534301758
1998-12-18,8.108419418334961
1998-12-21,8.22592830657959
1998-12-22,8.192355155944824
1998-12-23,8.058053016662598
1998-12-24,8.158783912658691
1998-12-28,8.074841499328613
1998-12-29,8.058053016662598
1998-12-30,8.22592830657959
1998-12-31,8.293083190917969
1999-01-04,8.59732437133789
1999-01-05,8.682779312133789
1999-01-06,8.563136100769043
1999-01-07,8.409310340881348
1999-01-08,8.392216682434082
1999-01-11,8.392216682434082
1999-01-12,8.34093952178955
1999-01-13,8.289666175842285
1999-01-14,8.289666175842285
1999-01-15,8.255478858947754
1999-01-19,8.34093952178955
1999-01-20,8.272570610046387
1999-01-21,8.289666175842285
1999-01-22,8.477675437927246
1999-01-25,8.580229759216309
1999-01-26,8.614412307739258
1999-01-27,8.511861801147461
1999-01-28,8.358028411865234
1999-01-29,8.170021057128906
1999-02-01,8.255478858947754
1999-02-02,8.221292495727539
1999-02-03,8.255478858947754
1999-02-04,8.306758880615234
1999-02-05,8.238383293151855
1999-02-08,8.238383293151855
1999-02-09,8.272570610046387
1999-02-10,8.118743896484375
1999-02-11,8.067468643188477
1999-02-12,8.016191482543945
1999-02-16,7.999100208282471
1999-02-17,7.964912414550781
1999-02-18,7.930726051330566
1999-02-19,7.964912414550781
1999-02-22,8.033282279968262
1999-02-23,7.930726051330566
1999-02-24,7.896542549133301
1999-02-25,7.930726051330566
1999-02-26,7.913636684417725
1999-03-01,7.86236047744751
1999-03-02,7.828174591064453
1999-03-03,7.8452677726745605
1999-03-04,7.8452677726745605
1999-03-05,7.896542549133301
1999-03-08,7.879456043243408
1999-03-09,8.050374984741211
1999-03-10,7.896542549133301
1999-03-11,7.947821617126465
1999-03-12,7.913636684417725
1999-03-15,7.86236047744751
1999-03-16,7.86236047744751
1999-03-17,7.7427144050598145
1999-03-18,7.759806156158447
1999-03-19,7.7256245613098145
1999-03-22,7.5717949867248535
1999-03-23,7.435060024261475
1999-03-24,7.469242095947266
1999-03-25,7.5717949867248535
1999-03-26,7.657255172729492
1999-03-29,7.759806156158447
1999-03-30,7.86236047744751
1999-03-31,8.033282279968262
1999-04-01,7.977541446685791
1999-04-05,8.012380599975586
1999-04-06,7.855615139007568
1999-04-07,7.820777893066406
1999-04-08,7.751107692718506
1999-04-09,7.629178047180176
1999-04-12,7.890451431274414
1999-04-13,7.925291061401367
1999-04-14,8.151729583740234
1999-04-15,8.238821029663086
1999-04-16,8.709108352661133
1999-04-19,8.62201976776123
1999-04-20,8.465255737304688
1999-04-21,8.43041706085205
1999-04-22,8.43041706085205
1999-04-23,8.534921646118164
1999-04-26,8.534921646118164
1999-04-27,8.43041706085205
1999-04-28,8.587180137634277
1999-04-29,8.500092506408691
1999-04-30,8.62201976776123
1999-05-03,8.709108352661133
1999-05-04,8.691689491271973
1999-05-05,8.709108352661133
1999-05-06,8.900710105895996
1999-05-07,8.883291244506836
1999-05-10,9.196821212768555
1999-05-11,9.179403305053711
1999-05-12,9.196821212768555
1999-05-13,9.092313766479492
1999-05-14,8.952962875366211
1999-05-17,8.865873336791992
1999-05-18,8.813617706298828
1999-05-19,8.98780345916748
1999-05-20,9.092313766479492
1999-05-21,9.092313766479492
1999-05-24,9.161982536315918
1999-05-25,9.214237213134766
1999-05-26,9.057476043701172
1999-05-27,9.057476043701172
1999-05-28,9.022634506225586
1999-06-01,8.98780345916748
1999-06-02,8.98780345916748
1999-06-03,8.952962875366211
1999-06-04,8.93554401397705
1999-06-07,8.98780345916748
1999-06-08,8.883291244506836
1999-06-09,8.952962875366211
1999-06-10,8.900710105895996
1999-06-11,8.918128967285156
1999-06-14,8.918128967285156
1999-06-15,8.918128967285156
1999-06-16,8.98780345916748
1999-06-17,9.057476043701172
1999-06-18,9.040057182312012
1999-06-21,8.97038459777832
1999-06-22,8.865873336791992
1999-06-23,8.639436721801758
1999-06-24,8.587180137634277
1999-06-25,8.587180137634277
1999-06-28,8.604602813720703
1999-06-29,8.587180137634277
1999-06-30,8.62201976776123
1999-07-01,8.707135200500488
1999-07-02,8.724871635437012
1999-07-06,8.58300495147705
1999-07-07,8.476603507995605
1999-07-08,8.405668258666992
1999-07-09,8.38793659210205
1999-07-12,8.38793659210205
1999-07-13,8.405668258666992
1999-07-14,8.38793659210205
1999-07-15,8.281536102294922
1999-07-16,8.228336334228516
1999-07-19,8.228336334228516
1999-07-20,8.263802528381348
1999-07-21,8.228336334228516
1999-07-22,8.175134658813477
1999-07-23,8.086469650268555
1999-07-26,8.086469650268555
1999-07-27,8.086469650268555
1999-07-28,8.157402992248535
1999-07-29,8.015538215637207
1999-07-30,7.944599151611328
1999-08-02,7.9091315269470215
1999-08-03,7.838199138641357
1999-08-04,7.749533176422119
1999-08-05,7.7317986488342285
1999-08-06,7.749533176422119
1999-08-09,7.802731513977051
1999-08-10,7.7317986488342285
1999-08-11,7.714065074920654
1999-08-12,7.802731513977051
1999-08-13,7.820467472076416
1999-08-16,7.838199138641357
1999-08-17,7.891396522521973
1999-08-18,7.855928421020508
1999-08-19,7.820467472076416
1999-08-20,7.838199138641357
1999-08-23,7.802731513977051
1999-08-24,7.767261505126953
1999-08-25,7.625393390655518
1999-08-26,7.802731513977051
1999-08-27,7.855928421020508
1999-08-30,7.838199138641357
1999-08-31,8.05099868774414
1999-09-01,7.944599151611328
1999-09-02,7.891396522521973
1999-09-03,7.9623332023620605
1999-09-07,7.9091315269470215
1999-09-08,7.820467472076416
1999-09-09,7.802731513977051
1999-09-10,7.820467472076416
1999-09-13,7.767261505126953
1999-09-14,7.767261505126953
1999-09-15,7.678597450256348
1999-09-16,7.643127918243408
1999-09-17,7.572195529937744
1999-09-20,7.518992900848389
1999-09-21,7.483530044555664
1999-09-22,7.465795993804932
1999-09-23,7.465795993804932
1999-09-24,7.412596225738525
1999-09-27,7.359393119812012
1999-09-28,7.359393119812012
1999-09-29,7.394864559173584
1999-09-30,7.607665061950684
1999-10-01,7.485860347747803
1999-10-04,7.485860347747803
1999-10-05,7.630862236022949
1999-10-06,7.630862236022949
1999-10-07,7.540238380432129
1999-10-08,7.576486587524414
1999-10-11,7.576486587524414
1999-10-12,7.558362007141113
1999-10-13,7.4496049880981445
1999-10-14,7.431483745574951
1999-10-15,7.322729110717773
1999-10-18,7.2683539390563965
1999-10-19,7.322729110717773
1999-10-20,7.340853214263916
1999-10-21,7.286479473114014
1999-10-22,7.340853214263916
1999-10-25,7.358980178833008
1999-10-26,7.250226020812988
1999-10-27,7.250226020812988
1999-10-28,7.304605484008789
1999-10-29,7.467731475830078
1999-11-01,7.503983974456787
1999-11-02,7.630862236022949
1999-11-03,7.5946149826049805
1999-11-04,7.685237407684326
1999-11-05,7.685237407684326
1999-11-08,7.5946149826049805
1999-11-09,7.5946149826049805
1999-11-10,7.5221076011657715
1999-11-11,7.503983974456787
1999-11-12,7.485860347747803
1999-11-15,7.395232677459717
1999-11-16,7.413356781005859
1999-11-17,7.377106666564941
1999-11-18,7.2683539390563965
1999-11-19,7.304605484008789
1999-11-22,7.159600257873535
1999-11-23,7.141472816467285
1999-11-24,7.159600257873535
1999-11-26,7.1777238845825195
1999-11-29,7.105224132537842
1999-11-30,7.141472816467285
1999-12-01,7.1777238845825195
1999-12-02,7.141472816467285
1999-12-03,7.1777238845825195
1999-12-06,7.01459264755249
1999-12-07,7.032721042633057
1999-12-08,7.050844669342041
1999-12-09,7.050844669342041
1999-12-10,6.978343486785889
1999-12-13,7.032721042633057
1999-12-14,6.88771390914917
1999-12-15,6.760833740234375
1999-12-16,6.742710113525391
1999-12-17,7.105224132537842
1999-12-20,7.286479473114014
1999-12-21,7.2683539390563965
1999-12-22,7.159600257873535
1999-12-23,7.2683539390563965
1999-12-27,7.2683539390563965
1999-12-28,7.612738132476807
1999-12-29,7.775869369506836
1999-12-30,7.703365325927734
1999-12-31,7.727086067199707
2000-01-03,7.560314178466797
2000-01-04,7.523252964019775
2000-01-05,7.375009536743164
2000-01-06,7.615900039672852
2000-01-07,7.671493053436279
2000-01-10,7.838268280029297
2000-01-11,7.838268280029297
2000-01-12,7.727086067199707
2000-01-13,7.727086067199707
2000-01-14,7.727086067199707
2000-01-18,7.764145851135254
2000-01-19,7.745613098144531
2000-01-20,7.727086067199707
2000-01-21,7.6529645919799805
2000-01-24,7.615900039672852
2000-01-25,7.578843116760254
2000-01-26,7.523252964019775
2000-01-27,7.449132919311523
2000-01-28,7.504720211029053
2000-01-31,7.541784763336182
2000-02-01,7.560314178466797
2000-02-02,7.578843116760254
2000-02-03,7.59737491607666
2000-02-04,7.449132919311523
2000-02-07,7.430603981018066
2000-02-08,7.467663288116455
2000-02-09,7.412071228027344
2000-02-10,7.30088996887207
2000-02-11,7.30088996887207
2000-02-14,7.18971061706543
2000-02-15,7.078525066375732
2000-02-16,7.059998989105225
2000-02-17,7.0970587730407715
2000-02-18,7.0970587730407715
2000-02-22,7.059998989105225
2000-02-23,7.059998989105225
2000-02-24,7.059998989105225
2000-02-25,7.059998989105225
2000-02-28,7.022939205169678
2000-02-29,7.04146671295166
2000-03-01,7.004409313201904
2000-03-02,7.004409313201904
2000-03-03,7.04146671295166
2000-03-06,6.967349052429199
2000-03-07,6.893225193023682
2000-03-08,6.837640285491943
2000-03-09,6.819108009338379
2000-03-10,6.893225193023682
2000-03-13,6.800574779510498
2000-03-14,6.782044410705566
2000-03-15,6.930286884307861
2000-03-16,7.134118556976318
2000-03-17,7.134118556976318
2000-03-20,7.115590572357178
2000-03-21,7.2082390785217285
2000-03-22,7.18971061706543
2000-03-23,7.2082390785217285
2000-03-24,7.245300769805908
2000-03-27,7.2082390785217285
2000-03-28,7.30088996887207
2000-03-29,7.412071228027344
2000-03-30,7.412071228027344
2000-03-31,7.560314178466797
2000-04-03,7.527698516845703
2000-04-04,7.451852321624756
2000-04-05,7.527698516845703
2000-04-06,7.565622329711914
2000-04-07,7.6983513832092285
2000-04-10,7.812119007110596
2000-04-11,8.001734733581543
2000-04-12,7.925887584686279
2000-04-13,7.869004726409912
2000-04-14,7.774195671081543
2000-04-17,7.774195671081543
2000-04-18,7.774195671081543
2000-04-19,7.850044250488281
2000-04-20,7.79315710067749
2000-04-24,7.717312335968018
2000-04-25,7.717312335968018
2000-04-26,7.88796854019165
2000-04-27,7.869004726409912
2000-04-28,7.812119007110596
2000-05-01,7.963812828063965
2000-05-02,7.774195671081543
2000-05-03,8.305119514465332
2000-05-04,8.153423309326172
2000-05-05,8.191353797912598
2000-05-08,8.191353797912598
2000-05-09,8.17238712310791
2000-05-10,8.153423309326172
2000-05-11,8.17238712310791
2000-05-12,8.267195701599121
2000-05-15,8.248236656188965
2000-05-16,8.305119514465332
2000-05-17,8.22927188873291
2000-05-18,8.267195701599121
2000-05-19,8.17238712310791
2000-05-22,8.191353797912598
2000-05-23,8.305119514465332
2000-05-24,8.248236656188965
2000-05-25,8.05861759185791
2000-05-26,8.077579498291016
2000-05-30,8.077579498291016
2000-05-31,8.191353797912598
2000-06-01,8.153423309326172
2000-06-02,8.191353797912598
2000-06-05,8.248236656188965
2000-06-06,8.305119514465332
2000-06-07,8.28615665435791
2000-06-08,8.267195701599121
2000-06-09,8.115506172180176
2000-06-12,8.17238712310791
2000-06-13,8.210309028625488
2000-06-14,8.456815719604492
2000-06-15,8.362001419067383
2000-06-16,8.305119514465332
2000-06-19,8.305119514465332
2000-06-20,8.343042373657227
2000-06-21,8.39992618560791
2000-06-22,8.437850952148438
2000-06-23,8.51369571685791
2000-06-26,8.589540481567383
2000-06-27,8.191353797912598
2000-06-28,7.584584712982178
2000-06-29,7.831083297729492
2000-06-30,7.79315710067749
2000-07-03,8.089584350585938
2000-07-05,7.953786373138428
2000-07-06,8.12838363647461
2000-07-07,8.070184707641602
2000-07-10,8.01198673248291
2000-07-11,7.934388637542725
2000-07-12,7.973182678222656
2000-07-13,7.953786373138428
2000-07-14,7.973182678222656
2000-07-17,8.03138256072998
2000-07-18,7.9925856590271
2000-07-19,7.934388637542725
2000-07-20,7.914986610412598
2000-07-21,8.10898208618164
2000-07-24,8.03138256072998
2000-07-25,8.050785064697266
2000-07-26,8.225378036499023
2000-07-27,8.167181968688965
2000-07-28,8.186582565307617
2000-07-31,8.12838363647461
2000-08-01,8.361176490783691
2000-08-02,8.186582565307617
2000-08-03,8.10898208618164
2000-08-04,8.01198673248291
2000-08-07,8.01198673248291
2000-08-08,8.050785064697266
2000-08-09,8.147784233093262
2000-08-10,8.361176490783691
2000-08-11,8.361176490783691
2000-08-14,8.399975776672363
2000-08-15,8.322380065917969
2000-08-16,8.361176490783691
2000-08-17,8.399975776672363
2000-08-18,8.399975776672363
2000-08-21,8.380575180053711
2000-08-22,8.361176490783691
2000-08-23,8.264176368713379
2000-08-24,8.264176368713379
2000-08-25,8.167181968688965
2000-08-28,8.186582565307617
2000-08-29,8.070184707641602
2000-08-30,8.186582565307617
2000-08-31,8.12838363647461
2000-09-01,8.147784233093262
2000-09-05,8.10898208618164
2000-09-06,8.147784233093262
2000-09-07,8.186582565307617
2000-09-08,8.302982330322266
2000-09-11,8.438776016235352
2000-09-12,8.438776016235352
2000-09-13,8.535772323608398
2000-09-14,8.49697208404541
2000-09-15,8.47757339477539
2000-09-18,8.12838363647461
2000-09-19,8.341773986816406
2000-09-20,8.438776016235352
2000-09-21,8.438776016235352
2000-09-22,8.865565299987793
2000-09-25,8.55517292022705
2000-09-26,8.690969467163086
2000-09-27,8.729768753051758
2000-09-28,8.76856803894043
2000-09-29,8.749164581298828
2000-10-02,8.645264625549316
2000-10-03,8.605607986450195
2000-10-04,8.427149772644043
2000-10-05,8.625436782836914
2000-10-06,8.803894996643066
2000-10-09,8.803894996643066
2000-10-10,8.803894996643066
2000-10-11,8.784063339233398
2000-10-12,8.724577903747559
2000-10-13,8.704748153686523
2000-10-16,8.625436782836914
2000-10-17,8.565951347351074
2000-10-18,8.506463050842285
2000-10-19,8.625436782836914
2000-10-20,8.684918403625488
2000-10-23,8.625436782836914
2000-10-24,8.486638069152832
2000-10-25,8.387491226196289
2000-10-26,8.46680736541748
2000-10-27,8.625436782836914
2000-10-30,8.645264625549316
2000-10-31,8.605607986450195
2000-11-01,8.565951347351074
2000-11-02,8.565951347351074
2000-11-03,8.546121597290039
2000-11-06,8.506463050842285
2000-11-07,8.46680736541748
2000-11-08,8.605607986450195
2000-11-09,8.486638069152832
2000-11-10,8.387491226196289
2000-11-13,8.347838401794434
2000-11-14,8.486638069152832
2000-11-15,8.387491226196289
2000-11-16,8.387491226196289
2000-11-17,8.367660522460938
2000-11-20,8.367660522460938
2000-11-21,8.30817985534668
2000-11-22,8.209033012390137
2000-11-24,8.288352012634277
2000-11-27,8.24869441986084
2000-11-28,8.268521308898926
2000-11-29,8.367660522460938
2000-11-30,8.407322883605957
2000-12-01,8.427149772644043
2000-12-04,8.506463050842285
2000-12-05,8.724577903747559
2000-12-06,8.803894996643066
2000-12-07,8.88320541381836
2000-12-08,8.982353210449219
2000-12-11,8.942695617675781
2000-12-12,8.922865867614746
2000-12-13,8.942695617675781
2000-12-14,8.942695617675781
2000-12-15,9.022005081176758
2000-12-18,9.121148109436035
2000-12-19,9.002177238464355
2000-12-20,8.903039932250977
2000-12-21,8.863375663757324
2000-12-22,8.863375663757324
2000-12-26,8.922865867614746
2000-12-27,9.002177238464355
2000-12-28,9.101322174072266
2000-12-29,9.061666488647461
2001-01-02,8.914971351623535
2001-01-03,9.198631286621094
2001-01-04,9.07706356048584
2001-01-05,8.854191780090332
2001-01-08,8.712360382080078
2001-01-09,8.813665390014648
2001-01-10,8.813665390014648
2001-01-11,8.874448776245117
2001-01-12,8.874448776245117
2001-01-16,8.854191780090332
2001-01-17,8.935235023498535
2001-01-18,8.935235023498535
2001-01-19,9.056800842285156
2001-01-22,8.955499649047852
2001-01-23,9.09732437133789
2001-01-24,9.158109664916992
2001-01-25,9.07706356048584
2001-01-26,8.955499649047852
2001-01-29,8.91821575164795
2001-01-30,9.015466690063477
2001-01-31,8.902006149291992
2001-02-01,8.924694061279297
2001-02-02,8.96359920501709
2001-02-05,8.931181907653809
2001-02-06,8.970087051391602
2001-02-07,8.976569175720215
2001-02-08,8.996021270751953
2001-02-09,8.94739055633545
2001-02-12,8.850138664245605
2001-02-13,8.817717552185059
2001-02-14,8.866344451904297
2001-02-15,8.866344451904297
2001-02-16,8.850138664245605
2001-02-20,8.843652725219727
2001-02-21,8.704255104064941
2001-02-22,8.688045501708984
2001-02-23,8.688045501708984
2001-02-26,8.73991584777832
2001-02-27,8.752883911132812
2001-02-28,8.688045501708984
2001-03-01,8.807992935180664
2001-03-02,8.798267364501953
2001-03-05,8.882551193237305
2001-03-06,8.94739055633545
2001-03-07,9.025195121765137
2001-03-08,9.002500534057617
2001-03-09,8.96359920501709
2001-03-12,8.914971351623535
2001-03-13,8.843652725219727
2001-03-14,8.801506996154785
2001-03-15,8.720464706420898
2001-03-16,8.564855575561523
2001-03-19,8.652383804321289
2001-03-20,8.704255104064941
2001-03-21,8.590792655944824
2001-03-22,8.412494659423828
2001-03-23,8.292542457580566
2001-03-26,8.363865852355957
2001-03-27,8.350895881652832
2001-03-28,8.4611234664917
2001-03-29,8.704255104064941
2001-03-30,8.752883911132812
2001-04-02,8.922035217285156
2001-04-03,8.70976734161377
2001-04-04,8.716397285461426
2001-04-05,8.849067687988281
2001-04-06,8.756199836730957
2001-04-09,8.875602722167969
2001-04-10,8.94193172454834
2001-04-11,8.723034858703613
2001-04-12,8.726346969604492
2001-04-16,8.70976734161377
2001-04-17,8.868969917297363
2001-04-18,8.94193172454834
2001-04-19,8.859017372131348
2001-04-20,8.829170227050781
2001-04-23,8.882231712341309
2001-04-24,8.86233901977539
2001-04-25,8.839118957519531
2001-04-26,8.809267044067383
2001-04-27,8.85570240020752
2001-04-30,8.882231712341309
2001-05-01,8.878922462463379
2001-05-02,8.859017372131348
2001-05-03,8.789369583129883
2001-05-04,8.726346969604492
2001-05-07,8.643430709838867
2001-05-08,8.573777198791504
2001-05-09,8.560507774353027
2001-05-10,8.557193756103516
2001-05-11,8.70976734161377
2001-05-14,8.726346969604492
2001-05-15,8.72966480255127
2001-05-16,9.03812026977539
2001-05-17,8.97178840637207
2001-05-18,8.958518028259277
2001-05-21,9.058021545410156
2001-05-22,9.034806251525879
2001-05-23,9.17078971862793
2001-05-24,9.071290969848633
2001-05-25,9.058021545410156
2001-05-29,9.071290969848633
2001-05-30,9.064658164978027
2001-05-31,9.114408493041992
2001-06-01,9.097824096679688
2001-06-04,9.12104320526123
2001-06-05,9.250394821166992
2001-06-06,9.290194511413574
2001-06-07,9.293514251708984
2001-06-08,9.31009292602539
2001-06-11,9.306780815124512
2001-06-12,9.303461074829102
2001-06-13,9.303461074829102
2001-06-14,9.343265533447266
2001-06-15,9.250394821166992
2001-06-18,9.203963279724121
2001-06-19,9.237127304077148
2001-06-20,9.3532075881958
2001-06-21,9.3532075881958
2001-06-22,9.303461074829102
2001-06-25,9.32999324798584
2001-06-26,9.452715873718262
2001-06-27,9.42286491394043
2001-06-28,9.396327018737793
2001-06-29,9.44608211517334
2001-07-02,9.588435173034668
2001-07-03,9.59182357788086
2001-07-05,9.517257690429688
2001-07-06,9.59182357788086
2001-07-09,9.50709056854248
2001-07-10,9.449472427368164
2001-07-11,9.334233283996582
2001-07-12,9.391849517822266
2001-07-13,9.405410766601562
2001-07-16,9.418967247009277
2001-07-17,9.412186622619629
2001-07-18,9.490142822265625
2001-07-19,9.500311851501465
2001-07-20,9.490142822265625
2001-07-23,9.47658920288086
2001-07-24,9.398627281188965
2001-07-25,9.452859878540039
2001-07-26,9.456250190734863
2001-07-27,9.4291353225708
2001-07-30,9.337621688842773
2001-07-31,9.38846206665039
2001-08-01,9.435914039611816
2001-08-02,9.4291353225708
2001-08-03,9.490142822265625
2001-08-06,9.503697395324707
2001-08-07,9.540980339050293
2001-08-08,9.574877738952637
2001-08-09,9.64266586303711
2001-08-10,9.764678001403809
2001-08-13,9.771452903747559
2001-08-14,9.815518379211426
2001-08-15,9.862970352172852
2001-08-16,9.852802276611328
2001-08-17,9.87652587890625
2001-08-20,9.825690269470215
2001-08-21,9.846024513244629
2001-08-22,9.846024513244629
2001-08-23,9.893475532531738
2001-08-24,9.83924388885498
2001-08-27,9.86974811553955
2001-08-28,9.849411010742188
2001-08-29,9.879919052124023
2001-08-30,9.80534553527832
2001-08-31,9.795185089111328
2001-09-04,9.829076766967773
2001-09-05,9.812129020690918
2001-09-06,9.659612655639648
2001-09-07,9.517257690429688
2001-09-10,9.456250190734863
2001-09-17,10.083277702331543
2001-09-18,10.235799789428711
2001-09-19,10.317137718200684
2001-09-20,10.201904296875
2001-09-21,10.045992851257324
2001-09-24,10.161229133605957
2001-09-25,10.161229133605957
2001-09-26,10.337477684020996
2001-09-27,10.334090232849121
2001-09-28,10.506943702697754
2001-10-01,10.617618560791016
2001-10-02,10.721370697021484
2001-10-03,10.517317771911621
2001-10-04,10.70062255859375
2001-10-05,10.76633071899414
2001-10-08,10.714454650878906
2001-10-09,10.825127601623535
2001-10-10,10.877004623413086
2001-10-11,10.825127601623535
2001-10-12,10.859710693359375
2001-10-15,11.022260665893555
2001-10-16,10.980757713317871
2001-10-17,10.890838623046875
2001-10-18,10.842413902282715
2001-10-19,10.769789695739746
2001-10-22,10.527690887451172
2001-10-23,10.621074676513672
2001-10-24,10.51040267944336
2001-10-25,10.482735633850098
2001-10-26,10.534615516662598
2001-10-29,10.548445701599121
2001-10-30,10.548445701599121
2001-10-31,10.721370697021484
2001-11-01,10.773245811462402
2001-11-02,10.82166576385498
2001-11-05,10.842413902282715
2001-11-06,11.025716781616211
2001-11-07,11.039557456970215
2001-11-08,10.704083442687988
2001-11-09,10.026213645935059
2001-11-12,9.936290740966797
2001-11-13,10.112676620483398
2001-11-14,10.140339851379395
2001-11-15,10.206056594848633
2001-11-16,10.206056594848633
2001-11-19,10.206056594848633
2001-11-20,10.282143592834473
2001-11-21,10.396267890930176
2001-11-23,10.479276657104492
2001-11-26,10.251012802124023
2001-11-27,10.154176712036133
2001-11-28,10.150717735290527
2001-11-29,10.123050689697266
2001-11-30,10.1334228515625
2001-12-03,10.147261619567871
2001-12-04,10.306346893310547
2001-12-05,10.372066497802734
2001-12-06,10.448145866394043
2001-12-07,10.444693565368652
2001-12-10,10.413562774658203
2001-12-11,10.451606750488281
2001-12-12,10.406643867492676
2001-12-13,10.354772567749023
2001-12-14,10.354772567749023
2001-12-17,10.372066497802734
2001-12-18,10.427397727966309
2001-12-19,10.261390686035156
2001-12-20,10.334020614624023
2001-12-21,10.444693565368652
2001-12-24,10.46544075012207
2001-12-26,10.513862609863281
2001-12-27,10.624536514282227
2001-12-28,10.728285789489746
2001-12-31,10.728285789489746
2002-01-02,10.61182689666748
2002-01-03,10.777692794799805
2002-01-04,10.809457778930664
2002-01-07,10.781221389770508
2002-01-08,10.77063274383545
2002-01-09,10.70711612701416
2002-01-10,10.745929718017578
2002-01-11,10.749465942382812
2002-01-14,10.763578414916992
2002-01-15,10.67888069152832
2002-01-16,10.731816291809082
2002-01-17,10.834162712097168
2002-01-18,10.841221809387207
2002-01-22,10.925914764404297
2002-01-23,10.86591911315918
2002-01-24,10.915331840515137
2002-01-25,10.943559646606445
2002-01-28,10.925914764404297
2002-01-29,10.918859481811523
2002-01-30,10.975323677062988
2002-01-31,11.120006561279297
2002-02-01,11.063542366027832
2002-02-04,10.99649715423584
2002-02-05,10.975323677062988
2002-02-06,10.95767593383789
2002-02-07,10.95767593383789
2002-02-08,10.925914764404297
2002-02-11,11.109424591064453
2002-02-12,11.031781196594238
2002-02-13,11.056488990783691
2002-02-14,11.098837852478027
2002-02-15,11.091776847839355
2002-02-19,11.187064170837402
2002-02-20,11.112954139709473
2002-02-21,11.109424591064453
2002-02-22,11.081192016601562
2002-02-25,11.1270751953125
2002-02-26,11.067070960998535
2002-02-27,11.045903205871582
2002-02-28,11.098837852478027
2002-03-01,11.215296745300293
2002-03-04,11.345871925354004
2002-03-05,11.529378890991211
2002-03-06,11.56820011138916
2002-03-07,11.659954071044922
2002-03-08,11.52585220336914
2002-03-11,11.589374542236328
2002-03-12,11.631721496582031
2002-03-13,11.758769035339355
2002-03-14,11.878759384155273
2002-03-15,11.79758358001709
2002-03-18,11.857583045959473
2002-03-19,11.935221672058105
2002-03-20,12.005799293518066
2002-03-21,12.143428802490234
2002-03-22,12.104615211486816
2002-03-25,12.016390800476074
2002-03-26,12.175192832946777
2002-03-27,12.24577522277832
2002-03-28,12.238718032836914
2002-04-01,12.213565826416016
2002-04-02,12.256684303283691
2002-04-03,12.202790260314941
2002-04-04,12.213565826416016
2002-04-05,12.371671676635742
2002-04-08,12.540555953979492
2002-04-09,12.486658096313477
2002-04-10,12.677095413208008
2002-04-11,12.691471099853516
2002-04-12,12.788493156433105
2002-04-15,12.558521270751953
2002-04-16,12.396821975708008
2002-04-17,12.224345207214355
2002-04-18,12.202790260314941
2002-04-19,11.980001449584961
2002-04-22,11.847051620483398
2002-04-23,11.732065200805664
2002-04-24,11.775184631347656
2002-04-25,11.767996788024902
2002-04-26,11.782371520996094
2002-04-29,11.724876403808594
2002-04-30,11.785964012145996
2002-05-01,11.89376449584961
2002-05-02,12.069833755493164
2002-05-03,12.05186939239502
2002-05-06,12.037497520446777
2002-05-07,12.033903121948242
2002-05-08,12.094988822937012
2002-05-09,12.044683456420898
2002-05-10,11.980001449584961
2002-05-13,11.99437427520752
2002-05-14,12.059053421020508
2002-05-15,12.037497520446777
2002-05-16,11.965629577636719
2002-05-17,11.965629577636719
2002-05-20,11.958443641662598
2002-05-21,11.775184631347656
2002-05-22,11.775184631347656
2002-05-23,12.163261413574219
2002-05-24,12.145291328430176
2002-05-28,12.285430908203125
2002-05-29,12.576488494873047
2002-05-30,12.576488494873047
2002-05-31,12.515401840209961
2002-06-03,12.529772758483887
2002-06-04,12.565709114074707
2002-06-05,12.576488494873047
2002-06-06,12.580083847045898
2002-06-07,12.540555953979492
2002-06-10,12.396821975708008
2002-06-11,12.414789199829102
2002-06-12,12.353703498840332
2002-06-13,12.324958801269531
2002-06-14,12.306985855102539
2002-06-17,12.396821975708008
2002-06-18,12.342924118041992
2002-06-19,12.429161071777344
2002-06-20,12.396821975708008
2002-06-21,12.40041732788086
2002-06-24,12.389639854431152
2002-06-25,12.572894096374512
2002-06-26,12.457911491394043
2002-06-27,12.641164779663086
2002-06-28,12.630387306213379
2002-07-01,12.619414329528809
2002-07-02,12.524303436279297
2002-07-03,12.253633499145508
2002-07-05,12.319474220275879
2002-07-08,12.092690467834473
2002-07-09,12.125608444213867
2002-07-10,11.924431800842285
2002-07-11,11.60986042022705
2002-07-12,11.485489845275879
2002-07-15,11.558650016784668
2002-07-16,11.59522533416748
2002-07-17,11.540363311767578
2002-07-18,11.178242683410645
2002-07-19,11.042901039123535
2002-07-22,10.717355728149414
2002-07-23,10.4649658203125
2002-07-24,10.296710968017578
2002-07-25,10.428389549255371
2002-07-26,10.750275611877441
2002-07-29,11.375762939453125
2002-07-30,11.44159984588623
2002-07-31,11.445255279541016
2002-08-01,11.412341117858887
2002-08-02,11.192869186401367
2002-08-05,10.81977367401123
2002-08-06,10.918535232543945
2002-08-07,11.298943519592285
2002-08-08,11.068509101867676
2002-08-09,11.086792945861816
2002-08-12,11.339183807373047
2002-08-13,11.357468605041504
2002-08-14,11.339183807373047
2002-08-15,11.320897102355957
2002-08-16,11.57694149017334
2002-08-19,11.467205047607422
2002-08-20,11.672043800354004
2002-08-21,11.862247467041016
2002-08-22,11.93540096282959
2002-08-23,11.836644172668457
2002-08-26,11.997590065002441
2002-08-27,11.946375846862793
2002-08-28,12.059765815734863
2002-08-29,12.048795700073242
2002-08-30,12.271920204162598
2002-09-03,12.1804780960083
2002-09-04,12.312158584594727
2002-09-05,12.345075607299805
2002-09-06,12.319474220275879
2002-09-09,12.271920204162598
2002-09-10,12.235344886779785
2002-09-11,12.1804780960083
2002-09-12,12.067085266113281
2002-09-13,12.173158645629883
2002-09-16,12.089034080505371
2002-09-17,12.107324600219727
2002-09-18,12.074396133422852
2002-09-19,12.034167289733887
2002-09-20,12.052452087402344
2002-09-23,12.03050708770752
2002-09-24,11.719595909118652
2002-09-25,11.613515853881836
2002-09-26,11.880532264709473
2002-09-27,11.778121948242188
2002-09-30,11.75251293182373
2002-10-01,11.565970420837402
2002-10-02,11.248835563659668
2002-10-03,11.442842483520508
2002-10-04,11.263761520385742
2002-10-07,10.875740051269531
2002-10-08,10.782465934753418
2002-10-09,10.480257987976074
2002-10-10,10.551146507263184
2002-10-11,10.633227348327637
2002-10-14,10.543685913085938
2002-10-15,10.767538070678711
2002-10-16,10.651877403259277
2002-10-17,10.726499557495117
2002-10-18,10.6705322265625
2002-10-21,10.692920684814453
2002-10-22,10.659345626831055
2002-10-23,10.413102149963379
2002-10-24,10.633227348327637
2002-10-25,10.857084274291992
2002-10-28,10.778733253479004
2002-10-29,10.603379249572754
2002-10-30,10.56980037689209
2002-10-31,10.778733253479004
2002-11-01,10.834699630737305
2002-11-04,10.857084274291992
2002-11-05,10.991401672363281
2002-11-06,10.987666130065918
2002-11-07,10.87946891784668
2002-11-08,10.763811111450195
2002-11-11,10.789924621582031
2002-11-12,10.93170166015625
2002-11-13,10.830965995788574
2002-11-14,11.118252754211426
2002-11-15,11.136903762817383
2002-11-18,11.043633460998535
2002-11-19,11.058554649353027
2002-11-20,11.192869186401367
2002-11-21,11.17421817779541
2002-11-22,11.155559539794922
2002-11-25,11.107054710388184
2002-11-26,11.099596977233887
2002-11-27,11.256296157836914
2002-11-29,11.192869186401367
2002-12-02,11.323451042175293
2002-12-03,11.435381889343262
2002-12-04,11.375685691833496
2002-12-05,11.39061164855957
2002-12-06,11.312260627746582
2002-12-09,11.435381889343262
2002-12-10,11.435381889343262
2002-12-11,11.405534744262695
2002-12-12,11.472691535949707
2002-12-13,11.394343376159668
2002-12-16,11.435381889343262
2002-12-17,11.39061164855957
2002-12-18,11.256296157836914
2002-12-19,11.263761520385742
2002-12-20,11.196601867675781
2002-12-23,11.241363525390625
2002-12-24,11.23391056060791
2002-12-26,11.21152400970459
2002-12-27,11.282414436340332
2002-12-30,11.28614330291748
2002-12-31,11.304800033569336
2003-01-02,11.369573593139648
2003-01-03,11.354331016540527
2003-01-06,11.411486625671387
2003-01-07,11.163818359375
2003-01-08,11.015228271484375
2003-01-09,11.125724792480469
2003-01-10,11.034272193908691
2003-01-13,11.003796577453613
2003-01-14,11.026655197143555
2003-01-15,11.007604598999023
2003-01-16,10.980931282043457
2003-01-17,10.919968605041504
2003-01-21,10.847570419311523
2003-01-22,10.847570419311523
2003-01-23,10.859007835388184
2003-01-24,10.80185604095459
2003-01-27,10.744706153869629
2003-01-28,10.740889549255371
2003-01-29,10.916162490844727
2003-01-30,10.820905685424805
2003-01-31,10.859007835388184
2003-02-03,10.763755798339844
2003-02-04,10.740889549255371
2003-02-05,10.775185585021973
2003-02-06,10.740889549255371
2003-02-07,10.615159034729004
2003-02-10,10.725656509399414
2003-02-11,10.596105575561523
2003-02-12,10.535139083862305
2003-02-13,10.57324504852295
2003-02-14,10.42083740234375
2003-02-18,10.477988243103027
2003-02-19,10.5008544921875
2003-02-20,10.550387382507324
2003-02-21,10.62277603149414
2003-02-24,10.531327247619629
2003-02-25,10.531327247619629
2003-02-26,10.737079620361328
2003-02-27,10.87805461883545
2003-02-28,11.011415481567383
2003-03-03,11.011415481567383
2003-03-04,11.015228271484375
2003-03-05,11.053332328796387
2003-03-06,11.015228271484375
2003-03-07,11.087617874145508
2003-03-10,10.923781394958496
2003-03-11,10.897106170654297
2003-03-12,10.756132125854492
2003-03-13,10.87805461883545
2003-03-14,10.973310470581055
2003-03-17,11.106670379638672
2003-03-18,11.118097305297852
2003-03-19,11.228591918945312
2003-03-20,11.777263641357422
2003-03-21,11.75439739227295
2003-03-24,11.59437084197998
2003-03-25,11.75821590423584
2003-03-26,11.811555862426758
2003-03-27,11.693432807922363
2003-03-28,11.838224411010742
2003-03-31,11.800122261047363
2003-04-01,12.056815147399902
2003-04-02,12.173492431640625
2003-04-03,12.107380867004395
2003-04-04,12.045149803161621
2003-04-07,12.22016429901123
2003-04-08,12.115156173706055
2003-04-09,12.056815147399902
2003-04-10,12.130716323852539
2003-04-11,12.15015697479248
2003-04-14,12.309623718261719
2003-04-15,12.426299095153809
2003-04-16,12.278509140014648
2003-04-17,12.406856536865234
2003-04-21,12.445744514465332
2003-04-22,12.504084587097168
2003-04-23,12.476860046386719
2003-04-24,12.402961730957031
2003-04-25,12.251280784606934
2003-04-28,12.251280784606934
2003-04-29,12.33683967590332
2003-04-30,12.274615287780762
2003-05-01,12.449627876281738
2003-05-02,12.542977333068848
2003-05-05,12.647984504699707
2003-05-06,12.702445983886719
2003-05-07,12.756888389587402
2003-05-08,12.834676742553711
2003-05-09,12.896903991699219
2003-05-12,13.114706039428711
2003-05-13,13.099143981933594
2003-05-14,12.986358642578125
2003-05-15,13.060261726379395
2003-05-16,13.223601341247559
2003-05-19,13.02913761138916
2003-05-20,13.106925010681152
2003-05-21,13.278051376342773
2003-05-22,13.301383972167969
2003-05-23,13.554192543029785
2003-05-27,13.379176139831543
2003-05-28,13.223601341247559
2003-05-29,12.963013648986816
2003-05-30,13.367508888244629
2003-06-02,13.367508888244629
2003-06-03,13.491968154907227
2003-06-04,13.612536430358887
2003-06-05,13.670873641967773
2003-06-06,13.73698902130127
2003-06-09,13.612536430358887
2003-06-10,13.748661994934082
2003-06-11,13.974244117736816
2003-06-12,13.709771156311035
2003-06-13,13.538637161254883
2003-06-16,13.748661994934082
2003-06-17,13.647540092468262
2003-06-18,13.546419143676758
2003-06-19,13.523080825805664
2003-06-20,13.600872993469238
2003-06-23,13.558088302612305
2003-06-24,13.799219131469727
2003-06-25,13.880895614624023
2003-06-26,13.978120803833008
2003-06-27,14.067586898803711
2003-06-30,14.149252891540527
2003-07-01,14.11363697052002
2003-07-02,14.252153396606445
2003-07-03,14.339237213134766
2003-07-07,14.525248527526855
2003-07-08,14.687519073486328
2003-07-09,14.422346115112305
2003-07-10,14.184874534606934
2003-07-11,14.267996788024902
2003-07-14,14.339237213134766
2003-07-15,14.33527660369873
2003-07-16,14.347146987915039
2003-07-17,14.228411674499512
2003-07-18,14.267996788024902
2003-07-21,14.184874534606934
2003-07-22,14.264033317565918
2003-07-23,14.220499992370605
2003-07-24,14.339237213134766
2003-07-25,14.291738510131836
2003-07-28,14.256121635437012
2003-07-29,14.434224128723145
2003-07-30,14.723148345947266
2003-07-31,14.572748184204102
2003-08-01,14.287784576416016
2003-08-04,14.180922508239746
2003-08-05,14.07801628112793
2003-08-06,14.097805976867676
2003-08-07,14.457968711853027
2003-08-08,14.446093559265137
2003-08-11,14.406512260437012
2003-08-12,14.394640922546387
2003-08-13,14.24425220489502
2003-08-14,14.188835144042969
2003-08-15,14.271950721740723
2003-08-18,14.374855995178223
2003-08-19,14.374855995178223
2003-08-20,14.347146987915039
2003-08-21,14.283824920654297
2003-08-22,14.366938591003418
2003-08-25,14.240293502807617
2003-08-26,14.311529159545898
2003-08-27,14.374855995178223
2003-08-28,14.406512260437012
2003-08-29,14.564827919006348
2003-09-02,14.643987655639648
2003-09-03,14.754798889160156
2003-09-04,14.865628242492676
2003-09-05,14.814176559448242
2003-09-08,14.841877937316895
2003-09-09,14.913116455078125
2003-09-10,14.861664772033691
2003-09-11,14.960610389709473
2003-09-12,14.952690124511719
2003-09-15,14.972495079040527
2003-09-16,14.976445198059082
2003-09-17,14.956646919250488
2003-09-18,14.956646919250488
2003-09-19,14.984358787536621
2003-09-22,15.01998233795166
2003-09-23,15.103096961975098
2003-09-24,15.039766311645508
2003-09-25,15.039766311645508
2003-09-26,15.118925094604492
2003-09-29,15.395973205566406
2003-09-30,15.514708518981934
2003-10-01,15.47449016571045
2003-10-02,15.655495643615723
2003-10-03,15.703763961791992
2003-10-06,15.74801254272461
2003-10-07,15.595149993896484
2003-10-08,15.639413833618164
2003-10-09,15.522751808166504
2003-10-10,15.494599342346191
2003-10-13,15.502647399902344
2003-10-14,15.627331733703613
2003-10-15,15.607231140136719
2003-10-16,15.6876802444458
2003-10-17,15.695724487304688
2003-10-20,15.667561531066895
2003-10-21,15.611254692077637
2003-10-22,15.510684967041016
2003-10-23,15.241180419921875
2003-10-24,15.11246395111084
2003-10-27,15.132573127746582
2003-10-28,14.987761497497559
2003-10-29,15.108437538146973
2003-10-30,15.200956344604492
2003-10-31,15.160734176635742
2003-11-03,15.225082397460938
2003-11-04,15.184865951538086
2003-11-05,15.104414939880371
2003-11-06,15.522751808166504
2003-11-07,15.454370498657227
2003-11-10,15.381963729858398
2003-11-11,15.180849075317383
2003-11-12,15.5187349319458
2003-11-13,15.72790241241455
2003-11-14,15.74801254272461
2003-11-17,15.752037048339844
2003-11-18,15.828463554382324
2003-11-19,15.768121719360352
2003-11-20,15.719856262207031
2003-11-21,15.659510612487793
2003-11-24,15.607231140136719
2003-11-25,15.828463554382324
2003-11-26,15.868682861328125
2003-11-28,16.049701690673828
2003-12-01,16.158306121826172
2003-12-02,15.965227127075195
2003-12-03,16.122100830078125
2003-12-04,16.09796714782715
2003-12-05,16.09394645690918
2003-12-08,16.2266902923584
2003-12-09,16.170373916625977
2003-12-10,16.130144119262695
2003-12-11,16.218645095825195
2003-12-12,16.303110122680664
2003-12-15,16.19048309326172
2003-12-16,16.25082015991211
2003-12-17,16.174394607543945
2003-12-18,16.19048309326172
2003-12-19,16.25082015991211
2003-12-22,16.283002853393555
2003-12-23,16.303110122680664
2003-12-24,16.37954330444336
2003-12-26,16.45195198059082
2003-12-29,16.677207946777344
2003-12-30,16.793861389160156
2003-12-31,16.741567611694336
2004-01-02,16.5291805267334
2004-01-05,16.541431427001953
2004-01-06,16.565942764282227
2004-01-07,16.35764503479004
2004-01-08,16.304546356201172
2004-01-09,16.488338470458984
2004-01-12,16.537349700927734
2004-01-13,16.533266067504883
2004-01-14,16.56185531616211
2004-01-15,16.488338470458984
2004-01-16,16.35764503479004
2004-01-20,16.251447677612305
2004-01-21,16.030900955200195
2004-01-22,16.043149948120117
2004-01-23,16.03907012939453
2004-01-26,16.20652198791504
2004-01-27,16.312715530395508
2004-01-28,16.33314323425293
2004-01-29,16.161596298217773
2004-01-30,16.570024490356445
2004-02-02,16.745651245117188
2004-02-03,16.7252254486084
2004-02-04,16.500593185424805
2004-02-05,16.582286834716797
2004-02-06,17.1254940032959
2004-02-09,17.15816307067871
2004-02-10,17.231679916381836
2004-02-11,17.431814193725586
2004-02-12,17.276609420776367
2004-02-13,17.243940353393555
2004-02-17,17.2153377532959
2004-02-18,17.203092575073242
2004-02-19,17.15816307067871
2004-02-20,17.13774871826172
2004-02-23,17.297040939331055
2004-02-24,17.411392211914062
2004-02-25,17.448148727416992
2004-02-26,17.48490333557129
2004-02-27,17.382802963256836
2004-03-01,17.48490333557129
2004-03-02,17.513500213623047
2004-03-03,17.615604400634766
2004-03-04,17.71363067626953
2004-03-05,17.930097579956055
2004-03-08,17.89742660522461
2004-03-09,17.930097579956055
2004-03-10,17.49716567993164
2004-03-11,17.423643112182617
2004-03-12,17.7667293548584
2004-03-15,17.493074417114258
2004-03-16,17.460405349731445
2004-03-17,17.689123153686523
2004-03-18,17.97093963623047
2004-03-19,17.991363525390625
2004-03-22,17.934179306030273
2004-03-23,18.073055267333984
2004-03-24,17.885168075561523
2004-03-25,18.068965911865234
2004-03-26,17.799402236938477
2004-03-29,18.019954681396484
2004-03-30,18.105716705322266
2004-03-31,18.342613220214844
2004-04-01,18.765140533447266
2004-04-02,18.102354049682617
2004-04-05,17.39814567565918
2004-04-06,16.6732177734375
2004-04-07,16.91762351989746
2004-04-08,16.515806198120117
2004-04-12,15.782610893249512
2004-04-13,15.853018760681152
2004-04-14,15.658330917358398
2004-04-15,16.109859466552734
2004-04-16,16.321115493774414
2004-04-19,16.30040740966797
2004-04-20,15.703899383544922
2004-04-21,15.78674030303955
2004-04-22,15.873739242553711
2004-04-23,15.703899383544922
2004-04-26,15.824024200439453
2004-04-27,15.853018760681152
2004-04-28,15.803312301635742
2004-04-29,15.496771812438965
2004-04-30,15.471928596496582
2004-05-03,15.600334167480469
2004-05-04,15.782610893249512
2004-05-05,15.6293306350708
2004-05-06,15.393217086791992
2004-05-07,14.726284980773926
2004-05-10,14.67243766784668
2004-05-11,14.581293106079102
2004-05-12,14.58544921875
2004-05-13,14.701435089111328
2004-05-14,14.730428695678711
2004-05-17,14.800851821899414
2004-05-18,15.215094566345215
2004-05-19,14.74284839630127
2004-05-20,15.090814590454102
2004-05-21,15.02039623260498
2004-05-24,15.132242202758789
2004-05-25,15.567198753356934
2004-05-26,16.01457977294922
2004-05-27,16.118141174316406
2004-05-28,16.55308723449707
2004-06-01,16.362539291381836
2004-06-02,16.55308723449707
2004-06-03,16.606943130493164
2004-06-04,16.515806198120117
2004-06-07,16.627653121948242
2004-06-08,16.466100692749023
2004-06-09,16.362539291381836
2004-06-10,16.4205322265625
2004-06-14,16.134714126586914
2004-06-15,16.4205322265625
2004-06-16,16.478527069091797
2004-06-17,16.528234481811523
2004-06-18,16.515806198120117
2004-06-21,16.809926986694336
2004-06-22,16.61937141418457
2004-06-23,16.77678680419922
2004-06-24,16.75606346130371
2004-06-25,16.930042266845703
2004-06-28,17.128890991210938
2004-06-29,16.859642028808594
2004-06-30,17.14132308959961
2004-07-01,17.04877281188965
2004-07-02,17.54513168334961
2004-07-06,17.42735481262207
2004-07-07,17.667123794555664
2004-07-08,17.275928497314453
2004-07-09,17.26750946044922
2004-07-12,17.448387145996094
2004-07-13,17.330610275268555
2004-07-14,17.604026794433594
2004-07-15,17.80172348022461
2004-07-16,17.7764835357666
2004-07-19,17.763870239257812
2004-07-20,17.856416702270508
2004-07-21,17.53672218322754
2004-07-22,17.09084129333496
2004-07-23,17.08242416381836
2004-07-26,16.93940544128418
2004-07-27,16.918371200561523
2004-07-28,16.947818756103516
2004-07-29,16.964641571044922
2004-07-30,17.20442008972168
2004-08-02,17.574581146240234
2004-08-03,17.64188575744629
2004-08-04,17.91950225830078
2004-08-05,17.461000442504883
2004-08-06,17.22965431213379
2004-08-09,17.284330368041992
2004-08-10,17.528310775756836
2004-08-11,17.452590942382812
2004-08-12,17.3095760345459
2004-08-13,17.271717071533203
2004-08-16,17.667123794555664
2004-08-17,17.90268325805664
2004-08-18,17.982603073120117
2004-08-19,17.73021125793457
2004-08-20,18.24761390686035
2004-08-23,18.27705955505371
2004-08-24,18.752391815185547
2004-08-25,18.521038055419922
2004-08-26,18.70611572265625
2004-08-27,18.693496704101562
2004-08-30,18.844928741455078
2004-08-31,19.038436889648438
2004-09-01,18.975332260131836
2004-09-02,18.971126556396484
2004-09-03,19.156211853027344
2004-09-07,19.337099075317383
2004-09-08,19.3244686126709
2004-09-09,18.99636459350586
2004-09-10,19.093109130859375
2004-09-13,18.79865837097168
2004-09-14,18.441112518310547
2004-09-15,18.50420570373535
2004-09-16,18.676664352416992
2004-09-17,18.617780685424805
2004-09-20,18.323322296142578
2004-09-21,18.27705955505371
2004-09-22,18.298086166381836
2004-09-23,18.117206573486328
2004-09-24,18.129831314086914
2004-09-27,18.176101684570312
2004-09-28,18.394838333129883
2004-09-29,18.491588592529297
2004-09-30,18.634607315063477
2004-10-01,18.903432846069336
2004-10-04,18.877836227416992
2004-10-05,18.74128532409668
2004-10-06,18.869304656982422
2004-10-07,18.711410522460938
2004-10-08,18.89063262939453
2004-10-11,18.660205841064453
2004-10-12,18.690074920654297
2004-10-13,18.47672462463379
2004-10-14,18.47672462463379
2004-10-15,18.690074920654297
2004-10-18,18.783954620361328
2004-10-19,18.54926109313965
2004-10-20,18.370038986206055
2004-10-21,18.451122283935547
2004-10-22,18.297502517700195
2004-10-25,18.254825592041016
2004-10-26,18.489521026611328
2004-10-27,18.698617935180664
2004-10-28,18.788232803344727
2004-10-29,18.84796714782715
2004-11-01,18.967443466186523
2004-11-02,18.826618194580078
2004-11-03,18.95037841796875
2004-11-04,18.988779067993164
2004-11-05,18.455387115478516
2004-11-08,18.459651947021484
2004-11-09,18.50232696533203
2004-11-10,18.56633758544922
2004-11-11,18.64740753173828
2004-11-12,19.244808197021484
2004-11-15,19.492305755615234
2004-11-16,19.330156326293945
2004-11-17,18.805288314819336
2004-11-18,18.65594482421875
2004-11-19,18.38710594177246
2004-11-22,18.365785598754883
2004-11-23,18.506587982177734
2004-11-24,18.75407600402832
2004-11-26,18.74981689453125
2004-11-29,18.579133987426758
2004-11-30,18.66447639465332
2004-12-01,19.03571891784668
2004-12-02,19.236268997192383
2004-12-03,19.5776424407959
2004-12-06,19.73552703857422
2004-12-07,19.49656867980957
2004-12-08,19.675798416137695
2004-12-09,19.62885284423828
2004-12-10,19.778209686279297
2004-12-13,19.73552703857422
2004-12-14,19.692859649658203
2004-12-15,19.73552703857422
2004-12-16,19.509370803833008
2004-12-17,19.62457847595215
2004-12-20,19.598979949951172
2004-12-21,19.744060516357422
2004-12-22,19.872072219848633
2004-12-23,19.936084747314453
2004-12-27,19.94888687133789
2004-12-28,20.055570602416992
2004-12-29,20.012901306152344
2004-12-30,19.957416534423828
2004-12-31,19.64165496826172
2005-01-03,19.59406280517578
2005-01-04,19.41236114501953
2005-01-05,18.60332489013672
2005-01-06,18.75042152404785
2005-01-07,18.668224334716797
2005-01-10,18.823974609375
2005-01-11,18.646587371826172
2005-01-12,18.590341567993164
2005-01-13,18.720136642456055
2005-01-14,18.858585357666016
2005-01-18,19.057592391967773
2005-01-19,19.20469093322754
2005-01-20,18.91482925415039
2005-01-21,18.979724884033203
2005-01-24,18.84992790222168
2005-01-25,18.551406860351562
2005-01-26,18.482187271118164
2005-01-27,18.283174514770508
2005-01-28,18.39998435974121
2005-01-31,18.162031173706055
2005-02-01,18.24423599243164
2005-02-02,18.34374237060547
2005-02-03,18.477863311767578
2005-02-04,18.823974609375
2005-02-07,18.681198120117188
2005-02-08,18.80234146118164
2005-02-09,18.871562957763672
2005-02-10,18.95809555053711
2005-02-11,19.273916244506836
2005-02-14,19.308521270751953
2005-02-15,19.408023834228516
2005-02-16,19.546470642089844
2005-02-17,19.468597412109375
2005-02-18,19.295549392700195
2005-02-22,18.720136642456055
2005-02-23,18.68985366821289
2005-02-24,18.754751205444336
2005-02-25,19.1484432220459
2005-02-28,19.122488021850586
2005-03-01,19.16575050354004
2005-03-02,18.9710636138916
2005-03-03,19.035953521728516
2005-03-04,19.498878479003906
2005-03-07,19.710872650146484
2005-03-08,19.715194702148438
2005-03-09,19.061914443969727
2005-03-10,19.35611343383789
2005-03-11,19.035953521728516
2005-03-14,19.446964263916016
2005-03-15,19.36043930053711
2005-03-16,19.221988677978516
2005-03-17,19.200361251831055
2005-03-18,19.087871551513672
2005-03-21,19.00568199157715
2005-03-22,18.6379337310791
2005-03-23,18.5297794342041
2005-03-24,18.68985366821289
2005-03-28,18.42161750793457
2005-03-29,18.50382423400879
2005-03-30,18.48651123046875
2005-03-31,18.322114944458008
2005-04-01,18.247446060180664
2005-04-04,18.18596839904785
2005-04-05,18.225500106811523
2005-04-06,18.344066619873047
2005-04-07,18.64270782470703
2005-04-08,18.532915115356445
2005-04-11,18.53730010986328
2005-04-12,18.813980102539062
2005-04-13,18.822763442993164
2005-04-14,18.673442840576172
2005-04-15,18.655879974365234
2005-04-18,18.66466522216797
2005-04-19,18.761276245117188
2005-04-20,18.660282135009766
2005-04-21,18.721765518188477
2005-04-22,18.765668869018555
2005-04-25,19.073091506958008
2005-04-26,18.96329116821289
2005-04-27,19.13897132873535
2005-04-28,19.037952423095703
2005-04-29,19.31902503967285
2005-05-02,19.283889770507812
2005-05-03,19.095050811767578
2005-05-04,19.389291763305664
2005-05-05,19.433212280273438
2005-05-06,19.340986251831055
2005-05-09,19.459562301635742
2005-05-10,19.099443435668945
2005-05-11,19.037952423095703
2005-05-12,18.8315486907959
2005-05-13,18.796409606933594
2005-05-16,18.980865478515625
2005-05-17,19.19166374206543
2005-05-18,19.50346565246582
2005-05-19,19.556163787841797
2005-05-20,19.542999267578125
2005-05-23,19.69670867919922
2005-05-24,19.468339920043945
2005-05-25,19.275110244750977
2005-05-26,19.169710159301758
2005-05-27,19.270719528198242
2005-05-31,19.36294937133789
2005-06-01,19.652793884277344
2005-06-02,19.63523292541504
2005-06-03,19.683534622192383
2005-06-06,19.810897827148438
2005-06-07,19.93386459350586
2005-06-08,19.850427627563477
2005-06-09,19.87238121032715
2005-06-10,19.88994789123535
2005-06-13,19.92507553100586
2005-06-14,20.070009231567383
2005-06-15,20.17540168762207
2005-06-16,20.302764892578125
2005-06-17,20.557483673095703
2005-06-20,20.513568878173828
2005-06-21,20.3378963470459
2005-06-22,20.263233184814453
2005-06-23,20.214933395385742
2005-06-24,20.184194564819336
2005-06-27,20.157833099365234
2005-06-28,20.03487205505371
2005-06-29,19.999738693237305
2005-06-30,19.894330978393555
2005-07-01,20.090295791625977
2005-07-05,20.259531021118164
2005-07-06,20.44658851623535
2005-07-07,20.59801483154297
2005-07-08,20.86522674560547
2005-07-11,21.141355514526367
2005-07-12,21.208147048950195
2005-07-13,21.070091247558594
2005-07-14,20.35306739807129
2005-07-15,20.62027931213379
2005-07-18,20.691530227661133
2005-07-19,20.75387954711914
2005-07-20,21.08791160583496
2005-07-21,20.8385066986084
2005-07-22,21.05673599243164
2005-07-25,21.1324405670166
2005-07-26,21.319488525390625
2005-07-27,21.315038681030273
2005-07-28,21.386301040649414
2005-07-29,21.33730697631836
2005-08-01,21.25269317626953
2005-08-02,21.38184928894043
2005-08-03,21.350675582885742
2005-08-04,21.034467697143555
2005-08-05,20.508934020996094
2005-08-08,19.872066497802734
2005-08-09,19.970050811767578
2005-08-10,19.85870933532715
2005-08-11,19.894332885742188
2005-08-12,20.11256980895996
2005-08-15,20.1571044921875
2005-08-16,20.081390380859375
2005-08-17,19.956687927246094
2005-08-18,19.81416893005371
2005-08-19,19.69392967224121
2005-08-22,19.77854347229004
2005-08-23,19.77854347229004
2005-08-24,19.827529907226562
2005-08-25,19.80526351928711
2005-08-26,19.573678970336914
2005-08-29,19.408889770507812
2005-08-30,19.373262405395508
2005-08-31,19.618215560913086
2005-09-01,19.729557037353516
2005-09-02,19.70728302001953
2005-09-06,20.344152450561523
2005-09-07,20.183826446533203
2005-09-08,20.148197174072266
2005-09-09,20.20163917541504
2005-09-12,20.259531021118164
2005-09-13,20.1571044921875
2005-09-14,20.094743728637695
2005-09-15,20.03685760498047
2005-09-16,20.059120178222656
2005-09-19,20.010128021240234
2005-09-20,19.956687927246094
2005-09-21,19.595943450927734
2005-09-22,19.689464569091797
2005-09-23,19.872066497802734
2005-09-26,19.898794174194336
2005-09-27,19.791906356811523
2005-09-28,19.435617446899414
2005-09-29,19.80081558227539
2005-09-30,20.01458168029785
2005-10-03,20.181720733642578
2005-10-04,19.811321258544922
2005-10-05,19.278329849243164
2005-10-06,19.10668182373047
2005-10-07,18.849214553833008
2005-10-10,18.677574157714844
2005-10-11,18.596263885498047
2005-10-12,18.370418548583984
2005-10-13,18.483339309692383
2005-10-14,18.609813690185547
2005-10-17,18.57367706298828
2005-10-18,18.55109214782715
2005-10-19,18.596263885498047
2005-10-20,18.49237823486328
2005-10-21,18.686609268188477
2005-10-24,19.102163314819336
2005-10-25,19.011825561523438
2005-10-26,18.844696044921875
2005-10-27,18.673051834106445
2005-10-28,19.120229721069336
2005-10-31,19.2647762298584
2005-11-01,18.627880096435547
2005-11-02,18.790491104125977
2005-11-03,18.736284255981445
2005-11-04,18.772422790527344
2005-11-07,18.79952621459961
2005-11-08,18.718217849731445
2005-11-09,19.034406661987305
2005-11-10,19.314451217651367
2005-11-11,19.382211685180664
2005-11-14,19.2286376953125
2005-11-15,19.273807525634766
2005-11-16,19.129261016845703
2005-11-17,19.328006744384766
2005-11-18,19.34608268737793
2005-11-21,19.562896728515625
2005-11-22,19.680335998535156
2005-11-23,19.829391479492188
2005-11-25,19.851972579956055
2005-11-28,19.870044708251953
2005-11-29,19.987485885620117
2005-11-30,19.951351165771484
2005-12-01,20.06427574157715
2005-12-02,20.06427574157715
2005-12-05,19.883594512939453
2005-12-06,19.788740158081055
2005-12-07,19.89263153076172
2005-12-08,19.973934173583984
2005-12-09,19.992002487182617
2005-12-12,19.86552619934082
2005-12-13,19.992002487182617
2005-12-14,20.059751510620117
2005-12-15,19.806806564331055
2005-12-16,19.77971649169922
2005-12-19,19.549352645874023
2005-12-20,19.626129150390625
2005-12-21,19.707433700561523
2005-12-22,19.716468811035156
2005-12-23,19.824874877929688
2005-12-27,19.725494384765625
2005-12-28,19.788740158081055
2005-12-29,19.608057022094727
2005-12-30,19.51320457458496
2006-01-03,19.925745010375977
2006-01-04,19.834068298339844
2006-01-05,19.90740203857422
2006-01-06,20.008255004882812
2006-01-09,20.191591262817383
2006-01-10,20.255786895751953
2006-01-11,20.278697967529297
2006-01-12,20.16868782043457
2006-01-13,19.985326766967773
2006-01-17,19.97616958618164
2006-01-18,19.925745010375977
2006-01-19,20.008255004882812
2006-01-20,19.824901580810547
2006-01-23,20.049509048461914
2006-01-24,20.054094314575195
2006-01-25,20.022008895874023
2006-01-26,20.16410255432129
2006-01-27,20.425376892089844
2006-01-30,20.374958038330078
2006-01-31,20.49872589111328
2006-02-01,20.393301010131836
2006-02-02,20.39788246154785
2006-02-03,20.260358810424805
2006-02-06,20.338285446166992
2006-02-07,20.251192092895508
2006-02-08,20.209945678710938
2006-02-09,20.31078338623047
2006-02-10,20.237445831298828
2006-02-13,20.24660873413086
2006-02-14,20.388708114624023
2006-02-15,20.6866512298584
2006-02-16,20.67290496826172
2006-02-17,21.273380279541016
2006-02-21,21.43381118774414
2006-02-22,21.80051612854004
2006-02-23,21.27796745300293
2006-02-24,20.957103729248047
2006-02-27,20.805835723876953
2006-02-28,20.581233978271484
2006-03-01,20.8104190826416
2006-03-02,20.617895126342773
2006-03-03,20.544557571411133
2006-03-06,20.957103729248047
2006-03-07,20.759998321533203
2006-03-08,20.8104190826416
2006-03-09,21.14961814880371
2006-03-10,21.488819122314453
2006-03-13,21.47048568725586
2006-03-14,21.497989654541016
2006-03-15,21.759267807006836
2006-03-16,21.873859405517578
2006-03-17,21.98386573791504
2006-03-20,21.768428802490234
2006-03-21,21.479656219482422
2006-03-22,21.585073471069336
2006-03-23,21.525489807128906
2006-03-24,21.497989654541016
2006-03-27,21.520906448364258
2006-03-28,21.713428497314453
2006-03-29,22.093881607055664
2006-03-30,21.883026123046875
2006-03-31,22.002201080322266
2006-04-03,21.67707633972168
2006-04-04,21.20330810546875
2006-04-05,21.119701385498047
2006-04-06,20.96177864074707
2006-04-07,20.659866333007812
2006-04-10,20.520526885986328
2006-04-11,20.390480041503906
2006-04-12,20.418344497680664
2006-04-13,20.20003318786621
2006-04-17,20.135013580322266
2006-04-18,20.566978454589844
2006-04-19,20.924619674682617
2006-04-20,20.96177864074707
2006-04-21,21.012868881225586
2006-04-24,20.864234924316406
2006-04-25,20.75276756286621
2006-04-26,20.67379379272461
2006-04-27,20.85495376586914
2006-04-28,21.003585815429688
2006-05-01,20.64594078063965
2006-05-02,20.64594078063965
2006-05-03,20.622718811035156
2006-05-04,20.73418617248535
2006-05-05,21.036090850830078
2006-05-08,21.347301483154297
2006-05-09,21.300846099853516
2006-05-10,21.20330810546875
2006-05-11,20.74812126159668
2006-05-12,20.57626724243164
2006-05-15,20.827083587646484
2006-05-16,20.697025299072266
2006-05-17,20.455501556396484
2006-05-18,20.390480041503906
2006-05-19,20.34866714477539
2006-05-22,20.144296646118164
2006-05-23,19.77736473083496
2006-05-24,19.963157653808594
2006-05-25,20.088565826416016
2006-05-26,20.218612670898438
2006-05-30,19.870267868041992
2006-05-31,19.91670799255371
2006-06-01,20.153593063354492
2006-06-02,20.385835647583008
2006-06-05,20.933908462524414
2006-06-06,21.008230209350586
2006-06-07,21.054670333862305
2006-06-08,21.19866371154785
2006-06-09,21.416969299316406
2006-06-12,21.30549430847168
2006-06-13,21.259050369262695
2006-06-14,21.235824584960938
2006-06-15,21.40768051147461
2006-06-16,21.533079147338867
2006-06-19,21.324064254760742
2006-06-20,21.10576820373535
2006-06-21,21.249753952026367
2006-06-22,21.054670333862305
2006-06-23,20.706321716308594
2006-06-26,20.80385398864746
2006-06-27,20.762056350708008
2006-06-28,20.85495376586914
2006-06-29,21.138280868530273
2006-06-30,21.32871437072754
2006-07-03,21.747848510742188
2006-07-05,21.535934448242188
2006-07-06,21.738426208496094
2006-07-07,21.696035385131836
2006-07-10,21.91267967224121
2006-07-11,21.889131546020508
2006-07-12,21.917381286621094
2006-07-13,21.766687393188477
2006-07-14,21.686622619628906
2006-07-17,21.691341400146484
2006-07-18,21.922096252441406
2006-07-19,22.336515426635742
2006-07-20,22.134014129638672
2006-07-21,21.903257369995117
2006-07-24,22.096343994140625
2006-07-25,22.322389602661133
2006-07-26,22.56727409362793
2006-07-27,22.68500518798828
2006-07-28,22.911060333251953
2006-07-31,22.750940322875977
2006-08-01,22.760366439819336
2006-08-02,22.71798324584961
2006-08-03,23.74461555480957
2006-08-04,24.19200897216797
2006-08-07,24.168458938598633
2006-08-08,23.83880615234375
2006-08-09,23.739913940429688
2006-08-10,23.641008377075195
2006-08-11,23.447933197021484
2006-08-14,23.801130294799805
2006-08-15,24.017759323120117
2006-08-16,24.144912719726562
2006-08-17,24.04129981994629
2006-08-18,24.017759323120117
2006-08-21,23.970672607421875
2006-08-22,24.19200897216797
2006-08-23,24.064857482910156
2006-08-24,24.21555519104004
2006-08-25,24.243806838989258
2006-08-28,24.719453811645508
2006-08-29,24.66294288635254
2006-08-30,25.002023696899414
2006-08-31,25.030277252197266
2006-09-01,24.790096282958984
2006-09-05,25.016145706176758
2006-09-06,24.969043731689453
2006-09-07,24.582897186279297
2006-09-08,24.644107818603516
2006-09-11,24.573471069335938
2006-09-12,25.002023696899414
2006-09-13,25.124465942382812
2006-09-14,25.002023696899414
2006-09-15,24.93137550354004
2006-09-18,24.747716903686523
2006-09-19,24.837181091308594
2006-09-20,24.841903686523438
2006-09-21,24.59701156616211
2006-09-22,24.7288875579834
2006-09-25,24.841903686523438
2006-09-26,24.611146926879883
2006-09-27,24.818357467651367
2006-09-28,24.455726623535156
2006-09-29,24.394521713256836
2006-10-02,24.623390197753906
2006-10-03,24.914247512817383
2006-10-04,25.014385223388672
2006-10-05,25.276636123657227
2006-10-06,24.947620391845703
2006-10-09,25.152666091918945
2006-10-10,25.043006896972656
2006-10-11,25.019149780273438
2006-10-12,25.271875381469727
2006-10-13,25.362478256225586
2006-10-16,25.224185943603516
2006-10-17,24.914247512817383
2006-10-18,24.914247512817383
2006-10-19,24.785518646240234
2006-10-20,24.699689865112305
2006-10-23,24.671066284179688
2006-10-24,24.8665771484375
2006-10-25,25.119293212890625
2006-10-26,25.45783805847168
2006-10-27,25.21465492248535
2006-10-30,25.281404495239258
2006-10-31,25.224185943603516
2006-11-01,25.009628295898438
2006-11-02,23.927209854125977
2006-11-03,23.51238441467285
2006-11-06,23.474231719970703
2006-11-07,23.178600311279297
2006-11-08,23.164287567138672
2006-11-09,23.27396583557129
2006-11-10,23.226285934448242
2006-11-13,23.135690689086914
2006-11-14,23.30257797241211
2006-11-15,23.28827667236328
2006-11-16,23.60774040222168
2006-11-17,23.684022903442383
2006-11-20,24.880882263183594
2006-11-21,25.6437931060791
2006-11-22,25.987125396728516
2006-11-24,26.11586570739746
2006-11-27,25.863140106201172
2006-11-28,25.83930206298828
2006-11-29,26.082489013671875
2006-11-30,26.053861618041992
2006-12-01,26.120622634887695
2006-12-04,26.2731990814209
2006-12-05,25.925128936767578
2006-12-06,25.68671226501465
2006-12-07,25.448291778564453
2006-12-08,25.40538787841797
2006-12-11,25.629491806030273
2006-12-12,25.44353675842285
2006-12-13,25.21465492248535
2006-12-14,25.038240432739258
2006-12-15,24.842729568481445
2006-12-18,24.613845825195312
2006-12-19,24.29437828063965
2006-12-20,24.251455307006836
2006-12-21,24.098880767822266
2006-12-22,23.846160888671875
2006-12-26,24.017810821533203
2006-12-27,24.199007034301758
2006-12-28,24.36112403869629
2006-12-29,24.31821632385254
2007-01-03,24.3278751373291
2007-01-04,24.409971237182617
2007-01-05,24.265106201171875
2007-01-08,24.163686752319336
2007-01-09,24.62726593017578
2007-01-10,24.699695587158203
2007-01-11,25.00874900817871
2007-01-12,25.11014175415039
2007-01-16,25.409549713134766
2007-01-17,25.41437530517578
2007-01-18,25.597867965698242
2007-01-19,25.83931541442871
2007-01-22,25.771703720092773
2007-01-23,25.96004295349121
2007-01-24,26.394634246826172
2007-01-25,26.978925704956055
2007-01-26,27.04653549194336
2007-01-29,27.176918029785156
2007-01-30,27.02720832824707
2007-01-31,26.867876052856445
2007-02-01,27.007898330688477
2007-02-02,26.404300689697266
2007-02-05,26.607097625732422
2007-02-06,26.597454071044922
2007-02-07,26.69402313232422
2007-02-08,26.58296012878418
2007-02-09,26.196653366088867
2007-02-12,25.72825050354004
2007-02-13,26.022811889648438
2007-02-14,25.863460540771484
2007-02-15,26.240116119384766
2007-02-16,26.138702392578125
2007-02-20,26.307723999023438
2007-02-21,26.104902267456055
2007-02-22,26.278732299804688
2007-02-23,25.641326904296875
2007-02-26,25.375743865966797
2007-02-27,24.80593490600586
2007-02-28,24.955629348754883
2007-03-01,24.979768753051758
2007-03-02,24.385828018188477
2007-03-05,23.400728225708008
2007-03-06,24.013996124267578
2007-03-07,23.473167419433594
2007-03-08,23.806354522705078
2007-03-09,24.110586166381836
2007-03-12,24.231292724609375
2007-03-13,23.50697135925293
2007-03-14,23.579402923583984
2007-03-15,23.613204956054688
2007-03-16,23.366924285888672
2007-03-19,23.564910888671875
2007-03-20,23.50214195251465
2007-03-21,23.714603424072266
2007-03-22,23.83049964904785
2007-03-23,23.840164184570312
2007-03-26,23.342788696289062
2007-03-27,23.08202362060547
2007-03-28,22.893705368041992
2007-03-29,22.859893798828125
2007-03-30,22.999935150146484
2007-04-02,23.195720672607422
2007-04-03,23.249561309814453
2007-04-04,23.440452575683594
2007-04-05,23.38661003112793
2007-04-09,23.59218978881836
2007-04-10,23.748821258544922
2007-04-11,23.504077911376953
2007-04-12,23.367036819458008
2007-04-13,23.440452575683594
2007-04-16,23.513877868652344
2007-04-17,23.885862350463867
2007-04-18,23.80266571044922
2007-04-19,23.797767639160156
2007-04-20,24.032699584960938
2007-04-23,24.59069061279297
2007-04-24,24.49770736694336
2007-04-25,24.424270629882812
2007-04-26,24.4879150390625
2007-04-27,24.49770736694336
2007-04-30,23.96907615661621
2007-05-01,23.719444274902344
2007-05-02,23.690074920654297
2007-05-03,23.836923599243164
2007-05-04,23.239776611328125
2007-05-07,23.357242584228516
2007-05-08,23.504077911376953
2007-05-09,23.817337036132812
2007-05-10,23.63134765625
2007-05-11,23.836923599243164
2007-05-14,23.557926177978516
2007-05-15,23.127195358276367
2007-05-16,22.941198348999023
2007-05-17,22.583892822265625
2007-05-18,22.226581573486328
2007-05-21,22.451740264892578
2007-05-22,22.559423446655273
2007-05-23,22.40279197692871
2007-05-24,22.216794967651367
2007-05-25,22.334259033203125
2007-05-29,23.146774291992188
2007-05-30,23.5823974609375
2007-05-31,23.6362361907959
2007-06-01,23.543254852294922
2007-06-04,23.641138076782227
2007-06-05,23.15656089782715
2007-06-06,22.941198348999023
2007-06-07,22.34405517578125
2007-06-08,22.397891998291016
2007-06-11,22.10422134399414
2007-06-12,21.66859245300293
2007-06-13,21.918224334716797
2007-06-14,21.64411735534668
2007-06-15,21.653915405273438
2007-06-18,21.48259735107422
2007-06-19,21.49238395690918
2007-06-20,21.13018035888672
2007-06-21,21.198705673217773
2007-06-22,21.267227172851562
2007-06-25,21.086132049560547
2007-06-26,21.144872665405273
2007-06-27,21.70774269104004
2007-06-28,21.49238395690918
2007-06-29,21.28680419921875
2007-07-02,21.89288330078125
2007-07-03,21.808427810668945
2007-07-05,22.07668113708496
2007-07-06,22.2604923248291
2007-07-09,22.046875
2007-07-10,21.480558395385742
2007-07-11,21.44577980041504
2007-07-12,21.689199447631836
2007-07-13,21.738866806030273
2007-07-16,21.495458602905273
2007-07-17,21.326549530029297
2007-07-18,21.341455459594727
2007-07-19,21.57493782043457
2007-07-20,21.381200790405273
2007-07-23,21.09804344177246
2007-07-24,20.35784149169922
2007-07-25,20.213769912719727
2007-07-26,19.895841598510742
2007-07-27,19.51828956604004
2007-07-30,19.54810333251953
2007-07-31,19.175518035888672
2007-08-01,19.394094467163086
2007-08-02,19.781587600708008
2007-08-03,19.240100860595703
2007-08-06,19.493452072143555
2007-08-07,19.339454650878906
2007-08-08,20.22868537902832
2007-08-09,19.945524215698242
2007-08-10,19.443769454956055
2007-08-13,19.572935104370117
2007-08-14,18.80293083190918
2007-08-15,18.519771575927734
2007-08-16,19.374223709106445
2007-08-17,20.25848960876465
2007-08-20,20.556554794311523
2007-08-21,20.963905334472656
2007-08-22,21.341455459594727
2007-08-23,20.83970832824707
2007-08-24,20.66087532043457
2007-08-27,20.154157638549805
2007-08-28,19.68719482421875
2007-08-29,20.010101318359375
2007-08-30,20.074674606323242
2007-08-31,20.745330810546875
2007-09-04,20.904300689697266
2007-09-05,20.516809463500977
2007-09-06,20.715518951416016
2007-09-07,20.223712921142578
2007-09-10,19.890872955322266
2007-09-11,20.124351501464844
2007-09-12,19.945524215698242
2007-09-13,20.521778106689453
2007-09-14,20.780094146728516
2007-09-17,20.68074607849121
2007-09-18,21.083118438720703
2007-09-19,21.05829429626465
2007-09-20,20.68074607849121
2007-09-21,20.367778778076172
2007-09-24,20.55158805847168
2007-09-25,20.372739791870117
2007-09-26,20.491968154907227
2007-09-27,20.606225967407227
2007-09-28,20.417448043823242
2007-10-01,20.694997787475586
2007-10-02,20.90189552307129
2007-10-03,21.038150787353516
2007-10-04,21.63361930847168
2007-10-05,22.319917678833008
2007-10-08,22.193756103515625
2007-10-09,22.123111724853516
2007-10-10,22.17357063293457
2007-10-11,22.082735061645508
2007-10-12,22.067602157592773
2007-10-15,21.527647018432617
2007-10-16,21.34598731994629
2007-10-17,21.260189056396484
2007-10-18,21.22487449645996
2007-10-19,20.18532943725586
2007-10-22,20.271114349365234
2007-10-23,20.37203598022461
2007-10-24,19.94309425354004
2007-10-25,19.983463287353516
2007-10-26,20.170181274414062
2007-10-29,19.64031982421875
2007-10-30,19.574716567993164
2007-10-31,19.978425979614258
2007-11-01,19.17101287841797
2007-11-02,18.994386672973633
2007-11-05,18.84299659729004
2007-11-06,19.085220336914062
2007-11-07,18.21725845336914
2007-11-08,18.010353088378906
2007-11-09,18.091094970703125
2007-11-12,18.18697166442871
2007-11-13,19.034759521484375
2007-11-14,18.923742294311523
2007-11-15,18.84299659729004
2007-11-16,18.671422958374023
2007-11-19,18.419105529785156
2007-11-20,17.944751739501953
2007-11-21,17.75803565979004
2007-11-23,18.030540466308594
2007-11-26,17.122203826904297
2007-11-27,17.460304260253906
2007-11-28,17.92962074279785
2007-11-29,17.924571990966797
2007-11-30,18.010353088378906
2007-12-03,17.68233871459961
2007-12-04,17.122203826904297
2007-12-05,17.647024154663086
2007-12-06,18.13650894165039
2007-12-07,18.297998428344727
2007-12-10,18.520034790039062
2007-12-11,17.41488265991211
2007-12-12,17.22817039489746
2007-12-13,16.90520477294922
2007-12-14,16.52168846130371
2007-12-17,16.14320945739746
2007-12-18,15.835387229919434
2007-12-19,16.41571807861328
2007-12-20,16.733631134033203
2007-12-21,17.081830978393555
2007-12-24,17.864013671875
2007-12-26,17.641969680786133
2007-12-27,17.233219146728516
2007-12-28,17.03641128540039
2007-12-31,17.15752410888672
2008-01-02,17.147241592407227
2008-01-03,16.319190979003906
2008-01-04,15.866595268249512
2008-01-07,15.89745044708252
2008-01-08,15.419139862060547
2008-01-09,15.676301002502441
2008-01-10,15.743154525756836
2008-01-11,15.450000762939453
2008-01-14,15.398565292358398
2008-01-15,15.023117065429688
2008-01-16,15.352279663085938
2008-01-17,15.167128562927246
2008-01-18,15.069411277770996
2008-01-22,15.763734817504883
2008-01-23,17.327253341674805
2008-01-24,17.30667495727539
2008-01-25,17.013517379760742
2008-01-28,17.790128707885742
2008-01-29,17.892993927001953
2008-01-30,17.882707595825195
2008-01-31,18.268449783325195
2008-02-01,18.741615295410156
2008-02-04,18.890758514404297
2008-02-05,18.067867279052734
2008-02-06,17.486692428588867
2008-02-07,17.85698890686035
2008-02-08,17.31696319580078
2008-02-11,17.280961990356445
2008-02-12,17.928991317749023
2008-02-13,18.01128387451172
2008-02-14,17.759273529052734
2008-02-15,18.08843421936035
2008-02-19,17.692415237426758
2008-02-20,18.037002563476562
2008-02-21,17.61011505126953
2008-02-22,17.954715728759766
2008-02-25,18.43816566467285
2008-02-26,18.602746963500977
2008-02-27,18.4227352142334
2008-02-28,17.913562774658203
2008-02-29,17.73870086669922
2008-03-03,17.831274032592773
2008-03-04,18.01128387451172
2008-03-05,18.381587982177734
2008-03-06,17.52268409729004
2008-03-07,17.867279052734375
2008-03-10,17.61011505126953
2008-03-11,18.59246826171875
2008-03-12,18.211872100830078
2008-03-13,18.489599227905273
2008-03-14,18.30959129333496
2008-03-17,18.30959129333496
2008-03-18,18.8084716796875
2008-03-19,18.32501792907715
2008-03-20,18.88047981262207
2008-03-24,18.957622528076172
2008-03-25,19.055339813232422
2008-03-26,18.69532585144043
2008-03-27,18.443307876586914
2008-03-28,17.949569702148438
2008-03-31,18.36615562438965
2008-04-01,19.722543716430664
2008-04-02,19.900606155395508
2008-04-03,20.65472984313965
2008-04-04,20.5238094329834
2008-04-07,20.371936798095703
2008-04-08,20.031526565551758
2008-04-09,19.523534774780273
2008-04-10,19.764448165893555
2008-04-11,19.623044967651367
2008-04-14,19.638765335083008
2008-04-15,19.774917602539062
2008-04-16,20.261959075927734
2008-04-17,20.47667121887207
2008-04-18,20.345746994018555
2008-04-21,20.125791549682617
2008-04-22,20.209585189819336
2008-04-23,20.686153411865234
2008-04-24,20.916576385498047
2008-04-25,21.19938087463379
2008-04-28,21.03703498840332
2008-04-29,20.785659790039062
2008-04-30,20.43478775024414
2008-05-01,20.529043197631836
2008-05-02,20.466203689575195
2008-05-05,20.036758422851562
2008-05-06,20.162458419799805
2008-05-07,19.874418258666992
2008-05-08,19.916316986083984
2008-05-09,19.900606155395508
2008-05-12,20.08389663696289
2008-05-13,19.958209991455078
2008-05-14,20.1519775390625
2008-05-15,20.466203689575195
2008-05-16,20.408599853515625
2008-05-19,20.350990295410156
2008-05-20,20.16769027709961
2008-05-21,19.65970802307129
2008-05-22,19.539249420166016
2008-05-23,19.455459594726562
2008-05-27,19.869178771972656
2008-05-28,19.8901309967041
2008-05-29,20.11532974243164
2008-05-30,20.235767364501953
2008-06-02,19.900606155395508
2008-06-03,20.036758422851562
2008-06-04,20.277673721313477
2008-06-05,20.80137062072754
2008-06-06,20.010576248168945
2008-06-09,19.413564682006836
2008-06-10,19.156946182250977
2008-06-11,18.685623168945312
2008-06-12,18.8270206451416
2008-06-13,19.345481872558594
2008-06-16,19.39262580871582
2008-06-17,18.91080665588379
2008-06-18,18.612300872802734
2008-06-19,19.136005401611328
2008-06-20,18.863672256469727
2008-06-23,18.523271560668945
2008-06-24,18.596590042114258
2008-06-25,18.785120010375977
2008-06-26,18.20381736755371
2008-06-27,18.07288360595703
2008-06-30,17.89482879638672
2008-07-01,18.231056213378906
2008-07-02,17.95353889465332
2008-07-03,17.734731674194336
2008-07-07,17.483884811401367
2008-07-08,18.679359436035156
2008-07-09,17.382490158081055
2008-07-10,18.13499641418457
2008-07-11,18.300437927246094
2008-07-14,17.66000747680664
2008-07-15,17.56393814086914
2008-07-16,19.026268005371094
2008-07-17,19.293115615844727
2008-07-18,19.357162475585938
2008-07-21,19.624006271362305
2008-07-22,20.50461196899414
2008-07-23,20.920888900756836
2008-07-24,19.65602684020996
2008-07-25,20.10433578491211
2008-07-28,19.629343032836914
2008-07-29,20.707416534423828
2008-07-30,20.707416534423828
2008-07-31,20.483253479003906
2008-08-01,20.851511001586914
2008-08-04,21.048969268798828
2008-08-05,22.20709991455078
2008-08-06,22.23377799987793
2008-08-07,21.70008087158203
2008-08-08,22.30849266052246
2008-08-11,22.68208885192871
2008-08-12,22.116369247436523
2008-08-13,21.555986404418945
2008-08-14,21.822834014892578
2008-08-15,21.67873191833496
2008-08-18,21.086339950561523
2008-08-19,20.59000015258789
2008-08-20,20.632692337036133
2008-08-21,20.38719367980957
2008-08-22,21.230430603027344
2008-08-25,20.5579833984375
2008-08-26,20.888864517211914
2008-08-27,21.032974243164062
2008-08-28,21.71076011657715
2008-08-29,21.571996688842773
2008-09-02,21.71076011657715
2008-09-03,22.260469436645508
2008-09-04,21.51329231262207
2008-09-05,21.454580307006836
2008-09-08,22.303163528442383
2008-09-09,21.6840763092041
2008-09-10,21.646717071533203
2008-09-11,21.945585250854492
2008-09-12,22.287151336669922
2008-09-15,20.115009307861328
2008-09-16,20.755441665649414
2008-09-17,19.020933151245117
2008-09-18,20.10433578491211
2008-09-19,21.278457641601562
2008-09-22,18.535268783569336
2008-09-23,19.063636779785156
2008-09-24,18.23639678955078
2008-09-25,18.561954498291016
2008-09-26,19.047616958618164
2008-09-29,17.185014724731445
2008-09-30,18.076284408569336
2008-10-01,18.000131607055664
2008-10-02,17.146093368530273
2008-10-03,15.889509201049805
2008-10-06,15.911272048950195
2008-10-07,14.676445960998535
2008-10-08,14.573087692260742
2008-10-09,13.191388130187988
2008-10-10,16.319252014160156
2008-10-13,15.867742538452148
2008-10-14,14.855960845947266
2008-10-15,12.84324836730957
2008-10-16,12.9846830368042
2008-10-17,12.587583541870117
2008-10-20,12.707259178161621
2008-10-21,12.25031852722168
2008-10-22,11.227646827697754
2008-10-23,10.988297462463379
2008-10-24,10.444324493408203
2008-10-27,9.622919082641602
2008-10-28,10.754384994506836
2008-10-29,10.580316543579102
2008-10-30,11.151490211486816
2008-10-31,12.359112739562988
2008-11-03,12.212242126464844
2008-11-04,13.136994361877441
2008-11-05,11.978328704833984
2008-11-06,11.575790405273438
2008-11-07,12.767094612121582
2008-11-10,11.40715503692627
2008-11-11,11.276601791381836
2008-11-12,10.525917053222656
2008-11-13,12.228557586669922
2008-11-14,10.580316543579102
2008-11-17,10.112496376037598
2008-11-18,10.48784351348877
2008-11-19,8.866790771484375
2008-11-20,7.75164270401001
2008-11-21,8.290180206298828
2008-11-24,9.709954261779785
2008-11-25,10.373603820800781
2008-11-26,10.335524559020996
2008-11-28,10.319206237792969
2008-12-01,7.985551834106445
2008-12-02,9.753470420837402
2008-12-03,10.4606351852417
2008-12-04,9.791545867919922
2008-12-05,10.645588874816895
2008-12-08,12.000088691711426
2008-12-09,10.716310501098633
2008-12-10,11.77161979675293
2008-12-11,9.911223411560059
2008-12-12,11.515948295593262
2008-12-15,10.835979461669922
2008-12-16,12.674615859985352
2008-12-17,13.066282272338867
2008-12-18,11.586666107177734
2008-12-19,12.516862869262695
2008-12-22,12.081685066223145
2008-12-23,12.5059814453125
2008-12-24,12.495109558105469
2008-12-26,12.794294357299805
2008-12-29,11.826019287109375
2008-12-30,12.603902816772461
2008-12-31,13.327385902404785
2009-01-02,12.785578727722168
2009-01-05,12.433683395385742
2009-01-06,13.003418922424316
2009-01-07,12.472780227661133
2009-01-08,12.668280601501465
2009-01-09,12.506298065185547
2009-01-12,11.618175506591797
2009-01-13,11.953316688537598
2009-01-14,11.394745826721191
2009-01-15,11.942144393920898
2009-01-16,12.673869132995605
2009-01-20,10.836183547973633
2009-01-21,12.383414268493652
2009-01-22,11.512045860290527
2009-01-23,12.020339965820312
2009-01-26,11.875118255615234
2009-01-27,11.964485168457031
2009-01-28,13.092793464660645
2009-01-29,11.89745807647705
2009-01-30,11.350066184997559
2009-02-02,11.741058349609375
2009-02-03,11.506458282470703
2009-02-04,11.188079833984375
2009-02-05,11.109877586364746
2009-02-06,12.238178253173828
2009-02-09,12.316386222839355
2009-02-10,11.199249267578125
2009-02-11,11.322134971618652
2009-02-12,11.579071998596191
2009-02-13,10.947896003723145
2009-02-17,10.188240051269531
2009-02-18,10.03184700012207
2009-02-19,9.9033784866333
2009-02-20,10.741222381591797
2009-02-23,9.998335838317871
2009-02-24,10.819426536560059
2009-02-25,10.512215614318848
2009-02-26,9.763733863830566
2009-02-27,9.540311813354492
2009-03-02,8.909131050109863
2009-03-03,8.931471824645996
2009-03-04,9.171652793884277
2009-03-05,8.367321014404297
2009-03-06,8.17182731628418
2009-03-09,8.121550559997559
2009-03-10,9.339225769042969
2009-03-11,9.266609191894531
2009-03-12,10.065361976623535
2009-03-13,9.936890602111816
2009-03-16,8.903544425964355
2009-03-17,9.7525634765625
2009-03-18,10.512215614318848
2009-03-19,10.283204078674316
2009-03-20,9.501209259033203
2009-03-23,11.618175506591797
2009-03-24,10.556900024414062
2009-03-25,10.595999717712402
2009-03-26,11.204834938049316
2009-03-27,10.925557136535645
2009-03-30,10.266448020935059
2009-03-31,11.065194129943848
2009-04-01,10.630816459655762
2009-04-02,11.545294761657715
2009-04-03,12.979880332946777
2009-04-06,12.545507431030273
2009-04-07,11.430984497070312
2009-04-08,11.745341300964355
2009-04-09,13.60859203338623
2009-04-13,14.014391899108887
2009-04-14,13.105628967285156
2009-04-15,14.025819778442383
2009-04-16,14.877432823181152
2009-04-17,15.083185195922852
2009-04-20,13.385685920715332
2009-04-21,14.52878475189209
2009-04-22,14.33445930480957
2009-04-23,14.780267715454102
2009-04-24,15.626158714294434
2009-04-27,14.534497261047363
2009-04-28,14.745964050292969
2009-04-29,15.208927154541016
2009-04-30,15.35181713104248
2009-05-01,14.100125312805176
2009-05-04,14.785981178283691
2009-05-05,14.317314147949219
2009-05-06,14.688817024230957
2009-05-07,13.625736236572266
2009-05-08,15.03174877166748
2009-05-11,14.32302474975586
2009-05-12,14.071540832519531
2009-05-13,12.796989440917969
2009-05-14,13.088484764099121
2009-05-15,12.379756927490234
2009-05-18,13.751479148864746
2009-05-19,13.551433563232422
2009-05-20,13.654312133789062
2009-05-21,13.591442108154297
2009-05-22,13.254236221313477
2009-05-26,14.134413719177246
2009-05-27,13.539999961853027
2009-05-28,13.66574478149414
2009-05-29,14.122984886169434
2009-06-01,14.534497261047363
2009-06-02,14.47162914276123
2009-06-03,14.443052291870117
2009-06-04,14.831706047058105
2009-06-05,14.677384376525879
2009-06-08,14.454483985900879
2009-06-09,14.243008613586426
2009-06-10,13.688608169555664
2009-06-11,13.231367111206055
2009-06-12,13.499994277954102
2009-06-15,12.877008438110352
2009-06-16,12.728401184082031
2009-06-17,12.602664947509766
2009-06-18,12.551222801208496
2009-06-19,12.768415451049805
2009-06-22,12.133993148803711
2009-06-23,12.334033012390137
2009-06-24,12.585512161254883
2009-06-25,12.665534973144531
2009-06-26,12.665534973144531
2009-06-29,12.917015075683594
2009-06-30,13.031327247619629
2009-07-01,13.42780590057373
2009-07-02,12.739800453186035
2009-07-06,13.276209831237793
2009-07-07,12.745627403259277
2009-07-08,12.786438941955566
2009-07-09,12.728135108947754
2009-07-10,12.6639986038208
2009-07-13,13.334515571594238
2009-07-14,13.451123237609863
2009-07-15,13.95838737487793
2009-07-16,14.354862213134766
2009-07-17,14.337368965148926
2009-07-20,14.908773422241211
2009-07-21,14.663887023925781
2009-07-22,14.780495643615723
2009-07-23,15.520976066589355
2009-07-24,15.812507629394531
2009-07-27,15.905795097351074
2009-07-28,15.795021057128906
2009-07-29,15.666743278503418
2009-07-30,16.232309341430664
2009-07-31,16.273120880126953
2009-08-03,16.494680404663086
2009-08-04,17.491708755493164
2009-08-05,18.593685150146484
2009-08-06,18.29050064086914
2009-08-07,19.0018310546875
2009-08-10,18.424604415893555
2009-08-11,18.133079528808594
2009-08-12,18.494569778442383
2009-08-13,18.552871704101562
2009-08-14,18.651988983154297
2009-08-17,17.719099044799805
2009-08-18,17.748254776000977
2009-08-19,17.859037399291992
2009-08-20,18.459583282470703
2009-08-21,18.943519592285156
2009-08-24,18.815250396728516
2009-08-25,19.054306030273438
2009-08-26,18.87355613708496
2009-08-27,19.08929443359375
2009-08-28,19.054306030273438
2009-08-31,18.675317764282227
2009-09-01,17.660797119140625
2009-09-02,17.56751823425293
2009-09-03,18.080596923828125
2009-09-04,18.48874282836914
2009-09-08,19.194232940673828
2009-09-09,19.5207462310791
2009-09-10,19.683998107910156
2009-09-11,19.47410774230957
2009-09-14,20.441974639892578
2009-09-15,20.47696304321289
2009-09-16,21.223278045654297
2009-09-17,21.141645431518555
2009-09-18,21.24659538269043
2009-09-21,20.47696304321289
2009-09-22,20.82679557800293
2009-09-23,19.57322120666504
2009-09-24,18.710304260253906
2009-09-25,18.55870246887207
2009-09-28,19.386640548706055
2009-09-29,19.170915603637695
2009-09-30,18.850238800048828
2009-10-01,18.093381881713867
2009-10-02,17.91008186340332
2009-10-05,18.465892791748047
2009-10-06,18.619630813598633
2009-10-07,18.442241668701172
2009-10-08,18.99214744567871
2009-10-09,19.1990966796875
2009-10-12,19.270051956176758
2009-10-13,19.116313934326172
2009-10-14,19.731250762939453
2009-10-15,19.630733489990234
2009-10-16,18.962570190429688
2009-10-19,19.346912384033203
2009-10-20,18.99214744567871
2009-10-21,18.785200119018555
2009-10-22,19.305532455444336
2009-10-23,19.163616180419922
2009-10-26,19.116313934326172
2009-10-27,18.779281616210938
2009-10-28,17.898265838623047
2009-10-29,18.862060546875
2009-10-30,18.300338745117188
2009-11-02,18.3772029876709
2009-11-03,18.329898834228516
2009-11-04,17.780004501342773
2009-11-05,17.904176712036133
2009-11-06,17.62035369873047
2009-11-09,18.63736915588379
2009-11-10,18.312162399291992
2009-11-11,18.737886428833008
2009-11-12,18.418590545654297
2009-11-13,18.802936553955078
2009-11-16,19.104488372802734
2009-11-17,18.720151901245117
2009-11-18,19.01579475402832
2009-11-19,18.50137710571289
2009-11-20,18.057905197143555
2009-11-23,18.07564926147461
2009-11-24,17.827308654785156
2009-11-25,17.975126266479492
2009-11-27,17.425233840942383
2009-11-30,18.146604537963867
2009-12-01,18.737886428833008
2009-12-02,19.1990966796875
2009-12-03,19.305532455444336
2009-12-04,19.92046546936035
2009-12-07,19.51247787475586
2009-12-08,19.618906021118164
2009-12-09,19.660293579101562
2009-12-10,19.666210174560547
2009-12-11,20.1037654876709
2009-12-14,20.588619232177734
2009-12-15,20.60044288635254
2009-12-16,20.494014739990234
2009-12-17,20.227930068969727
2009-12-18,20.233842849731445
2009-12-21,20.535402297973633
2009-12-22,20.718700408935547
2009-12-23,20.819223403930664
2009-12-24,20.972957611083984
2009-12-28,21.10303497314453
2009-12-29,20.89607810974121
2009-12-30,20.931556701660156
2009-12-31,20.4408016204834
2010-01-04,20.177196502685547
2010-01-05,20.734344482421875
2010-01-06,20.967988967895508
2010-01-07,21.31546401977539
2010-01-08,21.243568420410156
2010-01-11,21.525142669677734
2010-01-12,20.866146087646484
2010-01-13,21.31546401977539
2010-01-14,21.195642471313477
2010-01-15,21.20762062072754
2010-01-19,21.710857391357422
2010-01-20,21.543115615844727
2010-01-21,21.063846588134766
2010-01-22,20.614530563354492
2010-01-25,20.752323150634766
2010-01-26,20.267061233520508
2010-01-27,20.06337547302246
2010-01-28,19.77580451965332
2010-01-29,19.54216766357422
2010-02-01,19.66197395324707
2010-02-02,19.841707229614258
2010-02-03,19.632034301757812
2010-02-04,18.889169692993164
2010-02-05,19.080873489379883
2010-02-08,18.71542739868164
2010-02-09,18.52971649169922
2010-02-10,18.571643829345703
2010-02-11,18.667503356933594
2010-02-12,18.751371383666992
2010-02-16,19.044923782348633
2010-02-17,19.18869972229004
2010-02-18,19.380413055419922
2010-02-19,19.43433380126953
2010-02-22,19.410371780395508
2010-02-23,19.476261138916016
2010-02-24,19.853696823120117
2010-02-25,20.06337547302246
2010-02-26,20.093326568603516
2010-03-01,20.368906021118164
2010-03-02,20.153228759765625
2010-03-03,19.985492706298828
2010-03-04,19.99747657775879
2010-03-05,20.43480682373047
2010-03-08,20.746328353881836
2010-03-09,20.746328353881836
2010-03-10,20.5186710357666
2010-03-11,20.644481658935547
2010-03-12,20.66844940185547
2010-03-15,20.608543395996094
2010-03-16,21.063846588134766
2010-03-17,21.369373321533203
2010-03-18,21.15371322631836
2010-03-19,20.76430320739746
2010-03-22,20.991954803466797
2010-03-23,21.093799591064453
2010-03-24,21.237581253051758
2010-03-25,21.41730308532715
2010-03-26,21.057851791381836
2010-03-29,21.045867919921875
2010-03-30,21.123746871948242
2010-03-31,21.117761611938477
2010-04-01,21.160236358642578
2010-04-05,22.131168365478516
2010-04-06,22.65304183959961
2010-04-07,22.301090240478516
2010-04-08,22.14937400817871
2010-04-09,22.847244262695312
2010-04-12,22.56808853149414
2010-04-13,23.174924850463867
2010-04-14,22.822965621948242
2010-04-15,22.07049560546875
2010-04-16,21.342283248901367
2010-04-19,21.342283248901367
2010-04-20,21.451519012451172
2010-04-21,21.870235443115234
2010-04-22,21.918779373168945
2010-04-23,22.11296272277832
2010-04-26,22.21613121032715
2010-04-27,21.542545318603516
2010-04-28,21.66997528076172
2010-04-29,22.088695526123047
2010-04-30,20.850757598876953
2010-05-03,21.19057846069336
2010-05-04,20.765798568725586
2010-05-05,20.57160758972168
2010-05-06,19.922298431396484
2010-05-07,19.87375831604004
2010-05-10,21.117761611938477
2010-05-11,21.27553939819336
2010-05-12,21.52434539794922
2010-05-13,21.220922470092773
2010-05-14,20.69904899597168
2010-05-17,20.753658294677734
2010-05-18,20.322813034057617
2010-05-19,19.8494873046875
2010-05-20,18.987783432006836
2010-05-21,19.2183780670166
2010-05-24,18.993846893310547
2010-05-25,19.418628692626953
2010-05-26,19.345806121826172
2010-05-27,20.28639793395996
2010-05-28,20.013324737548828
2010-06-01,19.43682861328125
2010-06-02,19.80699920654297
2010-06-03,19.661367416381836
2010-06-04,18.526588439941406
2010-06-07,18.198896408081055
2010-06-08,18.38701629638672
2010-06-09,18.4173583984375
2010-06-10,19.090940475463867
2010-06-11,19.224441528320312
2010-06-14,19.52179527282715
2010-06-15,20.019393920898438
2010-06-16,19.861621856689453
2010-06-17,20.013324737548828
2010-06-18,20.249990463256836
2010-06-21,20.025466918945312
2010-06-22,19.224441528320312
2010-06-23,19.291194915771484
2010-06-24,18.726844787597656
2010-06-25,18.939231872558594
2010-06-28,18.635812759399414
2010-06-29,18.168560028076172
2010-06-30,18.041122436523438
2010-07-01,17.905569076538086
2010-07-02,17.628299713134766
2010-07-06,17.240108489990234
2010-07-07,18.022634506225586
2010-07-08,18.028799057006836
2010-07-09,18.330717086791992
2010-07-12,18.361522674560547
2010-07-13,18.798999786376953
2010-07-14,18.79283905029297
2010-07-15,18.8975887298584
2010-07-16,18.398496627807617
2010-07-19,18.614152908325195
2010-07-20,19.00233268737793
2010-07-21,18.638795852661133
2010-07-22,19.2611141204834
2010-07-23,19.421321868896484
2010-07-26,19.969697952270508
2010-07-27,20.04979705810547
2010-07-28,19.982019424438477
2010-07-29,19.5445499420166
2010-07-30,19.852630615234375
2010-08-02,20.64130973815918
2010-08-03,20.684444427490234
2010-08-04,20.61050033569336
2010-08-05,20.518081665039062
2010-08-06,20.579694747924805
2010-08-09,20.776866912841797
2010-08-10,20.234649658203125
2010-08-11,19.482938766479492
2010-08-12,19.17485237121582
2010-08-13,18.996170043945312
2010-08-16,19.057790756225586
2010-08-17,19.538389205932617
2010-08-18,19.624650955200195
2010-08-19,18.953039169311523
2010-08-20,18.762027740478516
2010-08-23,18.725065231323242
2010-08-24,18.577178955078125
2010-08-25,19.026973724365234
2010-08-26,18.725065231323242
2010-08-27,19.070106506347656
2010-08-30,18.996170043945312
2010-08-31,19.008493423461914
2010-09-01,19.692424774169922
2010-09-02,19.96354103088379
2010-09-03,20.234649658203125
2010-09-07,19.710908889770508
2010-09-08,19.79718017578125
2010-09-09,19.723234176635742
2010-09-10,20.062124252319336
2010-09-13,20.339393615722656
2010-09-14,20.160709381103516
2010-09-15,20.166872024536133
2010-09-16,20.03131103515625
2010-09-17,20.11141586303711
2010-09-20,20.684444427490234
2010-09-21,20.468793869018555
2010-09-22,20.24081039428711
2010-09-23,19.661619186401367
2010-09-24,20.407169342041016
2010-09-27,20.037479400634766
2010-09-28,20.129898071289062
2010-09-29,20.037479400634766
2010-09-30,20.154539108276367
2010-10-01,20.173290252685547
2010-10-04,20.29823875427246
2010-10-05,20.76055335998535
2010-10-06,20.5356502532959
2010-10-07,20.50440788269043
2010-10-08,20.398202896118164
2010-10-11,20.32947540283203
2010-10-12,20.341976165771484
2010-10-13,20.473161697387695
2010-10-14,20.448183059692383
2010-10-15,20.398202896118164
2010-10-18,20.479419708251953
2010-10-19,20.323230743408203
2010-10-20,20.93549156188965
2010-10-21,21.035446166992188
2010-10-22,21.35407257080078
2010-10-25,21.410301208496094
2010-10-26,20.954235076904297
2010-10-27,20.816783905029297
2010-10-28,20.854270935058594
2010-10-29,20.979219436645508
2010-11-01,20.748065948486328
2010-11-02,20.616867065429688
2010-11-03,20.72307014465332
2010-11-04,21.091676712036133
2010-11-05,21.48526954650879
2010-11-08,21.454029083251953
2010-11-09,20.573129653930664
2010-11-10,20.854270935058594
2010-11-11,20.841773986816406
2010-11-12,20.510652542114258
2010-11-15,20.316984176635742
2010-11-16,19.467317581176758
2010-11-17,19.367353439331055
2010-11-18,19.386104583740234
2010-11-19,19.448577880859375
2010-11-22,19.473567962646484
2010-11-23,19.398595809936523
2010-11-24,19.735963821411133
2010-11-26,19.623504638671875
2010-11-29,20.042091369628906
2010-11-30,19.835920333862305
2010-12-01,19.917139053344727
2010-12-02,19.992115020751953
2010-12-03,19.67348861694336
2010-12-06,19.46107292175293
2010-12-07,19.423585891723633
2010-12-08,19.32362937927246
2010-12-09,18.955015182495117
2010-12-10,19.09246253967285
2010-12-13,19.086214065551758
2010-12-14,18.88629722595215
2010-12-15,18.74884796142578
2010-12-16,18.81132698059082
2010-12-17,18.89879035949707
2010-12-20,19.467317581176758
2010-12-21,19.885906219482422
2010-12-22,20.310728073120117
2010-12-23,20.373212814331055
2010-12-27,20.48567008972168
2010-12-28,20.479419708251953
2010-12-29,20.6043643951416
2010-12-30,20.76055335998535
2010-12-31,20.65435028076172
2011-01-03,21.03437614440918
2011-01-04,20.591007232666016
2011-01-05,20.983707427978516
2011-01-06,20.983707427978516
2011-01-07,20.977365493774414
2011-01-10,21.173717498779297
2011-01-11,21.38906478881836
2011-01-12,21.275060653686523
2011-01-13,21.281391143798828
2011-01-14,21.32572364807129
2011-01-18,21.401737213134766
2011-01-19,21.199050903320312
2011-01-20,21.376388549804688
2011-01-21,21.503074645996094
2011-01-24,21.357393264770508
2011-01-25,21.503074645996094
2011-01-26,21.63608169555664
2011-01-27,22.06043815612793
2011-01-28,21.914764404296875
2011-01-31,22.180782318115234
2011-02-01,22.130111694335938
2011-02-02,21.940101623535156
2011-02-03,21.800762176513672
2011-02-04,21.66141128540039
2011-02-07,21.819761276245117
2011-02-08,21.90843391418457
2011-02-09,21.604413986206055
2011-02-10,21.864091873168945
2011-02-11,21.98442840576172
2011-02-14,21.927431106567383
2011-02-15,21.066038131713867
2011-02-16,21.091381072998047
2011-02-17,21.33205795288086
2011-02-18,21.313060760498047
2011-02-22,21.211719512939453
2011-02-23,21.08504295349121
2011-02-24,20.774690628051758
2011-02-25,21.116714477539062
2011-02-28,21.496734619140625
2011-03-01,21.015371322631836
2011-03-02,21.047039031982422
2011-03-03,21.465072631835938
2011-03-04,21.471403121948242
2011-03-07,21.338397979736328
2011-03-08,21.63608169555664
2011-03-09,21.55373764038086
2011-03-10,21.116714477539062
2011-03-11,21.313060760498047
2011-03-14,20.9583683013916
2011-03-15,20.635347366333008
2011-03-16,20.413667678833008
2011-03-17,20.47066879272461
2011-03-18,21.123044967651367
2011-03-21,21.275060653686523
2011-03-22,21.104045867919922
2011-03-23,20.819032669067383
2011-03-24,20.825361251831055
2011-03-25,21.03437614440918
2011-03-28,21.03437614440918
2011-03-29,21.154714584350586
2011-03-30,21.471403121948242
2011-03-31,21.471403121948242
2011-04-01,21.413631439208984
2011-04-04,21.22747230529785
2011-04-05,21.25316047668457
2011-04-06,21.368694305419922
2011-04-07,20.957887649536133
2011-04-08,20.900117874145508
2011-04-11,20.855188369750977
2011-04-12,20.89369773864746
2011-04-13,21.073423385620117
2011-04-14,21.580520629882812
2011-04-15,21.824443817138672
2011-04-18,21.625463485717773
2011-04-19,21.952817916870117
2011-04-20,22.222421646118164
2011-04-21,22.389312744140625
2011-04-25,22.492013931274414
2011-04-26,22.729516983032227
2011-04-27,22.77445411682129
2011-04-28,22.5947208404541
2011-04-29,22.671741485595703
2011-05-02,22.646074295043945
2011-05-03,22.581884384155273
2011-05-04,22.620391845703125
2011-05-05,22.5947208404541
2011-05-06,22.402151107788086
2011-05-09,22.312286376953125
2011-05-10,22.652498245239258
2011-05-11,22.41498374938965
2011-05-12,22.299448013305664
2011-05-13,21.99776268005371
2011-05-16,22.068361282348633
2011-05-17,21.90146827697754
2011-05-18,22.113298416137695
2011-05-19,22.19675064086914
2011-05-20,21.914304733276367
2011-05-23,21.64471435546875
2011-05-24,21.676815032958984
2011-05-25,21.862957000732422
2011-05-26,22.177486419677734
2011-05-27,22.305866241455078
2011-05-31,22.697425842285156
2011-06-01,22.13255500793457
2011-06-02,21.939983367919922
2011-06-03,21.785932540893555
2011-06-06,21.368694305419922
2011-06-07,21.484237670898438
2011-06-08,21.169706344604492
2011-06-09,20.957887649536133
2011-06-10,20.373760223388672
2011-06-13,20.36092185974121
2011-06-14,20.579164505004883
2011-06-15,20.142677307128906
2011-06-16,20.238964080810547
2011-06-17,20.290319442749023
2011-06-20,20.758899688720703
2011-06-21,21.028493881225586
2011-06-22,21.079851150512695
2011-06-23,20.656192779541016
2011-06-24,20.649776458740234
2011-06-27,20.758899688720703
2011-06-28,20.874448776245117
2011-06-29,21.169706344604492
2011-06-30,21.14403533935547
2011-07-01,21.580062866210938
2011-07-05,21.58656883239746
2011-07-06,21.892438888549805
2011-07-07,22.120220184326172
2011-07-08,22.016090393066406
2011-07-11,21.63862419128418
2011-07-12,21.768787384033203
2011-07-13,21.619115829467773
2011-07-14,21.6256160736084
2011-07-15,21.879423141479492
2011-07-18,21.567052841186523
2011-07-19,22.152753829956055
2011-07-20,22.308942794799805
2011-07-21,22.419574737548828
2011-07-22,22.556241989135742
2011-07-25,22.406558990478516
2011-07-26,22.445608139038086
2011-07-27,21.729745864868164
2011-07-28,21.846885681152344
2011-07-29,21.65164566040039
2011-08-01,21.456417083740234
2011-08-02,20.818639755249023
2011-08-03,20.525787353515625
2011-08-04,19.50405502319336
2011-08-05,18.814226150512695
2011-08-08,16.731700897216797
2011-08-09,18.358671188354492
2011-08-10,18.228517532348633
2011-08-11,19.237232208251953
2011-08-12,19.21770477294922
2011-08-15,20.03118896484375
2011-08-16,20.089763641357422
2011-08-17,19.979129791259766
2011-08-18,19.412944793701172
2011-08-19,19.100563049316406
2011-08-22,19.120084762573242
2011-08-23,19.627702713012695
2011-08-24,19.907550811767578
2011-08-25,19.393423080444336
2011-08-26,19.75786018371582
2011-08-29,20.33707046508789
2011-08-30,20.00516128540039
2011-08-31,20.27198600769043
2011-09-01,20.011667251586914
2011-09-02,19.562623977661133
2011-09-06,19.451988220214844
2011-09-07,20.245948791503906
2011-09-08,19.901033401489258
2011-09-09,19.32183265686035
2011-09-12,19.31532859802246
2011-09-13,19.32183265686035
2011-09-14,19.569129943847656
2011-09-15,19.829452514648438
2011-09-16,19.953094482421875
2011-09-19,19.58214569091797
2011-09-20,19.373905181884766
2011-09-21,18.384700775146484
2011-09-22,17.584232330322266
2011-09-23,17.909626007080078
2011-09-26,18.033283233642578
2011-09-27,18.228517532348633
2011-09-28,17.42804527282715
2011-09-29,17.694873809814453
2011-09-30,17.408531188964844
2011-10-03,16.45535659790039
2011-10-04,17.375431060791016
2011-10-05,17.031227111816406
2011-10-06,17.448240280151367
2011-10-07,17.031227111816406
2011-10-10,17.792436599731445
2011-10-11,17.401901245117188
2011-10-12,17.818918228149414
2011-10-13,17.547527313232422
2011-10-14,18.182971954345703
2011-10-17,17.448240280151367
2011-10-18,17.83877182006836
2011-10-19,17.35556983947754
2011-10-20,17.454856872558594
2011-10-21,18.216066360473633
2011-10-24,18.692651748657227
2011-10-25,18.209453582763672
2011-10-26,18.077068328857422
2011-10-27,18.93756675720215
2011-10-28,18.89784812927246
2011-10-31,18.573501586914062
2011-11-01,17.85862922668457
2011-11-02,18.090303421020508
2011-11-03,18.328594207763672
2011-11-04,17.991010665893555
2011-11-07,18.0969181060791
2011-11-08,18.361692428588867
2011-11-09,17.501195907592773
2011-11-10,17.3026180267334
2011-11-11,17.646820068359375
2011-11-14,17.309234619140625
2011-11-15,17.47472381591797
2011-11-16,17.514432907104492
2011-11-17,16.912086486816406
2011-11-18,16.912086486816406
2011-11-21,16.614219665527344
2011-11-22,16.55464744567871
2011-11-23,16.13102149963379
2011-11-25,16.170732498168945
2011-11-28,16.34283447265625
2011-11-29,16.197208404541016
2011-11-30,16.86574363708496
2011-12-01,16.647314071655273
2011-12-02,16.845888137817383
2011-12-05,17.123899459838867
2011-12-06,17.024612426757812
2011-12-07,17.25627899169922
2011-12-08,16.832651138305664
2011-12-09,17.26952362060547
2011-12-12,16.958419799804688
2011-12-13,16.713510513305664
2011-12-14,16.627456665039062
2011-12-15,16.859132766723633
2011-12-16,17.11728286743164
2011-12-19,16.99151611328125
2011-12-20,17.58062744140625
2011-12-21,17.633573532104492
2011-12-22,17.852012634277344
2011-12-23,17.845382690429688
2011-12-27,17.845382690429688
2011-12-28,17.593862533569336
2011-12-29,17.719635009765625
2011-12-30,17.666675567626953
2012-01-03,17.77440071105957
2012-01-04,17.5185604095459
2012-01-05,17.49835968017578
2012-01-06,17.457958221435547
2012-01-09,17.464691162109375
2012-01-10,17.63974380493164
2012-01-11,17.92251968383789
2012-01-12,17.88885498046875
2012-01-13,17.700336456298828
2012-01-17,17.875389099121094
2012-01-18,18.299545288085938
2012-01-19,18.541927337646484
2012-01-20,19.00649070739746
2012-01-23,19.013219833374023
2012-01-24,19.12767791748047
2012-01-25,19.343120574951172
2012-01-26,19.302722930908203
2012-01-27,19.383516311645508
2012-01-30,19.120943069458008
2012-01-31,19.363319396972656
2012-02-01,19.67302703857422
2012-02-02,19.437379837036133
2012-02-03,19.720151901245117
2012-02-06,19.706687927246094
2012-02-07,19.65955924987793
2012-02-08,19.88173484802246
2012-02-09,19.491241455078125
2012-02-10,19.376789093017578
2012-02-13,19.619159698486328
2012-02-14,19.27579689025879
2012-02-15,19.24886703491211
2012-02-16,19.437379837036133
2012-02-17,19.383516311645508
2012-02-21,19.120943069458008
2012-02-22,18.77757453918457
2012-02-23,19.221939086914062
2012-02-24,19.23540496826172
2012-02-27,19.282529830932617
2012-02-28,19.100749969482422
2012-02-29,19.255592346191406
2012-03-01,19.26906394958496
2012-03-02,19.073814392089844
2012-03-05,19.20846939086914
2012-03-06,19.147878646850586
2012-03-07,18.999753952026367
2012-03-08,18.925695419311523
2012-03-09,18.986289978027344
2012-03-12,19.060340881347656
2012-03-13,19.612430572509766
2012-03-14,19.464311599731445
2012-03-15,19.24213218688965
2012-03-16,19.39698600769043
2012-03-19,19.706687927246094
2012-03-20,19.612430572509766
2012-03-21,19.32965660095215
2012-03-22,19.040145874023438
2012-03-23,19.080554962158203
2012-03-26,19.20846939086914
2012-03-27,19.282529830932617
2012-03-28,19.255592346191406
2012-03-29,19.383516311645508
2012-03-30,19.403715133666992
2012-04-02,19.383203506469727
2012-04-03,19.417400360107422
2012-04-04,19.314804077148438
2012-04-05,19.054906845092773
2012-04-09,18.82919692993164
2012-04-10,18.43250846862793
2012-04-11,18.54194450378418
2012-04-12,18.890758514404297
2012-04-13,18.740285873413086
2012-04-16,19.123300552368164
2012-04-17,19.458436965942383
2012-04-18,19.164335250854492
2012-04-19,19.23272705078125
2012-04-20,19.51314926147461
2012-04-23,19.335325241088867
2012-04-24,19.47894859313965
2012-04-25,19.62941551208496
2012-04-26,19.485797882080078
2012-04-27,19.684139251708984
2012-04-30,19.643096923828125
2012-05-01,19.841440200805664
2012-05-02,19.820932388305664
2012-05-03,19.807252883911133
2012-05-04,19.697813034057617
2012-05-07,19.73201560974121
2012-05-08,19.8004093170166
2012-05-09,19.793575286865234
2012-05-10,19.725168228149414
2012-05-11,19.793575286865234
2012-05-14,19.540512084960938
2012-05-15,19.36267852783203
2012-05-16,19.253244400024414
2012-05-17,18.706087112426758
2012-05-18,18.28203010559082
2012-05-21,18.582983016967773
2012-05-22,18.47354507446289
2012-05-23,18.62401580810547
2012-05-24,18.71292495727539
2012-05-25,18.562456130981445
2012-05-29,18.91126823425293
2012-05-30,18.54194450378418
2012-05-31,18.63085174560547
2012-06-01,18.28203010559082
2012-06-04,18.28887176513672
2012-06-05,18.589811325073242
2012-06-06,18.979665756225586
2012-06-07,18.863393783569336
2012-06-08,19.150653839111328
2012-06-11,18.59665298461914
2012-06-12,18.82919692993164
2012-06-13,18.71292495727539
2012-06-14,18.842878341674805
2012-06-15,18.89759063720703
2012-06-18,19.116458892822266
2012-06-19,19.212215423583984
2012-06-20,19.150653839111328
2012-06-21,18.856555938720703
2012-06-22,18.815519332885742
2012-06-25,18.644529342651367
2012-06-26,18.719768524169922
2012-06-27,18.979665756225586
2012-06-28,19.23272705078125
2012-06-29,19.88248634338379
2012-07-02,20.18120765686035
2012-07-03,20.30625343322754
2012-07-05,20.32709503173828
2012-07-06,20.36182975769043
2012-07-09,20.25762367248535
2012-07-10,20.042266845703125
2012-07-11,20.021419525146484
2012-07-12,20.03531265258789
2012-07-13,20.271522521972656
2012-07-16,20.20899200439453
2012-07-17,20.37571907043457
2012-07-18,20.18120765686035
2012-07-19,19.993637084960938
2012-07-20,19.9102725982666
2012-07-23,19.687969207763672
2012-07-24,19.55596923828125
2012-07-25,19.549020767211914
2012-07-26,19.21556854248047
2012-07-27,18.680639266967773
2012-07-30,18.58338737487793
2012-07-31,18.611169815063477
2012-08-01,18.680639266967773
2012-08-02,18.70843505859375
2012-08-03,18.854318618774414
2012-08-06,18.70843505859375
2012-08-07,18.576433181762695
2012-08-08,18.52086067199707
2012-08-09,18.42360496520996
2012-08-10,18.368019104003906
2012-08-13,18.53474998474121
2012-08-14,18.42360496520996
2012-08-15,18.43054962158203
2012-08-16,18.500019073486328
2012-08-17,18.63896369934082
2012-08-20,18.63896369934082
2012-08-21,18.79180145263672
2012-08-22,18.73621368408203
2012-08-23,18.46528434753418
2012-08-24,18.486122131347656
2012-08-27,18.59728240966797
2012-08-28,18.590330123901367
2012-08-29,18.56254005432129
2012-08-30,18.479177474975586
2012-08-31,18.54865074157715
2012-09-04,18.770950317382812
2012-09-05,18.86126708984375
2012-09-06,18.99325942993164
2012-09-07,18.944637298583984
2012-09-10,18.722326278686523
2012-09-11,18.715377807617188
2012-09-12,18.916845321655273
2012-09-13,19.271146774291992
2012-09-14,19.549020767211914
2012-09-17,19.430925369262695
2012-09-18,19.29198455810547
2012-09-19,19.222517013549805
2012-09-20,18.82653045654297
2012-09-21,18.722326278686523
2012-09-24,18.798744201660156
2012-09-25,18.52086067199707
2012-09-26,18.513917922973633
2012-09-27,18.680639266967773
2012-09-28,18.479177474975586
2012-10-01,18.23891258239746
2012-10-02,18.507442474365234
2012-10-03,18.71237564086914
2012-10-04,18.860774993896484
2012-10-05,19.058639526367188
2012-10-08,19.09397315979004
2012-10-09,19.4685001373291
2012-10-10,19.6593017578125
2012-10-11,19.82183265686035
2012-10-12,19.645170211791992
2012-10-15,19.47557258605957
2012-10-16,19.51089859008789
2012-10-17,19.602766036987305
2012-10-18,19.772367477416992
2012-10-19,19.539167404174805
2012-10-22,19.3978328704834
2012-10-23,19.185834884643555
2012-10-24,19.263572692871094
2012-10-25,18.79010772705078
2012-10-26,18.422645568847656
2012-10-31,18.36611557006836
2012-11-01,18.592241287231445
2012-11-02,18.52863883972168
2012-11-05,18.3166561126709
2012-11-06,18.408512115478516
2012-11-07,18.161176681518555
2012-11-08,18.01984977722168
2012-11-09,17.95625114440918
2012-11-12,17.864383697509766
2012-11-13,17.850250244140625
2012-11-14,17.376785278320312
2012-11-15,17.397985458374023
2012-11-16,17.53931999206543
2012-11-19,17.680648803710938
2012-11-20,17.71597671508789
2012-11-21,17.70184898376465
2012-11-23,17.913854598999023
2012-11-26,17.984508514404297
2012-11-27,18.01984977722168
2012-11-28,18.05518341064453
2012-11-29,17.970375061035156
2012-11-30,17.864383697509766
2012-12-03,18.0622501373291
2012-12-04,18.090518951416016
2012-12-05,17.977447509765625
2012-12-06,18.1258487701416
2012-12-07,18.295448303222656
2012-12-10,18.224775314331055
2012-12-11,18.295448303222656
2012-12-12,18.118783950805664
2012-12-13,18.041046142578125
2012-12-14,18.01984977722168
2012-12-17,18.1258487701416
2012-12-18,18.139978408813477
2012-12-19,18.302515029907227
2012-12-20,18.52157211303711
2012-12-21,18.32370948791504
2012-12-24,18.330772399902344
2012-12-26,18.168243408203125
2012-12-27,18.245981216430664
2012-12-28,18.35197639465332
2012-12-31,18.450908660888672
2013-01-02,18.65943717956543
2013-01-03,18.824813842773438
2013-01-04,18.91109848022461
2013-01-07,19.011775970458984
2013-01-08,18.990198135375977
2013-01-09,18.93267250061035
2013-01-10,19.14839744567871
2013-01-11,18.925485610961914
2013-01-14,18.95425033569336
2013-01-15,19.062105178833008
2013-01-16,19.047719955444336
2013-01-17,19.22748565673828
2013-01-18,19.436012268066406
2013-01-22,19.680496215820312
2013-01-23,19.622970581054688
2013-01-24,19.666112899780273
2013-01-25,19.738018035888672
2013-01-28,19.78835105895996
2013-01-29,19.795536041259766
2013-01-30,19.60858726501465
2013-01-31,19.53668212890625
2013-02-01,19.6445369720459
2013-02-04,19.52229881286621
2013-02-05,19.52229881286621
2013-02-06,19.551067352294922
2013-02-07,19.198726654052734
2013-02-08,19.320960998535156
2013-02-11,19.364105224609375
2013-02-12,19.529495239257812
2013-02-13,19.651731491088867
2013-02-14,19.60858726501465
2013-02-15,19.6445369720459
2013-02-19,19.903398513793945
2013-02-20,19.687686920166016
2013-02-21,19.558250427246094
2013-02-22,19.809919357299805
2013-02-25,19.52229881286621
2013-02-26,19.989675521850586
2013-02-27,20.30607032775879
2013-02-28,20.406734466552734
2013-03-01,20.39954948425293
2013-03-04,20.49302101135254
2013-03-05,20.759078979492188
2013-03-06,20.579307556152344
2013-03-07,20.49302101135254
2013-03-08,20.70155143737793
2013-03-11,20.730308532714844
2013-03-12,20.62964630126953
2013-03-13,20.651220321655273
2013-03-14,20.730308532714844
2013-03-15,20.550546646118164
2013-03-18,20.550546646118164
2013-03-19,20.298877716064453
2013-03-20,20.44988441467285
2013-03-21,20.507408142089844
2013-03-22,20.59369468688965
2013-03-25,20.557735443115234
2013-03-26,20.62964630126953
2013-03-27,20.63683319091797
2013-03-28,20.572114944458008
2013-04-01,20.674394607543945
2013-04-02,20.550203323364258
2013-04-03,20.352956771850586
2013-04-04,20.87894630432129
2013-04-05,20.930091857910156
2013-04-08,21.0396671295166
2013-04-09,21.068893432617188
2013-04-10,21.046974182128906
2013-04-11,21.383026123046875
2013-04-12,21.185775756835938
2013-04-15,20.557510375976562
2013-04-16,19.863494873046875
2013-04-17,19.921937942504883
2013-04-18,19.783132553100586
2013-04-19,19.958457946777344
2013-04-22,19.951152801513672
2013-04-23,19.943849563598633
2013-04-24,19.980375289916992
2013-04-25,19.761215209960938
2013-04-26,19.72468376159668
2013-04-29,19.980375289916992
2013-04-30,20.28720474243164
2013-05-01,20.126487731933594
2013-05-02,20.243371963500977
2013-05-03,20.316431045532227
2013-05-06,20.23607063293457
2013-05-07,20.411401748657227
2013-05-08,20.645174026489258
2013-05-09,20.426010131835938
2013-05-10,20.59404182434082
2013-05-13,20.718229293823242
2013-05-14,20.81319808959961
2013-05-15,20.615951538085938
2013-05-16,20.352956771850586
2013-05-17,20.4698429107666
2013-05-20,20.484453201293945
2013-05-21,20.484453201293945
2013-05-22,19.921937942504883
2013-05-23,19.914628982543945
2013-05-24,19.914628982543945
2013-05-28,19.834270477294922
2013-05-29,19.615108489990234
2013-05-30,19.461687088012695
2013-05-31,19.35941505432129
2013-06-03,19.29366683959961
2013-06-04,18.804203033447266
2013-06-05,18.928394317626953
2013-06-06,18.869953155517578
2013-06-07,18.88456916809082
2013-06-10,18.570425033569336
2013-06-11,18.102880477905273
2013-06-12,17.759519577026367
2013-06-13,18.073652267456055
2013-06-14,18.015216827392578
2013-06-17,18.051740646362305
2013-06-18,18.044435501098633
2013-06-19,17.5695858001709
2013-06-20,16.83903694152832
2013-06-21,17.02167320251465
2013-06-24,16.948619842529297
2013-06-25,17.53306007385254
2013-06-26,17.752220153808594
2013-06-27,18.12480354309082
2013-06-28,17.891021728515625
2013-07-01,17.935394287109375
2013-07-02,18.149885177612305
2013-07-03,17.972375869750977
2013-07-05,17.83185386657715
2013-07-08,17.772682189941406
2013-07-09,18.016752243041992
2013-07-10,17.706119537353516
2013-07-11,18.28300666809082
2013-07-12,18.0389404296875
2013-07-15,18.03154945373535
2013-07-16,18.142488479614258
2013-07-17,18.1646785736084
2013-07-18,18.31259536743164
2013-07-19,18.26822280883789
2013-07-22,18.275611877441406
2013-07-23,18.482698440551758
2013-07-24,18.26822280883789
2013-07-25,18.231243133544922
2013-07-26,18.090713500976562
2013-07-29,18.0389404296875
2013-07-30,18.0389404296875
2013-07-31,17.79487419128418
2013-08-01,17.66914176940918
2013-08-02,17.46204948425293
2013-08-05,17.402883529663086
2013-08-06,17.314136505126953
2013-08-07,17.20319175720215
2013-08-08,17.180997848510742
2013-08-09,17.380695343017578
2013-08-12,17.136627197265625
2013-08-13,16.70765495300293
2013-08-14,16.73723602294922
2013-08-15,16.256494522094727
2013-08-16,15.723982810974121
2013-08-19,15.331995010375977
2013-08-20,15.62783432006836
2013-08-21,15.5242919921875
2013-08-22,15.62783432006836
2013-08-23,15.98284912109375
2013-08-26,15.901494979858398
2013-08-27,15.931072235107422
2013-08-28,16.0642032623291
2013-08-29,15.938465118408203
2013-08-30,15.975440979003906
2013-09-03,15.71658706665039
2013-09-04,15.746170997619629
2013-09-05,15.376371383666992
2013-09-06,15.605645179748535
2013-09-09,15.89409065246582
2013-09-10,15.92367172241211
2013-09-11,16.012426376342773
2013-09-12,15.598249435424805
2013-09-13,15.657413482666016
2013-09-16,15.561269760131836
2013-09-17,15.442931175231934
2013-09-18,16.23430824279785
2013-09-19,16.308271408081055
2013-09-20,16.18253517150879
2013-09-23,16.16034507751465
2013-09-24,16.086389541625977
2013-09-25,16.16034507751465
2013-09-26,16.29347801208496
2013-09-27,16.263893127441406
2013-09-30,16.226913452148438
2013-10-01,16.51936149597168
2013-10-02,16.35439109802246
2013-10-03,16.16692352294922
2013-10-04,15.911974906921387
2013-10-07,15.949464797973633
2013-10-08,15.866985321044922
2013-10-09,15.784496307373047
2013-10-10,16.26441192626953
2013-10-11,16.59433937072754
2013-10-14,16.42937469482422
2013-10-15,16.27940559387207
2013-10-16,16.481863021850586
2013-10-17,16.75181007385254
2013-10-18,16.57184600830078
2013-10-21,16.204416275024414
2013-10-22,16.49686050415039
2013-10-23,16.414379119873047
2013-10-24,16.301902770996094
2013-10-25,16.34688949584961
2013-10-28,16.024452209472656
2013-10-29,15.791998863220215
2013-10-30,15.47706127166748
2013-10-31,15.417068481445312
2013-11-01,15.484553337097168
2013-11-04,15.237103462219238
2013-11-05,15.012144088745117
2013-11-06,15.064635276794434
2013-11-07,14.80968189239502
2013-11-08,14.35227108001709
2013-11-11,14.419759750366211
2013-11-12,14.502243995666504
2013-11-13,14.509740829467773
2013-11-14,14.877171516418457
2013-11-15,15.109622955322266
2013-11-18,15.012144088745117
2013-11-19,14.944658279418945
2013-11-20,14.832176208496094
2013-11-21,15.177114486694336
2013-11-22,15.154613494873047
2013-11-25,15.102128028869629
2013-11-26,15.199613571166992
2013-11-27,15.462058067321777
2013-11-29,15.267093658447266
2013-12-02,15.319581985473633
2013-12-03,15.567037582397461
2013-12-04,15.634532928466797
2013-12-05,15.694514274597168
2013-12-06,15.702019691467285
2013-12-09,15.844488143920898
2013-12-10,15.844488143920898
2013-12-11,15.739508628845215
2013-12-12,15.634532928466797
2013-12-13,15.889480590820312
2013-12-16,15.814492225646973
2013-12-17,15.971959114074707
2013-12-18,16.26441192626953
2013-12-19,16.099437713623047
2013-12-20,16.391883850097656
2013-12-23,16.26441192626953
2013-12-24,16.11443519592285
2013-12-26,16.024452209472656
2013-12-27,16.226913452148438
2013-12-30,16.33939552307129
2013-12-31,16.10693359375
2014-01-02,16.259031295776367
2014-01-03,16.456758499145508
2014-01-06,16.35028839111328
2014-01-07,16.540409088134766
2014-01-08,15.947234153747559
2014-01-09,15.871193885803223
2014-01-10,15.703883171081543
2014-01-13,15.445321083068848
2014-01-14,15.452927589416504
2014-01-15,15.445321083068848
2014-01-16,15.316038131713867
2014-01-17,15.26280689239502
2014-01-21,15.293225288391113
2014-01-22,15.247596740722656
2014-01-23,15.224784851074219
2014-01-24,15.141130447387695
2014-01-27,15.080292701721191
2014-01-28,15.163946151733398
2014-01-29,15.194360733032227
2014-01-30,15.28562068939209
2014-01-31,15.384476661682129
2014-02-03,15.323641777038574
2014-02-04,15.79514217376709
2014-02-05,15.749510765075684
2014-02-06,15.734301567077637
2014-02-07,15.76472282409668
2014-02-10,15.932024002075195
2014-02-11,15.932024002075195
2014-02-12,16.17538070678711
2014-02-13,16.35028839111328
2014-02-14,16.388309478759766
2014-02-18,16.198192596435547
2014-02-19,16.28945541381836
2014-02-20,16.365495681762695
2014-02-21,16.616455078125
2014-02-24,17.03471565246582
2014-02-25,17.16400146484375
2014-02-26,16.72292709350586
2014-02-27,16.616455078125
2014-02-28,16.92064666748047
2014-03-03,16.81418228149414
2014-03-04,16.92824935913086
2014-03-05,16.9966983795166
2014-03-06,16.798974990844727
2014-03-07,16.304662704467773
2014-03-10,16.160171508789062
2014-03-11,16.182987213134766
2014-03-12,16.26663589477539
2014-03-13,16.243824005126953
2014-03-14,16.205801010131836
2014-03-17,16.17538070678711
2014-03-18,16.236217498779297
2014-03-19,15.962445259094238
2014-03-20,15.779935836791992
2014-03-21,15.840773582458496
2014-03-24,15.772322654724121
2014-03-25,15.924423217773438
2014-03-26,15.635437965393066
2014-03-27,15.840773582458496
2014-03-28,16.00046730041504
2014-03-31,15.810355186462402
2014-04-01,15.771769523620605
2014-04-02,15.74090576171875
2014-04-03,15.810351371765137
2014-04-04,16.04954719543457
2014-04-07,16.088130950927734
2014-04-08,16.47393798828125
2014-04-09,16.389060974121094
2014-04-10,16.311899185180664
2014-04-11,15.879794120788574
2014-04-14,15.710041046142578
2014-04-15,15.771769523620605
2014-04-16,15.794917106628418
2014-04-17,15.648313522338867
2014-04-21,15.571152687072754
2014-04-22,15.895230293273926
2014-04-23,15.833497047424316
2014-04-24,15.78720474243164
2014-04-25,15.748625755310059
2014-04-28,15.995535850524902
2014-04-29,15.640594482421875
2014-04-30,15.717754364013672
2014-05-01,15.848925590515137
2014-05-02,15.848925590515137
2014-05-05,15.602012634277344
2014-05-06,15.563431739807129
2014-05-07,15.733190536499023
2014-05-08,15.764046669006348
2014-05-09,15.841216087341309
2014-05-12,15.8875150680542
2014-05-13,15.94151782989502
2014-05-14,16.064985275268555
2014-05-15,15.74090576171875
2014-05-16,15.810351371765137
2014-05-19,15.617449760437012
2014-05-20,15.779486656188965
2014-05-21,16.09584617614746
2014-05-22,16.558813095092773
2014-05-23,16.774858474731445
2014-05-27,17.068078994750977
2014-05-28,16.975486755371094
2014-05-29,16.89832305908203
2014-05-30,16.782581329345703
2014-06-02,17.029499053955078
2014-06-03,17.029499053955078
2014-06-04,17.052650451660156
2014-06-05,17.23783302307129
2014-06-06,17.168392181396484
2014-06-09,16.967771530151367
2014-06-10,16.87517547607422
2014-06-11,16.913753509521484
2014-06-12,16.813446044921875
2014-06-13,16.929189682006836
2014-06-16,16.58968162536621
2014-06-17,16.867460250854492
2014-06-18,16.936901092529297
2014-06-19,16.921472549438477
2014-06-20,17.091230392456055
2014-06-23,17.02178382873535
2014-06-24,17.02178382873535
2014-06-25,17.029499053955078
2014-06-26,16.666839599609375
2014-06-27,16.828876495361328
2014-06-30,16.574249267578125
2014-07-01,16.582019805908203
2014-07-02,16.582019805908203
2014-07-03,16.418834686279297
2014-07-07,16.403295516967773
2014-07-08,16.667491912841797
2014-07-09,16.504314422607422
2014-07-10,16.302282333374023
2014-07-11,16.317825317382812
2014-07-14,16.317825317382812
2014-07-15,16.278972625732422
2014-07-16,16.271198272705078
2014-07-17,16.162412643432617
2014-07-18,16.449918746948242
2014-07-21,16.43438148498535
2014-07-22,16.628637313842773
2014-07-23,16.683029174804688
2014-07-24,16.923913955688477
2014-07-25,16.706342697143555
2014-07-28,16.784048080444336
2014-07-29,16.698572158813477
2014-07-30,16.683029174804688
2014-07-31,16.395524978637695
2014-08-01,16.271198272705078
2014-08-04,16.33336067199707
2014-08-05,16.271198272705078
2014-08-06,16.24011993408203
2014-08-07,16.22457504272461
2014-08-08,16.395524978637695
2014-08-11,16.56647491455078
2014-08-12,16.43438148498535
2014-08-13,16.846208572387695
2014-08-14,16.67525863647461
2014-08-15,16.426610946655273
2014-08-18,16.714111328125
2014-08-19,16.85397720336914
2014-08-20,16.86174964904785
2014-08-21,16.729656219482422
2014-08-22,16.644176483154297
2014-08-25,16.558706283569336
2014-08-26,16.481000900268555
2014-08-27,16.41106414794922
2014-08-28,16.317825317382812
2014-08-29,16.426610946655273
2014-09-02,16.481000900268555
2014-09-03,16.46546173095703
2014-09-04,16.325593948364258
2014-09-05,16.667491912841797
2014-09-08,16.418834686279297
2014-09-09,16.317825317382812
2014-09-10,16.04585838317871
2014-09-11,16.162412643432617
2014-09-12,15.649572372436523
2014-09-15,15.533007621765137
2014-09-16,15.696195602416992
2014-09-17,15.618492126464844
2014-09-18,15.431992530822754
2014-09-19,15.346525192260742
2014-09-22,15.167805671691895
2014-09-23,14.996858596801758
2014-09-24,14.989091873168945
2014-09-25,14.880300521850586
2014-09-26,15.136719703674316
2014-09-29,15.082327842712402
2014-09-30,14.84921646118164
2014-10-01,14.951031684875488
2014-10-02,14.951031684875488
2014-10-03,15.178157806396484
2014-10-06,14.966695785522461
2014-10-07,14.763066291809082
2014-10-08,15.232979774475098
2014-10-09,15.052846908569336
2014-10-10,15.013687133789062
2014-10-13,15.146828651428223
2014-10-14,15.467934608459473
2014-10-15,15.193822860717773
2014-10-16,15.326964378356934
2014-10-17,15.18598747253418
2014-10-20,15.483601570129395
2014-10-21,15.467934608459473
2014-10-22,15.420944213867188
2014-10-23,14.81789493560791
2014-10-24,14.864882469177246
2014-10-27,14.864882469177246
2014-10-28,14.802226066589355
2014-10-29,14.496784210205078
2014-10-30,14.496784210205078
2014-10-31,14.669083595275879
2014-11-03,14.559441566467285
2014-11-04,15.593240737915039
2014-11-05,15.640243530273438
2014-11-06,15.577579498291016
2014-11-07,15.538426399230957
2014-11-10,15.389612197875977
2014-11-11,15.311300277709961
2014-11-12,15.217318534851074
2014-11-13,15.154668807983398
2014-11-14,15.052846908569336
2014-11-17,15.029351234436035
2014-11-18,15.099841117858887
2014-11-19,14.872715950012207
2014-11-20,14.864882469177246
2014-11-21,15.052846908569336
2014-11-24,15.029351234436035
2014-11-25,14.919706344604492
2014-11-26,14.998025894165039
2014-11-28,15.052846908569336
2014-12-01,14.935375213623047
2014-12-02,14.935375213623047
2014-12-03,14.943199157714844
2014-12-04,15.107674598693848
2014-12-05,14.990189552307129
2014-12-08,14.872715950012207
2014-12-09,14.990189552307129
2014-12-10,14.825722694396973
2014-12-11,14.833552360534668
2014-12-12,14.684745788574219
2014-12-15,14.35581111907959
2014-12-16,14.11302375793457
2014-12-17,14.324483871459961
2014-12-18,14.410634994506836
2014-12-19,14.496784210205078
2014-12-22,14.841386795043945
2014-12-23,14.951031684875488
2014-12-24,14.927532196044922
2014-12-26,14.864882469177246
2014-12-29,14.990189552307129
2014-12-30,15.217318534851074
2014-12-31,14.927532196044922
2015-01-02,15.243294715881348
2015-01-05,15.32223892211914
2015-01-06,15.27487850189209
2015-01-07,15.109094619750977
2015-01-08,15.132780075073242
2015-01-09,15.101208686828613
2015-01-12,15.251190185546875
2015-01-13,15.219616889953613
2015-01-14,15.31434154510498
2015-01-15,15.29066276550293
2015-01-16,15.606422424316406
2015-01-20,15.416969299316406
2015-01-21,15.39328384399414
2015-01-22,15.606422424316406
2015-01-23,15.45643424987793
2015-01-26,15.630098342895508
2015-01-27,15.511689186096191
2015-01-28,15.401177406311035
2015-01-29,15.432756423950195
2015-01-30,15.401177406311035
2015-02-02,15.40907096862793
2015-02-03,15.732725143432617
2015-02-04,15.630098342895508
2015-02-05,15.811665534973145
2015-02-06,15.45643424987793
2015-02-09,15.39328384399414
2015-02-10,15.39328384399414
2015-02-11,15.377490043640137
2015-02-12,15.653789520263672
2015-02-13,15.637991905212402
2015-02-17,15.495911598205566
2015-02-18,15.543269157409668
2015-02-19,15.188036918640137
2015-02-20,15.259090423583984
2015-02-23,15.32223892211914
2015-02-24,15.148567199707031
2015-02-25,15.101208686828613
2015-02-26,14.982797622680664
2015-02-27,14.848602294921875
2015-03-02,15.16435432434082
2015-03-03,15.116994857788086
2015-03-04,14.982797622680664
2015-03-05,14.856490135192871
2015-03-06,14.319697380065918
2015-03-09,14.335489273071289
2015-03-10,14.517049789428711
2015-03-11,14.619668960571289
2015-03-12,14.911747932434082
2015-03-13,14.769655227661133
2015-03-16,15.085418701171875
2015-03-17,15.030156135559082
2015-03-18,15.34592342376709
2015-03-19,15.251190185546875
2015-03-20,15.630098342895508
2015-03-23,15.598528861999512
2015-03-24,15.440649032592773
2015-03-25,15.172248840332031
2015-03-26,15.053848266601562
2015-03-27,15.085418701171875
2015-03-30,15.353814125061035
2015-03-31,15.219616889953613
2015-04-01,15.219613075256348
2015-04-02,15.35486888885498
2015-04-06,15.601502418518066
2015-04-07,15.275310516357422
2015-04-08,15.148011207580566
2015-04-09,14.941158294677734
2015-04-10,14.933205604553223
2015-04-13,14.972976684570312
2015-04-14,14.925243377685547
2015-04-15,14.869552612304688
2015-04-16,14.837738037109375
2015-04-17,14.614969253540039
2015-04-20,14.5990571975708
2015-04-21,14.551321029663086
2015-04-22,14.543363571166992
2015-04-23,14.885467529296875
2015-04-24,14.861601829528809
2015-04-27,14.829776763916016
2015-04-28,14.782041549682617
2015-04-29,14.463805198669434
2015-04-30,14.280821800231934
2015-05-01,14.312644004821777
2015-05-04,14.296730995178223
2015-05-05,13.938716888427734
2015-05-06,13.994405746459961
2015-05-07,14.344467163085938
2015-05-08,14.424027442932129
2015-05-11,14.0978364944458
2015-05-12,14.113747596740723
2015-05-13,13.835291862487793
2015-05-14,14.042145729064941
2015-05-15,14.272867202758789
2015-05-18,14.193302154541016
2015-05-19,13.98645305633545
2015-05-20,13.922808647155762
2015-05-21,13.755731582641602
2015-05-22,13.66821575164795
2015-05-26,13.596614837646484
2015-05-27,13.755731582641602
2015-05-28,13.644349098205566
2015-05-29,13.445451736450195
2015-06-01,13.660260200500488
2015-06-02,13.540923118591309
2015-06-03,13.747776985168457
2015-06-04,13.819377899169922
2015-06-05,13.771642684936523
2015-06-08,13.795510292053223
2015-06-09,13.962584495544434
2015-06-10,14.296730995178223
2015-06-11,14.447893142700195
2015-06-12,14.70248031616211
2015-06-15,14.654743194580078
2015-06-16,14.789998054504395
2015-06-17,14.980937004089355
2015-06-18,15.402603149414062
2015-06-19,15.561715126037598
2015-06-22,15.450337409973145
2015-06-23,15.068455696105957
2015-06-24,15.251439094543457
2015-06-25,15.18779182434082
2015-06-26,15.052542686462402
2015-06-29,14.797955513000488
2015-06-30,14.662701606750488
2015-07-01,14.855206489562988
2015-07-02,14.911360740661621
2015-07-06,15.071781158447266
2015-07-07,15.2803316116333
2015-07-08,15.160013198852539
2015-07-09,15.17605972290039
2015-07-10,15.232206344604492
2015-07-13,15.36856460571289
2015-07-14,15.360541343688965
2015-07-15,15.352522850036621
2015-07-16,15.472846984863281
2015-07-17,15.464824676513672
2015-07-20,15.448775291442871
2015-07-21,15.40866470336914
2015-07-22,16.258922576904297
2015-07-23,16.170682907104492
2015-07-24,16.122562408447266
2015-07-27,16.355167388916016
2015-07-28,16.57976531982422
2015-07-29,16.748207092285156
2015-07-30,16.595806121826172
2015-07-31,16.716127395629883
2015-08-03,16.716127395629883
2015-08-04,16.651954650878906
2015-08-05,16.555700302124023
2015-08-06,16.651954650878906
2015-08-07,16.684040069580078
2015-08-10,16.70810317993164
2015-08-11,16.836448669433594
2015-08-12,16.8123779296875
2015-08-13,16.692060470581055
2015-08-14,16.724145889282227
2015-08-17,16.780290603637695
2015-08-18,16.684040069580078
2015-08-19,16.571744918823242
2015-08-20,16.459442138671875
2015-08-21,16.090465545654297
2015-08-24,15.256271362304688
2015-08-25,14.758955955505371
2015-08-26,14.895316123962402
2015-08-27,15.224187850952148
2015-08-28,15.416696548461914
2015-08-31,15.023652076721191
2015-09-01,14.63061809539795
2015-09-02,14.63061809539795
2015-09-03,14.646655082702637
2015-09-04,14.734893798828125
2015-09-08,15.039698600769043
2015-09-09,15.039698600769043
2015-09-10,15.30439567565918
2015-09-11,15.753582954406738
2015-09-14,15.769624710083008
2015-09-15,16.02630615234375
2015-09-16,15.946091651916504
2015-09-17,15.97015380859375
2015-09-18,15.849838256835938
2015-09-21,15.994220733642578
2015-09-22,15.793686866760254
2015-09-23,15.857864379882812
2015-09-24,15.78566837310791
2015-09-25,15.697437286376953
2015-09-28,15.352522850036621
2015-09-29,15.288350105285645
2015-09-30,15.143975257873535
2015-10-01,15.418878555297852
2015-10-02,15.523991584777832
2015-10-05,16.06571388244629
2015-10-06,16.162734985351562
2015-10-07,16.453807830810547
2015-10-08,16.720632553100586
2015-10-09,16.78531265258789
2015-10-12,16.78531265258789
2015-10-13,16.71254539489746
2015-10-14,16.752973556518555
2015-10-15,16.898502349853516
2015-10-16,17.084470748901367
2015-10-19,17.391714096069336
2015-10-20,17.610027313232422
2015-10-21,17.755565643310547
2015-10-22,17.787900924682617
2015-10-23,17.89301109313965
2015-10-26,17.868755340576172
2015-10-27,18.103233337402344
2015-10-28,18.127487182617188
2015-10-29,18.119400024414062
2015-10-30,17.593854904174805
2015-11-02,18.143657684326172
2015-11-03,18.176002502441406
2015-11-04,18.167911529541016
2015-11-05,18.135576248168945
2015-11-06,17.76364517211914
2015-11-09,17.464487075805664
2015-11-10,17.666624069213867
2015-11-11,17.949615478515625
2015-11-12,18.095149993896484
2015-11-13,18.127487182617188
2015-11-16,18.313453674316406
2015-11-17,18.337711334228516
2015-11-18,18.750064849853516
2015-11-19,19.081571578979492
2015-11-20,19.37264633178711
2015-11-23,19.39690399169922
2015-11-24,19.22710609436035
2015-11-25,19.502012252807617
2015-11-27,19.493925094604492
2015-11-30,19.000715255737305
2015-12-01,19.15433692932129
2015-12-02,18.944120407104492
2015-12-03,18.547937393188477
2015-12-04,18.814748764038086
2015-12-07,18.685382843017578
2015-12-08,18.475160598754883
2015-12-09,18.216428756713867
2015-12-10,17.949615478515625
2015-12-11,17.626195907592773
2015-12-14,17.83641815185547
2015-12-15,18.176002502441406
2015-12-16,18.507505416870117
2015-12-17,18.6287841796875
2015-12-18,18.58026885986328
2015-12-21,18.709638595581055
2015-12-22,18.88751983642578
2015-12-23,18.871349334716797
2015-12-24,18.839004516601562
2015-12-28,18.960283279418945
2015-12-29,19.251361846923828
2015-12-30,19.259443283081055
2015-12-31,18.87942886352539
2016-01-04,18.488826751708984
2016-01-05,18.643436431884766
2016-01-06,18.456274032592773
2016-01-07,17.92732810974121
2016-01-08,17.8947696685791
2016-01-11,17.585540771484375
2016-01-12,17.032180786132812
2016-01-13,17.113554000854492
2016-01-14,17.36582374572754
2016-01-15,17.097278594970703
2016-01-19,16.66598129272461
2016-01-20,16.234682083129883
2016-01-21,16.592744827270508
2016-01-22,17.015901565551758
2016-01-25,17.081008911132812
2016-01-26,17.39837646484375
2016-01-27,17.06472396850586
2016-01-28,17.040321350097656
2016-01-29,16.918254852294922
2016-02-01,16.35675048828125
2016-02-02,15.624366760253906
2016-02-03,15.8359375
2016-02-04,15.510428428649902
2016-02-05,15.11982250213623
2016-02-08,14.900102615356445
2016-02-09,14.363018989562988
2016-02-10,14.517631530761719
2016-02-11,14.379294395446777
2016-02-12,14.63969898223877
2016-02-16,14.900102615356445
2016-02-17,15.038446426391602
2016-02-18,15.070996284484863
2016-02-19,14.932650566101074
2016-02-22,15.3639554977417
2016-02-23,15.526708602905273
2016-02-24,15.494157791137695
2016-02-25,16.193994522094727
2016-02-26,16.470678329467773
2016-02-29,16.193994522094727
2016-03-01,16.991491317749023
2016-03-02,16.942663192749023
2016-03-03,16.975210189819336
2016-03-04,17.69133186340332
2016-03-07,17.658782958984375
2016-03-08,17.243757247924805
2016-03-09,17.357685089111328
2016-03-10,17.308862686157227
2016-03-11,17.740161895751953
2016-03-14,17.821535110473633
2016-03-15,17.8947696685791
2016-03-16,18.399311065673828
2016-03-17,18.822473526000977
2016-03-18,18.952674865722656
2016-03-21,18.399311065673828
2016-03-22,18.675992965698242
2016-03-23,18.00057029724121
2016-03-24,17.92732810974121
2016-03-28,18.244693756103516
2016-03-29,19.147977828979492
2016-03-30,19.091014862060547
2016-03-31,19.12356185913086
2016-04-01,19.074424743652344
2016-04-04,18.93519401550293
2016-04-05,18.910629272460938
2016-04-06,19.008907318115234
2016-04-07,18.738637924194336
2016-04-08,19.164514541625977
2016-04-11,19.090808868408203
2016-04-12,19.606775283813477
2016-04-13,19.52487564086914
2016-04-14,19.762380599975586
2016-04-15,19.958942413330078
2016-04-18,20.13912010192871
2016-04-19,20.065410614013672
2016-04-20,20.114551544189453
2016-04-21,20.065410614013672
2016-04-22,20.38481903076172
2016-04-25,20.45033836364746
2016-04-26,20.302919387817383
2016-04-27,20.45033836364746
2016-04-28,21.08096694946289
2016-04-29,20.933542251586914
2016-05-02,21.613313674926758
2016-05-03,21.433134078979492
2016-05-04,21.03182601928711
2016-05-05,21.293907165527344
2016-05-06,21.515031814575195
2016-05-09,21.539600372314453
2016-05-10,21.277524948120117
2016-05-11,21.19562530517578
2016-05-12,21.375808715820312
2016-05-13,21.28571128845215
2016-05-16,21.605119705200195
2016-05-17,20.85164451599121
2016-05-18,20.48309898376465
2016-05-19,20.311107635498047
2016-05-20,20.352062225341797
2016-05-23,20.5240535736084
2016-05-24,21.28571128845215
2016-05-25,21.367616653442383
2016-05-26,21.408571243286133
2016-05-27,21.351240158081055
2016-05-31,21.490463256835938
2016-06-01,21.703405380249023
2016-06-02,21.65426254272461
2016-06-03,21.646076202392578
2016-06-06,21.44951057434082
2016-06-07,21.7607364654541
2016-06-08,21.916345596313477
2016-06-09,22.03099822998047
2016-06-10,21.670639038085938
2016-06-13,21.990053176879883
2016-06-14,21.940914154052734
2016-06-15,22.03099822998047
2016-06-16,22.03099822998047
2016-06-17,22.153846740722656
2016-06-20,22.170228958129883
2016-06-21,22.252134323120117
2016-06-22,22.219364166259766
2016-06-23,22.579730987548828
2016-06-24,21.818063735961914
2016-06-27,21.00725555419922
2016-06-28,21.334856033325195
2016-06-29,21.875389099121094
2016-06-30,22.112899780273438
2016-07-01,22.269376754760742
2016-07-05,22.837644577026367
2016-07-06,22.845884323120117
2016-07-07,22.672929763793945
2016-07-08,22.95294189453125
2016-07-11,23.07648277282715
2016-07-12,23.10942268371582
2016-07-13,23.200021743774414
2016-07-14,22.928237915039062
2016-07-15,22.639986038208008
2016-07-18,22.697633743286133
2016-07-19,22.911766052246094
2016-07-20,23.167072296142578
2016-07-21,22.804702758789062
2016-07-22,23.224727630615234
2016-07-25,23.265901565551758
2016-07-26,22.994125366210938
2016-07-27,22.75528907775879
2016-07-28,23.14236831665039
2016-07-29,23.224727630615234
2016-08-01,23.068248748779297
2016-08-02,22.409385681152344
2016-08-03,22.977651596069336
2016-08-04,22.870590209960938
2016-08-05,22.75528907775879
2016-08-08,22.862346649169922
2016-08-09,22.796466827392578
2016-08-10,22.697633743286133
2016-08-11,22.425857543945312
2016-08-12,22.36820411682129
2016-08-15,22.450565338134766
2016-08-16,22.055248260498047
2016-08-17,22.302322387695312
2016-08-18,22.738813400268555
2016-08-19,22.705873489379883
2016-08-22,22.738813400268555
2016-08-23,22.969417572021484
2016-08-24,22.88705825805664
2016-08-25,23.117658615112305
2016-08-26,22.60704803466797
2016-08-29,22.829408645629883
2016-08-30,22.837644577026367
2016-08-31,22.862346649169922
2016-09-01,22.928237915039062
2016-09-02,23.488265991210938
2016-09-06,23.43061637878418
2016-09-07,24.064767837524414
2016-09-08,23.834169387817383
2016-09-09,22.837644577026367
2016-09-12,23.10118293762207
2016-09-13,22.038780212402344
2016-09-14,21.824655532836914
2016-09-15,21.791709899902344
2016-09-16,21.725818634033203
2016-09-19,22.178787231445312
2016-09-20,22.038780212402344
2016-09-21,22.40114974975586
2016-09-22,22.936473846435547
2016-09-23,22.895294189453125
2016-09-26,23.29060935974121
2016-09-27,22.928237915039062
2016-09-28,23.04353904724121
2016-09-29,22.417625427246094
2016-09-30,22.417625427246094
2016-10-03,21.829648971557617
2016-10-04,21.35761260986328
2016-10-05,21.258228302001953
2016-10-06,21.39073371887207
2016-10-07,21.283079147338867
2016-10-10,21.56464385986328
2016-10-11,21.125734329223633
2016-10-12,21.456985473632812
2016-10-13,21.514955520629883
2016-10-14,21.630895614624023
2016-10-17,21.7468318939209
2016-10-18,22.020118713378906
2016-10-19,22.0118408203125
2016-10-20,22.119491577148438
2016-10-21,22.185747146606445
2016-10-24,22.061525344848633
2016-10-25,21.862775802612305
2016-10-26,21.6971435546875
2016-10-27,21.10089683532715
2016-10-28,20.918701171875
2016-10-31,21.266517639160156
2016-11-01,20.76963233947754
2016-11-02,20.479787826538086
2016-11-03,20.678539276123047
2016-11-04,20.761348724365234
2016-11-07,21.158859252929688
2016-11-08,21.258228302001953
2016-11-09,21.498394012451172
2016-11-10,20.968385696411133
2016-11-11,21.324487686157227
2016-11-14,22.03667640686035
2016-11-15,21.829648971557617
2016-11-16,21.67230224609375
2016-11-17,21.556365966796875
2016-11-18,21.688859939575195
2016-11-21,21.597768783569336
2016-11-22,22.03667640686035
2016-11-23,22.020118713378906
2016-11-25,22.235431671142578
2016-11-28,22.301685333251953
2016-11-29,22.558406829833984
2016-11-30,22.401058197021484
2016-12-01,22.160898208618164
2016-12-02,22.37621307373047
2016-12-05,22.831689834594727
2016-12-06,23.24576187133789
2016-12-07,23.62670135498047
2016-12-08,24.156709671020508
2016-12-09,23.899988174438477
2016-12-12,23.9331111907959
2016-12-13,23.94139289855957
2016-12-14,23.113256454467773
2016-12-15,22.815128326416016
2016-12-16,23.12153434753418
2016-12-19,23.42795181274414
2016-12-20,23.775766372680664
2016-12-21,23.444509506225586
2016-12-22,23.35341453552246
2016-12-23,23.4113826751709
2016-12-27,23.552167892456055
2016-12-28,23.31200408935547
2016-12-29,23.717792510986328
2016-12-30,24.032489776611328
2017-01-03,23.99919319152832
2017-01-04,24.232271194458008
2017-01-05,24.074111938476562
2017-01-06,24.02416229248047
2017-01-09,23.766109466552734
2017-01-10,23.757780075073242
2017-01-11,23.399837493896484
2017-01-12,23.574644088745117
2017-01-13,23.582969665527344
2017-01-17,23.56631851196289
2017-01-18,23.83269691467285
2017-01-19,23.59129524230957
2017-01-20,23.691190719604492
2017-01-23,24.132375717163086
2017-01-24,24.382112503051758
2017-01-25,24.09908103942871
2017-01-26,23.80773162841797
2017-01-27,23.458106994628906
2017-01-30,23.21670150756836
2017-01-31,23.324914932250977
2017-02-01,23.14177894592285
2017-02-02,23.249996185302734
2017-02-03,23.34988784790039
2017-02-06,23.34988784790039
2017-02-07,23.33324432373047
2017-02-08,23.308265686035156
2017-02-09,23.22502326965332
2017-02-10,23.399837493896484
2017-02-13,23.516372680664062
2017-02-14,23.02524185180664
2017-02-15,23.05853843688965
2017-02-16,23.399837493896484
2017-02-17,23.54134750366211
2017-02-21,24.290542602539062
2017-02-22,24.423736572265625
2017-02-23,24.290542602539062
2017-02-24,24.382112503051758
2017-02-27,24.723411560058594
2017-02-28,24.265565872192383
2017-03-01,24.715084075927734
2017-03-02,23.91594123840332
2017-03-03,23.80773162841797
2017-03-06,23.599620819091797
2017-03-07,23.27497100830078
2017-03-08,22.808801651000977
2017-03-09,22.417558670043945
2017-03-10,22.28436851501465
2017-03-13,22.32598876953125
2017-03-14,22.20944595336914
2017-03-15,22.658966064453125
2017-03-16,22.71723747253418
2017-03-17,22.808801651000977
2017-03-20,22.60069465637207
2017-03-21,22.500802993774414
2017-03-22,22.342634201049805
2017-03-23,22.52577781677246
2017-03-24,22.30101776123047
2017-03-27,22.084577560424805
2017-03-28,22.18447494506836
2017-03-29,22.4342041015625
2017-03-30,22.292692184448242
2017-03-31,22.425880432128906
2017-04-03,22.576555252075195
2017-04-04,22.509593963623047
2017-04-05,22.56818962097168
2017-04-06,22.626789093017578
2017-04-07,22.7774600982666
2017-04-10,22.986740112304688
2017-04-11,23.405288696289062
2017-04-12,23.2880916595459
2017-04-13,23.087186813354492
2017-04-17,23.589447021484375
2017-04-18,23.723384857177734
2017-04-19,23.631301879882812
2017-04-20,23.65641975402832
2017-04-21,23.648042678833008
2017-04-24,23.321578979492188
2017-04-25,23.405288696289062
2017-04-26,23.246238708496094
2017-04-27,22.894655227661133
2017-04-28,22.64352035522461
2017-05-01,23.078819274902344
2017-05-02,23.0537052154541
2017-05-03,22.73560333251953
2017-05-04,22.995105743408203
2017-05-05,23.16253089904785
2017-05-08,22.66027069091797
2017-05-09,22.40913963317871
2017-05-10,22.66864013671875
2017-05-11,22.40913963317871
2017-05-12,22.308687210083008
2017-05-15,22.39240074157715
2017-05-16,22.241718292236328
2017-05-17,22.25008773803711
2017-05-18,22.509593963623047
2017-05-19,22.6770076751709
2017-05-22,22.52633285522461
2017-05-23,22.760723114013672
2017-05-24,22.84442901611328
2017-05-25,22.743974685668945
2017-05-26,22.492849349975586
2017-05-30,22.425878524780273
2017-05-31,22.27520751953125
2017-06-01,22.43425178527832
2017-06-02,22.576555252075195
2017-06-05,22.63515853881836
2017-06-06,22.810949325561523
2017-06-07,22.651899337768555
2017-06-08,22.63515853881836
2017-06-09,23.12067413330078
2017-06-12,23.52248191833496
2017-06-13,23.564332962036133
2017-06-14,23.589447021484375
2017-06-15,23.68990135192871
2017-06-16,23.614561080932617
2017-06-19,23.530851364135742
2017-06-20,23.49736785888672
2017-06-21,23.355058670043945
2017-06-22,23.380172729492188
2017-06-23,23.43039894104004
2017-06-26,23.2880916595459
2017-06-27,23.12067413330078
2017-06-28,23.103931427001953
2017-06-29,22.82769012451172
2017-06-30,22.718868255615234
2017-07-03,23.241718292236328
2017-07-05,22.938129425048828
2017-07-06,22.474302291870117
2017-07-07,22.583934783935547
2017-07-10,22.120115280151367
2017-07-11,21.88398551940918
2017-07-12,22.061084747314453
2017-07-13,22.52490234375
2017-07-14,22.52490234375
2017-07-17,22.49959945678711
2017-07-18,22.271907806396484
2017-07-19,22.43214225769043
2017-07-20,22.196008682250977
2017-07-21,21.985185623168945
2017-07-24,21.951448440551758
2017-07-25,22.035776138305664
2017-07-26,21.951448440551758
2017-07-27,22.018917083740234
2017-07-28,22.0273494720459
2017-07-31,22.1285457611084
2017-08-01,22.23818016052246
2017-08-02,22.744165420532227
2017-08-03,20.85514259338379
2017-08-04,20.94791030883789
2017-08-07,20.95633888244629
2017-08-08,20.914173126220703
2017-08-09,20.669614791870117
2017-08-10,20.52625274658203
2017-08-11,20.33228874206543
2017-08-14,20.500953674316406
2017-08-15,20.079296112060547
2017-08-16,20.087724685668945
2017-08-17,19.969663619995117
2017-08-18,19.64077377319336
2017-08-21,19.699806213378906
2017-08-22,19.556446075439453
2017-08-23,19.75883674621582
2017-08-24,19.826303482055664
2017-08-25,19.944360733032227
2017-08-28,19.63233757019043
2017-08-29,19.35404396057129
2017-08-30,19.345613479614258
2017-08-31,19.303451538085938
2017-09-01,19.7166690826416
2017-09-05,19.876893997192383
2017-09-06,19.99496078491211
2017-09-07,19.843172073364258
2017-09-08,19.691370010375977
2017-09-11,19.885332107543945
2017-09-12,19.7166690826416
2017-09-13,19.649206161499023
2017-09-14,19.801002502441406
2017-09-15,19.59016990661621
2017-09-18,19.7166690826416
2017-09-19,19.66606903076172
2017-09-20,19.682937622070312
2017-09-21,19.480546951293945
2017-09-22,19.556446075439453
2017-09-25,19.7166690826416
2017-09-26,19.944360733032227
2017-09-27,19.910625457763672
2017-09-28,19.90219497680664
2017-09-29,19.99496078491211
2017-10-02,20.03748321533203
2017-10-03,20.097023010253906
2017-10-04,20.148052215576172
2017-10-05,20.250110626220703
2017-10-06,20.071502685546875
2017-10-09,20.13104248046875
2017-10-10,20.173566818237305
2017-10-11,20.18207550048828
2017-10-12,20.080005645751953
2017-10-13,20.156551361083984
2017-10-16,19.901409149169922
2017-10-17,19.901409149169922
2017-10-18,20.05449676513672
2017-10-19,19.70579719543457
2017-10-20,19.22952651977539
2017-10-23,19.4166316986084
2017-10-24,19.4421443939209
2017-10-25,19.4166316986084
2017-10-26,19.076433181762695
2017-10-27,19.314571380615234
2017-10-30,19.161483764648438
2017-10-31,19.365598678588867
2017-11-01,19.62925148010254
2017-11-02,19.824861526489258
2017-11-03,19.50168228149414
2017-11-06,19.66327476501465
2017-11-07,19.66327476501465
2017-11-08,18.41305923461914
2017-11-09,18.957366943359375
2017-11-10,19.425140380859375
2017-11-13,19.391117095947266
2017-11-14,19.348594665527344
2017-11-15,19.152978897094727
2017-11-16,19.722810745239258
2017-11-17,18.982881546020508
2017-11-20,18.855308532714844
2017-11-21,18.965869903564453
2017-11-22,19.05942726135254
2017-11-24,19.06793212890625
2017-11-27,19.008405685424805
2017-11-28,18.863815307617188
2017-11-29,19.04241371154785
2017-11-30,18.821290969848633
2017-12-01,18.99138641357422
2017-12-04,18.92334747314453
2017-12-05,18.574647903442383
2017-12-06,18.523616790771484
2017-12-07,18.3535213470459
2017-12-08,18.379043579101562
2017-12-11,18.268474578857422
2017-12-12,18.21744728088379
2017-12-13,18.3535213470459
2017-12-14,18.44707489013672
2017-12-15,18.693716049194336
2017-12-18,18.92334747314453
2017-12-19,18.387544631958008
2017-12-20,18.28548240661621
2017-12-21,18.268474578857422
2017-12-22,18.379043579101562
2017-12-26,18.47258949279785
2017-12-27,18.53212547302246
2017-12-28,18.60866928100586
2017-12-29,18.33651351928711
2018-01-02,18.602630615234375
2018-01-03,18.51678466796875
2018-01-04,18.19057846069336
2018-01-05,18.336511611938477
2018-01-08,18.44811248779297
2018-01-09,18.199161529541016
2018-01-10,17.95879554748535
2018-01-11,17.924455642700195
2018-01-12,17.80427360534668
2018-01-16,17.72701072692871
2018-01-17,17.89012336730957
2018-01-18,17.89012336730957
2018-01-19,18.104732513427734
2018-01-22,18.731399536132812
2018-01-23,18.628385543823242
2018-01-24,18.43952751159668
2018-01-25,18.310758590698242
2018-01-26,18.15623664855957
2018-01-29,17.761350631713867
2018-01-30,17.22052574157715
2018-01-31,17.229108810424805
2018-02-01,17.091760635375977
2018-02-02,16.842805862426758
2018-02-05,16.233308792114258
2018-02-06,16.439332962036133
2018-02-07,16.508012771606445
2018-02-08,15.907097816467285
2018-02-09,16.113122940063477
2018-02-12,16.061614990234375
2018-02-13,15.924264907836914
2018-02-14,15.752572059631348
2018-02-15,15.872759819030762
2018-02-16,16.198972702026367
2018-02-20,15.950018882751465
2018-02-21,15.735407829284668
2018-02-22,14.602251052856445
2018-02-23,15.237504959106445
2018-02-26,15.503625869750977
2018-02-27,14.731017112731934
2018-02-28,14.499235153198242
2018-03-01,14.662344932556152
2018-03-02,14.516404151916504
2018-03-05,14.542159080505371
2018-03-06,14.585081100463867
2018-03-07,14.7567720413208
2018-03-08,14.602251052856445
2018-03-09,14.919880867004395
2018-03-12,15.040058135986328
2018-03-13,15.15165901184082
2018-03-14,15.005722999572754
2018-03-15,14.988554954528809
2018-03-16,15.246088027954102
2018-03-19,14.945630073547363
2018-03-20,14.799689292907715
2018-03-21,14.602251052856445
2018-03-22,14.3876371383667
2018-03-23,13.932661056518555
2018-03-26,13.966998100280762
2018-03-27,14.001334190368652
2018-03-28,14.35329818725586
2018-03-29,14.344717979431152
2018-04-02,14.214388847351074
2018-04-03,14.622747421264648
2018-04-04,14.666189193725586
2018-04-05,14.657503128051758
2018-04-06,14.761763572692871
2018-04-09,14.63143539428711
2018-04-10,14.718321800231934
2018-04-11,14.761763572692871
2018-04-12,14.622747421264648
2018-04-13,14.64881420135498
2018-04-16,14.81389331817627
2018-04-17,14.874715805053711
2018-04-18,14.848651885986328
2018-04-19,14.727009773254395
2018-04-20,14.509799003601074
2018-04-23,14.518488883972168
2018-04-24,14.544549942016602
2018-04-25,14.3707857131958
2018-04-26,14.75307846069336
2018-04-27,15.065861701965332
2018-04-30,14.918157577514648
2018-05-01,15.135371208190918
2018-05-02,15.065861701965332
2018-05-03,15.726190567016602
2018-05-04,15.839138984680176
2018-05-07,15.98684310913086
2018-05-08,15.873894691467285
2018-05-09,15.856513023376465
2018-05-10,16.00421905517578
2018-05-11,15.856513023376465
2018-05-14,15.717494010925293
2018-05-15,15.56110668182373
2018-05-16,15.378647804260254
2018-05-17,15.248321533203125
2018-05-18,15.213563919067383
2018-05-21,15.526350975036621
2018-05-22,15.569796562194824
2018-05-23,16.030288696289062
2018-05-24,15.969468116760254
2018-05-25,16.212743759155273
2018-05-29,16.43864631652832
2018-05-30,17.012086868286133
2018-05-31,17.177167892456055
2018-06-01,17.06421661376953
2018-06-04,17.13372802734375
2018-06-05,16.89044952392578
2018-06-06,17.072906494140625
2018-06-07,17.31618309020996
2018-06-08,17.542083740234375
2018-06-11,17.55077362060547
2018-06-12,17.516019821166992
2018-06-13,17.27273941040039
2018-06-14,17.107662200927734
2018-06-15,17.203231811523438
2018-06-18,17.707164764404297
2018-06-19,17.724544525146484
2018-06-20,17.985197067260742
2018-06-21,17.794050216674805
2018-06-22,17.96782112121582
2018-06-25,17.959135055541992
2018-06-26,17.8027400970459
2018-06-27,17.6984806060791
2018-06-28,17.81142807006836
2018-06-29,17.620281219482422
2018-07-02,17.506206512451172
2018-07-03,17.953733444213867
2018-07-05,18.15555763244629
2018-07-06,18.199432373046875
2018-07-09,17.988834381103516
2018-07-10,17.953733444213867
2018-07-11,17.90985679626465
2018-07-12,17.787010192871094
2018-07-13,17.725584030151367
2018-07-16,17.43600845336914
2018-07-17,17.09377670288086
2018-07-18,17.04113006591797
2018-07-19,17.38335418701172
2018-07-20,17.04990005493164
2018-07-23,17.10255241394043
2018-07-24,17.120105743408203
2018-07-25,17.10255241394043
2018-07-26,17.155202865600586
2018-07-27,16.962154388427734
2018-07-30,16.97970199584961
2018-07-31,17.085006713867188
2018-08-01,17.24295425415039
2018-08-02,16.760326385498047
2018-08-03,16.830528259277344
2018-08-06,16.856849670410156
2018-08-07,16.760326385498047
2018-08-08,16.839305877685547
2018-08-09,16.86562728881836
2018-08-10,16.84807777404785
2018-08-13,16.7340030670166
2018-08-14,17.734355926513672
2018-08-15,18.866336822509766
2018-08-16,19.04183578491211
2018-08-17,19.04183578491211
2018-08-20,18.840015411376953
2018-08-21,18.717161178588867
2018-08-22,18.629411697387695
2018-08-23,18.66451072692871
2018-08-24,18.945308685302734
2018-08-27,18.646963119506836
2018-08-28,18.997962951660156
2018-08-29,19.12959098815918
2018-08-30,19.04183578491211
2018-08-31,19.164688110351562
2018-09-04,18.44513511657715
2018-09-05,18.524110794067383
2018-09-06,18.374937057495117
2018-09-07,18.138010025024414
2018-09-10,18.65573501586914
2018-09-11,18.40125846862793
2018-09-12,18.260862350463867
2018-09-13,18.524110794067383
2018-09-14,18.4100341796875
2018-09-17,18.44513511657715
2018-09-18,18.29595375061035
2018-09-19,17.629060745239258
2018-09-20,17.90108299255371
2018-09-21,17.971281051635742
2018-09-24,17.61150360107422
2018-09-25,17.444780349731445
2018-09-26,16.988483428955078
2018-09-27,17.637832641601562
2018-09-28,18.65573501586914
2018-10-01,18.133089065551758
2018-10-02,17.831905364990234
2018-10-03,17.51300621032715
2018-10-04,17.601593017578125
2018-10-05,17.442140579223633
2018-10-08,18.02679443359375
2018-10-09,17.964780807495117
2018-10-10,17.707887649536133
2018-10-11,17.273828506469727
2018-10-12,17.619304656982422
2018-10-15,17.663599014282227
2018-10-16,17.867340087890625
2018-10-17,17.75218391418457
2018-10-18,17.672454833984375
2018-10-19,17.964780807495117
2018-10-22,17.858484268188477
2018-10-23,17.920486450195312
2018-10-24,17.876197814941406
2018-10-25,18.221675872802734
2018-10-26,17.84076690673828
2018-10-29,17.88505744934082
2018-10-30,18.08880043029785
2018-10-31,17.982500076293945
2018-11-01,17.902772903442383
2018-11-02,17.77875518798828
2018-11-05,18.071083068847656
2018-11-06,18.08880043029785
2018-11-07,18.265966415405273
2018-11-08,18.549436569213867
2018-11-09,18.248249053955078
2018-11-12,18.150808334350586
2018-11-13,18.115375518798828
2018-11-14,18.274824142456055
2018-11-15,18.46085548400879
2018-11-16,18.708885192871094
2018-11-19,18.744319915771484
2018-11-20,18.576005935668945
2018-11-21,18.62916374206543
2018-11-23,18.71773910522461
2018-11-26,18.80632781982422
2018-11-27,18.62916374206543
2018-11-28,18.903766632080078
2018-11-29,18.930347442626953
2018-11-30,19.187238693237305
2018-12-03,19.639015197753906
2018-12-04,18.602588653564453
2018-12-06,19.364404678344727
2018-12-07,19.169519424438477
2018-12-10,19.098655700683594
2018-12-11,18.708885192871094
2018-12-12,18.602588653564453
2018-12-13,18.6114444732666
2018-12-14,18.762035369873047
2018-12-17,18.265966415405273
2018-12-18,17.84076690673828
2018-12-19,17.592727661132812
2018-12-20,17.202966690063477
2018-12-21,17.096660614013672
2018-12-24,16.963783264160156
2018-12-26,17.486427307128906
2018-12-27,17.247255325317383
2018-12-28,17.10552406311035
2018-12-31,17.353553771972656
2019-01-02,17.111915588378906
2019-01-03,17.19245719909668
2019-01-04,17.505701065063477
2019-01-07,17.84579086303711
2019-01-08,18.311180114746094
2019-01-09,18.185882568359375
2019-01-10,18.329076766967773
2019-01-11,18.167980194091797
2019-01-14,17.953187942504883
2019-01-15,17.926340103149414
2019-01-16,18.015832901000977
2019-01-17,18.36487579345703
2019-01-18,18.400676727294922
2019-01-22,18.257478713989258
2019-01-23,18.311180114746094
2019-01-24,18.38277816772461
2019-01-25,17.971086502075195
2019-01-28,17.899486541748047
2019-01-29,17.99793243408203
2019-01-30,18.114282608032227
2019-01-31,18.436471939086914
2019-02-01,18.2485294342041
2019-02-04,18.49912452697754
2019-02-05,18.57071876525879
2019-02-06,18.525970458984375
2019-02-07,18.85711097717285
2019-02-08,18.982410430908203
2019-02-11,18.937658309936523
2019-02-12,18.839210510253906
2019-02-13,18.740768432617188
2019-02-14,18.803415298461914
2019-02-15,18.86606216430664
2019-02-19,18.892911911010742
2019-02-20,19.125600814819336
2019-02-21,19.420948028564453
2019-02-22,19.143503189086914
2019-02-25,18.955556869506836
2019-02-26,18.9018611907959
2019-02-27,18.74971580505371
2019-02-28,18.803415298461914
2019-03-01,18.740768432617188
2019-03-04,18.74971580505371
2019-03-05,18.946611404418945
2019-03-06,18.722867965698242
2019-03-07,18.66916847229004
2019-03-08,18.642318725585938
2019-03-11,18.7318172454834
2019-03-12,19.05400848388672
2019-03-13,19.206151962280273
2019-03-14,19.027158737182617
2019-03-15,18.9018611907959
2019-03-18,19.250900268554688
2019-03-19,19.877382278442383
2019-03-20,19.805784225463867
2019-03-21,20.02952766418457
2019-03-22,19.573089599609375
2019-03-25,19.376195907592773
2019-03-26,19.564146041870117
2019-03-27,19.42989158630371
2019-03-28,19.86843490600586
2019-03-29,19.86843490600586
2019-04-01,19.92262077331543
2019-04-02,19.99486541748047
2019-04-03,20.09421157836914
2019-04-04,20.103242874145508
2019-04-05,20.256772994995117
2019-04-08,20.22967529296875
2019-04-09,19.904560089111328
2019-04-10,20.301923751831055
2019-04-11,20.319988250732422
2019-04-12,20.356115341186523
2019-04-15,20.283864974975586
2019-04-16,19.624591827392578
2019-04-17,20.193552017211914
2019-04-18,20.482547760009766
2019-04-22,20.27483367919922
2019-04-23,20.753480911254883
2019-04-24,20.94313621520996
2019-04-25,20.627046585083008
2019-04-26,20.71735954284668
2019-04-29,20.77153968811035
2019-04-30,21.0244140625
2019-05-01,21.087631225585938
2019-05-02,20.72638702392578
2019-05-03,21.168914794921875
2019-05-06,21.33147430419922
2019-05-07,20.71735954284668
2019-05-08,20.627046585083008
2019-05-09,20.599952697753906
2019-05-10,20.69929313659668
2019-05-13,20.52770233154297
2019-05-14,20.663171768188477
2019-05-15,20.762516021728516
2019-05-16,20.825729370117188
2019-05-17,20.690261840820312
2019-05-20,20.392234802246094
2019-05-21,20.627046585083008
2019-05-22,20.26580238342285
2019-05-23,20.157428741455078
2019-05-24,20.22967529296875
2019-05-28,20.130334854125977
2019-05-29,19.9587459564209
2019-05-30,20.040021896362305
2019-05-31,20.5186767578125
2019-06-03,20.103242874145508
2019-06-04,20.428359985351562
2019-06-05,20.97925567626953
2019-06-06,21.105695724487305
2019-06-07,21.087631225585938
2019-06-10,21.015382766723633
2019-06-11,21.096664428710938
2019-06-12,21.81011962890625
2019-06-13,22.099117279052734
2019-06-14,21.746904373168945
2019-06-17,21.81011962890625
2019-06-18,21.728839874267578
2019-06-19,21.719810485839844
2019-06-20,21.746904373168945
2019-06-21,21.5301570892334
2019-06-24,21.31340789794922
2019-06-25,21.168914794921875
2019-06-26,20.663171768188477
2019-06-27,20.93410301208496
2019-06-28,21.033445358276367
2019-07-01,21.170085906982422
2019-07-02,21.27939796447754
2019-07-03,21.39781951904297
2019-07-05,21.498018264770508
2019-07-08,21.44336700439453
2019-07-09,21.725753784179688
2019-07-10,21.74397087097168
2019-07-11,21.416034698486328
2019-07-12,21.543567657470703
2019-07-15,21.498018264770508
2019-07-16,21.361379623413086
2019-07-17,21.233854293823242
2019-07-18,21.5162410736084
2019-07-19,21.097211837768555
2019-07-22,20.769269943237305
2019-07-23,21.024333953857422
2019-07-24,21.607330322265625
2019-07-25,21.188308715820312
2019-07-26,21.434253692626953
2019-07-29,21.46158218383789
2019-07-30,21.734865188598633
2019-07-31,21.6619873046875
2019-08-01,21.44336700439453
2019-08-02,21.270286560058594
2019-08-05,20.505104064941406
2019-08-06,20.532434463500977
2019-08-07,20.605304718017578
2019-08-08,20.45956039428711
2019-08-09,20.322917938232422
2019-08-12,20.35935401916504
2019-08-13,20.313810348510742
2019-08-14,19.858341217041016
2019-08-15,19.858341217041016
2019-08-16,20.313810348510742
2019-08-19,20.186275482177734
2019-08-20,19.493967056274414
2019-08-21,19.156923294067383
2019-08-22,19.120487213134766
2019-08-23,18.74700164794922
2019-08-26,18.737895965576172
2019-08-27,18.25510025024414
2019-08-28,18.446395874023438
2019-08-29,18.583036422729492
2019-08-30,18.555707931518555
2019-09-03,18.66501808166504
2019-09-04,18.783443450927734
2019-09-05,19.093158721923828
2019-09-06,19.193359375
2019-09-09,19.603281021118164
2019-09-10,20.086074829101562
2019-09-11,20.049638748168945
2019-09-12,19.749027252197266
2019-09-13,19.767250061035156
2019-09-16,19.721702575683594
2019-09-17,19.50307846069336
2019-09-18,19.411985397338867
2019-09-19,19.484859466552734
2019-09-20,19.448421478271484
2019-09-23,19.52129364013672
2019-09-24,19.202470779418945
2019-09-25,19.566843032836914
2019-09-26,19.667043685913086
2019-09-27,19.831016540527344
2019-09-30,19.73081398010254
2019-10-01,19.238906860351562
2019-10-02,19.421092987060547
2019-10-03,19.660179138183594
2019-10-04,19.908462524414062
2019-10-07,19.91765594482422
2019-10-08,19.770523071289062
2019-10-09,19.770523071289062
2019-10-10,19.844093322753906
2019-10-11,19.88087272644043
2019-10-14,19.926851272583008
2019-10-15,19.963634490966797
2019-10-16,20.03719711303711
2019-10-17,19.991220474243164
2019-10-18,19.94524383544922
2019-10-21,20.138349533081055
2019-10-22,20.2119140625
2019-10-23,20.313064575195312
2019-10-24,20.469390869140625
2019-10-25,20.221113204956055
2019-10-28,20.248701095581055
2019-10-29,20.303871154785156
2019-10-30,20.67169189453125
2019-10-31,19.696962356567383
2019-11-01,20.450998306274414
2019-11-04,20.496978759765625
2019-11-05,20.193525314331055
2019-11-06,20.276283264160156
2019-11-07,19.91765594482422
2019-11-08,20.1015682220459
2019-11-11,19.890071868896484
2019-11-12,19.54983139038086
2019-11-13,19.61420249938965
2019-11-14,19.834896087646484
2019-11-15,19.61420249938965
2019-11-18,19.78891944885254
2019-11-19,19.95444107055664
2019-11-20,19.715351104736328
2019-11-21,19.54063606262207
2019-11-22,19.50385284423828
2019-11-25,19.733741760253906
2019-11-26,19.733741760253906
2019-11-27,19.85328483581543
2019-11-29,19.669370651245117
2019-12-02,19.384307861328125
2019-12-03,19.56822395324707
2019-12-04,19.798110961914062
2019-12-05,19.78891944885254
2019-12-06,19.669370651245117
2019-12-09,19.696962356567383
2019-12-10,19.899263381958008
2019-12-11,19.68776512145996
2019-12-12,18.942920684814453
2019-12-13,18.924530029296875
2019-12-16,18.933727264404297
2019-12-17,18.77740478515625
2019-12-18,18.74981117248535
2019-12-19,19.200395584106445
2019-12-20,20.86480140686035
2019-12-23,21.094694137573242
2019-12-24,21.067102432250977
2019-12-26,20.975147247314453
2019-12-27,21.186649322509766
2019-12-30,21.40734100341797
2019-12-31,21.2694091796875
2020-01-02,20.926206588745117
2020-01-03,21.130273818969727
2020-01-06,21.677541732788086
2020-01-07,21.102441787719727
2020-01-08,20.963306427001953
2020-01-09,21.037511825561523
2020-01-10,21.028236389160156
2020-01-13,21.65899085998535
2020-01-14,21.454925537109375
2020-01-15,21.742475509643555
2020-01-16,21.937265396118164
2020-01-17,21.853782653808594
2020-01-21,21.82595443725586
2020-01-22,21.64971923828125
2020-01-23,21.57550811767578
2020-01-24,21.380718231201172
2020-01-27,21.158098220825195
2020-01-28,21.046789169311523
2020-01-29,21.00040626525879
2020-01-30,21.111722946166992
2020-01-31,20.369657516479492
2020-02-03,20.34183120727539
2020-02-04,20.42531394958496
2020-02-05,20.369657516479492
2020-02-06,20.193416595458984
2020-02-07,19.840930938720703
2020-02-10,19.776002883911133
2020-02-11,20.17486572265625
2020-02-12,20.230518341064453
2020-02-13,20.490238189697266
2020-02-14,20.508790969848633
2020-02-18,20.295446395874023
2020-02-19,19.822383880615234
2020-02-20,20.03572654724121
2020-02-21,19.924415588378906
2020-02-24,19.618314743041992
2020-02-25,18.95973014831543
2020-02-26,18.579429626464844
2020-02-27,18.032154083251953
2020-02-28,17.605470657348633
2020-03-02,18.27332305908203
2020-03-03,19.32149314880371
2020-03-04,20.518068313598633
2020-03-05,19.47918128967285
2020-03-06,18.98756217956543
2020-03-09,17.02109146118164
2020-03-10,17.22515869140625
2020-03-11,16.650062561035156
2020-03-12,15.314345359802246
2020-03-13,17.475608825683594
2020-03-16,15.193758964538574
2020-03-17,16.696439743041992
2020-03-18,14.201251029968262
2020-03-19,14.906210899353027
2020-03-20,13.876594543457031
2020-03-23,13.42208194732666
2020-03-24,14.034284591674805
2020-03-25,14.396041870117188
2020-03-26,14.767072677612305
2020-03-27,13.162360191345215
2020-03-30,13.91369915008545
2020-03-31,14.127041816711426
2020-04-01,13.638282775878906
2020-04-02,13.346906661987305
2020-04-03,12.989736557006836
2020-04-06,13.873262405395508
2020-04-07,14.25863265991211
2020-04-08,15.095163345336914
2020-04-09,16.025686264038086
2020-04-13,15.856502532958984
2020-04-14,15.978692054748535
2020-04-15,15.518129348754883
2020-04-16,14.91657829284668
2020-04-17,15.132760047912598
2020-04-20,14.427817344665527
2020-04-21,13.647682189941406
2020-04-22,13.647682189941406
2020-04-23,13.704076766967773
2020-04-24,13.892062187194824
2020-04-27,14.34322452545166
2020-04-28,15.010570526123047
2020-04-29,15.7249116897583
2020-04-30,15.217354774475098
2020-05-01,14.324426651000977
2020-05-04,14.202235221862793
2020-05-05,13.892062187194824
2020-05-06,13.920262336730957
2020-05-07,14.606404304504395
2020-05-08,14.841383934020996
2020-05-11,14.192838668823242
2020-05-12,13.318709373474121
2020-05-13,12.735957145690918
2020-05-14,13.102526664733887
2020-05-15,12.886343002319336
2020-05-18,13.628884315490723
2020-05-19,13.15892219543457
2020-05-20,13.440898895263672
2020-05-21,13.704076766967773
2020-05-22,13.506690979003906
2020-05-26,14.164641380310059
2020-05-27,14.578206062316895
2020-05-28,14.737992286682129
2020-05-29,14.296228408813477
2020-06-01,14.380820274353027
2020-06-02,14.625201225280762
2020-06-03,15.67791748046875
2020-06-04,16.025686264038086
2020-06-05,16.81522560119629
2020-06-08,17.567163467407227
2020-06-09,17.397974014282227
2020-06-10,15.377140998840332
2020-06-11,14.803788185119629
2020-06-12,15.461734771728516
2020-06-15,15.245549201965332
2020-06-16,16.053884506225586
2020-06-17,15.367741584777832
2020-06-18,15.132760047912598
2020-06-19,14.794387817382812
2020-06-22,15.085762023925781
2020-06-23,14.540610313415527
2020-06-24,14.192838668823242
2020-06-25,14.296228408813477
2020-06-26,14.164641380310059
2020-06-29,14.465415954589844
2020-06-30,14.371423721313477
2020-07-01,14.21163558959961
2020-07-02,14.34322452545166
2020-07-06,14.531208038330078
2020-07-07,13.732275009155273
2020-07-08,13.619484901428223
2020-07-09,13.422100067138672
2020-07-10,13.803411483764648
2020-07-13,13.870139122009277
2020-07-14,14.032197952270508
2020-07-15,14.280046463012695
2020-07-16,13.94640064239502
2020-07-17,13.994064331054688
2020-07-20,13.631820678710938
2020-07-21,13.832008361816406
2020-07-22,14.060795783996582
2020-07-23,13.936867713928223
2020-07-24,13.717616081237793
2020-07-27,13.72714900970459
2020-07-28,14.051259994506836
2020-07-29,13.927335739135742
2020-07-30,13.603222846984863
2020-07-31,13.746212005615234
2020-08-03,12.592752456665039
2020-08-04,12.764341354370117
2020-08-05,12.440227508544922
2020-08-06,12.602285385131836
2020-08-07,12.783408164978027
2020-08-10,13.136116981506348
2020-08-11,13.145650863647461
2020-08-12,13.021726608276367
2020-08-13,12.62135124206543
2020-08-14,12.545088768005371
2020-08-17,12.363965034484863
2020-08-18,12.211441993713379
2020-08-19,11.99219036102295
2020-08-20,12.068452835083008
2020-08-21,11.99219036102295
2020-08-24,12.449762344360352
2020-08-25,12.402097702026367
2020-08-26,12.13517951965332
2020-08-27,12.37349796295166
2020-08-28,12.201910018920898
2020-08-31,12.0398530960083
2020-09-01,11.830130577087402
2020-09-02,12.068452835083008
2020-09-03,12.325834274291992
2020-09-04,12.61181640625
2020-09-08,13.126585960388184
2020-09-09,12.926398277282715
2020-09-10,12.897798538208008
2020-09-11,12.592752456665039
2020-09-14,13.059855461120605
2020-09-15,13.3839693069458
2020-09-16,13.746212005615234
2020-09-17,13.603222846984863
2020-09-18,12.964529037475586
2020-09-21,12.48789119720459
2020-09-22,12.402097702026367
2020-09-23,11.849198341369629
2020-09-24,11.76340389251709
2020-09-25,12.125648498535156
2020-09-28,12.411629676818848
2020-09-29,12.154244422912598
2020-09-30,12.030322074890137
2020-10-01,12.259103775024414
2020-10-02,12.51648998260498
2020-10-05,12.182842254638672
2020-10-06,12.201910018920898
2020-10-07,12.0398530960083
2020-10-08,12.526022911071777
2020-10-09,12.211441993713379
2020-10-12,12.192378044128418
2020-10-13,11.706206321716309
2020-10-14,11.429756164550781
2020-10-15,11.591814041137695
2020-10-16,11.305830955505371
2020-10-19,11.096112251281738
2020-10-20,11.372559547424316
2020-10-21,11.49648666381836
2020-10-22,11.687142372131348
2020-10-23,11.658541679382324
2020-10-26,11.353492736816406
2020-10-27,11.000783920288086
2020-10-28,10.40975284576416
2020-10-29,10.41928768157959
2020-10-30,10.476483345031738
2020-11-02,10.619475364685059
2020-11-03,11.200971603393555
2020-11-04,10.6480712890625
2020-11-05,10.51461410522461
2020-11-06,9.923583030700684
2020-11-09,11.8873291015625
2020-11-10,12.240041732788086
2020-11-11,11.715741157531738
2020-11-12,11.744338035583496
2020-11-13,12.592752456665039
2020-11-16,13.136116981506348
2020-11-17,13.193313598632812
2020-11-18,13.050322532653809
2020-11-19,13.145650863647461
2020-11-20,13.155183792114258
2020-11-23,13.64135456085205
2020-11-24,13.984532356262207
2020-11-25,13.555559158325195
2020-11-27,13.364903450012207
2020-11-30,13.021726608276367
2020-12-01,12.974061965942383
2020-12-02,13.059855461120605
2020-12-03,13.33630657196045
2020-12-04,13.526960372924805
2020-12-07,13.174249649047852
2020-12-08,12.935930252075195
2020-12-09,13.288641929626465
2020-12-10,12.754810333251953
2020-12-11,12.526022911071777
2020-12-14,12.659481048583984
2020-12-15,12.954995155334473
2020-12-16,12.440227508544922
2020-12-17,12.535553932189941
2020-12-18,12.116114616394043
2020-12-21,11.973122596740723
2020-12-22,12.09704875946045
2020-12-23,12.116114616394043
2020-12-24,12.106583595275879
2020-12-28,12.116114616394043
2020-12-29,11.820600509643555
2020-12-30,11.79200267791748
2020-12-31,11.877796173095703
2021-01-04,11.401159286499023
2021-01-05,11.3153657913208
2021-01-06,11.744338035583496
2021-01-07,11.89686107635498
2021-01-08,11.639479637145996
2021-01-11,11.448823928833008
2021-01-12,11.744338035583496
2021-01-13,12.068452835083008
2021-01-14,12.564151763916016
2021-01-15,12.630882263183594
2021-01-19,12.659481048583984
2021-01-20,12.754810333251953
2021-01-21,12.821537017822266
2021-01-22,12.821537017822266
2021-01-25,12.964529037475586
2021-01-26,12.983592987060547
2021-01-27,12.821537017822266
2021-01-28,12.592752456665039
2021-01-29,12.13517951965332
2021-02-01,12.0398530960083
2021-02-02,11.877796173095703
2021-02-03,11.801534652709961
2021-02-04,11.89686107635498
2021-02-05,12.068452835083008
2021-02-08,12.402097702026367
2021-02-09,12.735742568969727
2021-02-10,12.85966968536377
2021-02-11,13.21237850189209
2021-02-12,13.288641929626465
2021-02-16,12.983592987060547
2021-02-17,12.954995155334473
2021-02-18,13.136116981506348
2021-02-19,13.155183792114258
2021-02-22,13.917803764343262
2021-02-23,14.260981559753418
2021-02-24,14.775750160217285
2021-02-25,14.489767074584961
2021-02-26,13.317240715026855
2021-03-01,13.469765663146973
2021-03-02,13.58415699005127
2021-03-03,13.879674911499023
2021-03-04,13.784344673156738
2021-03-05,13.898736953735352
2021-03-08,15.176124572753906
2021-03-09,15.004534721374512
2021-03-10,15.052199363708496
2021-03-11,15.242853164672852
2021-03-12,15.423977851867676
2021-03-15,15.519302368164062
2021-03-16,15.395377159118652
2021-03-17,15.471639633178711
2021-03-18,15.233319282531738
2021-03-19,14.871076583862305
2021-03-22,14.670890808105469
2021-03-23,14.403971672058105
2021-03-24,14.470703125
2021-03-25,15.147526741027832
2021-03-26,15.423977851867676
2021-03-29,15.280985832214355
2021-03-30,15.566965103149414
2021-03-31,14.756684303283691
2021-04-01,14.995002746582031
2021-04-05,14.794816017150879
2021-04-06,14.947339057922363
2021-04-07,15.18565845489502
2021-04-08,15.166592597961426
2021-04-09,15.128461837768555
2021-04-12,15.166592597961426
2021-04-13,15.08079719543457
2021-04-14,15.137992858886719
2021-04-15,15.44304084777832
2021-04-16,15.500238418579102
2021-04-19,15.395377159118652
2021-04-20,15.509771347045898
2021-04-21,15.719489097595215
2021-04-22,15.300048828125
2021-04-23,15.33818244934082
2021-04-26,15.509771347045898
2021-04-27,15.643231391906738
2021-04-28,15.700423240661621
2021-04-29,15.872014999389648
2021-04-30,15.595565795898438
2021-05-03,15.805282592773438
2021-05-04,16.100801467895508
2021-05-05,15.69089412689209
2021-05-06,16.4344482421875
2021-05-07,16.100801467895508
2021-05-10,16.19612693786621
2021-05-11,16.091264724731445
2021-05-12,15.452571868896484
2021-05-13,15.92921257019043
2021-05-14,16.062667846679688
2021-05-17,15.948277473449707
2021-05-18,15.976875305175781
2021-05-19,15.900614738464355
2021-05-20,16.043601989746094
2021-05-21,16.15799903869629
2021-05-24,16.4344482421875
2021-05-25,15.900614738464355
2021-05-26,16.024539947509766
2021-05-27,16.167530059814453
2021-05-28,16.272390365600586
2021-06-01,16.91108512878418
2021-06-02,16.977811813354492
2021-06-03,16.787158966064453
2021-06-04,16.577438354492188
2021-06-07,16.87295150756836
2021-06-08,16.882484436035156
2021-06-09,16.91108512878418
2021-06-10,17.063608169555664
2021-06-11,17.092205047607422
2021-06-14,17.006410598754883
2021-06-15,16.968280792236328
2021-06-16,16.20566177368164
2021-06-17,15.99593734741211
2021-06-18,15.700423240661621
2021-06-21,16.14846420288086
2021-06-22,16.20566177368164
2021-06-23,16.100801467895508
2021-06-24,15.852947235107422
2021-06-25,16.310522079467773
2021-06-28,15.824353218078613
2021-06-29,16.20566177368164
2021-06-30,16.348649978637695
2021-07-01,16.777626037597656
2021-07-02,16.615568161010742
2021-07-06,16.586971282958984
2021-07-07,16.51070785522461
2021-07-08,16.17706298828125
2021-07-09,16.710895538330078
2021-07-12,17.092205047607422
2021-07-13,16.729961395263672
2021-07-14,16.787158966064453
2021-07-15,16.84435272216797
2021-07-16,16.806222915649414
2021-07-19,16.091264724731445
2021-07-20,16.85388946533203
2021-07-21,17.244731903076172
2021-07-22,16.882484436035156
2021-07-23,16.9492130279541
2021-07-26,16.958749771118164
2021-07-27,16.987346649169922
2021-07-28,16.87295150756836
2021-07-29,17.082672119140625
2021-07-30,17.158935546875
2021-08-02,16.453510284423828
2021-08-03,16.54884147644043
2021-08-04,16.281923294067383
2021-08-05,16.701364517211914
2021-08-06,17.03500747680664
2021-08-09,16.634639739990234
2021-08-10,16.529773712158203
2021-08-11,16.729961395263672
2021-08-12,16.62510108947754
2021-08-13,16.729961395263672
2021-08-16,16.68229866027832
2021-08-17,16.710895538330078
2021-08-18,16.62510108947754
2021-08-19,16.567903518676758
2021-08-20,16.539306640625
2021-08-23,16.691829681396484
2021-08-24,16.691829681396484
2021-08-25,16.72043228149414
2021-08-26,16.72043228149414
2021-08-27,16.996877670288086
2021-08-30,16.968280792236328
2021-08-31,17.044540405273438
2021-09-01,17.13033676147461
2021-09-02,17.139869689941406
2021-09-03,17.0540771484375
2021-09-07,16.41537857055664
2021-09-08,16.68229866027832
2021-09-09,16.20566177368164
2021-09-10,15.757624626159668
2021-09-13,16.129398345947266
2021-09-14,16.043601989746094
2021-09-15,15.938741683959961
2021-09-16,15.99593734741211
2021-09-17,15.719489097595215
2021-09-20,15.57650089263916
2021-09-21,15.624162673950195
2021-09-22,15.872014999389648
2021-09-23,16.501176834106445
2021-09-24,16.54884147644043
2021-09-27,16.46304702758789
2021-09-28,16.405847549438477
2021-09-29,16.615568161010742
2021-09-30,16.320051193237305
2021-10-01,16.691829681396484
2021-10-04,16.87295150756836
2021-10-05,16.73949432373047
2021-10-06,16.892017364501953
2021-10-07,16.892017364501953
2021-10-08,16.882484436035156
2021-10-11,16.968280792236328
2021-10-12,17.254262924194336
2021-10-13,17.187532424926758
2021-10-14,17.45444679260254
2021-10-15,17.502113342285156
2021-10-18,17.4639835357666
2021-10-19,17.301923751831055
2021-10-20,17.61650848388672
2021-10-21,17.51164436340332
2021-10-22,17.568845748901367
2021-10-25,17.645105361938477
2021-10-26,17.61650848388672
2021-10-27,17.502113342285156
2021-10-28,17.645105361938477
2021-10-29,17.340059280395508
2021-11-01,17.301923751831055
2021-11-02,17.549776077270508
2021-11-03,18.312393188476562
2021-11-04,18.207536697387695
2021-11-05,18.741371154785156
2021-11-08,18.398191452026367
2021-11-09,18.398191452026367
2021-11-10,18.35053062438965
2021-11-11,18.312393188476562
2021-11-12,18.302865982055664
2021-11-15,18.54118537902832
2021-11-16,17.845293045043945
2021-11-17,17.673707962036133
2021-11-18,17.626039505004883
2021-11-19,17.197067260742188
2021-11-22,17.435386657714844
2021-11-23,17.4639835357666
2021-11-24,17.521181106567383
2021-11-26,16.710895538330078
2021-11-29,16.291458129882812
2021-11-30,15.92921257019043
2021-12-01,15.719489097595215
2021-12-02,16.19612693786621
2021-12-03,16.24379539489746
2021-12-06,16.977811813354492
2021-12-07,17.178001403808594
2021-12-08,17.53071403503418
2021-12-09,17.49258041381836
2021-12-10,17.435386657714844
2021-12-13,17.02547836303711
2021-12-14,17.01594352722168
2021-12-15,17.187532424926758
2021-12-16,17.406784057617188
2021-12-17,17.76902961730957
2021-12-20,17.47351837158203
2021-12-21,17.845293045043945
2021-12-22,17.749963760375977
2021-12-23,17.61650848388672
2021-12-27,17.711830139160156
2021-12-28,17.73090362548828
2021-12-29,17.711830139160156
2021-12-30,17.68323516845703
2021-12-31,17.521181106567383
2022-01-03,17.864356994628906
2022-01-04,18.255197525024414
2022-01-05,17.845293045043945
2022-01-06,18.055011749267578
2022-01-07,18.56024932861328
2022-01-10,18.47445297241211
2022-01-11,18.07407569885254
2022-01-12,17.883424758911133
2022-01-13,17.969215393066406
2022-01-14,17.892959594726562
2022-01-18,17.673707962036133
2022-01-19,17.10173988342285
2022-01-20,16.59650421142578
2022-01-21,16.17706298828125
2022-01-24,15.919678688049316
2022-01-25,15.919678688049316
2022-01-26,15.586033821105957
2022-01-27,15.004534721374512
2022-01-28,15.566965103149414
2022-01-31,15.729025840759277
2022-02-01,15.671825408935547
2022-02-02,16.034074783325195
2022-02-03,15.833884239196777
2022-02-04,15.833884239196777
2022-02-07,15.891079902648926
2022-02-08,15.967341423034668
2022-02-09,16.2247257232666
2022-02-10,16.19612693786621
2022-02-11,16.186595916748047
2022-02-14,16.129398345947266
2022-02-15,16.367717742919922
2022-02-16,16.825288772583008
2022-02-17,16.84435272216797
2022-02-18,16.615568161010742
2022-02-22,16.386781692504883
2022-02-23,16.281923294067383
2022-02-24,15.862483024597168
2022-02-25,16.186595916748047
2022-02-28,16.110334396362305
2022-03-01,16.005474090576172
2022-03-02,16.41537857055664
2022-03-03,16.443981170654297
2022-03-04,16.59650421142578
2022-03-07,16.539306640625
2022-03-08,16.396316528320312
2022-03-09,16.68229866027832
2022-03-10,16.91108512878418
2022-03-11,16.606035232543945
2022-03-14,16.329586029052734
2022-03-15,16.07220458984375
2022-03-16,16.100801467895508
2022-03-17,16.167530059814453
2022-03-18,16.129398345947266
2022-03-21,16.091264724731445
2022-03-22,16.07220458984375
2022-03-23,15.786218643188477
2022-03-24,15.767155647277832
2022-03-25,16.2342586517334
2022-03-28,16.20566177368164
2022-03-29,16.758560180664062
2022-03-30,16.67276382446289
2022-03-31,16.577438354492188
2022-04-01,16.958749771118164
2022-04-04,16.834821701049805
2022-04-05,16.4344482421875
2022-04-06,16.567903518676758
2022-04-07,16.215194702148438
2022-04-08,15.919678688049316
2022-04-11,15.633697509765625
2022-04-12,15.614628791809082
2022-04-13,15.881548881530762
2022-04-14,15.852947235107422
2022-04-18,15.566965103149414
2022-04-19,15.872014999389648
2022-04-20,16.053136825561523
2022-04-21,16.043601989746094
2022-04-22,15.767155647277832
2022-04-25,15.881548881530762
2022-04-26,15.700423240661621
2022-04-27,15.452571868896484
2022-04-28,15.786218643188477
2022-04-29,15.261919975280762
2022-05-02,14.852011680603027
2022-05-03,15.157059669494629
2022-05-04,15.176124572753906
2022-05-05,14.003596305847168
2022-05-06,14.022661209106445
2022-05-09,13.765277862548828
2022-05-10,13.37443733215332
2022-05-11,13.536494255065918
2022-05-12,13.774810791015625
2022-05-13,13.984532356262207
2022-05-16,14.175186157226562
2022-05-17,14.423038482666016
2022-05-18,14.194252967834473
2022-05-19,13.889204978942871
2022-05-20,13.765277862548828
2022-05-23,14.07986068725586
2022-05-24,14.470703125
2022-05-25,14.852011680603027
2022-05-26,15.052199363708496
2022-05-27,15.519302368164062
2022-05-31,15.33818244934082
2022-06-01,15.300048828125
2022-06-02,15.528838157653809
2022-06-03,15.395377159118652
2022-06-06,15.481173515319824
2022-06-07,15.528838157653809
2022-06-08,15.376311302185059
2022-06-09,14.813881874084473
2022-06-10,14.642292022705078
2022-06-13,13.784344673156738
2022-06-14,13.403035163879395
2022-06-15,13.69854736328125
2022-06-16,12.935930252075195
2022-06-17,13.221912384033203
2022-06-21,13.164716720581055
2022-06-22,13.050322532653809
2022-06-23,13.09798812866211
2022-06-24,13.231447219848633
2022-06-27,13.174249649047852
2022-06-28,13.00265884399414
2022-06-29,12.812004089355469
2022-06-30,12.62135124206543
2022-07-01,12.888266563415527
2022-07-05,12.735742568969727
2022-07-06,12.61181640625
2022-07-07,12.573686599731445
2022-07-08,12.306770324707031
2022-07-11,11.934991836547852
2022-07-12,11.963591575622559
2022-07-13,11.76340389251709
2022-07-14,11.725272178649902
2022-07-15,12.13517951965332
2022-07-18,12.497424125671387
2022-07-19,12.888266563415527
2022-07-20,12.916865348815918
2022-07-21,12.897798538208008
2022-07-22,12.773872375488281
2022-07-25,13.012192726135254
2022-07-26,12.935930252075195
2022-07-27,13.145650863647461
2022-07-28,13.33630657196045
2022-07-29,13.298174858093262
2022-08-01,13.183782577514648
2022-08-02,12.888266563415527
2022-08-03,12.764341354370117
2022-08-04,13.441165924072266
2022-08-05,13.35537052154541
2022-08-08,13.298174858093262
2022-08-09,13.174249649047852
2022-08-10,13.660419464111328
2022-08-11,13.994064331054688
2022-08-12,14.203783988952637
2022-08-15,14.232382774353027
2022-08-16,14.251448631286621
2022-08-17,13.96546745300293
2022-08-18,13.708084106445312
2022-08-19,13.517426490783691
2022-08-22,13.441165924072266
2022-08-23,13.21237850189209
2022-08-24,13.202847480773926
2022-08-25,13.364903450012207
2022-08-26,12.964529037475586
2022-08-29,12.964529037475586
2022-08-30,12.783408164978027
2022-08-31,12.812004089355469
2022-09-01,12.802472114562988
2022-09-02,12.85966968536377
2022-09-06,12.812004089355469
2022-09-07,13.25051212310791
2022-09-08,13.279109001159668
2022-09-09,13.35537052154541
2022-09-12,13.536494255065918
2022-09-13,12.945464134216309
2022-09-14,12.993128776550293
2022-09-15,12.783408164978027
2022-09-16,13.136116981506348
2022-09-19,12.954995155334473
2022-09-20,12.592752456665039
2022-09-21,12.211441993713379
2022-09-22,11.849198341369629
2022-09-23,11.591814041137695
2022-09-26,10.962652206420898
2022-09-27,10.571809768676758
2022-09-28,10.876855850219727
2022-09-29,10.571809768676758
2022-09-30,10.838726043701172
2022-10-03,10.914989471435547
2022-10-04,11.115174293518066
2022-10-05,10.619475364685059
2022-10-06,10.333491325378418
2022-10-07,9.885452270507812
2022-10-10,10.943587303161621
2022-10-11,10.6480712890625
2022-10-12,10.438352584838867
2022-10-13,11.544150352478027
2022-10-14,11.49648666381836
2022-10-17,11.877796173095703
2022-10-18,11.973122596740723
2022-10-19,11.744338035583496
2022-10-20,11.839666366577148
2022-10-21,14.59462833404541
2022-10-24,14.7280855178833
2022-10-25,14.670890808105469
2022-10-26,14.775750160217285
2022-10-27,14.861544609069824
2022-10-28,15.109395980834961
2022-10-31,15.090330123901367
2022-11-01,14.995002746582031
2022-11-02,14.556496620178223
2022-11-03,14.537431716918945
2022-11-04,14.480234146118164
2022-11-07,14.413505554199219
2022-11-08,14.604161262512207
2022-11-09,14.108458518981934
2022-11-10,14.44210433959961
2022-11-11,14.260981559753418
2022-11-14,14.022661209106445
2022-11-15,13.94640064239502
2022-11-16,13.793878555297852
2022-11-17,13.72714900970459
2022-11-18,14.098923683166504
2022-11-21,14.222850799560547
2022-11-22,14.68995475769043
2022-11-23,14.813881874084473
2022-11-25,15.176124572753906
2022-11-28,15.023602485656738
2022-11-29,15.07126522064209
2022-11-30,15.30958366394043
2022-12-01,15.242853164672852
2022-12-02,15.471639633178711
2022-12-05,15.22378921508789
2022-12-06,15.1951904296875
2022-12-07,15.0426664352417
2022-12-08,15.061731338500977
2022-12-09,15.300048828125
2022-12-12,15.757624626159668
2022-12-13,15.729025840759277
2022-12-14,15.5574369430542
2022-12-15,15.423977851867676
2022-12-16,15.452571868896484
2022-12-19,15.44304084777832
2022-12-20,15.481173515319824
2022-12-21,15.242853164672852
2022-12-22,15.44304084777832
2022-12-23,15.452571868896484
2022-12-27,15.271452903747559
2022-12-28,15.014069557189941
2022-12-29,15.204723358154297
2022-12-30,15.18565845489502
2023-01-03,15.252387046813965
2023-01-04,15.99593734741211
2023-01-05,15.538368225097656
2023-01-06,15.795755386352539
2023-01-09,15.614628791809082
2023-01-10,15.719489097595215
2023-01-11,15.786218643188477
2023-01-12,16.138931274414062
2023-01-13,16.01500701904297
2023-01-17,15.852947235107422
2023-01-18,15.509771347045898
2023-01-19,14.985468864440918
2023-01-20,15.204723358154297
2023-01-23,15.252387046813965
2023-01-24,15.433510780334473
2023-01-25,15.414443969726562
2023-01-26,15.729025840759277
2023-01-27,16.17706298828125
2023-01-30,16.110334396362305
2023-01-31,16.49164390563965
2023-02-01,16.453510284423828
2023-02-02,16.586971282958984
2023-02-03,16.520240783691406
2023-02-06,16.26285743713379
2023-02-07,16.053136825561523
2023-02-08,15.92921257019043
2023-02-09,15.528838157653809
2023-02-10,15.633697509765625
2023-02-13,15.738556861877441
2023-02-14,15.624162673950195
2023-02-15,15.719489097595215
2023-02-16,15.700423240661621
2023-02-17,15.91014575958252
2023-02-21,15.519302368164062
2023-02-22,15.35724925994873
2023-02-23,15.748088836669922
2023-02-24,15.605098724365234
2023-02-27,15.671825408935547
2023-02-28,15.385845184326172
2023-03-01,14.918742179870605
2023-03-02,15.233319282531738
2023-03-03,15.366780281066895
2023-03-06,15.18565845489502
2023-03-07,15.109395980834961
2023-03-08,15.300048828125
2023-03-09,15.252387046813965
2023-03-10,14.966404914855957
2023-03-13,14.508834838867188
2023-03-14,14.871076583862305
2023-03-15,14.270516395568848
2023-03-16,14.051259994506836
2023-03-17,13.660419464111328
2023-03-20,13.86060619354248
2023-03-21,13.774810791015625
2023-03-22,13.088454246520996
2023-03-23,12.869200706481934
2023-03-24,13.307707786560059
2023-03-27,13.078923225402832
2023-03-28,13.231447219848633
2023-03-29,13.403035163879395
2023-03-30,13.717616081237793
2023-03-31,13.955934524536133
2023-04-03,13.851073265075684
2023-04-04,13.526960372924805
2023-04-05,13.441165924072266
2023-04-06,14.966404914855957
2023-04-10,15.08079719543457
2023-04-11,14.871076583862305
2023-04-12,14.785283088684082
2023-04-13,15.004534721374512
2023-04-14,14.747153282165527
2023-04-17,15.023602485656738
2023-04-18,14.7280855178833
2023-04-19,14.966404914855957
2023-04-20,14.737617492675781
2023-04-21,14.604161262512207
2023-04-24,14.68042278289795
2023-04-25,14.794816017150879
2023-04-26,14.785283088684082
2023-04-27,15.366780281066895
2023-04-28,15.586033821105957
2023-05-01,15.547900199890137
2023-05-02,15.366780281066895
2023-05-03,15.09986400604248
2023-05-04,15.404911041259766
2023-05-05,15.57650089263916
2023-05-08,15.481173515319824
2023-05-09,15.5574369430542
2023-05-10,15.671825408935547
2023-05-11,15.5574369430542
2023-05-12,15.462105751037598
2023-05-15,15.481173515319824
2023-05-16,15.538368225097656
2023-05-17,15.767155647277832
2023-05-18,15.7099609375
2023-05-19,15.767155647277832
2023-05-22,15.652759552001953
2023-05-23,15.738556861877441
2023-05-24,15.433510780334473
2023-05-25,15.300048828125
2023-05-26,15.30958366394043
2023-05-30,15.35724925994873
2023-05-31,15.404911041259766
2023-06-01,15.385845184326172
2023-06-02,16.005474090576172
2023-06-05,15.719489097595215
2023-06-06,16.20566177368164
2023-06-07,16.443981170654297
2023-06-08,16.138931274414062
2023-06-09,16.291458129882812
2023-06-12,16.320051193237305
2023-06-13,16.310522079467773
2023-06-14,16.186595916748047
2023-06-15,16.19612693786621
2023-06-16,16.24379539489746
2023-06-20,16.024539947509766
2023-06-21,15.938741683959961
2023-06-22,15.6622953414917
2023-06-23,15.57650089263916
2023-06-26,15.967341423034668
2023-06-27,15.92921257019043
2023-06-28,15.500238418579102
2023-06-29,15.490704536437988
2023-06-30,15.300048828125
2023-07-03,15.490704536437988
2023-07-05,15.509771347045898
2023-07-06,15.5574369430542
2023-07-07,15.566965103149414
2023-07-10,15.738556861877441
2023-07-11,15.976875305175781
2023-07-12,15.99593734741211
2023-07-13,15.948277473449707
2023-07-14,15.891079902648926
2023-07-17,15.92921257019043
2023-07-18,15.84341812133789
2023-07-19,15.986410140991211
2023-07-20,16.167530059814453
2023-07-21,16.26285743713379
2023-07-24,16.167530059814453
2023-07-25,15.605098724365234
2023-07-26,15.6622953414917
2023-07-27,17.235197067260742
2023-07-28,17.68323516845703
2023-07-31,17.80716323852539
2023-08-01,17.749963760375977
2023-08-02,17.66417121887207
2023-08-03,17.59743881225586
2023-08-04,17.740432739257812
2023-08-07,17.72136878967285
2023-08-08,17.483047485351562
2023-08-09,17.444917678833008
2023-08-10,17.58791160583496
2023-08-11,17.626039505004883
2023-08-14,17.349586486816406
2023-08-15,16.958749771118164
2023-08-16,17.158935546875
2023-08-17,17.29239273071289
2023-08-18,17.32098960876465
2023-08-21,17.07314109802246
2023-08-22,17.158935546875
2023-08-23,17.47351837158203
2023-08-24,17.359119415283203
2023-08-25,17.568845748901367
2023-08-28,17.540246963500977
2023-08-29,17.82622718811035
2023-08-30,17.91202163696289
2023-08-31,17.740432739257812
2023-09-01,17.502113342285156
2023-09-05,17.158935546875
2023-09-06,17.16847038269043
2023-09-07,17.082672119140625
2023-09-08,17.120803833007812
2023-09-11,17.178001403808594
2023-09-12,17.120803833007812
2023-09-13,16.987346649169922
2023-09-14,17.03500747680664
2023-09-15,16.834821701049805
2023-09-18,16.62510108947754
2023-09-19,16.815759658813477
2023-09-20,16.76809310913086
2023-09-21,16.329586029052734
2023-09-22,16.062667846679688
2023-09-25,15.938741683959961
2023-09-26,15.795755386352539
2023-09-27,15.805282592773438
2023-09-28,15.881776809692383
2023-09-29,15.77660083770752
2023-10-02,15.46107006072998
2023-10-03,14.935182571411133
2023-10-04,15.097729682922363
2023-10-05,15.135976791381836
2023-10-06,15.202906608581543
2023-10-09,15.432381629943848
2023-10-10,15.394139289855957
2023-10-11,15.566247940063477
2023-10-12,15.250713348388672
2023-10-13,15.097729682922363
2023-10-16,15.2411527633667
2023-10-17,15.537562370300293
2023-10-18,15.422822952270508
2023-10-19,15.260275840759277
2023-10-20,15.327208518981934
2023-10-23,14.78219985961914
2023-10-24,14.743949890136719
2023-10-25,13.902532577514648
2023-10-26,13.481822967529297
2023-10-27,12.831635475158691
2023-10-30,12.678651809692383
2023-10-31,12.802948951721191
2023-11-01,12.64040470123291
2023-11-02,13.42445182800293
2023-11-03,14.017271995544434
2023-11-06,13.759108543395996
2023-11-07,13.625246047973633
2023-11-08,13.653932571411133
2023-11-09,13.290590286254883
2023-11-10,13.338399887084961
2023-11-13,12.716897964477539
2023-11-14,13.328838348388672
2023-11-15,13.319276809692383
2023-11-16,13.099360466003418
2023-11-17,12.98462200164795
2023-11-20,12.994183540344238
2023-11-21,12.879444122314453
2023-11-22,12.889005661010742
2023-11-24,12.908127784729004
2023-11-27,12.955937385559082
2023-11-28,13.24278450012207
2023-11-29,13.577438354492188
2023-11-30,13.854723930358887
2023-12-01,14.371049880981445
2023-12-04,14.562280654907227
2023-12-05,14.571844100952148
2023-12-06,14.08420181274414
2023-12-07,14.151134490966797
2023-12-08,14.313680648803711
2023-12-11,14.122447967529297
2023-12-12,14.198942184448242
2023-12-13,14.734389305114746
2023-12-14,14.849127769470215
2023-12-15,14.562280654907227
2023-12-18,14.724828720092773
2023-12-19,14.877812385559082
2023-12-20,14.810881614685059
2023-12-21,15.097729682922363
2023-12-22,15.135976791381836
2023-12-26,15.212468147277832
2023-12-27,15.107290267944336
2023-12-28,15.273262977600098
2023-12-29,15.090981483459473
2024-01-02,15.13895034790039
2024-01-03,14.678450584411621
2024-01-04,14.409826278686523
2024-01-05,14.438605308532715
2024-01-08,14.659261703491211
2024-01-09,14.659261703491211
2024-01-10,14.668854713439941
2024-01-11,14.74560546875
2024-01-12,14.927886962890625
2024-01-16,14.79357624053955
2024-01-17,14.438605308532715
2024-01-18,14.294699668884277
2024-01-19,14.956669807434082
2024-01-22,15.292451858520508
2024-01-23,15.023826599121094
2024-01-24,14.966263771057129
2024-01-25,14.889513969421387
2024-01-26,15.177325248718262
2024-01-29,15.10057544708252
2024-01-30,14.956669807434082
2024-01-31,14.630481719970703
2024-02-01,14.783980369567871
2024-02-02,14.553730964660645
2024-02-05,14.25632381439209
2024-02-06,14.342668533325195
2024-02-07,14.285107612609863
2024-02-08,14.53454303741455
2024-02-09,14.544136047363281
2024-02-12,14.668854713439941
2024-02-13,14.16038703918457
2024-02-14,14.505763053894043
2024-02-15,15.158136367797852
2024-02-16,15.033419609069824
2024-02-20,15.033419609069824
2024-02-21,14.947074890136719
2024-02-22,14.361856460571289
2024-02-23,14.246729850769043
2024-02-26,14.16038703918457
2024-02-27,14.112419128417969
2024-02-28,13.939729690551758
2024-02-29,14.006885528564453
2024-03-01,14.246729850769043
2024-03-04,14.1699800491333
2024-03-05,14.112419128417969
2024-03-06,14.1699800491333
2024-03-07,14.333074569702148
2024-03-08,14.53454303741455
2024-03-11,14.563325881958008
2024-03-12,14.217950820922852
2024-03-13,14.16038703918457
2024-03-14,14.054855346679688
2024-03-15,14.217950820922852
2024-03-18,14.237137794494629
2024-03-19,14.093229293823242
2024-03-20,14.486576080322266
2024-03-21,14.515356063842773
2024-03-22,14.294699668884277
2024-03-25,14.141199111938477
2024-03-26,13.958918571472168
2024-03-27,14.313887596130371
2024-03-28,14.592105865478516
2024-04-01,14.17957592010498
2024-04-02,13.883986473083496
2024-04-03,13.961012840270996
2024-04-04,13.864729881286621
2024-04-05,13.8551025390625
2024-04-08,14.480938911437988
2024-04-09,14.606107711791992
2024-04-10,14.07655143737793
2024-04-11,14.153579711914062
2024-04-12,13.835844993591309
2024-04-15,13.604765892028809
2024-04-16,13.450714111328125
2024-04-17,13.489227294921875
2024-04-18,13.643280029296875
2024-04-19,13.893613815307617
2024-04-22,14.317258834838867
2024-04-23,14.5868501663208
2024-04-24,14.509824752807617
2024-04-25,14.105437278747559
2024-04-26,13.999526977539062
2024-04-29,13.980268478393555
2024-04-30,13.874358177185059
2024-05-01,13.980268478393555
2024-05-02,14.47131061553955
2024-05-03,14.317258834838867
2024-05-06,14.69276237487793
2024-05-07,14.817930221557617
2024-05-08,14.65424919128418
2024-05-09,14.943099021911621
2024-05-10,15.00086784362793
2024-05-13,14.99123764038086
2024-05-14,15.039381980895996
2024-05-15,14.952725410461426
2024-05-16,15.11640739440918
2024-05-17,15.135663032531738
2024-05-20,15.020125389099121
2024-05-21,15.010497093200684
2024-05-22,14.914213180541992
2024-05-23,14.46168327331543
2024-05-24,14.403913497924805
2024-05-28,14.182462692260742
2024-05-29,14.095808982849121
2024-05-30,14.509824752807617
2024-05-31,14.721646308898926
2024-06-03,14.827558517456055
2024-06-04,15.097150802612305
2024-06-05,15.0490083694458
2024-06-06,14.846817016601562
2024-06-07,14.625364303588867
2024-06-10,14.5868501663208
2024-06-11,14.317258834838867
2024-06-12,14.442426681518555
2024-06-13,14.500198364257812
2024-06-14,14.548338890075684
2024-06-17,14.625364303588867
2024-06-18,13.681792259216309
2024-06-20,13.739562034606934
2024-06-21,13.941756248474121
2024-06-24,14.009154319763184
2024-06-25,13.874358177185059
2024-06-26,14.057295799255371
2024-06-27,14.288373947143555
2024-06-28,14.442426681518555
2024-07-01,14.413542747497559
2024-07-02,14.548338890075684
2024-07-03,14.480671882629395
2024-07-05,14.297004699707031
2024-07-08,14.326004981994629
2024-07-09,14.587003707885742
2024-07-10,14.645003318786621
2024-07-11,15.109004020690918
2024-07-12,14.99300479888916
2024-07-15,14.983338356018066
2024-07-16,15.312005043029785
2024-07-17,15.254005432128906
2024-07-18,15.147671699523926
2024-07-19,15.051003456115723
2024-07-22,15.341005325317383
2024-07-23,15.283004760742188
2024-07-24,15.041337966918945
2024-07-25,15.051003456115723
2024-07-26,15.505339622497559
2024-07-29,15.476338386535645
2024-07-30,15.476338386535645
2024-07-31,15.1863374710083
2024-08-01,15.370003700256348
2024-08-02,15.254005432128906
2024-08-05,15.012337684631348
2024-08-06,15.215337753295898
2024-08-07,15.157339096069336
2024-08-08,15.157339096069336
2024-08-09,15.44733715057373
2024-08-12,15.379672050476074
2024-08-13,15.650338172912598
2024-08-14,15.843670845031738
2024-08-15,15.853336334228516
2024-08-16,15.950005531311035
2024-08-19,15.959671020507812
2024-08-20,15.882339477539062
2024-08-21,15.979005813598633
2024-08-22,16.08533477783203
2024-08-23,16.365673065185547
2024-08-26,16.365673065185547
2024-08-27,16.530006408691406
2024-08-28,16.800670623779297
2024-08-29,16.87800407409668
2024-08-30,16.955341339111328
2024-09-03,16.762006759643555
2024-09-04,16.820005416870117
2024-09-05,16.82967185974121
2024-09-06,16.49134063720703
2024-09-09,16.56867027282715
2024-09-10,16.791004180908203
2024-09-11,16.81033706665039
2024-09-12,16.92633819580078
2024-09-13,17.39034080505371
2024-09-16,17.380672454833984
2024-09-17,17.16800308227539
2024-09-18,17.235671997070312
2024-09-19,17.332338333129883
2024-09-20,17.16800308227539
2024-09-23,17.284006118774414
2024-09-24,17.313003540039062
2024-09-25,17.39034080505371
2024-09-26,17.08100700378418
2024-09-27,16.99400520324707
2024-09-30,17.333690643310547
2024-10-01,17.1298770904541
2024-10-02,17.19781494140625
2024-10-03,17.023120880126953
2024-10-04,16.974594116210938
2024-10-07,16.86783790588379
2024-10-08,16.74166488647461
2024-10-09,16.74166488647461
2024-10-10,16.71255111694336
2024-10-11,16.799898147583008
2024-10-14,16.838720321655273
2024-10-15,16.87753677368164
2024-10-16,17.1104679107666
2024-10-17,16.87753677368164
2024-10-18,17.139585494995117
2024-10-21,16.625202178955078
2024-10-22,16.71255111694336
2024-10-23,16.91636085510254
2024-10-24,16.848424911499023
2024-10-25,16.41168785095215
2024-10-28,16.479623794555664
2024-10-29,16.236988067626953
2024-10-30,16.324337005615234
2024-10-31,15.984651565551758
2024-11-01,15.615850448608398
2024-11-04,15.994355201721191
2024-11-05,16.35345458984375
2024-11-06,16.87753677368164
2024-11-07,17.30457305908203
2024-11-08,17.556913375854492
2024-11-11,17.556913375854492
2024-11-12,17.692787170410156
2024-11-13,18.032474517822266
2024-11-14,17.741313934326172
2024-11-15,17.673376083374023
2024-11-18,17.644258499145508
2024-11-19,17.770427703857422
2024-11-20,17.71219825744629
2024-11-21,17.848073959350586
2024-11-22,17.88689613342285
2024-11-25,17.751018524169922
2024-11-26,17.63455581665039
2024-11-27,17.663671493530273
2024-11-29,17.71219825744629
2024-12-02,17.50838851928711
2024-12-03,17.275455474853516
2024-12-04,17.149290084838867
2024-12-05,16.935773849487305
2024-12-06,17.042531967163086
2024-12-09,17.032825469970703
2024-12-10,17.0716495513916
2024-12-11,17.0716495513916
2024-12-12,17.061939239501953
2024-12-13,16.984296798706055
2024-12-16,16.984296798706055
2024-12-17,17.013416290283203
2024-12-18,16.188465118408203
2024-12-19,15.897303581237793
2024-12-20,15.926420211791992
2024-12-23,16.042884826660156
2024-12-24,16.149641036987305
2024-12-26,16.17875862121582
2024-12-27,15.974947929382324
2024-12-30,15.936125755310059
2024-12-31,16.218955993652344
2025-01-02,16.043407440185547
2025-01-03,16.16044044494629
2025-01-06,15.536259651184082
2025-01-07,15.38996696472168
2025-01-08,15.272932052612305
2025-01-10,15.029111862182617
2025-01-13,15.419225692749023
2025-01-14,15.64354133605957
2025-01-15,15.60452938079834
2025-01-16,15.692303657531738
2025-01-17,15.633788108825684
2025-01-21,15.633788108825684
2025-01-22,15.253427505493164
2025-01-23,15.077876091003418
2025-01-24,15.321697235107422
2025-01-27,15.75082015991211
2025-01-28,15.780078887939453
2025-01-29,15.302190780639648
2025-01-30,15.594775199890137
2025-01-31,15.546011924743652
2025-02-03,15.536259651184082
2025-02-04,15.458236694335938
2025-02-05,15.702057838439941
2025-02-06,15.731315612792969
2025-02-07,15.682551383972168
2025-02-10,15.594775199890137
2025-02-11,15.555764198303223
2025-02-12,15.311944007873535
2025-02-13,15.380215644836426
2025-02-14,15.60452938079834
2025-02-18,15.585022926330566
2025-02-19,15.224167823791504
2025-02-20,15.292438507080078
2025-02-21,15.272932052612305
2025-02-24,15.60452938079834
2025-02-25,15.799586296081543
2025-02-26,15.682551383972168
2025-02-27,16.092172622680664
2025-02-28,16.51154136657715
2025-03-03,16.62857437133789
2025-03-04,16.306732177734375
2025-03-05,16.32623863220215
2025-03-06,16.121427536010742
2025-03-07,16.287229537963867
2025-03-10,16.023900985717773
2025-03-11,15.809337615966797
2025-03-12,15.692303657531738
2025-03-13,15.64354133605957
2025-03-14,15.741068840026855
2025-03-17,16.062910079956055
2025-03-18,15.819090843200684
2025-03-19,15.965385437011719
2025-03-20,15.906864166259766
2025-03-21,15.906864166259766
2025-03-24,16.228708267211914
2025-03-25,16.17019271850586
2025-03-26,16.316484451293945
2025-03-27,16.296977996826172
2025-03-28,16.365249633789062
2025-03-31,16.580841064453125
2025-04-01,16.659236907958984
2025-04-02,16.767032623291016
2025-04-03,16.326053619384766
2025-04-04,15.463691711425781
2025-04-07,15.012910842895508
2025-04-08,14.434738159179688
2025-04-09,15.159904479980469
2025-04-10,14.797322273254395
2025-04-11,14.758124351501465
2025-04-14,14.944314956665039
2025-04-15,14.934514999389648
2025-04-16,15.003111839294434
2025-04-17,15.561687469482422
2025-04-21,15.27750015258789
2025-04-22,15.777277946472168
2025-04-23,15.75767707824707
2025-04-24,15.48328971862793
2025-04-25,15.189303398132324
2025-04-28,15.150104522705078
2025-04-29,15.032511711120605
2025-04-30,15.208903312683105
2025-05-01,15.649882316589355
2025-05-02,15.943869590759277
2025-05-05,15.58128547668457
2025-05-06,15.512688636779785
2025-05-07,15.395094871520996
2025-05-08,15.31669807434082
2025-05-09,15.228501319885254
2025-05-12,15.287300109863281
2025-05-13,14.99331283569336
2025-05-14,14.846319198608398
2025-05-15,15.208903312683105
2025-05-16,15.25790023803711
2025-05-19,15.21870231628418
2025-05-20,15.13050651550293
2025-05-21,14.699325561523438
2025-05-22,14.473937034606934
2025-05-23,14.287745475769043
2025-05-27,14.669927597045898
2025-05-28,14.650328636169434
2025-05-29,14.826720237731934
2025-05-30,14.895317077636719
2025-06-02,14.767922401428223
2025-06-03,14.865918159484863
2025-06-04,14.895317077636719
2025-06-05,14.669927597045898
2025-06-06,14.758124351501465
2025-06-09,14.885518074035645
2025-06-10,15.022711753845215
2025-06-11,14.9149169921875
2025-06-12,14.973713874816895
2025-06-13,14.620929718017578
2025-06-16,14.679726600646973
2025-06-17,14.581731796264648
2025-06-18,14.689526557922363
2025-06-20,14.728724479675293
2025-06-23,14.826720237731934
2025-06-24,14.728724479675293
2025-06-25,14.287745475769043
2025-06-26,14.601330757141113
2025-06-27,14.689526557922363
2025-06-30,14.669822692871094
2025-07-01,14.54174518585205
2025-07-02,14.443222999572754
2025-07-03,14.502336502075195
2025-07-07,14.324996948242188
2025-07-08,14.384110450744629
2025-07-09,14.374258995056152
2025-07-10,14.551597595214844
2025-07-11,14.453075408935547
2025-07-14,14.58115291595459
2025-07-15,14.305293083190918
2025-07-16,14.462926864624023
2025-07-17,14.295442581176758
2025-07-18,14.108250617980957
2025-07-21,14.137807846069336
2025-07-22,14.324996948242188
2025-07-23,14.315145492553711
2025-07-24,14.36440658569336
2025-07-25,14.453075408935547
2025-07-28,14.137807846069336
2025-07-29,14.433371543884277
2025-07-30,13.990025520324707
2025-07-31,13.87179946899414
2025-08-01,13.635348320007324
2025-08-04,13.881651878356934
2025-08-05,14.088546752929688
2025-08-06,13.87179946899414
2025-08-07,13.9998779296875
2025-08-08,13.684609413146973
2025-08-11,13.536827087402344
2025-08-12,13.753573417663574
2025-08-13,14.049137115478516
2025-08-14,13.91120719909668
2025-08-15,14.019580841064453
2025-08-18,13.783130645751953
2025-08-19,14.196919441223145
2025-08-20,14.206772804260254
2025-08-21,14.206772804260254
2025-08-22,15.014646530151367
2025-08-25,14.906272888183594
2025-08-26,14.866865158081055
2025-08-27,15.113168716430664
2025-08-28,15.260951042175293
2025-08-29,15.497400283813477
2025-09-02,15.191985130310059
2025-09-03,15.507253646850586
2025-09-04,15.655035018920898
2025-09-05,15.990007400512695
2025-09-08,15.960453033447266
2025-09-09,15.911189079284668
2025-09-10,15.743704795837402
2025-09-11,15.901339530944824
2025-09-12,15.664887428283691
2025-09-15,15.162428855895996
2025-09-16,15.162428855895996
2025-09-17,15.132871627807617
2025-09-18,15.428436279296875
2025-09-19,15.448141098022461
2025-09-22,15.369324684143066
2025-09-23,15.428436279296875
2025-09-24,14.994942665100098
2025-09-25,14.728935241699219
2025-09-26,14.492483139038086
2025-09-29,14.768342971801758
2025-09-30,15.055587768554688
2025-10-01,14.887203216552734
2025-10-02,14.897109031677246
2025-10-03,14.758438110351562
2025-10-06,14.471193313598633
2025-10-07,14.391953468322754
2025-10-08,14.431572914123535
2025-10-09,14.431572914123535
2025-10-10,14.263188362121582
2025-10-13,14.441478729248047
2025-10-14,14.550433158874512
2025-10-15,14.619769096374512
2025-10-16,14.451384544372559
2025-10-17,14.362238883972168
2025-10-20,14.520718574523926
2025-10-21,14.451384544372559
2025-10-22,14.77824878692627
2025-10-23,14.847582817077637
2025-10-24,14.916918754577637
2025-10-27,14.748534202575684
2025-10-28,14.639578819274902
2025-10-29,14.164138793945312
2025-10-30,14.382048606872559
2025-10-31,14.2235689163208
2025-11-03,14.233474731445312
2025-11-04,14.560338973999023
2025-11-05,14.77824878692627
2025-11-06,14.599958419799805
2025-11-07,14.867393493652344
2025-11-10,14.857488632202148
2025-11-11,15.194258689880371
2025-11-12,14.807963371276855
2025-11-13,14.77824878692627
2025-11-14,14.986252784729004
2025-11-17,14.619769096374512
2025-11-18,14.946633338928223
2025-11-19,14.946633338928223
2025-11-20,14.857488632202148
2025-11-21,15.01596736907959
2025-11-24,14.758438110351562
2025-11-25,14.837677955627441
2025-11-26,14.907012939453125
2025-11-28,14.916918754577637
2025-12-01,14.679197311401367
2025-12-02,14.619769096374512
2025-12-03,14.570242881774902
2025-12-04,14.431572914123535
2025-12-05,14.144329071044922
2025-12-08,14.045279502868652
2025-12-09,14.134424209594727
2025-12-10,14.431572914123535
2025-12-11,14.461288452148438
2025-12-12,14.59005355834961
2025-12-15,14.689103126525879
2025-12-16,14.471193313598633
2025-12-17,14.659388542175293
2025-12-18,14.580148696899414
2025-12-19,14.49100399017334
2025-12-22,14.51081371307373
2025-12-23,14.599958419799805
2025-12-24,14.758438110351562
2025-12-26,14.768342971801758
2025-12-29,14.867393493652344
2025-12-30,14.946633338928223
2025-12-31,14.817182540893555
2026-01-02,14.777351379394531
2026-01-05,14.508490562438965
2026-01-06,14.9068021774292
2026-01-07,14.956591606140137
2026-01-08,15.17566204071045
2026-01-09,14.727561950683594
2026-01-12,14.657857894897461
2026-01-13,14.578195571899414
2026-01-14,14.68773078918457
2026-01-15,14.797266006469727
2026-01-16,14.847055435180664
2026-01-20,14.697689056396484
2026-01-21,14.83709716796875
2026-01-22,14.657857894897461
2026-01-23,14.787309646606445
2026-01-26,14.787309646606445
2026-01-27,14.896844863891602
2026-01-28,14.697689056396484
2026-01-29,15.016338348388672
2026-01-30,15.125873565673828
2026-02-02,15.076085090637207
2026-02-03,15.11591625213623
2026-02-04,15.354902267456055
2026-02-05,15.96232795715332
2026-02-06,16.569751739501953
2026-02-09,16.52992057800293
2026-02-10,16.539878845214844
2026-02-11,16.290935516357422
2026-02-12,15.972286224365234
2026-02-13,16.55979347229004
2026-02-17,16.76890754699707
2026-02-18,16.67928695678711
2026-02-19,16.778865814208984
2026-02-20,16.699203491210938
2026-02-23,18.7305908203125
2026-02-24,18.750507354736328
2026-02-25,18.780380249023438
2026-02-26,18.750507354736328
2026-02-27,18.770421981811523
2026-03-02,18.770421981811523
2026-03-03,18.750507354736328
2026-03-04,18.79033851623535
2026-03-05,18.760465621948242
2026-03-06,18.780380249023438
2026-03-09,18.770421981811523
2026-03-10,18.780380249023438
2026-03-11,18.79033851623535
2026-03-12,18.800294876098633
2026-03-13,18.79033851623535
2026-03-16,18.800294876098633
2026-03-17,18.780380249023438
2026-03-18,18.770421981811523
2026-03-19,18.760465621948242
2026-03-20,18.800294876098633
2026-03-23,18.85008430480957
2026-03-24,18.830169677734375
2026-03-25,18.85008430480957
2026-03-26,18.860042572021484
2026-03-27,18.85008430480957
2026-03-30,18.8700008392334
2026-03-31,18.8700008392334
2026-04-01,18.899999618530273
2026-04-02,18.950000762939453
2026-04-06,18.920000076293945
2026-04-07,18.924999237060547
