Date,Close
2006-12-12,10.914398193359375
2006-12-13,10.941923141479492
2006-12-14,10.866228103637695
2006-12-15,11.003865242004395
2006-12-18,10.962573051452637
2006-12-19,10.941923141479492
2006-12-20,11.478703498840332
2006-12-21,11.217192649841309
2006-12-22,11.279128074645996
2006-12-26,11.24472427368164
2006-12-27,11.822781562805176
2006-12-28,12.00859546661377
2006-12-29,11.905362129211426
2007-01-03,11.630099296569824
2007-01-04,11.56816291809082
2007-01-05,11.499344825744629
2007-01-08,11.5062255859375
2007-01-09,11.464936256408691
2007-01-10,11.189669609069824
2007-01-11,11.237837791442871
2007-01-12,11.196541786193848
2007-01-16,11.389236450195312
2007-01-17,11.42364501953125
2007-01-18,11.354827880859375
2007-01-19,11.258484840393066
2007-01-22,11.636980056762695
2007-01-23,11.809020042419434
2007-01-24,11.87784194946289
2007-01-25,11.836548805236816
2007-01-26,12.11870002746582
2007-01-29,12.24256420135498
2007-01-30,12.38708782196045
2007-01-31,12.304505348205566
2007-02-01,12.00859546661377
2007-02-02,12.042998313903809
2007-02-05,11.95353889465332
2007-02-06,12.022356033325195
2007-02-07,11.898483276367188
2007-02-08,11.960419654846191
2007-02-09,11.836548805236816
2007-02-12,11.66450309753418
2007-02-13,11.905362129211426
2007-02-14,12.00859546661377
2007-02-15,11.95353889465332
2007-02-16,11.809020042419434
2007-02-20,11.919130325317383
2007-02-21,11.926015853881836
2007-02-22,11.905362129211426
2007-02-23,11.905362129211426
2007-02-26,11.554396629333496
2007-02-27,11.113969802856445
2007-02-28,10.969454765319824
2007-03-01,10.8731107711792
2007-03-02,10.769882202148438
2007-03-05,10.35698127746582
2007-03-06,10.584075927734375
2007-03-07,10.701067924499512
2007-03-08,10.446436882019043
2007-03-09,10.590959548950195
2007-03-12,10.797416687011719
2007-03-13,10.666654586791992
2007-03-14,10.40515422821045
2007-03-15,10.577193260192871
2007-03-16,10.625370979309082
2007-03-19,10.36385726928711
2007-03-20,10.384503364562988
2007-03-21,10.590959548950195
2007-03-22,11.079565048217773
2007-03-23,11.196541786193848
2007-03-26,11.354827880859375
2007-03-27,11.24472427368164
2007-03-28,11.24472427368164
2007-03-29,11.561279296875
2007-03-30,11.010736465454102
2007-04-02,10.838702201843262
2007-04-03,11.848255157470703
2007-04-04,11.78515625
2007-04-05,11.834235191345215
2007-04-09,11.904340744018555
2007-04-10,12.051570892333984
2007-04-11,11.876297950744629
2007-04-12,12.121674537658691
2007-04-13,12.303960800170898
2007-04-16,12.430154800415039
2007-04-17,12.493247032165527
2007-04-18,12.696564674377441
2007-04-19,12.906885147094727
2007-04-20,13.16628646850586
2007-04-23,12.619444847106934
2007-04-24,12.703584671020508
2007-04-25,12.62645149230957
2007-04-26,12.689553260803223
2007-04-27,12.605420112609863
2007-04-30,12.57738208770752
2007-05-01,12.710583686828613
2007-05-02,12.654499053955078
2007-05-03,12.717597961425781
2007-05-04,12.941938400268555
2007-05-07,12.85080337524414
2007-05-08,12.892865180969238
2007-05-09,12.920906066894531
2007-05-10,12.885860443115234
2007-05-11,13.00503921508789
2007-05-14,12.941938400268555
2007-05-15,12.899872779846191
2007-05-16,13.243400573730469
2007-05-17,13.306498527526855
2007-05-18,13.34156322479248
2007-05-21,13.36960220336914
2007-05-22,13.5588960647583
2007-05-23,13.481770515441895
2007-05-24,12.99101448059082
2007-05-25,13.103189468383789
2007-05-29,13.01205062866211
2007-05-30,12.976998329162598
2007-05-31,13.0821533203125
2007-06-01,13.453726768493652
2007-06-04,13.73416519165039
2007-06-05,13.797256469726562
2007-06-06,13.36960220336914
2007-06-07,12.654499053955078
2007-06-08,12.584389686584473
2007-06-11,12.605420112609863
2007-06-12,12.619444847106934
2007-06-13,12.934931755065918
2007-06-14,13.17329216003418
2007-06-15,13.11721134185791
2007-06-18,13.278456687927246
2007-06-19,13.215364456176758
2007-06-20,13.215364456176758
2007-06-21,13.040090560913086
2007-06-22,13.47476577758789
2007-06-25,13.460742950439453
2007-06-26,13.271444320678711
2007-06-27,13.00503921508789
2007-06-28,13.145254135131836
2007-06-29,13.00503921508789
2007-07-02,13.16628646850586
2007-07-03,13.271444320678711
2007-07-05,13.23573112487793
2007-07-06,13.428597450256348
2007-07-09,13.642874717712402
2007-07-10,13.392875671386719
2007-07-11,13.035733222961426
2007-07-12,13.014300346374512
2007-07-13,12.985733032226562
2007-07-16,12.478591918945312
2007-07-17,12.242877960205078
2007-07-18,12.007162094116211
2007-07-19,11.857163429260254
2007-07-20,11.414301872253418
2007-07-23,11.214302062988281
2007-07-24,11.007161140441895
2007-07-25,11.278586387634277
2007-07-26,11.128585815429688
2007-07-27,10.814297676086426
2007-07-30,11.021446228027344
2007-07-31,11.15716552734375
2007-08-01,11.185733795166016
2007-08-02,11.250015258789062
2007-08-03,10.807159423828125
2007-08-06,9.928586959838867
2007-08-07,10.521441459655762
2007-08-08,11.814299583435059
2007-08-09,11.664299964904785
2007-08-10,11.528587341308594
2007-08-13,11.728586196899414
2007-08-14,10.47858715057373
2007-08-15,9.771441459655762
2007-08-16,11.142874717712402
2007-08-17,11.214302062988281
2007-08-20,11.021446228027344
2007-08-21,11.13573169708252
2007-08-22,11.057157516479492
2007-08-23,10.792872428894043
2007-08-24,11.057157516479492
2007-08-27,10.842872619628906
2007-08-28,11.000012397766113
2007-08-29,11.021446228027344
2007-08-30,10.807159423828125
2007-08-31,10.921442985534668
2007-09-04,11.064300537109375
2007-09-05,10.878589630126953
2007-09-06,10.98573112487793
2007-09-07,10.4500150680542
2007-09-10,10.000016212463379
2007-09-11,10.071446418762207
2007-09-12,10.114301681518555
2007-09-13,10.21430492401123
2007-09-14,10.328587532043457
2007-09-17,9.750012397766113
2007-09-18,10.557159423828125
2007-09-19,11.057157516479492
2007-09-20,10.778586387634277
2007-09-21,10.664299964904785
2007-09-24,10.628586769104004
2007-09-25,10.700019836425781
2007-09-26,10.98573112487793
2007-09-27,11.035736083984375
2007-09-28,10.757158279418945
2007-10-01,11.064300537109375
2007-10-02,10.885727882385254
2007-10-03,10.99287223815918
2007-10-04,11.007161140441895
2007-10-05,11.234031677246094
2007-10-08,10.751011848449707
2007-10-09,11.1901216506958
2007-10-10,11.036434173583984
2007-10-11,10.904701232910156
2007-10-12,10.93397331237793
2007-10-15,10.407038688659668
2007-10-16,10.17284107208252
2007-10-17,10.289939880371094
2007-10-18,10.136247634887695
2007-10-19,9.45561408996582
2007-10-22,9.667855262756348
2007-10-23,10.063063621520996
2007-10-24,9.9166841506958
2007-10-25,9.711771011352539
2007-10-26,9.536123275756836
2007-10-29,9.514167785644531
2007-10-30,9.236062049865723
2007-10-31,9.426342964172363
2007-11-01,9.250699043273926
2007-11-02,9.741044998168945
2007-11-05,9.184831619262695
2007-11-06,9.265336990356445
2007-11-07,8.69448184967041
2007-11-08,9.316564559936523
2007-11-09,9.726408004760742
2007-11-12,9.836181640625
2007-11-13,10.816877365112305
2007-11-14,10.070379257202148
2007-11-15,9.850822448730469
2007-11-16,10.187479019165039
2007-11-19,9.909367561340332
2007-11-20,9.309247016906738
2007-11-21,8.760354042053223
2007-11-23,8.672528266906738
2007-11-26,8.057765007019043
2007-11-27,8.006537437438965
2007-11-28,8.277325630187988
2007-11-29,7.7577033042907715
2007-11-30,7.677204608917236
2007-12-03,7.391777515411377
2007-12-04,7.318591117858887
2007-12-05,7.860164642333984
2007-12-06,8.643253326416016
2007-12-07,8.709123611450195
2007-12-10,8.987225532531738
2007-12-11,8.577388763427734
2007-12-12,8.796941757202148
2007-12-13,9.067732810974121
2007-12-14,8.753035545349121
2007-12-17,8.69448184967041
2007-12-18,9.192153930664062
2007-12-19,9.031142234802246
2007-12-20,9.348552703857422
2007-12-21,10.27055835723877
2007-12-24,10.603087425231934
2007-12-26,10.27055835723877
2007-12-27,9.416571617126465
2007-12-28,9.265419006347656
2007-12-31,9.068930625915527
2008-01-02,8.532347679138184
2008-01-03,8.4038724899292
2008-01-04,8.199822425842285
2008-01-07,8.026000022888184
2008-01-08,7.995772361755371
2008-01-09,8.033557891845703
2008-01-10,8.577693939208984
2008-01-11,7.957983493804932
2008-01-14,8.018444061279297
2008-01-15,7.799279689788818
2008-01-16,8.199822425842285
2008-01-17,8.4038724899292
2008-01-18,7.927755355834961
2008-01-22,8.071346282958984
2008-01-23,8.774188041687012
2008-01-24,8.804417610168457
2008-01-25,8.74395751953125
2008-01-28,9.817111015319824
2008-01-29,9.545047760009766
2008-01-30,9.053811073303223
2008-01-31,9.356110572814941
2008-02-01,9.333438873291016
2008-02-04,9.152057647705078
2008-02-05,8.925333976745605
2008-02-06,8.910221099853516
2008-02-07,9.000911712646484
2008-02-08,8.796859741210938
2008-02-11,8.577693939208984
2008-02-12,8.706169128417969
2008-02-13,9.393898963928223
2008-02-14,8.925333976745605
2008-02-15,9.242748260498047
2008-02-19,9.182287216186523
2008-02-20,9.288090705871582
2008-02-21,9.091601371765137
2008-02-22,9.099159240722656
2008-02-25,9.061369895935059
2008-02-26,9.01602554321289
2008-02-27,9.023581504821777
2008-02-28,8.978235244750977
2008-02-29,8.555018424987793
2008-03-03,8.290509223937988
2008-03-04,7.859730243682861
2008-03-05,8.041116714477539
2008-03-06,7.368504047393799
2008-03-07,7.224914073944092
2008-03-10,7.330718040466309
2008-03-11,7.859730243682861
2008-03-12,7.504535675048828
2008-03-13,7.731261730194092
2008-03-14,7.504535675048828
2008-03-17,7.451638698577881
2008-03-18,7.920196056365967
2008-03-19,7.602784633636475
2008-03-20,8.207378387451172
2008-03-24,7.852179050445557
2008-03-25,7.91264009475708
2008-03-26,7.995772361755371
2008-03-27,7.8068342208862305
2008-03-28,7.625458717346191
2008-03-31,7.84461784362793
2008-04-01,8.007344245910645
2008-04-02,8.257096290588379
2008-04-03,8.219257354736328
2008-04-04,8.038355827331543
2008-04-07,8.093409538269043
2008-04-08,7.865314483642578
2008-04-09,7.645089149475098
2008-04-10,7.825990200042725
2008-04-11,7.566437721252441
2008-04-14,7.416993618011475
2008-04-15,7.456324100494385
2008-04-16,7.416993618011475
2008-04-17,7.401261806488037
2008-04-18,7.723742961883545
2008-04-21,7.7316060066223145
2008-04-22,7.566437721252441
2008-04-23,7.684415340423584
2008-04-24,7.534972190856934
2008-04-25,7.833855152130127
2008-04-28,7.833855152130127
2008-04-29,7.951836109161377
2008-04-30,7.896777153015137
2008-05-01,7.8731842041015625
2008-05-02,7.959704875946045
2008-05-05,8.164196968078613
2008-05-06,8.4080228805542
2008-05-07,8.054086685180664
2008-05-08,8.494543075561523
2008-05-09,8.620388984680176
2008-05-12,8.565330505371094
2008-05-13,9.060844421386719
2008-05-14,9.029382705688477
2008-05-15,9.060844421386719
2008-05-16,8.982193946838379
2008-05-19,9.19455623626709
2008-05-20,9.100171089172363
2008-05-21,9.57209300994873
2008-05-22,9.808049201965332
2008-05-23,9.745125770568848
2008-05-27,9.67434024810791
2008-05-28,9.831645965576172
2008-05-29,10.114801406860352
2008-05-30,10.500198364257812
2008-06-02,8.997920989990234
2008-06-03,9.328265190124512
2008-06-04,9.304669380187988
2008-06-05,9.619283676147461
2008-06-06,9.155232429504395
2008-06-09,8.824885368347168
2008-06-10,8.96646499633789
2008-06-11,8.455216407775879
2008-06-12,9.060844421386719
2008-06-13,9.414787292480469
2008-06-16,9.965360641479492
2008-06-17,9.72939682006836
2008-06-18,9.304669380187988
2008-06-19,9.690071105957031
2008-06-20,9.288938522338867
2008-06-23,8.6439847946167
2008-06-24,8.59679126739502
2008-06-25,8.809158325195312
2008-06-26,8.352967262268066
2008-06-27,8.439486503601074
2008-06-30,7.865314483642578
2008-07-01,8.172065734863281
2008-07-02,7.78666353225708
2008-07-03,7.4877800941467285
2008-07-07,7.216549873352051
2008-07-08,7.652167797088623
2008-07-09,7.043937683105469
2008-07-10,7.002842426300049
2008-07-11,6.863114356994629
2008-07-14,6.879552841186523
2008-07-15,6.723386764526367
2008-07-16,6.780921936035156
2008-07-17,6.904211521148682
2008-07-18,6.887773036956787
2008-07-21,6.813800811767578
2008-07-22,6.961745262145996
2008-07-23,7.08503532409668
2008-07-24,7.011061668395996
2008-07-25,6.871334552764893
2008-07-28,6.698726654052734
2008-07-29,7.2329816818237305
2008-07-30,7.389150619506836
2008-07-31,7.405587196350098
2008-08-01,7.471346378326416
2008-08-04,7.685047149658203
2008-08-05,7.528882026672363
2008-08-06,7.364492416381836
2008-08-07,7.323394298553467
2008-08-08,7.652167797088623
2008-08-11,8.071349143981934
2008-08-12,7.56175422668457
2008-08-13,7.767240524291992
2008-08-14,7.89053201675415
2008-08-15,7.874089241027832
2008-08-18,8.49875545501709
2008-08-19,8.219301223754883
2008-08-20,8.449440002441406
2008-08-21,8.515198707580566
2008-08-22,8.975473403930664
2008-08-25,8.704238891601562
2008-08-26,8.671360969543457
2008-08-27,8.728899002075195
2008-08-28,9.041228294372559
2008-08-29,9.033010482788086
2008-09-02,9.049445152282715
2008-09-03,8.671360969543457
2008-09-04,8.433000564575195
2008-09-05,8.252178192138672
2008-09-08,8.046693801879883
2008-09-09,7.58641242980957
2008-09-10,8.2932710647583
2008-09-11,8.506978988647461
2008-09-12,8.4905366897583
2008-09-15,7.980938911437988
2008-09-16,8.285053253173828
2008-09-17,7.397370338439941
2008-09-18,7.73436164855957
2008-09-19,8.19464111328125
2008-09-22,6.9864044189453125
2008-09-23,6.994625568389893
2008-09-24,6.632972717285156
2008-09-25,7.200106143951416
2008-09-26,7.224764823913574
2008-09-29,8.219301223754883
2008-09-30,7.060380458831787
2008-10-01,6.912431240081787
2008-10-02,6.624755382537842
2008-10-03,6.4685893058776855
2008-10-06,5.8110456466674805
2008-10-07,5.482442855834961
2008-10-08,4.903069496154785
2008-10-09,3.8048512935638428
2008-10-10,4.280457496643066
2008-10-13,5.197080135345459
2008-10-14,4.678236961364746
2008-10-15,3.891324520111084
2008-10-16,4.401522159576416
2008-10-17,4.254514217376709
2008-10-20,4.366931915283203
2008-10-21,4.271809101104736
2008-10-22,3.9172682762145996
2008-10-23,3.9777982234954834
2008-10-24,3.856736183166504
2008-10-27,3.8653831481933594
2008-10-28,4.4188151359558105
2008-10-29,4.3842267990112305
2008-10-30,4.3842267990112305
2008-10-31,4.83389139175415
2008-11-03,5.084664344787598
2008-11-04,5.5948615074157715
2008-11-05,4.738768577575684
2008-11-06,4.574469089508057
2008-11-07,4.756064414978027
2008-11-10,4.090212821960449
2008-11-11,3.7443199157714844
2008-11-12,3.0611748695373535
2008-11-13,3.476250648498535
2008-11-14,3.113060474395752
2008-11-17,3.277359962463379
2008-11-18,3.1908843517303467
2008-11-19,3.026585817337036
2008-11-20,2.715280532836914
2008-11-21,3.0698232650756836
2008-11-24,3.035233497619629
2008-11-25,3.0871164798736572
2008-11-26,3.692434549331665
2008-11-28,3.54542875289917
2008-12-01,3.1735923290252686
2008-12-02,3.182239294052124
2008-12-03,3.3378922939300537
2008-12-04,3.1303555965423584
2008-12-05,3.450307846069336
2008-12-08,3.683786630630493
2008-12-09,3.2168285846710205
2008-12-10,3.2687134742736816
2008-12-11,2.9141693115234375
2008-12-12,3.32059645652771
2008-12-15,3.095764398574829
2008-12-16,3.4676027297973633
2008-12-17,3.4243662357330322
2008-12-18,3.2168285846710205
2008-12-19,3.182239294052124
2008-12-22,3.519486427307129
2008-12-23,3.277359962463379
2008-12-24,3.1390016078948975
2008-12-26,3.182239294052124
2008-12-29,3.2195675373077393
2008-12-30,3.2009036540985107
2008-12-31,3.396876335144043
2009-01-02,3.4622018337249756
2009-01-05,3.415541172027588
2009-01-06,4.012795925140381
2009-01-07,3.5835163593292236
2009-01-08,3.6395113468170166
2009-01-09,3.4062094688415527
2009-01-12,3.2568960189819336
2009-01-13,3.16357421875
2009-01-14,2.9676012992858887
2009-01-15,2.9116084575653076
2009-01-16,3.1355772018432617
2009-01-20,2.9116084575653076
2009-01-21,3.2568960189819336
2009-01-22,2.976933479309082
2009-01-23,3.042257070541382
2009-01-26,3.182239294052124
2009-01-27,3.144911289215088
2009-01-28,3.3408846855163574
2009-01-29,3.2382314205169678
2009-01-30,3.0142617225646973
2009-02-02,3.2009036540985107
2009-02-03,3.191570520401001
2009-02-04,2.855616807937622
2009-02-05,2.762296438217163
2009-02-06,2.752962589263916
2009-02-09,2.7249667644500732
2009-02-10,2.5943171977996826
2009-02-11,2.5196619033813477
2009-02-12,2.3983445167541504
2009-02-13,2.44500470161438
2009-02-17,2.2863593101501465
2009-02-18,2.305022954940796
2009-02-19,2.2770273685455322
2009-02-20,2.1650426387786865
2009-02-23,1.9597363471984863
2009-02-24,2.0810537338256836
2009-02-25,1.903743863105774
2009-02-26,1.8757479190826416
2009-02-27,1.8290868997573853
2009-03-02,1.3998115062713623
2009-03-03,1.2691625356674194
2009-03-04,1.427808403968811
2009-03-05,1.2691625356674194
2009-03-06,1.2971585988998413
2009-03-09,1.2411664724349976
2009-03-10,1.2318342924118042
2009-03-11,1.1758419275283813
2009-03-12,1.2691625356674194
2009-03-13,1.2131705284118652
2009-03-16,1.7730952501296997
2009-03-17,1.7730952501296997
2009-03-18,2.1463773250579834
2009-03-19,2.3143558502197266
2009-03-20,2.32368803024292
2009-03-23,2.920941114425659
2009-03-24,3.0049288272857666
2009-03-25,3.0049288272857666
2009-03-26,3.0702548027038574
2009-03-27,2.771627426147461
2009-03-30,2.4356725215911865
2009-03-31,2.855616807937622
2009-04-01,3.0329246520996094
2009-04-02,3.4622018337249756
2009-04-03,3.966132879257202
2009-04-06,3.8573355674743652
2009-04-07,3.5210556983947754
2009-04-08,3.6793062686920166
2009-04-09,3.8968987464904785
2009-04-13,3.8375556468963623
2009-04-14,3.6694159507751465
2009-04-15,3.7485392093658447
2009-04-16,3.8573355674743652
2009-04-17,3.7485392093658447
2009-04-20,3.2935726642608643
2009-04-21,3.451822519302368
2009-04-22,3.412259578704834
2009-04-23,3.3628058433532715
2009-04-24,3.422150135040283
2009-04-27,3.1056509017944336
2009-04-28,3.580399751663208
2009-04-29,3.7584311962127686
2009-04-30,3.5210556983947754
2009-05-01,3.491384267807007
2009-05-04,3.412259578704834
2009-05-05,3.402367115020752
2009-05-06,3.3529160022735596
2009-05-07,3.5111653804779053
2009-05-08,4.252963542938232
2009-05-11,4.134273052215576
2009-05-12,4.094710350036621
2009-05-13,3.8870089054107666
2009-05-14,3.8771166801452637
2009-05-15,3.936460494995117
2009-05-18,4.144165992736816
2009-05-19,4.094710350036621
2009-05-20,3.9958066940307617
2009-05-21,4.055150032043457
2009-05-22,3.966132879257202
2009-05-26,4.154055118560791
2009-05-27,4.04525899887085
2009-05-28,4.1046013832092285
2009-05-29,4.114492416381836
2009-06-01,4.173836708068848
2009-06-02,4.292524337768555
2009-06-03,4.430991172790527
2009-06-04,4.648585319519043
2009-06-05,4.57935094833374
2009-06-08,4.539788722991943
2009-06-09,4.658475399017334
2009-06-10,4.737599849700928
2009-06-11,4.717818737030029
2009-06-12,4.87606954574585
2009-06-15,5.360708713531494
2009-06-16,5.370600700378418
2009-06-17,5.499176502227783
2009-06-18,5.726660251617432
2009-06-19,5.884912490844727
2009-06-22,5.637645721435547
2009-06-23,5.726660251617432
2009-06-24,5.5684099197387695
2009-06-25,5.766223907470703
2009-06-26,6.191519737243652
2009-06-29,6.033270835876465
2009-06-30,6.250863552093506
2009-07-01,6.636595726013184
2009-07-02,6.636595726013184
2009-07-06,6.537692070007324
2009-07-07,6.055318832397461
2009-07-08,5.367680549621582
2009-07-09,5.880845069885254
2009-07-10,5.480576992034912
2009-07-13,5.737155437469482
2009-07-14,5.993738651275635
2009-07-15,6.322165489196777
2009-07-16,6.270846843719482
2009-07-17,6.0861101150512695
2009-07-20,5.9424214363098145
2009-07-21,5.850053310394287
2009-07-22,6.055318832397461
2009-07-23,6.157951354980469
2009-07-24,6.06558084487915
2009-07-27,6.127161026000977
2009-07-28,6.363217353820801
2009-07-29,6.168213367462158
2009-07-30,6.219531059265137
2009-07-31,6.1066365242004395
2009-08-03,6.157951354980469
2009-08-04,6.06558084487915
2009-08-05,6.0450568199157715
2009-08-06,5.901370525360107
2009-08-07,6.383741855621338
2009-08-10,5.552417278289795
2009-08-11,5.039257526397705
2009-08-12,5.295835971832275
2009-08-13,5.090573310852051
2009-08-14,5.039257526397705
2009-08-17,4.823728561401367
2009-08-18,4.936624526977539
2009-08-19,4.875046730041504
2009-08-20,4.875046730041504
2009-08-21,5.028994083404541
2009-08-24,5.131626605987549
2009-08-25,5.049519062042236
2009-08-26,5.08030891418457
2009-08-27,5.059783935546875
2009-08-28,5.059783935546875
2009-08-31,4.8853068351745605
2009-09-01,4.5774102210998535
2009-09-02,4.721096038818359
2009-09-03,4.823728561401367
2009-09-04,4.721096038818359
2009-09-08,4.536355972290039
2009-09-09,4.5671467781066895
2009-09-10,4.618463516235352
2009-09-11,4.823728561401367
2009-09-14,5.100836277008057
2009-09-15,5.583208084106445
2009-09-16,5.706367015838623
2009-09-17,5.44978666305542
2009-09-18,5.5421576499938965
2009-09-21,5.377943515777588
2009-09-22,5.552417278289795
2009-09-23,5.439524173736572
2009-09-24,5.552417278289795
2009-09-25,5.932159900665283
2009-09-28,6.096370697021484
2009-09-29,6.055318832397461
2009-09-30,6.188739776611328
2009-10-01,6.06558084487915
2009-10-02,5.880845069885254
2009-10-05,6.116898536682129
2009-10-06,6.147689342498779
2009-10-07,6.104921817779541
2009-10-08,6.169069766998291
2009-10-09,6.147689342498779
2009-10-12,6.1156110763549805
2009-10-13,6.019387245178223
2009-10-14,6.126306533813477
2009-10-15,6.104921817779541
2009-10-16,6.008695602416992
2009-10-19,6.062155723571777
2009-10-20,5.880396842956543
2009-10-21,5.634490013122559
2009-10-22,5.709332466125488
2009-10-23,5.506190299987793
2009-10-26,5.826939105987549
2009-10-27,5.794864177703857
2009-10-28,5.37789249420166
2009-10-29,5.55964994430542
2009-10-30,5.677257537841797
2009-11-02,5.741405487060547
2009-11-03,5.64517879486084
2009-11-04,5.538266658782959
2009-11-05,5.8376312255859375
2009-11-06,5.901780605316162
2009-11-09,5.303048610687256
2009-11-10,5.3458147048950195
2009-11-11,5.474114894866943
2009-11-12,5.2388997077941895
2009-11-13,5.21751594543457
2009-11-16,5.313740253448486
2009-11-17,5.2388997077941895
2009-11-18,5.2388997077941895
2009-11-19,5.2388997077941895
2009-11-20,5.185441493988037
2009-11-23,5.2388997077941895
2009-11-24,5.3458147048950195
2009-11-25,5.196132659912109
2009-11-27,5.078525066375732
2009-11-30,5.131983757019043
2009-12-01,5.099907398223877
2009-12-02,5.078525066375732
2009-12-03,5.0250654220581055
2009-12-04,5.185441493988037
2009-12-07,5.37789249420166
2009-12-08,5.249589920043945
2009-12-09,5.26028299331665
2009-12-10,5.17474889755249
2009-12-11,5.17474889755249
2009-12-14,5.388583183288574
2009-12-15,5.249589920043945
2009-12-16,5.388583183288574
2009-12-17,5.420658111572266
2009-12-18,5.39927339553833
2009-12-21,5.5810322761535645
2009-12-22,5.538266658782959
2009-12-23,5.616109848022461
2009-12-24,5.738442897796631
2009-12-28,5.4270524978637695
2009-12-29,5.249120235443115
2009-12-30,5.1490302085876465
2009-12-31,5.071180820465088
2010-01-04,4.592979431152344
2010-01-05,4.348317623138428
2010-01-06,4.2593488693237305
2010-01-07,4.326075553894043
2010-01-08,4.326075553894043
2010-01-11,4.281591415405273
2010-01-12,4.214864730834961
2010-01-13,4.314952373504639
2010-01-14,4.3927998542785645
2010-01-15,4.359436988830566
2010-01-19,4.548494815826416
2010-01-20,4.804278373718262
2010-01-21,4.826519966125488
2010-01-22,4.837641716003418
2010-01-25,4.959970951080322
2010-01-26,4.782037258148193
2010-01-27,4.804278373718262
2010-01-28,4.693068504333496
2010-01-29,4.782037258148193
2010-02-01,4.7264299392700195
2010-02-02,4.7264299392700195
2010-02-03,4.670825958251953
2010-02-04,4.526254177093506
2010-02-05,4.42616081237793
2010-02-08,4.326075553894043
2010-02-09,4.526254177093506
2010-02-10,4.537373065948486
2010-02-11,4.526254177093506
2010-02-12,4.492890357971191
2010-02-16,4.7264299392700195
2010-02-17,4.759793281555176
2010-02-18,4.704188346862793
2010-02-19,4.7264299392700195
2010-02-22,4.926609516143799
2010-02-23,4.826519966125488
2010-02-24,4.893247127532959
2010-02-25,4.959970951080322
2010-02-26,5.026697158813477
2010-03-01,5.249120235443115
2010-03-02,5.393691539764404
2010-03-03,5.682837009429932
2010-03-04,5.794048309326172
2010-03-05,5.816290378570557
2010-03-08,5.883017063140869
2010-03-09,5.894136905670166
2010-03-10,5.905259132385254
2010-03-11,5.971985340118408
2010-03-12,6.083194255828857
2010-03-15,6.105435848236084
2010-03-16,6.161044120788574
2010-03-17,6.350098609924316
2010-03-18,6.105435848236084
2010-03-19,6.127679347991943
2010-03-22,6.083194255828857
2010-03-23,6.161044120788574
2010-03-24,6.227766513824463
2010-03-25,6.105435848236084
2010-03-26,6.049830913543701
2010-03-29,6.149920463562012
2010-03-30,6.127679347991943
2010-03-31,6.29449462890625
2010-04-01,6.427947044372559
2010-04-05,6.702939987182617
2010-04-06,6.576898097991943
2010-04-07,6.347741603851318
2010-04-08,6.5654425621032715
2010-04-09,6.416487693786621
2010-04-12,6.382112503051758
2010-04-13,6.427947044372559
2010-04-14,6.725852012634277
2010-04-15,6.702939987182617
2010-04-16,6.496694564819336
2010-04-19,6.450861930847168
2010-04-20,6.450861930847168
2010-04-21,6.611274242401123
2010-04-22,6.737311840057373
2010-04-23,6.702939987182617
2010-04-26,6.496694564819336
2010-04-27,6.301909446716309
2010-04-28,6.450861930847168
2010-04-29,6.668564796447754
2010-04-30,6.462321758270264
2010-05-03,6.405032157897949
2010-05-04,6.313368797302246
2010-05-05,6.393571853637695
2010-05-06,5.855042934417725
2010-05-07,5.671717643737793
2010-05-10,6.244618892669678
2010-05-11,6.405032157897949
2010-05-12,6.531068325042725
2010-05-13,6.496694564819336
2010-05-14,6.256077289581299
2010-05-17,6.026915550231934
2010-05-18,6.061291217803955
2010-05-19,5.900877952575684
2010-05-20,5.763380527496338
2010-05-21,5.763380527496338
2010-05-24,5.40818452835083
2010-05-25,5.110273361206055
2010-05-26,5.179021835327148
2010-05-27,5.373810291290283
2010-05-28,5.557137966156006
2010-06-01,5.946709632873535
2010-06-02,5.866504192352295
2010-06-03,6.198784828186035
2010-06-04,5.855042934417725
2010-06-07,5.53422212600708
2010-06-08,5.190479755401611
2010-06-09,5.075900554656982
2010-06-10,5.671717643737793
2010-06-11,5.580051898956299
2010-06-14,5.591510772705078
2010-06-15,5.660259246826172
2010-06-16,5.522764682769775
2010-06-17,5.545679569244385
2010-06-18,5.5113067626953125
2010-06-21,5.522764682769775
2010-06-22,5.5113067626953125
2010-06-23,5.671717643737793
2010-06-24,5.557137966156006
2010-06-25,5.545679569244385
2010-06-28,5.9123334884643555
2010-06-29,5.648802757263184
2010-06-30,5.740464687347412
2010-07-01,5.855042934417725
2010-07-02,5.606145858764648
2010-07-06,5.463915824890137
2010-07-07,5.392805099487305
2010-07-08,5.392805099487305
2010-07-09,5.546886920928955
2010-07-12,5.546886920928955
2010-07-13,5.6298508644104
2010-07-14,5.594295024871826
2010-07-15,5.665408611297607
2010-07-16,5.641702175140381
2010-07-19,5.546886920928955
2010-07-20,5.724670886993408
2010-07-21,5.6298508644104
2010-07-22,5.724670886993408
2010-07-23,5.7483744621276855
2010-07-26,5.914305686950684
2010-07-27,5.914305686950684
2010-07-28,5.9617133140563965
2010-07-29,5.985421180725098
2010-07-30,6.1157941818237305
2010-08-02,6.044682025909424
2010-08-03,5.973568916320801
2010-08-04,6.080237865447998
2010-08-05,6.080237865447998
2010-08-06,6.222466468811035
2010-08-09,6.210615634918213
2010-08-10,5.926157474517822
2010-08-11,6.175056457519531
2010-08-12,6.032830238342285
2010-08-13,5.949865341186523
2010-08-16,5.914305686950684
2010-08-17,5.949865341186523
2010-08-18,6.068386077880859
2010-08-19,5.997272968292236
2010-08-20,5.973568916320801
2010-08-23,6.18690824508667
2010-08-24,5.997272968292236
2010-08-25,6.103944778442383
2010-08-26,6.080237865447998
2010-08-27,6.151351451873779
2010-08-30,6.127651214599609
2010-08-31,6.127651214599609
2010-09-01,6.222466468811035
2010-09-02,6.258024215698242
2010-09-03,6.364693641662598
2010-09-07,6.471367835998535
2010-09-08,6.5187764167785645
2010-09-09,6.637298107147217
2010-09-10,6.578038692474365
2010-09-13,6.613592624664307
2010-09-14,6.826932907104492
2010-09-15,6.826932907104492
2010-09-16,6.8980512619018555
2010-09-17,6.945460319519043
2010-09-20,7.11138916015625
2010-09-21,7.348437309265137
2010-09-22,7.253618240356445
2010-09-23,7.194357395172119
2010-09-24,7.419549942016602
2010-09-27,7.680304527282715
2010-09-28,7.76326847076416
2010-09-29,7.822530746459961
2010-09-30,7.929200172424316
2010-10-01,7.941056251525879
2010-10-04,7.952906608581543
2010-10-05,8.000309944152832
2010-10-06,8.08542251586914
2010-10-07,7.781459331512451
2010-10-08,7.878732204437256
2010-10-11,7.951679229736328
2010-10-12,7.81793737411499
2010-10-13,7.903043270111084
2010-10-14,7.988157272338867
2010-10-15,7.963838577270508
2010-10-18,7.963838577270508
2010-10-19,7.708509922027588
2010-10-20,7.988157272338867
2010-10-21,8.024633407592773
2010-10-22,7.890889644622803
2010-10-25,8.15837574005127
2010-10-26,8.207010269165039
2010-10-27,8.23132610321045
2010-10-28,8.316438674926758
2010-10-29,8.352912902832031
2010-11-01,8.134058952331543
2010-11-02,8.121901512145996
2010-11-03,8.23132610321045
2010-11-04,8.450179100036621
2010-11-05,8.413702964782715
2010-11-08,8.352912902832031
2010-11-09,8.304283142089844
2010-11-10,8.15837574005127
2010-11-11,8.097583770751953
2010-11-12,8.134058952331543
2010-11-15,8.134058952331543
2010-11-16,7.963838577270508
2010-11-17,7.963838577270508
2010-11-18,8.316438674926758
2010-11-19,8.134058952331543
2010-11-22,8.23132610321045
2010-11-23,8.146218299865723
2010-11-24,8.207010269165039
2010-11-26,8.170533180236816
2010-11-29,8.121901512145996
2010-11-30,8.097583770751953
2010-12-01,8.219168663024902
2010-12-02,8.146218299865723
2010-12-03,8.194851875305176
2010-12-06,8.134058952331543
2010-12-07,8.267800331115723
2010-12-08,8.328597068786621
2010-12-09,8.450179100036621
2010-12-10,8.620399475097656
2010-12-13,8.63255786895752
2010-12-14,8.608242988586426
2010-12-15,8.535292625427246
2010-12-16,8.571763038635254
2010-12-17,8.51097297668457
2010-12-20,8.389389991760254
2010-12-21,8.676097869873047
2010-12-22,8.576374053955078
2010-12-23,8.53897762298584
2010-12-27,8.576374053955078
2010-12-28,8.451713562011719
2010-12-29,8.61377239227295
2010-12-30,8.526511192321777
2010-12-31,8.68856430053711
2011-01-03,8.72596263885498
2011-01-04,8.676097869873047
2011-01-05,8.663630485534668
2011-01-06,8.601304054260254
2011-01-07,8.601304054260254
2011-01-10,8.61377239227295
2011-01-11,8.526511192321777
2011-01-12,8.514045715332031
2011-01-13,8.351993560791016
2011-01-14,8.46418285369873
2011-01-18,8.638702392578125
2011-01-19,8.501578330993652
2011-01-20,8.563912391662598
2011-01-21,8.514045715332031
2011-01-24,8.72596263885498
2011-01-25,8.72596263885498
2011-01-26,8.788287162780762
2011-01-27,8.81321907043457
2011-01-28,8.713494300842285
2011-01-31,8.800755500793457
2011-02-01,9.099932670593262
2011-02-02,9.498832702636719
2011-02-03,9.660884857177734
2011-02-04,9.598557472229004
2011-02-07,9.760611534118652
2011-02-08,9.635953903198242
2011-02-09,9.74814224243164
2011-02-10,9.798006057739258
2011-02-11,9.935129165649414
2011-02-14,9.922662734985352
2011-02-15,10.034855842590332
2011-02-16,10.184443473815918
2011-02-17,10.171977043151855
2011-02-18,10.346492767333984
2011-02-22,10.371429443359375
2011-02-23,10.27170181274414
2011-02-24,10.408825874328613
2011-02-25,10.35896110534668
2011-02-28,10.408825874328613
2011-03-01,10.471155166625977
2011-03-02,10.496087074279785
2011-03-03,10.695533752441406
2011-03-04,10.471155166625977
2011-03-07,9.54869556427002
2011-03-08,9.611024856567383
2011-03-09,9.660884857177734
2011-03-10,9.561161994934082
2011-03-11,9.69827938079834
2011-03-14,9.424041748046875
2011-03-15,9.112395286560059
2011-03-16,9.12486457824707
2011-03-17,9.162260055541992
2011-03-18,9.249523162841797
2011-03-21,9.573624610900879
2011-03-22,9.773076057434082
2011-03-23,9.972525596618652
2011-03-24,9.984989166259766
2011-03-25,10.009922981262207
2011-03-28,10.122112274169922
2011-03-29,10.047325134277344
2011-03-30,10.134581565856934
2011-03-31,10.29663372039795
2011-04-01,9.997456550598145
2011-04-04,10.022387504577637
2011-04-05,9.960063934326172
2011-04-06,10.061952590942383
2011-04-07,9.985535621643066
2011-04-08,9.819957733154297
2011-04-11,9.412381172180176
2011-04-12,9.246807098388672
2011-04-13,9.323229789733887
2011-04-14,9.39964771270752
2011-04-15,9.36143684387207
2011-04-18,9.272282600402832
2011-04-19,9.144912719726562
2011-04-20,9.068490982055664
2011-04-21,9.285017967224121
2011-04-25,9.29775619506836
2011-04-26,9.234073638916016
2011-04-27,9.348701477050781
2011-04-28,9.310492515563965
2011-04-29,9.527016639709473
2011-05-02,9.501542091369629
2011-05-03,9.527016639709473
2011-05-04,9.527016639709473
2011-05-05,9.285017967224121
2011-05-06,9.323229789733887
2011-05-09,9.539753913879395
2011-05-10,9.552483558654785
2011-05-11,9.527016639709473
2011-05-12,9.527016639709473
2011-05-13,9.539753913879395
2011-05-16,9.552483558654785
2011-05-17,9.48880386352539
2011-05-18,9.577960014343262
2011-05-19,9.654378890991211
2011-05-20,9.616171836853027
2011-05-23,9.552483558654785
2011-05-24,9.667119026184082
2011-05-25,9.743538856506348
2011-05-26,9.62890625
2011-05-27,9.781750679016113
2011-05-31,10.07469367980957
2011-06-01,9.883639335632324
2011-06-02,9.998270034790039
2011-06-03,9.858169555664062
2011-06-06,9.921847343444824
2011-06-07,9.97280216217041
2011-06-08,9.985535621643066
2011-06-09,10.138374328613281
2011-06-10,10.138374328613281
2011-06-13,10.354901313781738
2011-06-14,10.393106460571289
2011-06-15,10.011005401611328
2011-06-16,9.75627613067627
2011-06-17,9.9473237991333
2011-06-20,10.176583290100098
2011-06-21,10.329423904418945
2011-06-22,10.227530479431152
2011-06-23,10.163848876953125
2011-06-24,10.163848876953125
2011-06-27,10.329423904418945
2011-06-28,10.329423904418945
2011-06-29,10.138374328613281
2011-06-30,10.12563705444336
2011-07-01,10.303949356079102
2011-07-05,10.482263565063477
2011-07-06,10.71635913848877
2011-07-07,10.742369651794434
2011-07-08,10.651331901550293
2011-07-11,10.378222465515137
2011-07-12,10.521278381347656
2011-07-13,10.599310874938965
2011-07-14,10.13111686706543
2011-07-15,10.014077186584473
2011-07-18,9.441839218139648
2011-07-19,9.649927139282227
2011-07-20,9.545882225036621
2011-07-21,9.858006477355957
2011-07-22,9.71495246887207
2011-07-25,9.571893692016602
2011-07-26,9.506867408752441
2011-07-27,9.311785697937012
2011-07-28,9.402826309204102
2011-07-29,9.272770881652832
2011-08-01,9.480855941772461
2011-08-02,9.35080337524414
2011-08-03,8.947639465332031
2011-08-04,8.59649658203125
2011-08-05,8.34939956665039
2011-08-08,7.15290641784668
2011-08-09,7.360995769500732
2011-08-10,6.931818008422852
2011-08-11,7.6991286277771
2011-08-12,7.569079399108887
2011-08-15,7.855194568634033
2011-08-16,7.9072160720825195
2011-08-17,8.180327415466309
2011-08-18,7.9072160720825195
2011-08-19,7.751153469085693
2011-08-22,7.712136268615723
2011-08-23,8.219345092773438
2011-08-24,8.258359909057617
2011-08-25,8.258359909057617
2011-08-26,8.284369468688965
2011-08-29,8.648518562316895
2011-08-30,8.50545883178711
2011-08-31,8.466444969177246
2011-09-01,8.180327415466309
2011-09-02,7.933227062225342
2011-09-06,8.050276756286621
2011-09-07,8.310378074645996
2011-09-08,8.115299224853516
2011-09-09,7.86820125579834
2011-09-12,7.985245704650879
2011-09-13,8.141311645507812
2011-09-14,7.9722442626953125
2011-09-15,7.998251438140869
2011-09-16,8.037269592285156
2011-09-19,7.933227062225342
2011-09-20,8.141311645507812
2011-09-21,7.777163982391357
2011-09-22,7.360995769500732
2011-09-23,7.660116195678711
2011-09-26,7.764156341552734
2011-09-27,7.985245704650879
2011-09-28,7.790168285369873
2011-09-29,7.959237098693848
2011-09-30,7.608094215393066
2011-10-03,7.347988128662109
2011-10-04,7.738148212432861
2011-10-05,7.751560211181641
2011-10-06,7.979546070098877
2011-10-07,7.724735260009766
2011-10-10,7.858846187591553
2011-10-11,7.992956638336182
2011-10-12,8.113655090332031
2011-10-13,8.127069473266602
2011-10-14,8.086832046508789
2011-10-17,7.899081707000732
2011-10-18,7.979546070098877
2011-10-19,8.28799819946289
2011-10-20,8.16729736328125
2011-10-21,8.381878852844238
2011-10-24,8.502571105957031
2011-10-25,8.328230857849121
2011-10-26,8.542806625366211
2011-10-27,9.18653678894043
2011-10-28,8.837849617004395
2011-10-31,8.824440002441406
2011-11-01,8.328230857849121
2011-11-02,8.663507461547852
2011-11-03,9.012192726135254
2011-11-04,8.851261138916016
2011-11-07,8.824440002441406
2011-11-08,9.119482040405273
2011-11-09,8.596452713012695
2011-11-10,8.556217193603516
2011-11-11,8.650094032287598
2011-11-14,8.462342262268066
2011-11-15,8.770795822143555
2011-11-16,8.583038330078125
2011-11-17,8.48916244506836
2011-11-18,8.690326690673828
2011-11-21,8.475752830505371
2011-11-22,8.28799819946289
2011-11-23,8.006364822387695
2011-11-25,7.778380393981934
2011-11-28,8.140475273132324
2011-11-29,8.086832046508789
2011-11-30,8.462342262268066
2011-12-01,8.180710792541504
2011-12-02,8.48916244506836
2011-12-05,8.623268127441406
2011-12-06,8.730560302734375
2011-12-07,8.945137023925781
2011-12-08,8.583038330078125
2011-12-09,8.931730270385742
2011-12-12,8.730560302734375
2011-12-13,8.918314933776855
2011-12-14,8.811027526855469
2011-12-15,9.03901195526123
2011-12-16,8.945137023925781
2011-12-19,8.7573823928833
2011-12-20,9.159720420837402
2011-12-21,9.201038360595703
2011-12-22,9.214810371398926
2011-12-23,9.118393898010254
2011-12-27,9.021974563598633
2011-12-28,9.021974563598633
2011-12-29,8.9393310546875
2011-12-30,8.691393852233887
2012-01-03,8.925557136535645
2012-01-04,8.85668659210205
2012-01-05,8.829137802124023
2012-01-06,8.842912673950195
2012-01-09,8.746495246887207
2012-01-10,8.842912673950195
2012-01-11,8.870457649230957
2012-01-12,8.884231567382812
2012-01-13,8.966876983642578
2012-01-17,8.953102111816406
2012-01-18,9.187263488769531
2012-01-19,9.311225891113281
2012-01-20,9.476516723632812
2012-01-23,9.393874168395996
2012-01-24,9.435193061828613
2012-01-25,9.462742805480957
2012-01-26,9.462742805480957
2012-01-27,9.531609535217285
2012-01-30,9.55915641784668
2012-01-31,9.628026962280273
2012-02-01,9.69690227508545
2012-02-02,9.724445343017578
2012-02-03,9.94483470916748
2012-02-06,9.88973617553711
2012-02-07,10.055021286010742
2012-02-08,10.11012077331543
2012-02-09,9.862184524536133
2012-02-10,9.710674285888672
2012-02-13,9.862184524536133
2012-02-14,9.738222122192383
2012-02-15,9.586705207824707
2012-02-16,9.517834663391113
2012-02-17,9.903510093688965
2012-02-21,9.83464241027832
2012-02-22,9.641803741455078
2012-02-23,9.875958442687988
2012-02-24,9.779541015625
2012-02-27,9.862184524536133
2012-02-28,9.779541015625
2012-02-29,9.641803741455078
2012-03-01,9.83464241027832
2012-03-02,9.683125495910645
2012-03-05,9.793318748474121
2012-03-06,9.710674285888672
2012-03-07,9.793318748474121
2012-03-08,9.738222122192383
2012-03-09,9.683125495910645
2012-03-12,9.69690227508545
2012-03-13,9.724445343017578
2012-03-14,9.69690227508545
2012-03-15,9.710674285888672
2012-03-16,9.862184524536133
2012-03-19,9.765766143798828
2012-03-20,9.724445343017578
2012-03-21,9.751995086669922
2012-03-22,9.710674285888672
2012-03-23,9.710674285888672
2012-03-26,9.751995086669922
2012-03-27,9.683125495910645
2012-03-28,9.683125495910645
2012-03-29,9.655577659606934
2012-03-30,9.517834663391113
2012-04-02,9.683125495910645
2012-04-03,9.668989181518555
2012-04-04,9.79621410369873
2012-04-05,9.683125495910645
2012-04-09,9.456950187683105
2012-04-10,9.14595890045166
2012-04-11,9.273179054260254
2012-04-12,9.287318229675293
2012-04-13,9.103550910949707
2012-04-16,9.315591812133789
2012-04-17,9.259044647216797
2012-04-18,9.131821632385254
2012-04-19,8.905649185180664
2012-04-20,9.11768913269043
2012-04-23,8.933919906616211
2012-04-24,9.061144828796387
2012-04-25,8.707745552062988
2012-04-26,8.679472923278809
2012-04-27,8.778425216674805
2012-04-30,8.721880912780762
2012-05-01,8.594658851623535
2012-05-02,8.523978233337402
2012-05-03,8.509841918945312
2012-05-04,8.538116455078125
2012-05-07,8.580519676208496
2012-05-08,8.481571197509766
2012-05-09,8.509841918945312
2012-05-10,8.481571197509766
2012-05-11,8.538116455078125
2012-05-14,8.425025939941406
2012-05-15,8.45329761505127
2012-05-16,8.114035606384277
2012-05-17,8.184714317321777
2012-05-18,8.057491302490234
2012-05-21,8.043355941772461
2012-05-22,7.986814498901367
2012-05-23,7.887859344482422
2012-05-24,8.029217720031738
2012-05-25,8.071624755859375
2012-05-29,8.099897384643555
2012-05-30,8.15644359588623
2012-05-31,8.043355941772461
2012-06-01,8.057491302490234
2012-06-04,8.029217720031738
2012-06-05,8.283668518066406
2012-06-06,8.693610191345215
2012-06-07,8.566384315490723
2012-06-08,8.679472923278809
2012-06-11,9.032870292663574
2012-06-12,9.11768913269043
2012-06-13,8.933919906616211
2012-06-14,8.891510963439941
2012-06-15,8.891510963439941
2012-06-18,9.485222816467285
2012-06-19,9.72553539276123
2012-06-20,9.83862018585205
2012-06-21,9.598311424255371
2012-06-22,9.612443923950195
2012-06-25,9.810349464416504
2012-06-26,10.093067169189453
2012-06-27,10.036521911621094
2012-06-28,10.163748741149902
2012-06-29,10.262699127197266
2012-07-02,10.700918197631836
2012-07-03,10.83230209350586
2012-07-05,10.89069652557373
2012-07-06,10.773905754089355
2012-07-09,10.657116889953613
2012-07-10,10.613320350646973
2012-07-11,10.657116889953613
2012-07-12,10.642518997192383
2012-07-13,10.949092864990234
2012-07-16,11.211870193481445
2012-07-17,11.357858657836914
2012-07-18,11.197273254394531
2012-07-19,11.241067886352539
2012-07-20,11.211870193481445
2012-07-23,11.168075561523438
2012-07-24,11.153474807739258
2012-07-25,11.314062118530273
2012-07-26,11.387054443359375
2012-07-27,11.48924446105957
2012-07-30,11.314062118530273
2012-07-31,11.620637893676758
2012-08-01,11.51844596862793
2012-08-02,11.357858657836914
2012-08-03,11.50384521484375
2012-08-06,11.73742961883545
2012-08-07,11.591439247131348
2012-08-08,11.562241554260254
2012-08-09,11.576842308044434
2012-08-10,11.72282886505127
2012-08-13,11.75202751159668
2012-08-14,11.679027557373047
2012-08-15,11.664429664611816
2012-08-16,11.854218482971191
2012-08-17,12.671751976013184
2012-08-20,12.613356590270996
2012-08-21,12.584155082702637
2012-08-22,12.37977409362793
2012-08-23,12.000204086303711
2012-08-24,12.131596565246582
2012-08-27,12.350573539733887
2012-08-28,12.540359497070312
2012-08-29,12.438169479370117
2012-08-30,12.423572540283203
2012-08-31,12.613356590270996
2012-09-04,12.788542747497559
2012-09-05,12.715546607971191
2012-09-06,12.671751976013184
2012-09-07,12.627955436706543
2012-09-10,12.657154083251953
2012-09-11,12.788542747497559
2012-09-12,12.671751976013184
2012-09-13,12.730144500732422
2012-09-14,12.832338333129883
2012-09-17,12.9053316116333
2012-09-18,12.890732765197754
2012-09-19,13.284897804260254
2012-09-20,13.51848030090332
2012-09-21,13.576873779296875
2012-09-24,13.664466857910156
2012-09-25,13.503887176513672
2012-09-26,13.357892990112305
2012-09-27,13.635271072387695
2012-09-28,13.51848030090332
2012-10-01,13.67906379699707
2012-10-02,13.854251861572266
2012-10-03,14.044034004211426
2012-10-04,14.117029190063477
2012-10-05,14.117030143737793
2012-10-08,13.742770195007324
2012-10-09,13.443366050720215
2012-10-10,13.233781814575195
2012-10-11,13.742770195007324
2012-10-12,13.158926963806152
2012-10-15,13.233781814575195
2012-10-16,13.27868938446045
2012-10-17,13.578094482421875
2012-10-18,13.8775053024292
2012-10-19,13.54815673828125
2012-10-22,13.967326164245605
2012-10-23,13.42839527130127
2012-10-24,13.563128471374512
2012-10-25,13.383485794067383
2012-10-26,13.263727188110352
2012-10-31,13.593069076538086
2012-11-01,13.60804271697998
2012-11-02,13.518218040466309
2012-11-05,13.293663024902344
2012-11-06,13.188870429992676
2012-11-07,12.634970664978027
2012-11-08,12.784667015075684
2012-11-09,12.14094352722168
2012-11-12,12.395437240600586
2012-11-13,12.230765342712402
2012-11-14,11.407400131225586
2012-11-15,11.961297988891602
2012-11-16,12.69484806060791
2012-11-19,12.919403076171875
2012-11-20,12.545144081115723
2012-11-21,12.425383567810059
2012-11-23,13.143954277038574
2012-11-26,13.293663024902344
2012-11-27,13.099043846130371
2012-11-28,12.979287147521973
2012-11-29,13.00922679901123
2012-11-30,13.21881103515625
2012-12-03,12.979287147521973
2012-12-04,12.874491691589355
2012-12-05,12.33555793762207
2012-12-06,12.60502815246582
2012-12-07,12.6199951171875
2012-12-10,12.6199951171875
2012-12-11,12.6199951171875
2012-12-12,12.365503311157227
2012-12-13,12.395437240600586
2012-12-14,12.664905548095703
2012-12-17,13.967326164245605
2012-12-18,14.296674728393555
2012-12-19,14.117030143737793
2012-12-20,14.0421781539917
2012-12-21,14.117030143737793
2012-12-24,14.161940574645996
2012-12-26,14.25450611114502
2012-12-27,13.868825912475586
2012-12-28,14.023100852966309
2012-12-31,14.177367210388184
2013-01-02,14.51676082611084
2013-01-03,14.717310905456543
2013-01-04,14.840723991394043
2013-01-07,14.77901840209961
2013-01-08,14.871582984924316
2013-01-09,14.9332857131958
2013-01-10,15.056703567504883
2013-01-11,15.056703567504883
2013-01-14,14.917859077453613
2013-01-15,15.041275024414062
2013-01-16,15.01042366027832
2013-01-17,15.14926528930664
2013-01-18,15.411521911621094
2013-01-22,15.642926216125488
2013-01-23,15.828052520751953
2013-01-24,15.581220626831055
2013-01-25,15.50408935546875
2013-01-28,15.550362586975098
2013-01-29,15.673784255981445
2013-01-30,15.581220626831055
2013-01-31,15.95146656036377
2013-02-01,15.920608520507812
2013-02-04,15.642926216125488
2013-02-05,15.936038970947266
2013-02-06,15.689207077026367
2013-02-07,15.612076759338379
2013-02-08,15.596649169921875
2013-02-11,15.889758110046387
2013-02-12,15.8743314743042
2013-02-13,15.8743314743042
2013-02-14,15.905186653137207
2013-02-15,16.12116050720215
2013-02-19,16.182865142822266
2013-02-20,15.997747421264648
2013-02-21,15.581220626831055
2013-02-22,15.812623023986816
2013-02-25,15.6275053024292
2013-02-26,15.642926216125488
2013-02-27,15.85891056060791
2013-02-28,15.673784255981445
2013-03-01,15.720061302185059
2013-03-04,15.997747421264648
2013-03-05,16.12116050720215
2013-03-06,16.244579315185547
2013-03-07,16.29085922241211
2013-03-08,16.491405487060547
2013-03-11,16.522260665893555
2013-03-12,16.275428771972656
2013-03-13,16.321712493896484
2013-03-14,16.414270401000977
2013-03-15,16.044029235839844
2013-03-18,16.337141036987305
2013-03-19,16.1365909576416
2013-03-20,16.29085922241211
2013-03-21,16.414270401000977
2013-03-22,16.491405487060547
2013-03-25,16.738243103027344
2013-03-26,16.722816467285156
2013-03-27,16.79994773864746
2013-03-28,16.614824295043945
2013-04-01,16.954219818115234
2013-04-02,16.985074996948242
2013-04-03,16.019474029541016
2013-04-04,16.19359588623047
2013-04-05,16.003644943237305
2013-04-08,16.209428787231445
2013-04-09,16.272747039794922
2013-04-10,16.478527069091797
2013-04-11,16.510183334350586
2013-04-12,16.304401397705078
2013-04-15,15.386287689208984
2013-04-16,16.035306930541992
2013-04-17,15.560418128967285
2013-04-18,15.402120590209961
2013-04-19,15.687052726745605
2013-04-22,16.019474029541016
2013-04-23,16.367721557617188
2013-04-24,16.605161666870117
2013-04-25,16.826780319213867
2013-04-26,17.270008087158203
2013-04-29,17.317489624023438
2013-04-30,17.12753677368164
2013-05-01,16.304401397705078
2013-05-02,16.668485641479492
2013-05-03,16.874265670776367
2013-05-06,17.09587860107422
2013-05-07,17.28583526611328
2013-05-08,17.254173278808594
2013-05-09,17.333322525024414
2013-05-10,17.175029754638672
2013-05-13,17.634078979492188
2013-05-14,17.681570053100586
2013-05-15,17.71323585510254
2013-05-16,17.507450103759766
2013-05-17,17.744888305664062
2013-05-20,17.618255615234375
2013-05-21,17.634078979492188
2013-05-22,17.681570053100586
2013-05-23,17.475788116455078
2013-05-24,17.586593627929688
2013-05-28,17.52327537536621
2013-05-29,17.55494499206543
2013-05-30,17.681570053100586
2013-05-31,17.428295135498047
2013-06-03,16.826780319213867
2013-06-04,16.130281448364258
2013-06-05,16.098613739013672
2013-06-06,16.320234298706055
2013-06-07,16.573503494262695
2013-06-10,16.715972900390625
2013-06-11,16.225261688232422
2013-06-12,15.892834663391113
2013-06-13,16.209428787231445
2013-06-14,16.14610481262207
2013-06-17,16.76346206665039
2013-06-18,17.000904083251953
2013-06-19,16.826780319213867
2013-06-20,16.652650833129883
2013-06-21,16.38355255126953
2013-06-24,16.272747039794922
2013-06-25,16.621000289916992
2013-06-26,16.826780319213867
2013-06-27,17.254173278808594
2013-06-28,17.82403564453125
2013-07-01,17.539106369018555
2013-07-02,17.13311195373535
2013-07-03,17.100631713867188
2013-07-05,17.05190658569336
2013-07-08,17.279264450073242
2013-07-09,17.441665649414062
2013-07-10,17.409191131591797
2013-07-11,17.555347442626953
2013-07-12,17.587827682495117
2013-07-15,17.815187454223633
2013-07-16,17.815187454223633
2013-07-17,18.026304244995117
2013-07-18,17.977584838867188
2013-07-19,17.896381378173828
2013-07-22,17.7827091217041
2013-07-23,17.652780532836914
2013-07-24,17.45790672302246
2013-07-25,17.311750411987305
2013-07-26,17.116867065429688
2013-07-29,17.00318717956543
2013-07-30,16.727113723754883
2013-07-31,17.00318717956543
2013-08-01,16.629667282104492
2013-08-02,16.986949920654297
2013-08-05,17.035663604736328
2013-08-06,16.304872512817383
2013-08-07,14.33984375
2013-08-08,14.307363510131836
2013-08-09,14.258642196655273
2013-08-12,14.323609352111816
2013-08-13,14.24240779876709
2013-08-14,13.885124206542969
2013-08-15,13.690251350402832
2013-08-16,13.77145004272461
2013-08-19,13.479127883911133
2013-08-20,13.868885040283203
2013-08-21,13.901362419128418
2013-08-22,14.031286239624023
2013-08-23,14.031286239624023
2013-08-26,14.047530174255371
2013-08-27,13.852646827697754
2013-08-28,13.836413383483887
2013-08-29,13.80392837524414
2013-08-30,13.560324668884277
2013-09-03,13.625289916992188
2013-09-04,13.820169448852539
2013-09-05,13.820169448852539
2013-09-06,13.950084686279297
2013-09-09,14.24240779876709
2013-09-10,14.388562202453613
2013-09-11,14.291126251220703
2013-09-12,14.161201477050781
2013-09-13,14.404802322387695
2013-09-16,14.745841026306152
2013-09-17,14.762086868286133
2013-09-18,14.648401260375977
2013-09-19,14.697127342224121
2013-09-20,14.323609352111816
2013-09-23,14.063766479492188
2013-09-24,14.209922790527344
2013-09-25,14.66463851928711
2013-09-26,14.486001968383789
2013-09-27,14.648401260375977
2013-09-30,14.534722328186035
2013-10-01,14.567203521728516
2013-10-02,14.534722328186035
2013-10-03,14.502250671386719
2013-10-04,14.418704986572266
2013-10-07,14.168086051940918
2013-10-08,14.184797286987305
2013-10-09,14.168086051940918
2013-10-10,14.385292053222656
2013-10-11,14.268339157104492
2013-10-14,13.984305381774902
2013-10-15,13.783809661865234
2013-10-16,13.867352485656738
2013-10-17,14.151379585266113
2013-10-18,14.368583679199219
2013-10-21,14.385292053222656
2013-10-22,14.652613639831543
2013-10-23,14.619194030761719
2013-10-24,14.619194030761719
2013-10-25,14.619194030761719
2013-10-28,14.686027526855469
2013-10-29,14.619194030761719
2013-10-30,14.401996612548828
2013-10-31,14.084551811218262
2013-11-01,13.91747760772705
2013-11-04,13.73369026184082
2013-11-05,13.73369026184082
2013-11-06,13.967596054077148
2013-11-07,13.683568000793457
2013-11-08,13.850643157958984
2013-11-11,13.616739273071289
2013-11-12,13.432951927185059
2013-11-13,13.633443832397461
2013-11-14,13.73369026184082
2013-11-15,13.616739273071289
2013-11-18,13.533202171325684
2013-11-19,13.466367721557617
2013-11-20,13.516491889953613
2013-11-21,13.666863441467285
2013-11-22,13.616739273071289
2013-11-25,13.767107963562012
2013-11-26,13.750402450561523
2013-11-27,13.867352485656738
2013-11-29,14.051133155822754
2013-12-02,13.683568000793457
2013-12-03,13.483076095581055
2013-12-04,13.566612243652344
2013-12-05,13.366122245788574
2013-12-06,13.483076095581055
2013-12-09,13.666863441467285
2013-12-10,13.533202171325684
2013-12-11,13.44965934753418
2013-12-12,13.349416732788086
2013-12-13,13.416248321533203
2013-12-16,13.650152206420898
2013-12-17,13.934178352355957
2013-12-18,14.084551811218262
2013-12-19,13.783809661865234
2013-12-20,13.934178352355957
2013-12-23,14.034431457519531
2013-12-24,14.275511741638184
2013-12-26,14.137747764587402
2013-12-27,14.086092948913574
2013-12-30,13.913886070251465
2013-12-31,13.89666748046875
2014-01-02,13.913886070251465
2014-01-03,13.793347358703613
2014-01-06,13.879446029663086
2014-01-07,13.862224578857422
2014-01-08,13.810564994812012
2014-01-09,13.690027236938477
2014-01-10,13.672804832458496
2014-01-13,13.690027236938477
2014-01-14,13.53504467010498
2014-01-15,13.672804832458496
2014-01-16,13.621148109436035
2014-01-17,13.690027236938477
2014-01-21,13.810564994812012
2014-01-22,13.948331832885742
2014-01-23,14.068869590759277
2014-01-24,13.810564994812012
2014-01-27,13.810564994812012
2014-01-28,13.965553283691406
2014-01-29,13.655588150024414
2014-01-30,13.862224578857422
2014-01-31,13.724467277526855
2014-02-03,13.483384132385254
2014-02-04,13.586705207824707
2014-02-05,13.500605583190918
2014-02-06,13.603926658630371
2014-02-07,13.724467277526855
2014-02-10,13.793347358703613
2014-02-11,13.862224578857422
2014-02-12,13.913886070251465
2014-02-13,14.12053394317627
2014-02-14,14.051651954650879
2014-02-18,14.275511741638184
2014-02-19,14.103310585021973
2014-02-20,14.103310585021973
2014-02-21,14.258294105529785
2014-02-24,14.189411163330078
2014-02-25,13.879446029663086
2014-02-26,13.931105613708496
2014-02-27,14.017210960388184
2014-02-28,14.137747764587402
2014-03-03,14.12053394317627
2014-03-04,14.258294105529785
2014-03-05,14.12053394317627
2014-03-06,14.189411163330078
2014-03-07,14.017210960388184
2014-03-10,14.051651954650879
2014-03-11,14.017210960388184
2014-03-12,14.034431457519531
2014-03-13,13.89666748046875
2014-03-14,13.827789306640625
2014-03-17,13.999985694885254
2014-03-18,14.12053394317627
2014-03-19,14.034431457519531
2014-03-20,14.068869590759277
2014-03-21,14.017210960388184
2014-03-24,14.241072654724121
2014-03-25,14.361610412597656
2014-03-26,14.206628799438477
2014-03-27,14.43049430847168
2014-03-28,14.499375343322754
2014-03-31,14.912651062011719
2014-04-01,15.015984535217285
2014-04-02,15.051435470581055
2014-04-03,14.909605026245117
2014-04-04,14.891879081726074
2014-04-07,14.750049591064453
2014-04-08,14.714592933654785
2014-04-09,14.696866035461426
2014-04-10,14.39548110961914
2014-04-11,14.1827392578125
2014-04-14,14.200471878051758
2014-04-15,14.200471878051758
2014-04-16,14.289112091064453
2014-04-17,14.235930442810059
2014-04-21,14.218196868896484
2014-04-22,14.271381378173828
2014-04-23,14.271381378173828
2014-04-24,14.377758979797363
2014-04-25,14.4132080078125
2014-04-28,14.147287368774414
2014-04-29,14.129557609558105
2014-04-30,14.129557609558105
2014-05-01,14.165013313293457
2014-05-02,14.235930442810059
2014-05-05,14.271381378173828
2014-05-06,13.952271461486816
2014-05-07,14.005459785461426
2014-05-08,13.969998359680176
2014-05-09,14.147287368774414
2014-05-12,14.306840896606445
2014-05-13,14.076370239257812
2014-05-14,14.040916442871094
2014-05-15,14.129557609558105
2014-05-16,14.360029220581055
2014-05-19,14.306840896606445
2014-05-20,14.200471878051758
2014-05-21,14.289112091064453
2014-05-22,14.1827392578125
2014-05-23,14.430941581726074
2014-05-27,14.39548110961914
2014-05-28,14.4132080078125
2014-05-29,14.1827392578125
2014-05-30,14.129557609558105
2014-06-02,14.094100952148438
2014-06-03,14.147287368774414
2014-06-04,13.952271461486816
2014-06-05,13.899087905883789
2014-06-06,13.916816711425781
2014-06-09,14.058645248413086
2014-06-10,13.987730026245117
2014-06-11,13.969998359680176
2014-06-12,13.952271461486816
2014-06-13,13.969998359680176
2014-06-16,14.040916442871094
2014-06-17,14.1827392578125
2014-06-18,14.218196868896484
2014-06-19,14.289112091064453
2014-06-20,14.34229564666748
2014-06-23,14.44866943359375
2014-06-24,14.53731632232666
2014-06-25,14.696866035461426
2014-06-26,14.750049591064453
2014-06-27,15.06916332244873
2014-06-30,15.051435470581055
2014-07-01,15.179299354553223
2014-07-02,14.996633529663086
2014-07-03,15.014901161193848
2014-07-07,14.8687744140625
2014-07-08,14.941840171813965
2014-07-09,15.033173561096191
2014-07-10,14.941840171813965
2014-07-11,14.960104942321777
2014-07-14,14.90530776977539
2014-07-15,14.887040138244629
2014-07-16,14.813977241516113
2014-07-17,14.631311416625977
2014-07-18,14.795710563659668
2014-07-21,14.59477710723877
2014-07-22,14.558245658874512
2014-07-23,14.57651424407959
2014-07-24,14.558245658874512
2014-07-25,14.59477710723877
2014-07-28,14.649574279785156
2014-07-29,14.649574279785156
2014-07-30,14.53997802734375
2014-07-31,14.412114143371582
2014-08-01,14.412114143371582
2014-08-04,14.375580787658691
2014-08-05,14.375580787658691
2014-08-06,14.485180854797363
2014-08-07,14.375580787658691
2014-08-08,14.448649406433105
2014-08-11,14.558245658874512
2014-08-12,14.53997802734375
2014-08-13,14.59477710723877
2014-08-14,14.631311416625977
2014-08-15,14.68610668182373
2014-08-18,14.667845726013184
2014-08-19,14.667845726013184
2014-08-20,14.70437240600586
2014-08-21,14.759171485900879
2014-08-22,14.70437240600586
2014-08-25,14.70437240600586
2014-08-26,14.70437240600586
2014-08-27,14.941840171813965
2014-08-28,15.051435470581055
2014-08-29,15.087963104248047
2014-09-02,15.033173561096191
2014-09-03,15.051435470581055
2014-09-04,15.069700241088867
2014-09-05,15.124503135681152
2014-09-08,15.25235652923584
2014-09-09,15.343696594238281
2014-09-10,15.25235652923584
2014-09-11,15.343696594238281
2014-09-12,15.380230903625488
2014-09-15,15.508094787597656
2014-09-16,15.41675853729248
2014-09-17,15.508094787597656
2014-09-18,15.599425315856934
2014-09-19,15.380230903625488
2014-09-22,15.343696594238281
2014-09-23,15.197563171386719
2014-09-24,15.25235652923584
2014-09-25,15.234095573425293
2014-09-26,15.41675853729248
2014-09-29,15.581161499023438
2014-09-30,15.179299354553223
2014-10-01,15.361959457397461
2014-10-02,15.471556663513184
2014-10-03,15.562891006469727
2014-10-06,15.690756797790527
2014-10-07,14.722640991210938
2014-10-08,14.631311416625977
2014-10-09,14.819853782653809
2014-10-10,14.442760467529297
2014-10-13,14.34848690032959
2014-10-14,14.065670013427734
2014-10-15,13.556589126586914
2014-10-16,13.971386909484863
2014-10-17,13.933680534362793
2014-10-20,14.329632759094238
2014-10-21,14.310778617858887
2014-10-22,14.216498374938965
2014-10-23,13.990248680114746
2014-10-24,14.178792953491211
2014-10-27,14.159940719604492
2014-10-28,14.254217147827148
2014-10-29,14.34848690032959
2014-10-30,14.254217147827148
2014-10-31,14.386198043823242
2014-11-03,14.310778617858887
2014-11-04,14.216498374938965
2014-11-05,14.461618423461914
2014-11-06,14.14108657836914
2014-11-07,14.386198043823242
2014-11-10,14.461618423461914
2014-11-11,14.59360122680664
2014-11-12,14.555891036987305
2014-11-13,14.386198043823242
2014-11-14,14.423904418945312
2014-11-17,14.423904418945312
2014-11-18,14.386198043823242
2014-11-19,14.40505313873291
2014-11-20,14.40505313873291
2014-11-21,14.367341041564941
2014-11-24,14.59360122680664
2014-11-25,14.612451553344727
2014-11-26,14.80100154876709
2014-11-28,14.782147407531738
2014-12-01,14.72558307647705
2014-12-02,14.669020652770996
2014-12-03,14.706727981567383
2014-12-04,14.650166511535645
2014-12-05,14.59360122680664
2014-12-08,13.537734985351562
2014-12-09,13.782846450805664
2014-12-10,13.462311744689941
2014-12-11,13.236052513122559
2014-12-12,12.915523529052734
2014-12-15,12.953234672546387
2014-12-16,12.500718116760254
2014-12-17,12.802398681640625
2014-12-18,13.89596939086914
2014-12-19,14.065670013427734
2014-12-22,13.820555686950684
2014-12-23,13.613151550292969
2014-12-24,13.574092864990234
2014-12-26,13.574092864990234
2014-12-29,13.574092864990234
2014-12-30,13.417840957641602
2014-12-31,13.320184707641602
2015-01-02,13.398308753967285
2015-01-05,13.437373161315918
2015-01-06,13.339716911315918
2015-01-07,13.320184707641602
2015-01-08,13.398308753967285
2015-01-09,13.202999114990234
2015-01-12,13.1248779296875
2015-01-13,13.085811614990234
2015-01-14,12.870973587036133
2015-01-15,12.773313522338867
2015-01-16,13.085811614990234
2015-01-20,12.9881591796875
2015-01-21,13.046749114990234
2015-01-22,13.144403457641602
2015-01-23,12.83190631866455
2015-01-26,13.027215003967285
2015-01-27,13.105340003967285
2015-01-28,12.96862506866455
2015-01-29,13.06628131866455
2015-01-30,12.96862506866455
2015-02-02,13.06628131866455
2015-02-03,13.339716911315918
2015-02-04,13.359251976013184
2015-02-05,13.495967864990234
2015-02-06,13.749870300292969
2015-02-09,13.710803031921387
2015-02-10,13.749870300292969
2015-02-11,13.535027503967285
2015-02-12,13.574092864990234
2015-02-13,13.749870300292969
2015-02-17,14.042837142944336
2015-02-18,14.08189868927002
2015-02-19,14.257675170898438
2015-02-20,14.316269874572754
2015-02-23,14.374861717224121
2015-02-24,14.804548263549805
2015-02-25,14.628766059875488
2015-02-26,14.531112670898438
2015-02-27,14.648298263549805
2015-03-02,14.76548957824707
2015-03-03,14.843607902526855
2015-03-04,14.824078559875488
2015-03-05,14.804548263549805
2015-03-06,14.863140106201172
2015-03-09,14.550642967224121
2015-03-10,14.57017707824707
2015-03-11,14.140488624572754
2015-03-12,14.062366485595703
2015-03-13,13.94517993927002
2015-03-16,13.515497207641602
2015-03-17,13.476428031921387
2015-03-18,13.183465957641602
2015-03-19,13.535027503967285
2015-03-20,13.671745300292969
2015-03-23,13.867056846618652
2015-03-24,14.023305892944336
2015-03-25,13.359251976013184
2015-03-26,13.339716911315918
2015-03-27,13.378778457641602
2015-03-30,13.593620300292969
2015-03-31,13.144403457641602
2015-04-01,12.902488708496094
2015-04-02,12.438802719116211
2015-04-06,11.833995819091797
2015-04-07,11.511435508728027
2015-04-08,11.209033966064453
2015-04-09,11.5517578125
2015-04-10,11.410632133483887
2015-04-13,11.49127197265625
2015-04-14,11.5517578125
2015-04-15,11.813840866088867
2015-04-16,11.874320030212402
2015-04-17,11.854157447814941
2015-04-20,11.89448070526123
2015-04-21,11.995278358459473
2015-04-22,12.217036247253418
2015-04-23,12.499283790588379
2015-04-24,12.438802719116211
2015-04-27,12.378320693969727
2015-04-28,12.29767894744873
2015-04-29,12.176719665527344
2015-04-30,12.055756568908691
2015-05-01,12.07591724395752
2015-05-04,12.156562805175781
2015-05-05,12.07591724395752
2015-05-06,11.995278358459473
2015-05-07,12.277520179748535
2015-05-08,12.237197875976562
2015-05-11,12.277520179748535
2015-05-12,12.458964347839355
2015-05-13,12.458964347839355
2015-05-14,12.600081443786621
2015-05-15,12.700882911682129
2015-05-18,12.539600372314453
2015-05-19,12.398483276367188
2015-05-20,12.398483276367188
2015-05-21,12.358161926269531
2015-05-22,12.499283790588379
2015-05-26,12.398483276367188
2015-05-27,12.398483276367188
2015-05-28,12.378320693969727
2015-05-29,12.277520179748535
2015-06-01,12.196879386901855
2015-06-02,12.29767894744873
2015-06-03,12.47912311553955
2015-06-04,12.5597562789917
2015-06-05,12.458964347839355
2015-06-08,12.277520179748535
2015-06-09,12.277520179748535
2015-06-10,12.176719665527344
2015-06-11,12.196879386901855
2015-06-12,12.035600662231445
2015-06-15,12.136399269104004
2015-06-16,12.217036247253418
2015-06-17,12.237197875976562
2015-06-18,12.196879386901855
2015-06-19,12.237197875976562
2015-06-22,12.29767894744873
2015-06-23,12.398483276367188
2015-06-24,12.398483276367188
2015-06-25,12.25735855102539
2015-06-26,12.29767894744873
2015-06-29,12.196879386901855
2015-06-30,12.055756568908691
2015-07-01,11.93039608001709
2015-07-02,11.846820831298828
2015-07-06,11.951289176940918
2015-07-07,11.76324462890625
2015-07-08,11.596092224121094
2015-07-09,11.533413887023926
2015-07-10,11.387154579162598
2015-07-13,11.533413887023926
2015-07-14,11.282686233520508
2015-07-15,11.49162483215332
2015-07-16,11.7005615234375
2015-07-17,11.596092224121094
2015-07-20,11.345365524291992
2015-07-21,11.261794090270996
2015-07-22,11.199110984802246
2015-07-23,11.094639778137207
2015-07-24,10.864808082580566
2015-07-27,10.739445686340332
2015-07-28,10.781235694885254
2015-07-29,10.823020935058594
2015-07-30,10.843913078308105
2015-07-31,10.802129745483398
2015-08-03,10.781235694885254
2015-08-04,10.739445686340332
2015-08-05,10.781235694885254
2015-08-06,10.279778480529785
2015-08-07,10.196203231811523
2015-08-10,10.112630844116211
2015-08-11,10.133525848388672
2015-08-12,10.070841789245605
2015-08-13,10.154417037963867
2015-08-14,10.446931838989258
2015-08-17,10.279778480529785
2015-08-18,10.070841789245605
2015-08-19,9.96636962890625
2015-08-20,9.924582481384277
2015-08-21,9.841010093688965
2015-08-24,9.339553833007812
2015-08-25,9.402237892150879
2015-08-26,9.38134479522705
2015-08-27,9.73653793334961
2015-08-28,9.882798194885254
2015-08-31,9.820113182067871
2015-09-01,9.694750785827637
2015-09-02,9.673858642578125
2015-09-03,9.77833080291748
2015-09-04,9.820113182067871
2015-09-08,10.091734886169434
2015-09-09,10.049948692321777
2015-09-10,10.049948692321777
2015-09-11,9.882798194885254
2015-09-14,9.77833080291748
2015-09-15,9.63206958770752
2015-09-16,10.196203231811523
2015-09-17,9.98726749420166
2015-09-18,10.2170991897583
2015-09-21,10.154417037963867
2015-09-22,10.154417037963867
2015-09-23,10.175311088562012
2015-09-24,10.175311088562012
2015-09-25,10.070841789245605
2015-09-28,9.63206958770752
2015-09-29,9.193299293518066
2015-09-30,9.423131942749023
2015-10-01,9.96636962890625
2015-10-02,10.070841789245605
2015-10-05,10.405144691467285
2015-10-06,10.781235694885254
2015-10-07,11.073744773864746
2015-10-08,11.345365524291992
2015-10-09,11.41057014465332
2015-10-12,11.084556579589844
2015-10-13,11.084556579589844
2015-10-14,11.128024101257324
2015-10-15,11.106289863586426
2015-10-16,11.084556579589844
2015-10-19,11.084556579589844
2015-10-20,11.106289863586426
2015-10-21,11.01934814453125
2015-10-22,11.041083335876465
2015-10-23,11.01934814453125
2015-10-26,10.932414054870605
2015-10-27,10.823739051818848
2015-10-28,10.671601295471191
2015-10-29,10.541196823120117
2015-10-30,10.671601295471191
2015-11-02,10.932414054870605
2015-11-03,11.084556579589844
2015-11-04,10.932414054870605
2015-11-05,10.389055252075195
2015-11-06,10.280379295349121
2015-11-09,10.302115440368652
2015-11-10,10.280379295349121
2015-11-11,10.149972915649414
2015-11-12,10.149972915649414
2015-11-13,10.084769248962402
2015-11-16,10.215173721313477
2015-11-17,10.128238677978516
2015-11-18,10.063036918640137
2015-11-19,10.041303634643555
2015-11-20,9.889162063598633
2015-11-23,9.84569263458252
2015-11-24,9.737019538879395
2015-11-25,9.867424011230469
2015-11-27,9.954366683959961
2015-11-30,10.041303634643555
2015-12-01,10.041303634643555
2015-12-02,9.78049087524414
2015-12-03,9.628348350524902
2015-12-04,9.541409492492676
2015-12-07,9.08498764038086
2015-12-08,8.737238883972168
2015-12-09,8.780705451965332
2015-12-10,8.715502738952637
2015-12-11,8.606830596923828
2015-12-14,8.411223411560059
2015-12-15,8.498159408569336
2015-12-16,8.628564834594727
2015-12-17,8.21561050415039
2015-12-18,8.34601879119873
2015-12-21,8.454690933227539
2015-12-22,8.84591293334961
2015-12-23,9.280598640441895
2015-12-24,9.08498764038086
2015-12-28,8.7589693069458
2015-12-29,8.824172019958496
2015-12-30,8.715502738952637
2015-12-31,8.84591293334961
2016-01-04,9.071571350097656
2016-01-05,8.868475914001465
2016-01-06,8.55255126953125
2016-01-07,8.326888084411621
2016-01-08,8.30432415008545
2016-01-11,8.168925285339355
2016-01-12,7.807868957519531
2016-01-13,7.469377517700195
2016-01-14,7.176016807556152
2016-01-15,6.972921371459961
2016-01-19,6.769828796386719
2016-01-20,6.499034404754639
2016-01-21,6.9954915046691895
2016-01-22,7.288849830627441
2016-01-25,7.243716716766357
2016-01-26,7.379116535186768
2016-01-27,7.333980083465576
2016-01-28,7.514509677886963
2016-01-29,7.469377517700195
2016-02-01,7.379116535186768
2016-02-02,7.2211503982543945
2016-02-03,7.108321189880371
2016-02-04,7.333980083465576
2016-02-05,7.108321189880371
2016-02-08,6.814962387084961
2016-02-09,6.476468086242676
2016-02-10,6.318506717681885
2016-02-11,6.092845916748047
2016-02-12,6.047712802886963
2016-02-16,6.228242874145508
2016-02-17,6.431338310241699
2016-02-18,6.431338310241699
2016-02-19,6.318506717681885
2016-02-22,6.273374557495117
2016-02-23,6.070279121398926
2016-02-24,6.092845916748047
2016-02-25,6.137979030609131
2016-02-26,6.183111190795898
2016-02-29,6.589300155639648
2016-03-01,6.679565906524658
2016-03-02,6.679565906524658
2016-03-03,6.747262477874756
2016-03-04,6.9954915046691895
2016-03-07,7.469377517700195
2016-03-08,7.2211503982543945
2016-03-09,7.085753440856934
2016-03-10,7.198585033416748
2016-03-11,7.333980083465576
2016-03-14,7.288849830627441
2016-03-15,7.198585033416748
2016-03-16,7.266282081604004
2016-03-17,7.288849830627441
2016-03-18,7.130887508392334
2016-03-21,7.356548309326172
2016-03-22,7.717606067657471
2016-03-23,7.60477352142334
2016-03-24,7.649907112121582
2016-03-28,7.852998733520508
2016-03-29,7.898134708404541
2016-03-30,7.943265914916992
2016-03-31,8.123793601989746
2016-04-01,8.146363258361816
2016-04-04,8.146363258361816
2016-04-05,7.9344611167907715
2016-04-06,8.169904708862305
2016-04-07,8.005095481872559
2016-04-08,7.863829612731934
2016-04-11,7.9815521240234375
2016-04-12,8.122814178466797
2016-04-13,8.193448066711426
2016-04-14,8.169904708862305
2016-04-15,8.169904708862305
2016-04-18,8.099270820617676
2016-04-19,8.216992378234863
2016-04-20,8.264081001281738
2016-04-21,8.264081001281738
2016-04-22,8.264081001281738
2016-04-25,8.452437400817871
2016-04-26,8.287627220153809
2016-04-27,8.405349731445312
2016-04-28,8.4288911819458
2016-04-29,8.499526023864746
2016-05-02,8.499526023864746
2016-05-03,8.405349731445312
2016-05-04,8.193448066711426
2016-05-05,7.816739559173584
2016-05-06,7.840282917022705
2016-05-09,7.699017524719238
2016-05-10,7.5106635093688965
2016-05-11,7.722560405731201
2016-05-12,7.6519269943237305
2016-05-13,7.604840278625488
2016-05-16,7.7461042404174805
2016-05-17,8.028636932373047
2016-05-18,7.91091775894165
2016-05-19,7.887373924255371
2016-05-20,7.958004951477051
2016-05-23,8.2405366897583
2016-05-24,8.287627220153809
2016-05-25,8.358261108398438
2016-05-26,8.405349731445312
2016-05-27,8.570160865783691
2016-05-31,8.358261108398438
2016-06-01,8.475981712341309
2016-06-02,8.593704223632812
2016-06-03,8.805603981018066
2016-06-06,8.899781227111816
2016-06-07,9.017501831054688
2016-06-08,8.970413208007812
2016-06-09,8.946869850158691
2016-06-10,8.899781227111816
2016-06-13,8.734971046447754
2016-06-14,8.68787956237793
2016-06-15,8.68787956237793
2016-06-16,8.617250442504883
2016-06-17,8.782059669494629
2016-06-20,8.805603981018066
2016-06-21,8.876235961914062
2016-06-22,9.041048049926758
2016-06-23,8.946869850158691
2016-06-24,8.876235961914062
2016-06-27,8.570160865783691
2016-06-28,8.852690696716309
2016-06-29,9.11168098449707
2016-06-30,9.229400634765625
2016-07-01,9.347124099731445
2016-07-05,9.493938446044922
2016-07-06,9.542874336242676
2016-07-07,9.567344665527344
2016-07-08,9.396063804626465
2016-07-11,9.616281509399414
2016-07-12,9.68968677520752
2016-07-13,9.665221214294434
2016-07-14,9.665221214294434
2016-07-15,9.64074993133545
2016-07-18,9.71415901184082
2016-07-19,9.616281509399414
2016-07-20,9.787566184997559
2016-07-21,9.763094902038574
2016-07-22,9.93437671661377
2016-07-25,10.007781982421875
2016-07-26,10.032255172729492
2016-07-27,10.056722640991211
2016-07-28,10.228002548217773
2016-07-29,10.350350379943848
2016-08-01,10.179064750671387
2016-08-02,10.032255172729492
2016-08-03,10.007781982421875
2016-08-04,9.93437671661377
2016-08-05,9.88543701171875
2016-08-08,9.860970497131348
2016-08-09,10.081192016601562
2016-08-10,9.958850860595703
2016-08-11,10.007781982421875
2016-08-12,10.105660438537598
2016-08-15,10.179064750671387
2016-08-16,10.228002548217773
2016-08-17,10.276944160461426
2016-08-18,10.374818801879883
2016-08-19,10.301410675048828
2016-08-22,10.252473831176758
2016-08-23,10.301410675048828
2016-08-24,10.252473831176758
2016-08-25,10.203536033630371
2016-08-26,10.179064750671387
2016-08-29,10.105660438537598
2016-08-30,10.374818801879883
2016-08-31,10.81525993347168
2016-09-01,10.864198684692383
2016-09-02,10.888667106628418
2016-09-06,11.059950828552246
2016-09-07,11.378044128417969
2016-09-08,11.451449394226074
2016-09-09,11.133358001708984
2016-09-12,10.81525993347168
2016-09-13,10.374818801879883
2016-09-14,10.692914009094238
2016-09-15,10.717382431030273
2016-09-16,10.76632022857666
2016-09-19,10.986541748046875
2016-09-20,11.035479545593262
2016-09-21,11.280168533325195
2016-09-22,11.329103469848633
2016-09-23,11.524856567382812
2016-09-26,11.426980972290039
2016-09-27,11.54932689666748
2016-09-28,11.54932689666748
2016-09-29,11.329103469848633
2016-09-30,11.329103469848633
2016-10-03,11.40251350402832
2016-10-04,11.54932689666748
2016-10-05,11.745079040527344
2016-10-06,11.745079040527344
2016-10-07,11.54932689666748
2016-10-10,11.54932689666748
2016-10-11,11.426980972290039
2016-10-12,11.401700973510742
2016-10-13,11.426983833312988
2016-10-14,11.224736213684082
2016-10-17,10.97192668914795
2016-10-18,10.997204780578613
2016-10-19,11.174173355102539
2016-10-20,11.12360954284668
2016-10-21,11.047768592834473
2016-10-24,11.12360954284668
2016-10-25,10.946645736694336
2016-10-26,10.896081924438477
2016-10-27,10.84552001953125
2016-10-28,10.84552001953125
2016-10-31,10.66855239868164
2016-11-01,10.61799430847168
2016-11-02,10.264057159423828
2016-11-03,10.137653350830078
2016-11-04,9.530912399291992
2016-11-07,9.455070495605469
2016-11-08,9.252822875976562
2016-11-09,9.733158111572266
2016-11-10,9.960686683654785
2016-11-11,9.758437156677246
2016-11-14,9.910126686096191
2016-11-15,9.960686683654785
2016-11-16,9.935406684875488
2016-11-17,9.960686683654785
2016-11-18,9.809002876281738
2016-11-21,9.935406684875488
2016-11-22,10.415745735168457
2016-11-23,10.188215255737305
2016-11-25,10.087091445922852
2016-11-28,10.087091445922852
2016-11-29,10.137653350830078
2016-11-30,10.011247634887695
2016-12-01,10.061814308166504
2016-12-02,9.960686683654785
2016-12-05,10.036531448364258
2016-12-06,10.011247634887695
2016-12-07,10.061814308166504
2016-12-08,10.36518383026123
2016-12-09,10.162933349609375
2016-12-12,10.390462875366211
2016-12-13,10.314620018005371
2016-12-14,10.188215255737305
2016-12-15,10.061814308166504
2016-12-16,10.087091445922852
2016-12-19,9.985968589782715
2016-12-20,9.910126686096191
2016-12-21,9.935406684875488
2016-12-22,10.011247634887695
2016-12-23,10.011247634887695
2016-12-27,10.162933349609375
2016-12-28,10.061814308166504
2016-12-29,10.036531448364258
2016-12-30,10.061814308166504
2017-01-03,10.314620018005371
2017-01-04,10.653233528137207
2017-01-05,10.418811798095703
2017-01-06,10.392763137817383
2017-01-09,10.288573265075684
2017-01-10,10.340665817260742
2017-01-11,10.340665817260742
2017-01-12,10.392763137817383
2017-01-13,10.366716384887695
2017-01-17,10.366716384887695
2017-01-18,10.366716384887695
2017-01-19,10.314620018005371
2017-01-20,10.366716384887695
2017-01-23,10.314620018005371
2017-01-24,10.340665817260742
2017-01-25,10.444852828979492
2017-01-26,10.366716384887695
2017-01-27,10.340665817260742
2017-01-30,10.314620018005371
2017-01-31,10.236479759216309
2017-02-01,10.288573265075684
2017-02-02,10.288573265075684
2017-02-03,10.418811798095703
2017-02-06,10.392763137817383
2017-02-07,10.470904350280762
2017-02-08,10.627188682556152
2017-02-09,10.653233528137207
2017-02-10,10.627188682556152
2017-02-13,10.575089454650879
2017-02-14,10.522995948791504
2017-02-15,10.549043655395508
2017-02-16,10.575089454650879
2017-02-17,10.522995948791504
2017-02-21,10.679282188415527
2017-02-22,10.679282188415527
2017-02-23,10.549043655395508
2017-02-24,10.601140975952148
2017-02-27,10.522995948791504
2017-02-28,10.627188682556152
2017-03-01,10.679282188415527
2017-03-02,10.731372833251953
2017-03-03,10.679282188415527
2017-03-06,10.679282188415527
2017-03-07,10.601140975952148
2017-03-08,10.679282188415527
2017-03-09,10.418811798095703
2017-03-10,10.470904350280762
2017-03-13,10.366716384887695
2017-03-14,10.262526512145996
2017-03-15,10.288573265075684
2017-03-16,10.288573265075684
2017-03-17,10.314620018005371
2017-03-20,10.418811798095703
2017-03-21,10.314620018005371
2017-03-22,10.288573265075684
2017-03-23,10.288573265075684
2017-03-24,10.314620018005371
2017-03-27,10.288573265075684
2017-03-28,10.340665817260742
2017-03-29,10.522995948791504
2017-03-30,10.470904350280762
2017-03-31,10.601140975952148
2017-04-03,10.496950149536133
2017-04-04,10.522995948791504
2017-04-05,10.576685905456543
2017-04-06,10.52299690246582
2017-04-07,10.469307899475098
2017-04-10,10.22770881652832
2017-04-11,10.361929893493652
2017-04-12,10.335083961486816
2017-04-13,10.28139877319336
2017-04-17,10.308245658874512
2017-04-18,10.174019813537598
2017-04-19,10.20086669921875
2017-04-20,10.22770881652832
2017-04-21,10.066643714904785
2017-04-24,10.01295280456543
2017-04-25,10.174019813537598
2017-04-26,10.093486785888672
2017-04-27,10.147176742553711
2017-04-28,10.415618896484375
2017-05-01,10.20086669921875
2017-05-02,10.093486785888672
2017-05-03,9.798196792602539
2017-05-04,9.583444595336914
2017-05-05,9.825043678283691
2017-05-08,9.905574798583984
2017-05-09,9.637131690979004
2017-05-10,9.529755592346191
2017-05-11,9.476066589355469
2017-05-12,9.449223518371582
2017-05-15,9.717665672302246
2017-05-16,9.69082260131836
2017-05-17,9.261313438415527
2017-05-18,9.395530700683594
2017-05-19,9.422378540039062
2017-05-22,9.476066589355469
2017-05-23,9.368687629699707
2017-05-24,9.395530700683594
2017-05-25,9.422378540039062
2017-05-26,9.368687629699707
2017-05-30,9.234465599060059
2017-05-31,9.10024642944336
2017-06-01,9.10024642944336
2017-06-02,9.046558380126953
2017-06-05,9.127091407775879
2017-06-06,9.046558380126953
2017-06-07,9.127091407775879
2017-06-08,9.153932571411133
2017-06-09,9.180778503417969
2017-06-12,9.288156509399414
2017-06-13,9.449223518371582
2017-06-14,9.261313438415527
2017-06-15,9.315001487731934
2017-06-16,9.288156509399414
2017-06-19,9.261313438415527
2017-06-20,9.127091407775879
2017-06-21,9.180778503417969
2017-06-22,9.180778503417969
2017-06-23,9.315001487731934
2017-06-26,9.341845512390137
2017-06-27,9.368687629699707
2017-06-28,9.395530700683594
2017-06-29,9.502908706665039
2017-06-30,9.476066589355469
2017-07-03,9.851887702941895
2017-07-05,9.79638385772705
2017-07-06,9.657626152038574
2017-07-07,9.491114616394043
2017-07-10,9.241349220275879
2017-07-11,9.407861709594727
2017-07-12,9.352357864379883
2017-07-13,9.269102096557617
2017-07-14,9.463362693786621
2017-07-17,9.324603080749512
2017-07-18,9.463362693786621
2017-07-19,9.574371337890625
2017-07-20,9.60212516784668
2017-07-21,9.629873275756836
2017-07-24,9.713127136230469
2017-07-25,9.629873275756836
2017-07-26,9.629873275756836
2017-07-27,9.740880012512207
2017-07-28,9.713127136230469
2017-07-31,9.380105018615723
2017-08-01,9.380105018615723
2017-08-02,9.629873275756836
2017-08-03,9.435613632202148
2017-08-04,9.352357864379883
2017-08-07,9.491114616394043
2017-08-08,9.546616554260254
2017-08-09,9.407861709594727
2017-08-10,9.435613632202148
2017-08-11,9.380105018615723
2017-08-14,9.463362693786621
2017-08-15,9.380105018615723
2017-08-16,9.380105018615723
2017-08-17,9.352357864379883
2017-08-18,9.380105018615723
2017-08-21,9.241349220275879
2017-08-22,9.213597297668457
2017-08-23,9.269102096557617
2017-08-24,9.29685115814209
2017-08-25,9.241349220275879
2017-08-28,9.324603080749512
2017-08-29,9.269102096557617
2017-08-30,9.657626152038574
2017-08-31,9.269102096557617
2017-09-01,9.491114616394043
2017-09-05,9.491114616394043
2017-09-06,9.491114616394043
2017-09-07,9.352357864379883
2017-09-08,9.491114616394043
2017-09-11,9.491114616394043
2017-09-12,9.352357864379883
2017-09-13,9.546616554260254
2017-09-14,9.629873275756836
2017-09-15,9.657626152038574
2017-09-18,9.740880012512207
2017-09-19,9.657626152038574
2017-09-20,9.60212516784668
2017-09-21,9.68537425994873
2017-09-22,9.68537425994873
2017-09-25,9.879639625549316
2017-09-26,9.935142517089844
2017-09-27,9.962897300720215
2017-09-28,9.99064826965332
2017-09-29,10.129404067993164
2017-10-02,10.545683860778809
2017-10-03,10.90645694732666
2017-10-04,10.90645694732666
2017-10-05,11.045215606689453
2017-10-06,10.787683486938477
2017-10-09,10.244007110595703
2017-10-10,10.158164024353027
2017-10-11,9.872020721435547
2017-10-12,9.843402862548828
2017-10-13,9.957862854003906
2017-10-16,9.929245948791504
2017-10-17,10.015090942382812
2017-10-18,9.900633811950684
2017-10-19,9.957862854003906
2017-10-20,9.872020721435547
2017-10-23,9.786174774169922
2017-10-24,9.929245948791504
2017-10-25,9.872020721435547
2017-10-26,9.728948593139648
2017-10-27,9.98647403717041
2017-10-30,9.757560729980469
2017-10-31,9.67171573638916
2017-11-01,9.757560729980469
2017-11-02,9.5858736038208
2017-11-03,9.5858736038208
2017-11-06,9.67171573638916
2017-11-07,9.700331687927246
2017-11-08,9.757560729980469
2017-11-09,9.67171573638916
2017-11-10,9.728948593139648
2017-11-13,9.786174774169922
2017-11-14,9.67171573638916
2017-11-15,9.557259559631348
2017-11-16,9.64310359954834
2017-11-17,9.614487648010254
2017-11-20,9.614487648010254
2017-11-21,9.557259559631348
2017-11-22,9.700331687927246
2017-11-24,9.64310359954834
2017-11-27,9.700331687927246
2017-11-28,9.67171573638916
2017-11-29,9.700331687927246
2017-11-30,9.67171573638916
2017-12-01,9.67171573638916
2017-12-04,9.728948593139648
2017-12-05,9.757560729980469
2017-12-06,9.64310359954834
2017-12-07,9.728948593139648
2017-12-08,9.814789772033691
2017-12-11,9.814789772033691
2017-12-12,9.843402862548828
2017-12-13,9.872020721435547
2017-12-14,9.757560729980469
2017-12-15,9.843402862548828
2017-12-18,9.757560729980469
2017-12-19,9.728948593139648
2017-12-20,9.5858736038208
2017-12-21,9.728948593139648
2017-12-22,9.814789772033691
2017-12-26,9.843402862548828
2017-12-27,9.814789772033691
2017-12-28,9.700331687927246
2017-12-29,9.757560729980469
2018-01-02,10.215394973754883
2018-01-03,10.100934982299805
2018-01-04,10.159833908081055
2018-01-05,10.100935935974121
2018-01-08,10.012590408325195
2018-01-09,9.924242973327637
2018-01-10,9.953691482543945
2018-01-11,10.042037963867188
2018-01-12,10.130382537841797
2018-01-16,10.012590408325195
2018-01-17,10.100935935974121
2018-01-18,9.894792556762695
2018-01-19,9.894792556762695
2018-01-22,9.953691482543945
2018-01-23,9.983142852783203
2018-01-24,9.924242973327637
2018-01-25,9.953691482543945
2018-01-26,9.983142852783203
2018-01-29,9.983142852783203
2018-01-30,9.894792556762695
2018-01-31,9.835893630981445
2018-02-01,9.806447982788086
2018-02-02,9.74754810333252
2018-02-05,9.364715576171875
2018-02-06,9.482513427734375
2018-02-07,9.600306510925293
2018-02-08,9.335267066955566
2018-02-09,9.335267066955566
2018-02-12,9.394163131713867
2018-02-13,9.2174711227417
2018-02-14,9.305819511413574
2018-02-15,9.246920585632324
2018-02-16,9.335267066955566
2018-02-20,9.364715576171875
2018-02-21,9.2174711227417
2018-02-22,9.305819511413574
2018-02-23,9.276369094848633
2018-02-26,9.246920585632324
2018-02-27,9.158574104309082
2018-02-28,8.716842651367188
2018-03-01,8.86408519744873
2018-03-02,8.834638595581055
2018-03-05,9.070228576660156
2018-03-06,9.099677085876465
2018-03-07,9.040780067443848
2018-03-08,8.981880187988281
2018-03-09,8.952433586120605
2018-03-12,9.011327743530273
2018-03-13,9.158574104309082
2018-03-14,9.099677085876465
2018-03-15,9.099677085876465
2018-03-16,9.2174711227417
2018-03-19,9.129127502441406
2018-03-20,9.129127502441406
2018-03-21,9.099677085876465
2018-03-22,9.188023567199707
2018-03-23,9.099677085876465
2018-03-26,9.129127502441406
2018-03-27,9.188023567199707
2018-03-28,9.2174711227417
2018-03-29,9.246920585632324
2018-04-02,9.335267066955566
2018-04-03,9.511959075927734
2018-04-04,9.570857048034668
2018-04-05,9.662006378173828
2018-04-06,9.570857048034668
2018-04-09,9.510087013244629
2018-04-10,9.510087013244629
2018-04-11,9.510087013244629
2018-04-12,9.510087013244629
2018-04-13,9.510087013244629
2018-04-16,9.449322700500488
2018-04-17,9.510087013244629
2018-04-18,9.570857048034668
2018-04-19,9.510087013244629
2018-04-20,9.418938636779785
2018-04-23,9.38855266571045
2018-04-24,9.479708671569824
2018-04-25,9.570857048034668
2018-04-26,9.601243019104004
2018-04-27,9.7227783203125
2018-04-30,9.7227783203125
2018-05-01,9.601243019104004
2018-05-02,9.570857048034668
2018-05-03,9.570857048034668
2018-05-04,9.7227783203125
2018-05-07,9.601243019104004
2018-05-08,9.631624221801758
2018-05-09,9.601243019104004
2018-05-10,9.601243019104004
2018-05-11,9.7227783203125
2018-05-14,9.7227783203125
2018-05-15,9.631624221801758
2018-05-16,9.631624221801758
2018-05-17,9.601243019104004
2018-05-18,9.601243019104004
2018-05-21,9.601243019104004
2018-05-22,9.631624221801758
2018-05-23,9.662006378173828
2018-05-24,9.662006378173828
2018-05-25,9.662006378173828
2018-05-29,9.662006378173828
2018-05-30,9.631624221801758
2018-05-31,9.662006378173828
2018-06-01,9.692392349243164
2018-06-04,9.7227783203125
2018-06-05,9.662006378173828
2018-06-06,9.7227783203125
2018-06-07,9.783543586730957
2018-06-08,9.753157615661621
2018-06-11,9.7227783203125
2018-06-12,9.7227783203125
2018-06-13,9.631624221801758
2018-06-14,9.601243019104004
2018-06-15,9.783543586730957
2018-06-18,9.90507984161377
2018-06-19,9.84430980682373
2018-06-20,9.84430980682373
2018-06-21,9.874693870544434
2018-06-22,9.90507984161377
2018-06-25,9.96584415435791
2018-06-26,9.935461044311523
2018-06-27,9.96584415435791
2018-06-28,9.935461044311523
2018-06-29,9.874693870544434
2018-07-02,10.148143768310547
2018-07-03,10.239297866821289
2018-07-05,10.145360946655273
2018-07-06,9.95748233795166
2018-07-09,9.80091667175293
2018-07-10,10.020109176635742
2018-07-11,9.988794326782227
2018-07-12,10.051419258117676
2018-07-13,10.082736015319824
2018-07-16,10.145360946655273
2018-07-17,10.176671028137207
2018-07-18,10.207987785339355
2018-07-19,10.207987785339355
2018-07-20,10.270609855651855
2018-07-23,10.364546775817871
2018-07-24,10.458486557006836
2018-07-25,10.301923751831055
2018-07-26,10.333236694335938
2018-07-27,10.42717456817627
2018-07-30,10.42717456817627
2018-07-31,10.615053176879883
2018-08-01,10.489801406860352
2018-08-02,9.95748233795166
2018-08-03,10.207987785339355
2018-08-06,10.301923751831055
2018-08-07,10.207987785339355
2018-08-08,10.207987785339355
2018-08-09,10.082736015319824
2018-08-10,10.114047050476074
2018-08-13,10.082736015319824
2018-08-14,9.988794326782227
2018-08-15,9.988794326782227
2018-08-16,9.988794326782227
2018-08-17,10.082736015319824
2018-08-20,10.114047050476074
2018-08-21,10.114047050476074
2018-08-22,10.020109176635742
2018-08-23,10.051419258117676
2018-08-24,10.145360946655273
2018-08-27,10.020109176635742
2018-08-28,9.95748233795166
2018-08-29,9.926170349121094
2018-08-30,10.051419258117676
2018-08-31,9.95748233795166
2018-09-04,9.926170349121094
2018-09-05,9.863543510437012
2018-09-06,9.926170349121094
2018-09-07,9.863543510437012
2018-09-10,9.95748233795166
2018-09-11,10.020109176635742
2018-09-12,10.114047050476074
2018-09-13,10.145360946655273
2018-09-14,10.239297866821289
2018-09-17,10.364546775817871
2018-09-18,10.301923751831055
2018-09-19,10.333236694335938
2018-09-20,10.207987785339355
2018-09-21,10.333236694335938
2018-09-24,10.489801406860352
2018-09-25,10.239297866821289
2018-09-26,10.333236694335938
2018-09-27,10.395862579345703
2018-09-28,10.364546775817871
2018-10-01,10.583739280700684
2018-10-02,10.740302085876465
2018-10-03,10.708989143371582
2018-10-04,10.740302085876465
2018-10-05,10.546783447265625
2018-10-08,10.546783447265625
2018-10-09,10.353264808654785
2018-10-10,10.482278823852539
2018-10-11,10.417773246765137
2018-10-12,10.482278823852539
2018-10-15,10.353264808654785
2018-10-16,10.25650691986084
2018-10-17,10.288758277893066
2018-10-18,10.353264808654785
2018-10-19,10.385519981384277
2018-10-22,10.159744262695312
2018-10-23,10.224254608154297
2018-10-24,10.191998481750488
2018-10-25,10.353264808654785
2018-10-26,9.93397331237793
2018-10-29,9.804961204528809
2018-10-30,9.966227531433105
2018-10-31,9.869467735290527
2018-11-01,9.966227531433105
2018-11-02,9.966227531433105
2018-11-05,9.998481750488281
2018-11-06,9.93397331237793
2018-11-07,9.93397331237793
2018-11-08,9.901721000671387
2018-11-09,10.191998481750488
2018-11-12,10.224254608154297
2018-11-13,10.321012496948242
2018-11-14,10.321012496948242
2018-11-15,9.93397331237793
2018-11-16,9.998481750488281
2018-11-19,9.998481750488281
2018-11-20,9.837217330932617
2018-11-21,9.708202362060547
2018-11-23,9.869467735290527
2018-11-26,9.804961204528809
2018-11-27,9.708202362060547
2018-11-28,9.772706985473633
2018-11-29,9.966227531433105
2018-11-30,9.837217330932617
2018-12-03,9.837217330932617
2018-12-04,9.74045467376709
2018-12-06,9.708202362060547
2018-12-07,9.611442565917969
2018-12-10,9.450180053710938
2018-12-11,9.482429504394531
2018-12-12,9.514679908752441
2018-12-13,9.579192161560059
2018-12-14,9.514679908752441
2018-12-17,10.127493858337402
2018-12-18,10.482278823852539
2018-12-19,10.450024604797363
2018-12-20,10.095240592956543
2018-12-21,10.321012496948242
2018-12-24,10.417773246765137
2018-12-26,10.869317054748535
2018-12-27,10.96607780456543
2018-12-28,11.191845893859863
2018-12-31,11.15959644317627
2019-01-02,11.224099159240723
2019-01-03,11.482124328613281
2019-01-04,11.51530933380127
2019-01-07,11.415755271911621
2019-01-08,11.614866256713867
2019-01-09,11.415755271911621
2019-01-10,11.31619930267334
2019-01-11,11.283013343811035
2019-01-14,11.117088317871094
2019-01-15,11.017533302307129
2019-01-16,11.249826431274414
2019-01-17,11.482124328613281
2019-01-18,11.813976287841797
2019-01-22,11.78079605102539
2019-01-23,11.714422225952148
2019-01-24,11.747607231140137
2019-01-25,11.747607231140137
2019-01-28,11.913534164428711
2019-01-29,12.112648010253906
2019-01-30,12.179017066955566
2019-01-31,12.112648010253906
2019-02-01,12.112648010253906
2019-02-04,12.013092041015625
2019-02-05,12.112648010253906
2019-02-06,11.979907035827637
2019-02-07,11.847163200378418
2019-02-08,11.648054122924805
2019-02-11,11.51530933380127
2019-02-12,11.681241989135742
2019-02-13,11.714422225952148
2019-02-14,11.813976287841797
2019-02-15,11.714422225952148
2019-02-19,11.714422225952148
2019-02-20,11.847163200378418
2019-02-21,11.9467191696167
2019-02-22,12.212207794189453
2019-02-25,12.179017066955566
2019-02-26,12.212207794189453
2019-02-27,11.913534164428711
2019-02-28,11.648054122924805
2019-03-01,11.813976287841797
2019-03-04,11.78079605102539
2019-03-05,11.548497200012207
2019-03-06,11.847163200378418
2019-03-07,11.648054122924805
2019-03-08,11.581679344177246
2019-03-11,11.714422225952148
2019-03-12,11.747607231140137
2019-03-13,11.913534164428711
2019-03-14,11.880349159240723
2019-03-15,11.714422225952148
2019-03-18,11.9467191696167
2019-03-19,11.880349159240723
2019-03-20,11.78079605102539
2019-03-21,12.112648010253906
2019-03-22,11.880349159240723
2019-03-25,11.979907035827637
2019-03-26,11.880349159240723
2019-03-27,11.913534164428711
2019-03-28,12.212207794189453
2019-03-29,12.013092041015625
2019-04-01,12.444499969482422
2019-04-02,12.767735481262207
2019-04-03,13.292991638183594
2019-04-04,13.126304626464844
2019-04-05,12.542913436889648
2019-04-08,12.584585189819336
2019-04-09,12.459571838378906
2019-04-10,12.501241683959961
2019-04-11,12.584585189819336
2019-04-12,12.542913436889648
2019-04-15,12.501241683959961
2019-04-16,12.542913436889648
2019-04-17,12.459571838378906
2019-04-18,12.542913436889648
2019-04-22,12.459571838378906
2019-04-23,12.501241683959961
2019-04-24,12.584585189819336
2019-04-25,12.459571838378906
2019-04-26,12.501241683959961
2019-04-29,12.501241683959961
2019-04-30,12.709596633911133
2019-05-01,12.459571838378906
2019-05-02,12.626252174377441
2019-05-03,12.667925834655762
2019-05-06,12.542913436889648
2019-05-07,12.41789722442627
2019-05-08,12.459571838378906
2019-05-09,12.501241683959961
2019-05-10,12.459571838378906
2019-05-13,12.001194953918457
2019-05-14,11.876177787780762
2019-05-15,11.459473609924316
2019-05-16,11.501144409179688
2019-05-17,11.459473609924316
2019-05-20,11.042765617370605
2019-05-21,11.126108169555664
2019-05-22,11.042765617370605
2019-05-23,10.542715072631836
2019-05-24,11.001093864440918
2019-05-28,11.209449768066406
2019-05-29,10.917755126953125
2019-05-30,11.084437370300293
2019-05-31,11.251120567321777
2019-06-03,11.084437370300293
2019-06-04,10.917755126953125
2019-06-05,10.751069068908691
2019-06-06,11.001093864440918
2019-06-07,10.667728424072266
2019-06-10,10.70939826965332
2019-06-11,10.70939826965332
2019-06-12,10.834412574768066
2019-06-13,10.751069068908691
2019-06-14,11.001093864440918
2019-06-17,10.959424018859863
2019-06-18,10.751069068908691
2019-06-19,10.70939826965332
2019-06-20,10.626058578491211
2019-06-21,10.584389686584473
2019-06-24,10.292692184448242
2019-06-25,10.334362983703613
2019-06-26,10.209348678588867
2019-06-27,9.83431339263916
2019-06-28,9.375932693481445
2019-07-01,9.917654037475586
2019-07-02,10.126007080078125
2019-07-03,10.209348678588867
2019-07-05,10.000994682312012
2019-07-08,10.251021385192871
2019-07-09,10.292692184448242
2019-07-10,10.251021385192871
2019-07-11,10.292692184448242
2019-07-12,10.209348678588867
2019-07-15,10.167675971984863
2019-07-16,9.917654037475586
2019-07-17,9.875982284545898
2019-07-18,9.709298133850098
2019-07-19,10.000994682312012
2019-07-22,9.83431339263916
2019-07-23,9.750969886779785
2019-07-24,9.625957489013672
2019-07-25,9.500944137573242
2019-07-26,9.584287643432617
2019-07-29,9.917654037475586
2019-07-30,9.79263973236084
2019-07-31,9.917654037475586
2019-08-01,9.66762924194336
2019-08-02,9.83431339263916
2019-08-05,9.500944137573242
2019-08-06,9.917654037475586
2019-08-07,9.875982284545898
2019-08-08,9.875982284545898
2019-08-09,9.961490631103516
2019-08-12,9.790475845336914
2019-08-13,9.833229064941406
2019-08-14,9.833229064941406
2019-08-15,9.747722625732422
2019-08-16,9.405694961547852
2019-08-19,9.362943649291992
2019-08-20,9.277436256408691
2019-08-21,9.277436256408691
2019-08-22,9.405694961547852
2019-08-23,9.191933631896973
2019-08-26,9.491204261779785
2019-08-27,9.619463920593262
2019-08-28,9.961490631103516
2019-08-29,10.132499694824219
2019-08-30,10.175254821777344
2019-09-03,10.175254821777344
2019-09-04,10.175254821777344
2019-09-05,10.346268653869629
2019-09-06,9.918737411499023
2019-09-09,9.833229064941406
2019-09-10,9.833229064941406
2019-09-11,9.875982284545898
2019-09-12,9.833229064941406
2019-09-13,9.918737411499023
2019-09-16,10.218009948730469
2019-09-17,10.132499694824219
2019-09-18,9.918737411499023
2019-09-19,9.875982284545898
2019-09-20,9.790475845336914
2019-09-23,9.747722625732422
2019-09-24,9.66221809387207
2019-09-25,9.747722625732422
2019-09-26,9.70496940612793
2019-09-27,9.66221809387207
2019-09-30,9.619463920593262
2019-10-01,9.66221809387207
2019-10-02,9.619463920593262
2019-10-03,9.66221809387207
2019-10-04,9.619463920593262
2019-10-07,9.533957481384277
2019-10-08,9.448450088500977
2019-10-09,9.448450088500977
2019-10-10,9.320192337036133
2019-10-11,9.448450088500977
2019-10-14,9.362943649291992
2019-10-15,9.448450088500977
2019-10-16,9.448450088500977
2019-10-17,9.533957481384277
2019-10-18,9.491204261779785
2019-10-21,9.533957481384277
2019-10-22,9.619463920593262
2019-10-23,9.66221809387207
2019-10-24,9.533957481384277
2019-10-25,9.491204261779785
2019-10-28,9.576709747314453
2019-10-29,9.576709747314453
2019-10-30,9.533957481384277
2019-10-31,9.448450088500977
2019-11-01,9.405694961547852
2019-11-04,9.491204261779785
2019-11-05,9.362943649291992
2019-11-06,9.533957481384277
2019-11-07,9.405694961547852
2019-11-08,9.66221809387207
2019-11-11,9.619463920593262
2019-11-12,9.66221809387207
2019-11-13,9.66221809387207
2019-11-14,9.486538887023926
2019-11-15,9.04734992980957
2019-11-18,8.959510803222656
2019-11-19,9.135186195373535
2019-11-20,9.003430366516113
2019-11-21,9.003430366516113
2019-11-22,9.17910385131836
2019-11-25,9.04734992980957
2019-11-26,9.26694393157959
2019-11-27,9.26694393157959
2019-11-29,9.223027229309082
2019-12-02,9.17910385131836
2019-12-03,9.091267585754395
2019-12-04,9.04734992980957
2019-12-05,9.003430366516113
2019-12-06,9.135186195373535
2019-12-09,8.959510803222656
2019-12-10,8.915589332580566
2019-12-11,8.959510803222656
2019-12-12,8.959510803222656
2019-12-13,9.003430366516113
2019-12-16,8.915589332580566
2019-12-17,9.003430366516113
2019-12-18,9.17910385131836
2019-12-19,9.5304594039917
2019-12-20,9.486538887023926
2019-12-23,9.398702621459961
2019-12-24,9.442622184753418
2019-12-26,9.398702621459961
2019-12-27,9.442622184753418
2019-12-30,9.310864448547363
2019-12-31,9.310864448547363
2020-01-02,9.310864448547363
2020-01-03,9.354783058166504
2020-01-06,9.398702621459961
2020-01-07,9.486538887023926
2020-01-08,9.57437801361084
2020-01-09,9.750056266784668
2020-01-10,9.925732612609863
2020-01-13,10.057488441467285
2020-01-14,9.925732612609863
2020-01-15,9.925732612609863
2020-01-16,10.101408004760742
2020-01-17,10.101408004760742
2020-01-21,10.145328521728516
2020-01-22,10.057488441467285
2020-01-23,9.969651222229004
2020-01-24,10.057488441467285
2020-01-27,9.969651222229004
2020-01-28,10.057488441467285
2020-01-29,10.233166694641113
2020-01-30,10.101408004760742
2020-01-31,10.057488441467285
2020-02-03,10.013570785522461
2020-02-04,10.145328521728516
2020-02-05,10.189245223999023
2020-02-06,10.233166694641113
2020-02-07,10.364923477172852
2020-02-10,10.321003913879395
2020-02-11,10.321003913879395
2020-02-12,10.321003913879395
2020-02-13,10.364923477172852
2020-02-14,10.45505142211914
2020-02-18,10.409989356994629
2020-02-19,10.27479362487793
2020-02-20,10.27479362487793
2020-02-21,10.229727745056152
2020-02-24,10.094533920288086
2020-02-25,9.914275169372559
2020-02-26,9.959339141845703
2020-02-27,9.734013557434082
2020-02-28,9.418558120727539
2020-03-02,9.734013557434082
2020-03-03,9.77907943725586
2020-03-04,9.959339141845703
2020-03-05,9.688950538635254
2020-03-06,9.283367156982422
2020-03-09,8.20180892944336
2020-03-10,7.796225070953369
2020-03-11,7.615965366363525
2020-03-12,6.894927978515625
2020-03-13,6.6696038246154785
2020-03-16,5.2725911140441895
2020-03-17,4.776878356933594
2020-03-18,3.3798668384552
2020-03-19,4.191034317016602
2020-03-20,3.3798668384552
2020-03-23,3.3798668384552
2020-03-24,3.965710163116455
2020-03-25,4.50648832321167
2020-03-26,4.326229572296143
2020-03-27,4.145969390869141
2020-03-30,3.9206454753875732
2020-03-31,4.236098289489746
2020-04-01,3.7854504585266113
2020-04-02,3.8305156230926514
2020-04-03,3.7854504585266113
2020-04-06,3.9206454753875732
2020-04-07,3.965710163116455
2020-04-08,4.8219428062438965
2020-04-09,5.54298210144043
2020-04-13,5.22752571105957
2020-04-14,5.362722396850586
2020-04-15,4.8219428062438965
2020-04-16,4.551552772521973
2020-04-17,4.641683578491211
2020-04-20,4.461423397064209
2020-04-21,4.461423397064209
2020-04-22,4.416358470916748
2020-04-23,4.461423397064209
2020-04-24,4.416358470916748
2020-04-27,4.416358470916748
2020-04-28,4.50648832321167
2020-04-29,4.776878356933594
2020-04-30,4.731812953948975
2020-05-01,4.686748027801514
2020-05-04,5.22752571105957
2020-05-05,5.00220251083374
2020-05-06,5.288043022155762
2020-05-07,5.335682392120361
2020-05-08,5.192761421203613
2020-05-11,5.097482681274414
2020-05-12,5.00220251083374
2020-05-13,5.00220251083374
2020-05-14,4.954562187194824
2020-05-15,5.240402698516846
2020-05-18,5.383322715759277
2020-05-19,5.430962562561035
2020-05-20,5.573882102966309
2020-05-21,5.526241779327393
2020-05-22,5.478602409362793
2020-05-26,5.478602409362793
2020-05-27,5.716803073883057
2020-05-28,5.669163703918457
2020-05-29,6.193203449249268
2020-06-01,6.336122989654541
2020-06-02,6.097921848297119
2020-06-03,6.288482666015625
2020-06-04,6.145562648773193
2020-06-05,6.193203449249268
2020-06-08,6.383763313293457
2020-06-09,6.860162734985352
2020-06-10,6.526683330535889
2020-06-11,6.193203449249268
2020-06-12,6.431403636932373
2020-06-15,6.145562648773193
2020-06-16,5.764442443847656
2020-06-17,5.955002784729004
2020-06-18,6.0026421546936035
2020-06-19,5.907363414764404
2020-06-22,5.907363414764404
2020-06-23,5.955002784729004
2020-06-24,5.478602409362793
2020-06-25,5.240402698516846
2020-06-26,4.859282493591309
2020-06-29,5.00220251083374
2020-06-30,5.240402698516846
2020-07-01,5.192761421203613
2020-07-02,5.192761421203613
2020-07-06,5.383322715759277
2020-07-07,5.192761421203613
2020-07-08,5.1451215744018555
2020-07-09,5.192761421203613
2020-07-10,5.1451215744018555
2020-07-13,5.335682392120361
2020-07-14,5.288043022155762
2020-07-15,5.288043022155762
2020-07-16,5.335682392120361
2020-07-17,5.240402698516846
2020-07-20,5.192761421203613
2020-07-21,5.192761421203613
2020-07-22,5.192761421203613
2020-07-23,5.192761421203613
2020-07-24,5.049842834472656
2020-07-27,5.097482681274414
2020-07-28,5.097482681274414
2020-07-29,5.192761421203613
2020-07-30,5.049842834472656
2020-07-31,5.00220251083374
2020-08-03,5.097482681274414
2020-08-04,5.1451215744018555
2020-08-05,5.1451215744018555
2020-08-06,5.478602409362793
2020-08-07,5.573882102966309
2020-08-10,5.812082767486572
2020-08-11,5.859724044799805
2020-08-12,6.193203449249268
2020-08-13,5.955002784729004
2020-08-14,6.005044460296631
2020-08-17,5.955003261566162
2020-08-18,5.7548346519470215
2020-08-19,5.854918956756592
2020-08-20,5.7548346519470215
2020-08-21,5.804875373840332
2020-08-24,5.854918956756592
2020-08-25,5.7548346519470215
2020-08-26,5.804875373840332
2020-08-27,5.904961585998535
2020-08-28,5.955003261566162
2020-08-31,5.854918956756592
2020-09-01,5.955003261566162
2020-09-02,6.005044460296631
2020-09-03,5.904961585998535
2020-09-04,6.255255699157715
2020-09-08,6.105129241943359
2020-09-09,6.105129241943359
2020-09-10,6.205212116241455
2020-09-11,6.105129241943359
2020-09-14,6.355339527130127
2020-09-15,6.3052978515625
2020-09-16,6.255255699157715
2020-09-17,6.255255699157715
2020-09-18,6.355339527130127
2020-09-21,6.255255699157715
2020-09-22,6.255255699157715
2020-09-23,6.355339527130127
2020-09-24,6.355339527130127
2020-09-25,6.505465984344482
2020-09-28,6.755675315856934
2020-09-29,6.705632209777832
2020-09-30,6.65559196472168
2020-10-01,6.60554838180542
2020-10-02,6.705632209777832
2020-10-05,6.805717468261719
2020-10-06,6.705632209777832
2020-10-07,6.755675315856934
2020-10-08,6.65559196472168
2020-10-09,6.905802249908447
2020-10-12,6.755675315856934
2020-10-13,6.755675315856934
2020-10-14,6.755675315856934
2020-10-15,6.855759620666504
2020-10-16,6.755675315856934
2020-10-19,6.705632209777832
2020-10-20,7.10597038269043
2020-10-21,6.955844402313232
2020-10-22,7.10597038269043
2020-10-23,7.262718200683594
2020-10-26,6.949219703674316
2020-10-27,6.792469024658203
2020-10-28,6.58347225189209
2020-10-29,6.74022102355957
2020-10-30,6.58347225189209
2020-11-02,6.792469024658203
2020-11-03,6.84472131729126
2020-11-04,6.792469024658203
2020-11-05,6.896969795227051
2020-11-06,6.949219703674316
2020-11-09,7.10597038269043
2020-11-10,7.367218494415283
2020-11-11,7.210470676422119
2020-11-12,7.262718200683594
2020-11-13,7.523967742919922
2020-11-16,7.837466239929199
2020-11-17,7.837466239929199
2020-11-18,7.78521728515625
2020-11-19,7.8897175788879395
2020-11-20,7.941965103149414
2020-11-23,8.359964370727539
2020-11-24,8.621213912963867
2020-11-25,8.621213912963867
2020-11-27,8.516712188720703
2020-11-30,8.359964370727539
2020-12-01,8.516712188720703
2020-12-02,8.412213325500488
2020-12-03,8.83021354675293
2020-12-04,8.83021354675293
2020-12-07,8.83021354675293
2020-12-08,8.777961730957031
2020-12-09,8.621213912963867
2020-12-10,8.621213912963867
2020-12-11,8.725712776184082
2020-12-14,8.516712188720703
2020-12-15,8.777961730957031
2020-12-16,8.882463455200195
2020-12-17,9.300458908081055
2020-12-18,9.613959312438965
2020-12-21,9.300458908081055
2020-12-22,9.404960632324219
2020-12-23,9.091462135314941
2020-12-24,8.83021354675293
2020-12-28,8.882463455200195
2020-12-29,8.934712409973145
2020-12-30,9.091462135314941
2020-12-31,9.979706764221191
2021-01-04,9.666207313537598
2021-01-05,9.5617094039917
2021-01-06,9.509459495544434
2021-01-07,9.666207313537598
2021-01-08,9.770709037780762
2021-01-11,9.71845817565918
2021-01-12,9.822955131530762
2021-01-13,9.770709037780762
2021-01-14,9.71845817565918
2021-01-15,9.770709037780762
2021-01-19,9.979706764221191
2021-01-20,9.979706764221191
2021-01-21,10.24095630645752
2021-01-22,10.293205261230469
2021-01-25,10.188706398010254
2021-01-26,10.136457443237305
2021-01-27,10.188706398010254
2021-01-28,10.397705078125
2021-01-29,10.44995403289795
2021-02-01,10.34545612335205
2021-02-02,10.397705078125
2021-02-03,10.44995403289795
2021-02-04,10.44995403289795
2021-02-05,10.397705078125
2021-02-08,10.44995403289795
2021-02-09,10.44995403289795
2021-02-10,10.44995403289795
2021-02-11,10.972455024719238
2021-02-12,10.606703758239746
2021-02-16,10.920201301574707
2021-02-17,11.233702659606934
2021-02-18,11.076952934265137
2021-02-19,10.808094024658203
2021-02-22,10.915637969970703
2021-02-23,10.754322052001953
2021-02-24,11.02318000793457
2021-02-25,11.130722999572754
2021-02-26,10.86186408996582
2021-03-01,10.969407081604004
2021-03-02,11.130722999572754
2021-03-03,11.130722999572754
2021-03-04,11.130722999572754
2021-03-05,10.86186408996582
2021-03-08,10.969407081604004
2021-03-09,10.86186408996582
2021-03-10,10.86186408996582
2021-03-11,11.076953887939453
2021-03-12,11.668438911437988
2021-03-15,11.507126808166504
2021-03-16,11.39958381652832
2021-03-17,11.507126808166504
2021-03-18,11.39958381652832
2021-03-19,11.345808982849121
2021-03-22,11.507126808166504
2021-03-23,11.507126808166504
2021-03-24,11.345808982849121
2021-03-25,11.668438911437988
2021-03-26,11.614666938781738
2021-03-29,11.614666938781738
2021-03-30,11.507126808166504
2021-03-31,11.614666938781738
2021-04-01,11.668438911437988
2021-04-05,11.937298774719238
2021-04-06,12.098611831665039
2021-04-07,12.582559585571289
2021-04-08,12.743870735168457
2021-04-09,12.636326789855957
2021-04-12,12.851417541503906
2021-04-13,13.012731552124023
2021-04-14,13.012731552124023
2021-04-15,13.012731552124023
2021-04-16,12.851417541503906
2021-04-19,12.69010066986084
2021-04-20,12.851417541503906
2021-04-21,12.743870735168457
2021-04-22,12.69010066986084
2021-04-23,12.851417541503906
2021-04-26,12.905187606811523
2021-04-27,12.69010066986084
2021-04-28,12.528785705566406
2021-04-29,12.528785705566406
2021-04-30,12.797646522521973
2021-05-03,12.958958625793457
2021-05-04,12.743870735168457
2021-05-05,12.475011825561523
2021-05-06,12.797646522521973
2021-05-07,12.905187606811523
2021-05-10,12.905187606811523
2021-05-11,12.851417541503906
2021-05-12,12.851417541503906
2021-05-13,13.012731552124023
2021-05-14,13.066503524780273
2021-05-17,13.012731552124023
2021-05-18,12.957592010498047
2021-05-19,12.79217529296875
2021-05-20,12.79217529296875
2021-05-21,12.90245246887207
2021-05-24,12.957592010498047
2021-05-25,12.737037658691406
2021-05-26,12.847312927246094
2021-05-27,12.79217529296875
2021-05-28,13.012731552124023
2021-06-01,13.178147315979004
2021-06-02,13.178147315979004
2021-06-03,13.398703575134277
2021-06-04,13.508981704711914
2021-06-07,13.28842544555664
2021-06-08,13.28842544555664
2021-06-09,13.398703575134277
2021-06-10,13.564119338989258
2021-06-11,13.28842544555664
2021-06-14,13.28842544555664
2021-06-15,13.28842544555664
2021-06-16,13.012731552124023
2021-06-17,13.06786823272705
2021-06-18,12.90245246887207
2021-06-21,13.123008728027344
2021-06-22,13.233283996582031
2021-06-23,13.123008728027344
2021-06-24,13.233283996582031
2021-06-25,12.957592010498047
2021-06-28,12.957592010498047
2021-06-29,13.012731552124023
2021-06-30,13.123008728027344
2021-07-01,13.06786823272705
2021-07-02,13.06786823272705
2021-07-06,13.06786823272705
2021-07-07,13.233283996582031
2021-07-08,13.178147315979004
2021-07-09,13.06786823272705
2021-07-12,13.343561172485352
2021-07-13,13.233283996582031
2021-07-14,13.28842544555664
2021-07-15,13.012731552124023
2021-07-16,12.90245246887207
2021-07-19,12.571619987487793
2021-07-20,12.571619987487793
2021-07-21,12.571619987487793
2021-07-22,12.79217529296875
2021-07-23,12.847312927246094
2021-07-26,12.737037658691406
2021-07-27,13.233283996582031
2021-07-28,13.233283996582031
2021-07-29,13.233283996582031
2021-07-30,12.90245246887207
2021-08-02,13.178147315979004
2021-08-03,13.28842544555664
2021-08-04,13.233283996582031
2021-08-05,13.398703575134277
2021-08-06,13.453840255737305
2021-08-09,13.564119338989258
2021-08-10,13.619256019592285
2021-08-11,13.950087547302246
2021-08-12,14.060365676879883
2021-08-13,14.170641899108887
2021-08-16,13.831902503967285
2021-08-17,13.718989372253418
2021-08-18,13.38024616241455
2021-08-19,13.493163108825684
2021-08-20,13.493163108825684
2021-08-23,13.4367036819458
2021-08-24,13.493163108825684
2021-08-25,13.549617767333984
2021-08-26,13.38024616241455
2021-08-27,13.425414085388184
2021-08-30,13.702051162719727
2021-08-31,13.668176651000977
2021-09-01,13.58913803100586
2021-09-02,13.79238224029541
2021-09-03,13.764154434204102
2021-09-07,13.74721908569336
2021-09-08,13.685115814208984
2021-09-09,13.639949798583984
2021-09-10,13.57784652709961
2021-09-13,13.442352294921875
2021-09-14,13.38024616241455
2021-09-15,13.498808860778809
2021-09-16,13.702051162719727
2021-09-17,13.854484558105469
2021-09-20,13.56091022491455
2021-09-21,13.79238224029541
2021-09-22,13.58913803100586
2021-09-23,13.617366790771484
2021-09-24,13.645594596862793
2021-09-27,13.639949798583984
2021-09-28,13.549617767333984
2021-09-29,13.623011589050293
2021-09-30,13.74721908569336
2021-10-01,13.730279922485352
2021-10-04,13.611721992492676
2021-10-05,13.639949798583984
2021-10-06,13.656888008117676
2021-10-07,13.549617767333984
2021-10-08,13.798028945922852
2021-10-11,13.82625675201416
2021-10-12,13.735928535461426
2021-10-13,13.718989372253418
2021-10-14,13.735928535461426
2021-10-15,13.78109359741211
2021-10-18,13.786739349365234
2021-10-19,13.718989372253418
2021-10-20,13.752864837646484
2021-10-21,13.730279922485352
2021-10-22,13.730279922485352
2021-10-25,13.775444030761719
2021-10-26,13.775444030761719
2021-10-27,13.752864837646484
2021-10-28,13.939167976379395
2021-10-29,13.973043441772461
2021-11-01,13.888360977172852
2021-11-02,13.871423721313477
2021-11-03,13.702051162719727
2021-11-04,13.803675651550293
2021-11-05,14.334366798400879
2021-11-08,14.368244171142578
2021-11-09,14.486800193786621
2021-11-10,14.441636085510254
2021-11-11,14.481154441833496
2021-11-12,14.492727279663086
2021-11-15,14.348088264465332
2021-11-16,14.38280200958252
2021-11-17,14.336516380310059
2021-11-18,14.28444766998291
2021-11-19,14.220805168151855
2021-11-22,14.180307388305664
2021-11-23,14.081954956054688
2021-11-24,14.209234237670898
2021-11-26,14.249732971191406
2021-11-29,14.174525260925293
2021-11-30,14.301803588867188
2021-12-01,14.261309623718262
2021-12-02,14.203450202941895
2021-12-03,14.232378959655762
2021-12-06,14.15716552734375
2021-12-07,14.162947654724121
2021-12-08,14.116668701171875
2021-12-09,14.128240585327148
2021-12-10,14.168737411499023
2021-12-13,14.139806747436523
2021-12-14,14.08774185180664
2021-12-15,14.122455596923828
2021-12-16,14.093525886535645
2021-12-17,14.058813095092773
2021-12-20,14.029884338378906
2021-12-21,13.954671859741211
2021-12-22,13.954671859741211
2021-12-23,14.029884338378906
2021-12-27,13.995171546936035
2021-12-28,14.053028106689453
2021-12-29,14.000956535339355
2021-12-30,14.105094909667969
2021-12-31,14.324944496154785
2022-01-03,14.307589530944824
2022-01-04,14.243949890136719
2022-01-05,14.203450202941895
2022-01-06,14.203450202941895
2022-01-07,14.29023265838623
2022-01-10,14.29601764678955
2022-01-11,14.550582885742188
2022-01-12,14.417513847351074
2022-01-13,14.4348726272583
2022-01-14,14.348088264465332
2022-01-18,14.37122917175293
2022-01-19,14.458012580871582
2022-01-20,14.394370079040527
2022-01-21,14.203450202941895
2022-01-24,13.885246276855469
2022-01-25,14.139806747436523
2022-01-26,14.238164901733398
2022-01-27,14.029884338378906
2022-01-28,14.162947654724121
2022-01-31,14.469584465026855
2022-02-01,14.533225059509277
2022-02-02,14.539011001586914
2022-02-03,14.515868186950684
2022-02-04,14.481156349182129
2022-02-07,14.365443229675293
2022-02-08,14.504295349121094
2022-02-09,14.515868186950684
2022-02-10,14.405942916870117
2022-02-11,14.37122917175293
2022-02-14,14.348088264465332
2022-02-15,14.377015113830566
2022-02-16,14.446443557739258
2022-02-17,14.348088264465332
2022-02-18,14.313375473022461
2022-02-22,14.116668701171875
2022-02-23,14.105094909667969
2022-02-24,13.908390998840332
2022-02-25,13.885246276855469
2022-02-28,13.850534439086914
2022-03-01,13.885246276855469
2022-03-02,13.914172172546387
2022-03-03,14.053028106689453
2022-03-04,13.972028732299805
2022-03-07,13.856318473815918
2022-03-08,13.79846477508545
2022-03-09,13.896819114685059
2022-03-10,14.145599365234375
2022-03-11,13.948887825012207
2022-03-14,14.076172828674316
2022-03-15,13.93152904510498
2022-03-16,14.018314361572266
2022-03-17,14.018314361572266
2022-03-18,14.030195236206055
2022-03-21,14.196512222290039
2022-03-22,14.2202730178833
2022-03-23,14.036133766174316
2022-03-24,13.941092491149902
2022-03-25,13.917335510253906
2022-03-28,13.952973365783691
2022-03-29,13.869815826416016
2022-03-30,13.834174156188965
2022-03-31,14.36283016204834
2022-04-01,14.214332580566406
2022-04-04,14.006431579589844
2022-04-05,14.006431579589844
2022-04-06,13.863873481750488
2022-04-07,13.851994514465332
2022-04-08,13.905455589294434
2022-04-11,14.006431579589844
2022-04-12,14.024256706237793
2022-04-13,14.154932975769043
2022-04-14,14.089593887329102
2022-04-18,14.166812896728516
2022-04-19,14.267792701721191
2022-04-20,14.232152938842773
2022-04-21,14.30342960357666
2022-04-22,14.178691864013672
2022-04-25,14.095534324645996
2022-04-26,13.911396026611328
2022-04-27,13.923273086547852
2022-04-28,13.917335510253906
2022-04-29,14.137110710144043
2022-05-02,13.976737022399902
2022-05-03,13.905455589294434
2022-05-04,14.077710151672363
2022-05-05,13.804474830627441
2022-05-06,13.857935905456543
2022-05-09,13.347097396850586
2022-05-10,13.554998397827148
2022-05-11,13.347097396850586
2022-05-12,13.21641731262207
2022-05-13,13.299577713012695
2022-05-16,13.751012802124023
2022-05-17,13.822293281555176
2022-05-18,13.566875457763672
2022-05-19,13.554998397827148
2022-05-20,13.513416290283203
2022-05-23,13.519526481628418
2022-05-24,13.354581832885742
2022-05-25,13.458434104919434
2022-05-26,13.51341724395752
2022-05-27,13.56229019165039
2022-05-31,13.666147232055664
2022-06-01,13.678362846374512
2022-06-02,13.71501636505127
2022-06-03,13.763891220092773
2022-06-06,13.818876266479492
2022-06-07,13.837201118469238
2022-06-08,13.831090927124023
2022-06-09,13.7272367477417
2022-06-10,13.95938491821289
2022-06-13,13.855527877807617
2022-06-14,13.69669246673584
2022-06-15,13.916620254516602
2022-06-16,13.440106391906738
2022-06-17,13.360690116882324
2022-06-21,13.800546646118164
2022-06-22,13.879965782165527
2022-06-23,13.910510063171387
2022-06-24,14.008258819580078
2022-06-27,14.057130813598633
2022-06-28,14.020475387573242
2022-06-29,14.093783378601074
2022-06-30,14.313715934753418
2022-07-01,14.686372756958008
2022-07-05,14.368697166442871
2022-07-06,14.313715934753418
2022-07-07,14.631387710571289
2022-07-08,14.643607139587402
2022-07-11,14.448115348815918
2022-07-12,14.509206771850586
2022-07-13,14.478657722473145
2022-07-14,14.405348777770996
2022-07-15,14.509206771850586
2022-07-18,14.606954574584961
2022-07-19,14.845210075378418
2022-07-20,14.832989692687988
2022-07-21,14.765789985656738
2022-07-22,14.894081115722656
2022-07-25,14.613059997558594
2022-07-26,14.778008460998535
2022-07-27,14.582515716552734
2022-07-28,14.533642768859863
2022-07-29,14.741353034973145
2022-08-01,14.649715423583984
2022-08-02,14.741353034973145
2022-08-03,14.582515716552734
2022-08-04,14.692479133605957
2022-08-05,14.686372756958008
2022-08-08,14.661933898925781
2022-08-09,14.741353034973145
2022-08-10,14.661933898925781
2022-08-11,14.661933898925781
2022-08-12,14.70469856262207
2022-08-15,14.717245101928711
2022-08-16,14.648238182067871
2022-08-17,14.585505485534668
2022-08-18,14.535318374633789
2022-08-19,14.491406440734863
2022-08-22,14.422396659851074
2022-08-23,14.108732223510742
2022-08-24,14.052268981933594
2022-08-25,14.227924346923828
2022-08-26,14.12127685546875
2022-08-29,14.020904541015625
2022-08-30,14.008358001708984
2022-08-31,14.00208568572998
2022-09-01,13.851523399353027
2022-09-02,14.146368980407715
2022-09-06,13.889165878295898
2022-09-07,13.951898574829102
2022-09-08,13.93307876586914
2022-09-09,14.083638191223145
2022-09-12,13.889165878295898
2022-09-13,13.882889747619629
2022-09-14,13.889165878295898
2022-09-15,13.864070892333984
2022-09-16,13.820159912109375
2022-09-19,13.926804542541504
2022-09-20,13.926804542541504
2022-09-21,13.782520294189453
2022-09-22,13.70723819732666
2022-09-23,13.268104553222656
2022-09-26,12.584310531616211
2022-09-27,12.546670913696289
2022-09-28,12.615675926208496
2022-09-29,12.640768051147461
2022-09-30,13.174005508422852
2022-10-03,12.99207592010498
2022-10-04,12.791332244873047
2022-10-05,12.690958023071289
2022-10-06,12.578036308288574
2022-10-07,12.534123420715332
2022-10-10,12.389836311340332
2022-10-11,12.302010536193848
2022-10-12,12.358471870422363
2022-10-13,12.77878475189209
2022-10-14,12.559220314025879
2022-10-17,12.527850151062012
2022-10-18,12.578036308288574
2022-10-19,12.490208625793457
2022-10-20,12.534123420715332
2022-10-21,12.659590721130371
2022-10-24,12.603129386901855
2022-10-25,12.91679859161377
2022-10-26,12.822697639465332
2022-10-27,12.85406494140625
2022-10-28,12.948163032531738
2022-10-31,13.13636589050293
2022-11-01,13.104996681213379
2022-11-02,13.174005508422852
2022-11-03,13.174005508422852
2022-11-04,13.161457061767578
2022-11-07,13.318288803100586
2022-11-08,13.330840110778809
2022-11-09,13.682146072387695
2022-11-10,13.600592613220215
2022-11-11,13.851523399353027
2022-11-14,13.97698974609375
2022-11-15,14.11500358581543
2022-11-16,14.177738189697266
2022-11-17,14.11500358581543
2022-11-18,14.052268981933594
2022-11-21,14.202832221984863
2022-11-22,14.254548072814941
2022-11-23,14.222225189208984
2022-11-25,14.170509338378906
2022-11-28,14.105863571166992
2022-11-29,14.222225189208984
2022-11-30,14.357983589172363
2022-12-01,14.357983589172363
2022-12-02,14.351518630981445
2022-12-05,14.24808406829834
2022-12-06,14.306264877319336
2022-12-07,14.254548072814941
2022-12-08,14.157576560974121
2022-12-09,14.138185501098633
2022-12-12,14.345054626464844
2022-12-13,14.364446640014648
2022-12-14,14.370911598205566
2022-12-15,14.286871910095215
2022-12-16,14.170509338378906
2022-12-19,14.092931747436523
2022-12-20,14.07353687286377
2022-12-21,14.092931747436523
2022-12-22,14.261015892028809
2022-12-23,14.228693962097168
2022-12-27,14.23515510559082
2022-12-28,14.164044380187988
2022-12-29,14.105863571166992
2022-12-30,14.868688583374023
2023-01-03,14.54545783996582
2023-01-04,14.487273216247559
2023-01-05,14.467883110046387
2023-01-06,14.41616439819336
2023-01-09,14.41616439819336
2023-01-10,14.370911598205566
2023-01-11,14.429094314575195
2023-01-12,14.487273216247559
2023-01-13,14.720004081726074
2023-01-17,14.616571426391602
2023-01-18,14.577778816223145
2023-01-19,14.590714454650879
2023-01-20,14.54545783996582
2023-01-23,14.532527923583984
2023-01-24,14.52606201171875
2023-01-25,14.67475414276123
2023-01-26,14.778186798095703
2023-01-27,14.804045677185059
2023-01-30,14.67475414276123
2023-01-31,14.513134002685547
2023-02-01,14.493741035461426
2023-02-02,14.61010456085205
2023-02-03,14.597175598144531
2023-02-06,14.739397048950195
2023-02-07,14.648892402648926
2023-02-08,14.616571426391602
2023-02-09,14.732932090759277
2023-02-10,14.70060920715332
2023-02-13,14.829902648925781
2023-02-14,14.713539123535156
2023-02-15,14.707074165344238
2023-02-16,14.707074165344238
2023-02-17,14.797578811645508
2023-02-21,14.965658187866211
2023-02-22,14.868688583374023
2023-02-23,14.90101432800293
2023-02-24,14.913942337036133
2023-02-27,14.771721839904785
2023-02-28,14.946266174316406
2023-03-01,14.836366653442383
2023-03-02,14.739397048950195
2023-03-03,15.00444507598877
2023-03-06,15.03030776977539
2023-03-07,15.043234825134277
2023-03-08,15.120810508728027
2023-03-09,14.88808536529541
2023-03-10,14.189901351928711
2023-03-13,13.621014595031738
2023-03-14,14.008893013000488
2023-03-15,13.711519241333008
2023-03-16,14.054144859313965
2023-03-17,13.747167587280273
2023-03-20,13.647068977355957
2023-03-21,13.533621788024902
2023-03-22,13.720475196838379
2023-03-23,13.860616683959961
2023-03-24,13.847269058227539
2023-03-27,13.867290496826172
2023-03-28,13.820576667785645
2023-03-29,13.653740882873535
2023-03-30,13.68710708618164
2023-03-31,13.753841400146484
2023-04-03,13.680434226989746
2023-04-04,13.720475196838379
2023-04-05,13.713801383972168
2023-04-06,13.600354194641113
2023-04-10,13.693782806396484
2023-04-11,13.627045631408691
2023-04-12,13.633721351623535
2023-04-13,13.727149963378906
2023-04-14,13.740496635437012
2023-04-17,13.747167587280273
2023-04-18,13.680434226989746
2023-04-19,13.807229995727539
2023-04-20,13.760516166687012
2023-04-21,13.66041374206543
2023-04-24,13.633721351623535
2023-04-25,13.573662757873535
2023-04-26,13.566988945007324
2023-04-27,13.573662757873535
2023-04-28,13.553640365600586
2023-05-01,13.526947975158691
2023-05-02,13.320070266723633
2023-05-03,13.033117294311523
2023-05-04,12.746161460876465
2023-05-05,12.86628246307373
2023-05-08,12.686100006103516
2023-05-09,12.919668197631836
2023-05-10,12.993078231811523
2023-05-11,13.213297843933105
2023-05-12,13.733823776245117
2023-05-15,13.546966552734375
2023-05-16,13.647068977355957
2023-05-17,13.967390060424805
2023-05-18,14.08083724975586
2023-05-19,13.963555335998535
2023-05-22,13.853171348571777
2023-05-23,13.315048217773438
2023-05-24,13.011494636535645
2023-05-25,13.025291442871094
2023-05-26,13.225362777709961
2023-05-30,13.073586463928223
2023-05-31,13.246060371398926
2023-06-01,13.418537139892578
2023-06-02,13.252958297729492
2023-06-05,13.225362777709961
2023-06-06,13.142574310302734
2023-06-07,13.32194709777832
2023-06-08,13.480627059936523
2023-06-09,13.197766304016113
2023-06-12,13.384041786193848
2023-06-13,13.549616813659668
2023-06-14,13.887664794921875
2023-06-15,13.908361434936523
2023-06-16,13.784181594848633
2023-06-20,13.535820007324219
2023-06-21,13.591011047363281
2023-06-22,13.708292007446289
2023-06-23,13.177069664001465
2023-06-26,13.252958297729492
2023-06-27,13.5634126663208
2023-06-28,13.728988647460938
2023-06-29,13.728988647460938
2023-06-30,13.791078567504883
2023-07-03,13.839371681213379
2023-07-05,13.915261268615723
2023-07-06,13.873867988586426
2023-07-07,13.728988647460938
2023-07-10,14.094636917114258
2023-07-11,14.025647163391113
2023-07-12,14.039444923400879
2023-07-13,14.246413230895996
2023-07-14,14.205020904541016
2023-07-17,14.142930030822754
2023-07-18,13.984254837036133
2023-07-19,14.073938369750977
2023-07-20,14.087737083435059
2023-07-21,13.818676948547363
2023-07-24,13.922159194946289
2023-07-25,14.094636917114258
2023-07-26,14.108433723449707
2023-07-27,14.163626670837402
2023-07-28,14.225717544555664
2023-07-31,14.280908584594727
2023-08-01,14.274011611938477
2023-08-02,14.253311157226562
2023-08-03,14.322301864624023
2023-08-04,14.356797218322754
2023-08-07,14.280908584594727
2023-08-08,14.246413230895996
2023-08-09,14.218816757202148
2023-08-10,14.011847496032715
2023-08-11,14.246413230895996
2023-08-14,14.246413230895996
2023-08-15,14.349894523620605
2023-08-16,14.322301864624023
2023-08-17,14.232614517211914
2023-08-18,14.253311157226562
2023-08-21,14.139113426208496
2023-08-22,13.875033378601074
2023-08-23,13.917855262756348
2023-08-24,13.896446228027344
2023-08-25,13.989232063293457
2023-08-28,13.746559143066406
2023-08-29,13.782244682312012
2023-08-30,13.782244682312012
2023-08-31,14.131977081298828
2023-09-01,13.960679054260254
2023-09-05,13.782244682312012
2023-09-06,13.796521186828613
2023-09-07,13.924994468688965
2023-09-08,13.882171630859375
2023-09-11,13.882171630859375
2023-09-12,13.767972946166992
2023-09-13,13.668047904968262
2023-09-14,13.596673965454102
2023-09-15,13.47533893585205
2023-09-18,13.7037353515625
2023-09-19,13.832204818725586
2023-09-20,13.75369930267334
2023-09-21,13.710871696472168
2023-09-22,13.675185203552246
2023-09-25,13.867894172668457
2023-09-26,13.511028289794922
2023-09-27,13.718011856079102
2023-09-28,13.696598052978516
2023-09-29,13.739421844482422
2023-10-02,13.63236141204834
2023-10-03,13.16843318939209
2023-10-04,13.382554054260254
2023-10-05,13.468204498291016
2023-10-06,13.668047904968262
2023-10-09,13.775107383728027
2023-10-10,13.489614486694336
2023-10-11,13.325455665588379
2023-10-12,13.204118728637695
2023-10-13,13.118471145629883
2023-10-16,13.33973217010498
2023-10-17,13.425376892089844
2023-10-18,13.068510055541992
2023-10-19,12.997136116027832
2023-10-20,13.075647354125977
2023-10-23,12.38332462310791
2023-10-24,12.140652656555176
2023-10-25,12.24057674407959
2023-10-26,12.311949729919434
2023-10-27,12.290536880493164
2023-10-30,12.24057674407959
2023-10-31,12.204889297485352
2023-11-01,12.24057674407959
2023-11-02,12.1906156539917
2023-11-03,12.197751998901367
2023-11-06,12.447561264038086
2023-11-07,12.133516311645508
2023-11-08,12.397598266601562
2023-11-09,12.133516311645508
2023-11-10,12.269125938415527
2023-11-13,12.119239807128906
2023-11-14,12.269125938415527
2023-11-15,12.133516311645508
2023-11-16,12.133516311645508
2023-11-17,12.416210174560547
2023-11-20,12.3641357421875
2023-11-21,12.445968627929688
2023-11-22,12.46828556060791
2023-11-24,12.460845947265625
2023-11-27,12.312058448791504
2023-11-28,12.423648834228516
2023-11-29,12.498041152954102
2023-11-30,12.498041152954102
2023-12-01,12.6914644241333
2023-12-04,12.6840238571167
2023-12-05,12.721222877502441
2023-12-06,12.67658805847168
2023-12-07,12.6914644241333
2023-12-08,12.6840238571167
2023-12-11,12.646828651428223
2023-12-12,12.71378231048584
2023-12-13,12.721222877502441
2023-12-14,12.646828651428223
2023-12-15,12.721222877502441
2023-12-18,12.743538856506348
2023-12-19,12.914644241333008
2023-12-20,13.398199081420898
2023-12-21,13.189898490905762
2023-12-22,13.204776763916016
2023-12-26,13.331245422363281
2023-12-27,13.227094650268555
2023-12-28,13.427955627441406
2023-12-29,13.532108306884766
2024-01-02,13.591622352600098
2024-01-03,13.688332557678223
2024-01-04,13.53954792022705
2024-01-05,13.725531578063965
2024-01-08,13.814799308776855
2024-01-09,13.606499671936035
2024-01-10,14.06029987335205
2024-01-11,13.755285263061523
2024-01-12,13.777604103088379
2024-01-16,13.837120056152344
2024-01-17,13.718090057373047
2024-01-18,13.599061965942383
2024-01-19,13.680893898010254
2024-01-22,14.008221626281738
2024-01-23,14.023099899291992
2024-01-24,14.075175285339355
2024-01-25,14.08261775970459
2024-01-26,14.037980079650879
2024-01-29,13.971028327941895
2024-01-30,13.94870662689209
2024-01-31,14.00078296661377
2024-02-01,14.186766624450684
2024-02-02,14.171887397766113
2024-02-05,13.993343353271484
2024-02-06,13.918951034545898
2024-02-07,13.732966423034668
2024-02-08,13.814799308776855
2024-02-09,14.008221626281738
2024-02-12,14.06029987335205
2024-02-13,13.732966423034668
2024-02-14,13.732966423034668
2024-02-15,13.844557762145996
2024-02-16,13.747846603393555
2024-02-20,13.94870662689209
2024-02-21,13.710650444030762
2024-02-22,13.680893898010254
2024-02-23,13.680893898010254
2024-02-26,13.718090057373047
2024-02-27,13.710650444030762
2024-02-28,13.725531578063965
2024-02-29,13.673452377319336
2024-03-01,13.747846603393555
2024-03-04,13.792482376098633
2024-03-05,13.762725830078125
2024-03-06,13.911513328552246
2024-03-07,14.0528564453125
2024-03-08,14.171887397766113
2024-03-11,14.157010078430176
2024-03-12,14.06029987335205
2024-03-13,14.08261775970459
2024-03-14,13.874314308166504
2024-03-15,14.209086418151855
2024-03-18,14.261157989501953
2024-03-19,14.283479690551758
2024-03-20,14.387625694274902
2024-03-21,14.506653785705566
2024-03-22,14.406397819519043
2024-03-25,14.421820640563965
2024-03-26,14.367837905883789
2024-03-27,14.421820640563965
2024-03-28,14.637763977050781
2024-04-01,14.64547348022461
2024-04-02,14.745734214782715
2024-04-03,14.768871307373047
2024-04-04,14.792008399963379
2024-04-05,14.776582717895508
2024-04-08,14.830567359924316
2024-04-09,14.799718856811523
2024-04-10,14.838281631469727
2024-04-11,14.84599494934082
2024-04-12,14.876843452453613
2024-04-15,14.64547348022461
2024-04-16,14.637763977050781
2024-04-17,14.7225980758667
2024-04-18,14.630051612854004
2024-04-19,14.792008399963379
2024-04-22,14.94625186920166
2024-04-23,14.969388008117676
2024-04-24,15.077357292175293
2024-04-25,14.953963279724121
2024-04-26,15.077357292175293
2024-04-29,15.223891258239746
2024-04-30,15.077357292175293
2024-05-01,14.714886665344238
2024-05-02,14.768871307373047
2024-05-03,14.899978637695312
2024-05-06,15.208465576171875
2024-05-07,15.04651165008545
2024-05-08,14.984813690185547
2024-05-09,15.29330062866211
2024-05-10,15.347285270690918
2024-05-13,15.301013946533203
2024-05-14,15.362711906433105
2024-05-15,15.478395462036133
2024-05-16,15.663484573364258
2024-05-17,15.80230712890625
2024-05-20,15.706535339355469
2024-05-21,15.578839302062988
2024-05-22,15.47508716583252
2024-05-23,15.578839302062988
2024-05-24,15.698553085327148
2024-05-28,15.666627883911133
2024-05-29,15.483067512512207
2024-05-30,15.826248168945312
2024-05-31,15.87413501739502
2024-06-03,15.41124153137207
2024-06-04,15.618744850158691
2024-06-05,15.562878608703613
2024-06-06,15.6347074508667
2024-06-07,15.562878608703613
2024-06-10,15.491049766540527
2024-06-11,15.459126472473145
2024-06-12,15.435181617736816
2024-06-13,15.435181617736816
2024-06-14,15.379315376281738
2024-06-17,15.42719841003418
2024-06-18,15.42719841003418
2024-06-20,15.491049766540527
2024-06-21,15.27556037902832
2024-06-24,15.27556037902832
2024-06-25,15.283541679382324
2024-06-26,15.35537338256836
2024-06-27,15.395277976989746
2024-06-28,15.658648490905762
2024-07-01,15.491049766540527
2024-07-02,15.41124153137207
2024-07-03,15.674612045288086
2024-07-05,15.642687797546387
2024-07-08,15.52297306060791
2024-07-09,15.594803810119629
2024-07-10,15.602782249450684
2024-07-11,15.642687797546387
2024-07-12,15.562878608703613
2024-07-15,15.6347074508667
2024-07-16,15.698553085327148
2024-07-17,15.850191116333008
2024-07-18,15.698553085327148
2024-07-19,15.562878608703613
2024-07-22,15.6347074508667
2024-07-23,15.762401580810547
2024-07-24,15.658648490905762
2024-07-25,15.682592391967773
2024-07-26,15.778364181518555
2024-07-29,15.818267822265625
2024-07-30,15.794326782226562
2024-07-31,15.850191116333008
2024-08-01,15.690572738647461
2024-08-02,15.483067512512207
2024-08-05,14.756800651550293
2024-08-06,15.084020614624023
2024-08-07,15.259603500366211
2024-08-08,15.251622200012207
2024-08-09,14.884495735168457
2024-08-12,14.940361022949219
2024-08-13,14.964305877685547
2024-08-14,14.980266571044922
2024-08-15,15.283541679382324
2024-08-16,15.27556037902832
2024-08-19,15.674612045288086
2024-08-20,15.562878608703613
2024-08-21,15.626723289489746
2024-08-22,15.494365692138672
2024-08-23,15.461275100708008
2024-08-26,15.370278358459473
2024-08-27,15.362006187438965
2024-08-28,15.262737274169922
2024-08-29,15.29582691192627
2024-08-30,15.44472885131836
2024-09-03,15.27100658416748
2024-09-04,15.29582691192627
2024-09-05,15.312371253967285
2024-09-06,15.279281616210938
2024-09-09,15.16346549987793
2024-09-10,15.064194679260254
2024-09-11,15.039379119873047
2024-09-12,15.014561653137207
2024-09-13,15.080740928649902
2024-09-16,15.279281616210938
2024-09-17,15.27100658416748
2024-09-18,15.221373558044434
2024-09-19,15.304098129272461
2024-09-20,15.138648986816406
2024-09-23,15.146920204162598
2024-09-24,15.180011749267578
2024-09-25,15.047652244567871
2024-09-26,15.022832870483398
2024-09-27,15.031106948852539
2024-09-30,15.34546184539795
2024-10-01,15.146920204162598
2024-10-02,15.155193328857422
2024-10-03,15.204826354980469
2024-10-04,15.180011749267578
2024-10-07,15.171738624572754
2024-10-08,15.113831520080566
2024-10-09,15.122103691101074
2024-10-10,15.064194679260254
2024-10-11,15.09728717803955
2024-10-14,15.113831520080566
2024-10-15,14.931835174560547
2024-10-16,15.204826354980469
2024-10-17,15.171738624572754
2024-10-18,15.180011749267578
2024-10-21,15.29582691192627
2024-10-22,15.320643424987793
2024-10-23,15.221373558044434
2024-10-24,15.204826354980469
2024-10-25,15.180011749267578
2024-10-28,15.171738624572754
2024-10-29,15.337188720703125
2024-10-30,15.221373558044434
2024-10-31,15.469550132751465
2024-11-01,15.320643424987793
2024-11-04,15.27100658416748
2024-11-05,15.395094871520996
2024-11-06,15.337188720703125
2024-11-07,15.262737274169922
2024-11-08,14.807748794555664
2024-11-11,14.716753005981445
2024-11-12,14.857383728027344
2024-11-13,14.807748794555664
2024-11-14,14.683660507202148
2024-11-15,14.807748794555664
2024-11-18,14.898746490478516
2024-11-19,14.907349586486816
2024-11-20,14.597675323486328
2024-11-21,14.649288177490234
2024-11-22,14.537460327148438
2024-11-25,14.52885913848877
2024-11-26,14.537460327148438
2024-11-27,14.66649055480957
2024-11-29,14.726707458496094
2024-12-02,14.451441764831543
2024-12-03,14.374021530151367
2024-12-04,14.331011772155762
2024-12-05,14.313807487487793
2024-12-06,14.279399871826172
2024-12-09,14.417033195495605
2024-12-10,14.3654203414917
2024-12-11,14.408431053161621
2024-12-12,14.503052711486816
2024-12-13,14.391226768493652
2024-12-16,14.288002014160156
2024-12-17,14.201981544494629
2024-12-18,14.021337509155273
2024-12-19,14.064348220825195
2024-12-20,14.064348220825195
2024-12-23,14.107358932495117
2024-12-24,14.098755836486816
2024-12-26,14.038542747497559
2024-12-27,14.133164405822754
2024-12-30,14.004135131835938
2024-12-31,14.055746078491211
2025-01-02,14.107358932495117
2025-01-03,14.107358932495117
2025-01-06,14.064348220825195
2025-01-07,13.952521324157715
2025-01-08,14.08155345916748
2025-01-10,13.849297523498535
2025-01-13,13.90951156616211
2025-01-14,14.021337509155273
2025-01-15,13.935317993164062
2025-01-16,13.89230728149414
2025-01-17,14.124563217163086
2025-01-21,14.279399871826172
2025-01-22,14.417033195495605
2025-01-23,14.408431053161621
2025-01-24,14.348217010498047
2025-01-27,14.356819152832031
2025-01-28,14.356819152832031
2025-01-29,14.18477725982666
2025-01-30,14.752511978149414
2025-01-31,14.640686988830566
2025-02-03,14.580471992492676
2025-02-04,14.657889366149902
2025-02-05,14.63208293914795
2025-02-06,14.66649055480957
2025-02-07,14.795523643493652
2025-02-10,14.821328163146973
2025-02-11,14.881542205810547
2025-02-12,14.795523643493652
2025-02-13,14.864339828491211
2025-02-14,14.890145301818848
2025-02-18,14.907349586486816
2025-02-19,14.96756362915039
2025-02-20,14.950357437133789
2025-02-21,14.96756362915039
2025-02-24,14.96756362915039
2025-02-25,14.872942924499512
2025-02-26,14.786920547485352
2025-02-27,14.941758155822754
2025-02-28,15.010573387145996
2025-03-03,14.838533401489258
2025-03-04,14.279399871826172
2025-03-05,14.675094604492188
2025-03-06,14.623480796813965
2025-03-07,14.63208293914795
2025-03-10,14.563267707824707
2025-03-11,14.408431053161621
2025-03-12,14.494450569152832
2025-03-13,14.141767501831055
2025-03-14,13.582633972167969
2025-03-17,13.290163040161133
2025-03-18,13.290163040161133
2025-03-19,13.333174705505371
2025-03-20,13.488011360168457
2025-03-21,13.1697359085083
2025-03-24,13.178650856018066
2025-03-25,13.178650856018066
2025-03-26,13.178650856018066
2025-03-27,12.884405136108398
2025-03-28,12.81307315826416
2025-03-31,12.79524040222168
2025-04-01,12.581243515014648
2025-04-02,12.554492950439453
2025-04-03,12.17108154296875
2025-04-04,11.591506958007812
2025-04-07,10.806851387023926
2025-04-08,10.71768569946289
2025-04-09,11.324010848999023
2025-04-10,10.682019233703613
2025-04-11,10.53935432434082
2025-04-14,10.423439025878906
2025-04-15,10.575020790100098
2025-04-16,10.58393669128418
2025-04-17,10.726602554321289
2025-04-21,10.771184921264648
2025-04-22,10.922765731811523
2025-04-23,10.833600997924805
2025-04-24,10.976265907287598
2025-04-25,10.9584321975708
2025-04-28,10.949515342712402
2025-04-29,10.878183364868164
2025-04-30,10.878183364868164
2025-05-01,10.833600997924805
2025-05-02,10.904932975769043
2025-05-05,10.9584321975708
2025-05-06,10.851433753967285
2025-05-07,10.904932975769043
2025-05-08,11.011932373046875
2025-05-09,10.806851387023926
2025-05-12,10.931683540344238
2025-05-13,11.136762619018555
2025-05-14,11.279428482055664
2025-05-15,11.234845161437988
2025-05-16,11.306178092956543
2025-05-19,11.482112884521484
2025-05-20,11.361736297607422
2025-05-21,11.093202590942383
2025-05-22,11.093202590942383
2025-05-23,10.963565826416016
2025-05-27,11.009864807128906
2025-05-28,11.296917915344238
2025-05-29,11.185799598693848
2025-05-30,11.204319953918457
2025-06-02,11.046903610229492
2025-06-03,10.97282600402832
2025-06-04,10.880228042602539
2025-06-05,10.695033073425293
2025-06-06,10.889487266540527
2025-06-09,10.898748397827148
2025-06-10,10.852448463439941
2025-06-11,10.750590324401855
2025-06-12,10.833929061889648
2025-06-13,10.704293251037598
2025-06-16,10.667253494262695
2025-06-17,10.77837085723877
2025-06-18,11.509893417358398
2025-06-20,11.72286605834961
2025-06-23,11.695087432861328
2025-06-24,11.491373062133789
2025-06-25,11.750646591186523
2025-06-26,11.676568031311035
2025-06-27,11.546931266784668
2025-06-30,11.593231201171875
2025-07-01,11.583970069885254
2025-07-02,11.621009826660156
2025-07-03,11.611749649047852
2025-07-07,11.53767204284668
2025-07-08,11.621009826660156
2025-07-09,11.602489471435547
2025-07-10,11.66730785369873
2025-07-11,11.806204795837402
2025-07-14,11.621009826660156
2025-07-15,11.898802757263184
2025-07-16,11.852503776550293
2025-07-17,11.833984375
2025-07-18,11.843243598937988
2025-07-21,11.741386413574219
2025-07-22,11.648789405822754
2025-07-23,11.602489471435547
2025-07-24,11.556190490722656
2025-07-25,11.66730785369873
2025-07-28,11.556190490722656
2025-07-29,11.509893417358398
2025-07-30,11.389514923095703
2025-07-31,11.296917915344238
2025-08-01,11.333956718444824
2025-08-04,11.37099552154541
2025-08-05,11.24135971069336
2025-08-06,11.491373062133789
2025-08-07,11.343215942382812
2025-08-08,11.426553726196289
2025-08-11,11.43581485748291
2025-08-12,11.528410911560059
2025-08-13,11.509893417358398
2025-08-14,11.574710845947266
2025-08-15,11.759905815124512
2025-08-18,11.750274658203125
2025-08-19,11.721380233764648
2025-08-20,11.750274658203125
2025-08-21,11.653961181640625
2025-08-22,11.817694664001465
2025-08-25,11.586541175842285
2025-08-26,11.576910018920898
2025-08-27,11.634697914123535
2025-08-28,11.673223495483398
2025-08-29,11.769537925720215
2025-09-02,11.711749076843262
2025-09-03,11.653961181640625
2025-09-04,11.682855606079102
2025-09-05,11.702117919921875
2025-09-08,11.692486763000488
2025-09-09,11.759905815124512
2025-09-10,11.856220245361328
2025-09-11,11.750274658203125
2025-09-12,11.644330024719238
2025-09-15,11.644330024719238
2025-09-16,11.519122123718262
2025-09-17,11.615435600280762
2025-09-18,11.846588134765625
2025-09-19,11.673223495483398
2025-09-22,11.653961181640625
2025-09-23,11.692486763000488
2025-09-24,11.673223495483398
2025-09-25,11.605804443359375
2025-09-26,11.480596542358398
2025-09-29,11.182023048400879
2025-09-30,11.104972839355469
2025-10-01,11.230180740356445
2025-10-02,11.076078414916992
2025-10-03,11.374651908874512
2025-10-06,11.268706321716309
2025-10-07,11.124236106872559
2025-10-08,11.162760734558105
2025-10-09,10.912344932556152
2025-10-10,10.758243560791016
2025-10-13,10.787137031555176
2025-10-14,10.912344932556152
2025-10-15,10.931608200073242
2025-10-16,11.047184944152832
2025-10-17,10.854557037353516
2025-10-20,10.950870513916016
2025-10-21,10.931608200073242
2025-10-22,11.191655158996582
2025-10-23,11.027921676635742
2025-10-24,11.230180740356445
2025-10-27,11.220548629760742
2025-10-28,11.316863059997559
2025-10-29,11.133867263793945
2025-10-30,11.143497467041016
2025-10-31,11.336126327514648
2025-11-03,11.374651908874512
2025-11-04,11.442070960998535
2025-11-05,11.634697914123535
2025-11-06,11.682855606079102
2025-11-07,12.154791831970215
2025-11-10,12.308894157409668
2025-11-11,12.501521110534668
2025-11-12,12.665254592895508
2025-11-13,12.048847198486328
2025-11-14,12.279999732971191
2025-11-17,12.5
2025-11-18,12.640000343322754
2025-11-19,12.600000381469727
2025-11-20,12.380000114440918
2025-11-21,12.579999923706055
2025-11-24,12.65999984741211
2025-11-25,13.050000190734863
2025-11-26,12.899999618530273
2025-11-28,13.029999732971191
2025-12-01,13.0
2025-12-02,12.989999771118164
2025-12-03,12.979999542236328
2025-12-04,13.050000190734863
2025-12-05,13.09000015258789
2025-12-08,13.199999809265137
2025-12-09,13.300000190734863
2025-12-10,13.119999885559082
2025-12-11,12.720000267028809
2025-12-12,12.720000267028809
2025-12-15,12.569999694824219
2025-12-16,11.979999542236328
2025-12-17,12.260000228881836
2025-12-18,11.960000038146973
2025-12-19,11.989999771118164
2025-12-22,11.789999961853027
2025-12-23,11.869999885559082
2025-12-24,11.829999923706055
2025-12-26,11.949999809265137
2025-12-29,11.9399995803833
2025-12-30,11.84000015258789
2025-12-31,11.829999923706055
2026-01-02,11.920000076293945
2026-01-05,12.0600004196167
2026-01-06,11.989999771118164
2026-01-07,11.949999809265137
2026-01-08,11.949999809265137
2026-01-09,11.979999542236328
2026-01-12,12.010000228881836
2026-01-13,12.050000190734863
2026-01-14,12.079999923706055
2026-01-15,12.319999694824219
2026-01-16,12.34000015258789
2026-01-20,12.220000267028809
2026-01-21,12.279999732971191
2026-01-22,12.520000457763672
2026-01-23,12.550000190734863
2026-01-26,12.4399995803833
2026-01-27,12.40999984741211
2026-01-28,12.460000038146973
2026-01-29,12.289999961853027
2026-01-30,12.279999732971191
2026-02-02,12.170000076293945
2026-02-03,12.09000015258789
2026-02-04,12.319999694824219
2026-02-05,12.170000076293945
2026-02-06,12.210000038146973
2026-02-09,12.020000457763672
2026-02-10,12.1899995803833
2026-02-11,12.09000015258789
2026-02-12,12.039999961853027
2026-02-13,12.100000381469727
2026-02-17,11.800000190734863
2026-02-18,11.9399995803833
2026-02-19,11.770000457763672
2026-02-20,11.449999809265137
2026-02-23,11.270000457763672
2026-02-24,11.319999694824219
2026-02-25,11.5600004196167
2026-02-26,11.649900436401367
