Date,Close
1976-02-26,0.9627413153648376
1976-02-27,0.9747757911682129
1976-03-01,0.9657503962516785
1976-03-02,0.9597336053848267
1976-03-03,0.9507076740264893
1976-03-04,0.9326562881469727
1976-03-05,0.9206224083900452
1976-03-08,0.9115965962409973
1976-03-09,0.9115965962409973
1976-03-10,0.8845192193984985
1976-03-11,0.8935455679893494
1976-03-12,0.8754932880401611
1976-03-15,0.8634591102600098
1976-03-16,0.8634591102600098
1976-03-17,0.8785026669502258
1976-03-18,0.8845192193984985
1976-03-19,0.8724850416183472
1976-03-22,0.869476318359375
1976-03-23,0.8905365467071533
1976-03-24,0.9176141619682312
1976-03-25,0.9115965962409973
1976-03-26,0.9266396164894104
1976-03-29,0.914604902267456
1976-03-30,0.9206224083900452
1976-03-31,0.9266396164894104
1976-04-01,0.9115965962409973
1976-04-02,0.9055792093276978
1976-04-05,0.9266396164894104
1976-04-06,0.9296474456787109
1976-04-07,0.9206224083900452
1976-04-08,0.8995621204376221
1976-04-09,0.8724850416183472
1976-04-12,0.8664674758911133
1976-04-13,0.8664674758911133
1976-04-14,0.8724850416183472
1976-04-15,0.8905365467071533
1976-04-19,0.9055792093276978
1976-04-20,0.923630952835083
1976-04-21,0.947698712348938
1976-04-22,0.9687596559524536
1976-04-23,0.9597336053848267
1976-04-26,0.9567252993583679
1976-04-27,0.9597336053848267
1976-04-28,0.9567252993583679
1976-04-29,0.9537163376808167
1976-04-30,0.947698712348938
1976-05-03,0.9416817426681519
1976-05-04,0.935664713382721
1976-05-05,0.9296474456787109
1976-05-06,0.935664713382721
1976-05-07,0.9537163376808167
1976-05-10,0.9657503962516785
1976-05-11,0.9627413153648376
1976-05-12,0.9567252993583679
1976-05-13,0.9326562881469727
1976-05-14,0.914604902267456
1976-05-17,0.9176141619682312
1976-05-18,0.9085869789123535
1976-05-19,0.8905365467071533
1976-05-20,0.8965537548065186
1976-05-21,0.8875278234481812
1976-05-24,0.869476318359375
1976-05-25,0.8724850416183472
1976-05-26,0.8785026669502258
1976-05-27,0.8724850416183472
1976-05-28,0.8544334769248962
1976-06-01,0.851425051689148
1976-06-02,0.8454075455665588
1976-06-03,0.8363819122314453
1976-06-04,0.8273566961288452
1976-06-07,0.8183303475379944
1976-06-08,0.8303654789924622
1976-06-09,0.860450804233551
1976-06-10,0.8845192193984985
1976-06-11,0.8845192193984985
1976-06-14,0.902570903301239
1976-06-15,0.9115965962409973
1976-06-16,0.9206224083900452
1976-06-17,0.9446904063224792
1976-06-18,0.9386736154556274
1976-06-21,0.9567252993583679
1976-06-22,0.9416817426681519
1976-06-23,0.9266396164894104
1976-06-24,0.9266396164894104
1976-06-25,0.9206224083900452
1976-06-28,0.902570903301239
1976-06-29,0.914604902267456
1976-06-30,0.9055792093276978
1976-07-01,0.8995621204376221
1976-07-02,0.8995621204376221
1976-07-06,0.902570903301239
1976-07-07,0.902570903301239
1976-07-08,0.902570903301239
1976-07-09,0.8965537548065186
1976-07-12,0.9085869789123535
1976-07-13,0.9176141619682312
1976-07-14,0.9085869789123535
1976-07-15,0.8995621204376221
1976-07-16,0.902570903301239
1976-07-19,0.902570903301239
1976-07-20,0.8965537548065186
1976-07-21,0.8905365467071533
1976-07-22,0.8965537548065186
1976-07-23,0.914604902267456
1976-07-26,0.914604902267456
1976-07-27,0.9115965962409973
1976-07-28,0.914604902267456
1976-07-29,0.9055792093276978
1976-07-30,0.9176141619682312
1976-08-02,0.9176141619682312
1976-08-03,0.914604902267456
1976-08-04,0.914604902267456
1976-08-05,0.9085869789123535
1976-08-06,0.9115965962409973
1976-08-09,0.9085869789123535
1976-08-10,0.9206224083900452
1976-08-11,0.9386736154556274
1976-08-12,0.9386736154556274
1976-08-13,0.9416817426681519
1976-08-16,0.9416817426681519
1976-08-17,0.9507076740264893
1976-08-18,0.9386736154556274
1976-08-19,0.9326562881469727
1976-08-20,0.9176141619682312
1976-08-23,0.9176141619682312
1976-08-24,0.935664713382721
1976-08-25,0.9266396164894104
1976-08-26,0.9055792093276978
1976-08-27,0.902570903301239
1976-08-30,0.8995621204376221
1976-08-31,0.902570903301239
1976-09-01,0.9085869789123535
1976-09-02,0.914604902267456
1976-09-03,0.9085869789123535
1976-09-07,0.914604902267456
1976-09-08,0.9055792093276978
1976-09-09,0.9055792093276978
1976-09-10,0.8965537548065186
1976-09-13,0.8905365467071533
1976-09-14,0.8875278234481812
1976-09-15,0.8845192193984985
1976-09-16,0.8905365467071533
1976-09-17,0.9176141619682312
1976-09-20,0.9085869789123535
1976-09-21,0.914604902267456
1976-09-22,0.9176141619682312
1976-09-23,0.9206224083900452
1976-09-24,0.902570903301239
1976-09-27,0.9085869789123535
1976-09-28,0.902570903301239
1976-09-29,0.8995621204376221
1976-09-30,0.8965537548065186
1976-10-01,0.8845192193984985
1976-10-04,0.8815104365348816
1976-10-05,0.8634591102600098
1976-10-06,0.860450804233551
1976-10-07,0.860450804233551
1976-10-08,0.8664674758911133
1976-10-11,0.860450804233551
1976-10-12,0.8634591102600098
1976-10-13,0.8664674758911133
1976-10-14,0.8574424386024475
1976-10-15,0.8544334769248962
1976-10-18,0.860450804233551
1976-10-19,0.860450804233551
1976-10-20,0.860450804233551
1976-10-21,0.8454075455665588
1976-10-22,0.8363819122314453
1976-10-25,0.8423995971679688
1976-10-26,0.8454075455665588
1976-10-27,0.8454075455665588
1976-10-28,0.851425051689148
1976-10-29,0.860450804233551
1976-11-01,0.8574424386024475
1976-11-03,0.851425051689148
1976-11-04,0.8574424386024475
1976-11-05,0.851425051689148
1976-11-08,0.824347734451294
1976-11-09,0.824347734451294
1976-11-10,0.803287923336029
1976-11-11,0.8093048930168152
1976-11-12,0.803287923336029
1976-11-15,0.8153221607208252
1976-11-16,0.806296169757843
1976-11-17,0.8183303475379944
1976-11-18,0.8303654789924622
1976-11-19,0.8303654789924622
1976-11-22,0.8423995971679688
1976-11-23,0.8393911719322205
1976-11-24,0.851425051689148
1976-11-26,0.860450804233551
1976-11-29,0.8574424386024475
1976-11-30,0.8544334769248962
1976-12-01,0.8273566961288452
1976-12-02,0.8123133182525635
1976-12-03,0.7942618727684021
1976-12-06,0.803287923336029
1976-12-07,0.803287923336029
1976-12-08,0.797271192073822
1976-12-09,0.824347734451294
1976-12-10,0.824347734451294
1976-12-13,0.8183303475379944
1976-12-14,0.824347734451294
1976-12-15,0.8363819122314453
1976-12-16,0.8093048930168152
1976-12-17,0.7852364182472229
1976-12-20,0.7852364182472229
1976-12-21,0.7822278141975403
1976-12-22,0.7912532687187195
1976-12-23,0.7822278141975403
1976-12-27,0.7882446050643921
1976-12-28,0.797271192073822
1976-12-29,0.8093048930168152
1976-12-30,0.8153221607208252
1976-12-31,0.8123133182525635
1977-01-03,0.8213393092155457
1977-01-04,0.8273566961288452
1977-01-05,0.8273566961288452
1977-01-06,0.8363819122314453
1977-01-07,0.8303654789924622
1977-01-10,0.8273566961288452
1977-01-11,0.824347734451294
1977-01-12,0.8093048930168152
1977-01-13,0.8183303475379944
1977-01-14,0.8002796769142151
1977-01-17,0.7942618727684021
1977-01-18,0.7912532687187195
1977-01-19,0.803287923336029
1977-01-20,0.7942618727684021
1977-01-21,0.7942618727684021
1977-01-24,0.797271192073822
1977-01-25,0.806296169757843
1977-01-26,0.776210606098175
1977-01-27,0.752142608165741
1977-01-28,0.7340906858444214
1977-01-31,0.7130308151245117
1977-02-01,0.7160395383834839
1977-02-02,0.746125340461731
1977-02-03,0.7431169152259827
1977-02-04,0.758159339427948
1977-02-07,0.7882446050643921
1977-02-08,0.7912532687187195
1977-02-09,0.7942618727684021
1977-02-10,0.797271192073822
1977-02-11,0.7732020616531372
1977-02-14,0.7792194485664368
1977-02-15,0.7942618727684021
1977-02-16,0.7882446050643921
1977-02-17,0.7732020616531372
1977-02-18,0.7491331696510315
1977-02-22,0.746125340461731
1977-02-23,0.7401074171066284
1977-02-24,0.752142608165741
1977-02-25,0.752142608165741
1977-02-28,0.7401074171066284
1977-03-01,0.7401074171066284
1977-03-02,0.7431169152259827
1977-03-03,0.7401074171066284
1977-03-04,0.7401074171066284
1977-03-07,0.758159339427948
1977-03-08,0.7551509141921997
1977-03-09,0.7401074171066284
1977-03-10,0.7431169152259827
1977-03-11,0.746125340461731
1977-03-14,0.746125340461731
1977-03-15,0.752142608165741
1977-03-16,0.7611677646636963
1977-03-17,0.7701934576034546
1977-03-18,0.7641765475273132
1977-03-21,0.767185628414154
1977-03-22,0.7701934576034546
1977-03-23,0.7822278141975403
1977-03-24,0.7732020616531372
1977-03-25,0.746125340461731
1977-03-28,0.7431169152259827
1977-03-29,0.7431169152259827
1977-03-30,0.752142608165741
1977-03-31,0.7491331696510315
1977-04-01,0.7401074171066284
1977-04-04,0.7280733585357666
1977-04-05,0.710022509098053
1977-04-06,0.710022509098053
1977-04-07,0.7070136070251465
1977-04-11,0.710022509098053
1977-04-12,0.7130308151245117
1977-04-13,0.7070136070251465
1977-04-14,0.6979875564575195
1977-04-15,0.6979875564575195
1977-04-18,0.685953676700592
1977-04-19,0.691970705986023
1977-04-20,0.679936408996582
1977-04-21,0.6679025888442993
1977-04-22,0.6648938655853271
1977-04-25,0.6709103584289551
1977-04-26,0.6648938655853271
1977-04-27,0.661885142326355
1977-04-28,0.6648938655853271
1977-04-29,0.6588764190673828
1977-05-02,0.6528601050376892
1977-05-03,0.6438330411911011
1977-05-04,0.6528601050376892
1977-05-05,0.661885142326355
1977-05-06,0.646842360496521
1977-05-09,0.6378166675567627
1977-05-10,0.6378166675567627
1977-05-11,0.6317991614341736
1977-05-12,0.6317991614341736
1977-05-13,0.6317991614341736
1977-05-16,0.6227738857269287
1977-05-17,0.6257821917533875
1977-05-18,0.6317991614341736
1977-05-19,0.6348080635070801
1977-05-20,0.6317991614341736
1977-05-23,0.6317991614341736
1977-05-24,0.646842360496521
1977-05-25,0.6378166675567627
1977-05-26,0.6378166675567627
1977-05-27,0.6287909150123596
1977-05-31,0.6257821917533875
1977-06-01,0.6378166675567627
1977-06-02,0.6317991614341736
1977-06-03,0.6438330411911011
1977-06-06,0.6498510241508484
1977-06-07,0.6588764190673828
1977-06-08,0.6588764190673828
1977-06-09,0.661885142326355
1977-06-10,0.661885142326355
1977-06-13,0.6739189028739929
1977-06-14,0.679936408996582
1977-06-15,0.6709103584289551
1977-06-16,0.685953676700592
1977-06-17,0.6769285202026367
1977-06-20,0.679936408996582
1977-06-21,0.679936408996582
1977-06-22,0.685953676700592
1977-06-23,0.7160395383834839
1977-06-24,0.7160395383834839
1977-06-27,0.7040050625801086
1977-06-28,0.6949796080589294
1977-06-29,0.7009965181350708
1977-06-30,0.6949796080589294
1977-07-01,0.6979875564575195
1977-07-05,0.6979875564575195
1977-07-06,0.685953676700592
1977-07-07,0.6829453110694885
1977-07-08,0.6709103584289551
1977-07-11,0.6648938655853271
1977-07-12,0.6498510241508484
1977-07-13,0.6498510241508484
1977-07-15,0.6558679938316345
1977-07-18,0.6709103584289551
1977-07-19,0.6769285202026367
1977-07-20,0.6769285202026367
1977-07-21,0.679936408996582
1977-07-22,0.685953676700592
1977-07-25,0.6829453110694885
1977-07-26,0.679936408996582
1977-07-27,0.685953676700592
1977-07-28,0.6709103584289551
1977-07-29,0.6739189028739929
1977-08-01,0.6739189028739929
1977-08-02,0.6588764190673828
1977-08-03,0.6648938655853271
1977-08-04,0.6739189028739929
1977-08-05,0.6769285202026367
1977-08-08,0.6769285202026367
1977-08-09,0.6769285202026367
1977-08-10,0.6829453110694885
1977-08-11,0.6829453110694885
1977-08-12,0.6679025888442993
1977-08-15,0.6498510241508484
1977-08-16,0.6558679938316345
1977-08-17,0.6709103584289551
1977-08-18,0.6889621615409851
1977-08-19,0.6739189028739929
1977-08-22,0.685953676700592
1977-08-23,0.691970705986023
1977-08-24,0.685953676700592
1977-08-25,0.6769285202026367
1977-08-26,0.6889621615409851
1977-08-29,0.7040050625801086
1977-08-30,0.6949796080589294
1977-08-31,0.691970705986023
1977-09-01,0.7070136070251465
1977-09-02,0.710022509098053
1977-09-06,0.7250649333000183
1977-09-07,0.7190478444099426
1977-09-08,0.7220567464828491
1977-09-09,0.7130308151245117
1977-09-12,0.7009965181350708
1977-09-13,0.7040050625801086
1977-09-14,0.7280733585357666
1977-09-15,0.7220567464828491
1977-09-16,0.7190478444099426
1977-09-19,0.7160395383834839
1977-09-20,0.7160395383834839
1977-09-21,0.7190478444099426
1977-09-22,0.7190478444099426
1977-09-23,0.7190478444099426
1977-09-26,0.7190478444099426
1977-09-27,0.7250649333000183
1977-09-28,0.7280733585357666
1977-09-29,0.7220567464828491
1977-09-30,0.7280733585357666
1977-10-03,0.7340906858444214
1977-10-04,0.7280733585357666
1977-10-05,0.7190478444099426
1977-10-06,0.7160395383834839
1977-10-07,0.7340906858444214
1977-10-10,0.767185628414154
1977-10-11,0.7701934576034546
1977-10-12,0.767185628414154
1977-10-13,0.752142608165741
1977-10-14,0.752142608165741
1977-10-17,0.758159339427948
1977-10-18,0.7912532687187195
1977-10-19,0.7792194485664368
1977-10-20,0.824347734451294
1977-10-21,0.824347734451294
1977-10-24,0.7792194485664368
1977-10-25,0.7701934576034546
1977-10-26,0.7431169152259827
1977-10-27,0.7401074171066284
1977-10-28,0.7551509141921997
1977-10-31,0.7491331696510315
1977-11-01,0.7220567464828491
1977-11-02,0.7250649333000183
1977-11-03,0.7190478444099426
1977-11-04,0.7160395383834839
1977-11-07,0.7370995879173279
1977-11-08,0.7370995879173279
1977-11-09,0.7340906858444214
1977-11-10,0.7401074171066284
1977-11-11,0.7431169152259827
1977-11-14,0.7310824394226074
1977-11-15,0.7401074171066284
1977-11-16,0.7310824394226074
1977-11-17,0.758159339427948
1977-11-18,0.752142608165741
1977-11-21,0.752142608165741
1977-11-22,0.767185628414154
1977-11-23,0.752142608165741
1977-11-25,0.7611677646636963
1977-11-28,0.7641765475273132
1977-11-29,0.758159339427948
1977-11-30,0.746125340461731
1977-12-01,0.7641765475273132
1977-12-02,0.767185628414154
1977-12-05,0.7732020616531372
1977-12-06,0.7431169152259827
1977-12-07,0.7491331696510315
1977-12-08,0.758159339427948
1977-12-09,0.7701934576034546
1977-12-12,0.7701934576034546
1977-12-13,0.776210606098175
1977-12-14,0.7641765475273132
1977-12-15,0.752142608165741
1977-12-16,0.767185628414154
1977-12-19,0.752142608165741
1977-12-20,0.758159339427948
1977-12-21,0.758159339427948
1977-12-22,0.7701934576034546
1977-12-23,0.7641765475273132
1977-12-27,0.758159339427948
1977-12-28,0.7641765475273132
1977-12-29,0.7611677646636963
1977-12-30,0.758159339427948
1978-01-03,0.758159339427948
1978-01-04,0.7701934576034546
1978-01-05,0.7701934576034546
1978-01-06,0.7551509141921997
1978-01-09,0.758159339427948
1978-01-10,0.7641765475273132
1978-01-11,0.758159339427948
1978-01-12,0.7822278141975403
1978-01-13,0.7822278141975403
1978-01-16,0.7912532687187195
1978-01-17,0.7912532687187195
1978-01-18,0.7912532687187195
1978-01-19,0.7912532687187195
1978-01-20,0.7912532687187195
1978-01-23,0.923630952835083
1978-01-24,0.9266396164894104
1978-01-25,0.914604902267456
1978-01-26,0.9446904063224792
1978-01-27,0.935664713382721
1978-01-30,0.947698712348938
1978-01-31,0.9446904063224792
1978-02-01,0.9446904063224792
1978-02-02,0.9747757911682129
1978-02-03,0.9657503962516785
1978-02-06,0.9597336053848267
1978-02-07,0.9386736154556274
1978-02-08,0.9446904063224792
1978-02-09,0.9507076740264893
1978-02-10,0.9597336053848267
1978-02-13,0.9507076740264893
1978-02-14,0.9296474456787109
1978-02-15,0.923630952835083
1978-02-16,0.902570903301239
1978-02-17,0.9055792093276978
1978-02-21,0.8875278234481812
1978-02-22,0.8754932880401611
1978-02-23,0.8785026669502258
1978-02-24,0.8905365467071533
1978-02-27,0.8905365467071533
1978-02-28,0.8905365467071533
1978-03-01,0.869476318359375
1978-03-02,0.8664674758911133
1978-03-03,0.860450804233551
1978-03-06,0.8664674758911133
1978-03-07,0.860450804233551
1978-03-08,0.8845192193984985
1978-03-09,0.8754932880401611
1978-03-10,0.860450804233551
1978-03-13,0.8574424386024475
1978-03-14,0.851425051689148
1978-03-15,0.848416268825531
1978-03-16,0.8634591102600098
1978-03-17,0.8664674758911133
1978-03-20,0.8905365467071533
1978-03-21,0.8995621204376221
1978-03-22,0.902570903301239
1978-03-23,0.8785026669502258
1978-03-27,0.8724850416183472
1978-03-28,0.8574424386024475
1978-03-29,0.8664674758911133
1978-03-30,0.8664674758911133
1978-03-31,0.8724850416183472
1978-04-03,0.8574424386024475
1978-04-04,0.8544334769248962
1978-04-05,0.8634591102600098
1978-04-06,0.8664674758911133
1978-04-07,0.9115965962409973
1978-04-10,0.8935455679893494
1978-04-11,0.8935455679893494
1978-04-12,0.8965537548065186
1978-04-13,0.8905365467071533
1978-04-14,0.8965537548065186
1978-04-17,0.902570903301239
1978-04-18,0.902570903301239
1978-04-19,0.9176141619682312
1978-04-20,0.923630952835083
1978-04-21,0.9206224083900452
1978-04-24,0.9055792093276978
1978-04-25,0.8965537548065186
1978-04-26,0.8845192193984985
1978-04-27,0.8785026669502258
1978-04-28,0.902570903301239
1978-05-01,0.914604902267456
1978-05-02,0.9386736154556274
1978-05-03,0.9627413153648376
1978-05-04,0.9838021397590637
1978-05-05,0.9567252993583679
1978-05-08,0.9326562881469727
1978-05-09,0.9206224083900452
1978-05-10,0.9537163376808167
1978-05-11,0.9446904063224792
1978-05-12,0.947698712348938
1978-05-15,0.947698712348938
1978-05-16,0.9507076740264893
1978-05-17,0.9386736154556274
1978-05-18,0.935664713382721
1978-05-19,0.9326562881469727
1978-05-22,0.9386736154556274
1978-05-23,0.9386736154556274
1978-05-24,0.9176141619682312
1978-05-25,0.923630952835083
1978-05-26,0.9176141619682312
1978-05-30,0.923630952835083
1978-05-31,0.9266396164894104
1978-06-01,0.9266396164894104
1978-06-02,0.9115965962409973
1978-06-05,0.9055792093276978
1978-06-06,0.923630952835083
1978-06-07,0.9326562881469727
1978-06-08,0.9206224083900452
1978-06-09,0.9266396164894104
1978-06-12,0.914604902267456
1978-06-13,0.9055792093276978
1978-06-14,0.9085869789123535
1978-06-15,0.9176141619682312
1978-06-16,0.902570903301239
1978-06-19,0.8785026669502258
1978-06-20,0.8815104365348816
1978-06-21,0.8785026669502258
1978-06-22,0.8724850416183472
1978-06-23,0.8785026669502258
1978-06-26,0.8634591102600098
1978-06-27,0.8664674758911133
1978-06-28,0.869476318359375
1978-06-29,0.8845192193984985
1978-06-30,0.8875278234481812
1978-07-03,0.8845192193984985
1978-07-05,0.869476318359375
1978-07-06,0.869476318359375
1978-07-07,0.8815104365348816
1978-07-10,0.8664674758911133
1978-07-11,0.8724850416183472
1978-07-12,0.8875278234481812
1978-07-13,0.8845192193984985
1978-07-14,0.8845192193984985
1978-07-17,0.8935455679893494
1978-07-18,0.8905365467071533
1978-07-19,0.8935455679893494
1978-07-20,0.8965537548065186
1978-07-21,0.8965537548065186
1978-07-24,0.8935455679893494
1978-07-25,0.9085869789123535
1978-07-26,0.914604902267456
1978-07-27,0.902570903301239
1978-07-28,0.8995621204376221
1978-07-31,0.9085869789123535
1978-08-01,0.8995621204376221
1978-08-02,0.902570903301239
1978-08-03,0.9266396164894104
1978-08-04,0.9326562881469727
1978-08-07,0.9296474456787109
1978-08-08,0.9416817426681519
1978-08-09,0.9326562881469727
1978-08-10,0.9296474456787109
1978-08-11,0.9386736154556274
1978-08-14,0.9446904063224792
1978-08-15,0.9206224083900452
1978-08-16,0.923630952835083
1978-08-17,0.9446904063224792
1978-08-18,0.9446904063224792
1978-08-21,0.9446904063224792
1978-08-22,0.9416817426681519
1978-08-23,0.9326562881469727
1978-08-24,0.935664713382721
1978-08-25,0.9386736154556274
1978-08-28,0.9386736154556274
1978-08-29,0.935664713382721
1978-08-30,0.935664713382721
1978-08-31,0.9266396164894104
1978-09-01,0.9176141619682312
1978-09-05,0.9206224083900452
1978-09-06,0.923630952835083
1978-09-07,0.935664713382721
1978-09-08,0.9386736154556274
1978-09-11,0.9326562881469727
1978-09-12,0.9416817426681519
1978-09-13,0.9507076740264893
1978-09-14,0.9386736154556274
1978-09-15,0.9296474456787109
1978-09-18,0.9296474456787109
1978-09-19,0.9266396164894104
1978-09-20,0.9206224083900452
1978-09-21,0.9115965962409973
1978-09-22,0.9115965962409973
1978-09-25,0.902570903301239
1978-09-26,0.914604902267456
1978-09-27,0.9055792093276978
1978-09-28,0.9055792093276978
1978-09-29,0.9085869789123535
1978-10-02,0.9176141619682312
1978-10-03,0.914604902267456
1978-10-04,0.914604902267456
1978-10-05,0.914604902267456
1978-10-06,0.9115965962409973
1978-10-09,0.914604902267456
1978-10-10,0.9266396164894104
1978-10-11,0.9266396164894104
1978-10-12,0.923630952835083
1978-10-13,0.923630952835083
1978-10-16,0.902570903301239
1978-10-17,0.8965537548065186
1978-10-18,0.8875278234481812
1978-10-19,0.8845192193984985
1978-10-20,0.8875278234481812
1978-10-23,0.8724850416183472
1978-10-24,0.869476318359375
1978-10-25,0.860450804233551
1978-10-26,0.8454075455665588
1978-10-27,0.8123133182525635
1978-10-30,0.8002796769142151
1978-10-31,0.7401074171066284
1978-11-01,0.7792194485664368
1978-11-02,0.7732020616531372
1978-11-03,0.7942618727684021
1978-11-06,0.806296169757843
1978-11-07,0.806296169757843
1978-11-08,0.8123133182525635
1978-11-09,0.8183303475379944
1978-11-10,0.8123133182525635
1978-11-13,0.8002796769142151
1978-11-14,0.7852364182472229
1978-11-15,0.7882446050643921
1978-11-16,0.7912532687187195
1978-11-17,0.7942618727684021
1978-11-20,0.806296169757843
1978-11-21,0.806296169757843
1978-11-22,0.7942618727684021
1978-11-24,0.7822278141975403
1978-11-27,0.7882446050643921
1978-11-28,0.8002796769142151
1978-11-29,0.7942618727684021
1978-11-30,0.7912532687187195
1978-12-01,0.803287923336029
1978-12-04,0.806296169757843
1978-12-05,0.8183303475379944
1978-12-06,0.824347734451294
1978-12-07,0.824347734451294
1978-12-08,0.806296169757843
1978-12-11,0.8183303475379944
1978-12-12,0.8093048930168152
1978-12-13,0.8123133182525635
1978-12-14,0.8002796769142151
1978-12-15,0.7942618727684021
1978-12-18,0.7491331696510315
1978-12-19,0.752142608165741
1978-12-20,0.746125340461731
1978-12-21,0.7310824394226074
1978-12-22,0.767185628414154
1978-12-26,0.7641765475273132
1978-12-27,0.7701934576034546
1978-12-28,0.758159339427948
1978-12-29,0.752142608165741
1979-01-02,0.7641765475273132
1979-01-03,0.7732020616531372
1979-01-04,0.7822278141975403
1979-01-05,0.7822278141975403
1979-01-08,0.7942618727684021
1979-01-09,0.8002796769142151
1979-01-10,0.803287923336029
1979-01-11,0.8273566961288452
1979-01-12,0.8363819122314453
1979-01-15,0.8303654789924622
1979-01-16,0.8183303475379944
1979-01-17,0.824347734451294
1979-01-18,0.8303654789924622
1979-01-19,0.8303654789924622
1979-01-22,0.824347734451294
1979-01-23,0.8303654789924622
1979-01-24,0.8393911719322205
1979-01-25,0.8273566961288452
1979-01-26,0.806296169757843
1979-01-29,0.8123133182525635
1979-01-30,0.806296169757843
1979-01-31,0.806296169757843
1979-02-01,0.8183303475379944
1979-02-02,0.824347734451294
1979-02-05,0.8303654789924622
1979-02-06,0.8363819122314453
1979-02-07,0.8363819122314453
1979-02-08,0.8303654789924622
1979-02-09,0.8333740234375
1979-02-12,0.8183303475379944
1979-02-13,0.8213393092155457
1979-02-14,0.8213393092155457
1979-02-15,0.8123133182525635
1979-02-16,0.8093048930168152
1979-02-20,0.8183303475379944
1979-02-21,0.8183303475379944
1979-02-22,0.8002796769142151
1979-02-23,0.7882446050643921
1979-02-26,0.7852364182472229
1979-02-27,0.7641765475273132
1979-02-28,0.7551509141921997
1979-03-01,0.7551509141921997
1979-03-02,0.7551509141921997
1979-03-05,0.752142608165741
1979-03-06,0.7491331696510315
1979-03-07,0.7491331696510315
1979-03-08,0.7611677646636963
1979-03-09,0.7611677646636963
1979-03-12,0.7641765475273132
1979-03-13,0.7912532687187195
1979-03-14,0.797271192073822
1979-03-15,0.7822278141975403
1979-03-16,0.7942618727684021
1979-03-19,0.7852364182472229
1979-03-20,0.776210606098175
1979-03-21,0.7822278141975403
1979-03-22,0.7912532687187195
1979-03-23,0.7852364182472229
1979-03-26,0.7701934576034546
1979-03-27,0.7882446050643921
1979-03-28,0.7852364182472229
1979-03-29,0.7942618727684021
1979-03-30,0.803287923336029
1979-04-02,0.797271192073822
1979-04-03,0.8183303475379944
1979-04-04,0.860450804233551
1979-04-05,0.8754932880401611
1979-04-06,0.8544334769248962
1979-04-09,0.8363819122314453
1979-04-10,0.824347734451294
1979-04-11,0.8153221607208252
1979-04-12,0.8213393092155457
1979-04-16,0.8093048930168152
1979-04-17,0.8123133182525635
1979-04-18,0.8093048930168152
1979-04-19,0.806296169757843
1979-04-20,0.8093048930168152
1979-04-23,0.8333740234375
1979-04-24,0.8303654789924622
1979-04-25,0.824347734451294
1979-04-26,0.8153221607208252
1979-04-27,0.8183303475379944
1979-04-30,0.8153221607208252
1979-05-01,0.824347734451294
1979-05-02,0.8213393092155457
1979-05-03,0.8273566961288452
1979-05-04,0.824347734451294
1979-05-07,0.8093048930168152
1979-05-08,0.7942618727684021
1979-05-09,0.7912532687187195
1979-05-10,0.776210606098175
1979-05-11,0.7822278141975403
1979-05-14,0.7701934576034546
1979-05-15,0.7701934576034546
1979-05-16,0.7792194485664368
1979-05-17,0.776210606098175
1979-05-18,0.7912532687187195
1979-05-21,0.797271192073822
1979-05-22,0.7942618727684021
1979-05-23,0.7942618727684021
1979-05-24,0.7942618727684021
1979-05-25,0.7822278141975403
1979-05-29,0.8093048930168152
1979-05-30,0.8093048930168152
1979-05-31,0.7822278141975403
1979-06-01,0.7852364182472229
1979-06-04,0.7701934576034546
1979-06-05,0.797271192073822
1979-06-06,0.803287923336029
1979-06-07,0.8002796769142151
1979-06-08,0.797271192073822
1979-06-11,0.797271192073822
1979-06-12,0.7942618727684021
1979-06-13,0.7912532687187195
1979-06-14,0.7882446050643921
1979-06-15,0.7912532687187195
1979-06-18,0.7852364182472229
1979-06-19,0.7912532687187195
1979-06-20,0.7942618727684021
1979-06-21,0.797271192073822
1979-06-22,0.7942618727684021
1979-06-25,0.7852364182472229
1979-06-26,0.797271192073822
1979-06-27,0.806296169757843
1979-06-28,0.848416268825531
1979-06-29,0.8634591102600098
1979-07-02,0.8423995971679688
1979-07-03,0.8423995971679688
1979-07-05,0.851425051689148
1979-07-06,0.8544334769248962
1979-07-09,0.848416268825531
1979-07-10,0.8183303475379944
1979-07-11,0.8213393092155457
1979-07-12,0.8123133182525635
1979-07-13,0.8093048930168152
1979-07-16,0.806296169757843
1979-07-17,0.8093048930168152
1979-07-18,0.8183303475379944
1979-07-19,0.8213393092155457
1979-07-20,0.8183303475379944
1979-07-23,0.8123133182525635
1979-07-24,0.8123133182525635
1979-07-25,0.8123133182525635
1979-07-26,0.8123133182525635
1979-07-27,0.8123133182525635
1979-07-30,0.8123133182525635
1979-07-31,0.8093048930168152
1979-08-01,0.8423995971679688
1979-08-02,0.8303654789924622
1979-08-03,0.8303654789924622
1979-08-06,0.8153221607208252
1979-08-07,0.8273566961288452
1979-08-08,0.824347734451294
1979-08-09,0.8213393092155457
1979-08-10,0.8393911719322205
1979-08-13,0.8634591102600098
1979-08-14,0.860450804233551
1979-08-15,0.8574424386024475
1979-08-16,0.8634591102600098
1979-08-17,0.860450804233551
1979-08-20,0.8634591102600098
1979-08-21,0.8544334769248962
1979-08-22,0.8333740234375
1979-08-23,0.8363819122314453
1979-08-24,0.848416268825531
1979-08-27,0.8423995971679688
1979-08-28,0.8544334769248962
1979-08-29,0.8423995971679688
1979-08-30,0.8303654789924622
1979-08-31,0.8423995971679688
1979-09-04,0.8363819122314453
1979-09-05,0.8273566961288452
1979-09-06,0.8273566961288452
1979-09-07,0.8303654789924622
1979-09-10,0.8363819122314453
1979-09-11,0.8273566961288452
1979-09-12,0.8303654789924622
1979-09-13,0.8303654789924622
1979-09-14,0.8363819122314453
1979-09-17,0.8333740234375
1979-09-18,0.8303654789924622
1979-09-19,0.8273566961288452
1979-09-20,0.8213393092155457
1979-09-21,0.824347734451294
1979-09-24,0.8273566961288452
1979-09-25,0.8333740234375
1979-09-26,0.8273566961288452
1979-09-27,0.806296169757843
1979-09-28,0.7792194485664368
1979-10-01,0.776210606098175
1979-10-02,0.776210606098175
1979-10-03,0.7701934576034546
1979-10-04,0.7701934576034546
1979-10-05,0.7701934576034546
1979-10-08,0.7732020616531372
1979-10-09,0.7611677646636963
1979-10-10,0.7280733585357666
1979-10-11,0.7340906858444214
1979-10-12,0.7040050625801086
1979-10-15,0.7070136070251465
1979-10-16,0.7070136070251465
1979-10-17,0.7250649333000183
1979-10-18,0.7220567464828491
1979-10-19,0.6979875564575195
1979-10-22,0.6979875564575195
1979-10-23,0.7040050625801086
1979-10-24,0.7040050625801086
1979-10-25,0.6979875564575195
1979-10-26,0.7009965181350708
1979-10-29,0.6979875564575195
1979-10-30,0.6979875564575195
1979-10-31,0.6979875564575195
1979-11-01,0.7040050625801086
1979-11-02,0.7009965181350708
1979-11-05,0.6949796080589294
1979-11-06,0.6889621615409851
1979-11-07,0.6588764190673828
1979-11-08,0.6739189028739929
1979-11-09,0.6979875564575195
1979-11-12,0.7070136070251465
1979-11-13,0.7130308151245117
1979-11-14,0.7070136070251465
1979-11-15,0.7160395383834839
1979-11-16,0.7130308151245117
1979-11-19,0.7070136070251465
1979-11-20,0.7160395383834839
1979-11-21,0.7190478444099426
1979-11-23,0.7190478444099426
1979-11-26,0.746125340461731
1979-11-27,0.7401074171066284
1979-11-28,0.7641765475273132
1979-11-29,0.7822278141975403
1979-11-30,0.7732020616531372
1979-12-03,0.7792194485664368
1979-12-04,0.7912532687187195
1979-12-05,0.7792194485664368
1979-12-06,0.7792194485664368
1979-12-07,0.7822278141975403
1979-12-10,0.7912532687187195
1979-12-11,0.7942618727684021
1979-12-12,0.7942618727684021
1979-12-13,0.8123133182525635
1979-12-14,0.8183303475379944
1979-12-17,0.8183303475379944
1979-12-18,0.8153221607208252
1979-12-19,0.7732020616531372
1979-12-20,0.8183303475379944
1979-12-21,0.7942618727684021
1979-12-24,0.776210606098175
1979-12-26,0.7641765475273132
1979-12-27,0.806296169757843
1979-12-28,0.8183303475379944
1979-12-31,0.8183303475379944
1980-01-02,0.8002796769142151
1980-01-03,0.797271192073822
1980-01-04,0.803287923336029
1980-01-07,0.7942618727684021
1980-01-08,0.806296169757843
1980-01-09,0.8303654789924622
1980-01-10,0.8393911719322205
1980-01-11,0.824347734451294
1980-01-14,0.824347734451294
1980-01-15,0.8093048930168152
1980-01-16,0.8123133182525635
1980-01-17,0.806296169757843
1980-01-18,0.8183303475379944
1980-01-21,0.8183303475379944
1980-01-22,0.8002796769142151
1980-01-23,0.8183303475379944
1980-01-24,0.824347734451294
1980-01-25,0.8273566961288452
1980-01-28,0.8123133182525635
1980-01-29,0.806296169757843
1980-01-30,0.8183303475379944
1980-01-31,0.806296169757843
1980-02-01,0.806296169757843
1980-02-04,0.803287923336029
1980-02-05,0.8123133182525635
1980-02-06,0.797271192073822
1980-02-07,0.7942618727684021
1980-02-08,0.806296169757843
1980-02-11,0.8123133182525635
1980-02-12,0.8153221607208252
1980-02-13,0.803287923336029
1980-02-14,0.803287923336029
1980-02-15,0.8002796769142151
1980-02-19,0.7942618727684021
1980-02-20,0.7912532687187195
1980-02-21,0.7822278141975403
1980-02-22,0.7792194485664368
1980-02-25,0.7280733585357666
1980-02-26,0.746125340461731
1980-02-27,0.7491331696510315
1980-02-28,0.7701934576034546
1980-02-29,0.7641765475273132
1980-03-03,0.7641765475273132
1980-03-04,0.7641765475273132
1980-03-05,0.7491331696510315
1980-03-06,0.746125340461731
1980-03-07,0.752142608165741
1980-03-10,0.7250649333000183
1980-03-11,0.7220567464828491
1980-03-12,0.7310824394226074
1980-03-13,0.7280733585357666
1980-03-14,0.7220567464828491
1980-03-17,0.7040050625801086
1980-03-18,0.6979875564575195
1980-03-19,0.7160395383834839
1980-03-20,0.7160395383834839
1980-03-21,0.691970705986023
1980-03-24,0.6829453110694885
1980-03-25,0.6588764190673828
1980-03-26,0.6648938655853271
1980-03-27,0.6498510241508484
1980-03-28,0.6979875564575195
1980-03-31,0.710022509098053
1980-04-01,0.7280733585357666
1980-04-02,0.7491331696510315
1980-04-03,0.7431169152259827
1980-04-07,0.746125340461731
1980-04-08,0.752142608165741
1980-04-09,0.806296169757843
1980-04-10,0.803287923336029
1980-04-11,0.8303654789924622
1980-04-14,0.8183303475379944
1980-04-15,0.8002796769142151
1980-04-16,0.7912532687187195
1980-04-17,0.797271192073822
1980-04-18,0.797271192073822
1980-04-21,0.7882446050643921
1980-04-22,0.8183303475379944
1980-04-23,0.806296169757843
1980-04-24,0.8183303475379944
1980-04-25,0.8423995971679688
1980-04-28,0.8423995971679688
1980-04-29,0.848416268825531
1980-04-30,0.848416268825531
1980-05-01,0.8273566961288452
1980-05-02,0.8363819122314453
1980-05-05,0.8303654789924622
1980-05-06,0.8303654789924622
1980-05-07,0.8303654789924622
1980-05-08,0.824347734451294
1980-05-09,0.8273566961288452
1980-05-12,0.8123133182525635
1980-05-13,0.8183303475379944
1980-05-14,0.8213393092155457
1980-05-15,0.824347734451294
1980-05-16,0.824347734451294
1980-05-19,0.824347734451294
1980-05-20,0.8213393092155457
1980-05-21,0.8213393092155457
1980-05-22,0.8183303475379944
1980-05-23,0.824347734451294
1980-05-27,0.8153221607208252
1980-05-28,0.8183303475379944
1980-05-29,0.8153221607208252
1980-05-30,0.8153221607208252
1980-06-02,0.8123133182525635
1980-06-03,0.8123133182525635
1980-06-04,0.8123133182525635
1980-06-05,0.824347734451294
1980-06-06,0.8273566961288452
1980-06-09,0.8363819122314453
1980-06-10,0.860450804233551
1980-06-11,0.848416268825531
1980-06-12,0.8544334769248962
1980-06-13,0.8544334769248962
1980-06-16,0.860450804233551
1980-06-17,0.8724850416183472
1980-06-18,0.860450804233551
1980-06-19,0.8423995971679688
1980-06-20,0.848416268825531
1980-06-23,0.8423995971679688
1980-06-24,0.8423995971679688
1980-06-25,0.8303654789924622
1980-06-26,0.8303654789924622
1980-06-27,0.8303654789924622
1980-06-30,0.797271192073822
1980-07-01,0.8123133182525635
1980-07-02,0.8093048930168152
1980-07-03,0.8333740234375
1980-07-07,0.8273566961288452
1980-07-08,0.8183303475379944
1980-07-09,0.824347734451294
1980-07-10,0.8333740234375
1980-07-11,0.8393911719322205
1980-07-14,0.860450804233551
1980-07-15,0.860450804233551
1980-07-16,0.8574424386024475
1980-07-17,0.8454075455665588
1980-07-18,0.8785026669502258
1980-07-21,0.8724850416183472
1980-07-22,0.8724850416183472
1980-07-23,0.8935455679893494
1980-07-24,0.8875278234481812
1980-07-25,0.8935455679893494
1980-07-28,0.8995621204376221
1980-07-29,0.923630952835083
1980-07-30,0.9085869789123535
1980-07-31,0.923630952835083
1980-08-01,0.9206224083900452
1980-08-04,0.9326562881469727
1980-08-05,0.9416817426681519
1980-08-06,0.923630952835083
1980-08-07,0.914604902267456
1980-08-08,0.914604902267456
1980-08-11,0.9206224083900452
1980-08-12,0.9206224083900452
1980-08-13,0.9386736154556274
1980-08-14,0.9507076740264893
1980-08-15,0.9567252993583679
1980-08-18,0.9416817426681519
1980-08-19,0.9266396164894104
1980-08-20,0.9386736154556274
1980-08-21,0.9446904063224792
1980-08-22,0.9446904063224792
1980-08-25,0.935664713382721
1980-08-26,0.935664713382721
1980-08-27,0.9446904063224792
1980-08-28,0.9386736154556274
1980-08-29,0.9326562881469727
1980-09-02,0.9386736154556274
1980-09-03,0.9326562881469727
1980-09-04,0.9386736154556274
1980-09-05,0.923630952835083
1980-09-08,0.9115965962409973
1980-09-09,0.914604902267456
1980-09-10,0.9085869789123535
1980-09-11,0.9206224083900452
1980-09-12,0.9266396164894104
1980-09-15,0.914604902267456
1980-09-16,0.9386736154556274
1980-09-17,0.9446904063224792
1980-09-18,0.9446904063224792
1980-09-19,0.9627413153648376
1980-09-22,0.9807940125465393
1980-09-23,0.9928281307220459
1980-09-24,1.0289306640625
1980-09-25,1.0048620700836182
1980-09-26,0.986810564994812
1980-09-29,0.9777851700782776
1980-09-30,1.0108795166015625
1980-10-01,1.0289306640625
1980-10-02,1.0199053287506104
1980-10-03,1.0229127407073975
1980-10-06,1.0379563570022583
1980-10-07,1.0199053287506104
1980-10-08,1.0289306640625
1980-10-09,1.0018529891967773
1980-10-10,0.986810564994812
1980-10-13,0.9958356618881226
1980-10-14,1.0048620700836182
1980-10-15,1.0319395065307617
1980-10-16,1.0108795166015625
1980-10-17,1.0229127407073975
1980-10-20,1.0199053287506104
1980-10-21,1.0199053287506104
1980-10-22,1.0168962478637695
1980-10-23,1.0018529891967773
1980-10-24,0.9988439083099365
1980-10-27,0.986810564994812
1980-10-28,0.9687596559524536
1980-10-29,0.9838021397590637
1980-10-30,0.9777851700782776
1980-10-31,0.986810564994812
1980-11-03,1.0168962478637695
1980-11-05,1.074059247970581
1980-11-06,1.1071534156799316
1980-11-07,1.12821364402771
1980-11-10,1.1402473449707031
1980-11-11,1.1101621389389038
1980-11-12,1.1101621389389038
1980-11-13,1.1402473449707031
1980-11-14,1.1582988500595093
1980-11-17,1.1552908420562744
1980-11-18,1.1342310905456543
1980-11-19,1.122196078300476
1980-11-20,1.1191869974136353
1980-11-21,1.1312224864959717
1980-11-24,1.1402473449707031
1980-11-25,1.1372390985488892
1980-11-26,1.167324423789978
1980-11-28,1.1552908420562744
1980-12-01,1.191393256187439
1980-12-02,1.20041823387146
1980-12-03,1.1733415126800537
1980-12-04,1.191393256187439
1980-12-05,1.167324423789978
1980-12-08,1.1492724418640137
1980-12-09,1.161307454109192
1980-12-10,1.1793591976165771
1980-12-11,1.1582988500595093
1980-12-12,1.1492724418640137
1980-12-15,1.1462645530700684
1980-12-16,1.1492724418640137
1980-12-17,1.1462645530700684
1980-12-18,1.170333743095398
1980-12-19,1.2034270763397217
1980-12-22,1.2064365148544312
1980-12-23,1.191393256187439
1980-12-24,1.1944020986557007
1980-12-26,1.2034270763397217
1980-12-29,1.2154614925384521
1980-12-30,1.2575818300247192
1980-12-31,1.2575818300247192
1981-01-02,1.272624135017395
1981-01-05,1.2966933250427246
1981-01-06,1.2966933250427246
1981-01-07,1.2605901956558228
1981-01-08,1.2395305633544922
1981-01-09,1.2425390481948853
1981-01-12,1.2335134744644165
1981-01-13,1.2034270763397217
1981-01-14,1.197410225868225
1981-01-15,1.164315938949585
1981-01-16,1.2064365148544312
1981-01-19,1.1883846521377563
1981-01-20,1.1944020986557007
1981-01-21,1.164315938949585
1981-01-22,1.1342310905456543
1981-01-23,1.1492724418640137
1981-01-26,1.1372390985488892
1981-01-27,1.143255591392517
1981-01-28,1.1492724418640137
1981-01-29,1.1522811651229858
1981-01-30,1.1402473449707031
1981-02-02,1.1011366844177246
1981-02-03,1.143255591392517
1981-02-04,1.143255591392517
1981-02-05,1.1522811651229858
1981-02-06,1.1462645530700684
1981-02-09,1.143255591392517
1981-02-10,1.1492724418640137
1981-02-11,1.1402473449707031
1981-02-12,1.1372390985488892
1981-02-13,1.1312224864959717
1981-02-17,1.143255591392517
1981-02-18,1.161307454109192
1981-02-19,1.1522811651229858
1981-02-20,1.1252049207687378
1981-02-23,1.1252049207687378
1981-02-24,1.1402473449707031
1981-02-25,1.143255591392517
1981-02-26,1.1492724418640137
1981-02-27,1.167324423789978
1981-03-02,1.191393256187439
1981-03-03,1.1944020986557007
1981-03-04,1.1944020986557007
1981-03-05,1.1793591976165771
1981-03-06,1.1883846521377563
1981-03-09,1.2034270763397217
1981-03-10,1.2154614925384521
1981-03-11,1.2094441652297974
1981-03-12,1.20041823387146
1981-03-13,1.2154614925384521
1981-03-16,1.2094441652297974
1981-03-17,1.2034270763397217
1981-03-18,1.197410225868225
1981-03-19,1.185375452041626
1981-03-20,1.1883846521377563
1981-03-23,1.191393256187439
1981-03-24,1.167324423789978
1981-03-25,1.170333743095398
1981-03-26,1.1582988500595093
1981-03-27,1.167324423789978
1981-03-30,1.1582988500595093
1981-03-31,1.1733415126800537
1981-04-01,1.2034270763397217
1981-04-02,1.2395305633544922
1981-04-03,1.2214794158935547
1981-04-06,1.2094441652297974
1981-04-07,1.197410225868225
1981-04-08,1.20041823387146
1981-04-09,1.191393256187439
1981-04-10,1.1883846521377563
1981-04-13,1.197410225868225
1981-04-14,1.1883846521377563
1981-04-15,1.185375452041626
1981-04-16,1.1793591976165771
1981-04-20,1.1793591976165771
1981-04-21,1.191393256187439
1981-04-22,1.191393256187439
1981-04-23,1.191393256187439
1981-04-24,1.1763503551483154
1981-04-27,1.167324423789978
1981-04-28,1.1552908420562744
1981-04-29,1.143255591392517
1981-04-30,1.1552908420562744
1981-05-01,1.1522811651229858
1981-05-04,1.1342310905456543
1981-05-05,1.1131703853607178
1981-05-06,1.122196078300476
1981-05-07,1.1372390985488892
1981-05-08,1.1402473449707031
1981-05-11,1.1312224864959717
1981-05-12,1.1191869974136353
1981-05-13,1.1191869974136353
1981-05-14,1.1191869974136353
1981-05-15,1.122196078300476
1981-05-18,1.1312224864959717
1981-05-19,1.1071534156799316
1981-05-20,1.1131703853607178
1981-05-21,1.1071534156799316
1981-05-22,1.1191869974136353
1981-05-26,1.1312224864959717
1981-05-27,1.1312224864959717
1981-05-28,1.143255591392517
1981-05-29,1.1522811651229858
1981-06-01,1.143255591392517
1981-06-02,1.1312224864959717
1981-06-03,1.1462645530700684
1981-06-04,1.1552908420562744
1981-06-05,1.1582988500595093
1981-06-08,1.170333743095398
1981-06-09,1.1793591976165771
1981-06-10,1.1823670864105225
1981-06-11,1.1883846521377563
1981-06-12,1.191393256187439
1981-06-15,1.1793591976165771
1981-06-16,1.1793591976165771
1981-06-17,1.1582988500595093
1981-06-18,1.1492724418640137
1981-06-19,1.161307454109192
1981-06-22,1.167324423789978
1981-06-23,1.164315938949585
1981-06-24,1.1552908420562744
1981-06-25,1.1492724418640137
1981-06-26,1.143255591392517
1981-06-29,1.1191869974136353
1981-06-30,1.095118522644043
1981-07-01,1.1011366844177246
1981-07-02,1.0981274843215942
1981-07-06,1.0981274843215942
1981-07-07,1.0981274843215942
1981-07-08,1.083083987236023
1981-07-09,1.074059247970581
1981-07-10,1.0860929489135742
1981-07-13,1.083083987236023
1981-07-14,1.0860929489135742
1981-07-15,1.1191869974136353
1981-07-16,1.122196078300476
1981-07-17,1.122196078300476
1981-07-20,1.083083987236023
1981-07-21,1.083083987236023
1981-07-22,1.089101791381836
1981-07-23,1.0770668983459473
1981-07-24,1.089101791381836
1981-07-27,1.1011366844177246
1981-07-28,1.1071534156799316
1981-07-29,1.1191869974136353
1981-07-30,1.122196078300476
1981-07-31,1.1312224864959717
1981-08-03,1.1071534156799316
1981-08-04,1.122196078300476
1981-08-05,1.1161788702011108
1981-08-06,1.1312224864959717
1981-08-07,1.1161788702011108
1981-08-10,1.1071534156799316
1981-08-11,1.1041450500488281
1981-08-12,1.1071534156799316
1981-08-13,1.1071534156799316
1981-08-14,1.1041450500488281
1981-08-17,1.074059247970581
1981-08-18,1.0620243549346924
1981-08-19,1.0499906539916992
1981-08-20,1.083083987236023
1981-08-21,1.0860929489135742
1981-08-24,1.059016227722168
1981-08-25,1.0289306640625
1981-08-26,1.0289306640625
1981-08-27,1.0078712701797485
1981-08-28,1.0168962478637695
1981-08-31,0.9928281307220459
1981-09-01,0.9807940125465393
1981-09-02,0.9958356618881226
1981-09-03,0.9717676043510437
1981-09-04,0.9567252993583679
1981-09-08,0.935664713382721
1981-09-09,0.9507076740264893
1981-09-10,0.947698712348938
1981-09-11,0.9507076740264893
1981-09-14,0.9627413153648376
1981-09-15,0.9657503962516785
1981-09-16,0.9597336053848267
1981-09-17,0.9627413153648376
1981-09-18,0.9597336053848267
1981-09-21,0.9747757911682129
1981-09-22,0.986810564994812
1981-09-23,0.9567252993583679
1981-09-24,0.9627413153648376
1981-09-25,0.923630952835083
1981-09-28,0.9115965962409973
1981-09-29,0.9206224083900452
1981-09-30,0.9266396164894104
1981-10-01,0.9266396164894104
1981-10-02,0.9567252993583679
1981-10-05,0.9567252993583679
1981-10-06,0.9416817426681519
1981-10-07,0.947698712348938
1981-10-08,0.9627413153648376
1981-10-09,0.9687596559524536
1981-10-12,0.9807940125465393
1981-10-13,0.9838021397590637
1981-10-14,0.9747757911682129
1981-10-15,0.9627413153648376
1981-10-16,0.9657503962516785
1981-10-19,0.9747757911682129
1981-10-20,0.9627413153648376
1981-10-21,0.9627413153648376
1981-10-22,0.9747757911682129
1981-10-23,1.0048620700836182
1981-10-26,1.0048620700836182
1981-10-27,1.034947395324707
1981-10-28,1.0469820499420166
1981-10-29,1.0409648418426514
1981-10-30,1.0770668983459473
1981-11-02,1.0800762176513672
1981-11-03,1.0981274843215942
1981-11-04,1.1101621389389038
1981-11-05,1.1011366844177246
1981-11-06,1.083083987236023
1981-11-09,1.0620243549346924
1981-11-10,1.074059247970581
1981-11-11,1.1011366844177246
1981-11-12,1.1191869974136353
1981-11-13,1.122196078300476
1981-11-16,1.1131703853607178
1981-11-17,1.1252049207687378
1981-11-18,1.12821364402771
1981-11-19,1.1312224864959717
1981-11-20,1.1372390985488892
1981-11-23,1.1312224864959717
1981-11-24,1.1372390985488892
1981-11-25,1.1402473449707031
1981-11-27,1.143255591392517
1981-11-30,1.1492724418640137
1981-12-01,1.1552908420562744
1981-12-02,1.1552908420562744
1981-12-03,1.1492724418640137
1981-12-04,1.1372390985488892
1981-12-07,1.1131703853607178
1981-12-08,1.1071534156799316
1981-12-09,1.0981274843215942
1981-12-10,1.0860929489135742
1981-12-11,1.0921103954315186
1981-12-14,1.0680421590805054
1981-12-15,1.083083987236023
1981-12-16,1.083083987236023
1981-12-17,1.074059247970581
1981-12-18,1.095118522644043
1981-12-21,1.089101791381836
1981-12-22,1.089101791381836
1981-12-23,1.089101791381836
1981-12-24,1.083083987236023
1981-12-28,1.095118522644043
1981-12-29,1.0921103954315186
1981-12-30,1.122196078300476
1981-12-31,1.1492724418640137
1982-01-04,1.1552908420562744
1982-01-05,1.1131703853607178
1982-01-06,1.095118522644043
1982-01-07,1.1011366844177246
1982-01-08,1.1071534156799316
1982-01-11,1.0800762176513672
1982-01-12,1.0680421590805054
1982-01-13,1.074059247970581
1982-01-14,1.0981274843215942
1982-01-15,1.0921103954315186
1982-01-18,1.0860929489135742
1982-01-19,1.083083987236023
1982-01-20,1.074059247970581
1982-01-21,1.089101791381836
1982-01-22,1.083083987236023
1982-01-25,1.0770668983459473
1982-01-26,1.0921103954315186
1982-01-27,1.1131703853607178
1982-01-28,1.143255591392517
1982-01-29,1.167324423789978
1982-02-01,1.1342310905456543
1982-02-02,1.161307454109192
1982-02-03,1.1492724418640137
1982-02-04,1.143255591392517
1982-02-05,1.1793591976165771
1982-02-08,1.1522811651229858
1982-02-09,1.1552908420562744
1982-02-10,1.1522811651229858
1982-02-11,1.167324423789978
1982-02-12,1.1883846521377563
1982-02-16,1.1733415126800537
1982-02-17,1.185375452041626
1982-02-18,1.197410225868225
1982-02-19,1.197410225868225
1982-02-22,1.1733415126800537
1982-02-23,1.1312224864959717
1982-02-24,1.095118522644043
1982-02-25,1.0770668983459473
1982-02-26,1.0710504055023193
1982-03-01,1.0499906539916992
1982-03-02,1.0560076236724854
1982-03-03,1.0259219408035278
1982-03-04,1.0289306640625
1982-03-05,1.0229127407073975
1982-03-08,1.0138880014419556
1982-03-09,1.0469820499420166
1982-03-10,1.059016227722168
1982-03-11,1.065032958984375
1982-03-12,1.0529992580413818
1982-03-15,1.0529992580413818
1982-03-16,1.0469820499420166
1982-03-17,1.0409648418426514
1982-03-18,1.0319395065307617
1982-03-19,1.034947395324707
1982-03-22,1.0289306640625
1982-03-23,1.0138880014419556
1982-03-24,1.0108795166015625
1982-03-25,1.0078712701797485
1982-03-26,1.0018529891967773
1982-03-29,0.9928281307220459
1982-03-30,0.9928281307220459
1982-03-31,0.9988439083099365
1982-04-01,1.034947395324707
1982-04-02,1.0409648418426514
1982-04-05,1.0379563570022583
1982-04-06,1.0529992580413818
1982-04-07,1.043973445892334
1982-04-08,1.043973445892334
1982-04-12,1.0469820499420166
1982-04-13,1.0529992580413818
1982-04-14,1.0560076236724854
1982-04-15,1.0560076236724854
1982-04-16,1.0710504055023193
1982-04-19,1.074059247970581
1982-04-20,1.0680421590805054
1982-04-21,1.0680421590805054
1982-04-22,1.0770668983459473
1982-04-23,1.083083987236023
1982-04-26,1.1011366844177246
1982-04-27,1.0770668983459473
1982-04-28,1.074059247970581
1982-04-29,1.065032958984375
1982-04-30,1.065032958984375
1982-05-03,1.059016227722168
1982-05-04,1.0620243549346924
1982-05-05,1.059016227722168
1982-05-06,1.059016227722168
1982-05-07,1.0469820499420166
1982-05-10,1.034947395324707
1982-05-11,1.0319395065307617
1982-05-12,1.0379563570022583
1982-05-13,1.0259219408035278
1982-05-14,1.034947395324707
1982-05-17,1.0168962478637695
1982-05-18,1.0138880014419556
1982-05-19,1.0048620700836182
1982-05-20,1.0078712701797485
1982-05-21,1.0048620700836182
1982-05-24,1.0048620700836182
1982-05-25,1.0048620700836182
1982-05-26,1.0048620700836182
1982-05-27,1.0078712701797485
1982-05-28,0.9988439083099365
1982-06-01,0.9928281307220459
1982-06-02,0.9898191094398499
1982-06-03,0.9898191094398499
1982-06-04,0.9747757911682129
1982-06-07,0.9777851700782776
1982-06-08,0.9807940125465393
1982-06-09,0.9747757911682129
1982-06-10,0.9777851700782776
1982-06-11,0.9838021397590637
1982-06-14,0.9777851700782776
1982-06-15,0.9807940125465393
1982-06-16,0.9958356618881226
1982-06-17,0.9717676043510437
1982-06-18,0.9597336053848267
1982-06-21,0.9537163376808167
1982-06-22,0.9537163376808167
1982-06-23,0.9627413153648376
1982-06-24,0.9537163376808167
1982-06-25,0.9537163376808167
1982-06-28,0.986810564994812
1982-06-29,0.9928281307220459
1982-06-30,0.9988439083099365
1982-07-01,0.9928281307220459
1982-07-02,0.9928281307220459
1982-07-06,0.9807940125465393
1982-07-07,0.9747757911682129
1982-07-08,0.9717676043510437
1982-07-09,0.9747757911682129
1982-07-12,0.9717676043510437
1982-07-13,0.9597336053848267
1982-07-14,0.9567252993583679
1982-07-15,0.9657503962516785
1982-07-16,0.986810564994812
1982-07-19,0.986810564994812
1982-07-20,0.986810564994812
1982-07-21,0.9777851700782776
1982-07-22,0.9807940125465393
1982-07-23,0.9537163376808167
1982-07-26,0.9326562881469727
1982-07-27,0.9386736154556274
1982-07-28,0.9386736154556274
1982-07-29,0.923630952835083
1982-07-30,0.9386736154556274
1982-08-02,0.9446904063224792
1982-08-03,0.9266396164894104
1982-08-04,0.8965537548065186
1982-08-05,0.8875278234481812
1982-08-06,0.8785026669502258
1982-08-09,0.8785026669502258
1982-08-10,0.8815104365348816
1982-08-11,0.8785026669502258
1982-08-12,0.8905365467071533
1982-08-13,0.8724850416183472
1982-08-16,0.8754932880401611
1982-08-17,0.8905365467071533
1982-08-18,0.9266396164894104
1982-08-19,0.9266396164894104
1982-08-20,0.9507076740264893
1982-08-23,0.9446904063224792
1982-08-24,0.9567252993583679
1982-08-25,0.9928281307220459
1982-08-26,1.0078712701797485
1982-08-27,0.9777851700782776
1982-08-30,0.986810564994812
1982-08-31,1.0108795166015625
1982-09-01,1.0018529891967773
1982-09-02,1.0078712701797485
1982-09-03,1.0048620700836182
1982-09-07,0.9807940125465393
1982-09-08,0.9747757911682129
1982-09-09,0.9687596559524536
1982-09-10,0.986810564994812
1982-09-13,0.9928281307220459
1982-09-14,1.0168962478637695
1982-09-15,1.0409648418426514
1982-09-16,1.0469820499420166
1982-09-17,1.0168962478637695
1982-09-20,0.9807940125465393
1982-09-21,1.0048620700836182
1982-09-22,1.0199053287506104
1982-09-23,1.0229127407073975
1982-09-24,1.0018529891967773
1982-09-27,1.0229127407073975
1982-09-28,1.0108795166015625
1982-09-29,0.9988439083099365
1982-09-30,0.986810564994812
1982-10-01,1.0048620700836182
1982-10-04,1.0078712701797485
1982-10-05,1.0048620700836182
1982-10-06,1.0168962478637695
1982-10-07,1.0499906539916992
1982-10-08,1.0680421590805054
1982-10-11,1.1191869974136353
1982-10-12,1.083083987236023
1982-10-13,1.1131703853607178
1982-10-14,1.0860929489135742
1982-10-15,1.0680421590805054
1982-10-18,1.065032958984375
1982-10-19,1.065032958984375
1982-10-20,1.0680421590805054
1982-10-21,1.059016227722168
1982-10-22,1.0529992580413818
1982-10-25,1.0409648418426514
1982-10-26,1.0319395065307617
1982-10-27,1.059016227722168
1982-10-28,1.083083987236023
1982-10-29,1.1041450500488281
1982-11-01,1.089101791381836
1982-11-02,1.0710504055023193
1982-11-03,1.1071534156799316
1982-11-04,1.1161788702011108
1982-11-05,1.1071534156799316
1982-11-08,1.1041450500488281
1982-11-09,1.1372390985488892
1982-11-10,1.1131703853607178
1982-11-11,1.1191869974136353
1982-11-12,1.122196078300476
1982-11-15,1.1101621389389038
1982-11-16,1.1041450500488281
1982-11-17,1.1071534156799316
1982-11-18,1.0921103954315186
1982-11-19,1.095118522644043
1982-11-22,1.074059247970581
1982-11-23,1.0680421590805054
1982-11-24,1.059016227722168
1982-11-26,1.0529992580413818
1982-11-29,1.059016227722168
1982-11-30,1.0560076236724854
1982-12-01,1.095118522644043
1982-12-02,1.0981274843215942
1982-12-03,1.095118522644043
1982-12-06,1.083083987236023
1982-12-07,1.1071534156799316
1982-12-08,1.1071534156799316
1982-12-09,1.0800762176513672
1982-12-10,1.0710504055023193
1982-12-13,1.0620243549346924
1982-12-14,1.0469820499420166
1982-12-15,1.034947395324707
1982-12-16,1.0469820499420166
1982-12-17,1.0529992580413818
1982-12-20,1.0289306640625
1982-12-21,1.034947395324707
1982-12-22,1.034947395324707
1982-12-23,1.0379563570022583
1982-12-27,1.0409648418426514
1982-12-28,1.043973445892334
1982-12-29,1.0409648418426514
1982-12-30,1.034947395324707
1982-12-31,1.0229127407073975
1983-01-03,1.034947395324707
1983-01-04,1.0409648418426514
1983-01-05,1.0229127407073975
1983-01-06,1.0409648418426514
1983-01-07,1.0620243549346924
1983-01-10,1.1131703853607178
1983-01-11,1.1071534156799316
1983-01-12,1.095118522644043
1983-01-13,1.083083987236023
1983-01-14,1.083083987236023
1983-01-17,1.0770668983459473
1983-01-18,1.0710504055023193
1983-01-19,1.059016227722168
1983-01-20,1.0409648418426514
1983-01-21,1.0680421590805054
1983-01-24,1.0469820499420166
1983-01-25,1.0529992580413818
1983-01-26,1.034947395324707
1983-01-27,1.034947395324707
1983-01-28,1.0680421590805054
1983-01-31,1.0680421590805054
1983-02-01,1.0529992580413818
1983-02-02,1.0560076236724854
1983-02-03,1.065032958984375
1983-02-04,1.065032958984375
1983-02-07,1.0529992580413818
1983-02-08,1.0168962478637695
1983-02-09,1.0108795166015625
1983-02-10,1.0108795166015625
1983-02-11,1.0108795166015625
1983-02-14,1.0168962478637695
1983-02-15,1.0168962478637695
1983-02-16,0.9988439083099365
1983-02-17,1.0168962478637695
1983-02-18,1.0138880014419556
1983-02-22,0.9747757911682129
1983-02-23,0.986810564994812
1983-02-24,1.0078712701797485
1983-02-25,1.0018529891967773
1983-02-28,1.0199053287506104
1983-03-01,1.034947395324707
1983-03-02,1.0529992580413818
1983-03-03,1.0680421590805054
1983-03-04,1.095118522644043
1983-03-07,1.143255591392517
1983-03-08,1.089101791381836
1983-03-09,1.095118522644043
1983-03-10,1.059016227722168
1983-03-11,1.0529992580413818
1983-03-14,1.059016227722168
1983-03-15,1.083083987236023
1983-03-16,1.0770668983459473
1983-03-17,1.0770668983459473
1983-03-18,1.0770668983459473
1983-03-21,1.0680421590805054
1983-03-22,1.0499906539916992
1983-03-23,1.0529992580413818
1983-03-24,1.083083987236023
1983-03-25,1.1041450500488281
1983-03-28,1.1342310905456543
1983-03-29,1.1312224864959717
1983-03-30,1.143255591392517
1983-03-31,1.1462645530700684
1983-04-04,1.122196078300476
1983-04-05,1.1071534156799316
1983-04-06,1.1071534156799316
1983-04-07,1.1071534156799316
1983-04-08,1.1342310905456543
1983-04-11,1.1191869974136353
1983-04-12,1.1161788702011108
1983-04-13,1.1312224864959717
1983-04-14,1.1462645530700684
1983-04-15,1.185375452041626
1983-04-18,1.185375452041626
1983-04-19,1.170333743095398
1983-04-20,1.1552908420562744
1983-04-21,1.1582988500595093
1983-04-22,1.1823670864105225
1983-04-25,1.1733415126800537
1983-04-26,1.185375452041626
1983-04-27,1.185375452041626
1983-04-28,1.1733415126800537
1983-04-29,1.191393256187439
1983-05-02,1.1793591976165771
1983-05-03,1.1733415126800537
1983-05-04,1.1733415126800537
1983-05-05,1.1944020986557007
1983-05-06,1.185375452041626
1983-05-09,1.1733415126800537
1983-05-10,1.1883846521377563
1983-05-11,1.1793591976165771
1983-05-12,1.1733415126800537
1983-05-13,1.185375452041626
1983-05-16,1.164315938949585
1983-05-17,1.1552908420562744
1983-05-18,1.1492724418640137
1983-05-19,1.1522811651229858
1983-05-20,1.167324423789978
1983-05-23,1.167324423789978
1983-05-24,1.167324423789978
1983-05-25,1.167324423789978
1983-05-26,1.1582988500595093
1983-05-27,1.1582988500595093
1983-05-31,1.1552908420562744
1983-06-01,1.143255591392517
1983-06-02,1.1312224864959717
1983-06-03,1.1342310905456543
1983-06-06,1.143255591392517
1983-06-07,1.1380987167358398
1983-06-08,1.1502060890197754
1983-06-09,1.1411259174346924
1983-06-10,1.1592864990234375
1983-06-13,1.171393871307373
1983-06-14,1.1925815343856812
1983-06-15,1.2016627788543701
1983-06-16,1.1986353397369385
1983-06-17,1.1925815343856812
1983-06-20,1.1925815343856812
1983-06-21,1.2077159881591797
1983-06-22,1.228903889656067
1983-06-23,1.2349580526351929
1983-06-24,1.2954946756362915
1983-06-27,1.262200117111206
1983-06-28,1.174420952796936
1983-06-29,1.168367862701416
1983-06-30,1.1380987167358398
1983-07-01,1.116910457611084
1983-07-05,1.1108568906784058
1983-07-06,1.116910457611084
1983-07-07,1.1017757654190063
1983-07-08,1.0957221984863281
1983-07-11,1.1017757654190063
1983-07-12,1.0654537677764893
1983-07-13,1.0836149454116821
1983-07-14,1.0593992471694946
1983-07-15,1.0715079307556152
1983-07-18,1.0957221984863281
1983-07-19,1.0866416692733765
1983-07-20,1.0805882215499878
1983-07-21,1.0533465147018433
1983-07-22,1.0775610208511353
1983-07-25,1.0654537677764893
1983-07-26,1.0533465147018433
1983-07-27,1.035185694694519
1983-07-28,0.9928091168403625
1983-07-29,0.9746480584144592
1983-08-01,0.9897821545600891
1983-08-02,1.010970115661621
1983-08-03,1.020051121711731
1983-08-04,1.007942795753479
1983-08-05,1.010970115661621
1983-08-08,1.0049160718917847
1983-08-09,0.9897821545600891
1983-08-10,0.9807013869285583
1983-08-11,0.9776740074157715
1983-08-12,0.9928091168403625
1983-08-15,0.9685941934585571
1983-08-16,0.9685941934585571
1983-08-17,0.9867560863494873
1983-08-18,0.9746480584144592
1983-08-19,0.9685941934585571
1983-08-22,0.9776740074157715
1983-08-23,0.9807013869285583
1983-08-24,0.9807013869285583
1983-08-25,0.9897821545600891
1983-08-26,0.9776740074157715
1983-08-29,0.9776740074157715
1983-08-30,0.9595140218734741
1983-08-31,0.9837291836738586
1983-09-01,0.9867560863494873
1983-09-02,0.9968034625053406
1983-09-06,1.0059480667114258
1983-09-07,0.9815616607666016
1983-09-08,0.9998509287834167
1983-09-09,0.9876574277877808
1983-09-12,0.9907062649726868
1983-09-13,0.9907062649726868
1983-09-14,0.9846091270446777
1983-09-15,0.9663196206092834
1983-09-16,0.9632706046104431
1983-09-19,0.9754641056060791
1983-09-20,0.9846091270446777
1983-09-21,0.9785129427909851
1983-09-22,0.9785129427909851
1983-09-23,0.9785129427909851
1983-09-26,0.9754641056060791
1983-09-27,0.9754641056060791
1983-09-28,0.9785129427909851
1983-09-29,0.9937549829483032
1983-09-30,0.9937549829483032
1983-10-03,0.9937549829483032
1983-10-04,1.0120443105697632
1983-10-05,1.0425280332565308
1983-10-06,1.0486243963241577
1983-10-07,1.0486243963241577
1983-10-10,1.060817837715149
1983-10-11,1.0425280332565308
1983-10-12,1.0333833694458008
1983-10-13,1.0364313125610352
1983-10-14,1.0303336381912231
1983-10-17,1.0181405544281006
1983-10-18,1.0059480667114258
1983-10-19,0.9876574277877808
1983-10-20,0.9968034625053406
1983-10-21,0.9998509287834167
1983-10-24,1.0059480667114258
1983-10-25,1.0120443105697632
1983-10-26,0.9998509287834167
1983-10-27,1.0059480667114258
1983-10-28,0.9937549829483032
1983-10-31,0.9693681597709656
1983-11-01,0.957175076007843
1983-11-02,0.9754641056060791
1983-11-03,0.9693681597709656
1983-11-04,0.9327886700630188
1983-11-07,0.9327886700630188
1983-11-08,0.923643171787262
1983-11-09,0.9266913533210754
1983-11-10,0.9388845562934875
1983-11-11,0.9510776996612549
1983-11-14,0.9419332146644592
1983-11-15,0.9358365535736084
1983-11-16,0.9266913533210754
1983-11-17,0.9144980907440186
1983-11-18,0.9144980907440186
1983-11-21,0.9358365535736084
1983-11-22,0.9175463914871216
1983-11-23,0.908401608467102
1983-11-25,0.9205945730209351
1983-11-28,0.9144980907440186
1983-11-29,0.9266913533210754
1983-11-30,0.9205945730209351
1983-12-01,0.9053537249565125
1983-12-02,0.9144980907440186
1983-12-05,0.9031202793121338
1983-12-06,0.9031202793121338
1983-12-07,0.8908329606056213
1983-12-08,0.8724015355110168
1983-12-09,0.8693298697471619
1983-12-12,0.8662577867507935
1983-12-13,0.8539708256721497
1983-12-14,0.8724015355110168
1983-12-15,0.8662577867507935
1983-12-16,0.8724015355110168
1983-12-19,0.8785452842712402
1983-12-20,0.8724015355110168
1983-12-21,0.8785452842712402
1983-12-22,0.8908329606056213
1983-12-23,0.8908329606056213
1983-12-27,0.8969766497612
1983-12-28,0.8939043283462524
1983-12-29,0.8846892714500427
1983-12-30,0.9031202793121338
1984-01-03,0.9276952147483826
1984-01-04,0.9430540800094604
1984-01-05,0.9614848494529724
1984-01-06,0.9614848494529724
1984-01-09,0.9522695541381836
1984-01-10,0.9553411602973938
1984-01-11,0.9584131240844727
1984-01-12,0.9522695541381836
1984-01-13,0.9461260437965393
1984-01-16,0.9491977691650391
1984-01-17,0.9522695541381836
1984-01-18,0.9614848494529724
1984-01-19,0.9614848494529724
1984-01-20,0.9553411602973938
1984-01-23,0.9491977691650391
1984-01-24,0.9399822354316711
1984-01-25,0.9154075980186462
1984-01-26,0.9184790253639221
1984-01-27,0.8969766497612
1984-01-30,0.8754743337631226
1984-01-31,0.8908329606056213
1984-02-01,0.8969766497612
1984-02-02,0.8969766497612
1984-02-03,0.8816174864768982
1984-02-06,0.9154075980186462
1984-02-07,0.9031202793121338
1984-02-08,0.8662577867507935
1984-02-09,0.8754743337631226
1984-02-10,0.8785452842712402
1984-02-13,0.8570425510406494
1984-02-14,0.8631861209869385
1984-02-15,0.8662577867507935
1984-02-16,0.8631861209869385
1984-02-17,0.8601142764091492
1984-02-21,0.8386112451553345
1984-02-22,0.8416831493377686
1984-02-23,0.8478274345397949
1984-02-24,0.8662577867507935
1984-02-27,0.8631861209869385
1984-02-28,0.8539708256721497
1984-02-29,0.8570425510406494
1984-03-01,0.8724015355110168
1984-03-02,0.8601142764091492
1984-03-05,0.8610313534736633
1984-03-06,0.8548372387886047
1984-03-07,0.8424480557441711
1984-03-08,0.8455447554588318
1984-03-09,0.8548372387886047
1984-03-12,0.8517398834228516
1984-03-13,0.848642110824585
1984-03-14,0.8641284108161926
1984-03-15,0.8548372387886047
1984-03-16,0.8703228831291199
1984-03-19,0.8517398834228516
1984-03-20,0.848642110824585
1984-03-21,0.8393509387969971
1984-03-22,0.848642110824585
1984-03-23,0.8424480557441711
1984-03-26,0.8424480557441711
1984-03-27,0.8641284108161926
1984-03-28,0.8765174150466919
1984-03-29,0.8672261238098145
1984-03-30,0.8672261238098145
1984-04-02,0.8579341769218445
1984-04-03,0.8610313534736633
1984-04-04,0.8610313534736633
1984-04-05,0.8610313534736633
1984-04-06,0.8548372387886047
1984-04-09,0.8548372387886047
1984-04-10,0.8641284108161926
1984-04-11,0.8610313534736633
1984-04-12,0.8765174150466919
1984-04-13,0.8610313534736633
1984-04-16,0.8672261238098145
1984-04-17,0.8734198808670044
1984-04-18,0.8734198808670044
1984-04-19,0.8734198808670044
1984-04-23,0.8765174150466919
1984-04-24,0.8734198808670044
1984-04-25,0.879614531993866
1984-04-26,0.8703228831291199
1984-04-27,0.8610313534736633
1984-04-30,0.8641284108161926
1984-05-01,0.8641284108161926
1984-05-02,0.879614531993866
1984-05-03,0.8610313534736633
1984-05-04,0.848642110824585
1984-05-07,0.8517398834228516
1984-05-08,0.8517398834228516
1984-05-09,0.8672261238098145
1984-05-10,0.8641284108161926
1984-05-11,0.8579341769218445
1984-05-14,0.848642110824585
1984-05-15,0.8548372387886047
1984-05-16,0.8579341769218445
1984-05-17,0.8455447554588318
1984-05-18,0.848642110824585
1984-05-21,0.8424480557441711
1984-05-22,0.8331560492515564
1984-05-23,0.8424480557441711
1984-05-24,0.8362534642219543
1984-05-25,0.8362534642219543
1984-05-29,0.8207672238349915
1984-05-30,0.8052808046340942
1984-05-31,0.808378279209137
1984-06-01,0.8176701068878174
1984-06-04,0.8393509387969971
1984-06-05,0.8402754664421082
1984-06-06,0.8402754664421082
1984-06-07,0.837151825428009
1984-06-08,0.837151825428009
1984-06-11,0.8215324878692627
1984-06-12,0.818409264087677
1984-06-13,0.8246564269065857
1984-06-14,0.8277803063392639
1984-06-15,0.837151825428009
1984-06-18,0.8246564269065857
1984-06-19,0.8309045433998108
1984-06-20,0.8246564269065857
1984-06-21,0.834027886390686
1984-06-22,0.8402754664421082
1984-06-25,0.837151825428009
1984-06-26,0.8309045433998108
1984-06-27,0.8277803063392639
1984-06-28,0.8433988690376282
1984-06-29,0.8309045433998108
1984-07-02,0.837151825428009
1984-07-03,0.8309045433998108
1984-07-05,0.8402754664421082
1984-07-06,0.8309045433998108
1984-07-09,0.8433988690376282
1984-07-10,0.8277803063392639
1984-07-11,0.8309045433998108
1984-07-12,0.8277803063392639
1984-07-13,0.8309045433998108
1984-07-16,0.837151825428009
1984-07-17,0.834027886390686
1984-07-18,0.8402754664421082
1984-07-19,0.8309045433998108
1984-07-20,0.8309045433998108
1984-07-23,0.818409264087677
1984-07-24,0.8121619820594788
1984-07-25,0.7996675372123718
1984-07-26,0.7840491533279419
1984-07-27,0.7715540528297424
1984-07-30,0.777801513671875
1984-07-31,0.8121619820594788
1984-08-01,0.8277803063392639
1984-08-02,0.8590179085731506
1984-08-03,0.8621417880058289
1984-08-06,0.8808830380439758
1984-08-07,0.8746358752250671
1984-08-08,0.8777596950531006
1984-08-09,0.8933781981468201
1984-08-10,0.887130856513977
1984-08-13,0.8902549743652344
1984-08-14,0.908996045589447
1984-08-15,0.9121203422546387
1984-08-16,0.9214916825294495
1984-08-17,0.9308631420135498
1984-08-20,0.9246155023574829
1984-08-21,0.9371102452278137
1984-08-22,0.943357527256012
1984-08-23,0.9620997309684753
1984-08-24,0.9620997309684753
1984-08-27,0.9464810490608215
1984-08-28,0.9464810490608215
1984-08-29,0.9527289867401123
1984-08-30,0.9496046304702759
1984-08-31,0.957161009311676
1984-09-04,0.9477152824401855
1984-09-05,0.9445670247077942
1984-09-06,0.9414185881614685
1984-09-07,0.9256752729415894
1984-09-10,0.9351215958595276
1984-09-11,0.931973397731781
1984-09-12,0.9193784594535828
1984-09-13,0.931973397731781
1984-09-14,0.957161009311676
1984-09-17,0.9603094458580017
1984-09-18,0.9697558283805847
1984-09-19,0.9666073322296143
1984-09-20,0.9634584784507751
1984-09-21,0.9445670247077942
1984-09-24,0.938269853591919
1984-09-25,0.950864315032959
1984-09-26,0.950864315032959
1984-09-27,0.9477152824401855
1984-09-28,0.9414185881614685
1984-10-01,0.9445670247077942
1984-10-02,0.9351215958595276
1984-10-03,0.9193784594535828
1984-10-04,0.9351215958595276
1984-10-05,0.931973397731781
1984-10-08,0.9162294268608093
1984-10-09,0.9351215958595276
1984-10-10,0.9193784594535828
1984-10-11,0.9256752729415894
1984-10-12,0.9288245439529419
1984-10-15,0.9288245439529419
1984-10-16,0.9130812883377075
1984-10-17,0.9036362171173096
1984-10-18,0.8973389863967896
1984-10-19,0.9256752729415894
1984-10-22,0.9193784594535828
1984-10-23,0.9225271344184875
1984-10-24,0.9193784594535828
1984-10-25,0.9288245439529419
1984-10-26,0.9130812883377075
1984-10-29,0.9067847728729248
1984-10-30,0.9225271344184875
1984-10-31,0.9256752729415894
1984-11-01,0.931973397731781
1984-11-02,0.9193784594535828
1984-11-05,0.9351215958595276
1984-11-06,0.9666073322296143
1984-11-07,0.950864315032959
1984-11-08,0.950864315032959
1984-11-09,0.9634584784507751
1984-11-12,1.0169837474822998
1984-11-13,1.0043895244598389
1984-11-14,1.0043895244598389
1984-11-15,1.0043895244598389
1984-11-16,1.0012410879135132
1984-11-19,0.9980926513671875
1984-11-20,1.0012410879135132
1984-11-21,1.0043895244598389
1984-11-23,1.0264301300048828
1984-11-26,1.007537841796875
1984-11-27,1.020132064819336
1984-11-28,1.0138353109359741
1984-11-29,1.007537841796875
1984-11-30,1.0169837474822998
1984-12-03,1.0138353109359741
1984-12-04,1.0232816934585571
1984-12-05,0.9949445724487305
1984-12-06,0.9917959570884705
1984-12-07,0.9949445724487305
1984-12-10,0.9949445724487305
1984-12-11,1.0057308673858643
1984-12-12,0.9962126016616821
1984-12-13,1.0025585889816284
1984-12-14,1.0057308673858643
1984-12-17,1.0025585889816284
1984-12-18,1.0184212923049927
1984-12-19,1.0089040994644165
1984-12-20,0.9962126016616821
1984-12-21,0.9898675680160522
1984-12-24,1.0120759010314941
1984-12-26,1.0089040994644165
1984-12-27,0.9993858337402344
1984-12-28,1.0152491331100464
1984-12-31,1.0057308673858643
1985-01-02,1.0089040994644165
1985-01-03,1.0184212923049927
1985-01-04,1.021594524383545
1985-01-07,1.031112790107727
1985-01-08,1.0342848300933838
1985-01-09,1.0406303405761719
1985-01-10,1.0469754934310913
1985-01-11,1.0406303405761719
1985-01-14,1.0501482486724854
1985-01-15,1.0374583005905151
1985-01-16,1.0596650838851929
1985-01-17,1.0596650838851929
1985-01-18,1.069183588027954
1985-01-21,1.0850472450256348
1985-01-22,1.0913920402526855
1985-01-23,1.1104283332824707
1985-01-24,1.1072564125061035
1985-01-25,1.1231186389923096
1985-01-28,1.1231186389923096
1985-01-29,1.1294643878936768
1985-01-30,1.1231186389923096
1985-01-31,1.1358098983764648
1985-02-01,1.148500680923462
1985-02-04,1.145328164100647
1985-02-05,1.1516728401184082
1985-02-06,1.1675364971160889
1985-02-07,1.1833993196487427
1985-02-08,1.1611919403076172
1985-02-11,1.1421548128128052
1985-02-12,1.145328164100647
1985-02-13,1.1802266836166382
1985-02-14,1.1833993196487427
1985-02-15,1.1770541667938232
1985-02-19,1.1738816499710083
1985-02-20,1.1770541667938232
1985-02-21,1.170708417892456
1985-02-22,1.1865721940994263
1985-02-25,1.192917823791504
1985-02-26,1.192917823791504
1985-02-27,1.170708417892456
1985-02-28,1.192917823791504
1985-03-01,1.2182987928390503
1985-03-04,1.194034457206726
1985-03-05,1.1716864109039307
1985-03-06,1.1621086597442627
1985-03-07,1.1589163541793823
1985-03-08,1.1461455821990967
1985-03-11,1.1237975358963013
1985-03-12,1.1365678310394287
1985-03-13,1.1461455821990967
1985-03-14,1.1621086597442627
1985-03-15,1.1365678310394287
1985-03-18,1.1397608518600464
1985-03-19,1.1653015613555908
1985-03-20,1.1876493692398071
1985-03-21,1.197227954864502
1985-03-22,1.194034457206726
1985-03-25,1.2068058252334595
1985-03-26,1.197227954864502
1985-03-27,1.2323471307754517
1985-03-28,1.2355389595031738
1985-03-29,1.2706570625305176
1985-04-01,1.2642719745635986
1985-04-02,1.2419236898422241
1985-04-03,1.2483093738555908
1985-04-04,1.2419236898422241
1985-04-08,1.2068058252334595
1985-04-09,1.194034457206726
1985-04-10,1.2195754051208496
1985-04-11,1.2451163530349731
1985-04-12,1.2483093738555908
1985-04-15,1.2387313842773438
1985-04-16,1.2323471307754517
1985-04-17,1.2323471307754517
1985-04-18,1.2323471307754517
1985-04-19,1.2483093738555908
1985-04-22,1.2419236898422241
1985-04-23,1.2451163530349731
1985-04-24,1.2578868865966797
1985-04-25,1.2706570625305176
1985-04-26,1.2546941041946411
1985-04-29,1.2451163530349731
1985-04-30,1.2195754051208496
1985-05-01,1.2068058252334595
1985-05-02,1.2004199028015137
1985-05-03,1.2036125659942627
1985-05-06,1.2451163530349731
1985-05-07,1.261080026626587
1985-05-08,1.2546941041946411
1985-05-09,1.2578868865966797
1985-05-10,1.2834278345108032
1985-05-13,1.2961978912353516
1985-05-14,1.2961978912353516
1985-05-15,1.2961978912353516
1985-05-16,1.299390196800232
1985-05-17,1.3121614456176758
1985-05-20,1.3345098495483398
1985-05-21,1.3313170671463013
1985-05-22,1.3249319791793823
1985-05-23,1.3472795486450195
1985-05-24,1.3440865278244019
1985-05-28,1.3313170671463013
1985-05-29,1.3408942222595215
1985-05-30,1.3377025127410889
1985-05-31,1.353664755821228
1985-06-03,1.353664755821228
1985-06-04,1.3549495935440063
1985-06-05,1.377425193786621
1985-06-06,1.3838462829589844
1985-06-07,1.3613708019256592
1985-06-10,1.3549495935440063
1985-06-11,1.309998631477356
1985-06-12,1.2907334566116333
1985-06-13,1.2875230312347412
1985-06-14,1.3228415250778198
1985-06-17,1.3228415250778198
1985-06-18,1.3517380952835083
1985-06-19,1.364582896232605
1985-06-20,1.3838462829589844
1985-06-21,1.3999007940292358
1985-06-24,1.3838462829589844
1985-06-25,1.377425193786621
1985-06-26,1.377425193786621
1985-06-27,1.3838462829589844
1985-06-28,1.4031111001968384
1985-07-01,1.4031111001968384
1985-07-02,1.377425193786621
1985-07-03,1.3838462829589844
1985-07-05,1.3710042238235474
1985-07-08,1.3742141723632812
1985-07-09,1.377425193786621
1985-07-10,1.3806354999542236
1985-07-11,1.4063217639923096
1985-07-12,1.4384291172027588
1985-07-15,1.4031111001968384
1985-07-16,1.3870575428009033
1985-07-17,1.4127439260482788
1985-07-18,1.4191654920578003
1985-07-19,1.4544832706451416
1985-07-22,1.4705380201339722
1985-07-23,1.476958155632019
1985-07-24,1.476958155632019
1985-07-25,1.48337984085083
1985-07-26,1.476958155632019
1985-07-29,1.4480619430541992
1985-07-30,1.4384291172027588
1985-07-31,1.451271653175354
1985-08-01,1.4544832706451416
1985-08-02,1.4480619430541992
1985-08-05,1.4544832706451416
1985-08-06,1.4480619430541992
1985-08-07,1.4416403770446777
1985-08-08,1.4448518753051758
1985-08-09,1.4609055519104004
1985-08-12,1.451271653175354
1985-08-13,1.4544832706451416
1985-08-14,1.4576947689056396
1985-08-15,1.4480619430541992
1985-08-16,1.451271653175354
1985-08-19,1.451271653175354
1985-08-20,1.4576947689056396
1985-08-21,1.451271653175354
1985-08-22,1.451271653175354
1985-08-23,1.4576947689056396
1985-08-26,1.4544832706451416
1985-08-27,1.451271653175354
1985-08-28,1.4576947689056396
1985-08-29,1.4480619430541992
1985-08-30,1.4480619430541992
1985-09-03,1.4428966045379639
1985-09-04,1.439669132232666
1985-09-05,1.452581763267517
1985-09-06,1.4461244344711304
1985-09-09,1.4590359926223755
1985-09-10,1.4590359926223755
1985-09-11,1.452581763267517
1985-09-12,1.452581763267517
1985-09-13,1.452581763267517
1985-09-16,1.4461244344711304
1985-09-17,1.4073899984359741
1985-09-18,1.39447820186615
1985-09-19,1.39447820186615
1985-09-20,1.4138458967208862
1985-09-23,1.452581763267517
1985-09-24,1.4364416599273682
1985-09-25,1.4332139492034912
1985-09-26,1.420301914215088
1985-09-30,1.4267578125
1985-10-01,1.4461244344711304
1985-10-02,1.4654929637908936
1985-10-03,1.4654929637908936
1985-10-04,1.4364416599273682
1985-10-07,1.375110387802124
1985-10-08,1.375110387802124
1985-10-09,1.39447820186615
1985-10-10,1.3783390522003174
1985-10-11,1.375110387802124
1985-10-14,1.3912501335144043
1985-10-15,1.3880218267440796
1985-10-16,1.3912501335144043
1985-10-17,1.39447820186615
1985-10-18,1.4041621685028076
1985-10-21,1.3977059125900269
1985-10-22,1.39447820186615
1985-10-23,1.4138458967208862
1985-10-24,1.39447820186615
1985-10-25,1.4073899984359741
1985-10-28,1.3977059125900269
1985-10-29,1.4170737266540527
1985-10-30,1.4332139492034912
1985-10-31,1.410617709159851
1985-11-01,1.4332139492034912
1985-11-04,1.452581763267517
1985-11-05,1.4654929637908936
1985-11-06,1.4654929637908936
1985-11-07,1.4848606586456299
1985-11-08,1.5268239974975586
1985-11-11,1.5591034889221191
1985-11-12,1.5494197607040405
1985-11-13,1.4977729320526123
1985-11-14,1.5268239974975586
1985-11-15,1.5203688144683838
1985-11-18,1.5429635047912598
1985-11-19,1.5494197607040405
1985-11-20,1.5591034889221191
1985-11-21,1.5849274396896362
1985-11-22,1.568787932395935
1985-11-25,1.5494197607040405
1985-11-26,1.5591034889221191
1985-11-27,1.5849274396896362
1985-11-29,1.5784720182418823
1985-12-02,1.575243592262268
1985-12-03,1.575243592262268
1985-12-04,1.5881556272506714
1985-12-05,1.591383457183838
1985-12-06,1.581699013710022
1985-12-09,1.562332034111023
1985-12-10,1.5903736352920532
1985-12-11,1.6260762214660645
1985-12-12,1.6325680017471313
1985-12-13,1.6682697534561157
1985-12-16,1.6909905672073364
1985-12-17,1.6780064105987549
1985-12-18,1.6650253534317017
1985-12-19,1.6812525987625122
1985-12-20,1.6715151071548462
1985-12-23,1.6552878618240356
1985-12-24,1.6293221712112427
1985-12-26,1.6358128786087036
1985-12-27,1.6260762214660645
1985-12-30,1.6358128786087036
1985-12-31,1.609848976135254
1986-01-02,1.6195857524871826
1986-01-03,1.6520417928695679
1986-01-06,1.6423053741455078
1986-01-07,1.6812525987625122
1986-01-08,1.6617785692214966
1986-01-09,1.6455512046813965
1986-01-10,1.6423053741455078
1986-01-13,1.6552878618240356
1986-01-14,1.6617785692214966
1986-01-15,1.7266921997070312
1986-01-16,1.7591489553451538
1986-01-17,1.7980964183807373
1986-01-20,1.762393593788147
1986-01-21,1.7461663484573364
1986-01-22,1.7591489553451538
1986-01-23,1.720200777053833
1986-01-24,1.7331829071044922
1986-01-27,1.7396752834320068
1986-01-28,1.8305526971817017
1986-01-29,1.8337990045547485
1986-01-30,1.7948511838912964
1986-01-31,1.7980964183807373
1986-02-03,1.8110785484313965
1986-02-04,1.8240617513656616
1986-02-05,1.79160475730896
1986-02-06,1.8013423681259155
1986-02-07,1.7980964183807373
1986-02-10,1.8013423681259155
1986-02-11,1.79160475730896
1986-02-12,1.7721320390701294
1986-02-13,1.7688859701156616
1986-02-14,1.7851134538650513
1986-02-18,1.8110785484313965
1986-02-19,1.79160475730896
1986-02-20,1.8045873641967773
1986-02-21,1.7948511838912964
1986-02-24,1.7786227464675903
1986-02-25,1.7656396627426147
1986-02-26,1.7591489553451538
1986-02-27,1.762393593788147
1986-02-28,1.7851134538650513
1986-03-03,1.7721320390701294
1986-03-04,1.752657413482666
1986-03-05,1.8110785484313965
1986-03-06,1.8695011138916016
1986-03-07,1.9473975896835327
1986-03-10,1.9560041427612305
1986-03-11,1.9299229383468628
1986-03-12,1.9560041427612305
1986-03-13,1.9690436124801636
1986-03-14,1.9951226711273193
1986-03-17,1.9951226711273193
1986-03-18,1.9690436124801636
1986-03-19,1.9690436124801636
1986-03-20,2.0016424655914307
1986-03-21,1.9951226711273193
1986-03-24,2.151603937149048
1986-03-25,2.2689638137817383
1986-03-26,2.255923271179199
1986-03-27,2.28200364112854
1986-03-31,2.249404191970825
1986-04-01,2.229844331741333
1986-04-02,2.1581244468688965
1986-04-03,2.1320443153381348
1986-04-04,2.0538041591644287
1986-04-07,2.151603937149048
1986-04-08,2.190723180770874
1986-04-09,2.2363641262054443
1986-04-10,2.2950439453125
1986-04-11,2.3537232875823975
1986-04-14,2.4319653511047363
1986-04-15,2.5167248249053955
1986-04-16,2.6210439205169678
1986-04-17,2.529764175415039
1986-04-18,2.529764175415039
1986-04-21,2.581925392150879
1986-04-22,2.6080050468444824
1986-04-23,2.6210439205169678
1986-04-24,2.614525079727173
1986-04-25,2.6080050468444824
1986-04-28,2.5428035259246826
1986-04-29,2.4580435752868652
1986-04-30,2.4124038219451904
1986-05-01,2.3602449893951416
1986-05-02,2.451524257659912
1986-05-05,2.451524257659912
1986-05-06,2.4384844303131104
1986-05-07,2.4384844303131104
1986-05-08,2.4319653511047363
1986-05-09,2.451524257659912
1986-05-12,2.451524257659912
1986-05-13,2.451524257659912
1986-05-14,2.4710853099823
1986-05-15,2.5102040767669678
1986-05-16,2.588444232940674
1986-05-19,2.6210439205169678
1986-05-20,2.666684865951538
1986-05-21,2.7058050632476807
1986-05-22,2.7253658771514893
1986-05-23,2.8231663703918457
1986-05-27,2.855762481689453
1986-05-28,2.868804693222046
1986-05-29,2.855762481689453
1986-05-30,2.83620548248291
1986-06-02,2.757964849472046
1986-06-03,2.8058409690856934
1986-06-04,2.779679775238037
1986-06-05,2.7469749450683594
1986-06-06,2.779679775238037
1986-06-09,2.720815658569336
1986-06-10,2.6946537494659424
1986-06-11,2.7273542881011963
1986-06-12,2.760056495666504
1986-06-13,2.8647024631500244
1986-06-16,2.845082998275757
1986-06-17,2.8189218044281006
1986-06-18,2.8385443687438965
1986-06-19,2.8058409690856934
1986-06-20,2.8385443687438965
1986-06-23,2.7862203121185303
1986-06-24,2.7665977478027344
1986-06-25,2.845082998275757
1986-06-26,2.8647024631500244
1986-06-27,2.8647024631500244
1986-06-30,2.884326219558716
1986-07-01,2.9758920669555664
1986-07-02,3.080538034439087
1986-07-03,3.080538034439087
1986-07-07,2.8516218662261963
1986-07-08,2.81238055229187
1986-07-09,2.8647024631500244
1986-07-10,2.8189218044281006
1986-07-11,2.8385443687438965
1986-07-14,2.7469749450683594
1986-07-15,2.655409097671509
1986-07-16,2.7731382846832275
1986-07-17,2.8777847290039062
1986-07-18,2.871243953704834
1986-07-21,2.7665977478027344
1986-07-22,3.0020534992218018
1986-07-23,2.969351291656494
1986-07-24,2.9955122470855713
1986-07-25,2.9497296810150146
1986-07-28,2.9301085472106934
1986-07-29,2.9170291423797607
1986-07-30,2.8777847290039062
1986-07-31,2.9039459228515625
1986-08-01,2.8647024631500244
1986-08-04,2.81238055229187
1986-08-05,2.8974061012268066
1986-08-06,2.9235687255859375
1986-08-07,2.9170291423797607
1986-08-08,2.9301085472106934
1986-08-11,3.015132427215576
1986-08-12,3.067458391189575
1986-08-13,3.1263208389282227
1986-08-14,3.145941734313965
1986-08-15,3.1786444187164307
1986-08-18,3.1655659675598145
1986-08-19,3.1851837635040283
1986-08-20,3.1786444187164307
1986-08-21,3.1394011974334717
1986-08-22,3.073998212814331
1986-08-25,3.0282158851623535
1986-08-26,3.0347557067871094
1986-08-27,3.0347557067871094
1986-08-28,3.0478358268737793
1986-08-29,3.054377794265747
1986-09-02,2.9955122470855713
1986-09-03,2.9516968727111816
1986-09-04,2.905780792236328
1986-09-05,2.840188503265381
1986-09-08,2.748356819152832
1986-09-09,2.768033981323242
1986-09-10,2.6893248558044434
1986-09-11,2.5318989753723145
1986-09-12,2.4663054943084717
1986-09-15,2.525339365005493
1986-09-16,2.525339365005493
1986-09-17,2.5384583473205566
1986-09-18,2.525339365005493
1986-09-19,2.558137893676758
1986-09-22,2.5712554454803467
1986-09-23,2.5384583473205566
1986-09-24,2.6171720027923584
1986-09-25,2.5318989753723145
1986-09-26,2.5122218132019043
1986-09-29,2.558137893676758
1986-09-30,2.58437442779541
1986-10-01,2.5974931716918945
1986-10-02,2.58437442779541
1986-10-03,2.58437442779541
1986-10-06,2.5712554454803467
1986-10-07,2.551577091217041
1986-10-08,2.6171720027923584
1986-10-09,2.6696436405181885
1986-10-10,2.7090041637420654
1986-10-13,2.695882558822632
1986-10-14,2.676204204559326
1986-10-15,2.7221198081970215
1986-10-16,2.768033981323242
1986-10-17,2.7352375984191895
1986-10-20,2.7024407386779785
1986-10-21,2.7090041637420654
1986-10-22,2.7090041637420654
1986-10-23,2.7352375984191895
1986-10-24,2.754916191101074
1986-10-27,2.781155586242676
1986-10-28,2.80739164352417
1986-10-29,2.800830841064453
1986-10-30,2.794273853302002
1986-10-31,2.781155586242676
1986-11-03,2.768033981323242
1986-11-04,2.754916191101074
1986-11-05,2.761476755142212
1986-11-06,2.774595260620117
1986-11-07,2.754916191101074
1986-11-10,2.794273853302002
1986-11-11,2.781155586242676
1986-11-12,2.715559959411621
1986-11-13,2.7221198081970215
1986-11-14,2.7352375984191895
1986-11-17,2.6893248558044434
1986-11-18,2.505661964416504
1986-11-19,2.4925425052642822
1986-11-20,2.5712554454803467
1986-11-21,2.636847734451294
1986-11-24,2.636847734451294
1986-11-25,2.58437442779541
1986-11-26,2.5778133869171143
1986-11-28,2.5187811851501465
1986-12-01,2.5122218132019043
1986-12-02,2.5712554454803467
1986-12-03,2.564695119857788
1986-12-04,2.4794254302978516
1986-12-05,2.4663054943084717
1986-12-08,2.525339365005493
1986-12-09,2.554840326309204
1986-12-10,2.5416696071624756
1986-12-11,2.4889934062957764
1986-12-12,2.5416696071624756
1986-12-15,2.5087480545043945
1986-12-16,2.5416696071624756
1986-12-17,2.5416696071624756
1986-12-18,2.5614233016967773
1986-12-19,2.633854627609253
1986-12-22,2.633854627609253
1986-12-23,2.6075174808502197
1986-12-24,2.6206862926483154
1986-12-26,2.666778087615967
1986-12-29,2.640439033508301
1986-12-30,2.627271890640259
1986-12-31,2.633854627609253
1987-01-02,2.666778087615967
1987-01-05,2.6931166648864746
1987-01-06,2.726039409637451
1987-01-07,2.739210844039917
1987-01-08,2.739210844039917
1987-01-09,2.7918877601623535
1987-01-12,2.8248097896575928
1987-01-13,2.8709027767181396
1987-01-14,2.923579692840576
1987-01-15,2.923579692840576
1987-01-16,2.923579692840576
1987-01-19,2.956502676010132
1987-01-20,2.976257085800171
1987-01-21,3.0025956630706787
1987-01-22,3.068438768386841
1987-01-23,2.949918031692505
1987-01-26,2.8643181324005127
1987-01-27,2.923579692840576
1987-01-28,2.9630870819091797
1987-01-29,2.9169955253601074
1987-01-30,2.930163860321045
1987-02-02,2.976257085800171
1987-02-03,2.9630870819091797
1987-02-04,2.9630870819091797
1987-02-05,2.949918031692505
1987-02-06,2.9169955253601074
1987-02-09,2.8709027767181396
1987-02-10,2.8709027767181396
1987-02-11,2.8972418308258057
1987-02-12,2.9367496967315674
1987-02-13,2.9696712493896484
1987-02-17,3.14745831489563
1987-02-18,3.3186581134796143
1987-02-19,3.2923178672790527
1987-02-20,3.200133800506592
1987-02-23,3.1803810596466064
1987-02-24,3.200133800506592
1987-02-25,3.298902750015259
1987-02-26,3.3581655025482178
1987-02-27,3.4042577743530273
1987-03-02,3.331827402114868
1987-03-03,3.2923178672790527
1987-03-04,3.288886547088623
1987-03-05,3.381340980529785
1987-03-06,3.4341788291931152
1987-03-09,3.4341788291931152
1987-03-10,3.4341788291931152
1987-03-11,3.3549251556396484
1987-03-12,3.4671995639801025
1987-03-13,3.4407832622528076
1987-03-16,3.4539904594421387
1987-03-17,3.4539904594421387
1987-03-18,3.5002169609069824
1987-03-19,3.4870102405548096
1987-03-20,3.5068230628967285
1987-03-23,3.4539904594421387
1987-03-24,3.4870102405548096
1987-03-25,3.4671995639801025
1987-03-26,3.4539904594421387
1987-03-27,3.39455246925354
1987-03-30,3.288886547088623
1987-03-31,3.308698892593384
1987-04-01,3.3483223915100098
1987-04-02,3.39455246925354
1987-04-03,3.4209675788879395
1987-04-06,3.4407832622528076
1987-04-07,3.3549251556396484
1987-04-08,3.3417184352874756
1987-04-09,3.2558646202087402
1987-04-10,3.1832191944122314
1987-04-13,3.1039693355560303
1987-04-14,2.991698741912842
1987-04-15,3.1634063720703125
1987-04-16,3.1964271068573
1987-04-20,3.1700093746185303
1987-04-21,3.216240167617798
1987-04-22,3.1832191944122314
1987-04-23,3.117175817489624
1987-04-24,3.011509895324707
1987-04-27,3.0445313453674316
1987-04-28,2.945466995239258
1987-04-29,2.9652774333953857
1987-04-30,3.0445313453674316
1987-05-01,3.070945978164673
1987-05-04,3.070945978164673
1987-05-05,3.024717330932617
1987-05-06,2.985092878341675
1987-05-07,3.0049057006835938
1987-05-08,2.971883773803711
1987-05-11,2.9586758613586426
1987-05-12,2.9190518856048584
1987-05-13,2.9124464988708496
1987-05-14,2.9322586059570312
1987-05-15,2.853008270263672
1987-05-18,2.7209243774414062
1987-05-19,2.701113224029541
1987-05-20,2.7473409175872803
1987-05-21,2.9058420658111572
1987-05-22,2.978487730026245
1987-05-26,3.0445313453674316
1987-05-27,2.971883773803711
1987-05-28,2.9058420658111572
1987-05-29,2.879425287246704
1987-06-01,2.899237871170044
1987-06-02,2.9124464988708496
1987-06-03,3.0481550693511963
1987-06-04,3.1541812419891357
1987-06-05,3.1873109340667725
1987-06-08,3.2138161659240723
1987-06-09,3.246948480606079
1987-06-10,3.2071890830993652
1987-06-11,3.2005646228790283
1987-06-12,3.2668280601501465
1987-06-15,3.260200023651123
1987-06-16,3.260200023651123
1987-06-17,3.2668280601501465
1987-06-18,3.2668280601501465
1987-06-19,3.2999610900878906
1987-06-22,3.3595972061157227
1987-06-23,3.392730712890625
1987-06-24,3.3529717922210693
1987-06-25,3.392730712890625
1987-06-26,3.3794782161712646
1987-06-29,3.4059832096099854
1987-06-30,3.3794782161712646
1987-07-01,3.3264670372009277
1987-07-02,3.3132121562957764
1987-07-06,3.33971905708313
1987-07-07,3.319840908050537
1987-07-08,3.319840908050537
1987-07-09,3.280081272125244
1987-07-10,3.33971905708313
1987-07-13,3.2999610900878906
1987-07-14,3.2668280601501465
1987-07-15,3.2535769939422607
1987-07-16,3.246948480606079
1987-07-17,3.240321397781372
1987-07-20,3.1873109340667725
1987-07-21,3.1541812419891357
1987-07-22,3.1276743412017822
1987-07-23,3.1541812419891357
1987-07-24,3.240321397781372
1987-07-27,3.2933340072631836
1987-07-28,3.260200023651123
1987-07-29,3.2204430103302
1987-07-30,3.2999610900878906
1987-07-31,3.2867095470428467
1987-08-03,3.3065872192382812
1987-08-04,3.319840908050537
1987-08-05,3.333091974258423
1987-08-06,3.3861024379730225
1987-08-07,3.432487726211548
1987-08-10,3.478874444961548
1987-08-11,3.5650153160095215
1987-08-12,3.5186350345611572
1987-08-13,3.545135974884033
1987-08-14,3.5385119915008545
1987-08-17,3.4987523555755615
1987-08-18,3.545135974884033
1987-08-19,3.545135974884033
1987-08-20,3.611402988433838
1987-08-21,3.6312813758850098
1987-08-24,3.578268051147461
1987-08-25,3.5583913326263428
1987-08-26,3.545135974884033
1987-08-27,3.5318830013275146
1987-08-28,3.4722483158111572
1987-08-31,3.5385119915008545
1987-09-01,3.42586088180542
1987-09-02,3.3493080139160156
1987-09-03,3.3625988960266113
1987-09-04,3.3625988960266113
1987-09-08,3.3493080139160156
1987-09-09,3.3559539318084717
1987-09-10,3.389181137084961
1987-09-11,3.4955079555511475
1987-09-14,3.4955079555511475
1987-09-15,3.429054021835327
1987-09-16,3.4157612323760986
1987-09-17,3.4157612323760986
1987-09-18,3.4024717807769775
1987-09-21,3.4024717807769775
1987-09-22,3.389181137084961
1987-09-23,3.3559539318084717
1987-09-24,3.33601713180542
1987-09-25,3.322725534439087
1987-09-28,3.409113645553589
1987-09-29,3.3692433834075928
1987-09-30,3.3559539318084717
1987-10-01,3.3758883476257324
1987-10-02,3.3625988960266113
1987-10-05,3.33601713180542
1987-10-06,3.123361825942993
1987-10-07,3.1499428749084473
1987-10-08,3.156590461730957
1987-10-09,3.189814805984497
1987-10-12,3.1831700801849365
1987-10-13,3.216398000717163
1987-10-14,3.110071897506714
1987-10-15,2.9572246074676514
1987-10-16,2.97051739692688
1987-10-19,2.5651440620422363
1987-10-20,2.418943405151367
1987-10-21,2.5518527030944824
1987-10-22,2.5186266899108887
1987-10-23,2.578434467315674
1987-10-26,2.4986891746520996
1987-10-27,2.392362117767334
1987-10-28,2.405653238296509
1987-10-29,2.511979818344116
1987-10-30,2.6980526447296143
1987-11-02,2.7645084857940674
1987-11-03,2.7379257678985596
1987-11-04,2.724635601043701
1987-11-05,2.711345911026001
1987-11-06,2.7645084857940674
1987-11-09,2.724635601043701
1987-11-10,2.6448891162872314
1987-11-11,2.724635601043701
1987-11-12,2.671471118927002
1987-11-13,2.6448891162872314
1987-11-16,2.6448891162872314
1987-11-17,2.618307590484619
1987-11-18,2.6448891162872314
1987-11-19,2.6249518394470215
1987-11-20,2.7379257678985596
1987-11-23,2.791088819503784
1987-11-24,2.7578625679016113
1987-11-25,2.6448891162872314
1987-11-27,2.63824462890625
1987-11-30,2.478752613067627
1987-12-01,2.478752613067627
1987-12-02,2.485399007797241
1987-12-03,2.352489471435547
1987-12-04,2.3591344356536865
1987-12-07,2.357266426086426
1987-12-08,2.4975006580352783
1987-12-09,2.5108532905578613
1987-12-10,2.3839762210845947
1987-12-11,2.3772974014282227
1987-12-14,2.4040095806121826
1987-12-15,2.4975006580352783
1987-12-16,2.657766342163086
1987-12-17,2.577632427215576
1987-12-18,2.5642781257629395
1987-12-21,2.577632427215576
1987-12-22,2.5843100547790527
1987-12-23,2.6644442081451416
1987-12-24,2.69783353805542
1987-12-28,2.6177010536193848
1987-12-29,2.624377489089966
1987-12-30,2.671121120452881
1987-12-31,2.724546194076538
1988-01-04,2.751255750656128
1988-01-05,2.88481068611145
1988-01-06,2.9716224670410156
1988-01-07,2.9783008098602295
1988-01-08,2.844745635986328
1988-01-11,2.9115231037139893
1988-01-12,2.844745635986328
1988-01-13,2.8313887119293213
1988-01-14,2.824711561203003
1988-01-15,2.931555986404419
1988-01-18,2.9182004928588867
1988-01-19,2.88481068611145
1988-01-20,2.8180348873138428
1988-01-21,2.8581013679504395
1988-01-22,3.018366575241089
1988-01-25,3.0584354400634766
1988-01-26,3.0317234992980957
1988-01-27,3.0717885494232178
1988-01-28,3.118535041809082
1988-01-29,3.1051788330078125
1988-02-01,3.1118574142456055
1988-02-02,3.0918235778808594
1988-02-03,3.065112829208374
1988-02-04,3.011691093444824
1988-02-05,2.9783008098602295
1988-02-08,2.984980583190918
1988-02-09,3.018366575241089
1988-02-10,3.051755666732788
1988-02-11,3.038402795791626
1988-02-12,3.098501682281494
1988-02-16,3.165278673171997
1988-02-17,3.125213384628296
1988-02-18,3.125213384628296
1988-02-19,3.118535041809082
1988-02-22,3.198666572570801
1988-02-23,3.178635597229004
1988-02-24,3.1919894218444824
1988-02-25,3.1919894218444824
1988-02-26,3.2320573329925537
1988-02-29,3.2320573329925537
1988-03-01,3.205345869064331
1988-03-02,3.245413064956665
1988-03-03,3.2520902156829834
1988-03-04,3.27701997756958
1988-03-07,3.270319700241089
1988-03-08,3.2837231159210205
1988-03-09,3.303826093673706
1988-03-10,3.2837231159210205
1988-03-11,3.2837231159210205
1988-03-14,3.2636165618896484
1988-03-15,3.203303098678589
1988-03-16,3.243513822555542
1988-03-17,3.2636165618896484
1988-03-18,3.2971255779266357
1988-03-21,3.2837231159210205
1988-03-22,3.2368128299713135
1988-03-23,3.2100043296813965
1988-03-24,3.2100043296813965
1988-03-25,3.1362905502319336
1988-03-28,3.0156633853912354
1988-03-29,3.0089614391326904
1988-03-30,2.9821550846099854
1988-03-31,2.988856315612793
1988-04-04,2.9151413440704346
1988-04-05,2.895035743713379
1988-04-06,2.962052345275879
1988-04-07,2.9352452754974365
1988-04-08,2.968752145767212
1988-04-11,3.029064655303955
1988-04-12,3.029064655303955
1988-04-13,2.975452184677124
1988-04-14,2.8012161254882812
1988-04-15,2.8548295497894287
1988-04-18,2.828023672103882
1988-04-19,2.8146185874938965
1988-04-20,2.7610063552856445
1988-04-21,2.7610063552856445
1988-04-22,2.834723472595215
1988-04-25,2.8146185874938965
1988-04-26,2.834723472595215
1988-04-27,2.8414247035980225
1988-04-28,2.8548295497894287
1988-04-29,2.828023672103882
1988-05-02,2.8615291118621826
1988-05-03,2.9955599308013916
1988-05-04,2.988856315612793
1988-05-05,2.868232250213623
1988-05-06,2.787813186645508
1988-05-09,2.7610063552856445
1988-05-10,2.77441143989563
1988-05-11,2.7207980155944824
1988-05-12,2.640381336212158
1988-05-13,2.573366403579712
1988-05-16,2.6202752590179443
1988-05-17,2.613574504852295
1988-05-18,2.5331568717956543
1988-05-19,2.5197532176971436
1988-05-20,2.5331568717956543
1988-05-23,2.5197532176971436
1988-05-24,2.5465586185455322
1988-05-25,2.573366403579712
1988-05-26,2.5934698581695557
1988-05-27,2.600172996520996
1988-05-31,2.7207980155944824
1988-06-01,2.787813186645508
1988-06-02,2.787813186645508
1988-06-03,2.821319818496704
1988-06-06,2.8146185874938965
1988-06-07,2.7790884971618652
1988-06-08,2.8396527767181396
1988-06-09,2.853109121322632
1988-06-10,2.880026340484619
1988-06-13,2.873295783996582
1988-06-14,2.906940221786499
1988-06-15,2.9002130031585693
1988-06-16,2.8665690422058105
1988-06-17,2.8329215049743652
1988-06-20,2.8463797569274902
1988-06-21,2.853109121322632
1988-06-22,2.7992770671844482
1988-06-23,2.785820245742798
1988-06-24,2.7521743774414062
1988-06-27,2.758901834487915
1988-06-28,2.77236008644104
1988-06-29,2.758901834487915
1988-06-30,2.765631675720215
1988-07-01,2.765631675720215
1988-07-05,2.7992770671844482
1988-07-06,2.77236008644104
1988-07-07,2.758901834487915
1988-07-08,2.7387168407440186
1988-07-11,2.7521743774414062
1988-07-12,2.7050695419311523
1988-07-13,2.6781535148620605
1988-07-14,2.6781535148620605
1988-07-15,2.6714260578155518
1988-07-18,2.684882879257202
1988-07-19,2.6714260578155518
1988-07-20,2.657966136932373
1988-07-21,2.6714260578155518
1988-07-22,2.6512386798858643
1988-07-25,2.6512386798858643
1988-07-26,2.657966136932373
1988-07-27,2.6512386798858643
1988-07-28,2.7050695419311523
1988-07-29,2.7185285091400146
1988-08-01,2.7454464435577393
1988-08-02,2.792548179626465
1988-08-03,2.8194637298583984
1988-08-04,2.853109121322632
1988-08-05,2.8598380088806152
1988-08-08,2.8598380088806152
1988-08-09,2.8463797569274902
1988-08-10,2.792548179626465
1988-08-11,2.7454464435577393
1988-08-12,2.7185285091400146
1988-08-15,2.6781535148620605
1988-08-16,2.77236008644104
1988-08-17,2.785820245742798
1988-08-18,2.8463797569274902
1988-08-19,2.873295783996582
1988-08-22,2.8396527767181396
1988-08-23,2.826192855834961
1988-08-24,2.8396527767181396
1988-08-25,2.8598380088806152
1988-08-26,2.9002130031585693
1988-08-29,2.947314977645874
1988-08-30,2.940586805343628
1988-08-31,2.920401096343994
1988-09-01,2.853109121322632
1988-09-02,2.9255385398864746
1988-09-06,2.966076612472534
1988-09-07,2.966076612472534
1988-09-08,2.9931015968322754
1988-09-09,2.98634672164917
1988-09-12,2.9728329181671143
1988-09-13,3.026883602142334
1988-09-14,3.080937147140503
1988-09-15,3.0539090633392334
1988-09-16,3.0539090633392334
1988-09-19,3.026883602142334
1988-09-20,3.0403990745544434
1988-09-21,3.0944502353668213
1988-09-22,3.1214752197265625
1988-09-23,3.0539090633392334
1988-09-26,2.9998579025268555
1988-09-27,2.9795901775360107
1988-09-28,2.9931015968322754
1988-09-29,3.0674240589141846
1988-09-30,3.0944502353668213
1988-10-03,3.0403990745544434
1988-10-04,3.020129919052124
1988-10-05,3.0336415767669678
1988-10-06,3.0336415767669678
1988-10-07,3.074181318283081
1988-10-10,3.114717483520508
1988-10-11,3.1079609394073486
1988-10-12,3.0403990745544434
1988-10-13,3.0539090633392334
1988-10-14,3.0674240589141846
1988-10-17,3.0606653690338135
1988-10-18,3.080937147140503
1988-10-19,3.1012065410614014
1988-10-20,3.1214752197265625
1988-10-21,3.1079609394073486
1988-10-24,3.1079609394073486
1988-10-25,3.1012065410614014
1988-10-26,3.0539090633392334
1988-10-27,3.020129919052124
1988-10-28,2.9998579025268555
1988-10-31,2.9728329181671143
1988-11-01,2.898512601852417
1988-11-02,2.891756534576416
1988-11-03,2.891756534576416
1988-11-04,2.878243923187256
1988-11-07,2.8512184619903564
1988-11-08,2.8241920471191406
1988-11-09,2.803922414779663
1988-11-10,2.756629705429077
1988-11-11,2.7701404094696045
1988-11-14,2.803922414779663
1988-11-15,2.797165870666504
1988-11-16,2.722846031188965
1988-11-17,2.763383626937866
1988-11-18,2.8174338340759277
1988-11-21,2.844460964202881
1988-11-22,2.8309476375579834
1988-11-23,2.8309476375579834
1988-11-25,2.8174338340759277
1988-11-28,2.8309476375579834
1988-11-29,2.905268430709839
1988-11-30,2.9255385398864746
1988-12-01,2.8512184619903564
1988-12-02,2.8377039432525635
1988-12-05,2.878243923187256
1988-12-06,2.905268430709839
1988-12-07,2.9795901775360107
1988-12-08,2.9728329181671143
1988-12-09,2.966076612472534
1988-12-12,2.9593193531036377
1988-12-13,2.9457476139068604
1988-12-14,2.9321696758270264
1988-12-15,2.918595790863037
1988-12-16,2.9118075370788574
1988-12-19,2.884657621383667
1988-12-20,2.8575103282928467
1988-12-21,2.8099958896636963
1988-12-22,2.8099958896636963
1988-12-23,2.803209066390991
1988-12-27,2.789634943008423
1988-12-28,2.789634943008423
1988-12-29,2.7964189052581787
1988-12-30,2.823570489883423
1989-01-03,2.782848358154297
1989-01-04,2.8099958896636963
1989-01-05,2.837148666381836
1989-01-06,2.8303587436676025
1989-01-09,2.864295721054077
1989-01-10,2.837148666381836
1989-01-11,2.8167855739593506
1989-01-12,2.8575103282928467
1989-01-13,2.9118075370788574
1989-01-16,2.9525320529937744
1989-01-17,2.9253830909729004
1989-01-18,2.9321696758270264
1989-01-19,2.9118075370788574
1989-01-20,2.8303587436676025
1989-01-23,2.803209066390991
1989-01-24,2.823570489883423
1989-01-25,2.837148666381836
1989-01-26,2.9253830909729004
1989-01-27,2.938957929611206
1989-01-30,2.9253830909729004
1989-01-31,2.938957929611206
1989-02-01,2.918595790863037
1989-02-02,2.9253830909729004
1989-02-03,2.9253830909729004
1989-02-06,2.905020236968994
1989-02-07,2.9457476139068604
1989-02-08,2.966109037399292
1989-02-09,2.9728949069976807
1989-02-10,2.918595790863037
1989-02-13,2.918595790863037
1989-02-14,2.918595790863037
1989-02-15,2.9118075370788574
1989-02-16,2.9457476139068604
1989-02-17,2.9593193531036377
1989-02-21,3.0136194229125977
1989-02-22,2.9321696758270264
1989-02-23,2.9253830909729004
1989-02-24,2.850720167160034
1989-02-27,2.864295721054077
1989-02-28,2.905020236968994
1989-03-01,2.823570489883423
1989-03-02,2.8439319133758545
1989-03-03,2.864295721054077
1989-03-06,2.8847544193267822
1989-03-07,2.8370158672332764
1989-03-08,2.8574743270874023
1989-03-09,2.8574743270874023
1989-03-10,2.843836545944214
1989-03-13,2.8574743270874023
1989-03-14,2.8574743270874023
1989-03-15,2.871117353439331
1989-03-16,2.8779351711273193
1989-03-17,2.7619998455047607
1989-03-20,2.7688188552856445
1989-03-21,2.7279014587402344
1989-03-22,2.659703016281128
1989-03-23,2.6869819164276123
1989-03-27,2.714261293411255
1989-03-28,2.7483608722686768
1989-03-29,2.734722137451172
1989-03-30,2.7483608722686768
1989-03-31,2.755181312561035
1989-04-03,2.7824580669403076
1989-04-04,2.7892792224884033
1989-04-05,2.7688188552856445
1989-04-06,2.7688188552856445
1989-04-07,2.796099901199341
1989-04-10,2.796099901199341
1989-04-11,2.850658655166626
1989-04-12,2.843836545944214
1989-04-13,2.8165576457977295
1989-04-14,2.8370158672332764
1989-04-17,2.8370158672332764
1989-04-18,2.8779351711273193
1989-04-19,2.8915741443634033
1989-04-20,2.91203236579895
1989-04-21,2.9324936866760254
1989-04-24,2.9324936866760254
1989-04-25,2.9529528617858887
1989-04-26,2.9529528617858887
1989-04-27,2.9734110832214355
1989-04-28,2.9597747325897217
1989-05-01,2.9597747325897217
1989-05-02,2.9597747325897217
1989-05-03,2.987051486968994
1989-05-04,2.9529528617858887
1989-05-05,2.9802331924438477
1989-05-08,2.9734110832214355
1989-05-09,2.9597747325897217
1989-05-10,2.9597747325897217
1989-05-11,2.987051486968994
1989-05-12,3.041609287261963
1989-05-15,3.034790515899658
1989-05-16,3.0143301486968994
1989-05-17,3.0075113773345947
1989-05-18,3.0211503505706787
1989-05-19,3.041609287261963
1989-05-22,3.0211503505706787
1989-05-23,3.000690460205078
1989-05-24,2.9734110832214355
1989-05-25,2.9597747325897217
1989-05-26,2.9665915966033936
1989-05-30,2.9597747325897217
1989-05-31,2.9802331924438477
1989-06-01,3.034790515899658
1989-06-02,3.109806776046753
1989-06-05,3.0961687564849854
1989-06-06,3.1098673343658447
1989-06-07,3.0961668491363525
1989-06-08,3.0961668491363525
1989-06-09,3.123565912246704
1989-06-12,3.144115447998047
1989-06-13,3.1030173301696777
1989-06-14,3.0482192039489746
1989-06-15,3.034518003463745
1989-06-16,3.0893166065216064
1989-06-19,3.055068254470825
1989-06-20,3.1167166233062744
1989-06-21,3.1167166233062744
1989-06-22,3.130415201187134
1989-06-23,3.1989166736602783
1989-06-26,3.2126176357269287
1989-06-27,3.2057652473449707
1989-06-28,3.1646649837493896
1989-06-29,3.130415201187134
1989-06-30,3.144115447998047
1989-07-03,3.144115447998047
1989-07-05,3.1372668743133545
1989-07-06,3.1509664058685303
1989-07-07,3.1372668743133545
1989-07-10,3.1372668743133545
1989-07-11,3.123565912246704
1989-07-12,3.1715164184570312
1989-07-13,3.1578166484832764
1989-07-14,3.0893166065216064
1989-07-17,2.9043681621551514
1989-07-18,2.8564200401306152
1989-07-19,2.9112188816070557
1989-07-20,2.9180681705474854
1989-07-21,2.9249186515808105
1989-07-24,2.9249186515808105
1989-07-25,2.8975188732147217
1989-07-26,2.9180681705474854
1989-07-27,2.9386186599731445
1989-07-28,2.9386186599731445
1989-07-31,2.952320098876953
1989-08-01,2.952320098876953
1989-08-02,2.9454684257507324
1989-08-03,2.931769847869873
1989-08-04,2.9591686725616455
1989-08-07,3.013967275619507
1989-08-08,3.0208182334899902
1989-08-09,2.986567974090576
1989-08-10,3.034518003463745
1989-08-11,3.0002684593200684
1989-08-14,2.986567974090576
1989-08-15,3.0071191787719727
1989-08-16,3.0208182334899902
1989-08-17,3.034518003463745
1989-08-18,3.027667284011841
1989-08-21,2.986567974090576
1989-08-22,2.972870349884033
1989-08-23,3.0002684593200684
1989-08-24,3.0208182334899902
1989-08-25,3.0619184970855713
1989-08-28,3.1167166233062744
1989-08-29,3.0756161212921143
1989-08-30,3.2126176357269287
1989-08-31,3.2126176357269287
1989-09-01,3.191977024078369
1989-09-05,3.171339988708496
1989-09-06,3.1507022380828857
1989-09-07,3.1438214778900146
1989-09-08,3.1575803756713867
1989-09-11,3.1507022380828857
1989-09-12,3.171339988708496
1989-09-13,3.123185396194458
1989-09-14,3.095667600631714
1989-09-15,3.1025466918945312
1989-09-18,3.1163063049316406
1989-09-19,3.1163063049316406
1989-09-20,3.130064010620117
1989-09-21,3.1025466918945312
1989-09-22,3.1025466918945312
1989-09-25,3.0819106101989746
1989-09-26,3.0819106101989746
1989-09-27,3.095667600631714
1989-09-28,3.1025466918945312
1989-09-29,3.1507022380828857
1989-10-02,3.2057366371154785
1989-10-03,3.267651319503784
1989-10-04,3.2057366371154785
1989-10-05,3.2057366371154785
1989-10-06,3.2607691287994385
1989-10-09,3.2951676845550537
1989-10-10,3.336441993713379
1989-10-11,3.288287878036499
1989-10-12,3.267651319503784
1989-10-13,3.191977024078369
1989-10-16,3.1507022380828857
1989-10-17,3.1163063049316406
1989-10-18,3.095667600631714
1989-10-19,3.1575803756713867
1989-10-20,3.2057366371154785
1989-10-23,3.178217649459839
1989-10-24,3.171339988708496
1989-10-25,3.171339988708496
1989-10-26,3.095667600631714
1989-10-27,3.0819106101989746
1989-10-30,3.047513246536255
1989-10-31,3.109426259994507
1989-11-01,3.1025466918945312
1989-11-02,3.109426259994507
1989-11-03,3.123185396194458
1989-11-06,3.1025466918945312
1989-11-07,3.123185396194458
1989-11-08,3.178217649459839
1989-11-09,3.1644604206085205
1989-11-10,3.1369426250457764
1989-11-13,3.198857069015503
1989-11-14,3.191977024078369
1989-11-15,3.171339988708496
1989-11-16,3.1644604206085205
1989-11-17,3.171339988708496
1989-11-20,3.1369426250457764
1989-11-21,3.178217649459839
1989-11-22,3.185098648071289
1989-11-24,3.2057366371154785
1989-11-27,3.2263758182525635
1989-11-28,3.2332537174224854
1989-11-29,3.2263758182525635
1989-11-30,3.2263758182525635
1989-12-01,3.288287878036499
1989-12-04,3.343322515487671
1989-12-05,3.4189934730529785
1989-12-06,3.4052345752716064
1989-12-07,3.329561710357666
1989-12-08,3.308924913406372
1989-12-11,3.2685706615448
1989-12-12,3.3307626247406006
1989-12-13,3.310030698776245
1989-12-14,3.2962117195129395
1989-12-15,3.2962117195129395
1989-12-18,3.2409303188323975
1989-12-19,3.2547502517700195
1989-12-20,3.2478373050689697
1989-12-21,3.2409303188323975
1989-12-22,3.275477170944214
1989-12-26,3.275477170944214
1989-12-27,3.344581127166748
1989-12-28,3.392955780029297
1989-12-29,3.4205944538116455
1990-01-02,3.4620578289031982
1990-01-03,3.4275057315826416
1990-01-04,3.399864673614502
1990-01-05,3.392955780029297
1990-01-08,3.413682699203491
1990-01-09,3.392955780029297
1990-01-10,3.344581127166748
1990-01-11,3.3860437870025635
1990-01-12,3.3307626247406006
1990-01-15,3.2823903560638428
1990-01-16,3.2685706615448
1990-01-17,3.3031208515167236
1990-01-18,3.2616586685180664
1990-01-19,3.2685706615448
1990-01-22,3.2478373050689697
1990-01-23,3.2409303188323975
1990-01-24,3.199467182159424
1990-01-25,3.1787350177764893
1990-01-26,3.1096320152282715
1990-01-29,3.116542100906372
1990-01-30,3.102721929550171
1990-01-31,3.1649158000946045
1990-02-01,3.1718244552612305
1990-02-02,3.2340171337127686
1990-02-05,3.206376791000366
1990-02-06,3.199467182159424
1990-02-07,3.2478373050689697
1990-02-08,3.275477170944214
1990-02-09,3.2962117195129395
1990-02-12,3.275477170944214
1990-02-13,3.3376736640930176
1990-02-14,3.358403444290161
1990-02-15,3.351491928100586
1990-02-16,3.310030698776245
1990-02-20,3.2893004417419434
1990-02-21,3.2962117195129395
1990-02-22,3.2893004417419434
1990-02-23,3.2685706615448
1990-02-26,3.2685706615448
1990-02-27,3.2823903560638428
1990-02-28,3.2893004417419434
1990-03-01,3.2478373050689697
1990-03-02,3.275477170944214
1990-03-05,3.2627065181732178
1990-03-06,3.297416925430298
1990-03-07,3.3182413578033447
1990-03-08,3.401545763015747
1990-03-09,3.3460094928741455
1990-03-12,3.3737754821777344
1990-03-13,3.339066743850708
1990-03-14,3.3182413578033447
1990-03-15,3.3668344020843506
1990-03-16,3.3251845836639404
1990-03-19,3.3807196617126465
1990-03-20,3.3946030139923096
1990-03-21,3.401545763015747
1990-03-22,3.3043577671051025
1990-03-23,3.332125425338745
1990-03-26,3.3251845836639404
1990-03-27,3.332125425338745
1990-03-28,3.3182413578033447
1990-03-29,3.339066743850708
1990-03-30,3.359891891479492
1990-04-02,3.3251845836639404
1990-04-03,3.352951765060425
1990-04-04,3.297416925430298
1990-04-05,3.332125425338745
1990-04-06,3.3251845836639404
1990-04-09,3.3112988471984863
1990-04-10,3.3043577671051025
1990-04-11,3.3043577671051025
1990-04-12,3.3251845836639404
1990-04-16,3.3737754821777344
1990-04-17,3.3807196617126465
1990-04-18,3.3668344020843506
1990-04-19,3.3460094928741455
1990-04-20,3.3182413578033447
1990-04-23,3.2835347652435303
1990-04-24,3.2904746532440186
1990-04-25,3.3112988471984863
1990-04-26,3.3043577671051025
1990-04-27,3.2349400520324707
1990-04-30,3.2904746532440186
1990-05-01,3.332125425338745
1990-05-02,3.359891891479492
1990-05-03,3.3460094928741455
1990-05-04,3.352951765060425
1990-05-07,3.4293105602264404
1990-05-08,3.491790294647217
1990-05-09,3.5334413051605225
1990-05-10,3.554266929626465
1990-05-11,3.568150758743286
1990-05-14,3.568150758743286
1990-05-15,3.6098031997680664
1990-05-16,3.561209201812744
1990-05-17,3.547325611114502
1990-05-18,3.498732566833496
1990-05-21,3.498732566833496
1990-05-22,3.5959181785583496
1990-05-23,3.60286021232605
1990-05-24,3.7208728790283203
1990-05-25,3.693105697631836
1990-05-29,3.7208728790283203
1990-05-30,3.7555840015411377
1990-05-31,3.7347583770751953
1990-06-01,3.7902917861938477
1990-06-04,3.819284439086914
1990-06-05,3.847163438796997
1990-06-06,3.819284439086914
1990-06-07,3.8959531784057617
1990-06-08,3.8611035346984863
1990-06-11,3.909888982772827
1990-06-12,3.972614049911499
1990-06-13,4.000494003295898
1990-06-14,4.035342216491699
1990-06-15,4.007462024688721
1990-06-18,3.9377684593200684
1990-06-19,3.888982057571411
1990-06-20,3.8959531784057617
1990-06-21,3.916860580444336
1990-06-22,3.87504243850708
1990-06-25,3.847163438796997
1990-06-26,3.8541340827941895
1990-06-27,3.909888982772827
1990-06-28,3.9517061710357666
1990-06-29,3.909888982772827
1990-07-02,3.944737672805786
1990-07-03,3.993522882461548
1990-07-05,3.9586780071258545
1990-07-06,3.986555814743042
1990-07-09,3.993522882461548
1990-07-10,3.979583978652954
1990-07-11,4.042311191558838
1990-07-12,4.06321907043457
1990-07-13,4.070188522338867
1990-07-16,4.112005710601807
1990-07-17,4.112005710601807
1990-07-18,4.077158451080322
1990-07-19,4.1259446144104
1990-07-20,4.098065376281738
1990-07-23,3.9517061710357666
1990-07-24,3.9029245376586914
1990-07-25,3.916860580444336
1990-07-26,3.986555814743042
1990-07-27,3.972614049911499
1990-07-30,3.944737672805786
1990-07-31,3.9586780071258545
1990-08-01,3.972614049911499
1990-08-02,3.9517061710357666
1990-08-03,3.8262579441070557
1990-08-06,3.6589877605438232
1990-08-07,3.7495925426483154
1990-08-08,3.819284439086914
1990-08-09,3.7983784675598145
1990-08-10,3.707775115966797
1990-08-13,3.672927141189575
1990-08-14,3.6798980236053467
1990-08-15,3.742621660232544
1990-08-16,3.6798980236053467
1990-08-17,3.6311099529266357
1990-08-20,3.624140977859497
1990-08-21,3.554445266723633
1990-08-22,3.5126287937164307
1990-08-23,3.4359662532806396
1990-08-24,3.470811367034912
1990-08-27,3.5683841705322266
1990-08-28,3.610201835632324
1990-08-29,3.6589877605438232
1990-08-30,3.6659581661224365
1990-08-31,3.681074380874634
1990-09-04,3.681074380874634
1990-09-05,3.702069044113159
1990-09-06,3.660081386566162
1990-09-07,3.674075126647949
1990-09-10,3.639084815979004
1990-09-11,3.6250882148742676
1990-09-12,3.6040947437286377
1990-09-13,3.5761001110076904
1990-09-14,3.5061185359954834
1990-09-17,3.541110038757324
1990-09-18,3.5970942974090576
1990-09-19,3.6110894680023193
1990-09-20,3.569101572036743
1990-09-21,3.5900959968566895
1990-09-24,3.6460824012756348
1990-09-25,3.639084815979004
1990-09-26,3.737060546875
1990-09-27,3.639084815979004
1990-09-28,3.681074380874634
1990-10-01,3.751054286956787
1990-10-02,3.807042121887207
1990-10-03,3.7720510959625244
1990-10-04,3.800044059753418
1990-10-05,3.8210387229919434
1990-10-08,3.905017852783203
1990-10-09,3.8770244121551514
1990-10-10,3.7930455207824707
1990-10-11,3.6950716972351074
1990-10-12,3.7090656757354736
1990-10-15,3.7230637073516846
1990-10-16,3.7440600395202637
1990-10-17,3.702069044113159
1990-10-18,3.7720510959625244
1990-10-19,3.905017852783203
1990-10-22,4.044982433319092
1990-10-23,3.961003303527832
1990-10-24,3.9470064640045166
1990-10-25,3.9470064640045166
1990-10-26,3.912017822265625
1990-10-29,3.849029541015625
1990-10-30,3.7930455207824707
1990-10-31,3.7650535106658936
1990-11-01,3.75805401802063
1990-11-02,3.884024143218994
1990-11-05,3.975001096725464
1990-11-06,3.961003303527832
1990-11-07,3.933011293411255
1990-11-08,3.926011085510254
1990-11-09,4.016989707946777
1990-11-12,4.044982433319092
1990-11-13,4.044982433319092
1990-11-14,4.044982433319092
1990-11-15,4.023986339569092
1990-11-16,4.023986339569092
1990-11-19,4.002994060516357
1990-11-20,3.961003303527832
1990-11-21,3.9959933757781982
1990-11-23,3.961003303527832
1990-11-26,4.023986339569092
1990-11-27,4.072972297668457
1990-11-28,4.121964454650879
1990-11-29,4.09397029876709
1990-11-30,4.100968360900879
1990-12-03,4.121964454650879
1990-12-04,4.1709513664245605
1990-12-05,4.198941707611084
1990-12-06,4.2549309730529785
1990-12-07,4.247930526733398
1990-12-10,4.271255970001221
1990-12-11,4.222077369689941
1990-12-12,4.243157386779785
1990-12-13,4.222077369689941
1990-12-14,4.179928302764893
1990-12-17,4.158853054046631
1990-12-18,4.186954021453857
1990-12-19,4.179928302764893
1990-12-20,4.2010040283203125
1990-12-21,4.208029270172119
1990-12-24,4.1939802169799805
1990-12-26,4.215052604675293
1990-12-27,4.186954021453857
1990-12-28,4.172902584075928
1990-12-31,4.186954021453857
1991-01-02,4.2010040283203125
1991-01-03,4.172902584075928
1991-01-04,4.123724460601807
1991-01-07,4.095625877380371
1991-01-08,3.9902522563934326
1991-01-09,3.870823621749878
1991-01-10,3.948101043701172
1991-01-11,3.9972763061523438
1991-01-14,3.9621496200561523
1991-01-15,3.976201057434082
1991-01-16,4.046451568603516
1991-01-17,4.158853054046631
1991-01-18,4.102652072906494
1991-01-21,3.8778481483459473
1991-01-22,3.9270272254943848
1991-01-23,3.948101043701172
1991-01-24,4.004300117492676
1991-01-25,4.046451568603516
1991-01-28,3.842723846435547
1991-01-29,3.8216488361358643
1991-01-30,3.8778481483459473
1991-01-31,3.948101043701172
1991-02-01,3.9551243782043457
1991-02-04,3.9410743713378906
1991-02-05,3.9200005531311035
1991-02-06,4.081576347351074
1991-02-07,4.208029270172119
1991-02-08,4.29232931137085
1991-02-11,4.257203578948975
1991-02-12,4.208029270172119
1991-02-13,4.2291035652160645
1991-02-14,4.179928302764893
1991-02-15,4.2642292976379395
1991-02-19,4.271255970001221
1991-02-20,4.2291035652160645
1991-02-21,4.2010040283203125
1991-02-22,4.2010040283203125
1991-02-25,4.2010040283203125
1991-02-26,4.1939802169799805
1991-02-27,4.186954021453857
1991-02-28,4.060502529144287
1991-03-01,4.144803047180176
1991-03-04,4.125901699066162
1991-03-05,4.118845462799072
1991-03-06,4.132955551147461
1991-03-07,4.168217182159424
1991-03-08,4.125901699066162
1991-03-11,4.132955551147461
1991-03-12,4.118845462799072
1991-03-13,4.090638637542725
1991-03-14,4.069478511810303
1991-03-15,4.06242561340332
1991-03-18,4.069478511810303
1991-03-19,4.048321723937988
1991-03-20,4.104743003845215
1991-03-21,4.132955551147461
1991-03-22,4.231691360473633
1991-03-25,4.259903907775879
1991-03-26,4.323381423950195
1991-03-27,4.386855602264404
1991-03-28,4.415066719055176
1991-04-01,4.400960922241211
1991-04-02,4.5067548751831055
1991-04-03,4.549069881439209
1991-04-04,4.485596656799316
1991-04-05,4.400960922241211
1991-04-08,4.344537258148193
1991-04-09,4.266955375671387
1991-04-10,4.274013042449951
1991-04-11,4.492646217346191
1991-04-12,4.499699592590332
1991-04-15,4.485596656799316
1991-04-16,4.492646217346191
1991-04-17,4.499699592590332
1991-04-18,4.478543281555176
1991-04-19,4.400960922241211
1991-04-22,4.288116455078125
1991-04-23,4.281062126159668
1991-04-24,4.210534572601318
1991-04-25,4.203479766845703
1991-04-26,4.316325664520264
1991-04-29,4.330433368682861
1991-04-30,4.295169353485107
1991-05-01,4.316325664520264
1991-05-02,4.288116455078125
1991-05-03,4.33748722076416
1991-05-06,4.330433368682861
1991-05-07,4.386855602264404
1991-05-08,4.400960922241211
1991-05-09,4.457382678985596
1991-05-10,4.422120094299316
1991-05-13,4.393909931182861
1991-05-14,4.259903907775879
1991-05-15,4.168217182159424
1991-05-16,4.259903907775879
1991-05-17,4.330433368682861
1991-05-20,4.330433368682861
1991-05-21,4.400960922241211
1991-05-22,4.408015727996826
1991-05-23,4.386855602264404
1991-05-24,4.400960922241211
1991-05-28,4.400960922241211
1991-05-29,4.379802227020264
1991-05-30,4.400960922241211
1991-05-31,4.372748374938965
1991-06-03,4.290064811706543
1991-06-04,4.375016212463379
1991-06-05,4.382094860076904
1991-06-06,4.3042216300964355
1991-06-07,4.23342752456665
1991-06-10,4.212187767028809
1991-06-11,4.219267845153809
1991-06-12,4.162635803222656
1991-06-13,4.1555562019348145
1991-06-14,4.190951347351074
1991-06-17,4.247584342956543
1991-06-18,4.148478031158447
1991-06-19,4.113080978393555
1991-06-20,4.127239227294922
1991-06-21,4.169715404510498
1991-06-24,4.1343159675598145
1991-06-25,4.148478031158447
1991-06-26,4.1343159675598145
1991-06-27,4.190951347351074
1991-06-28,4.212187767028809
1991-07-01,4.254667282104492
1991-07-02,4.268826007843018
1991-07-03,4.247584342956543
1991-07-05,4.254667282104492
1991-07-08,4.275904655456543
1991-07-09,4.212187767028809
1991-07-10,4.247584342956543
1991-07-11,4.23342752456665
1991-07-12,3.7803537845611572
1991-07-15,3.75911283493042
1991-07-16,3.7166380882263184
1991-07-17,3.7520365715026855
1991-07-18,3.815749406814575
1991-07-19,3.6954004764556885
1991-07-22,3.645845890045166
1991-07-23,3.6670827865600586
1991-07-24,3.6529242992401123
1991-07-25,3.631686210632324
1991-07-26,3.6104488372802734
1991-07-29,3.6954004764556885
1991-07-30,3.8015904426574707
1991-07-31,3.8228275775909424
1991-08-01,3.75911283493042
1991-08-02,3.7732737064361572
1991-08-05,3.7520365715026855
1991-08-06,3.787431240081787
1991-08-07,3.8299081325531006
1991-08-08,3.8299081325531006
1991-08-09,3.8511459827423096
1991-08-12,3.8723835945129395
1991-08-13,3.8794612884521484
1991-08-14,3.9006993770599365
1991-08-15,3.9360978603363037
1991-08-16,3.9006993770599365
1991-08-19,3.8086702823638916
1991-08-20,3.7803537845611572
1991-08-21,3.8794612884521484
1991-08-22,3.9148597717285156
1991-08-23,3.950256824493408
1991-08-26,3.9219415187835693
1991-08-27,3.9148597717285156
1991-08-28,3.950256824493408
1991-08-29,3.9219415187835693
1991-08-30,3.9431774616241455
1991-09-03,3.924125909805298
1991-09-04,3.8956871032714844
1991-09-05,3.8103816509246826
1991-09-06,3.8388173580169678
1991-09-09,3.796164035797119
1991-09-10,3.746401071548462
1991-09-11,3.753512382507324
1991-09-12,3.753512382507324
1991-09-13,3.7819457054138184
1991-09-16,3.774838447570801
1991-09-17,3.7819457054138184
1991-09-18,3.796164035797119
1991-09-19,3.8459274768829346
1991-09-20,3.874363899230957
1991-09-23,3.867253065109253
1991-09-24,3.9027976989746094
1991-09-25,3.9027976989746094
1991-09-26,3.8956871032714844
1991-09-27,3.867253065109253
1991-09-30,3.867253065109253
1991-10-01,3.874363899230957
1991-10-02,3.867253065109253
1991-10-03,3.8459274768829346
1991-10-04,3.860142707824707
1991-10-07,3.8317103385925293
1991-10-08,3.8388173580169678
1991-10-09,3.8530335426330566
1991-10-10,3.867253065109253
1991-10-11,3.8459274768829346
1991-10-14,3.9312336444854736
1991-10-15,3.9667773246765137
1991-10-16,3.9881038665771484
1991-10-17,4.016541957855225
1991-10-18,3.9809954166412354
1991-10-21,3.9738872051239014
1991-10-22,3.9525601863861084
1991-10-23,3.959669828414917
1991-10-24,3.9525601863861084
1991-10-25,3.9027976989746094
1991-10-28,3.959669828414917
1991-10-29,4.009433269500732
1991-10-30,4.002323150634766
1991-10-31,3.9809954166412354
1991-11-01,4.016541957855225
1991-11-04,4.059194087982178
1991-11-05,4.094738960266113
1991-11-06,4.094738960266113
1991-11-07,4.144503116607666
1991-11-08,3.590003728866577
1991-11-11,3.618443012237549
1991-11-12,3.7179651260375977
1991-11-13,3.6895294189453125
1991-11-14,3.696639060974121
1991-11-15,3.6397674083709717
1991-11-18,3.5828938484191895
1991-11-19,3.590003728866577
1991-11-20,3.5189144611358643
1991-11-21,3.4407176971435547
1991-11-22,3.4336092472076416
1991-11-25,3.419390916824341
1991-11-26,3.362521171569824
1991-11-27,3.341193437576294
1991-11-29,3.341193437576294
1991-12-02,3.3838462829589844
1991-12-03,3.3198673725128174
1991-12-04,3.376735210418701
1991-12-05,3.405172824859619
1991-12-06,3.412282943725586
1991-12-09,3.4222841262817383
1991-12-10,3.4294300079345703
1991-12-11,3.4294300079345703
1991-12-12,3.458008050918579
1991-12-13,3.493732452392578
1991-12-16,3.543743371963501
1991-12-17,3.529453992843628
1991-12-18,3.493732452392578
1991-12-19,3.486585855484009
1991-12-20,3.4722986221313477
1991-12-23,3.5866122245788574
1991-12-24,3.6151909828186035
1991-12-26,3.7080698013305664
1991-12-27,3.7295031547546387
1991-12-30,3.8866868019104004
1991-12-31,3.9152634143829346
1992-01-02,3.7938075065612793
1992-01-03,3.800950527191162
1992-01-06,3.7652270793914795
1992-01-07,3.758082866668701
1992-01-08,3.772374153137207
1992-01-09,3.87954044342041
1992-01-10,3.87954044342041
1992-01-13,3.87954044342041
1992-01-14,3.9724223613739014
1992-01-15,3.9724223613739014
1992-01-16,3.9366986751556396
1992-01-17,3.8866868019104004
1992-01-20,3.9295547008514404
1992-01-21,3.8866868019104004
1992-01-22,4.029580593109131
1992-01-23,4.00100040435791
1992-01-24,4.00100040435791
1992-01-27,4.058159351348877
1992-01-28,4.0367255210876465
1992-01-29,4.022435188293457
1992-01-30,3.993856191635132
1992-01-31,3.979567527770996
1992-02-03,3.979567527770996
1992-02-04,3.993856191635132
1992-02-05,3.993856191635132
1992-02-06,3.9724223613739014
1992-02-07,3.958132743835449
1992-02-10,3.9081201553344727
1992-02-11,3.8938326835632324
1992-02-12,3.9366986751556396
1992-02-13,3.9224092960357666
1992-02-14,3.9224092960357666
1992-02-18,3.9152634143829346
1992-02-19,3.8509652614593506
1992-02-20,3.8866868019104004
1992-02-21,3.8723952770233154
1992-02-24,3.900975227355957
1992-02-25,3.8366739749908447
1992-02-26,3.8866868019104004
1992-02-27,3.858107566833496
1992-02-28,3.9366986751556396
1992-03-02,3.9152634143829346
1992-03-03,3.9295547008514404
1992-03-04,3.910898447036743
1992-03-05,3.910898447036743
1992-03-06,3.896544933319092
1992-03-09,3.846313953399658
1992-03-10,3.8821942806243896
1992-03-11,3.87501859664917
1992-03-12,3.92525053024292
1992-03-13,3.8821942806243896
1992-03-16,3.903721570968628
1992-03-17,3.9324238300323486
1992-03-18,3.968304395675659
1992-03-19,4.011361598968506
1992-03-20,4.075944423675537
1992-03-23,4.11899995803833
1992-03-24,4.11899995803833
1992-03-25,4.11899995803833
1992-03-26,4.147704601287842
1992-03-27,4.090296745300293
1992-03-30,4.068769454956055
1992-03-31,4.047242164611816
1992-04-01,4.011361598968506
1992-04-02,4.01853609085083
1992-04-03,4.01853609085083
1992-04-06,4.01853609085083
1992-04-07,3.9826576709747314
1992-04-08,3.87501859664917
1992-04-09,3.9754817485809326
1992-04-10,4.040064334869385
1992-04-13,4.040064334869385
1992-04-14,4.054417610168457
1992-04-15,4.011361598968506
1992-04-16,4.040064334869385
1992-04-20,3.9826576709747314
1992-04-21,3.92525053024292
1992-04-22,3.8893675804138184
1992-04-23,3.831963062286377
1992-04-24,3.903721570968628
1992-04-27,3.968304395675659
1992-04-28,3.9324238300323486
1992-04-29,3.9539520740509033
1992-04-30,4.032888412475586
1992-05-01,4.01853609085083
1992-05-04,4.047242164611816
1992-05-05,4.083120346069336
1992-05-06,4.133351802825928
1992-05-07,4.090296745300293
1992-05-08,4.11899995803833
1992-05-11,4.154880523681641
1992-05-12,4.133351802825928
1992-05-13,4.126176357269287
1992-05-14,4.097472667694092
1992-05-15,4.090296745300293
1992-05-18,4.126176357269287
1992-05-19,4.104646682739258
1992-05-20,4.075944423675537
1992-05-21,4.040064334869385
1992-05-22,4.068769454956055
1992-05-26,4.01853609085083
1992-05-27,4.011361598968506
1992-05-28,4.075944423675537
1992-05-29,4.025711536407471
1992-06-01,4.054417610168457
1992-06-02,4.004183292388916
1992-06-03,4.079137325286865
1992-06-04,4.035892963409424
1992-06-05,4.050307750701904
1992-06-08,4.050307750701904
1992-06-09,4.035892963409424
1992-06-10,4.035892963409424
1992-06-11,4.014273643493652
1992-06-12,3.992654800415039
1992-06-15,4.043103218078613
1992-06-16,4.028689384460449
1992-06-17,4.014273643493652
1992-06-18,4.028689384460449
1992-06-19,4.064720630645752
1992-06-22,4.1079630851745605
1992-06-23,4.122379302978516
1992-06-24,4.158412933349609
1992-06-25,4.252105236053467
1992-06-26,4.259310245513916
1992-06-29,4.280929088592529
1992-06-30,4.295344829559326
1992-07-01,4.410656929016113
1992-07-02,4.353001117706299
1992-07-06,4.389033794403076
1992-07-07,4.324174880981445
1992-07-08,4.345794200897217
1992-07-09,4.4683122634887695
1992-07-10,4.4250712394714355
1992-07-13,4.417864799499512
1992-07-14,4.446691513061523
1992-07-15,4.439486503601074
1992-07-16,4.417864799499512
1992-07-17,4.410656929016113
1992-07-20,4.410656929016113
1992-07-21,4.410656929016113
1992-07-22,4.345794200897217
1992-07-23,4.331381320953369
1992-07-24,4.345794200897217
1992-07-27,4.331381320953369
1992-07-28,4.374621391296387
1992-07-29,4.446691513061523
1992-07-30,4.482722759246826
1992-07-31,4.518759727478027
1992-08-03,4.533176898956299
1992-08-04,4.518759727478027
1992-08-05,4.497138023376465
1992-08-06,4.5043463706970215
1992-08-07,4.475519180297852
1992-08-10,4.432276248931885
1992-08-11,4.381828308105469
1992-08-12,4.432276248931885
1992-08-13,4.417864799499512
1992-08-14,4.410656929016113
1992-08-17,4.403451442718506
1992-08-18,4.389033794403076
1992-08-19,4.389033794403076
1992-08-20,4.439486503601074
1992-08-21,4.518759727478027
1992-08-24,4.446691513061523
1992-08-25,4.453899383544922
1992-08-26,4.4611053466796875
1992-08-27,4.403451442718506
1992-08-28,4.367415428161621
1992-08-31,4.381828308105469
1992-09-01,4.4250712394714355
1992-09-02,4.427964687347412
1992-09-03,4.427964687347412
1992-09-04,4.435200214385986
1992-09-08,4.413493633270264
1992-09-09,4.413493633270264
1992-09-10,4.427964687347412
1992-09-11,4.4207305908203125
1992-09-14,4.413493633270264
1992-09-15,4.399022579193115
1992-09-16,4.377321243286133
1992-09-17,4.370084285736084
1992-09-18,4.362848281860352
1992-09-21,4.370084285736084
1992-09-22,4.399022579193115
1992-09-23,4.3845534324646
1992-09-24,4.3845534324646
1992-09-25,4.362848281860352
1992-09-28,4.362848281860352
1992-09-29,4.3266706466674805
1992-09-30,4.348379135131836
1992-10-01,4.34114408493042
1992-10-02,4.312201499938965
1992-10-05,4.304965496063232
1992-10-06,4.304965496063232
1992-10-07,4.283262252807617
1992-10-08,4.34114408493042
1992-10-09,4.348379135131836
1992-10-12,4.391788005828857
1992-10-13,4.370084285736084
1992-10-14,4.370084285736084
1992-10-15,4.377321243286133
1992-10-16,4.399022579193115
1992-10-19,4.500316619873047
1992-10-20,4.514788627624512
1992-10-21,4.442434787750244
1992-10-22,4.485846996307373
1992-10-23,4.500316619873047
1992-10-26,4.478609561920166
1992-10-27,4.478609561920166
1992-10-28,4.536494255065918
1992-10-29,4.514788627624512
1992-10-30,4.471376895904541
1992-11-02,4.514788627624512
1992-11-03,4.449669361114502
1992-11-04,4.456905841827393
1992-11-05,4.406257629394531
1992-11-06,4.399022579193115
1992-11-09,4.456905841827393
1992-11-10,4.471376895904541
1992-11-11,4.529257774353027
1992-11-12,4.456905841827393
1992-11-13,4.500316619873047
1992-11-16,4.485846996307373
1992-11-17,4.500316619873047
1992-11-18,4.514788627624512
1992-11-19,4.493081092834473
1992-11-20,4.514788627624512
1992-11-23,4.507554054260254
1992-11-24,4.587141036987305
1992-11-25,4.60161018371582
1992-11-27,4.63054895401001
1992-11-30,4.739078521728516
1992-12-01,4.739078521728516
1992-12-02,4.796958923339844
1992-12-03,4.854841232299805
1992-12-04,4.833138942718506
1992-12-07,4.811433792114258
1992-12-08,4.845137596130371
1992-12-09,4.8306121826171875
1992-12-10,4.8306121826171875
1992-12-11,4.852401256561279
1992-12-14,4.808817386627197
1992-12-15,4.801551342010498
1992-12-16,4.787024021148682
1992-12-17,4.794288635253906
1992-12-18,4.816079139709473
1992-12-21,4.772495269775391
1992-12-22,4.76523494720459
1992-12-23,4.736175537109375
1992-12-24,4.656271457672119
1992-12-28,4.634479999542236
1992-12-29,4.6199517250061035
1992-12-30,4.6199517250061035
1992-12-31,4.569101810455322
1993-01-04,4.518253326416016
1993-01-05,4.503725528717041
1993-01-06,4.474670886993408
1993-01-07,4.518253326416016
1993-01-08,4.5763654708862305
1993-01-11,4.518253326416016
1993-01-12,4.496461391448975
1993-01-13,4.489198207855225
1993-01-14,4.5473127365112305
1993-01-15,4.510990142822266
1993-01-18,4.489198207855225
1993-01-19,4.460141658782959
1993-01-20,4.445614337921143
1993-01-21,4.540045261383057
1993-01-22,4.467403888702393
1993-01-25,4.532784461975098
1993-01-26,4.678062438964844
1993-01-27,4.5836310386657715
1993-01-28,4.518253326416016
1993-01-29,4.510990142822266
1993-02-01,4.59089469909668
1993-02-02,4.59089469909668
1993-02-03,4.627213954925537
1993-02-04,4.634479999542236
1993-02-05,4.627213954925537
1993-02-08,4.5473127365112305
1993-02-09,4.59815788269043
1993-02-10,4.5763654708862305
1993-02-11,4.532784461975098
1993-02-12,4.5473127365112305
1993-02-16,4.423820972442627
1993-02-17,4.365708827972412
1993-02-18,4.191370964050293
1993-02-19,4.1695780754089355
1993-02-22,4.067882537841797
1993-02-23,4.096937656402588
1993-02-24,4.155049800872803
1993-02-25,4.133259296417236
1993-02-26,4.198635578155518
1993-03-01,4.184107303619385
1993-03-02,4.2422194480896
1993-03-03,4.184107303619385
1993-03-04,4.130397796630859
1993-03-05,4.159586429595947
1993-03-08,4.247158050537109
1993-03-09,4.261751651763916
1993-03-10,4.334725856781006
1993-03-11,4.29094123840332
1993-03-12,4.276345729827881
1993-03-15,4.320132732391357
1993-03-16,4.320132732391357
1993-03-17,4.30553674697876
1993-03-18,4.363917827606201
1993-03-19,4.320132732391357
1993-03-22,4.232560634613037
1993-03-23,4.247158050537109
1993-03-24,4.159586429595947
1993-03-25,4.247158050537109
1993-03-26,4.174181938171387
1993-03-29,4.29094123840332
1993-03-30,4.29094123840332
1993-03-31,4.247158050537109
1993-04-01,4.2179670333862305
1993-04-02,4.072018623352051
1993-04-05,4.072018623352051
1993-04-06,3.9260683059692383
1993-04-07,3.8676841259002686
1993-04-08,3.8239006996154785
1993-04-12,4.013636112213135
1993-04-13,3.9990408420562744
1993-04-14,3.984445333480835
1993-04-15,4.057423114776611
1993-04-16,4.072018623352051
1993-04-19,3.9990408420562744
1993-04-20,4.072018623352051
1993-04-21,3.984445333480835
1993-04-22,3.940659999847412
1993-04-23,3.9260683059692383
1993-04-26,3.911470413208008
1993-04-27,4.072018623352051
1993-04-28,4.057423114776611
1993-04-29,4.013636112213135
1993-04-30,4.042827129364014
1993-05-03,4.057423114776611
1993-05-04,4.057423114776611
1993-05-05,4.174181938171387
1993-05-06,4.232560634613037
1993-05-07,4.247158050537109
1993-05-10,4.30553674697876
1993-05-11,4.29094123840332
1993-05-12,4.203372478485107
1993-05-13,4.101208209991455
1993-05-14,4.144993305206299
1993-05-17,4.2179670333862305
1993-05-18,4.247158050537109
1993-05-19,4.276345729827881
1993-05-20,4.276345729827881
1993-05-21,4.29094123840332
1993-05-24,4.378512859344482
1993-05-25,4.422297954559326
1993-05-26,4.4514875411987305
1993-05-27,4.480678081512451
1993-05-28,4.50986909866333
1993-06-01,4.480678081512451
1993-06-02,4.422297954559326
1993-06-03,4.36835241317749
1993-06-04,4.3390350341796875
1993-06-07,4.309716701507568
1993-06-08,4.280398368835449
1993-06-09,4.265742778778076
1993-06-10,4.265742778778076
1993-06-11,4.383009910583496
1993-06-14,4.602895259857178
1993-06-15,4.5735764503479
1993-06-16,4.6175537109375
1993-06-17,4.602895259857178
1993-06-18,4.51494026184082
1993-06-21,4.51494026184082
1993-06-22,4.456304550170898
1993-06-23,4.42698860168457
1993-06-24,4.470965385437012
1993-06-25,4.544260501861572
1993-06-28,4.632213592529297
1993-06-29,4.6761908531188965
1993-06-30,4.690847873687744
1993-07-01,4.661531925201416
1993-07-02,4.5735764503479
1993-07-06,4.500281810760498
1993-07-07,4.51494026184082
1993-07-08,4.558917045593262
1993-07-09,4.470965385437012
1993-07-12,4.5735764503479
1993-07-13,4.558917045593262
1993-07-14,4.51494026184082
1993-07-15,4.456304550170898
1993-07-16,4.42698860168457
1993-07-19,4.397670745849609
1993-07-20,4.3390350341796875
1993-07-21,4.2217607498168945
1993-07-22,4.251081943511963
1993-07-23,4.42698860168457
1993-07-26,4.324375629425049
1993-07-27,4.309716701507568
1993-07-28,4.265742778778076
1993-07-29,4.236422061920166
1993-07-30,4.148468971252441
1993-08-02,4.075175762176514
1993-08-03,4.133810043334961
1993-08-04,4.148468971252441
1993-08-05,4.163126468658447
1993-08-06,4.119152069091797
1993-08-09,4.133810043334961
1993-08-10,4.104491233825684
1993-08-11,4.075175762176514
1993-08-12,4.0898332595825195
1993-08-13,4.104491233825684
1993-08-16,4.19244384765625
1993-08-17,4.295057773590088
1993-08-18,4.236422061920166
1993-08-19,4.19244384765625
1993-08-20,4.2217607498168945
1993-08-23,4.207102298736572
1993-08-24,4.383009910583496
1993-08-25,4.324375629425049
1993-08-26,4.295057773590088
1993-08-27,4.3390350341796875
1993-08-30,4.397670745849609
1993-08-31,4.309716701507568
1993-09-01,4.295057773590088
1993-09-02,4.314494609832764
1993-09-03,4.314494609832764
1993-09-07,4.343945026397705
1993-09-08,4.196693420410156
1993-09-09,4.12306547164917
1993-09-10,4.167242050170898
1993-09-13,4.167242050170898
1993-09-14,4.152518272399902
1993-09-15,4.12306547164917
1993-09-16,4.196693420410156
1993-09-17,4.211418151855469
1993-09-20,4.24086856842041
1993-09-21,4.167242050170898
1993-09-22,4.226141929626465
1993-09-23,4.255595684051514
1993-09-24,4.270320415496826
1993-09-27,4.314494609832764
1993-09-28,4.358668327331543
1993-09-29,4.314494609832764
1993-09-30,4.432294845581055
1993-10-01,4.402848243713379
1993-10-04,4.402848243713379
1993-10-05,4.3733954429626465
1993-10-06,4.314494609832764
1993-10-07,4.285045146942139
1993-10-08,4.358668327331543
1993-10-11,4.329221725463867
1993-10-12,4.3733954429626465
1993-10-13,4.432294845581055
1993-10-14,4.505922317504883
1993-10-15,4.432294845581055
1993-10-18,4.550099849700928
1993-10-19,4.564822196960449
1993-10-20,4.505922317504883
1993-10-21,4.461746692657471
1993-10-22,4.447020530700684
1993-10-25,4.343945026397705
1993-10-26,4.299770832061768
1993-10-27,4.447020530700684
1993-10-28,4.491197109222412
1993-10-29,4.476473808288574
1993-11-01,4.579548358917236
1993-11-02,4.579548358917236
1993-11-03,4.535373687744141
1993-11-04,4.505922317504883
1993-11-05,4.476473808288574
1993-11-08,4.447020530700684
1993-11-09,4.476473808288574
1993-11-10,4.447020530700684
1993-11-11,4.388120651245117
1993-11-12,4.3733954429626465
1993-11-15,4.299770832061768
1993-11-16,4.270320415496826
1993-11-17,4.285045146942139
1993-11-18,4.285045146942139
1993-11-19,4.270320415496826
1993-11-22,4.167242050170898
1993-11-23,4.152518272399902
1993-11-24,4.049438953399658
1993-11-26,4.005265712738037
1993-11-29,4.034714221954346
1993-11-30,4.005265712738037
1993-12-01,4.019990921020508
1993-12-02,4.1819658279418945
1993-12-03,4.10834264755249
1993-12-06,4.152518272399902
1993-12-07,4.218836307525635
1993-12-08,4.204031944274902
1993-12-09,4.174426078796387
1993-12-10,4.159624099731445
1993-12-13,4.174426078796387
1993-12-14,4.204031944274902
1993-12-15,4.204031944274902
1993-12-16,4.218836307525635
1993-12-17,4.233637809753418
1993-12-20,4.248440742492676
1993-12-21,4.263243198394775
1993-12-22,4.278048515319824
1993-12-23,4.248440742492676
1993-12-27,4.278048515319824
1993-12-28,4.278048515319824
1993-12-29,4.322454929351807
1993-12-30,4.278048515319824
1993-12-31,4.233637809753418
1994-01-03,4.248440742492676
1994-01-04,4.204031944274902
1994-01-05,4.189228534698486
1994-01-06,4.1152119636535645
1994-01-07,4.189228534698486
1994-01-10,4.263243198394775
1994-01-11,4.233637809753418
1994-01-12,4.189228534698486
1994-01-13,4.189228534698486
1994-01-14,4.263243198394775
1994-01-17,4.263243198394775
1994-01-18,4.189228534698486
1994-01-19,4.174426078796387
1994-01-20,4.233637809753418
1994-01-21,4.174426078796387
1994-01-24,4.05600118637085
1994-01-25,4.05600118637085
1994-01-26,4.1152119636535645
1994-01-27,4.233637809753418
1994-01-28,4.292849540710449
1994-01-31,4.366864204406738
1994-02-01,4.366864204406738
1994-02-02,4.352062225341797
1994-02-03,4.366864204406738
1994-02-04,4.278048515319824
1994-02-07,4.233637809753418
1994-02-08,4.248440742492676
1994-02-09,4.263243198394775
1994-02-10,4.396467685699463
1994-02-11,4.411273002624512
1994-02-14,4.381667137145996
1994-02-15,4.381667137145996
1994-02-16,4.440878391265869
1994-02-17,4.440878391265869
1994-02-18,4.500091075897217
1994-02-22,4.603708744049072
1994-02-23,4.677727222442627
1994-02-24,4.55930233001709
1994-02-25,4.633317470550537
1994-02-28,4.648121356964111
1994-03-01,4.603708744049072
1994-03-02,4.544497966766357
1994-03-03,4.500091075897217
1994-03-04,4.47747802734375
1994-03-07,4.522104740142822
1994-03-08,4.507227897644043
1994-03-09,4.522104740142822
1994-03-10,4.596480846405029
1994-03-11,4.596480846405029
1994-03-14,4.715487003326416
1994-03-15,4.760108470916748
1994-03-16,4.819611072540283
1994-03-17,4.789859294891357
1994-03-18,4.789859294891357
1994-03-21,4.789859294891357
1994-03-22,4.730360984802246
1994-03-23,4.730360984802246
1994-03-24,4.611356258392334
1994-03-25,4.730360984802246
1994-03-28,4.715487003326416
1994-03-29,4.596480846405029
1994-03-30,4.536979675292969
1994-03-31,4.4626030921936035
1994-04-04,4.284099578857422
1994-04-05,4.403102874755859
1994-04-06,4.4179768562316895
1994-04-07,4.49235200881958
1994-04-08,4.388227939605713
1994-04-11,4.373353958129883
1994-04-12,4.298976421356201
1994-04-13,4.26922607421875
1994-04-14,4.224598407745361
1994-04-15,4.224598407745361
1994-04-18,4.239476680755615
1994-04-19,4.26922607421875
1994-04-20,4.298976421356201
1994-04-21,4.432852745056152
1994-04-22,4.4179768562316895
1994-04-25,4.432852745056152
1994-04-26,4.403102874755859
1994-04-28,4.522104740142822
1994-04-29,4.596480846405029
1994-05-02,4.596480846405029
1994-05-03,4.596480846405029
1994-05-04,4.507227897644043
1994-05-05,4.581606864929199
1994-05-06,4.581606864929199
1994-05-09,4.536979675292969
1994-05-10,4.522104740142822
1994-05-11,4.343603134155273
1994-05-12,4.522104740142822
1994-05-13,4.49235200881958
1994-05-16,4.551857948303223
1994-05-17,4.551857948303223
1994-05-18,4.611356258392334
1994-05-19,4.685733318328857
1994-05-20,4.596480846405029
1994-05-23,4.47747802734375
1994-05-24,4.49235200881958
1994-05-25,4.522104740142822
1994-05-26,4.522104740142822
1994-05-27,4.47747802734375
1994-05-31,4.536979675292969
1994-06-01,4.47747802734375
1994-06-02,4.403102874755859
1994-06-03,4.470082759857178
1994-06-06,4.529880046844482
1994-06-07,4.54482889175415
1994-06-08,4.514927864074707
1994-06-09,4.529880046844482
1994-06-10,4.664430618286133
1994-06-13,4.679380416870117
1994-06-14,4.664430618286133
1994-06-15,4.694333076477051
1994-06-16,4.694333076477051
1994-06-17,4.784029960632324
1994-06-20,4.73918342590332
1994-06-21,4.73918342590332
1994-06-22,4.784029960632324
1994-06-23,4.754131317138672
1994-06-24,4.754131317138672
1994-06-27,4.72422981262207
1994-06-28,4.754131317138672
1994-06-29,4.8587822914123535
1994-06-30,4.888680934906006
1994-07-01,4.873730182647705
1994-07-05,4.948482036590576
1994-07-06,4.9036335945129395
1994-07-07,5.00828218460083
1994-07-08,5.00828218460083
1994-07-11,4.993334770202637
1994-07-12,4.993334770202637
1994-07-13,5.083033084869385
1994-07-14,5.112935543060303
1994-07-15,5.038183212280273
1994-07-18,5.053130149841309
1994-07-19,5.038183212280273
1994-07-20,5.038183212280273
1994-07-21,5.023229598999023
1994-07-22,5.038183212280273
1994-07-25,5.053130149841309
1994-07-26,4.993334770202637
1994-07-27,4.978383541107178
1994-07-28,5.038183212280273
1994-07-29,5.038183212280273
1994-08-01,5.00828218460083
1994-08-02,5.038183212280273
1994-08-03,5.142833709716797
1994-08-04,5.187683582305908
1994-08-05,5.187683582305908
1994-08-08,5.187683582305908
1994-08-09,5.262434959411621
1994-08-10,5.292336463928223
1994-08-11,5.2325334548950195
1994-08-12,5.262434959411621
1994-08-15,5.2474822998046875
1994-08-16,5.307285308837891
1994-08-17,5.292336463928223
1994-08-18,5.187683582305908
1994-08-19,5.217584133148193
1994-08-22,5.097982883453369
1994-08-23,5.202634334564209
1994-08-24,5.187683582305908
1994-08-25,5.127882957458496
1994-08-26,5.202634334564209
1994-08-29,5.217584133148193
1994-08-30,5.2325334548950195
1994-08-31,5.127882957458496
1994-09-01,5.2325334548950195
1994-09-02,5.194700241088867
1994-09-06,5.254753589630127
1994-09-07,5.284780979156494
1994-09-08,5.37486457824707
1994-09-09,5.359848499298096
1994-09-12,5.314809322357178
1994-09-13,5.359848499298096
1994-09-14,5.329823017120361
1994-09-15,5.404891490936279
1994-09-16,5.494971752166748
1994-09-19,5.509987831115723
1994-09-20,5.4499335289001465
1994-09-21,5.509987831115723
1994-09-22,5.479959011077881
1994-09-23,5.525001525878906
1994-09-26,5.525001525878906
1994-09-27,5.555027484893799
1994-09-28,5.645108222961426
1994-09-29,5.675136089324951
1994-09-30,5.795245170593262
1994-10-03,5.735190391540527
1994-10-04,5.6150803565979
1994-10-05,5.570037364959717
1994-10-06,5.525001525878906
1994-10-07,5.585056304931641
1994-10-10,5.6150803565979
1994-10-11,5.690149784088135
1994-10-12,5.690149784088135
1994-10-13,5.660120964050293
1994-10-14,5.645108222961426
1994-10-17,5.600069522857666
1994-10-18,5.645108222961426
1994-10-19,5.70516300201416
1994-10-20,5.720176696777344
1994-10-21,5.675136089324951
1994-10-24,5.70516300201416
1994-10-25,5.70516300201416
1994-10-26,5.720176696777344
1994-10-27,5.76521635055542
1994-10-28,5.690149784088135
1994-10-31,5.675136089324951
1994-11-01,5.600069522857666
1994-11-02,5.6150803565979
1994-11-03,5.570037364959717
1994-11-04,5.494971752166748
1994-11-07,5.4349164962768555
1994-11-08,5.555027484893799
1994-11-09,5.675136089324951
1994-11-10,5.675136089324951
1994-11-11,5.660120964050293
1994-11-14,5.675136089324951
1994-11-15,5.660120964050293
1994-11-16,5.645108222961426
1994-11-17,5.735190391540527
1994-11-18,5.660120964050293
1994-11-21,5.630094051361084
1994-11-22,5.6150803565979
1994-11-23,5.570037364959717
1994-11-25,5.6150803565979
1994-11-28,5.630094051361084
1994-11-29,5.645108222961426
1994-11-30,5.675136089324951
1994-12-01,5.585056304931641
1994-12-02,5.645108222961426
1994-12-05,5.690149784088135
1994-12-06,5.810253620147705
1994-12-07,5.8402838706970215
1994-12-08,5.70516300201416
1994-12-09,5.675136089324951
1994-12-12,5.735190391540527
1994-12-13,5.8051533699035645
1994-12-14,5.880543231964111
1994-12-15,5.971010684967041
1994-12-16,5.94085693359375
1994-12-19,5.94085693359375
1994-12-20,5.925779342651367
1994-12-21,5.910699844360352
1994-12-22,5.910699844360352
1994-12-23,5.94085693359375
1994-12-27,5.955936431884766
1994-12-28,5.895621299743652
1994-12-29,5.835305213928223
1994-12-30,5.79007625579834
1995-01-03,5.820234298706055
1995-01-04,5.880543231964111
1995-01-05,6.001171112060547
1995-01-06,6.061483860015869
1995-01-09,5.986090660095215
1995-01-10,6.061483860015869
1995-01-11,6.0313262939453125
1995-01-12,5.880543231964111
1995-01-13,5.910699844360352
1995-01-16,6.016249179840088
1995-01-17,6.091640949249268
1995-01-18,6.167034149169922
1995-01-19,6.2122650146484375
1995-01-20,6.136875629425049
1995-01-23,6.0313262939453125
1995-01-24,6.136875629425049
1995-01-25,6.257503032684326
1995-01-26,6.167034149169922
1995-01-27,6.167034149169922
1995-01-30,6.1971869468688965
1995-01-31,6.332894802093506
1995-02-01,6.317814350128174
1995-02-02,6.28765869140625
1995-02-03,6.2424235343933105
1995-02-06,6.1971869468688965
1995-02-07,6.2424235343933105
1995-02-08,6.2424235343933105
1995-02-09,6.2424235343933105
1995-02-10,6.227344036102295
1995-02-13,6.1971869468688965
1995-02-14,6.2122650146484375
1995-02-15,6.227344036102295
1995-02-16,6.1971869468688965
1995-02-17,6.1971869468688965
1995-02-21,6.151951789855957
1995-02-22,6.257503032684326
1995-02-23,6.272578239440918
1995-02-24,6.363046169281006
1995-02-27,6.332894802093506
1995-02-28,6.332894802093506
1995-03-01,6.317814350128174
1995-03-02,6.4082841873168945
1995-03-03,6.45352029800415
1995-03-06,6.523749828338623
1995-03-07,6.387524127960205
1995-03-08,6.4329328536987305
1995-03-09,6.569159507751465
1995-03-10,6.569159507751465
1995-03-13,6.781070232391357
1995-03-14,6.856754779815674
1995-03-15,6.735662460327148
1995-03-16,6.765936851501465
1995-03-17,6.781070232391357
1995-03-20,6.705390453338623
1995-03-21,6.629708766937256
1995-03-22,6.705390453338623
1995-03-23,6.675117492675781
1995-03-24,6.675117492675781
1995-03-27,6.644842624664307
1995-03-28,6.720523834228516
1995-03-29,6.796207904815674
1995-03-30,6.629708766937256
1995-03-31,6.569159507751465
1995-04-03,6.644842624664307
1995-04-04,6.735662460327148
1995-04-05,6.811343193054199
1995-04-06,6.841615200042725
1995-04-07,6.811343193054199
1995-04-10,6.750794887542725
1995-04-11,6.826477527618408
1995-04-12,6.887021064758301
1995-04-13,7.008115291595459
1995-04-17,6.932430744171143
1995-04-18,6.962704181671143
1995-04-19,6.841615200042725
1995-04-20,6.750794887542725
1995-04-21,6.750794887542725
1995-04-24,6.781070232391357
1995-04-25,6.841615200042725
1995-04-26,6.781070232391357
1995-04-27,6.750794887542725
1995-04-28,6.750794887542725
1995-05-01,6.887021064758301
1995-05-02,6.977839946746826
1995-05-03,6.90216064453125
1995-05-04,6.932430744171143
1995-05-05,6.917295932769775
1995-05-08,6.962704181671143
1995-05-09,6.947568416595459
1995-05-10,6.977839946746826
1995-05-11,6.947568416595459
1995-05-12,6.796207904815674
1995-05-15,6.856754779815674
1995-05-16,6.947568416595459
1995-05-17,6.992980003356934
1995-05-18,6.917295932769775
1995-05-19,7.083792209625244
1995-05-22,6.947568416595459
1995-05-23,6.962704181671143
1995-05-24,7.06865930557251
1995-05-25,7.174611568450928
1995-05-26,7.174611568450928
1995-05-30,7.083792209625244
1995-05-31,6.962704181671143
1995-06-01,7.06865930557251
1995-06-02,7.053519248962402
1995-06-05,7.023248195648193
1995-06-06,6.972213268280029
1995-06-07,7.093729019165039
1995-06-08,6.972213268280029
1995-06-09,6.98740291595459
1995-06-12,6.972213268280029
1995-06-13,7.063352108001709
1995-06-14,7.10892391204834
1995-06-15,7.15449333190918
1995-06-16,7.15449333190918
1995-06-19,7.139300346374512
1995-06-20,7.063352108001709
1995-06-21,7.15449333190918
1995-06-22,7.169681549072266
1995-06-23,7.200061321258545
1995-06-26,7.169681549072266
1995-06-27,6.98740291595459
1995-06-28,7.017786026000977
1995-06-29,7.002591609954834
1995-06-30,7.078540325164795
1995-07-03,7.10892391204834
1995-07-05,6.972213268280029
1995-07-06,7.04816198348999
1995-07-07,6.820310592651367
1995-07-10,6.896260738372803
1995-07-11,6.896260738372803
1995-07-12,6.9570159912109375
1995-07-13,6.9570159912109375
1995-07-14,6.926639556884766
1995-07-17,6.98740291595459
1995-07-18,7.002591609954834
1995-07-19,6.972213268280029
1995-07-20,6.972213268280029
1995-07-21,6.972213268280029
1995-07-24,7.002591609954834
1995-07-25,7.04816198348999
1995-07-26,7.078540325164795
1995-07-27,7.336770057678223
1995-07-28,7.200061321258545
1995-07-31,7.15449333190918
1995-08-01,7.21525239944458
1995-08-02,7.093729019165039
1995-08-03,7.002591609954834
1995-08-04,7.04816198348999
1995-08-07,7.078540325164795
1995-08-08,7.04816198348999
1995-08-09,7.169681549072266
1995-08-10,7.21525239944458
1995-08-11,7.139300346374512
1995-08-14,7.1241135597229
1995-08-15,7.1241135597229
1995-08-16,7.078540325164795
1995-08-17,7.078540325164795
1995-08-18,7.032970905303955
1995-08-21,7.002591609954834
1995-08-22,6.941836357116699
1995-08-23,6.926639556884766
1995-08-24,6.91145133972168
1995-08-25,6.850691795349121
1995-08-28,6.850691795349121
1995-08-29,6.850691795349121
1995-08-30,6.91145133972168
1995-08-31,6.850691795349121
1995-09-01,6.972213268280029
1995-09-05,7.078540325164795
1995-09-06,7.012079238891602
1995-09-07,6.9511003494262695
1995-09-08,6.859642028808594
1995-09-11,6.859642028808594
1995-09-12,6.92061710357666
1995-09-13,7.012079238891602
1995-09-14,7.149275302886963
1995-09-15,7.149275302886963
1995-09-18,7.149275302886963
1995-09-19,7.073052406311035
1995-09-20,7.225490570068359
1995-09-21,7.225490570068359
1995-09-22,7.408411502838135
1995-09-25,7.484633922576904
1995-09-26,7.545605659484863
1995-09-27,7.6675519943237305
1995-09-28,7.713289737701416
1995-09-29,7.6675519943237305
1995-10-02,7.896212577819824
1995-10-03,7.743773937225342
1995-10-04,7.606582164764404
1995-10-05,7.652318477630615
1995-10-06,7.835238933563232
1995-10-09,7.728532314300537
1995-10-10,7.6675519943237305
1995-10-11,7.652318477630615
1995-10-12,7.819995403289795
1995-10-13,7.926699161529541
1995-10-16,7.880969047546387
1995-10-17,7.911455154418945
1995-10-18,7.926699161529541
1995-10-19,8.033403396606445
1995-10-20,8.002915382385254
1995-10-23,8.002915382385254
1995-10-24,8.018158912658691
1995-10-25,8.033403396606445
1995-10-26,7.957184314727783
1995-10-27,7.926699161529541
1995-10-30,7.941946983337402
1995-10-31,7.926699161529541
1995-11-01,8.07913589477539
1995-11-02,7.987674236297607
1995-11-03,7.9724321365356445
1995-11-06,7.9724321365356445
1995-11-07,7.987674236297607
1995-11-08,8.018158912658691
1995-11-09,8.094377517700195
1995-11-10,8.124866485595703
1995-11-13,8.170598983764648
1995-11-14,8.201086044311523
1995-11-15,8.18583869934082
1995-11-16,8.231575012207031
1995-11-17,8.292546272277832
1995-11-20,8.353525161743164
1995-11-21,8.399250030517578
1995-11-22,8.338274955749512
1995-11-24,8.338274955749512
1995-11-27,8.353525161743164
1995-11-28,8.277301788330078
1995-11-29,8.429737091064453
1995-11-30,8.505956649780273
1995-12-01,8.429737091064453
1995-12-04,8.566933631896973
1995-12-05,8.658395767211914
1995-12-06,9.024243354797363
1995-12-07,8.932780265808105
1995-12-08,8.887045860290527
1995-12-11,9.115699768066406
1995-12-12,9.19192123413086
1995-12-13,9.237649917602539
1995-12-14,9.158757209777832
1995-12-15,9.097596168518066
1995-12-18,8.95998477935791
1995-12-19,8.914114952087402
1995-12-20,8.684764862060547
1995-12-21,8.745922088623047
1995-12-22,9.021145820617676
1995-12-26,9.067021369934082
1995-12-27,8.990568161010742
1995-12-28,9.067021369934082
1995-12-29,9.174043655395508
1996-01-02,9.265785217285156
1996-01-03,9.495140075683594
1996-01-04,9.403395652770996
1996-01-05,9.12817668914795
1996-01-08,9.281075477600098
1996-01-09,9.357527732849121
1996-01-10,9.189332962036133
1996-01-11,9.174043655395508
1996-01-12,9.067021369934082
1996-01-15,9.403395652770996
1996-01-16,9.41868782043457
1996-01-17,9.525715827941895
1996-01-18,9.755069732666016
1996-01-19,9.846814155578613
1996-01-22,9.785648345947266
1996-01-23,9.739777565002441
1996-01-24,9.907971382141113
1996-01-25,9.999711990356445
1996-01-26,10.198481559753418
1996-01-29,10.412543296813965
1996-01-30,10.50428295135498
1996-01-31,10.565442085266113
1996-02-01,10.397253036499023
1996-02-02,10.427830696105957
1996-02-05,10.70305347442627
1996-02-06,10.565442085266113
1996-02-07,10.565442085266113
1996-02-08,10.871240615844727
1996-02-09,10.611315727233887
1996-02-12,10.672472953796387
1996-02-13,10.825380325317383
1996-02-14,10.611315727233887
1996-02-15,10.611315727233887
1996-02-16,10.519566535949707
1996-02-20,10.22906494140625
1996-02-21,10.22906494140625
1996-02-22,10.488992691040039
1996-02-23,10.473699569702148
1996-02-26,10.351384162902832
1996-02-27,10.244352340698242
1996-02-28,10.12203311920166
1996-02-29,10.030289649963379
1996-03-01,10.336092948913574
1996-03-04,10.443120002746582
1996-03-05,10.320806503295898
1996-03-06,10.272356986999512
1996-03-07,10.62498664855957
1996-03-08,10.303014755249023
1996-03-11,10.333680152893066
1996-03-12,10.16502571105957
1996-03-13,10.149702072143555
1996-03-14,10.16502571105957
1996-03-15,10.21102523803711
1996-03-18,10.180359840393066
1996-03-19,9.935049057006836
1996-03-20,9.858392715454102
1996-03-21,9.919720649719238
1996-03-22,10.195693016052246
1996-03-25,10.180359840393066
1996-03-26,10.21102523803711
1996-03-27,10.103704452514648
1996-03-28,10.16502571105957
1996-03-29,10.042375564575195
1996-04-01,10.057707786560059
1996-04-02,10.057707786560059
1996-04-03,10.057707786560059
1996-04-04,10.103704452514648
1996-04-08,9.935049057006836
1996-04-09,9.705077171325684
1996-04-10,9.597749710083008
1996-04-11,9.505759239196777
1996-04-12,9.659082412719727
1996-04-15,9.781736373901367
1996-04-16,9.751067161560059
1996-04-17,9.705077171325684
1996-04-18,9.858392715454102
1996-04-19,9.935049057006836
1996-04-22,10.027043342590332
1996-04-23,10.042375564575195
1996-04-24,9.827727317810059
1996-04-25,9.735740661621094
1996-04-26,9.659082412719727
1996-04-29,9.61308479309082
1996-04-30,9.889053344726562
1996-05-01,9.904390335083008
1996-05-02,9.689748764038086
1996-05-03,9.582422256469727
1996-05-06,9.53642463684082
1996-05-07,9.367774963378906
1996-05-08,9.22978687286377
1996-05-09,9.582422256469727
1996-05-10,9.505759239196777
1996-05-13,9.812397003173828
1996-05-14,9.797064781188965
1996-05-15,9.919720649719238
1996-05-16,10.149702072143555
1996-05-17,10.303014755249023
1996-05-20,10.180359840393066
1996-05-21,10.21102523803711
1996-05-22,10.257024765014648
1996-05-23,10.39500904083252
1996-05-24,10.349013328552246
1996-05-28,10.379679679870605
1996-05-29,10.441004753112793
1996-05-30,10.364344596862793
1996-05-31,10.42567253112793
1996-06-03,10.272356986999512
1996-06-04,10.287683486938477
1996-06-05,10.454341888427734
1996-06-06,10.37746810913086
1996-06-07,10.362093925476074
1996-06-10,10.346718788146973
1996-06-11,10.285223007202148
1996-06-12,10.300600051879883
1996-06-13,10.300600051879883
1996-06-14,10.162233352661133
1996-06-17,10.0238618850708
1996-06-18,9.824007987976074
1996-06-19,9.777881622314453
1996-06-20,9.762510299682617
1996-06-21,9.793252944946289
1996-06-24,9.70101547241211
1996-06-25,9.88550090789795
1996-06-26,9.793252944946289
1996-06-27,9.854752540588379
1996-06-28,9.870125770568848
1996-07-01,9.854752540588379
1996-07-02,9.962371826171875
1996-07-03,9.870125770568848
1996-07-05,9.670262336730957
1996-07-08,9.470399856567383
1996-07-09,9.424278259277344
1996-07-10,9.285913467407227
1996-07-11,9.086050033569336
1996-07-12,9.17829418182373
1996-07-15,9.009182929992676
1996-07-16,8.793946266174316
1996-07-17,9.116801261901855
1996-07-18,9.48576831817627
1996-07-19,9.408906936645508
1996-07-22,9.162922859191895
1996-07-23,8.93231201171875
1996-07-24,8.963062286376953
1996-07-25,9.193674087524414
1996-07-26,9.209044456481934
1996-07-29,9.193674087524414
1996-07-30,9.224414825439453
1996-07-31,9.17829418182373
1996-08-01,9.56264591217041
1996-08-02,9.88550090789795
1996-08-05,9.88550090789795
1996-08-06,10.085362434387207
1996-08-07,10.192985534667969
1996-08-08,10.208353996276855
1996-08-09,10.208353996276855
1996-08-12,10.346718788146973
1996-08-13,10.285223007202148
1996-08-14,10.26984977722168
1996-08-15,10.26984977722168
1996-08-16,10.300600051879883
1996-08-19,10.392843246459961
1996-08-20,10.392843246459961
1996-08-21,10.26984977722168
1996-08-22,10.331350326538086
1996-08-23,10.239103317260742
1996-08-26,10.239103317260742
1996-08-27,10.208353996276855
1996-08-28,10.239103317260742
1996-08-29,10.177607536315918
1996-08-30,10.054616928100586
1996-09-03,9.993119239807129
1996-09-04,10.177607536315918
1996-09-05,10.113472938537598
1996-09-06,10.236806869506836
1996-09-09,10.606818199157715
1996-09-10,10.63764762878418
1996-09-11,10.699316024780273
1996-09-12,10.668481826782227
1996-09-13,10.853483200073242
1996-09-16,10.884316444396973
1996-09-17,10.606818199157715
1996-09-18,10.63764762878418
1996-09-19,10.668481826782227
1996-09-20,10.760980606079102
1996-09-23,10.699316024780273
1996-09-24,10.575983047485352
1996-09-25,10.514312744140625
1996-09-26,10.668481826782227
1996-09-27,10.853483200073242
1996-09-30,10.915146827697754
1996-10-01,10.63764762878418
1996-10-02,10.822647094726562
1996-10-03,10.884316444396973
1996-10-04,10.822647094726562
1996-10-07,10.945989608764648
1996-10-08,10.976815223693848
1996-10-09,10.822647094726562
1996-10-10,10.822647094726562
1996-10-11,10.945989608764648
1996-10-14,11.007649421691895
1996-10-15,11.007649421691895
1996-10-16,10.884316444396973
1996-10-17,10.976815223693848
1996-10-18,11.100153923034668
1996-10-21,11.007649421691895
1996-10-22,10.945989608764648
1996-10-23,10.730149269104004
1996-10-24,10.791818618774414
1996-10-25,10.760980606079102
1996-10-28,10.575983047485352
1996-10-29,10.699316024780273
1996-10-30,10.390975952148438
1996-10-31,10.730149269104004
1996-11-01,10.63764762878418
1996-11-04,10.760980606079102
1996-11-05,10.853483200073242
1996-11-06,10.822647094726562
1996-11-07,10.853483200073242
1996-11-08,10.668481826782227
1996-11-11,10.606818199157715
1996-11-12,10.144307136535645
1996-11-13,9.866806983947754
1996-11-14,10.08263874053955
1996-11-15,9.866806983947754
1996-11-18,9.95930290222168
1996-11-19,9.866806983947754
1996-11-20,9.743471145629883
1996-11-21,9.650967597961426
1996-11-22,9.620134353637695
1996-11-25,9.928471565246582
1996-11-26,10.113472938537598
1996-11-27,10.36014461517334
1996-11-29,10.36014461517334
1996-12-02,10.45264720916748
1996-12-03,10.36014461517334
1996-12-04,10.329314231872559
1996-12-05,10.45264720916748
1996-12-06,10.267642974853516
1996-12-09,10.45264720916748
1996-12-10,10.514312744140625
1996-12-11,10.514312744140625
1996-12-12,10.546477317810059
1996-12-13,10.546477317810059
1996-12-16,10.2681245803833
1996-12-17,10.391838073730469
1996-12-18,10.577408790588379
1996-12-19,10.701119422912598
1996-12-20,10.793899536132812
1996-12-23,10.855755805969238
1996-12-24,10.886686325073242
1996-12-26,10.948538780212402
1996-12-27,10.948538780212402
1996-12-30,10.917613983154297
1996-12-31,10.732048034667969
1997-01-02,10.732048034667969
1997-01-03,11.010396003723145
1997-01-06,10.855755805969238
1997-01-07,11.134109497070312
1997-01-08,11.226897239685059
1997-01-09,11.226897239685059
1997-01-10,11.288749694824219
1997-01-13,11.381534576416016
1997-01-14,11.412466049194336
1997-01-15,11.412466049194336
1997-01-16,11.536173820495605
1997-01-17,11.443388938903809
1997-01-20,11.50525188446045
1997-01-21,11.721748352050781
1997-01-22,12.00009822845459
1997-01-23,12.24752140045166
1997-01-24,12.24752140045166
1997-01-27,12.278448104858398
1997-01-28,11.96916675567627
1997-01-29,12.092881202697754
1997-01-30,12.123810768127441
1997-01-31,12.185664176940918
1997-02-03,12.123810768127441
1997-02-04,12.185664176940918
1997-02-05,12.092881202697754
1997-02-06,11.96916675567627
1997-02-07,12.185664176940918
1997-02-10,12.092881202697754
1997-02-11,12.24752140045166
1997-02-12,12.216591835021973
1997-02-13,12.371235847473145
1997-02-14,12.24752140045166
1997-02-18,12.556802749633789
1997-02-19,12.649588584899902
1997-02-20,12.309383392333984
1997-02-21,12.371235847473145
1997-02-24,12.464017868041992
1997-02-25,12.371235847473145
1997-02-26,12.216591835021973
1997-02-27,12.340307235717773
1997-02-28,12.185664176940918
1997-03-03,12.340307235717773
1997-03-04,12.24752140045166
1997-03-05,12.248760223388672
1997-03-06,12.093710899353027
1997-03-07,12.155735969543457
1997-03-10,12.186736106872559
1997-03-11,12.06270980834961
1997-03-12,11.845636367797852
1997-03-13,11.752610206604004
1997-03-14,11.876646041870117
1997-03-17,11.938667297363281
1997-03-18,11.783621788024902
1997-03-19,11.845636367797852
1997-03-20,11.721602439880371
1997-03-21,11.690587997436523
1997-03-24,11.535547256469727
1997-03-25,11.535547256469727
1997-03-26,11.783621788024902
1997-03-27,11.473525047302246
1997-03-31,11.163429260253906
1997-04-01,11.070399284362793
1997-04-02,11.13241958618164
1997-04-03,11.008383750915527
1997-04-04,11.287470817565918
1997-04-07,11.473525047302246
1997-04-08,11.504533767700195
1997-04-09,11.318476676940918
1997-04-10,11.287470817565918
1997-04-11,10.76030445098877
1997-04-14,10.946361541748047
1997-04-15,11.070399284362793
1997-04-16,11.194441795349121
1997-04-17,11.13241958618164
1997-04-18,10.946361541748047
1997-04-21,11.008383750915527
1997-04-22,11.13241958618164
1997-04-23,11.597559928894043
1997-04-24,11.194441795349121
1997-04-25,11.039393424987793
1997-04-28,10.915350914001465
1997-04-29,11.225448608398438
1997-04-30,11.411505699157715
1997-05-01,11.13241958618164
1997-05-02,11.473525047302246
1997-05-05,11.876646041870117
1997-05-06,11.783621788024902
1997-05-07,11.783621788024902
1997-05-08,11.783621788024902
1997-05-09,11.814637184143066
1997-05-12,11.907655715942383
1997-05-13,12.031695365905762
1997-05-14,12.031695365905762
1997-05-15,12.248760223388672
1997-05-16,12.093710899353027
1997-05-19,12.093710899353027
1997-05-20,12.310778617858887
1997-05-21,12.06270980834961
1997-05-22,11.876646041870117
1997-05-23,12.310778617858887
1997-05-27,12.155735969543457
1997-05-28,12.06270980834961
1997-05-29,12.27977180480957
1997-05-30,12.217750549316406
1997-06-02,12.27977180480957
1997-06-03,12.310778617858887
1997-06-04,12.24984073638916
1997-06-05,12.094391822814941
1997-06-06,12.001113891601562
1997-06-09,11.876751899719238
1997-06-10,12.001113891601562
1997-06-11,12.529661178588867
1997-06-12,12.996020317077637
1997-06-13,12.996020317077637
1997-06-16,12.933843612670898
1997-06-17,13.02712345123291
1997-06-18,12.996020317077637
1997-06-19,13.089295387268066
1997-06-20,13.058206558227539
1997-06-23,12.622931480407715
1997-06-24,13.120389938354492
1997-06-25,12.933843612670898
1997-06-26,13.04266357421875
1997-06-27,13.151467323303223
1997-06-30,12.59184455871582
1997-07-01,13.229212760925293
1997-07-02,13.353581428527832
1997-07-03,13.695573806762695
1997-07-07,13.509032249450684
1997-07-08,13.742215156555176
1997-07-09,13.477944374084473
1997-07-10,13.431296348571777
1997-07-11,13.726661682128906
1997-07-14,13.571206092834473
1997-07-15,13.742215156555176
1997-07-16,13.695573806762695
1997-07-17,13.524569511413574
1997-07-18,13.198121070861816
1997-07-21,13.02712345123291
1997-07-22,13.524569511413574
1997-07-23,13.602301597595215
1997-07-24,13.400212287902832
1997-07-25,13.431296348571777
1997-07-28,13.431296348571777
1997-07-29,13.353581428527832
1997-07-30,13.306928634643555
1997-07-31,13.338024139404297
1997-08-01,13.058206558227539
1997-08-04,12.778392791748047
1997-08-05,12.762839317321777
1997-08-06,12.949392318725586
1997-08-07,12.49857234954834
1997-08-08,12.0632963180542
1997-08-11,11.985567092895508
1997-08-12,12.094391822814941
1997-08-13,12.28093147277832
1997-08-14,12.218743324279785
1997-08-15,11.938932418823242
1997-08-18,12.001113891601562
1997-08-19,12.265388488769531
1997-08-20,12.420849800109863
1997-08-21,12.28093147277832
1997-08-22,12.078842163085938
1997-08-25,12.172117233276367
1997-08-26,12.01666259765625
1997-08-27,12.156567573547363
1997-08-28,12.078842163085938
1997-08-29,11.923393249511719
1997-09-02,12.078842163085938
1997-09-03,12.3275728225708
1997-09-04,12.437158584594727
1997-09-05,12.266725540161133
1997-09-08,12.516429901123047
1997-09-09,12.46961784362793
1997-09-10,12.110665321350098
1997-09-11,11.829748153686523
1997-09-12,11.970207214355469
1997-09-15,12.001420974731445
1997-09-16,12.313549995422363
1997-09-17,12.204306602478027
1997-09-18,12.282341957092285
1997-09-19,12.235516548156738
1997-09-22,12.50082778930664
1997-09-23,12.251129150390625
1997-09-24,11.985816955566406
1997-09-25,12.01702880859375
1997-09-26,11.938993453979492
1997-09-29,11.8609619140625
1997-09-30,11.954599380493164
1997-10-01,12.048238754272461
1997-10-02,12.219914436340332
1997-10-03,12.329154968261719
1997-10-06,12.375975608825684
1997-10-07,12.485225677490234
1997-10-08,12.532044410705566
1997-10-09,12.454010963439941
1997-10-10,12.110665321350098
1997-10-13,12.282341957092285
1997-10-14,12.46961784362793
1997-10-15,12.344758033752441
1997-10-16,12.219914436340332
1997-10-17,12.188703536987305
1997-10-20,12.391581535339355
1997-10-21,12.375975608825684
1997-10-22,12.001420974731445
1997-10-23,11.580042839050293
1997-10-24,11.76732063293457
1997-10-27,10.893355369567871
1997-10-28,11.56443977355957
1997-10-29,11.626861572265625
1997-10-30,11.455190658569336
1997-10-31,11.502006530761719
1997-11-03,11.75171947479248
1997-11-04,11.73611068725586
1997-11-05,11.658076286315918
1997-11-06,11.486404418945312
1997-11-07,11.299124717712402
1997-11-10,11.423979759216309
1997-11-11,11.377161026000977
1997-11-12,11.065028190612793
1997-11-13,11.080632209777832
1997-11-14,11.25230884552002
1997-11-17,11.595651626586914
1997-11-18,12.266725540161133
1997-11-19,12.219914436340332
1997-11-20,12.859779357910156
1997-11-21,13.047051429748535
1997-11-24,12.828567504882812
1997-11-25,12.828567504882812
1997-11-26,12.828567504882812
1997-11-28,12.875382423400879
1997-12-01,12.922202110290527
1997-12-02,13.047051429748535
1997-12-03,12.812957763671875
1997-12-04,12.812957763671875
1997-12-05,12.922202110290527
1997-12-08,12.750533103942871
1997-12-09,13.047051429748535
1997-12-10,13.171908378601074
1997-12-11,13.031452178955078
1997-12-12,13.177309036254883
1997-12-15,13.067765235900879
1997-12-16,12.864309310913086
1997-12-17,12.754759788513184
1997-12-18,12.864309310913086
1997-12-19,12.629559516906738
1997-12-22,12.504361152648926
1997-12-23,12.39480972290039
1997-12-24,12.144408226013184
1997-12-26,12.08181095123291
1997-12-29,12.347861289978027
1997-12-30,12.629559516906738
1997-12-31,12.52000617980957
1998-01-02,12.52000617980957
1998-01-05,12.582606315612793
1998-01-06,12.566961288452148
1998-01-07,12.473061561584473
1998-01-08,12.676513671875
1998-01-09,12.410456657409668
1998-01-12,12.39480972290039
1998-01-13,12.426105499267578
1998-01-14,12.676513671875
1998-01-15,13.099059104919434
1998-01-16,13.772005081176758
1998-01-20,13.818957328796387
1998-01-21,14.147618293762207
1998-01-22,14.648417472839355
1998-01-23,15.086626052856445
1998-01-26,14.773602485656738
1998-01-27,15.446571350097656
1998-01-28,15.49351978302002
1998-01-29,15.837815284729004
1998-01-30,15.806511878967285
1998-02-02,16.542064666748047
1998-02-03,16.542064666748047
1998-02-04,16.166467666625977
1998-02-05,15.696955680847168
1998-02-06,16.197763442993164
1998-02-09,16.119516372680664
1998-02-10,16.322959899902344
1998-02-11,16.229063034057617
1998-02-12,16.322959899902344
1998-02-13,16.119516372680664
1998-02-17,16.103845596313477
1998-02-18,16.119516372680664
1998-02-19,15.884761810302734
1998-02-20,16.338603973388672
1998-02-23,16.29166603088379
1998-02-24,16.088211059570312
1998-02-25,16.056903839111328
1998-02-26,16.150815963745117
1998-02-27,15.931714057922363
1998-03-02,15.71260929107666
1998-03-03,15.66566276550293
1998-03-04,15.843228340148926
1998-03-05,15.827545166015625
1998-03-06,16.392255783081055
1998-03-09,16.392255783081055
1998-03-10,16.564807891845703
1998-03-11,16.768718719482422
1998-03-12,17.380495071411133
1998-03-13,17.42755699157715
1998-03-16,17.4432430267334
1998-03-17,17.584415435791016
1998-03-18,17.647159576416016
1998-03-19,17.80402374267578
1998-03-20,17.772653579711914
1998-03-23,17.521677017211914
1998-03-24,17.678537368774414
1998-03-25,17.63147735595703
1998-03-26,17.53736686706543
1998-03-27,17.223623275756836
1998-03-30,17.317745208740234
1998-03-31,17.082447052001953
1998-04-01,17.36480712890625
1998-04-02,17.63147735595703
1998-04-03,17.474609375
1998-04-06,17.396175384521484
1998-04-07,17.42755699157715
1998-04-08,17.5687255859375
1998-04-09,17.70990562438965
1998-04-13,17.4432430267334
1998-04-14,17.380495071411133
1998-04-15,17.49030113220215
1998-04-16,17.270687103271484
1998-04-17,17.36480712890625
1998-04-20,17.4432430267334
1998-04-21,17.396175384521484
1998-04-22,18.133440017700195
1998-04-23,18.46285629272461
1998-04-24,18.38442611694336
1998-04-27,17.74127769470215
1998-04-28,17.349119186401367
1998-04-29,17.615785598754883
1998-04-30,17.474609375
1998-05-01,17.63147735595703
1998-05-04,17.788341522216797
1998-05-05,17.5687255859375
1998-05-06,17.380495071411133
1998-05-07,16.988340377807617
1998-05-08,17.129514694213867
1998-05-11,17.33344841003418
1998-05-12,17.5687255859375
1998-05-13,17.83540153503418
1998-05-14,17.678537368774414
1998-05-15,17.396175384521484
1998-05-18,17.270687103271484
1998-05-19,17.4432430267334
1998-05-20,18.133440017700195
1998-05-21,18.149127960205078
1998-05-22,18.070703506469727
1998-05-26,17.96088981628418
1998-05-27,17.819717407226562
1998-05-28,17.819717407226562
1998-05-29,17.756967544555664
1998-06-01,18.180496215820312
1998-06-02,17.929515838623047
1998-06-03,18.107458114624023
1998-06-04,18.154603958129883
1998-06-05,18.45325469970703
1998-06-08,18.594717025756836
1998-06-09,18.311782836914062
1998-06-10,18.61042594909668
1998-06-11,18.578996658325195
1998-06-12,18.264633178710938
1998-06-15,18.107458114624023
1998-06-16,18.594717025756836
1998-06-17,19.223447799682617
1998-06-18,18.971952438354492
1998-06-19,19.129131317138672
1998-06-22,19.302040100097656
1998-06-23,19.16057777404785
1998-06-24,19.176286697387695
1998-06-25,19.003389358520508
1998-06-26,19.113414764404297
1998-06-29,19.663557052612305
1998-06-30,19.5220947265625
1998-07-01,19.96220588684082
1998-07-02,20.496623992919922
1998-07-06,20.669532775878906
1998-07-07,20.543785095214844
1998-07-08,20.999614715576172
1998-07-09,21.486886978149414
1998-07-10,21.502599716186523
1998-07-13,21.28253746032715
1998-07-14,21.69121742248535
1998-07-15,21.65978240966797
1998-07-16,21.91126823425293
1998-07-17,21.974136352539062
1998-07-20,21.64406394958496
1998-07-21,21.21967315673828
1998-07-22,21.628341674804688
1998-07-23,21.471160888671875
1998-07-24,21.0467586517334
1998-07-27,21.015335083007812
1998-07-28,20.81099510192871
1998-07-29,21.28253746032715
1998-07-30,21.015335083007812
1998-07-31,20.77955436706543
1998-08-03,20.65380859375
1998-08-04,19.946483612060547
1998-08-05,20.197982788085938
1998-08-06,20.873865127563477
1998-08-07,20.936737060546875
1998-08-10,21.09391975402832
1998-08-11,21.188230514526367
1998-08-12,21.235380172729492
1998-08-13,21.07819938659668
1998-08-14,20.936737060546875
1998-08-17,20.63808250427246
1998-08-18,20.685243606567383
1998-08-19,21.09391975402832
1998-08-20,21.188230514526367
1998-08-21,21.376848220825195
1998-08-24,21.28253746032715
1998-08-25,20.77955436706543
1998-08-26,20.08795928955078
1998-08-27,19.930767059326172
1998-08-28,18.92479705810547
1998-08-31,16.755674362182617
1998-09-01,19.55353546142578
1998-09-02,19.80501937866211
1998-09-03,20.119384765625
1998-09-04,19.24236297607422
1998-09-08,20.754032135009766
1998-09-09,20.124181747436523
1998-09-10,21.289424896240234
1998-09-11,20.344633102416992
1998-09-14,20.659563064575195
1998-09-15,20.533592224121094
1998-09-16,20.502092361450195
1998-09-17,20.155664443969727
1998-09-18,20.659563064575195
1998-09-21,20.155664443969727
1998-09-22,20.8485164642334
1998-09-23,20.9744930267334
1998-09-24,20.533592224121094
1998-09-25,20.124181747436523
1998-09-28,20.470603942871094
1998-09-29,21.2264404296875
1998-09-30,20.72254753112793
1998-10-01,19.494312286376953
1998-10-02,20.187166213989258
1998-10-05,20.344633102416992
1998-10-06,19.651779174804688
1998-10-07,19.021913528442383
1998-10-08,19.872228622436523
1998-10-09,19.683273315429688
1998-10-12,20.470603942871094
1998-10-13,21.068967819213867
1998-10-14,20.533592224121094
1998-10-15,21.60435676574707
1998-10-16,22.26571273803711
1998-10-19,22.83259391784668
1998-10-20,23.61992835998535
1998-10-21,22.045251846313477
1998-10-22,21.352413177490234
1998-10-23,20.8485164642334
1998-10-26,20.344633102416992
1998-10-27,20.628070831298828
1998-10-28,21.2264404296875
1998-10-29,21.982269287109375
1998-10-30,21.2264404296875
1998-11-02,21.194944381713867
1998-11-03,21.163455963134766
1998-11-04,20.659563064575195
1998-11-05,21.60435676574707
1998-11-06,21.2264404296875
1998-11-09,20.628070831298828
1998-11-10,20.659563064575195
1998-11-11,19.714767456054688
1998-11-12,19.494312286376953
1998-11-13,19.777759552001953
1998-11-16,20.691051483154297
1998-11-17,20.565078735351562
1998-11-18,20.407621383666992
1998-11-19,20.691051483154297
1998-11-20,21.163455963134766
1998-11-23,21.446901321411133
1998-11-24,21.289424896240234
1998-11-25,21.919286727905273
1998-11-27,21.79332160949707
1998-11-30,21.415393829345703
1998-12-01,22.202713012695312
1998-12-02,22.48616600036621
1998-12-03,21.667348861694336
1998-12-04,22.297204971313477
1998-12-07,21.415393829345703
1998-12-08,21.730329513549805
1998-12-09,21.415393829345703
1998-12-10,20.732515335083008
1998-12-11,20.637853622436523
1998-12-14,19.470256805419922
1998-12-15,19.848936080932617
1998-12-16,19.65960121154785
1998-12-17,19.91204261779785
1998-12-18,20.416954040527344
1998-12-21,20.700960159301758
1998-12-22,20.606300354003906
1998-12-23,21.237415313720703
1998-12-24,20.98497200012207
1998-12-28,21.489877700805664
1998-12-29,22.247220993041992
1998-12-30,21.64764976501465
1998-12-31,21.552995681762695
1999-01-04,21.710756301879883
1999-01-05,21.61609649658203
1999-01-06,21.111190795898438
1999-01-07,20.196062088012695
1999-01-08,20.98497200012207
1999-01-11,20.732515335083008
1999-01-12,20.511629104614258
1999-01-13,20.196062088012695
1999-01-14,19.817378997802734
1999-01-15,20.069841384887695
1999-01-19,19.375591278076172
1999-01-20,17.797775268554688
1999-01-21,18.586694717407227
1999-01-22,17.040416717529297
1999-01-25,18.018667221069336
1999-01-26,18.302682876586914
1999-01-27,18.42890739440918
1999-01-28,18.33423614501953
1999-01-29,18.05022621154785
1999-02-01,18.17645835876465
1999-02-02,18.49201202392578
1999-02-03,18.902250289916992
1999-02-04,18.239559173583984
1999-02-05,18.460460662841797
1999-02-08,18.05022621154785
1999-02-09,17.545330047607422
1999-02-10,17.166650772094727
1999-02-11,17.703109741210938
1999-02-12,17.608444213867188
1999-02-16,17.387540817260742
1999-02-17,17.040416717529297
1999-02-18,16.977312088012695
1999-02-19,16.787979125976562
1999-02-22,17.135089874267578
1999-02-23,17.071979522705078
1999-02-24,17.57686996459961
1999-02-25,16.91419792175293
1999-02-26,16.91419792175293
1999-03-01,16.94576072692871
1999-03-02,17.671560287475586
1999-03-03,17.92401123046875
1999-03-04,17.545330047607422
1999-03-05,18.49201202392578
1999-03-08,18.788066864013672
1999-03-09,18.882957458496094
1999-03-10,18.724807739257812
1999-03-11,19.610443115234375
1999-03-12,19.92674446105957
1999-03-15,19.800230026245117
1999-03-16,19.515548706054688
1999-03-17,19.230886459350586
1999-03-18,18.724807739257812
1999-03-19,17.870803833007812
1999-03-22,18.092222213745117
1999-03-23,19.325777053833008
1999-03-24,20.116527557373047
1999-03-25,20.55933952331543
1999-03-26,21.25519371032715
1999-03-29,21.065418243408203
1999-03-30,20.116527557373047
1999-03-31,19.389026641845703
1999-04-01,19.35740852355957
1999-04-05,19.1359920501709
1999-04-06,18.914592742919922
1999-04-07,19.072738647460938
1999-04-08,19.230886459350586
1999-04-09,19.262502670288086
1999-04-12,19.072738647460938
1999-04-13,19.515548706054688
1999-04-14,19.42066192626953
1999-04-15,19.389026641845703
1999-04-16,19.104368209838867
1999-04-19,18.724807739257812
1999-04-20,18.629926681518555
1999-04-21,19.800230026245117
1999-04-22,20.780742645263672
1999-04-23,21.097049713134766
1999-04-26,20.654226303100586
1999-04-27,20.654226303100586
1999-04-28,19.800230026245117
1999-04-29,19.452302932739258
1999-04-30,18.81969451904297
1999-05-03,19.57880973815918
1999-05-04,19.1359920501709
1999-05-05,18.724807739257812
1999-05-06,19.54718780517578
1999-05-07,19.515548706054688
1999-05-10,19.54718780517578
1999-05-11,19.35740852355957
1999-05-12,19.48392105102539
1999-05-13,19.167631149291992
1999-05-14,18.724807739257812
1999-05-17,18.851333618164062
1999-05-18,18.724807739257812
1999-05-19,19.167631149291992
1999-05-20,19.325777053833008
1999-05-21,19.35740852355957
1999-05-24,18.94622039794922
1999-05-25,18.81969451904297
1999-05-26,19.452302932739258
1999-05-27,19.42066192626953
1999-05-28,19.642070770263672
1999-06-01,19.42066192626953
1999-06-02,18.851333618164062
1999-06-03,18.724807739257812
1999-06-04,18.81969451904297
1999-06-07,19.78217887878418
1999-06-08,19.116430282592773
1999-06-09,19.62366485595703
1999-06-10,19.84558868408203
1999-06-11,19.813879013061523
1999-06-14,15.375572204589844
1999-06-15,14.963446617126465
1999-06-16,15.217061042785645
1999-06-17,15.724298477172852
1999-06-18,15.518233299255371
1999-06-21,15.280462265014648
1999-06-22,15.1853666305542
1999-06-23,15.090253829956055
1999-06-24,15.248760223388672
1999-06-25,15.217061042785645
1999-06-28,15.470673561096191
1999-06-29,15.470673561096191
1999-06-30,15.217061042785645
1999-07-01,15.026840209960938
1999-07-02,14.678119659423828
1999-07-06,14.804938316345215
1999-07-07,14.614717483520508
1999-07-08,14.424497604370117
1999-07-09,14.361099243164062
1999-07-12,15.026840209960938
1999-07-13,15.090253829956055
1999-07-14,15.026840209960938
1999-07-15,15.153660774230957
1999-07-16,14.709832191467285
1999-07-19,14.297697067260742
1999-07-20,14.297697067260742
1999-07-21,14.456210136413574
1999-07-22,13.822175979614258
1999-07-23,13.790459632873535
1999-07-26,13.663649559020996
1999-07-27,13.885573387145996
1999-07-28,13.853870391845703
1999-07-29,13.853870391845703
1999-07-30,13.917269706726074
1999-08-02,14.107477188110352
1999-08-03,14.139187812805176
1999-08-04,13.505145072937012
1999-08-05,13.283227920532227
1999-08-06,13.378329277038574
1999-08-09,13.600247383117676
1999-08-10,13.219825744628906
1999-08-11,13.505145072937012
1999-08-12,13.47343921661377
1999-08-13,13.378329277038574
1999-08-16,13.124716758728027
1999-08-17,12.99791145324707
1999-08-18,12.99791145324707
1999-08-19,13.124716758728027
1999-08-20,13.758758544921875
1999-08-23,13.822175979614258
1999-08-24,13.853870391845703
1999-08-25,14.424497604370117
1999-08-26,14.265993118286133
1999-08-27,14.456210136413574
1999-08-30,14.202585220336914
1999-08-31,14.265993118286133
1999-09-01,14.361099243164062
1999-09-02,14.139187812805176
1999-09-03,14.77323055267334
1999-09-07,14.816473960876465
1999-09-08,14.562108993530273
1999-09-09,14.625699996948242
1999-09-10,14.625699996948242
1999-09-13,14.8482666015625
1999-09-14,14.752888679504395
1999-09-15,14.466721534729004
1999-09-16,13.449281692504883
1999-09-17,13.194930076599121
1999-09-20,13.25851821899414
1999-09-21,13.226723670959473
1999-09-22,13.290307998657227
1999-09-23,13.226723670959473
1999-09-24,13.54467487335205
1999-09-27,13.671846389770508
1999-09-28,13.576468467712402
1999-09-29,13.926216125488281
1999-09-30,14.275955200195312
1999-10-01,13.989800453186035
1999-10-04,14.4349365234375
1999-10-05,14.4349365234375
1999-10-06,14.816473960876465
1999-10-07,14.530320167541504
1999-10-08,14.752888679504395
1999-10-11,14.562108993530273
1999-10-12,14.466721534729004
1999-10-13,14.244162559509277
1999-10-14,13.767234802246094
1999-10-15,13.353898048400879
1999-10-18,13.385693550109863
1999-10-19,13.385693550109863
1999-10-20,13.4810791015625
1999-10-21,13.671846389770508
1999-10-22,13.640056610107422
1999-10-25,12.940570831298828
1999-10-26,13.163129806518555
1999-10-27,12.876982688903809
1999-10-28,12.940570831298828
1999-10-29,12.908774375915527
1999-11-01,12.908774375915527
1999-11-02,13.163129806518555
1999-11-03,13.4810791015625
1999-11-04,14.657499313354492
1999-11-05,14.244162559509277
1999-11-08,14.752888679504395
1999-11-09,14.625699996948242
1999-11-10,14.784676551818848
1999-11-11,14.752888679504395
1999-11-12,14.657499313354492
1999-11-15,14.880064964294434
1999-11-16,15.166216850280762
1999-11-17,15.10262393951416
1999-11-18,14.91185474395752
1999-11-19,14.880064964294434
1999-11-22,14.498523712158203
1999-11-23,14.053394317626953
1999-11-24,13.830824851989746
1999-11-26,14.021601676940918
1999-11-29,13.767234802246094
1999-11-30,13.926216125488281
1999-12-01,13.830824851989746
1999-12-02,13.830824851989746
1999-12-03,13.703643798828125
1999-12-06,13.4810791015625
1999-12-07,13.671846389770508
1999-12-08,13.51287841796875
1999-12-09,13.25851821899414
1999-12-10,13.337903022766113
1999-12-13,13.274089813232422
1999-12-14,13.59317684173584
1999-12-15,13.2421875
1999-12-16,13.018818855285645
1999-12-17,12.667817115783691
1999-12-20,12.891181945800781
1999-12-21,12.380636215209961
1999-12-22,12.667817115783691
1999-12-23,13.848455429077148
1999-12-27,14.039899826049805
1999-12-28,13.91226863861084
1999-12-29,13.784626007080078
1999-12-30,13.752721786499023
1999-12-31,13.752721786499023
2000-01-03,13.3698148727417
2000-01-04,13.018818855285645
2000-01-05,13.114542961120605
2000-01-06,13.656989097595215
2000-01-07,14.422808647155762
2000-01-10,14.103724479675293
2000-01-11,13.880352020263672
2000-01-12,13.43362808227539
2000-01-13,14.358996391296387
2000-01-14,13.97607707977295
2000-01-18,14.007993698120117
2000-01-19,14.486626625061035
2000-01-20,14.19945240020752
2000-01-21,14.709992408752441
2000-01-24,14.231355667114258
2000-01-25,13.880352020263672
2000-01-26,13.688905715942383
2000-01-27,14.231355667114258
2000-01-28,13.529364585876465
2000-01-31,13.3698148727417
2000-02-01,13.848455429077148
2000-02-02,13.43362808227539
2000-02-03,13.274089813232422
2000-02-04,13.274089813232422
2000-02-07,13.274089813232422
2000-02-08,13.114542961120605
2000-02-09,13.210275650024414
2000-02-10,12.82736587524414
2000-02-11,12.763545036315918
2000-02-14,13.178359985351562
2000-02-15,12.82736587524414
2000-02-16,13.082637786865234
2000-02-17,13.43362808227539
2000-02-18,15.603436470031738
2000-02-22,14.837627410888672
2000-02-23,15.316255569458008
2000-02-24,16.33734130859375
2000-02-25,17.4222354888916
2000-02-28,15.826801300048828
2000-02-29,15.826801300048828
2000-03-01,15.986343383789062
2000-03-02,16.050172805786133
2000-03-03,16.082069396972656
2000-03-06,15.731072425842285
2000-03-07,15.124798774719238
2000-03-08,15.396500587463379
2000-03-09,15.81262493133545
2000-03-10,16.388795852661133
2000-03-13,15.684576988220215
2000-03-14,15.172432899475098
2000-03-15,15.588554382324219
2000-03-16,15.876636505126953
2000-03-17,16.004680633544922
2000-03-20,15.876636505126953
2000-03-21,15.876636505126953
2000-03-22,15.844629287719727
2000-03-23,15.364489555358887
2000-03-24,14.340194702148438
2000-03-27,13.796028137207031
2000-03-28,13.892056465148926
2000-03-29,13.76402473449707
2000-03-30,13.571965217590332
2000-03-31,13.475935935974121
2000-04-03,13.82804012298584
2000-04-04,13.860051155090332
2000-04-05,13.924065589904785
2000-04-06,13.82804012298584
2000-04-07,13.667993545532227
2000-04-10,13.603975296020508
2000-04-11,14.05210018157959
2000-04-12,14.724305152893066
2000-04-13,14.628279685974121
2000-04-14,13.76402473449707
2000-04-17,13.34790325164795
2000-04-18,13.700003623962402
2000-04-19,13.219863891601562
2000-04-20,13.091824531555176
2000-04-24,13.05982494354248
2000-04-25,13.315896987915039
2000-04-26,13.187853813171387
2000-04-27,13.187853813171387
2000-04-28,13.123835563659668
2000-05-01,13.219863891601562
2000-05-02,13.411919593811035
2000-05-03,13.732011795043945
2000-05-04,13.315896987915039
2000-05-05,13.796028137207031
2000-05-08,13.700003623962402
2000-05-09,13.76402473449707
2000-05-10,13.700003623962402
2000-05-11,13.924065589904785
2000-05-12,13.667993545532227
2000-05-15,14.244162559509277
2000-05-16,14.148130416870117
2000-05-17,14.05210018157959
2000-05-18,14.244162559509277
2000-05-19,13.956079483032227
2000-05-22,13.82804012298584
2000-05-23,14.084120750427246
2000-05-24,15.108417510986328
2000-05-25,14.724305152893066
2000-05-26,14.436219215393066
2000-05-30,15.01239013671875
2000-05-31,14.948371887207031
2000-06-01,14.66028118133545
2000-06-02,14.628279685974121
2000-06-05,14.852338790893555
2000-06-06,15.01239013671875
2000-06-07,14.450050354003906
2000-06-08,14.32160472869873
2000-06-09,14.450050354003906
2000-06-12,14.096827507019043
2000-06-13,14.193168640136719
2000-06-14,14.32160472869873
2000-06-15,14.51428508758545
2000-06-16,14.273444175720215
2000-06-19,14.32160472869873
2000-06-20,14.064723014831543
2000-06-21,14.257386207580566
2000-06-22,14.064723014831543
2000-06-23,14.064723014831543
2000-06-26,14.032609939575195
2000-06-27,13.80782699584961
2000-06-28,14.209222793579102
2000-06-29,14.257386207580566
2000-06-30,14.739052772521973
2000-07-03,14.51428508758545
2000-07-05,15.188613891601562
2000-07-06,15.156500816345215
2000-07-07,15.092272758483887
2000-07-10,15.28494644165039
2000-07-11,15.220724105834961
2000-07-12,15.028058052062988
2000-07-13,14.385830879211426
2000-07-14,14.000502586364746
2000-07-17,14.161053657531738
2000-07-18,14.674842834472656
2000-07-19,14.51428508758545
2000-07-20,12.812376976013184
2000-07-21,13.10137939453125
2000-07-24,13.005054473876953
2000-07-25,12.716046333312988
2000-07-26,12.266489028930664
2000-07-27,12.780267715454102
2000-07-28,12.651822090148926
2000-07-31,12.972938537597656
2000-08-01,13.486712455749512
2000-08-02,13.615157127380371
2000-08-03,13.518820762634277
2000-08-04,13.35827350616455
2000-08-07,13.26193618774414
2000-08-08,13.229828834533691
2000-08-09,12.716046333312988
2000-08-10,13.037163734436035
2000-08-11,13.133489608764648
2000-08-14,13.39037799835205
2000-08-15,13.39037799835205
2000-08-16,13.486712455749512
2000-08-17,13.615157127380371
2000-08-18,13.615157127380371
2000-08-21,14.578497886657715
2000-08-22,14.032609939575195
2000-08-23,14.128941535949707
2000-08-24,14.289498329162598
2000-08-25,14.289498329162598
2000-08-28,14.642715454101562
2000-08-29,14.385830879211426
2000-08-30,14.899613380432129
2000-08-31,15.42142391204834
2000-09-01,14.867490768432617
2000-09-05,14.739052772521973
2000-09-06,14.722556114196777
2000-09-07,14.690342903137207
2000-09-08,14.529267311096191
2000-09-11,14.722556114196777
2000-09-12,14.980287551879883
2000-09-13,14.529267311096191
2000-09-14,14.46483039855957
2000-09-15,14.46483039855957
2000-09-18,13.88495922088623
2000-09-19,13.530576705932617
2000-09-20,13.17620849609375
2000-09-21,13.17620849609375
2000-09-22,13.111778259277344
2000-09-25,12.886266708374023
2000-09-26,11.533208847045898
2000-09-27,13.595014572143555
2000-09-28,13.466146469116211
2000-09-29,13.627224922180176
2000-10-02,13.69166088104248
2000-10-03,13.820524215698242
2000-10-04,13.917171478271484
2000-10-05,14.110465049743652
2000-10-06,14.303762435913086
2000-10-09,14.0782470703125
2000-10-10,14.432618141174316
2000-10-11,14.722556114196777
2000-10-12,14.593701362609863
2000-10-13,15.076934814453125
2000-10-16,15.109156608581543
2000-10-17,15.205795288085938
2000-10-18,15.978963851928711
2000-10-19,15.334661483764648
2000-10-20,15.23801040649414
2000-10-23,14.948070526123047
2000-10-24,14.948070526123047
2000-10-25,15.560168266296387
2000-10-26,15.721244812011719
2000-10-27,15.624600410461426
2000-10-30,16.429990768432617
2000-10-31,17.26759910583496
2000-11-01,16.97765350341797
2000-11-02,17.106521606445312
2000-11-03,17.170948028564453
2000-11-06,17.0098876953125
2000-11-07,17.04210090637207
2000-11-08,17.138734817504883
2000-11-09,16.429990768432617
2000-11-10,16.204486846923828
2000-11-13,16.07561683654785
2000-11-14,15.978963851928711
2000-11-15,15.978963851928711
2000-11-16,15.946755409240723
2000-11-17,16.333345413208008
2000-11-20,16.204486846923828
2000-11-21,16.30113410949707
2000-11-22,16.365558624267578
2000-11-24,16.30113410949707
2000-11-27,16.494422912597656
2000-11-28,16.97765350341797
2000-11-29,17.52532196044922
2000-11-30,17.52532196044922
2000-12-01,17.460895538330078
2000-12-04,17.396461486816406
2000-12-05,17.396461486816406
2000-12-06,16.752151489257812
2000-12-07,17.106521606445312
2000-12-08,17.28485870361328
2000-12-11,16.864864349365234
2000-12-12,17.22024154663086
2000-12-13,17.155630111694336
2000-12-14,16.477157592773438
2000-12-15,16.057146072387695
2000-12-18,16.800241470336914
2000-12-19,16.67100715637207
2000-12-20,16.509458541870117
2000-12-21,16.703319549560547
2000-12-22,16.638694763183594
2000-12-26,17.22024154663086
2000-12-27,17.446401596069336
2000-12-28,18.157182693481445
2000-12-29,17.89871597290039
2001-01-02,17.672563552856445
2001-01-03,17.09102439880371
2001-01-04,16.477157592773438
2001-01-05,16.18639373779297
2001-01-08,16.315622329711914
2001-01-09,16.864864349365234
2001-01-10,16.509458541870117
2001-01-11,17.123319625854492
2001-01-12,16.800241470336914
2001-01-16,17.058717727661133
2001-01-17,16.800241470336914
2001-01-18,17.446401596069336
2001-01-19,16.735618591308594
2001-01-22,17.995634078979492
2001-01-23,17.672563552856445
2001-01-24,18.02794647216797
2001-01-25,18.221803665161133
2001-01-26,18.092565536499023
2001-01-29,18.123586654663086
2001-01-30,18.009851455688477
2001-01-31,17.772071838378906
2001-02-01,18.009851455688477
2001-02-02,18.738723754882812
2001-02-05,18.58881187438965
2001-02-06,18.919647216796875
2001-02-07,18.640512466430664
2001-02-08,19.116092681884766
2001-02-09,19.141931533813477
2001-02-12,19.472766876220703
2001-02-13,20.16028594970703
2001-02-14,19.322860717773438
2001-02-15,18.86795997619629
2001-02-16,19.00235939025879
2001-02-20,19.17812156677246
2001-02-21,19.229820251464844
2001-02-22,18.811098098754883
2001-02-23,18.19594955444336
2001-02-26,18.898975372314453
2001-02-27,18.552637100219727
2001-02-28,18.59916114807129
2001-03-01,18.640512466430664
2001-03-02,18.53195571899414
2001-03-05,18.33552360534668
2001-03-06,18.025373458862305
2001-03-07,18.1627254486084
2001-03-08,18.478918075561523
2001-03-09,18.660343170166016
2001-03-12,18.406343460083008
2001-03-13,18.131624221801758
2001-03-14,17.685855865478516
2001-03-15,17.571813583374023
2001-03-16,16.820213317871094
2001-03-19,17.88800811767578
2001-03-20,17.41631317138672
2001-03-21,17.551082611083984
2001-03-22,16.586959838867188
2001-03-23,17.11048698425293
2001-03-26,17.053468704223633
2001-03-27,17.105310440063477
2001-03-28,17.18305778503418
2001-03-29,17.81543731689453
2001-03-30,18.30785369873047
2001-04-02,18.219741821289062
2001-04-03,17.561450958251953
2001-04-04,17.540714263916016
2001-04-05,18.131624221801758
2001-04-06,17.89837074279785
2001-04-09,18.007230758666992
2001-04-10,18.11088752746582
2001-04-11,17.566638946533203
2001-04-12,17.862091064453125
2001-04-16,17.79988670349121
2001-04-17,18.152359008789062
2001-04-18,17.97093963623047
2001-04-19,17.545896530151367
2001-04-20,17.001636505126953
2001-04-23,16.758012771606445
2001-04-24,16.172298431396484
2001-04-25,16.36925506591797
2001-04-26,16.38481330871582
2001-04-27,16.87205696105957
2001-04-30,16.768383026123047
2001-05-01,16.975719451904297
2001-05-02,16.685441970825195
2001-05-03,16.281139373779297
2001-05-04,16.327787399291992
2001-05-07,16.550674438476562
2001-05-08,16.322608947753906
2001-05-09,16.55586814880371
2001-05-10,15.861282348632812
2001-05-11,15.622845649719238
2001-05-14,15.954590797424316
2001-05-15,15.975324630737305
2001-05-16,16.110092163085938
2001-05-17,16.06862449645996
2001-05-18,15.985684394836426
2001-05-21,16.46255874633789
2001-05-22,16.721731185913086
2001-05-23,16.41073226928711
2001-05-24,16.856502532958984
2001-05-25,17.198604583740234
2001-05-29,17.16231918334961
2001-05-30,17.75322914123535
2001-05-31,17.794702529907227
2001-06-01,18.06423568725586
2001-06-04,18.31305503845215
2001-06-05,18.61886978149414
2001-06-06,18.3408145904541
2001-06-07,18.346017837524414
2001-06-08,18.25246810913086
2001-06-11,17.919851303100586
2001-06-12,18.008203506469727
2001-06-13,18.153732299804688
2001-06-14,17.95623016357422
2001-06-15,18.17970848083496
2001-06-18,18.288843154907227
2001-06-19,18.195297241210938
2001-06-20,18.605873107910156
2001-06-21,18.709827423095703
2001-06-22,18.55910301208496
2001-06-25,18.397979736328125
2001-06-26,18.507125854492188
2001-06-27,18.346017837524414
2001-06-28,18.48634147644043
2001-06-29,18.600685119628906
2001-07-02,18.720212936401367
2001-07-03,18.564289093017578
2001-07-05,18.741003036499023
2001-07-06,18.33562469482422
2001-07-09,18.538311004638672
2001-07-10,18.611074447631836
2001-07-11,18.299238204956055
2001-07-12,18.517528533935547
2001-07-13,18.76178550720215
2001-07-16,19.187965393066406
2001-07-17,19.068424224853516
2001-07-18,19.000858306884766
2001-07-19,17.59762191772461
2001-07-20,18.05497932434082
2001-07-23,18.086153030395508
2001-07-24,17.836694717407227
2001-07-25,17.86787223815918
2001-07-26,18.080961227416992
2001-07-27,18.10175323486328
2001-07-30,17.90426254272461
2001-07-31,17.961423873901367
2001-08-01,17.7899227142334
2001-08-02,17.446908950805664
2001-08-03,17.40532875061035
2001-08-06,17.535261154174805
2001-08-07,17.706768035888672
2001-08-08,17.670385360717773
2001-08-09,17.99260711669922
2001-08-10,18.075763702392578
2001-08-13,18.37200164794922
2001-08-14,18.517528533935547
2001-08-15,18.82935333251953
2001-08-16,18.990468978881836
2001-08-17,18.969680786132812
2001-08-20,19.302297592163086
2001-08-21,19.229537963867188
2001-08-22,19.468599319458008
2001-08-23,19.458206176757812
2001-08-24,19.421838760375977
2001-08-27,19.421838760375977
2001-08-28,19.343868255615234
2001-08-29,19.250322341918945
2001-08-30,18.834545135498047
2001-08-31,18.673439025878906
2001-09-04,18.91771697998047
2001-09-05,18.862998962402344
2001-09-06,18.45134925842285
2001-09-07,18.133480072021484
2001-09-10,18.414865493774414
2001-09-17,18.836933135986328
2001-09-18,18.59723472595215
2001-09-19,18.399234771728516
2001-09-20,18.14389991760254
2001-09-21,17.53424835205078
2001-09-24,17.85731315612793
2001-09-25,18.107431411743164
2001-09-26,18.003217697143555
2001-09-27,19.566444396972656
2001-09-28,19.279857635498047
2001-10-01,19.123531341552734
2001-10-02,19.3059024810791
2001-10-03,19.248584747314453
2001-10-04,18.96721649169922
2001-10-05,19.529972076416016
2001-10-08,19.696718215942383
2001-10-09,19.493499755859375
2001-10-10,19.649822235107422
2001-10-11,19.774869918823242
2001-10-12,19.800933837890625
2001-10-15,19.85824966430664
2001-10-16,19.785297393798828
2001-10-17,19.180849075317383
2001-10-18,19.14958381652832
2001-10-19,19.045366287231445
2001-10-22,19.61855125427246
2001-10-23,19.4882869720459
2001-10-24,19.462223052978516
2001-10-25,19.39449119567871
2001-10-26,19.123531341552734
2001-10-29,18.894258499145508
2001-10-30,18.352333068847656
2001-10-31,18.654556274414062
2001-11-01,19.342376708984375
2001-11-02,19.404916763305664
2001-11-05,19.7383975982666
2001-11-06,19.25379753112793
2001-11-07,19.123531341552734
2001-11-08,17.075700759887695
2001-11-09,17.706199645996094
2001-11-12,17.185123443603516
2001-11-13,17.560291290283203
2001-11-14,17.325815200805664
2001-11-15,17.195545196533203
2001-11-16,16.783897399902344
2001-11-19,16.88289451599121
2001-11-20,16.71094512939453
2001-11-21,16.684894561767578
2001-11-23,16.830793380737305
2001-11-26,16.92979621887207
2001-11-27,16.92979621887207
2001-11-28,17.174701690673828
2001-11-29,17.59156608581543
2001-11-30,17.648881912231445
2001-12-03,17.706199645996094
2001-12-04,18.07095718383789
2001-12-05,17.565515518188477
2001-12-06,17.388336181640625
2001-12-07,16.935001373291016
2001-12-10,16.73535919189453
2001-12-11,17.033267974853516
2001-12-12,17.00190544128418
2001-12-13,16.881698608398438
2001-12-14,16.97054100036621
2001-12-17,16.907825469970703
2001-12-18,17.195280075073242
2001-12-19,17.2475528717041
2001-12-20,17.45661735534668
2001-12-21,17.51411247253418
2001-12-24,17.71272087097168
2001-12-26,17.336408615112305
2001-12-27,17.284141540527344
2001-12-28,17.5872802734375
2001-12-31,17.325952529907227
2002-01-02,17.399126052856445
2002-01-03,16.886917114257812
2002-01-04,16.9339542388916
2002-01-07,16.803300857543945
2002-01-08,16.96531867980957
2002-01-09,17.095983505249023
2002-01-10,17.294597625732422
2002-01-11,17.535011291503906
2002-01-14,17.77020835876465
2002-01-15,17.68659019470215
2002-01-16,17.84859848022461
2002-01-17,18.026304244995117
2002-01-18,17.900863647460938
2002-01-22,17.85383415222168
2002-01-23,18.204011917114258
2002-01-24,18.026304244995117
2002-01-25,18.554182052612305
2002-01-28,18.580312728881836
2002-01-29,18.334674835205078
2002-01-30,18.731891632080078
2002-01-31,18.93050193786621
2002-02-01,19.050710678100586
2002-02-04,18.998435974121094
2002-02-05,19.16046142578125
2002-02-06,18.998435974121094
2002-02-07,18.82073211669922
2002-02-08,18.799833297729492
2002-02-11,19.176145553588867
2002-02-12,19.33816909790039
2002-02-13,19.170921325683594
2002-02-14,19.202268600463867
2002-02-15,19.56290626525879
2002-02-19,19.33816909790039
2002-02-20,19.29636573791504
2002-02-21,19.16046142578125
2002-02-22,19.348613739013672
2002-02-25,19.343393325805664
2002-02-26,19.662208557128906
2002-02-27,19.521089553833008
2002-02-28,19.176145553588867
2002-03-01,19.385210037231445
2002-03-04,19.57858657836914
2002-03-05,19.181373596191406
2002-03-06,19.31133460998535
2002-03-07,18.813486099243164
2002-03-08,19.133159637451172
2002-03-11,19.18556022644043
2002-03-12,19.044071197509766
2002-03-13,19.15935707092285
2002-03-14,19.18556022644043
2002-03-15,19.531436920166016
2002-03-18,19.452829360961914
2002-03-19,19.285133361816406
2002-03-20,19.023101806640625
2002-03-21,19.127918243408203
2002-03-22,19.012622833251953
2002-03-25,18.829208374023438
2002-03-26,19.054548263549805
2002-03-27,19.484262466430664
2002-03-28,19.767257690429688
2002-04-01,19.374221801757812
2002-04-02,19.16458511352539
2002-04-03,19.2694034576416
2002-04-04,19.22749137878418
2002-04-05,18.960214614868164
2002-04-08,19.002140045166016
2002-04-09,19.442350387573242
2002-04-10,20.081684112548828
2002-04-11,19.809186935424805
2002-04-12,20.02928924560547
2002-04-15,19.97163963317871
2002-04-16,20.160301208496094
2002-04-17,19.88254737854004
2002-04-18,19.63100242614746
2002-04-19,19.573352813720703
2002-04-22,19.762025833129883
2002-04-23,19.625761032104492
2002-04-24,19.332300186157227
2002-04-25,19.803951263427734
2002-04-26,19.636249542236328
2002-04-29,19.222251892089844
2002-04-30,19.47903823852539
2002-05-01,19.782978057861328
2002-05-02,19.620519638061523
2002-05-03,19.573352813720703
2002-05-06,19.442350387573242
2002-05-07,19.10171890258789
2002-05-08,19.489517211914062
2002-05-09,19.106952667236328
2002-05-10,19.007387161254883
2002-05-13,19.138397216796875
2002-05-14,19.096477508544922
2002-05-15,19.143646240234375
2002-05-16,19.180320739746094
2002-05-17,19.46854591369629
2002-05-20,19.46854591369629
2002-05-21,19.573352813720703
2002-05-22,19.489517211914062
2002-05-23,19.64148712158203
2002-05-24,19.620519638061523
2002-05-28,19.52095603942871
2002-05-29,19.720096588134766
2002-05-30,19.75153923034668
2002-05-31,19.70437240600586
2002-06-03,19.851106643676758
2002-06-04,19.4947566986084
2002-06-05,19.393871307373047
2002-06-06,18.973520278930664
2002-06-07,19.073352813720703
2002-06-10,19.0838623046875
2002-06-11,18.821149826049805
2002-06-12,18.442827224731445
2002-06-13,18.39028549194336
2002-06-14,18.385026931762695
2002-06-17,18.7265682220459
2002-06-18,18.89995574951172
2002-06-19,18.49012565612793
2002-06-20,18.39028549194336
2002-06-21,18.11180877685547
2002-06-24,18.23265838623047
2002-06-25,17.68620491027832
2002-06-26,18.06451416015625
2002-06-27,18.23265838623047
2002-06-28,18.101299285888672
2002-07-01,17.749248504638672
2002-07-02,16.278032302856445
2002-07-03,16.309551239013672
2002-07-05,16.913808822631836
2002-07-08,16.65635108947754
2002-07-09,16.078357696533203
2002-07-10,15.757843017578125
2002-07-11,15.23241138458252
2002-07-12,15.726324081420898
2002-07-15,15.500378608703613
2002-07-16,15.39530086517334
2002-07-17,15.8997163772583
2002-07-18,14.685952186584473
2002-07-19,13.141167640686035
2002-07-22,13.587797164916992
2002-07-23,13.461689949035645
2002-07-24,13.955602645874023
2002-07-25,14.171022415161133
2002-07-26,14.291878700256348
2002-07-29,14.533577919006348
2002-07-30,14.97493839263916
2002-07-31,15.269193649291992
2002-08-01,15.321727752685547
2002-08-02,15.437331199645996
2002-08-05,14.775273323059082
2002-08-06,15.080028533935547
2002-08-07,15.237669944763184
2002-08-08,15.615975379943848
2002-08-09,15.710551261901855
2002-08-12,15.763096809387207
2002-08-13,15.363767623901367
2002-08-14,15.658016204833984
2002-08-15,15.710551261901855
2002-08-16,15.594964027404785
2002-08-19,16.025819778442383
2002-08-20,16.073110580444336
2002-08-21,16.13616371154785
2002-08-22,16.498716354370117
2002-08-23,16.304298400878906
2002-08-26,16.472431182861328
2002-08-27,16.157180786132812
2002-08-28,15.978531837463379
2002-08-29,15.868191719055176
2002-08-30,16.041580200195312
2002-09-03,15.447839736938477
2002-09-04,15.920730590820312
2002-09-05,15.803707122802734
2002-09-06,16.05146026611328
2002-09-09,16.16216278076172
2002-09-10,16.10418701171875
2002-09-11,16.05146026611328
2002-09-12,15.78788948059082
2002-09-13,15.888047218322754
2002-09-16,15.972393989562988
2002-09-17,15.635017395019531
2002-09-18,15.656108856201172
2002-09-19,15.266031265258789
2002-09-20,15.155322074890137
2002-09-23,14.96555233001709
2002-09-24,14.744152069091797
2002-09-25,15.339823722839355
2002-09-26,15.208036422729492
2002-09-27,15.092061996459961
2002-09-30,14.970826148986816
2002-10-01,15.418892860412598
2002-10-02,15.150052070617676
2002-10-03,15.345088958740234
2002-10-04,15.360912322998047
2002-10-07,15.735176086425781
2002-10-08,15.250208854675293
2002-10-09,15.055163383483887
2002-10-10,15.234391212463379
2002-10-11,15.403077125549316
2002-10-14,15.682463645935059
2002-10-15,15.418892860412598
2002-10-16,15.582311630249023
2002-10-17,16.009286880493164
2002-10-18,15.91968059539795
2002-10-21,15.856414794921875
2002-10-22,15.62448501586914
2002-10-23,15.74045467376709
2002-10-24,15.603386878967285
2002-10-25,16.07781982421875
2002-10-28,15.85114860534668
2002-10-29,15.777348518371582
2002-10-30,15.687734603881836
2002-10-31,15.555951118469238
2002-11-01,15.998748779296875
2002-11-04,16.009286880493164
2002-11-05,16.19379425048828
2002-11-06,16.710391998291016
2002-11-07,16.34666633605957
2002-11-08,16.2359619140625
2002-11-11,15.824788093566895
2002-11-12,15.956573486328125
2002-11-13,15.903861045837402
2002-11-14,15.81424617767334
2002-11-15,15.782622337341309
2002-11-18,15.97766399383545
2002-11-19,15.208036422729492
2002-11-20,15.682463645935059
2002-11-21,15.76680850982666
2002-11-22,15.840615272521973
2002-11-25,15.666646003723145
2002-11-26,15.561223030090332
2002-11-27,15.555951118469238
2002-11-29,15.640291213989258
2002-12-02,15.819522857666016
2002-12-03,15.91968059539795
2002-12-04,16.05146026611328
2002-12-05,16.16216278076172
2002-12-06,16.29395294189453
2002-12-09,16.29395294189453
2002-12-10,16.19875144958496
2002-12-11,16.204042434692383
2002-12-12,16.21462059020996
2002-12-13,16.219913482666016
2002-12-16,16.26222038269043
2002-12-17,16.08240509033203
2002-12-18,16.204042434692383
2002-12-19,16.055967330932617
2002-12-20,16.3256893157959
2002-12-23,16.167022705078125
2002-12-24,16.124713897705078
2002-12-26,16.124713897705078
2002-12-27,16.098276138305664
2002-12-30,16.08770179748535
2002-12-31,16.23048210144043
2003-01-02,16.68001365661621
2003-01-03,16.182884216308594
2003-01-06,16.119428634643555
2003-01-07,16.06125259399414
2003-01-08,15.780966758728027
2003-01-09,15.574706077575684
2003-01-10,15.654040336608887
2003-01-13,15.934329986572266
2003-01-14,15.923755645751953
2003-01-15,15.870869636535645
2003-01-16,15.923755645751953
2003-01-17,15.865580558776855
2003-01-21,16.12999725341797
2003-01-22,15.849712371826172
2003-01-23,17.097803115844727
2003-01-24,17.081939697265625
2003-01-27,17.187707901000977
2003-01-28,17.72714614868164
2003-01-29,17.690122604370117
2003-01-30,17.47329330444336
2003-01-31,17.346372604370117
2003-02-03,17.177127838134766
2003-02-04,16.870407104492188
2003-02-05,16.896835327148438
2003-02-06,16.965591430664062
2003-02-07,16.73289680480957
2003-02-10,16.923282623291016
2003-02-11,16.764629364013672
2003-02-12,16.595388412475586
2003-02-13,16.6852970123291
2003-02-14,17.002613067626953
2003-02-18,17.3886775970459
2003-02-19,17.41511344909668
2003-02-20,17.70069694519043
2003-02-21,18.023292541503906
2003-02-24,17.55790138244629
2003-02-25,17.769453048706055
2003-02-26,17.674251556396484
2003-02-27,18.076175689697266
2003-02-28,18.192527770996094
2003-03-03,18.044452667236328
2003-03-04,17.70598793029785
2003-03-05,17.875215530395508
2003-03-06,17.92825698852539
2003-03-07,18.013132095336914
2003-03-10,17.41375160217285
2003-03-11,17.122020721435547
2003-03-12,17.201583862304688
2003-03-13,17.82217788696289
2003-03-14,17.34480094909668
2003-03-17,17.70548439025879
2003-03-18,18.352596282958984
2003-03-19,18.17226219177246
2003-03-20,18.379119873046875
2003-03-21,18.97319221496582
2003-03-24,18.522329330444336
2003-03-25,18.54885482788086
2003-03-26,18.140426635742188
2003-03-27,18.029041290283203
2003-03-28,18.395036697387695
2003-03-31,18.267728805541992
2003-04-01,18.543556213378906
2003-04-02,18.48520851135254
2003-04-03,18.3579044342041
2003-04-04,18.039655685424805
2003-04-07,18.08738136291504
2003-04-08,18.002517700195312
2003-04-09,17.83278465270996
2003-04-10,17.98129653930664
2003-04-11,17.509225845336914
2003-04-14,17.477399826049805
2003-04-15,17.291763305664062
2003-04-16,16.920469284057617
2003-04-17,17.000017166137695
2003-04-21,17.058359146118164
2003-04-22,17.55696678161621
2003-04-23,17.912357330322266
2003-04-24,17.71609115600586
2003-04-25,18.755712509155273
2003-04-28,18.734498977661133
2003-04-29,18.856504440307617
2003-04-30,18.776935577392578
2003-05-01,18.644323348999023
2003-05-02,18.89893341064453
2003-05-05,19.09519386291504
2003-05-06,19.190658569335938
2003-05-07,19.360395431518555
2003-05-08,19.360395431518555
2003-05-09,19.572574615478516
2003-05-12,20.039339065551758
2003-05-13,19.81125831604004
2003-05-14,19.901430130004883
2003-05-15,20.00751495361328
2003-05-16,19.668045043945312
2003-05-19,19.323280334472656
2003-05-20,19.38692855834961
2003-05-21,20.12421417236328
2003-05-22,20.12421417236328
2003-05-23,19.996904373168945
2003-05-27,20.415943145751953
2003-05-28,20.527326583862305
2003-05-29,20.79254150390625
2003-05-30,21.216876983642578
2003-06-02,21.38130760192871
2003-06-03,21.349485397338867
2003-06-04,21.42905044555664
2003-06-05,21.4981689453125
2003-06-06,21.37055778503418
2003-06-09,21.030242919921875
2003-06-10,21.375873565673828
2003-06-11,21.349287033081055
2003-06-12,21.349287033081055
2003-06-13,21.343969345092773
2003-06-16,21.381193161010742
2003-06-17,21.476911544799805
2003-06-18,21.471590042114258
2003-06-19,20.413427352905273
2003-06-20,20.094383239746094
2003-06-23,19.913585662841797
2003-06-24,19.998672485351562
2003-06-25,20.003986358642578
2003-06-26,20.45064353942871
2003-06-27,20.47191047668457
2003-06-30,20.658023834228516
2003-07-01,20.89198875427246
2003-07-02,21.269527435302734
2003-07-03,21.008968353271484
2003-07-07,21.136594772338867
2003-07-08,21.200389862060547
2003-07-09,20.551677703857422
2003-07-10,20.47191047668457
2003-07-11,20.44533920288086
2003-07-14,20.408111572265625
2003-07-15,20.328346252441406
2003-07-16,20.11033821105957
2003-07-17,19.876373291015625
2003-07-18,19.860410690307617
2003-07-21,19.913585662841797
2003-07-22,20.418739318847656
2003-07-23,20.53573226928711
2003-07-24,19.62114715576172
2003-07-25,19.887004852294922
2003-07-28,19.934860229492188
2003-07-29,20.051841735839844
2003-07-30,19.972078323364258
2003-07-31,19.477569580078125
2003-08-01,19.567962646484375
2003-08-04,19.275510787963867
2003-08-05,19.65836524963379
2003-08-06,19.90296745300293
2003-08-07,19.95612335205078
2003-08-08,20.019939422607422
2003-08-11,20.057159423828125
2003-08-12,20.296449661254883
2003-08-13,20.30707550048828
2003-08-14,20.732473373413086
2003-08-15,20.977069854736328
2003-08-18,20.876041412353516
2003-08-19,20.418739318847656
2003-08-20,20.099702835083008
2003-08-21,19.860410690307617
2003-08-22,19.18511199951172
2003-08-25,19.243608474731445
2003-08-26,19.47225570678711
2003-08-27,19.280820846557617
2003-08-28,19.222339630126953
2003-08-29,19.429706573486328
2003-09-02,19.567962646484375
2003-09-03,19.514795303344727
2003-09-04,19.59455108642578
2003-09-05,19.26397132873535
2003-09-08,19.599885940551758
2003-09-09,19.253307342529297
2003-09-10,19.4879093170166
2003-09-11,19.434593200683594
2003-09-12,19.466585159301758
2003-09-15,19.701194763183594
2003-09-16,19.599885940551758
2003-09-17,19.72784423828125
2003-09-18,19.941125869750977
2003-09-19,20.261022567749023
2003-09-22,19.64786720275879
2003-09-23,19.663867950439453
2003-09-24,19.12534523010254
2003-09-25,18.92274284362793
2003-09-26,18.970720291137695
2003-09-29,19.109342575073242
2003-09-30,19.258644104003906
2003-10-01,19.690515518188477
2003-10-02,19.4879093170166
2003-10-03,19.80782127380371
2003-10-06,19.658527374267578
2003-10-07,19.567893981933594
2003-10-08,19.72784423828125
2003-10-09,19.99443817138672
2003-10-10,20.042421340942383
2003-10-13,19.9677734375
2003-10-14,20.02109718322754
2003-10-15,19.989107131958008
2003-10-16,20.0530948638916
2003-10-17,19.925134658813477
2003-10-20,20.18638038635254
2003-10-21,20.042421340942383
2003-10-22,19.461252212524414
2003-10-23,19.141338348388672
2003-10-24,19.136011123657227
2003-10-27,19.19999122619629
2003-10-28,19.573226928710938
2003-10-29,19.49856948852539
2003-10-30,19.3546199798584
2003-10-31,19.493242263793945
2003-11-03,19.50389862060547
2003-11-04,19.471921920776367
2003-11-05,19.461252212524414
2003-11-06,19.407941818237305
2003-11-07,19.327959060668945
2003-11-10,19.040027618408203
2003-11-11,19.16800308227539
2003-11-12,19.439926147460938
2003-11-13,20.181049346923828
2003-11-14,20.20771598815918
2003-11-17,20.010427474975586
2003-11-18,20.14373207092285
2003-11-19,20.234376907348633
2003-11-20,20.170385360717773
2003-11-21,20.580944061279297
2003-11-24,20.72490882873535
2003-11-25,21.263425827026367
2003-11-26,21.27407455444336
2003-11-28,21.343395233154297
2003-12-01,21.42336654663086
2003-12-02,21.466032028198242
2003-12-03,21.588655471801758
2003-12-04,21.67930030822754
2003-12-05,21.284753799438477
2003-12-08,21.268753051757812
2003-12-09,20.932846069335938
2003-12-10,21.28609848022461
2003-12-11,21.575119018554688
2003-12-12,21.676815032958984
2003-12-15,21.569765090942383
2003-12-16,21.655406951904297
2003-12-17,21.59117317199707
2003-12-18,21.46272087097168
2003-12-19,21.457368850708008
2003-12-22,21.30750846862793
2003-12-23,21.339614868164062
2003-12-24,21.425251007080078
2003-12-26,21.543012619018555
2003-12-29,22.147823333740234
2003-12-30,22.185283660888672
2003-12-31,22.019357681274414
2004-01-02,21.96048927307129
2004-01-05,22.292320251464844
2004-01-06,22.426137924194336
2004-01-07,22.65628433227539
2004-01-08,22.774038314819336
2004-01-09,22.54387664794922
2004-01-12,22.661632537841797
2004-01-13,22.575998306274414
2004-01-14,22.774038314819336
2004-01-15,22.96136474609375
2004-01-16,23.35742950439453
2004-01-20,23.2236270904541
2004-01-21,23.416305541992188
2004-01-22,23.801671981811523
2004-01-23,23.694629669189453
2004-01-26,23.924768447875977
2004-01-27,23.63039779663086
2004-01-28,23.212923049926758
2004-01-29,24.010417938232422
2004-01-30,24.11746597290039
2004-02-02,24.727624893188477
2004-02-03,24.652694702148438
2004-02-04,24.786500930786133
2004-02-05,24.823963165283203
2004-02-06,25.487653732299805
2004-02-09,25.717802047729492
2004-02-10,25.691043853759766
2004-02-11,26.686574935913086
2004-02-12,26.103160858154297
2004-02-13,26.11922836303711
2004-02-17,26.049652099609375
2004-02-18,26.199504852294922
2004-02-19,26.16204071044922
2004-02-20,25.846261978149414
2004-02-23,25.77666473388672
2004-02-24,26.135272979736328
2004-02-25,26.092456817626953
2004-02-26,25.980066299438477
2004-02-27,26.03893280029297
2004-03-01,26.520627975463867
2004-03-02,26.34937286376953
2004-03-03,26.17809295654297
2004-03-04,26.18344497680664
2004-03-05,26.12993621826172
2004-03-08,26.784923553466797
2004-03-09,26.5218563079834
2004-03-10,26.146028518676758
2004-03-11,25.24407196044922
2004-03-12,25.44808006286621
2004-03-15,25.233333587646484
2004-03-16,25.319242477416992
2004-03-17,25.501771926879883
2004-03-18,25.582304000854492
2004-03-19,25.673587799072266
2004-03-22,25.399763107299805
2004-03-23,25.566207885742188
2004-03-24,25.823925018310547
2004-03-25,25.877599716186523
2004-03-26,25.635995864868164
2004-03-29,26.146028518676758
2004-03-30,26.16750717163086
2004-03-31,26.02792739868164
2004-04-01,26.72585678100586
2004-04-02,26.75807762145996
2004-04-05,27.123146057128906
2004-04-06,26.57554054260254
2004-04-07,26.543323516845703
2004-04-08,26.301719665527344
2004-04-12,26.623863220214844
2004-04-13,26.054758071899414
2004-04-14,26.387619018554688
2004-04-15,26.24803352355957
2004-04-16,26.65606117248535
2004-04-19,27.031875610351562
2004-04-20,27.166099548339844
2004-04-21,27.955318450927734
2004-04-22,28.58884048461914
2004-04-23,28.35261344909668
2004-04-26,27.563390731811523
2004-04-27,27.166099548339844
2004-04-28,26.65606117248535
2004-04-29,26.913772583007812
2004-04-30,27.139263153076172
2004-05-03,27.187570571899414
2004-05-04,27.166099548339844
2004-05-05,27.80498695373535
2004-05-06,27.61708641052246
2004-05-07,27.209056854248047
2004-05-10,26.639968872070312
2004-05-11,26.720487594604492
2004-05-12,26.307090759277344
2004-05-13,26.301719665527344
2004-05-14,25.99033546447754
2004-05-17,25.635995864868164
2004-05-18,25.630626678466797
2004-05-19,25.85074806213379
2004-05-20,25.85074806213379
2004-05-21,26.178234100341797
2004-05-24,26.188982009887695
2004-05-25,26.328567504882812
2004-05-26,26.387619018554688
2004-05-27,26.564804077148438
2004-05-28,27.01577377319336
2004-06-01,27.15535545349121
2004-06-02,27.337905883789062
2004-06-03,27.300315856933594
2004-06-04,27.047983169555664
2004-06-07,27.678003311157227
2004-06-08,27.721088409423828
2004-06-09,27.613393783569336
2004-06-10,28.0441837310791
2004-06-14,27.65108871459961
2004-06-15,27.672630310058594
2004-06-16,27.8503360748291
2004-06-17,28.216493606567383
2004-06-18,28.507278442382812
2004-06-21,28.65267562866211
2004-06-22,28.23802947998047
2004-06-23,27.995729446411133
2004-06-24,27.731863021850586
2004-06-25,27.252607345581055
2004-06-28,27.193374633789062
2004-06-29,27.166454315185547
2004-06-30,27.893413543701172
2004-07-01,26.520273208618164
2004-07-02,26.649505615234375
2004-07-06,26.466421127319336
2004-07-07,26.854124069213867
2004-07-08,26.78952980041504
2004-07-09,25.922555923461914
2004-07-12,25.954879760742188
2004-07-13,26.13796615600586
2004-07-14,26.08948516845703
2004-07-15,26.42335319519043
2004-07-16,25.80947494506836
2004-07-19,25.857946395874023
2004-07-20,26.06795883178711
2004-07-21,25.685625076293945
2004-07-22,25.26021385192871
2004-07-23,25.039443969726562
2004-07-26,25.270999908447266
2004-07-27,25.486391067504883
2004-07-28,25.308685302734375
2004-07-29,25.357158660888672
2004-07-30,25.432537078857422
2004-08-02,25.615623474121094
2004-08-03,25.884862899780273
2004-08-04,25.922555923461914
2004-08-05,25.57254409790039
2004-08-06,25.104066848754883
2004-08-09,24.990978240966797
2004-08-10,25.497163772583008
2004-08-11,25.954879760742188
2004-08-12,25.863319396972656
2004-08-13,25.674863815307617
2004-08-16,25.62101936340332
2004-08-17,25.524078369140625
2004-08-18,25.766403198242188
2004-08-19,25.804086685180664
2004-08-20,26.062557220458984
2004-08-23,25.75562858581543
2004-08-24,25.75562858581543
2004-08-25,25.782560348510742
2004-08-26,25.5133113861084
2004-08-27,25.491769790649414
2004-08-30,25.308685302734375
2004-08-31,25.911773681640625
2004-09-01,26.251026153564453
2004-09-02,26.83259391784668
2004-09-03,26.63874053955078
2004-09-07,27.30849266052246
2004-09-08,27.34089469909668
2004-09-09,27.20587158203125
2004-09-10,27.119449615478516
2004-09-13,27.13565444946289
2004-09-14,27.767593383789062
2004-09-15,27.745988845825195
2004-09-16,27.546142578125
2004-09-17,27.492122650146484
2004-09-20,27.508344650268555
2004-09-21,27.983644485473633
2004-09-22,27.30849266052246
2004-09-23,27.33548927307129
2004-09-24,27.854001998901367
2004-09-27,27.670379638671875
2004-09-28,27.73518943786621
2004-09-29,27.481332778930664
2004-09-30,27.924226760864258
2004-10-01,28.545364379882812
2004-10-04,28.356334686279297
2004-10-05,28.005231857299805
2004-10-06,28.42654800415039
2004-10-07,27.71898651123047
2004-10-08,27.43812370300293
2004-10-11,27.497539520263672
2004-10-12,27.859413146972656
2004-10-13,27.049232482910156
2004-10-14,26.98441505432129
2004-10-15,27.178863525390625
2004-10-18,27.448915481567383
2004-10-19,27.07624053955078
2004-10-20,27.551542282104492
2004-10-21,27.238277435302734
2004-10-22,27.22747230529785
2004-10-25,26.746763229370117
2004-10-26,27.870227813720703
2004-10-27,27.751386642456055
2004-10-28,28.043058395385742
2004-10-29,28.356334686279297
2004-11-01,27.875627517700195
2004-11-02,27.57315444946289
2004-11-03,27.924226760864258
2004-11-04,27.96742820739746
2004-11-05,28.259113311767578
2004-11-08,28.91805648803711
2004-11-09,28.999080657958984
2004-11-10,28.739809036254883
2004-11-11,29.139509201049805
2004-11-12,29.404151916503906
2004-11-15,29.701229095458984
2004-11-16,29.452770233154297
2004-11-17,29.512191772460938
2004-11-18,29.301538467407227
2004-11-19,29.090892791748047
2004-11-22,29.55539321899414
2004-11-23,29.301538467407227
2004-11-24,29.274524688720703
2004-11-26,29.21512794494629
2004-11-29,29.701229095458984
2004-11-30,29.587797164916992
2004-12-01,29.9550724029541
2004-12-02,30.273759841918945
2004-12-03,30.338563919067383
2004-12-06,30.171133041381836
2004-12-07,30.084716796875
2004-12-08,30.273759841918945
2004-12-09,30.696395874023438
2004-12-10,30.506738662719727
2004-12-13,30.88603973388672
2004-12-14,31.151567459106445
2004-12-15,30.804773330688477
2004-12-16,31.265357971191406
2004-12-17,31.335798263549805
2004-12-20,30.82644271850586
2004-12-21,30.929399490356445
2004-12-22,30.929399490356445
2004-12-23,30.85354232788086
2004-12-27,30.718080520629883
2004-12-28,30.967330932617188
2004-12-29,30.902307510375977
2004-12-30,30.73975944519043
2004-12-31,30.777692794799805
2005-01-03,30.349607467651367
2005-01-04,29.99739646911621
2005-01-05,29.829418182373047
2005-01-06,29.834848403930664
2005-01-07,29.726472854614258
2005-01-10,29.42302703857422
2005-01-11,29.233375549316406
2005-01-12,29.726472854614258
2005-01-13,29.20629119873047
2005-01-14,29.347183227539062
2005-01-18,29.80775260925293
2005-01-19,29.585596084594727
2005-01-20,29.504329681396484
2005-01-21,29.303817749023438
2005-01-24,29.3200626373291
2005-01-25,29.417613983154297
2005-01-26,30.311683654785156
2005-01-27,30.57177734375
2005-01-28,30.56095314025879
2005-01-31,30.696395874023438
2005-02-01,31.211172103881836
2005-02-02,32.197357177734375
2005-02-03,32.20278549194336
2005-02-04,32.121498107910156
2005-02-07,32.365352630615234
2005-02-08,32.1865234375
2005-02-09,31.763870239257812
2005-02-10,31.877655029296875
2005-02-11,31.948091506958008
2005-02-14,31.877655029296875
2005-02-15,32.18109893798828
2005-02-16,31.639245986938477
2005-02-17,31.465850830078125
2005-02-18,31.80722427368164
2005-02-22,31.790958404541016
2005-02-23,31.834304809570312
2005-02-24,32.327415466308594
2005-02-25,32.48995590209961
2005-02-28,32.44118881225586
2005-03-01,32.446624755859375
2005-03-02,32.34907150268555
2005-03-03,32.50080108642578
2005-03-04,32.1865234375
2005-03-07,32.1594352722168
2005-03-08,31.985502243041992
2005-03-09,31.55069923400879
2005-03-10,31.795291900634766
2005-03-11,32.00724792480469
2005-03-14,32.143131256103516
2005-03-15,31.985502243041992
2005-03-16,31.68656349182129
2005-03-17,31.93659019470215
2005-03-18,32.14856719970703
2005-03-21,32.11594772338867
2005-03-22,31.860498428344727
2005-03-23,31.958324432373047
2005-03-24,31.757238388061523
2005-03-28,31.985502243041992
2005-03-29,32.01266860961914
2005-03-30,32.137691497802734
2005-03-31,31.75180435180664
2005-04-01,31.28436851501465
2005-04-04,31.088720321655273
2005-04-05,31.572433471679688
2005-04-06,31.784404754638672
2005-04-07,32.21377182006836
2005-04-08,31.762666702270508
2005-04-11,31.724624633789062
2005-04-12,31.800703048706055
2005-04-13,31.865951538085938
2005-04-14,31.512662887573242
2005-04-15,31.02349281311035
2005-04-18,31.039812088012695
2005-04-19,30.822389602661133
2005-04-20,30.4582462310791
2005-04-21,31.311552047729492
2005-04-22,31.0615291595459
2005-04-25,31.088720321655273
2005-04-26,30.735427856445312
2005-04-27,31.920299530029297
2005-04-28,31.62135124206543
2005-04-29,31.806148529052734
2005-05-02,32.094215393066406
2005-05-03,32.1594352722168
2005-05-04,32.420318603515625
2005-05-05,32.39857482910156
2005-05-06,32.338775634765625
2005-05-09,32.393131256103516
2005-05-10,32.1594352722168
2005-05-11,32.137691497802734
2005-05-12,32.0018196105957
2005-05-13,31.871360778808594
2005-05-16,32.094215393066406
2005-05-17,32.09962463378906
2005-05-18,32.06703186035156
2005-05-19,32.06703186035156
2005-05-20,31.914844512939453
2005-05-23,32.01266860961914
2005-05-24,31.67027473449707
2005-05-25,31.387649536132812
2005-05-26,31.327863693237305
2005-05-27,31.19740867614746
2005-05-31,31.224592208862305
2005-06-01,31.2572078704834
2005-06-02,31.001768112182617
2005-06-03,30.653911590576172
2005-06-06,30.53435707092285
2005-06-07,30.921463012695312
2005-06-08,30.7033748626709
2005-06-09,30.545249938964844
2005-06-10,30.354398727416992
2005-06-13,30.479814529418945
2005-06-14,30.507078170776367
2005-06-15,29.989086151123047
2005-06-16,29.612871170043945
2005-06-17,29.296606063842773
2005-06-20,29.389293670654297
2005-06-21,28.7349910736084
2005-06-22,28.435110092163086
2005-06-23,28.107946395874023
2005-06-24,27.955284118652344
2005-06-27,28.11884880065918
2005-06-28,28.32606315612793
2005-06-29,28.309688568115234
2005-06-30,28.609577178955078
2005-07-01,28.6695613861084
2005-07-05,28.549591064453125
2005-07-06,28.407838821411133
2005-07-07,28.489625930786133
2005-07-08,28.533241271972656
2005-07-11,28.50052833557129
2005-07-12,28.140657424926758
2005-07-13,27.97163963317871
2005-07-14,28.413291931152344
2005-07-15,28.64229393005371
2005-07-18,28.364219665527344
2005-07-19,28.718631744384766
2005-07-20,29.089420318603516
2005-07-21,29.05124282836914
2005-07-22,29.94001007080078
2005-07-25,29.541959762573242
2005-07-26,29.765522003173828
2005-07-27,30.29987144470215
2005-07-28,30.3435115814209
2005-07-29,30.190828323364258
2005-08-01,30.316247940063477
2005-08-02,30.3435115814209
2005-08-03,30.109033584594727
2005-08-04,29.509252548217773
2005-08-05,29.476537704467773
2005-08-08,29.55287742614746
2005-08-09,29.749160766601562
2005-08-10,29.55287742614746
2005-08-11,29.678285598754883
2005-08-12,29.612871170043945
2005-08-15,29.678285598754883
2005-08-16,29.285703659057617
2005-08-17,29.25844955444336
2005-08-18,29.367494583129883
2005-08-19,29.193010330200195
2005-08-22,29.30752182006836
2005-08-23,29.171199798583984
2005-08-24,28.86585807800293
2005-08-25,28.620500564575195
2005-08-26,28.59323501586914
2005-08-29,28.625947952270508
2005-08-30,28.2933292388916
2005-08-31,28.696826934814453
2005-09-01,29.002172470092773
2005-09-02,29.252988815307617
2005-09-06,29.41109848022461
2005-09-07,29.378292083740234
2005-09-08,29.400175094604492
2005-09-09,29.542407989501953
2005-09-12,29.722938537597656
2005-09-13,29.515060424804688
2005-09-14,29.438461303710938
2005-09-15,29.274343490600586
2005-09-16,29.449413299560547
2005-09-19,29.214155197143555
2005-09-20,29.175865173339844
2005-09-21,28.475605010986328
2005-09-22,28.66160774230957
2005-09-23,28.85856819152832
2005-09-26,28.847612380981445
2005-09-27,28.83120346069336
2005-09-28,29.00079345703125
2005-09-29,28.623315811157227
2005-09-30,28.683496475219727
2005-10-03,28.864023208618164
2005-10-04,29.044546127319336
2005-10-05,28.273174285888672
2005-10-06,28.459196090698242
2005-10-07,28.355224609375
2005-10-10,28.15282440185547
2005-10-11,27.660449981689453
2005-10-12,27.63307762145996
2005-10-13,27.83005142211914
2005-10-14,28.130935668945312
2005-10-17,27.83005142211914
2005-10-18,28.087175369262695
2005-10-19,28.38806915283203
2005-10-20,28.037927627563477
2005-10-21,27.802682876586914
2005-10-24,28.409948348999023
2005-10-25,27.94492530822754
2005-10-26,27.65496826171875
2005-10-27,27.392379760742188
2005-10-28,27.644020080566406
2005-10-31,27.7643985748291
2005-11-01,27.791749954223633
2005-11-02,28.31147003173828
2005-11-03,30.6912841796875
2005-11-04,31.45720672607422
2005-11-07,31.862022399902344
2005-11-08,31.61037254333496
2005-11-09,31.769041061401367
2005-11-10,32.07539367675781
2005-11-11,31.993345260620117
2005-11-14,31.719797134399414
2005-11-15,31.976951599121094
2005-11-16,32.414588928222656
2005-11-17,32.43647384643555
2005-11-18,32.43647384643555
2005-11-21,32.244998931884766
2005-11-22,32.27235794067383
2005-11-23,32.34347152709961
2005-11-25,32.33251953125
2005-11-28,32.31611251831055
2005-11-29,32.34347152709961
2005-11-30,31.856569290161133
2005-12-01,31.993345260620117
2005-12-02,32.10274124145508
2005-12-05,31.758098602294922
2005-12-06,31.626794815063477
2005-12-07,31.39154624938965
2005-12-08,31.927690505981445
2005-12-09,31.919456481933594
2005-12-12,31.595481872558594
2005-12-13,31.897493362426758
2005-12-14,32.08419418334961
2005-12-15,32.49600601196289
2005-12-16,32.627784729003906
2005-12-19,32.55641174316406
2005-12-20,32.5948371887207
2005-12-21,33.02313232421875
2005-12-22,33.30320358276367
2005-12-23,33.34162139892578
2005-12-27,33.22084426879883
2005-12-28,33.154930114746094
2005-12-29,33.121986389160156
2005-12-30,32.990211486816406
2006-01-03,33.1933708190918
2006-01-04,33.68756866455078
2006-01-05,33.451454162597656
2006-01-06,34.07194137573242
2006-01-09,34.154296875
2006-01-10,34.20921325683594
2006-01-11,33.5557861328125
2006-01-12,33.44047546386719
2006-01-13,33.73149871826172
2006-01-17,33.40751266479492
2006-01-18,33.39654541015625
2006-01-19,33.22084426879883
2006-01-20,32.38069152832031
2006-01-23,32.51247024536133
2006-01-24,32.649776458740234
2006-01-25,32.45756149291992
2006-01-26,35.36782455444336
2006-01-27,35.25251007080078
2006-01-30,35.05482864379883
2006-01-31,35.58197021484375
2006-02-01,35.060325622558594
2006-02-02,34.94502639770508
2006-02-03,34.74184799194336
2006-02-06,34.63203048706055
2006-02-07,34.862648010253906
2006-02-08,34.879127502441406
2006-02-09,35.104248046875
2006-02-10,35.32388687133789
2006-02-13,35.36233901977539
2006-02-14,35.823577880859375
2006-02-15,35.851043701171875
2006-02-16,35.977325439453125
2006-02-17,35.88947677612305
2006-02-21,35.38431930541992
2006-02-22,36.1091423034668
2006-02-23,35.94438171386719
2006-02-24,35.93888854980469
2006-02-27,35.93888854980469
2006-02-28,35.060325622558594
2006-03-01,35.86201858520508
2006-03-02,35.68630599975586
2006-03-03,35.37881851196289
2006-03-06,34.84618377685547
2006-03-07,34.423370361328125
2006-03-08,34.602420806884766
2006-03-09,34.63550567626953
2006-03-10,34.646514892578125
2006-03-13,35.04323959350586
2006-03-14,35.3903694152832
2006-03-15,35.26913833618164
2006-03-16,35.302188873291016
2006-03-17,35.263633728027344
2006-03-20,35.318729400634766
2006-03-21,34.90547561645508
2006-03-22,35.594234466552734
2006-03-23,34.98811721801758
2006-03-24,34.784271240234375
2006-03-27,34.67957305908203
2006-03-28,35.02119827270508
2006-03-29,34.81733322143555
2006-03-30,34.084510803222656
2006-03-31,33.93022155761719
2006-04-03,34.200218200683594
2006-04-04,34.52529525756836
2006-04-05,34.92203140258789
2006-04-06,34.77877426147461
2006-04-07,35.02119827270508
2006-04-10,34.69059371948242
2006-04-11,34.60796356201172
2006-04-12,34.630001068115234
2006-04-13,34.43161392211914
2006-04-17,34.24980926513672
2006-04-18,34.87793731689453
2006-04-19,35.368324279785156
2006-04-20,35.5171012878418
2006-04-21,35.69340133666992
2006-04-24,35.968910217285156
2006-04-25,35.147926330566406
2006-04-26,34.13410568237305
2006-04-27,34.47570037841797
2006-04-28,34.734683990478516
2006-05-01,34.227745056152344
2006-05-02,34.16164779663086
2006-05-03,34.18367004394531
2006-05-04,34.28837585449219
2006-05-05,34.508766174316406
2006-05-08,34.72917175292969
2006-05-09,34.117557525634766
2006-05-10,33.78145217895508
2006-05-11,33.69328308105469
2006-05-12,33.83656311035156
2006-05-15,34.24427795410156
2006-05-16,33.814517974853516
2006-05-17,33.461875915527344
2006-05-18,33.169857025146484
2006-05-19,33.10923385620117
2006-05-22,33.26351547241211
2006-05-23,33.04313659667969
2006-05-24,32.97699737548828
2006-05-25,33.45086669921875
2006-05-26,33.720863342285156
2006-05-30,32.98251724243164
2006-05-31,33.29656982421875
2006-06-01,33.77594757080078
2006-06-02,33.53901672363281
2006-06-05,33.169857025146484
2006-06-06,33.41229248046875
2006-06-07,33.265769958496094
2006-06-08,33.05011749267578
2006-06-09,32.911869049072266
2006-06-12,32.24279022216797
2006-06-13,32.65750503540039
2006-06-14,32.922935485839844
2006-06-15,33.60860061645508
2006-06-16,33.7634391784668
2006-06-19,33.27682876586914
2006-06-20,33.35422897338867
2006-06-21,33.75236892700195
2006-06-22,32.97822952270508
2006-06-23,33.20492935180664
2006-06-26,33.02246856689453
2006-06-27,32.906341552734375
2006-06-28,32.90079879760742
2006-06-29,33.68047332763672
2006-06-30,33.8021354675293
2006-07-03,34.12281799316406
2006-07-05,33.6915397644043
2006-07-06,33.674949645996094
2006-07-07,33.21599578857422
2006-07-10,33.09987258911133
2006-07-11,33.60304260253906
2006-07-12,33.144100189208984
2006-07-13,32.53585433959961
2006-07-14,32.54692840576172
2006-07-17,33.03904724121094
2006-07-18,32.591156005859375
2006-07-19,34.1173095703125
2006-07-20,33.96802520751953
2006-07-21,34.073062896728516
2006-07-24,34.70897674560547
2006-07-25,34.614967346191406
2006-07-26,34.979915618896484
2006-07-27,34.55413055419922
2006-07-28,36.16876983642578
2006-07-31,36.45077896118164
2006-08-01,36.16876983642578
2006-08-02,36.246185302734375
2006-08-03,36.35123825073242
2006-08-04,36.494998931884766
2006-08-07,36.31806564331055
2006-08-08,36.80466079711914
2006-08-09,36.66642379760742
2006-08-10,36.81020736694336
2006-08-11,36.67197799682617
2006-08-14,36.78254699707031
2006-08-15,36.61113739013672
2006-08-16,36.97055435180664
2006-08-17,37.50139236450195
2006-08-18,37.88291931152344
2006-08-21,38.04880905151367
2006-08-22,38.115177154541016
2006-08-23,38.054359436035156
2006-08-24,38.507755279541016
2006-08-25,38.126220703125
2006-08-28,38.07094192504883
2006-08-29,38.23130416870117
2006-08-30,38.30317306518555
2006-08-31,38.54093933105469
2006-09-01,38.81742858886719
2006-09-05,38.5685920715332
2006-09-06,38.049991607666016
2006-09-07,37.81702423095703
2006-09-08,38.049991607666016
2006-09-11,38.77659606933594
2006-09-12,38.698944091796875
2006-09-13,38.49927520751953
2006-09-14,38.06662368774414
2006-09-15,38.31619644165039
2006-09-18,37.92797088623047
2006-09-19,37.96678924560547
2006-09-20,38.3217658996582
2006-09-21,38.233028411865234
2006-09-22,38.2219352722168
2006-09-25,38.4216194152832
2006-09-26,38.21083450317383
2006-09-27,38.31619644165039
2006-09-28,38.493709564208984
2006-09-29,39.1981315612793
2006-10-02,38.87087631225586
2006-10-03,39.12602615356445
2006-10-04,39.46438980102539
2006-10-05,39.54204177856445
2006-10-06,39.83600997924805
2006-10-09,40.11333084106445
2006-10-10,40.39067459106445
2006-10-11,40.324100494384766
2006-10-12,40.9286994934082
2006-10-13,40.812217712402344
2006-10-16,40.29082489013672
2006-10-17,39.87482833862305
2006-10-18,40.34074020385742
2006-10-19,40.10780715942383
2006-10-20,40.04122543334961
2006-10-23,39.94693374633789
2006-10-24,39.536495208740234
2006-10-25,39.303531646728516
2006-10-26,39.309078216552734
2006-10-27,39.2092399597168
2006-10-30,39.12602615356445
2006-10-31,38.843162536621094
2006-11-01,38.16645050048828
2006-11-02,39.037296295166016
2006-11-03,39.11494064331055
2006-11-06,40.163272857666016
2006-11-07,40.806644439697266
2006-11-08,40.080039978027344
2006-11-09,39.59196472167969
2006-11-10,39.481021881103516
2006-11-13,39.39227294921875
2006-11-14,39.46438980102539
2006-11-15,39.20368576049805
2006-11-16,39.59196472167969
2006-11-17,39.514305114746094
2006-11-20,39.519840240478516
2006-11-21,39.7805290222168
2006-11-22,39.930294036865234
2006-11-24,39.39227294921875
2006-11-27,38.915252685546875
2006-11-28,39.35899353027344
2006-11-29,39.93584060668945
2006-11-30,39.7805290222168
2006-12-01,39.769432067871094
2006-12-04,40.18544006347656
2006-12-05,40.00795364379883
2006-12-06,40.21316909790039
2006-12-07,40.50714874267578
2006-12-08,40.560020446777344
2006-12-11,40.443153381347656
2006-12-12,40.376365661621094
2006-12-13,40.34297561645508
2006-12-14,40.53219985961914
2006-12-15,40.059139251708984
2006-12-18,40.09809112548828
2006-12-19,39.8865966796875
2006-12-20,39.708534240722656
2006-12-21,39.6862678527832
2006-12-22,39.452518463134766
2006-12-26,39.25773620605469
2006-12-27,39.30781555175781
2006-12-28,39.218772888183594
2006-12-29,39.040687561035156
2007-01-03,39.196502685546875
2007-01-04,38.87371826171875
2007-01-05,38.95720672607422
2007-01-08,39.2076530456543
2007-01-09,39.641746520996094
2007-01-10,39.93670654296875
2007-01-11,40.198280334472656
2007-01-12,40.053585052490234
2007-01-16,40.37079620361328
2007-01-17,40.487667083740234
2007-01-18,41.1165657043457
2007-01-19,41.177764892578125
2007-01-22,40.882816314697266
2007-01-23,41.13322830200195
2007-01-24,41.82334899902344
2007-01-25,41.52281188964844
2007-01-26,41.4504508972168
2007-01-29,41.57847213745117
2007-01-30,42.76945877075195
2007-01-31,42.81953811645508
2007-02-01,43.08110809326172
2007-02-02,42.9252815246582
2007-02-05,43.0477294921875
2007-02-06,43.20354080200195
2007-02-07,43.381629943847656
2007-02-08,43.48737716674805
2007-02-09,43.131187438964844
2007-02-12,42.74162673950195
2007-02-13,42.747188568115234
2007-02-14,43.05329895019531
2007-02-15,43.10893630981445
2007-02-16,43.3704948425293
2007-02-20,43.131187438964844
2007-02-21,43.08110809326172
2007-02-22,43.10336685180664
2007-02-23,43.17573928833008
2007-02-26,42.969810485839844
2007-02-27,41.623008728027344
2007-02-28,42.26856994628906
2007-03-01,42.19622039794922
2007-03-02,41.667510986328125
2007-03-05,41.17220687866211
2007-03-06,41.47272872924805
2007-03-07,41.402950286865234
2007-03-08,41.83287048339844
2007-03-09,41.87754440307617
2007-03-12,41.60394287109375
2007-03-13,41.02884292602539
2007-03-14,41.62627029418945
2007-03-15,41.620704650878906
2007-03-16,41.54253387451172
2007-03-19,41.79936981201172
2007-03-20,41.944557189941406
2007-03-21,42.39683151245117
2007-03-22,42.357749938964844
2007-03-23,42.084136962890625
2007-03-26,42.06737518310547
2007-03-27,42.06181716918945
2007-03-28,41.96687698364258
2007-03-29,42.497337341308594
2007-03-30,42.932865142822266
2007-04-02,43.496822357177734
2007-04-03,44.04961013793945
2007-04-04,44.055179595947266
2007-04-05,43.787174224853516
2007-04-09,43.496822357177734
2007-04-10,43.51357650756836
2007-04-11,43.70342254638672
2007-04-12,43.80949783325195
2007-04-13,43.70899963378906
2007-04-16,43.97140884399414
2007-04-17,43.89326858520508
2007-04-18,43.58055877685547
2007-04-19,43.5638313293457
2007-04-20,44.1389274597168
2007-04-23,43.82624053955078
2007-04-24,43.614070892333984
2007-04-25,43.848567962646484
2007-04-26,43.50239562988281
2007-04-27,43.92116165161133
2007-04-30,43.93791961669922
2007-05-01,44.462772369384766
2007-05-02,45.1551628112793
2007-05-03,44.853641510009766
2007-05-04,44.54652786254883
2007-05-07,44.540958404541016
2007-05-08,44.26736831665039
2007-05-09,44.36785888671875
2007-05-10,43.59173583984375
2007-05-11,43.70899963378906
2007-05-14,43.32373046875
2007-05-15,43.58055877685547
2007-05-16,43.94351577758789
2007-05-17,43.23996353149414
2007-05-18,43.43539810180664
2007-05-21,42.98311233520508
2007-05-22,42.94402313232422
2007-05-23,43.01661682128906
2007-05-24,43.08361053466797
2007-05-25,43.06685256958008
2007-05-29,42.7597541809082
2007-05-30,42.681583404541016
2007-05-31,42.575504302978516
2007-06-01,42.44707489013672
2007-06-04,42.48617172241211
2007-06-05,42.1790771484375
2007-06-06,41.88496780395508
2007-06-07,41.716915130615234
2007-06-08,42.2266731262207
2007-06-11,42.01381301879883
2007-06-12,41.70009994506836
2007-06-13,41.63848114013672
2007-06-14,42.6300048828125
2007-06-15,42.70843505859375
2007-06-18,42.2266731262207
2007-06-19,42.20428466796875
2007-06-20,41.98579406738281
2007-06-21,42.03622055053711
2007-06-22,42.1202392578125
2007-06-25,41.576866149902344
2007-06-26,41.397613525390625
2007-06-27,41.2575569152832
2007-06-28,41.29678726196289
2007-06-29,41.73372268676758
2007-07-02,42.03622055053711
2007-07-03,42.047420501708984
2007-07-05,41.95778274536133
2007-07-06,42.10343551635742
2007-07-09,42.260292053222656
2007-07-10,41.60488510131836
2007-07-11,41.95219039916992
2007-07-12,42.33311462402344
2007-07-13,42.62441635131836
2007-07-16,42.20428466796875
2007-07-17,42.18186569213867
2007-07-18,41.72252655029297
2007-07-19,41.896175384521484
2007-07-20,41.58807373046875
2007-07-23,41.70570755004883
2007-07-24,41.72252655029297
2007-07-25,42.461944580078125
2007-07-26,43.218204498291016
2007-07-27,42.982948303222656
2007-07-30,43.7055778503418
2007-07-31,42.775665283203125
2007-08-01,44.23773193359375
2007-08-02,43.963233947753906
2007-08-03,42.686038970947266
2007-08-06,43.313438415527344
2007-08-07,43.47028350830078
2007-08-08,43.78961181640625
2007-08-09,42.058616638183594
2007-08-10,43.5487174987793
2007-08-13,43.190185546875
2007-08-14,42.4283561706543
2007-08-15,41.95219039916992
2007-08-16,42.01381301879883
2007-08-17,43.07256317138672
2007-08-20,43.285438537597656
2007-08-21,43.16779708862305
2007-08-22,43.10615921020508
2007-08-23,43.16217803955078
2007-08-24,43.408653259277344
2007-08-27,43.73918151855469
2007-08-28,43.302249908447266
2007-08-29,43.44229507446289
2007-08-30,42.960506439208984
2007-08-31,43.10057067871094
2007-09-04,43.1453742980957
2007-09-05,42.92341232299805
2007-09-06,43.30554962158203
2007-09-07,43.14257049560547
2007-09-10,43.2943115234375
2007-09-11,43.67081069946289
2007-09-12,44.255279541015625
2007-09-13,44.294593811035156
2007-09-14,44.283382415771484
2007-09-17,44.137264251708984
2007-09-18,44.5362663269043
2007-09-19,45.553428649902344
2007-09-20,45.28369140625
2007-09-21,46.00300979614258
2007-09-24,45.592777252197266
2007-09-25,46.07044982910156
2007-09-26,46.42448806762695
2007-09-27,46.10978698730469
2007-09-28,46.10978698730469
2007-10-01,46.5087890625
2007-10-02,46.56497573852539
2007-10-03,46.15473556518555
2007-10-04,46.24467468261719
2007-10-05,46.81786346435547
2007-10-08,46.77290725708008
2007-10-09,46.98646926879883
2007-10-10,47.025794982910156
2007-10-11,46.87968063354492
2007-10-12,47.037044525146484
2007-10-15,46.497562408447266
2007-10-16,46.37953567504883
2007-10-17,46.250274658203125
2007-10-18,47.20001220703125
2007-10-19,45.93556213378906
2007-10-22,45.75575256347656
2007-10-23,45.952430725097656
2007-10-24,45.918724060058594
2007-10-25,46.98082733154297
2007-10-26,47.39107894897461
2007-10-29,47.34050369262695
2007-10-30,46.89091873168945
2007-10-31,46.902183532714844
2007-11-01,45.28369140625
2007-11-02,46.520015716552734
2007-11-05,45.16566848754883
2007-11-06,45.126338958740234
2007-11-07,45.19939041137695
2007-11-08,45.51409149169922
2007-11-09,45.772605895996094
2007-11-12,45.856876373291016
2007-11-13,46.65491485595703
2007-11-14,46.88528823852539
2007-11-15,46.87968063354492
2007-11-16,46.91341018676758
2007-11-19,47.936195373535156
2007-11-20,47.39107894897461
2007-11-21,46.255897521972656
2007-11-23,46.935890197753906
2007-11-26,45.37359619140625
2007-11-27,45.96929931640625
2007-11-28,46.55937957763672
2007-11-29,45.677066802978516
2007-11-30,46.49192428588867
2007-12-03,45.671443939208984
2007-12-04,45.17129898071289
2007-12-05,46.13788604736328
2007-12-06,46.171607971191406
2007-12-07,46.46383285522461
2007-12-10,47.53807067871094
2007-12-11,46.461002349853516
2007-12-12,46.58507537841797
2007-12-13,46.878299713134766
2007-12-14,46.50048065185547
2007-12-17,45.598228454589844
2007-12-18,46.44973373413086
2007-12-19,46.27492141723633
2007-12-20,46.37076950073242
2007-12-21,47.54936218261719
2007-12-24,47.67906188964844
2007-12-26,47.60011672973633
2007-12-27,47.75238037109375
2007-12-28,47.90463638305664
2007-12-31,47.13206100463867
2008-01-02,48.93659973144531
2008-01-03,49.731727600097656
2008-01-04,49.4892463684082
2008-01-07,50.949771881103516
2008-01-08,50.00802230834961
2008-01-09,51.35015869140625
2008-01-10,50.48171615600586
2008-01-11,51.43476486206055
2008-01-14,51.64902114868164
2008-01-15,51.48550796508789
2008-01-16,52.07196807861328
2008-01-17,50.521202087402344
2008-01-18,49.4102897644043
2008-01-22,48.135841369628906
2008-01-23,47.729820251464844
2008-01-24,49.156524658203125
2008-01-25,48.835086822509766
2008-01-28,48.63772964477539
2008-01-29,48.33885955810547
2008-01-30,47.887718200683594
2008-01-31,48.74486541748047
2008-02-01,49.156524658203125
2008-02-04,49.737369537353516
2008-02-05,49.094486236572266
2008-02-06,49.207275390625
2008-02-07,50.521202087402344
2008-02-08,50.724220275878906
2008-02-11,50.36894607543945
2008-02-12,51.0174446105957
2008-02-13,51.271209716796875
2008-02-14,51.31631851196289
2008-02-15,50.95542526245117
2008-02-19,50.6790771484375
2008-02-20,50.769325256347656
2008-02-21,50.16592025756836
2008-02-22,50.70164108276367
2008-02-25,51.671592712402344
2008-02-26,51.73361587524414
2008-02-27,51.5588264465332
2008-02-28,51.69415283203125
2008-02-29,50.989261627197266
2008-03-03,50.85955810546875
2008-03-04,51.045650482177734
2008-03-05,50.37458419799805
2008-03-06,49.04230499267578
2008-03-07,48.70853805541992
2008-03-10,47.537498474121094
2008-03-11,48.029659271240234
2008-03-12,48.87260818481445
2008-03-13,48.5218505859375
2008-03-14,48.30122756958008
2008-03-17,48.07493209838867
2008-03-18,49.99272155761719
2008-03-19,49.92483139038086
2008-03-20,49.95876693725586
2008-03-24,50.38874053955078
2008-03-25,50.33214569091797
2008-03-26,49.2289924621582
2008-03-27,49.664588928222656
2008-03-28,49.347782135009766
2008-03-31,48.567081451416016
2008-04-01,49.35909652709961
2008-04-02,48.12018966674805
2008-04-03,47.628021240234375
2008-04-04,48.69157028198242
2008-04-07,47.803382873535156
2008-04-08,48.68023681640625
2008-04-09,48.48788833618164
2008-04-10,48.442649841308594
2008-04-11,48.114532470703125
2008-04-14,47.78074645996094
2008-04-15,47.429996490478516
2008-04-16,47.45830154418945
2008-04-17,46.17977523803711
2008-04-18,47.7015380859375
2008-04-21,48.54447555541992
2008-04-22,47.8486213684082
2008-04-23,48.731163024902344
2008-04-24,49.132835388183594
2008-04-25,49.89655685424805
2008-04-28,50.100223541259766
2008-04-29,50.26426315307617
2008-04-30,50.57540512084961
2008-05-01,50.484901428222656
2008-05-02,49.93614196777344
2008-05-05,50.445289611816406
2008-05-06,50.185062408447266
2008-05-07,49.0819091796875
2008-05-08,49.78339767456055
2008-05-09,49.21204376220703
2008-05-12,49.89655685424805
2008-05-13,48.65195083618164
2008-05-14,48.827335357666016
2008-05-15,48.453956604003906
2008-05-16,47.888248443603516
2008-05-19,47.367767333984375
2008-05-20,47.58842849731445
2008-05-21,47.77509689331055
2008-05-22,47.74680709838867
2008-05-23,47.282920837402344
2008-05-27,47.905208587646484
2008-05-28,47.79206848144531
2008-05-29,48.44831085205078
2008-05-30,47.77509689331055
2008-06-02,47.5657958984375
2008-06-03,46.68325424194336
2008-06-04,47.59405517578125
2008-06-05,47.98290252685547
2008-06-06,46.84761428833008
2008-06-09,46.876007080078125
2008-06-10,47.22792434692383
2008-06-11,46.200523376464844
2008-06-12,46.166439056396484
2008-06-13,46.86465072631836
2008-06-16,46.444583892822266
2008-06-17,45.5023078918457
2008-06-18,44.78139114379883
2008-06-19,45.229827880859375
2008-06-20,44.86652374267578
2008-06-23,44.80977249145508
2008-06-24,44.23644256591797
2008-06-25,44.997108459472656
2008-06-26,44.72462463378906
2008-06-27,45.297943115234375
2008-06-30,46.149410247802734
2008-07-01,47.09169387817383
2008-07-02,46.711387634277344
2008-07-03,46.74543762207031
2008-07-07,46.09833908081055
2008-07-08,46.28564453125
2008-07-09,46.149410247802734
2008-07-10,47.103050231933594
2008-07-11,46.075626373291016
2008-07-14,45.29227066040039
2008-07-15,45.35471725463867
2008-07-16,46.55243682861328
2008-07-17,47.44932174682617
2008-07-18,48.03965759277344
2008-07-21,47.65366744995117
2008-07-22,48.5164794921875
2008-07-23,48.590309143066406
2008-07-24,48.97631072998047
2008-07-25,48.25536346435547
2008-07-28,48.23834228515625
2008-07-29,48.107791900634766
2008-07-30,48.66975402832031
2008-07-31,48.198612213134766
2008-08-01,47.60258102416992
2008-08-04,48.06237030029297
2008-08-05,48.028297424316406
2008-08-06,48.431339263916016
2008-08-07,48.44837188720703
2008-08-08,49.617740631103516
2008-08-11,49.47581100463867
2008-08-12,49.016029357910156
2008-08-13,49.48716354370117
2008-08-14,49.174957275390625
2008-08-15,49.69717788696289
2008-08-18,49.617740631103516
2008-08-19,49.65178298950195
2008-08-20,49.42472457885742
2008-08-21,49.94127655029297
2008-08-22,50.23076248168945
2008-08-25,49.68583679199219
2008-08-26,49.96397018432617
2008-08-27,49.74827194213867
2008-08-28,49.69150924682617
2008-08-29,49.6006965637207
2008-09-02,49.74258804321289
2008-09-03,49.7596321105957
2008-09-04,48.692440032958984
2008-09-05,48.433326721191406
2008-09-08,49.75464630126953
2008-09-09,49.27054977416992
2008-09-10,47.90365982055664
2008-09-11,47.49356460571289
2008-09-12,46.679161071777344
2008-09-15,46.5367546081543
2008-09-16,46.13240432739258
2008-09-17,44.82817840576172
2008-09-18,45.82485580444336
2008-09-19,46.9866943359375
2008-09-22,45.693851470947266
2008-09-23,45.938758850097656
2008-09-24,46.570953369140625
2008-09-25,47.10059356689453
2008-09-26,46.90696334838867
2008-09-29,45.26668930053711
2008-09-30,45.7109375
2008-10-01,45.66538619995117
2008-10-02,45.44896697998047
2008-10-03,45.699546813964844
2008-10-06,44.42377471923828
2008-10-07,43.22776412963867
2008-10-08,44.150413513183594
2008-10-09,41.17173767089844
2008-10-10,38.44368362426758
2008-10-13,42.1456413269043
2008-10-14,42.6126594543457
2008-10-15,40.101016998291016
2008-10-16,40.63637161254883
2008-10-17,40.630672454833984
2008-10-20,41.21161651611328
2008-10-21,40.733192443847656
2008-10-22,39.941551208496094
2008-10-23,39.901676177978516
2008-10-24,38.12472915649414
2008-10-27,36.404727935791016
2008-10-28,37.32168197631836
2008-10-29,37.68618392944336
2008-10-30,38.8651123046875
2008-10-31,39.52578353881836
2008-11-03,39.52008056640625
2008-11-04,40.02127456665039
2008-11-05,39.867488861083984
2008-11-06,38.93914794921875
2008-11-07,40.283260345458984
2008-11-10,40.30603790283203
2008-11-11,38.882198333740234
2008-11-12,38.198787689208984
2008-11-13,39.98710250854492
2008-11-14,38.5518684387207
2008-11-17,37.008445739746094
2008-11-18,37.606449127197266
2008-11-19,35.26566696166992
2008-11-20,34.320228576660156
2008-11-21,34.81571578979492
2008-11-24,35.72128677368164
2008-11-25,35.595970153808594
2008-11-26,36.21677780151367
2008-11-28,36.18260955810547
2008-12-01,35.32829284667969
2008-12-02,36.02313232421875
2008-12-03,36.985652923583984
2008-12-04,35.72128677368164
2008-12-05,37.16219711303711
2008-12-08,36.997047424316406
2008-12-09,35.84088897705078
2008-12-10,36.235939025878906
2008-12-11,36.9172477722168
2008-12-12,36.63671112060547
2008-12-15,37.6272087097168
2008-12-16,39.06999588012695
2008-12-17,38.58906555175781
2008-12-18,38.65776824951172
2008-12-19,38.211185455322266
2008-12-22,38.60623550415039
2008-12-23,37.94209671020508
2008-12-24,37.63865661621094
2008-12-26,38.022247314453125
2008-12-29,37.59857177734375
2008-12-30,38.76655578613281
2008-12-31,39.1558837890625
2009-01-02,39.99750518798828
2009-01-05,39.568111419677734
2009-01-06,39.15016174316406
2009-01-07,38.73792266845703
2009-01-08,39.568111419677734
2009-01-09,40.81053161621094
2009-01-12,40.65021514892578
2009-01-13,41.24564743041992
2009-01-14,40.66166305541992
2009-01-15,40.85057830810547
2009-01-16,41.52047348022461
2009-01-20,40.62731170654297
2009-01-21,41.3830451965332
2009-01-22,42.16742706298828
2009-01-23,40.896400451660156
2009-01-26,41.5032844543457
2009-01-27,42.45370864868164
2009-01-28,40.10630416870117
2009-01-29,40.839149475097656
2009-01-30,41.60635757446289
2009-02-02,41.692222595214844
2009-02-03,42.253318786621094
2009-02-04,42.293392181396484
2009-02-05,42.39644241333008
2009-02-06,42.41935348510742
2009-02-09,41.692222595214844
2009-02-10,40.47272872924805
2009-02-11,40.58722686767578
2009-02-12,40.804786682128906
2009-02-13,40.444095611572266
2009-02-17,39.842926025390625
2009-02-18,39.8085823059082
2009-02-19,39.95170593261719
2009-02-20,39.854373931884766
2009-02-23,39.304744720458984
2009-02-24,39.29901123046875
2009-02-25,38.720733642578125
2009-02-26,37.272216796875
2009-02-27,35.434383392333984
2009-03-02,36.47639083862305
2009-03-03,37.014583587646484
2009-03-04,37.220703125
2009-03-05,36.61382293701172
2009-03-06,36.91883087158203
2009-03-09,35.877166748046875
2009-03-10,36.13038635253906
2009-03-11,35.43402862548828
2009-03-12,36.803733825683594
2009-03-13,37.51158905029297
2009-03-16,37.44829177856445
2009-03-17,37.7878303527832
2009-03-18,37.85115051269531
2009-03-19,36.77494430541992
2009-03-20,37.16054153442383
2009-03-23,38.22523498535156
2009-03-24,38.012298583984375
2009-03-25,38.21945571899414
2009-03-26,38.13890075683594
2009-03-27,39.24964904785156
2009-03-30,38.20222473144531
2009-03-31,38.6971549987793
2009-04-01,38.213722229003906
2009-04-02,38.44392013549805
2009-04-03,37.96625518798828
2009-04-06,37.672760009765625
2009-04-07,37.63246536254883
2009-04-08,38.22523498535156
2009-04-09,38.6971549987793
2009-04-13,38.70289993286133
2009-04-14,39.307186126708984
2009-04-15,38.83526611328125
2009-04-16,39.076988220214844
2009-04-17,39.295684814453125
2009-04-20,39.37049102783203
2009-04-21,38.96763610839844
2009-04-22,38.541770935058594
2009-04-23,36.84977340698242
2009-04-24,35.95199203491211
2009-04-27,37.344688415527344
2009-04-28,35.773555755615234
2009-04-29,35.0599365234375
2009-04-30,34.80670928955078
2009-05-01,35.20957565307617
2009-05-04,35.03117752075195
2009-05-05,35.773555755615234
2009-05-06,35.37070083618164
2009-05-07,35.45126724243164
2009-05-08,36.15340042114258
2009-05-11,35.99226760864258
2009-05-12,36.87855529785156
2009-05-13,37.597930908203125
2009-05-14,37.92021560668945
2009-05-15,37.50010681152344
2009-05-18,37.367740631103516
2009-05-19,37.16054153442383
2009-05-20,37.44254684448242
2009-05-21,37.42527770996094
2009-05-22,37.92596435546875
2009-05-26,38.63384246826172
2009-05-27,38.63384246826172
2009-05-28,38.55902862548828
2009-05-29,38.95038604736328
2009-06-01,39.140289306640625
2009-06-02,39.60070037841797
2009-06-03,39.6755256652832
2009-06-04,38.858280181884766
2009-06-05,38.933494567871094
2009-06-08,38.887210845947266
2009-06-09,39.3325309753418
2009-06-10,39.08963394165039
2009-06-11,39.48868179321289
2009-06-12,39.529151916503906
2009-06-15,38.82360076904297
2009-06-16,38.72526931762695
2009-06-17,39.367225646972656
2009-06-18,40.08435821533203
2009-06-19,39.99182891845703
2009-06-22,39.459754943847656
2009-06-23,39.47132110595703
2009-06-24,39.615901947021484
2009-06-25,41.00968551635742
2009-06-26,41.02703857421875
2009-06-29,41.47236251831055
2009-06-30,41.241031646728516
2009-07-01,40.88827133178711
2009-07-02,39.93399429321289
2009-07-06,40.674259185791016
2009-07-07,40.1422004699707
2009-07-08,39.7142219543457
2009-07-09,39.41349411010742
2009-07-10,39.170589447021484
2009-07-13,39.951324462890625
2009-07-14,40.32725143432617
2009-07-15,40.963417053222656
2009-07-16,40.99814224243164
2009-07-17,40.1884765625
2009-07-20,40.28678894042969
2009-07-21,40.47184371948242
2009-07-22,40.43136215209961
2009-07-23,41.304656982421875
2009-07-24,41.48970413208008
2009-07-27,41.81357955932617
2009-07-28,41.66898727416992
2009-07-29,42.565425872802734
2009-07-30,38.97394561767578
2009-07-31,37.678497314453125
2009-08-03,37.875125885009766
2009-08-04,37.909812927246094
2009-08-05,37.68427658081055
2009-08-06,36.86881637573242
2009-08-07,37.25630187988281
2009-08-10,38.00235366821289
2009-08-11,38.17008590698242
2009-08-12,38.90456771850586
2009-08-13,38.048641204833984
2009-08-14,38.3956184387207
2009-08-17,38.343570709228516
2009-08-18,37.967655181884766
2009-08-19,37.97343444824219
2009-08-20,39.17637634277344
2009-08-21,39.818328857421875
2009-08-24,39.708438873291016
2009-08-25,39.858802795410156
2009-08-26,40.38508605957031
2009-08-27,40.425567626953125
2009-08-28,40.77836990356445
2009-08-31,40.26365661621094
2009-09-01,39.48868179321289
2009-09-02,39.52336883544922
2009-09-03,39.90507125854492
2009-09-04,40.852294921875
2009-09-08,40.201446533203125
2009-09-09,40.88136291503906
2009-09-10,41.230010986328125
2009-09-11,41.456642150878906
2009-09-14,41.119606018066406
2009-09-15,40.96851348876953
2009-09-16,40.92783737182617
2009-09-17,40.648895263671875
2009-09-18,40.82904815673828
2009-09-21,40.991756439208984
2009-09-22,40.80580139160156
2009-09-23,40.2944221496582
2009-09-24,39.92830276489258
2009-09-25,39.8062858581543
2009-09-28,40.96851348876953
2009-09-29,40.892967224121094
2009-09-30,40.532676696777344
2009-10-01,39.68425369262695
2009-10-02,39.108951568603516
2009-10-05,39.08571243286133
2009-10-06,39.26002883911133
2009-10-07,39.353031158447266
2009-10-08,39.783042907714844
2009-10-09,39.951560974121094
2009-10-12,39.87020492553711
2009-10-13,39.98643112182617
2009-10-14,39.84115219116211
2009-10-15,39.719112396240234
2009-10-16,40.24793243408203
2009-10-19,40.038726806640625
2009-10-20,39.2368049621582
2009-10-21,39.21354675292969
2009-10-22,39.53898239135742
2009-10-23,39.22518539428711
2009-10-26,39.22518539428711
2009-10-27,39.1903076171875
2009-10-28,38.70218276977539
2009-10-29,39.55641555786133
2009-10-30,39.72492980957031
2009-11-02,40.067787170410156
2009-11-03,40.62564468383789
2009-11-04,39.812103271484375
2009-11-05,40.009666442871094
2009-11-06,40.991756439208984
2009-11-09,41.63098907470703
2009-11-10,41.76462936401367
2009-11-11,42.316707611083984
2009-11-12,41.9564208984375
2009-11-13,42.258583068847656
2009-11-16,42.5898323059082
2009-11-17,42.891998291015625
2009-11-18,42.75253677368164
2009-11-19,42.6885986328125
2009-11-20,42.828086853027344
2009-11-23,43.72879409790039
2009-11-24,43.949615478515625
2009-11-25,43.891517639160156
2009-11-27,43.42080307006836
2009-11-30,43.467288970947266
2009-12-01,44.16464614868164
2009-12-02,44.455204010009766
2009-12-03,44.92591094970703
2009-12-04,45.35592269897461
2009-12-07,45.326866149902344
2009-12-08,44.96078109741211
2009-12-09,44.734130859375
2009-12-10,45.34723663330078
2009-12-11,45.224632263183594
2009-12-14,45.288856506347656
2009-12-15,45.34140396118164
2009-12-16,45.04362106323242
2009-12-17,44.07429122924805
2009-12-18,43.7122802734375
2009-12-21,44.4888801574707
2009-12-22,45.767669677734375
2009-12-23,46.21729278564453
2009-12-24,46.252323150634766
2009-12-28,46.456695556640625
2009-12-29,46.55012893676758
2009-12-30,46.5326042175293
2009-12-31,46.04795837402344
2010-01-04,45.896121978759766
2010-01-05,45.46987533569336
2010-01-06,45.34723663330078
2010-01-07,45.335567474365234
2010-01-08,45.49324417114258
2010-01-11,45.785194396972656
2010-01-12,45.10784912109375
2010-01-13,45.253822326660156
2010-01-14,44.985225677490234
2010-01-15,44.54727554321289
2010-01-19,45.13119888305664
2010-01-20,44.839229583740234
2010-01-21,44.465538024902344
2010-01-22,43.84074020385742
2010-01-25,44.249488830566406
2010-01-26,44.126861572265625
2010-01-27,44.3779411315918
2010-01-28,44.65821838378906
2010-01-29,44.010074615478516
2010-02-01,44.2086067199707
2010-02-02,44.97353744506836
2010-02-03,44.751651763916016
2010-02-04,43.62468338012695
2010-02-05,43.729793548583984
2010-02-08,43.6071891784668
2010-02-09,43.94584655761719
2010-02-10,43.58381271362305
2010-02-11,43.922481536865234
2010-02-12,44.284515380859375
2010-02-16,44.90930938720703
2010-02-17,45.17206573486328
2010-02-18,45.52243423461914
2010-02-19,45.27717971801758
2010-02-22,45.253822326660156
2010-02-23,45.46987533569336
2010-02-24,46.02458953857422
2010-02-25,45.849403381347656
2010-02-26,45.46987533569336
2010-03-01,46.141380310058594
2010-03-02,46.211448669433594
2010-03-03,45.942848205566406
2010-03-04,45.83774185180664
2010-03-05,45.896121978759766
2010-03-08,45.73186111450195
2010-03-09,46.03693771362305
2010-03-10,46.30094909667969
2010-03-11,46.03107452392578
2010-03-12,45.9782829284668
2010-03-15,46.34787368774414
2010-03-16,46.3654899597168
2010-03-17,46.48869323730469
2010-03-18,46.576690673828125
2010-03-19,46.40654754638672
2010-03-22,47.016693115234375
2010-03-23,46.764434814453125
2010-03-24,46.353736877441406
2010-03-25,46.27159881591797
2010-03-26,46.060401916503906
2010-03-29,46.34787368774414
2010-03-30,46.3772087097168
2010-03-31,46.189476013183594
2010-04-01,46.32441711425781
2010-04-05,46.060401916503906
2010-04-06,46.013450622558594
2010-04-07,46.05453872680664
2010-04-08,46.13081359863281
2010-04-09,46.295074462890625
2010-04-12,46.34787368774414
2010-04-13,46.183597564697266
2010-04-14,46.048675537109375
2010-04-15,45.7905387878418
2010-04-16,45.60866928100586
2010-04-19,46.03107452392578
2010-04-20,46.73508071899414
2010-04-21,46.08974075317383
2010-04-22,45.332916259765625
2010-04-23,45.49718475341797
2010-04-26,44.822513580322266
2010-04-27,44.61130905151367
2010-04-28,44.99852752685547
2010-04-29,44.93983840942383
2010-04-30,44.804908752441406
2010-05-03,44.71690368652344
2010-05-04,44.259300231933594
2010-05-05,44.359031677246094
2010-05-06,43.930755615234375
2010-05-07,43.214996337890625
2010-05-10,44.33556365966797
2010-05-11,43.854488372802734
2010-05-12,44.05982208251953
2010-05-13,43.690223693847656
2010-05-14,42.98033905029297
2010-05-17,43.285404205322266
2010-05-18,43.590476989746094
2010-05-19,43.25605773925781
2010-05-20,42.035770416259766
2010-05-21,41.941890716552734
2010-05-24,41.8480224609375
2010-05-25,41.912559509277344
2010-05-26,41.45496368408203
2010-05-27,42.36430358886719
2010-05-28,41.83041763305664
2010-06-01,41.48428726196289
2010-06-02,42.47576904296875
2010-06-03,42.46992111206055
2010-06-04,41.11467361450195
2010-06-07,40.86696243286133
2010-06-08,40.64873123168945
2010-06-09,40.483585357666016
2010-06-10,41.144168853759766
2010-06-11,41.10287857055664
2010-06-14,41.39778518676758
2010-06-15,41.94038009643555
2010-06-16,42.49480056762695
2010-06-17,42.418128967285156
2010-06-18,42.06425094604492
2010-06-21,42.15861892700195
2010-06-22,41.9698600769043
2010-06-23,41.31520462036133
2010-06-24,40.94364547729492
2010-06-25,40.72541427612305
2010-06-28,40.79027557373047
2010-06-29,39.7817268371582
2010-06-30,39.88200378417969
2010-07-01,39.68737030029297
2010-07-02,40.08842849731445
2010-07-06,40.21228790283203
2010-07-07,41.450843811035156
2010-07-08,41.262115478515625
2010-07-09,40.96723556518555
2010-07-12,40.74311065673828
2010-07-13,41.00261306762695
2010-07-14,41.043907165527344
2010-07-15,40.90824508666992
2010-07-16,39.95868682861328
2010-07-19,40.14152145385742
2010-07-20,40.18278884887695
2010-07-21,39.46915817260742
2010-07-22,39.75224304199219
2010-07-23,39.451438903808594
2010-07-26,40.430503845214844
2010-07-27,40.2653694152832
2010-07-28,40.30074691772461
2010-07-29,39.834808349609375
2010-07-30,40.57795333862305
2010-08-02,41.52164840698242
2010-08-03,41.55702209472656
2010-08-04,41.987571716308594
2010-08-05,42.23529052734375
2010-08-06,42.276573181152344
2010-08-09,42.3945198059082
2010-08-10,42.695335388183594
2010-08-11,41.934486389160156
2010-08-12,41.910911560058594
2010-08-13,41.8519172668457
2010-08-16,41.65729522705078
2010-08-17,42.45351791381836
2010-08-18,42.65995788574219
2010-08-19,42.05834197998047
2010-08-20,41.76934051513672
2010-08-23,41.88140869140625
2010-08-24,40.87285614013672
2010-08-25,41.144168853759766
2010-08-26,40.59565353393555
2010-08-27,41.12056350708008
2010-08-30,40.84926223754883
2010-08-31,40.21817398071289
2010-09-01,41.00261306762695
2010-09-02,41.444950103759766
2010-09-03,41.6513786315918
2010-09-07,41.40237808227539
2010-09-08,41.33122253417969
2010-09-09,41.99526596069336
2010-09-10,42.25614929199219
2010-09-13,42.208717346191406
2010-09-14,42.44588851928711
2010-09-15,43.01506042480469
2010-09-16,43.133644104003906
2010-09-17,43.56646728515625
2010-09-20,43.62574768066406
2010-09-21,43.70283508300781
2010-09-22,43.56646728515625
2010-09-23,43.34709930419922
2010-09-24,44.040771484375
2010-09-27,44.005210876464844
2010-09-28,44.36094665527344
2010-09-29,43.97557830810547
2010-09-30,43.93406295776367
2010-10-01,44.052650451660156
2010-10-04,43.67912292480469
2010-10-05,44.390602111816406
2010-10-06,44.54474639892578
2010-10-07,44.18307876586914
2010-10-08,44.3194580078125
2010-10-11,44.42024612426758
2010-10-12,44.79376983642578
2010-10-13,45.072425842285156
2010-10-14,45.10799026489258
2010-10-15,45.137664794921875
2010-10-18,45.54674530029297
2010-10-19,45.26808166503906
2010-10-20,45.59418869018555
2010-10-21,45.65349197387695
2010-10-22,45.29774475097656
2010-10-25,45.600120544433594
2010-10-26,45.4933967590332
2010-10-27,45.14952087402344
2010-10-28,45.29181671142578
2010-10-29,44.775970458984375
2010-11-01,44.639610290527344
2010-11-02,44.69298553466797
2010-11-03,44.787841796875
2010-11-04,46.394615173339844
2010-11-05,45.97365188598633
2010-11-08,45.985504150390625
2010-11-09,46.115962982177734
2010-11-10,46.353092193603516
2010-11-11,46.40646743774414
2010-11-12,45.81355667114258
2010-11-15,45.884708404541016
2010-11-16,45.422245025634766
2010-11-17,45.52303695678711
2010-11-18,46.062583923339844
2010-11-19,46.15150833129883
2010-11-22,46.021080017089844
2010-11-23,45.44003677368164
2010-11-24,46.317535400390625
2010-11-26,46.34124755859375
2010-11-29,46.27603530883789
2010-11-30,46.204891204833984
2010-12-01,47.32545852661133
2010-12-02,47.88278579711914
2010-12-03,48.33932876586914
2010-12-06,47.936161041259766
2010-12-07,48.25040054321289
2010-12-08,48.29806137084961
2010-12-09,48.542388916015625
2010-12-10,48.88206100463867
2010-12-13,49.11445236206055
2010-12-14,49.692466735839844
2010-12-15,49.483909606933594
2010-12-16,50.52077865600586
2010-12-17,50.777042388916016
2010-12-20,49.96660232543945
2010-12-21,49.9427604675293
2010-12-22,50.282432556152344
2010-12-23,50.437339782714844
2010-12-27,50.12152862548828
2010-12-28,50.84257888793945
2010-12-29,50.63996505737305
2010-12-30,50.735313415527344
2010-12-31,50.36585998535156
2011-01-03,50.49098587036133
2011-01-04,49.66864013671875
2011-01-05,49.68054962158203
2011-01-06,49.60905838012695
2011-01-07,49.59714126586914
2011-01-10,49.49582290649414
2011-01-11,50.0440673828125
2011-01-12,49.84146499633789
2011-01-13,49.53753662109375
2011-01-14,49.28131866455078
2011-01-18,50.03812026977539
2011-01-19,49.460079193115234
2011-01-20,49.51371765136719
2011-01-21,49.579261779785156
2011-01-24,49.85337448120117
2011-01-25,50.41948318481445
2011-01-26,50.133460998535156
2011-01-27,49.787818908691406
2011-01-28,49.1978874206543
2011-01-31,49.4302864074707
2011-02-01,49.948734283447266
2011-02-02,49.88913345336914
2011-02-03,50.15134048461914
2011-02-04,50.35393142700195
2011-02-07,51.03327560424805
2011-02-08,48.28614807128906
2011-02-09,48.49470901489258
2011-02-10,48.38744354248047
2011-02-11,48.44108581542969
2011-02-14,48.619850158691406
2011-02-15,47.934566497802734
2011-02-16,47.672367095947266
2011-02-17,47.82728958129883
2011-02-18,48.43513488769531
2011-02-22,47.48167419433594
2011-02-23,47.13009262084961
2011-02-24,47.12413024902344
2011-02-25,47.773677825927734
2011-02-28,47.672367095947266
2011-03-01,47.19564437866211
2011-03-02,47.35653305053711
2011-03-03,48.30997848510742
2011-03-04,47.79749298095703
2011-03-07,47.320777893066406
2011-03-08,47.88383102416992
2011-03-09,47.71012496948242
2011-03-10,46.919437408447266
2011-03-11,47.24291229248047
2011-03-14,46.52410888671875
2011-03-15,46.09882354736328
2011-03-16,45.841270446777344
2011-03-17,45.82925796508789
2011-03-18,46.062889099121094
2011-03-21,46.66789245605469
2011-03-22,46.751731872558594
2011-03-23,46.494163513183594
2011-03-24,46.70980453491211
2011-03-25,47.111141204833984
2011-03-28,47.09315872192383
2011-03-29,47.614295959472656
2011-03-30,47.614295959472656
2011-03-31,47.692169189453125
2011-04-01,48.261207580566406
2011-04-04,48.5307502746582
2011-04-05,48.15338134765625
2011-04-06,48.512779235839844
2011-04-07,48.494815826416016
2011-04-08,48.37501525878906
2011-04-11,48.81827163696289
2011-04-12,48.740394592285156
2011-04-13,49.039878845214844
2011-04-14,49.00396728515625
2011-04-15,49.98634338378906
2011-04-18,49.75869369506836
2011-04-19,49.926422119140625
2011-04-20,50.303775787353516
2011-04-21,50.315773010253906
2011-04-25,50.26784133911133
2011-04-26,50.848873138427734
2011-04-27,51.214263916015625
2011-04-28,51.25020217895508
2011-04-29,51.47782516479492
2011-05-02,52.02290725708008
2011-05-03,52.010929107666016
2011-05-04,51.76533889770508
2011-05-05,51.47782516479492
2011-05-06,51.76533889770508
2011-05-09,52.08279800415039
2011-05-10,52.561988830566406
2011-05-11,52.75370788574219
2011-05-12,53.13703155517578
2011-05-13,52.77764129638672
2011-05-16,52.663822174072266
2011-05-17,52.71176528930664
2011-05-18,53.59228515625
2011-05-19,53.658164978027344
2011-05-20,53.25086975097656
2011-05-23,52.3942756652832
2011-05-24,51.95701217651367
2011-05-25,51.96302032470703
2011-05-26,51.891136169433594
2011-05-27,52.136714935302734
2011-05-31,52.44219970703125
2011-06-01,52.19662094116211
2011-06-02,51.71741485595703
2011-06-03,51.37001419067383
2011-06-06,51.04056930541992
2011-06-07,51.14286804199219
2011-06-08,51.4678955078125
2011-06-09,51.94339370727539
2011-06-10,51.11278533935547
2011-06-13,51.19704818725586
2011-06-14,51.913299560546875
2011-06-15,51.10676574707031
2011-06-16,51.08871078491211
2011-06-17,51.239173889160156
2011-06-20,51.7387580871582
2011-06-21,52.08181381225586
2011-06-22,51.99755096435547
2011-06-23,51.57023239135742
2011-06-24,51.064632415771484
2011-06-27,51.31140899658203
2011-06-28,51.82904052734375
2011-06-29,51.66651153564453
2011-06-30,51.865150451660156
2011-07-01,53.74907684326172
2011-07-05,53.67082595825195
2011-07-06,53.737030029296875
2011-07-07,54.01390838623047
2011-07-08,53.74907684326172
2011-07-11,52.587398529052734
2011-07-12,52.707801818847656
2011-07-13,52.82817459106445
2011-07-14,52.689735412597656
2011-07-15,52.418914794921875
2011-07-18,52.16609573364258
2011-07-19,52.9004020690918
2011-07-20,52.77401351928711
2011-07-21,53.550453186035156
2011-07-22,52.46103286743164
2011-07-25,52.1359977722168
2011-07-26,51.13685607910156
2011-07-27,50.2520751953125
2011-07-28,49.9210319519043
2011-07-29,50.324317932128906
2011-08-01,49.53581619262695
2011-08-02,48.139427185058594
2011-08-03,48.25980758666992
2011-08-04,46.71292495727539
2011-08-05,47.68801498413086
2011-08-08,45.99668884277344
2011-08-09,47.435211181640625
2011-08-10,45.99668884277344
2011-08-11,47.35094451904297
2011-08-12,48.320011138916016
2011-08-15,48.81355285644531
2011-08-16,48.320011138916016
2011-08-17,48.037109375
2011-08-18,46.628665924072266
2011-08-19,46.297637939453125
2011-08-22,46.255496978759766
2011-08-23,47.597721099853516
2011-08-24,47.934791564941406
2011-08-25,47.04398727416992
2011-08-26,47.98895263671875
2011-08-29,48.657047271728516
2011-08-30,48.59083938598633
2011-08-31,48.9820671081543
2011-09-01,48.41630554199219
2011-09-02,47.24260711669922
2011-09-06,47.206485748291016
2011-09-07,48.42871856689453
2011-09-08,47.515071868896484
2011-09-09,45.996368408203125
2011-09-12,46.21419906616211
2011-09-13,46.25051498413086
2011-09-14,46.74665451049805
2011-09-15,46.89188003540039
2011-09-16,46.74060821533203
2011-09-19,45.718055725097656
2011-09-20,45.645442962646484
2011-09-21,44.5926513671875
2011-09-22,44.41114807128906
2011-09-23,44.616851806640625
2011-09-26,44.828617095947266
2011-09-27,46.075042724609375
2011-09-28,44.320377349853516
2011-09-29,44.979888916015625
2011-09-30,44.362728118896484
2011-10-03,42.862186431884766
2011-10-04,43.769775390625
2011-10-05,44.120704650878906
2011-10-06,44.296165466308594
2011-10-07,44.08441925048828
2011-10-10,45.04644012451172
2011-10-11,44.423221588134766
2011-10-12,44.895172119140625
2011-10-13,44.69549560546875
2011-10-14,44.94963073730469
2011-10-17,44.04205322265625
2011-10-18,44.46559143066406
2011-10-19,44.68946075439453
2011-10-20,44.4534912109375
2011-10-21,46.244441986083984
2011-10-24,47.33354949951172
2011-10-25,46.419921875
2011-10-26,46.419921875
2011-10-27,47.59977340698242
2011-10-28,48.186668395996094
2011-10-31,47.33354949951172
2011-11-01,46.05083084106445
2011-11-02,43.92708206176758
2011-11-03,43.793983459472656
2011-11-04,43.97548294067383
2011-11-07,45.034339904785156
2011-11-08,45.20375442504883
2011-11-09,43.93313980102539
2011-11-10,44.507938385009766
2011-11-11,44.84678649902344
2011-11-14,44.96173858642578
2011-11-15,45.76646041870117
2011-11-16,44.9980354309082
2011-11-17,44.61079788208008
2011-11-18,44.25986862182617
2011-11-21,43.467247009277344
2011-11-22,43.63666534423828
2011-11-23,42.81982421875
2011-11-25,43.025543212890625
2011-11-28,43.5579948425293
2011-11-29,43.424888610839844
2011-11-30,44.64106369018555
2011-12-01,44.85887908935547
2011-12-02,44.55634689331055
2011-12-05,45.02223205566406
2011-12-06,44.69549560546875
2011-12-07,44.84678649902344
2011-12-08,44.152809143066406
2011-12-09,44.39020538330078
2011-12-12,44.14671325683594
2011-12-13,43.70840072631836
2011-12-14,43.5379524230957
2011-12-15,43.31271743774414
2011-12-16,43.00836181640625
2011-12-19,43.014427185058594
2011-12-20,44.45108413696289
2011-12-21,44.822425842285156
2011-12-22,44.901554107666016
2011-12-23,45.31550979614258
2011-12-27,45.534664154052734
2011-12-28,44.9259033203125
2011-12-29,45.38246154785156
2011-12-30,45.485958099365234
2012-01-03,45.32160568237305
2012-01-04,44.54847717285156
2012-01-05,44.25018310546875
2012-01-06,44.45716857910156
2012-01-09,44.65195846557617
2012-01-10,45.18157958984375
2012-01-11,45.49811935424805
2012-01-12,45.46769714355469
2012-01-13,45.60161590576172
2012-01-17,45.80860137939453
2012-01-18,46.557350158691406
2012-01-19,47.42790603637695
2012-01-20,47.57398223876953
2012-01-23,47.23308563232422
2012-01-24,47.659210205078125
2012-01-25,48.24359893798828
2012-01-26,48.3166618347168
2012-01-27,48.146209716796875
2012-01-30,48.0853385925293
2012-01-31,47.73225402832031
2012-02-01,48.39579772949219
2012-02-02,48.32273864746094
2012-02-03,48.64539337158203
2012-02-06,49.02280044555664
2012-02-07,47.18437957763672
2012-02-08,46.758243560791016
2012-02-09,46.782596588134766
2012-02-10,46.520843505859375
2012-02-13,46.788692474365234
2012-02-14,46.691287994384766
2012-02-15,47.032188415527344
2012-02-16,47.2452392578125
2012-02-17,47.11741256713867
2012-02-21,46.94086456298828
2012-02-22,46.77042770385742
2012-02-23,46.53911209106445
2012-02-24,47.04436492919922
2012-02-27,46.94697189331055
2012-02-28,47.00784683227539
2012-02-29,46.39907455444336
2012-03-01,46.49648666381836
2012-03-02,46.67303466796875
2012-03-05,46.2712516784668
2012-03-06,45.92427444458008
2012-03-07,46.20595169067383
2012-03-08,46.91023635864258
2012-03-09,47.04496383666992
2012-03-12,46.97761154174805
2012-03-13,47.64512252807617
2012-03-14,47.522640228271484
2012-03-15,47.822715759277344
2012-03-16,47.83497619628906
2012-03-19,47.67573547363281
2012-03-20,47.21031951904297
2012-03-21,47.05108642578125
2012-03-22,47.081695556640625
2012-03-23,46.78776168823242
2012-03-26,47.56549072265625
2012-03-27,47.62060546875
2012-03-28,47.48590087890625
2012-03-29,47.21644592285156
2012-03-30,47.553260803222656
2012-04-02,47.7125129699707
2012-04-03,47.84721755981445
2012-04-04,47.62060546875
2012-04-05,47.553260803222656
2012-04-09,46.96535110473633
2012-04-10,46.548912048339844
2012-04-11,46.573402404785156
2012-04-12,46.714271545410156
2012-04-13,45.80177307128906
2012-04-16,45.9426383972168
2012-04-17,46.90410232543945
2012-04-18,46.708126068115234
2012-04-19,46.66526412963867
2012-04-20,46.806121826171875
2012-04-23,46.32844161987305
2012-04-24,46.579532623291016
2012-04-25,47.08783721923828
2012-04-26,47.35117721557617
2012-04-27,47.74922180175781
2012-04-30,48.04318618774414
2012-05-01,47.455291748046875
2012-05-02,47.461402893066406
2012-05-03,47.553260803222656
2012-05-04,46.96535110473633
2012-05-07,46.983707427978516
2012-05-08,46.9898567199707
2012-05-09,46.55503845214844
2012-05-10,46.92250061035156
2012-05-11,47.008216857910156
2012-05-14,46.83673858642578
2012-05-15,46.53667068481445
2012-05-16,46.51829147338867
2012-05-17,45.80177307128906
2012-05-18,45.434329986572266
2012-05-21,46.169227600097656
2012-05-22,45.79567337036133
2012-05-23,45.56907272338867
2012-05-24,45.7588996887207
2012-05-25,45.575199127197266
2012-05-29,45.495582580566406
2012-05-30,44.975040435791016
2012-05-31,44.785186767578125
2012-06-01,44.21565246582031
2012-06-04,44.20340347290039
2012-06-05,44.4544792175293
2012-06-06,44.818050384521484
2012-06-07,44.922821044921875
2012-06-08,45.1446647644043
2012-06-11,44.694820404052734
2012-06-12,44.88584899902344
2012-06-13,44.978271484375
2012-06-14,45.07070541381836
2012-06-15,45.348018646240234
2012-06-18,45.249427795410156
2012-06-19,46.06283187866211
2012-06-20,46.013526916503906
2012-06-21,45.434268951416016
2012-06-22,45.594512939453125
2012-06-25,45.00908279418945
2012-06-26,44.842689514160156
2012-06-27,45.28022384643555
2012-06-28,45.07070541381836
2012-06-29,46.06283187866211
2012-07-02,46.44489288330078
2012-07-03,46.64208984375
2012-07-05,46.4264030456543
2012-07-06,46.30317687988281
2012-07-09,46.19224166870117
2012-07-10,46.09980773925781
2012-07-11,46.22305679321289
2012-07-12,45.816349029541016
2012-07-13,45.8594856262207
2012-07-16,45.902618408203125
2012-07-17,46.34629440307617
2012-07-18,46.47570037841797
2012-07-19,46.80231475830078
2012-07-20,46.087486267089844
2012-07-23,45.61914825439453
2012-07-24,45.089195251464844
2012-07-25,45.42812728881836
2012-07-26,45.902618408203125
2012-07-27,46.796142578125
2012-07-30,46.962528228759766
2012-07-31,46.65440368652344
2012-08-01,46.32780838012695
2012-08-02,45.8594856262207
2012-08-03,45.816349029541016
2012-08-06,46.075164794921875
2012-08-07,46.50652313232422
2012-08-08,46.555824279785156
2012-08-09,46.5250129699707
2012-08-10,46.765342712402344
2012-08-13,46.962528228759766
2012-08-14,46.87009048461914
2012-08-15,46.937862396240234
2012-08-16,46.765342712402344
2012-08-17,47.17204284667969
2012-08-20,47.19053649902344
2012-08-21,46.93170928955078
2012-08-22,46.82695388793945
2012-08-23,46.383277893066406
2012-08-24,46.78998565673828
2012-08-27,46.71604537963867
2012-08-28,46.61743927001953
2012-08-29,46.537315368652344
2012-08-30,46.71604537963867
2012-08-31,46.82080841064453
2012-09-04,47.19053649902344
2012-09-05,47.41368103027344
2012-09-06,47.85377883911133
2012-09-07,48.27529525756836
2012-09-10,48.138916015625
2012-09-11,48.504638671875
2012-09-12,48.35588073730469
2012-09-13,48.734004974365234
2012-09-14,49.06871795654297
2012-09-17,49.22369384765625
2012-09-18,49.273284912109375
2012-09-19,49.087318420410156
2012-09-20,49.105926513671875
2012-09-21,49.16791915893555
2012-09-24,49.037715911865234
2012-09-25,48.969539642333984
2012-09-26,48.56044006347656
2012-09-27,48.808380126953125
2012-09-28,48.69680404663086
2012-10-01,48.93855285644531
2012-10-02,49.0935173034668
2012-10-03,48.82697296142578
2012-10-04,49.0935173034668
2012-10-05,49.24848175048828
2012-10-08,49.254695892333984
2012-10-09,47.87238311767578
2012-10-10,47.357887268066406
2012-10-11,47.748409271240234
2012-10-12,47.4942626953125
2012-10-15,47.42607116699219
2012-10-16,47.89097213745117
2012-10-17,47.77940368652344
2012-10-18,47.66162109375
2012-10-19,46.893001556396484
2012-10-22,47.04796600341797
2012-10-23,46.738037109375
2012-10-24,46.65125274658203
2012-10-25,46.669837951660156
2012-10-26,46.70083236694336
2012-10-31,46.911590576171875
2012-11-01,47.28350830078125
2012-11-02,46.90538024902344
2012-11-05,47.47567367553711
2012-11-06,48.64100646972656
2012-11-07,46.8186149597168
2012-11-08,46.539669036865234
2012-11-09,46.63265609741211
2012-11-12,46.26073455810547
2012-11-13,46.41569519042969
2012-11-14,46.26073455810547
2012-11-15,46.769012451171875
2012-11-16,46.855796813964844
2012-11-19,46.97976303100586
2012-11-20,47.22151565551758
2012-11-21,47.61823654174805
2012-11-23,48.18231201171875
2012-11-26,48.2009162902832
2012-11-27,47.82278823852539
2012-11-28,48.1079216003418
2012-11-29,47.71122360229492
2012-11-30,47.525264739990234
2012-12-03,47.25870132446289
2012-12-04,47.71122360229492
2012-12-05,47.971553802490234
2012-12-06,48.09944534301758
2012-12-07,48.43009567260742
2012-12-10,48.33652114868164
2012-12-11,48.79816818237305
2012-12-12,49.04147720336914
2012-12-13,48.954139709472656
2012-12-14,48.48624801635742
2012-12-17,49.11635971069336
2012-12-18,49.18496322631836
2012-12-19,48.99156951904297
2012-12-20,49.365901947021484
2012-12-21,49.19744110107422
2012-12-24,49.010276794433594
2012-12-26,48.67339324951172
2012-12-27,48.83560562133789
2012-12-28,48.249183654785156
2012-12-31,48.77945327758789
2013-01-02,49.56551742553711
2013-01-03,50.151947021484375
2013-01-04,50.12698745727539
2013-01-07,50.29542541503906
2013-01-08,50.7446174621582
2013-01-09,50.87562561035156
2013-01-10,50.95671844482422
2013-01-11,51.00663375854492
2013-01-14,51.34351348876953
2013-01-15,51.59305953979492
2013-01-16,51.78022003173828
2013-01-17,51.692867279052734
2013-01-18,52.36664581298828
2013-01-22,52.24186706542969
2013-01-23,52.20444869995117
2013-01-24,52.291770935058594
2013-01-25,52.77216339111328
2013-01-28,52.441505432128906
2013-01-29,52.57876968383789
2013-01-30,52.478939056396484
2013-01-31,52.429019927978516
2013-02-01,53.12149429321289
2013-02-04,53.12774658203125
2013-02-05,54.69361877441406
2013-02-06,54.824642181396484
2013-02-07,54.83713150024414
2013-02-08,55.05546569824219
2013-02-11,55.0929069519043
2013-02-12,55.242618560791016
2013-02-13,55.192710876464844
2013-02-14,55.14279556274414
2013-02-15,55.20519256591797
2013-02-19,55.255104064941406
2013-02-20,54.53765869140625
2013-02-21,54.16958999633789
2013-02-22,54.843353271484375
2013-02-25,54.18206024169922
2013-02-26,54.188289642333984
2013-02-27,55.00556564331055
2013-02-28,54.93693542480469
2013-03-01,55.36739730834961
2013-03-04,55.311248779296875
2013-03-05,55.64187240600586
2013-03-06,55.281185150146484
2013-03-07,55.35647201538086
2013-03-08,55.73284912109375
2013-03-11,56.215911865234375
2013-03-12,56.54839324951172
2013-03-13,57.13182830810547
2013-03-14,58.02892303466797
2013-03-15,57.90345764160156
2013-03-18,57.62117004394531
2013-03-19,57.55214309692383
2013-03-20,58.336307525634766
2013-03-21,57.671329498291016
2013-03-22,58.16693115234375
2013-03-25,57.98501205444336
2013-03-26,58.9134521484375
2013-03-27,59.6976318359375
2013-03-28,59.97993469238281
2013-04-01,60.04268264770508
2013-04-02,60.588462829589844
2013-04-03,60.48182678222656
2013-04-04,60.57591247558594
2013-04-05,60.293617248535156
2013-04-08,59.8858528137207
2013-04-09,60.249717712402344
2013-04-10,60.48182678222656
2013-04-11,60.63238525390625
2013-04-12,60.450469970703125
2013-04-15,59.496910095214844
2013-04-16,59.860755920410156
2013-04-17,59.314979553222656
2013-04-18,58.75035858154297
2013-04-19,59.32123947143555
2013-04-22,59.6976318359375
2013-04-23,60.12423324584961
2013-04-24,59.57218933105469
2013-04-25,60.46929931640625
2013-04-26,59.35888671875
2013-04-29,59.478084564208984
2013-04-30,59.15815353393555
2013-05-01,58.706443786621094
2013-05-02,60.324989318847656
2013-05-03,61.1217041015625
2013-05-06,60.795494079589844
2013-05-07,61.14680480957031
2013-05-08,61.215824127197266
2013-05-09,61.32247543334961
2013-05-10,62.489322662353516
2013-05-13,62.94098663330078
2013-05-14,63.84436798095703
2013-05-15,63.57460403442383
2013-05-16,63.047645568847656
2013-05-17,63.850650787353516
2013-05-20,63.436588287353516
2013-05-21,63.36758041381836
2013-05-22,62.746524810791016
2013-05-23,62.840614318847656
2013-05-24,63.254669189453125
2013-05-28,63.9384765625
2013-05-29,63.24213790893555
2013-05-30,63.248382568359375
2013-05-31,61.868255615234375
2013-06-03,62.23212814331055
2013-06-04,61.7114143371582
2013-06-05,61.10926055908203
2013-06-06,61.63261413574219
2013-06-07,62.225284576416016
2013-06-10,62.11809158325195
2013-06-11,61.98566818237305
2013-06-12,61.5821418762207
2013-06-13,62.16853332519531
2013-06-14,62.19377136230469
2013-06-17,63.1584358215332
2013-06-18,63.30345153808594
2013-06-19,62.28833770751953
2013-06-20,60.686824798583984
2013-06-21,60.54811096191406
2013-06-24,61.59477996826172
2013-06-25,61.79019546508789
2013-06-26,62.52162170410156
2013-06-27,62.26310729980469
2013-06-28,62.31354904174805
2013-07-01,62.578372955322266
2013-07-02,61.24799728393555
2013-07-03,61.66410827636719
2013-07-05,62.212669372558594
2013-07-08,62.647701263427734
2013-07-09,62.269386291503906
2013-07-10,62.4837646484375
2013-07-11,63.05753707885742
2013-07-12,64.31857299804688
2013-07-15,64.41944885253906
2013-07-16,64.24922180175781
2013-07-17,64.28707885742188
2013-07-18,64.93014526367188
2013-07-19,65.34632110595703
2013-07-22,65.88854217529297
2013-07-23,65.76876068115234
2013-07-24,65.40306091308594
2013-07-25,65.27062225341797
2013-07-26,65.10041809082031
2013-07-29,65.01213836669922
2013-07-30,64.93649291992188
2013-07-31,65.39674377441406
2013-08-01,65.01213836669922
2013-08-02,64.00333404541016
2013-08-05,63.5367317199707
2013-08-06,63.1584358215332
2013-08-07,63.05125045776367
2013-08-08,63.24669647216797
2013-08-09,63.01339340209961
2013-08-12,63.05125045776367
2013-08-13,62.96296691894531
2013-08-14,62.754905700683594
2013-08-15,61.683021545410156
2013-08-16,61.380401611328125
2013-08-19,61.613670349121094
2013-08-20,61.90373229980469
2013-08-21,61.93524932861328
2013-08-22,62.326148986816406
2013-08-23,62.43335723876953
2013-08-26,62.4837646484375
2013-08-27,61.31733703613281
2013-08-28,61.53172302246094
2013-08-29,61.525421142578125
2013-08-30,61.3992805480957
2013-09-03,61.35517501831055
2013-09-04,62.24417495727539
2013-09-05,62.62123107910156
2013-09-06,62.97610855102539
2013-09-09,63.19158172607422
2013-09-10,63.17253494262695
2013-09-11,63.59712600708008
2013-09-12,63.147186279296875
2013-09-13,63.36263656616211
2013-09-16,63.83155059814453
2013-09-17,63.87592315673828
2013-09-18,64.83911895751953
2013-09-19,65.18768310546875
2013-09-20,64.67439270019531
2013-09-23,64.56033325195312
2013-09-24,64.05973052978516
2013-09-25,63.52740478515625
2013-09-26,63.95198059082031
2013-09-27,63.299285888671875
2013-09-30,63.381683349609375
2013-10-01,63.95198059082031
2013-10-02,63.7808952331543
2013-10-03,63.05215835571289
2013-10-04,63.6351203918457
2013-10-07,63.00777816772461
2013-10-08,62.31071090698242
2013-10-09,62.79867172241211
2013-10-10,64.10408782958984
2013-10-11,65.14962768554688
2013-10-14,65.11795043945312
2013-10-15,64.04068756103516
2013-10-16,65.19403076171875
2013-10-17,65.96078491210938
2013-10-18,66.4170150756836
2013-10-21,66.55010223388672
2013-10-22,66.81629943847656
2013-10-23,67.53234100341797
2013-10-24,67.17745971679688
2013-10-25,66.88594055175781
2013-10-28,67.3929214477539
2013-10-29,67.48798370361328
2013-10-30,66.94934844970703
2013-10-31,66.61981201171875
2013-11-01,66.64518737792969
2013-11-04,67.5260009765625
2013-11-05,67.81117248535156
2013-11-06,67.84282684326172
2013-11-07,67.36122131347656
2013-11-08,68.2547378540039
2013-11-11,68.4384994506836
2013-11-12,69.02151489257812
2013-11-13,68.45750427246094
2013-11-14,68.85675048828125
2013-11-15,69.14824676513672
2013-11-18,68.51453399658203
2013-11-19,68.71731567382812
2013-11-20,68.86943054199219
2013-11-21,69.1735610961914
2013-11-22,69.14190673828125
2013-11-25,69.22430419921875
2013-11-26,69.00248718261719
2013-11-27,69.03416442871094
2013-11-29,68.81238555908203
2013-12-02,68.51453399658203
2013-12-03,68.69831848144531
2013-12-04,68.06465148925781
2013-12-05,67.80484771728516
2013-12-06,69.01181030273438
2013-12-09,69.17742156982422
2013-12-10,68.35576629638672
2013-12-11,67.28572082519531
2013-12-12,66.87809753417969
2013-12-13,67.16468811035156
2013-12-16,67.43858337402344
2013-12-17,67.35578155517578
2013-12-18,69.1391830444336
2013-12-19,68.8016357421875
2013-12-20,69.3493881225586
2013-12-23,69.69970703125
2013-12-24,69.85894775390625
2013-12-26,70.12645721435547
2013-12-27,70.28567504882812
2013-12-30,70.44489288330078
2013-12-31,70.37484741210938
2014-01-02,69.51497650146484
2014-01-03,69.66150665283203
2014-01-06,69.71243286132812
2014-01-07,70.71879577636719
2014-01-08,70.75064086914062
2014-01-09,71.4321517944336
2014-01-10,71.68058013916016
2014-01-13,70.73787689208984
2014-01-14,71.14555358886719
2014-01-15,71.22195434570312
2014-01-16,71.33024597167969
2014-01-17,70.89710235595703
2014-01-21,70.98633575439453
2014-01-22,71.05638885498047
2014-01-23,70.31752014160156
2014-01-24,68.62966918945312
2014-01-27,68.08826446533203
2014-01-28,68.9226303100586
2014-01-29,68.62327575683594
2014-01-30,68.7761459350586
2014-01-31,68.86529541015625
2014-02-03,67.13287353515625
2014-02-04,67.5213851928711
2014-02-05,68.31118774414062
2014-02-06,68.26025390625
2014-02-07,70.13919067382812
2014-02-10,70.66146850585938
2014-02-11,71.96715545654297
2014-02-12,72.1709976196289
2014-02-13,72.82706451416016
2014-02-14,72.86524963378906
2014-02-18,73.48310852050781
2014-02-19,72.60409545898438
2014-02-20,73.5786361694336
2014-02-21,73.23465728759766
2014-02-24,73.24740600585938
2014-02-25,72.94807434082031
2014-02-26,73.1773681640625
2014-02-27,73.3111343383789
2014-02-28,73.38755798339844
2014-03-03,73.2092056274414
2014-03-04,74.33018493652344
2014-03-05,74.0627212524414
2014-03-06,73.6947021484375
2014-03-07,73.95710754394531
2014-03-10,73.98269653320312
2014-03-11,73.80990600585938
2014-03-12,73.89311981201172
2014-03-13,73.71392822265625
2014-03-14,73.81631469726562
2014-03-17,73.98910522460938
2014-03-18,74.75062561035156
2014-03-19,74.01470947265625
2014-03-20,74.01470947265625
2014-03-21,73.31718444824219
2014-03-24,72.67084503173828
2014-03-25,73.15079498291016
2014-03-26,73.29156494140625
2014-03-27,73.68193817138672
2014-03-28,73.93791961669922
2014-03-31,74.92340850830078
2014-04-01,75.03858184814453
2014-04-02,74.9745864868164
2014-04-03,75.13459014892578
2014-04-04,74.44985961914062
2014-04-07,73.87389373779297
2014-04-08,72.79241943359375
2014-04-09,73.89949798583984
2014-04-10,72.08210754394531
2014-04-11,71.1478042602539
2014-04-14,72.13968658447266
2014-04-15,72.798828125
2014-04-16,72.26769256591797
2014-04-17,72.41486358642578
2014-04-21,73.03559875488281
2014-04-22,73.07398223876953
2014-04-23,72.76043701171875
2014-04-24,72.97799682617188
2014-04-25,72.03092193603516
2014-04-28,72.19087982177734
2014-04-29,71.78770446777344
2014-04-30,72.33168029785156
2014-05-01,71.41016387939453
2014-05-02,72.05648040771484
2014-05-05,72.62606048583984
2014-05-06,73.16999816894531
2014-05-07,73.80990600585938
2014-05-08,74.55225372314453
2014-05-09,75.1090087890625
2014-05-12,75.51214599609375
2014-05-13,75.25616455078125
2014-05-14,75.00659942626953
2014-05-15,74.09149932861328
2014-05-16,74.45624542236328
2014-05-19,74.30268096923828
2014-05-20,73.8419189453125
2014-05-21,74.2322769165039
2014-05-22,73.93791961669922
2014-05-23,74.040283203125
2014-05-27,74.59062194824219
2014-05-28,74.83383178710938
2014-05-29,74.8722152709961
2014-05-30,75.32018280029297
2014-06-02,75.54413604736328
2014-06-03,75.6849365234375
2014-06-04,76.2928695678711
2014-06-05,76.35393524169922
2014-06-06,76.6689453125
2014-06-09,77.35681915283203
2014-06-10,76.79109954833984
2014-06-11,76.54036712646484
2014-06-12,75.98751068115234
2014-06-13,75.62748718261719
2014-06-16,76.00035858154297
2014-06-17,75.68535614013672
2014-06-18,76.16749572753906
2014-06-19,76.05180358886719
2014-06-20,76.15463256835938
2014-06-23,76.17393493652344
2014-06-24,75.79466247558594
2014-06-25,76.65608215332031
2014-06-26,76.93251037597656
2014-06-27,76.88752746582031
2014-06-30,76.05180358886719
2014-07-01,77.00322723388672
2014-07-02,77.06111145019531
2014-07-03,77.22179412841797
2014-07-07,77.27969360351562
2014-07-08,77.00322723388672
2014-07-09,76.80393981933594
2014-07-10,76.41820526123047
2014-07-11,76.73321533203125
2014-07-14,76.81037902832031
2014-07-15,76.52107238769531
2014-07-16,76.52107238769531
2014-07-17,75.60177612304688
2014-07-18,76.2510757446289
2014-07-21,75.75606536865234
2014-07-22,76.0132064819336
2014-07-23,76.2510757446289
2014-07-24,76.17393493652344
2014-07-25,76.09679412841797
2014-07-28,76.38607025146484
2014-07-29,76.41181182861328
2014-07-30,76.74610900878906
2014-07-31,74.72746276855469
2014-08-01,74.62460327148438
2014-08-04,75.138916015625
2014-08-05,74.46388244628906
2014-08-06,74.45745086669922
2014-08-07,73.78887939453125
2014-08-08,74.79820251464844
2014-08-11,74.97175598144531
2014-08-12,75.06818389892578
2014-08-13,75.6917724609375
2014-08-14,75.89749908447266
2014-08-15,75.3896484375
2014-08-18,75.79466247558594
2014-08-19,76.00035858154297
2014-08-20,75.62748718261719
2014-08-21,75.55675506591797
2014-08-22,75.19673919677734
2014-08-25,75.51177215576172
2014-08-26,75.68535614013672
2014-08-27,75.11317443847656
2014-08-28,74.88175201416016
2014-08-29,75.32534790039062
2014-09-02,75.11963653564453
2014-09-03,75.26104736328125
2014-09-04,74.84317779541016
2014-09-05,75.06603240966797
2014-09-08,74.36841583251953
2014-09-09,74.63327026367188
2014-09-10,74.29741668701172
2014-09-11,74.4007568359375
2014-09-12,73.4448013305664
2014-09-15,73.67088317871094
2014-09-16,73.81945037841797
2014-09-17,73.96798706054688
2014-09-18,74.28449249267578
2014-09-19,73.43836212158203
2014-09-22,72.82476806640625
2014-09-23,72.74727630615234
2014-09-24,73.45127868652344
2014-09-25,73.48356628417969
2014-09-26,73.70964050292969
2014-09-29,73.85820007324219
2014-09-30,73.5094223022461
2014-10-01,73.3737564086914
2014-10-02,73.70964050292969
2014-10-03,74.82058715820312
2014-10-06,80.72407531738281
2014-10-07,82.67469024658203
2014-10-08,83.90190887451172
2014-10-09,82.63589477539062
2014-10-10,82.59070587158203
2014-10-13,81.27310180664062
2014-10-14,80.78218841552734
2014-10-15,80.43342590332031
2014-10-16,78.01133728027344
2014-10-17,78.62491607666016
2014-10-20,79.2256088256836
2014-10-21,79.64542388916016
2014-10-22,79.91023254394531
2014-10-23,80.73699188232422
2014-10-24,81.20851135253906
2014-10-27,81.25370025634766
2014-10-28,81.7187728881836
2014-10-29,81.88020324707031
2014-10-30,82.36466217041016
2014-10-31,83.12680053710938
2014-11-03,82.30006408691406
2014-11-04,81.60247802734375
2014-11-05,82.17086029052734
2014-11-06,82.62946319580078
2014-11-07,81.0857925415039
2014-11-10,82.8684310913086
2014-11-11,83.16556549072266
2014-11-12,83.54663848876953
2014-11-13,83.52079772949219
2014-11-14,83.44976043701172
2014-11-17,83.66935729980469
2014-11-18,84.57359313964844
2014-11-19,84.03752899169922
2014-11-20,84.22482299804688
2014-11-21,84.21194458007812
2014-11-24,84.68341064453125
2014-11-25,87.02156066894531
2014-11-26,91.23925018310547
2014-11-28,90.63856506347656
2014-12-01,91.16822052001953
2014-12-02,91.08424377441406
2014-12-03,90.66441345214844
2014-12-04,90.86463165283203
2014-12-05,89.87641143798828
2014-12-08,90.6742935180664
2014-12-09,90.46025085449219
2014-12-10,88.64389038085938
2014-12-11,89.53262329101562
2014-12-12,88.86445617675781
2014-12-15,88.06005859375
2014-12-16,86.95081329345703
2014-12-17,88.74120330810547
2014-12-18,91.09598541259766
2014-12-19,90.6937484741211
2014-12-22,90.8170394897461
2014-12-23,89.81806182861328
2014-12-24,90.75214385986328
2014-12-26,90.38887023925781
2014-12-29,90.56403350830078
2014-12-30,90.77161407470703
2014-12-31,90.27212524414062
2015-01-02,90.7261962890625
2015-01-05,91.28409576416016
2015-01-06,91.10892486572266
2015-01-07,93.24313354492188
2015-01-08,94.94270324707031
2015-01-09,93.82046508789062
2015-01-12,93.12638092041016
2015-01-13,91.93277740478516
2015-01-14,91.34247589111328
2015-01-15,91.25167083740234
2015-01-16,91.06353759765625
2015-01-20,90.99866485595703
2015-01-21,92.665771484375
2015-01-22,94.17078399658203
2015-01-23,93.02256774902344
2015-01-26,93.08094787597656
2015-01-27,92.2571029663086
2015-01-28,91.34891510009766
2015-01-29,91.01811981201172
2015-01-30,89.57154083251953
2015-02-02,90.50565338134766
2015-02-03,91.61491394042969
2015-02-04,90.76512145996094
2015-02-05,94.24861145019531
2015-02-06,92.97067260742188
2015-02-09,91.43329620361328
2015-02-10,91.99114990234375
2015-02-11,92.00411987304688
2015-02-12,92.7566146850586
2015-02-13,93.22366333007812
2015-02-17,93.2950439453125
2015-02-18,93.34043884277344
2015-02-19,93.01605987548828
2015-02-20,94.39131164550781
2015-02-23,95.28002166748047
2015-02-24,96.46063232421875
2015-02-25,96.0779037475586
2015-02-26,96.35687255859375
2015-02-27,95.17623901367188
2015-03-02,96.03250122070312
2015-03-03,94.87783813476562
2015-03-04,96.24008178710938
2015-03-05,96.97960662841797
2015-03-06,94.36135864257812
2015-03-09,94.57628631591797
2015-03-10,92.7396011352539
2015-03-11,91.82776641845703
2015-03-12,93.16294860839844
2015-03-13,92.38789367675781
2015-03-16,92.67446899414062
2015-03-17,92.19249725341797
2015-03-18,94.1203842163086
2015-03-19,94.3938980102539
2015-03-20,94.25714111328125
2015-03-23,94.7651596069336
2015-03-24,93.91845703125
2015-03-25,92.88288879394531
2015-03-26,93.27366638183594
2015-03-27,94.1724624633789
2015-03-30,94.85636138916016
2015-03-31,93.52114868164062
2015-04-01,92.45301055908203
2015-04-02,91.98408508300781
2015-04-06,92.13387298583984
2015-04-07,91.64540100097656
2015-04-08,92.06873321533203
2015-04-09,92.8177719116211
2015-04-10,93.27366638183594
2015-04-13,92.77869415283203
2015-04-14,92.03617095947266
2015-04-15,91.71053314208984
2015-04-16,92.7396011352539
2015-04-17,92.17945098876953
2015-04-20,93.93148803710938
2015-04-21,94.81074523925781
2015-04-22,94.00312805175781
2015-04-23,94.01615142822266
2015-04-24,94.00312805175781
2015-04-27,92.51163482666016
2015-04-28,93.3127670288086
2015-04-29,92.6028060913086
2015-04-30,91.7496109008789
2015-05-01,92.60932922363281
2015-05-04,93.74913024902344
2015-05-05,92.48558807373047
2015-05-06,91.88639068603516
2015-05-07,93.00662994384766
2015-05-08,92.49209594726562
2015-05-11,92.21204376220703
2015-05-12,90.63587951660156
2015-05-13,90.44049835205078
2015-05-14,91.8603744506836
2015-05-15,92.14689636230469
2015-05-18,92.23157501220703
2015-05-19,92.10784912109375
2015-05-20,92.08180236816406
2015-05-21,92.75261688232422
2015-05-22,92.44649505615234
2015-05-26,91.3653335571289
2015-05-27,92.19249725341797
2015-05-28,92.11434936523438
2015-05-29,91.51517486572266
2015-06-01,91.7170639038086
2015-06-02,91.51517486572266
2015-06-03,91.56073760986328
2015-06-04,91.30671691894531
2015-06-05,91.59452056884766
2015-06-08,91.29365539550781
2015-06-09,90.2209243774414
2015-06-10,91.60758209228516
2015-06-11,92.13741302490234
2015-06-12,91.31327056884766
2015-06-15,90.64608001708984
2015-06-16,91.07780456542969
2015-06-17,91.41790771484375
2015-06-18,92.104736328125
2015-06-19,92.77194213867188
2015-06-22,93.51761627197266
2015-06-23,93.6484146118164
2015-06-24,92.68689727783203
2015-06-25,92.8242416381836
2015-06-26,92.9092788696289
2015-06-29,92.73921966552734
2015-06-30,92.6541976928711
2015-07-01,93.68111419677734
2015-07-02,93.65496826171875
2015-07-06,93.30828094482422
2015-07-07,93.6942138671875
2015-07-08,92.3205795288086
2015-07-09,92.77194213867188
2015-07-10,94.36793518066406
2015-07-13,95.46683502197266
2015-07-14,96.3041000366211
2015-07-15,95.99014282226562
2015-07-16,96.80772399902344
2015-07-17,96.84043884277344
2015-07-20,96.91241455078125
2015-07-21,96.48725128173828
2015-07-22,96.81426239013672
2015-07-23,96.91893768310547
2015-07-24,96.34988403320312
2015-07-27,95.71538543701172
2015-07-28,98.03748321533203
2015-07-29,99.41764068603516
2015-07-30,99.4241714477539
2015-07-31,99.52227783203125
2015-08-03,99.7054443359375
2015-08-04,99.65313720703125
2015-08-05,100.64080047607422
2015-08-06,98.24027252197266
2015-08-07,97.40956115722656
2015-08-10,98.31219482421875
2015-08-11,97.2002182006836
2015-08-12,96.76197814941406
2015-08-13,96.5461196899414
2015-08-14,96.9843521118164
2015-08-17,97.2002182006836
2015-08-18,96.20599365234375
2015-08-19,95.83316802978516
2015-08-20,93.9166030883789
2015-08-21,92.8307876586914
2015-08-24,90.39752960205078
2015-08-25,90.01814270019531
2015-08-26,91.53567504882812
2015-08-27,93.50450897216797
2015-08-28,93.42604064941406
2015-08-31,92.24212646484375
2015-09-01,88.23240661621094
2015-09-02,89.4294662475586
2015-09-03,89.30516052246094
2015-09-04,88.24739074707031
2015-09-08,90.67826843261719
2015-09-09,89.28543853759766
2015-09-10,88.82554626464844
2015-09-11,89.33802795410156
2015-09-14,89.52198791503906
2015-09-15,90.12641143798828
2015-09-16,91.23673248291016
2015-09-17,91.84771728515625
2015-09-18,90.88195037841797
2015-09-21,91.39437866210938
2015-09-22,90.83597564697266
2015-09-23,91.50605773925781
2015-09-24,91.21698760986328
2015-09-25,89.44969177246094
2015-09-28,85.67198181152344
2015-09-29,85.99388885498047
2015-09-30,87.15677642822266
2015-10-01,86.84803009033203
2015-10-02,88.9372329711914
2015-10-05,90.00157165527344
2015-10-06,88.42477416992188
2015-10-07,90.16580963134766
2015-10-08,90.08697509765625
2015-10-09,90.50745391845703
2015-10-12,90.96736907958984
2015-10-13,89.94902038574219
2015-10-14,89.1934814453125
2015-10-15,90.05412292480469
2015-10-16,91.6900634765625
2015-10-19,91.94625854492188
2015-10-20,91.8214340209961
2015-10-21,91.8214340209961
2015-10-22,90.96078491210938
2015-10-23,92.1236572265625
2015-10-26,91.9134292602539
2015-10-27,92.47187805175781
2015-10-28,93.27340698242188
2015-10-29,94.10118865966797
2015-10-30,93.6347427368164
2015-11-02,95.13925170898438
2015-11-03,96.33502197265625
2015-11-04,99.212646484375
2015-11-05,100.0207290649414
2015-11-06,100.19154357910156
2015-11-09,100.13243865966797
2015-11-10,99.935302734375
2015-11-11,99.83674621582031
2015-11-12,97.517578125
2015-11-13,97.68183898925781
2015-11-16,99.06808471679688
2015-11-17,99.17977905273438
2015-11-18,99.56083679199219
2015-11-19,98.52278137207031
2015-11-20,99.35057067871094
2015-11-23,99.15347290039062
2015-11-24,98.910400390625
2015-11-25,98.62789154052734
2015-11-27,99.39656829833984
2015-11-30,98.71330261230469
2015-12-01,100.30323028564453
2015-12-02,99.718505859375
2015-12-03,98.50305938720703
2015-12-04,101.70921325683594
2015-12-07,100.9273681640625
2015-12-08,102.07546997070312
2015-12-09,100.86798858642578
2015-12-10,101.84452056884766
2015-12-11,100.08279418945312
2015-12-14,101.07913208007812
2015-12-15,101.14510345458984
2015-12-16,102.86065673828125
2015-12-17,102.87385559082031
2015-12-18,101.0329360961914
2015-12-21,101.34310150146484
2015-12-22,101.85772705078125
2015-12-23,102.84747314453125
2015-12-24,102.87385559082031
2015-12-28,102.517578125
2015-12-29,103.28297424316406
2015-12-30,102.5571517944336
2015-12-31,101.6729736328125
2016-01-04,97.62163543701172
2016-01-05,97.93177032470703
2016-01-06,96.9551773071289
2016-01-07,95.36504364013672
2016-01-08,93.93318939208984
2016-01-11,93.13479614257812
2016-01-12,93.99260711669922
2016-01-13,93.28656005859375
2016-01-14,95.94564819335938
2016-01-15,93.97940063476562
2016-01-19,94.02555847167969
2016-01-20,92.94343566894531
2016-01-21,93.46471405029297
2016-01-22,95.51679229736328
2016-01-25,95.60916137695312
2016-01-26,96.01166534423828
2016-01-27,96.3613510131836
2016-01-28,93.8803939819336
2016-01-29,95.9192886352539
2016-02-01,96.3481674194336
2016-02-02,95.7081298828125
2016-02-03,93.08861541748047
2016-02-04,90.99695587158203
2016-02-05,89.2418212890625
2016-02-08,87.67800903320312
2016-02-09,88.64134216308594
2016-02-10,89.82907104492188
2016-02-11,89.29459381103516
2016-02-12,92.25064849853516
2016-02-16,93.77484130859375
2016-02-17,95.08787536621094
2016-02-18,94.47425842285156
2016-02-19,95.60916137695312
2016-02-22,96.12384033203125
2016-02-23,96.63850402832031
2016-02-24,97.30490112304688
2016-02-25,98.09671020507812
2016-02-26,98.73676300048828
2016-02-29,97.29170227050781
2016-03-01,99.05345916748047
2016-03-02,99.4493637084961
2016-03-03,98.64437103271484
2016-03-04,98.41344451904297
2016-03-07,98.10330200195312
2016-03-08,97.55321502685547
2016-03-09,97.50019836425781
2016-03-10,98.42806243896484
2016-03-11,99.2697982788086
2016-03-14,99.91930389404297
2016-03-15,98.94503021240234
2016-03-16,99.2697982788086
2016-03-17,97.89784240722656
2016-03-18,99.57465362548828
2016-03-21,98.86548614501953
2016-03-22,99.11734008789062
2016-03-23,98.9118881225586
2016-03-24,98.83898162841797
2016-03-28,98.77269744873047
2016-03-29,100.42298889160156
2016-03-30,101.0990219116211
2016-03-31,100.62184143066406
2016-04-01,101.7286605834961
2016-04-04,102.67642211914062
2016-04-05,101.31111145019531
2016-04-06,103.00782775878906
2016-04-07,102.74933624267578
2016-04-08,102.49083709716797
2016-04-11,102.00701904296875
2016-04-12,104.4990463256836
2016-04-13,105.36727142333984
2016-04-14,104.8436508178711
2016-04-15,105.47996520996094
2016-04-18,105.69865417480469
2016-04-19,104.71116638183594
2016-04-20,105.19495391845703
2016-04-21,105.20159912109375
2016-04-22,105.96376037597656
2016-04-25,106.21562957763672
2016-04-26,105.74504089355469
2016-04-27,107.00431823730469
2016-04-28,107.32244110107422
2016-04-29,106.87837982177734
2016-05-02,106.63977813720703
2016-05-03,106.32831573486328
2016-05-04,107.10374450683594
2016-05-05,109.4963150024414
2016-05-06,109.25111389160156
2016-05-09,110.00666046142578
2016-05-10,111.10687255859375
2016-05-11,110.71583557128906
2016-05-12,110.78211975097656
2016-05-13,110.21212768554688
2016-05-16,111.72325134277344
2016-05-17,109.64214324951172
2016-05-18,109.6553955078125
2016-05-19,108.65460968017578
2016-05-20,109.35716247558594
2016-05-23,108.79380798339844
2016-05-24,110.06629943847656
2016-05-25,110.68269348144531
2016-05-26,110.80860900878906
2016-05-27,110.67607116699219
2016-05-31,110.31816101074219
2016-06-01,110.709228515625
2016-06-02,111.8425521850586
2016-06-03,112.16068267822266
2016-06-06,112.65776062011719
2016-06-07,112.1920166015625
2016-06-08,113.20332336425781
2016-06-09,113.26322174072266
2016-06-10,112.63780975341797
2016-06-13,112.0123519897461
2016-06-14,112.45149993896484
2016-06-15,110.9544448852539
2016-06-16,111.31373596191406
2016-06-17,110.30905151367188
2016-06-20,111.79944610595703
2016-06-21,113.12350463867188
2016-06-22,113.0902328491211
2016-06-23,114.56732177734375
2016-06-24,110.9211654663086
2016-06-27,108.45938873291016
2016-06-28,109.17131805419922
2016-06-29,111.8926010131836
2016-06-30,112.83739471435547
2016-07-01,112.87066650390625
2016-07-05,113.91527557373047
2016-07-06,114.48748016357422
2016-07-07,115.21936798095703
2016-07-08,116.86280822753906
2016-07-11,117.33515930175781
2016-07-12,116.90270233154297
2016-07-13,117.06240844726562
2016-07-14,117.45497131347656
2016-07-15,116.49020385742188
2016-07-18,116.0377426147461
2016-07-19,116.11759185791016
2016-07-20,116.95596313476562
2016-07-21,116.34379577636719
2016-07-22,115.5520248413086
2016-07-25,114.95987701416016
2016-07-26,116.4569320678711
2016-07-27,116.1242446899414
2016-07-28,117.07571411132812
2016-07-29,117.10233306884766
2016-08-01,117.62135314941406
2016-08-02,117.388427734375
2016-08-03,116.95596313476562
2016-08-04,114.128173828125
2016-08-05,115.5919418334961
2016-08-08,115.45223999023438
2016-08-09,115.87142944335938
2016-08-10,116.41698455810547
2016-08-11,117.57470703125
2016-08-12,115.75831604003906
2016-08-15,115.91131591796875
2016-08-16,114.95987701416016
2016-08-17,115.17948913574219
2016-08-18,115.5719985961914
2016-08-19,115.67180633544922
2016-08-22,116.07765197753906
2016-08-23,116.37709045410156
2016-08-24,115.2726058959961
2016-08-25,115.86474609375
2016-08-26,116.74967956542969
2016-08-29,117.93401336669922
2016-08-30,118.25338745117188
2016-08-31,117.90740203857422
2016-09-01,117.78093719482422
2016-09-02,117.98057556152344
2016-09-06,118.35318756103516
2016-09-07,118.71379852294922
2016-09-08,117.97250366210938
2016-09-09,114.19927215576172
2016-09-12,115.72862243652344
2016-09-13,114.26605224609375
2016-09-14,115.4013442993164
2016-09-15,117.55181884765625
2016-09-16,117.00418090820312
2016-09-19,117.31136322021484
2016-09-20,117.4649658203125
2016-09-21,119.79572296142578
2016-09-22,121.24488830566406
2016-09-23,119.87580108642578
2016-09-26,118.21292877197266
2016-09-27,119.5218734741211
2016-09-28,119.65548706054688
2016-09-29,117.83226776123047
2016-09-30,120.0294418334961
2016-10-03,119.14788818359375
2016-10-04,117.59185791015625
2016-10-05,117.97250366210938
2016-10-06,118.27972412109375
2016-10-07,118.4733657836914
2016-10-10,119.66883087158203
2016-10-11,116.18275451660156
2016-10-12,115.84883117675781
2016-10-13,115.44144439697266
2016-10-14,114.82034301757812
2016-10-17,114.55989837646484
2016-10-18,115.39469909667969
2016-10-19,115.0140609741211
2016-10-20,115.5549545288086
2016-10-21,115.08080291748047
2016-10-24,114.97394561767578
2016-10-25,114.18589782714844
2016-10-26,111.89524841308594
2016-10-27,111.69488525390625
2016-10-28,112.05554962158203
2016-10-31,112.13567352294922
2016-11-01,111.1072006225586
2016-11-02,111.44112396240234
2016-11-03,115.65514373779297
2016-11-04,116.86389923095703
2016-11-07,118.8006362915039
2016-11-08,119.34825134277344
2016-11-09,116.74368286132812
2016-11-10,117.2779769897461
2016-11-11,113.77183532714844
2016-11-14,108.7230453491211
2016-11-15,111.38103485107422
2016-11-16,113.0372543334961
2016-11-17,115.81541442871094
2016-11-18,114.77360534667969
2016-11-21,114.91384887695312
2016-11-22,111.97537994384766
2016-11-23,112.51632690429688
2016-11-25,113.99222564697266
2016-11-28,113.73848724365234
2016-11-29,115.3546142578125
2016-11-30,112.93036651611328
2016-12-01,109.93851470947266
2016-12-02,110.5462417602539
2016-12-05,109.79824829101562
2016-12-06,110.02532958984375
2016-12-07,110.00518798828125
2016-12-08,109.77040100097656
2016-12-09,111.69563293457031
2016-12-12,113.6342544555664
2016-12-13,112.7756118774414
2016-12-14,112.52739715576172
2016-12-15,113.49339294433594
2016-12-16,112.52739715576172
2016-12-19,111.84992218017578
2016-12-20,111.45413970947266
2016-12-21,111.3333740234375
2016-12-22,111.29317474365234
2016-12-23,111.67548370361328
2016-12-27,112.06456756591797
2016-12-28,111.26634979248047
2016-12-29,111.45413970947266
2016-12-30,111.05164337158203
2017-01-03,110.78333282470703
2017-01-04,110.64244842529297
2017-01-05,110.54856872558594
2017-01-06,112.6213150024414
2017-01-09,113.27870178222656
2017-01-10,114.66728210449219
2017-01-11,116.52540588378906
2017-01-12,116.37784576416016
2017-01-13,116.28390502929688
2017-01-17,116.33090209960938
2017-01-18,116.70654296875
2017-01-19,116.39795684814453
2017-01-20,115.57286071777344
2017-01-23,114.62703704833984
2017-01-24,114.2781982421875
2017-01-25,115.0898666381836
2017-01-26,114.76789855957031
2017-01-27,117.57855987548828
2017-01-30,117.2699966430664
2017-01-31,118.92684936523438
2017-02-01,120.05381774902344
2017-02-02,119.383056640625
2017-02-03,120.32215881347656
2017-02-06,119.6446533203125
2017-02-07,119.94650268554688
2017-02-08,119.44339752197266
2017-02-09,119.27574157714844
2017-02-10,119.42324829101562
2017-02-13,119.77208709716797
2017-02-14,119.91966247558594
2017-02-15,120.80513763427734
2017-02-16,121.16068267822266
2017-02-17,121.3485107421875
2017-02-21,122.09979248046875
2017-02-22,122.05284881591797
2017-02-23,122.28758239746094
2017-02-24,123.03892517089844
2017-02-27,122.63641357421875
2017-02-28,122.79071807861328
2017-03-01,124.32687377929688
2017-03-02,123.91768646240234
2017-03-03,123.89080047607422
2017-03-06,123.75665283203125
2017-03-07,123.38775634765625
2017-03-08,123.96017456054688
2017-03-09,124.64045715332031
2017-03-10,124.80204772949219
2017-03-13,124.5259017944336
2017-03-14,123.23283386230469
2017-03-15,124.28349304199219
2017-03-16,122.1485595703125
2017-03-17,123.77836608886719
2017-03-20,122.99710845947266
2017-03-21,122.1148681640625
2017-03-22,123.00387573242188
2017-03-23,123.72450256347656
2017-03-24,123.83223724365234
2017-03-27,123.7581558227539
2017-03-28,123.86589813232422
2017-03-29,123.83223724365234
2017-03-30,123.72450256347656
2017-03-31,123.54264068603516
2017-04-03,124.10838317871094
2017-04-04,123.29341888427734
2017-04-05,123.45509338378906
2017-04-06,123.51568603515625
2017-04-07,123.99383544921875
2017-04-10,123.94673156738281
2017-04-11,123.7715835571289
2017-04-12,123.39447784423828
2017-04-13,122.97018432617188
2017-04-17,123.89282989501953
2017-04-18,123.5022201538086
2017-04-19,124.02755737304688
2017-04-20,125.30042266845703
2017-04-21,124.7885513305664
2017-04-24,119.25261688232422
2017-04-25,120.59954071044922
2017-04-26,121.09791564941406
2017-04-27,122.94325256347656
2017-04-28,125.92001342773438
2017-05-01,125.522705078125
2017-05-02,124.7818374633789
2017-05-03,123.7581558227539
2017-05-04,124.49897766113281
2017-05-05,124.86267852783203
2017-05-08,122.99041748046875
2017-05-09,121.67034912109375
2017-05-10,121.0642318725586
2017-05-11,124.49897766113281
2017-05-12,124.3372802734375
2017-05-15,124.68081665039062
2017-05-16,123.07792663574219
2017-05-17,122.22264099121094
2017-05-18,122.983642578125
2017-05-19,124.0073471069336
2017-05-22,124.43836975097656
2017-05-23,125.68429565429688
2017-05-24,125.94023895263672
2017-05-25,125.78530883789062
2017-05-26,125.59001922607422
2017-05-30,126.66085815429688
2017-05-31,127.44210052490234
2017-06-01,129.86660766601562
2017-06-02,130.02149963378906
2017-06-05,130.0282440185547
2017-06-06,129.24029541015625
2017-06-07,130.2002410888672
2017-06-08,129.68643188476562
2017-06-09,129.80142211914062
2017-06-12,129.12535095214844
2017-06-13,130.04476928710938
2017-06-14,130.1529541015625
2017-06-15,129.6999969482422
2017-06-16,129.32139587402344
2017-06-19,130.8019561767578
2017-06-20,131.4644775390625
2017-06-21,130.80870056152344
2017-06-22,131.8701171875
2017-06-23,131.93096923828125
2017-06-26,131.64022827148438
2017-06-27,131.82275390625
2017-06-28,131.76869201660156
2017-06-29,130.6329345703125
2017-06-30,131.9038848876953
2017-07-03,131.57936096191406
2017-07-05,133.16807556152344
2017-07-06,132.05935668945312
2017-07-07,133.71572875976562
2017-07-10,133.51963806152344
2017-07-11,132.76246643066406
2017-07-12,133.95909118652344
2017-07-13,133.78330993652344
2017-07-14,135.62890625
2017-07-17,135.2030487060547
2017-07-18,135.89254760742188
2017-07-19,136.57534790039062
2017-07-20,137.46099853515625
2017-07-21,138.7928924560547
2017-07-24,139.01593017578125
2017-07-25,138.09649658203125
2017-07-26,137.04861450195312
2017-07-27,136.33877563476562
2017-07-28,136.54835510253906
2017-07-31,136.15621948242188
2017-08-01,136.0210418701172
2017-08-02,135.8385009765625
2017-08-03,134.4661102294922
2017-08-04,133.21542358398438
2017-08-07,133.74951171875
2017-08-08,132.9314727783203
2017-08-09,133.74951171875
2017-08-10,134.00637817382812
2017-08-11,135.45315551757812
2017-08-14,136.4063720703125
2017-08-15,136.21034240722656
2017-08-16,136.14947509765625
2017-08-17,134.74330139160156
2017-08-18,133.64813232421875
2017-08-21,134.64865112304688
2017-08-22,135.45315551757812
2017-08-23,133.57373046875
2017-08-24,133.76307678222656
2017-08-25,134.24305725097656
2017-08-28,134.5675048828125
2017-08-29,134.4661102294922
2017-08-30,133.79005432128906
2017-08-31,134.83120727539062
2017-09-01,134.6351318359375
2017-09-05,135.25711059570312
2017-09-06,134.68923950195312
2017-09-07,135.41525268554688
2017-09-08,138.21762084960938
2017-09-11,138.33291625976562
2017-09-12,137.1998291015625
2017-09-13,133.4136199951172
2017-09-14,134.07858276367188
2017-09-15,132.54501342773438
2017-09-18,132.72828674316406
2017-09-19,130.957275390625
2017-09-20,131.63580322265625
2017-09-21,129.98020935058594
2017-09-22,130.99798583984375
2017-09-25,131.09300231933594
2017-09-26,131.85293579101562
2017-09-27,131.66976928710938
2017-09-28,131.3643798828125
2017-09-29,132.95896911621094
2017-10-02,133.1896514892578
2017-10-03,131.45265197753906
2017-10-04,132.3143768310547
2017-10-05,133.84107971191406
2017-10-06,134.4042510986328
2017-10-09,133.76646423339844
2017-10-10,133.1896514892578
2017-10-11,134.0174560546875
2017-10-12,134.91310119628906
2017-10-13,136.6773223876953
2017-10-16,136.26341247558594
2017-10-17,137.79010009765625
2017-10-18,140.94528198242188
2017-10-19,142.05809020996094
2017-10-20,143.73406982421875
2017-10-23,143.19126892089844
2017-10-24,143.1505584716797
2017-10-25,142.75698852539062
2017-10-26,142.3837890625
2017-10-27,142.56021118164062
2017-10-30,141.57632446289062
2017-10-31,141.58993530273438
2017-11-01,141.176025390625
2017-11-02,152.00547790527344
2017-11-03,152.2700653076172
2017-11-06,150.77052307128906
2017-11-07,150.13946533203125
2017-11-08,150.24807739257812
2017-11-09,152.3175506591797
2017-11-10,148.7552490234375
2017-11-13,149.27772521972656
2017-11-14,149.58985900878906
2017-11-15,148.66705322265625
2017-11-16,150.30911254882812
2017-11-17,149.48805236816406
2017-11-20,150.2955322265625
2017-11-21,153.91213989257812
2017-11-22,152.14791870117188
2017-11-24,153.53892517089844
2017-11-27,152.94178771972656
2017-11-28,154.12928771972656
2017-11-29,153.94602966308594
2017-11-30,154.84848022460938
2017-12-01,153.57286071777344
2017-12-04,148.54489135742188
2017-12-05,148.64669799804688
2017-12-06,148.54489135742188
2017-12-07,148.2997589111328
2017-12-08,149.5730438232422
2017-12-11,148.6401824951172
2017-12-12,149.10321044921875
2017-12-13,149.06922912597656
2017-12-14,148.9534454345703
2017-12-15,150.7849884033203
2017-12-18,150.96881103515625
2017-12-19,150.69644165039062
2017-12-20,149.10321044921875
2017-12-21,148.27935791015625
2017-12-22,147.90489196777344
2017-12-26,147.76190185546875
2017-12-27,147.96615600585938
2017-12-28,145.92356872558594
2017-12-29,145.74652099609375
2018-01-02,148.3202362060547
2018-01-03,149.78408813476562
2018-01-04,150.4649658203125
2018-01-05,151.2070770263672
2018-01-08,150.74407958984375
2018-01-09,154.1620635986328
2018-01-10,152.89564514160156
2018-01-11,153.75355529785156
2018-01-12,155.04034423828125
2018-01-16,155.60549926757812
2018-01-17,157.5323944091797
2018-01-18,158.04296875
2018-01-19,159.6702880859375
2018-01-22,161.1681671142578
2018-01-23,159.8064727783203
2018-01-24,162.48228454589844
2018-01-25,165.00823974609375
2018-01-26,167.68408203125
2018-01-29,166.76490783691406
2018-01-30,165.79129028320312
2018-01-31,165.4099884033203
2018-02-01,164.4431915283203
2018-02-02,161.44052124023438
2018-02-05,153.0726776123047
2018-02-06,154.9110565185547
2018-02-07,151.09814453125
2018-02-08,143.96273803710938
2018-02-09,147.84365844726562
2018-02-12,149.03514099121094
2018-02-13,146.658935546875
2018-02-14,149.75686645507812
2018-02-15,151.49986267089844
2018-02-16,151.7449951171875
2018-02-20,149.66830444335938
2018-02-21,148.90577697753906
2018-02-22,148.6470489501953
2018-02-23,150.0224151611328
2018-02-26,153.2156524658203
2018-02-27,153.229248046875
2018-02-28,151.16622924804688
2018-03-01,148.5108642578125
2018-03-02,148.1908721923828
2018-03-05,147.93206787109375
2018-03-06,147.72105407714844
2018-03-07,149.17807006835938
2018-03-08,152.65562438964844
2018-03-09,154.48660278320312
2018-03-12,154.06304931640625
2018-03-13,152.93576049804688
2018-03-14,152.7102813720703
2018-03-15,153.1407470703125
2018-03-16,152.53944396972656
2018-03-19,149.98426818847656
2018-03-20,150.2371368408203
2018-03-21,149.28062438964844
2018-03-22,145.69375610351562
2018-03-23,143.88328552246094
2018-03-26,147.06024169921875
2018-03-27,145.53662109375
2018-03-28,145.133544921875
2018-03-29,148.0508270263672
2018-04-02,145.72792053222656
2018-04-03,148.13282775878906
2018-04-04,149.47190856933594
2018-04-05,150.39418029785156
2018-04-06,147.23094177246094
2018-04-09,148.52903747558594
2018-04-10,152.7991485595703
2018-04-11,151.74696350097656
2018-04-12,152.6624755859375
2018-04-13,153.9742431640625
2018-04-16,156.84368896484375
2018-04-17,159.48086547851562
2018-04-18,160.13674926757812
2018-04-19,160.7174835205078
2018-04-20,159.1051025390625
2018-04-23,159.2007293701172
2018-04-24,157.73867797851562
2018-04-25,156.78903198242188
2018-04-26,159.11190795898438
2018-04-27,160.04788208007812
2018-04-30,158.4150848388672
2018-05-01,159.67213439941406
2018-05-02,157.26727294921875
2018-05-03,155.17665100097656
2018-05-04,153.48916625976562
2018-05-07,153.8444061279297
2018-05-08,151.22772216796875
2018-05-09,152.62149047851562
2018-05-10,154.0561981201172
2018-05-11,153.8854522705078
2018-05-14,155.2108612060547
2018-05-15,153.55059814453125
2018-05-16,153.63259887695312
2018-05-17,153.18850708007812
2018-05-18,153.72828674316406
2018-05-21,156.29029846191406
2018-05-22,154.09030151367188
2018-05-23,154.57542419433594
2018-05-24,154.13137817382812
2018-05-25,152.85372924804688
2018-05-29,150.243896484375
2018-05-30,152.7102813720703
2018-05-31,151.39170837402344
2018-06-01,153.68045043945312
2018-06-04,155.99652099609375
2018-06-05,155.57980346679688
2018-06-06,158.23741149902344
2018-06-07,157.50401306152344
2018-06-08,158.90916442871094
2018-06-11,159.40951538085938
2018-06-12,160.14288330078125
2018-06-13,159.19703674316406
2018-06-14,159.5808868408203
2018-06-15,159.12850952148438
2018-06-18,158.3950653076172
2018-06-19,157.6616668701172
2018-06-20,157.73019409179688
2018-06-21,159.86874389648438
2018-06-22,162.857177734375
2018-06-25,160.9037628173828
2018-06-26,164.1595001220703
2018-06-27,162.2403106689453
2018-06-28,164.29660034179688
2018-06-29,164.20062255859375
2018-07-02,163.7482452392578
2018-07-03,164.8312225341797
2018-07-05,165.99644470214844
2018-07-06,166.46255493164062
2018-07-09,167.6963348388672
2018-07-10,167.62094116210938
2018-07-11,167.67572021484375
2018-07-12,169.12200927734375
2018-07-13,169.36875915527344
2018-07-16,168.01849365234375
2018-07-17,169.81427001953125
2018-07-18,168.71762084960938
2018-07-19,169.28648376464844
2018-07-20,169.32080078125
2018-07-23,170.12957763671875
2018-07-24,170.31466674804688
2018-07-25,172.1515655517578
2018-07-26,172.29554748535156
2018-07-27,171.49356079101562
2018-07-30,169.47842407226562
2018-07-31,171.61012268066406
2018-08-01,171.35646057128906
2018-08-02,167.99790954589844
2018-08-03,169.38247680664062
2018-08-06,170.2049560546875
2018-08-07,169.97190856933594
2018-08-08,172.3160858154297
2018-08-09,172.38461303710938
2018-08-10,170.89720153808594
2018-08-13,170.14332580566406
2018-08-14,171.63063049316406
2018-08-15,172.0624542236328
2018-08-16,173.15916442871094
2018-08-17,173.49502563476562
2018-08-20,173.28250122070312
2018-08-21,172.28184509277344
2018-08-22,173.3167724609375
2018-08-23,173.98858642578125
2018-08-24,175.0577850341797
2018-08-27,175.67465209960938
2018-08-28,176.60000610351562
2018-08-29,177.76519775390625
2018-08-30,178.4300994873047
2018-08-31,179.49249267578125
2018-09-04,179.5336151123047
2018-09-05,176.55201721191406
2018-09-06,175.74771118164062
2018-09-07,174.8609161376953
2018-09-10,174.9984130859375
2018-09-11,175.417724609375
2018-09-12,177.596923828125
2018-09-13,179.4185791015625
2018-09-14,179.16421508789062
2018-09-17,176.8269500732422
2018-09-18,178.55929565429688
2018-09-19,178.75865173339844
2018-09-20,180.0303955078125
2018-09-21,179.77603149414062
2018-09-24,180.38095092773438
2018-09-25,180.22288513183594
2018-09-26,179.87228393554688
2018-09-27,178.72427368164062
2018-09-28,179.4185791015625
2018-10-01,181.74208068847656
2018-10-02,181.4121551513672
2018-10-03,177.8375244140625
2018-10-04,174.1803741455078
2018-10-05,174.44850158691406
2018-10-08,172.1112823486328
2018-10-09,172.2006378173828
2018-10-10,166.88674926757812
2018-10-11,163.944580078125
2018-10-12,166.78370666503906
2018-10-15,163.8208465576172
2018-10-16,167.93853759765625
2018-10-17,168.40599060058594
2018-10-18,164.84512329101562
2018-10-19,163.6696319580078
2018-10-22,161.7792205810547
2018-10-23,159.05014038085938
2018-10-24,156.29354858398438
2018-10-25,159.10507202148438
2018-10-26,157.42092895507812
2018-10-29,157.07717895507812
2018-10-30,158.520751953125
2018-10-31,158.45201110839844
2018-11-01,160.96803283691406
2018-11-02,161.9442138671875
2018-11-05,163.1403350830078
2018-11-06,165.45692443847656
2018-11-07,162.82408142089844
2018-11-08,168.0623016357422
2018-11-09,167.22361755371094
2018-11-12,162.3841552734375
2018-11-13,161.20176696777344
2018-11-14,161.71047973632812
2018-11-15,165.0101318359375
2018-11-16,169.1552734375
2018-11-19,167.31983947753906
2018-11-20,164.54266357421875
2018-11-21,166.3849334716797
2018-11-23,166.3712158203125
2018-11-26,166.4262237548828
2018-11-27,167.3954620361328
2018-11-28,171.6094207763672
2018-11-29,171.9256591796875
2018-11-30,173.74729919433594
2018-12-03,173.61672973632812
2018-12-04,168.36476135253906
2018-12-06,165.8282012939453
2018-12-07,161.67657470703125
2018-12-10,163.0489044189453
2018-12-11,163.20753479003906
2018-12-12,162.44895935058594
2018-12-13,163.3661651611328
2018-12-14,159.6145782470703
2018-12-17,155.75270080566406
2018-12-18,153.89755249023438
2018-12-19,153.2631072998047
2018-12-20,149.98048400878906
2018-12-21,147.7598419189453
2018-12-24,144.71861267089844
2018-12-26,150.2425537109375
2018-12-27,153.24928283691406
2018-12-28,153.0906982421875
2018-12-31,155.3871612548828
2019-01-02,151.7735137939453
2019-01-03,145.6496124267578
2019-01-04,149.6425018310547
2019-01-07,150.78045654296875
2019-01-08,153.58035278320312
2019-01-09,156.8560333251953
2019-01-10,158.23533630371094
2019-01-11,157.83535766601562
2019-01-14,156.11813354492188
2019-01-15,159.15249633789062
2019-01-16,159.4904327392578
2019-01-17,162.82826232910156
2019-01-18,166.94532775878906
2019-01-22,164.95233154296875
2019-01-23,164.91783142089844
2019-01-24,166.00741577148438
2019-01-25,167.6211700439453
2019-01-28,166.77987670898438
2019-01-29,167.2005157470703
2019-01-30,169.29006958007812
2019-01-31,172.03477478027344
2019-02-01,170.62796020507812
2019-02-04,170.44866943359375
2019-02-05,167.17294311523438
2019-02-06,167.6280975341797
2019-02-07,166.5867156982422
2019-02-08,167.03497314453125
2019-02-11,167.42808532714844
2019-02-12,169.82798767089844
2019-02-13,168.9934844970703
2019-02-14,168.62115478515625
2019-02-15,171.262451171875
2019-02-19,171.05551147460938
2019-02-20,171.7589569091797
2019-02-21,170.8141632080078
2019-02-22,172.1727294921875
2019-02-25,172.60025024414062
2019-02-26,171.79347229003906
2019-02-27,172.60720825195312
2019-02-28,171.57276916503906
2019-03-01,175.4208526611328
2019-03-04,174.37957763671875
2019-03-05,173.945068359375
2019-03-06,171.42794799804688
2019-03-07,170.6393280029297
2019-03-08,170.67388916015625
2019-03-11,172.90135192871094
2019-03-12,173.34410095214844
2019-03-13,175.4540252685547
2019-03-14,174.50628662109375
2019-03-15,175.6547088623047
2019-03-18,169.25576782226562
2019-03-19,171.2619171142578
2019-03-20,168.2042694091797
2019-03-21,169.77459716796875
2019-03-22,166.10821533203125
2019-03-25,166.88992309570312
2019-03-26,170.8675537109375
2019-03-27,169.8990936279297
2019-03-28,170.8675537109375
2019-03-29,172.75616455078125
2019-04-01,173.9044647216797
2019-04-02,173.454833984375
2019-04-03,172.52090454101562
2019-04-04,174.0428466796875
2019-04-05,173.828369140625
2019-04-08,173.62774658203125
2019-04-09,172.7838134765625
2019-04-10,174.48556518554688
2019-04-11,174.1396942138672
2019-04-12,170.66697692871094
2019-04-15,170.314208984375
2019-04-16,166.03900146484375
2019-04-17,156.25047302246094
2019-04-18,157.64785766601562
2019-04-22,155.67626953125
2019-04-23,157.75157165527344
2019-04-24,160.83688354492188
2019-04-25,164.24737548828125
2019-04-26,164.72467041015625
2019-04-29,163.74925231933594
2019-04-30,166.53712463378906
2019-05-01,163.0159454345703
2019-05-02,163.7216033935547
2019-05-03,164.56553649902344
2019-05-06,165.00137329101562
2019-05-07,160.8715057373047
2019-05-08,160.71929931640625
2019-05-09,158.9691162109375
2019-05-10,155.92530822753906
2019-05-13,154.74241638183594
2019-05-14,154.15435791015625
2019-05-15,155.93223571777344
2019-05-16,156.29196166992188
2019-05-17,157.97293090820312
2019-05-20,158.66470336914062
2019-05-21,161.85382080078125
2019-05-22,163.0367431640625
2019-05-23,161.8745880126953
2019-05-24,162.69778442382812
2019-05-28,161.98524475097656
2019-05-29,161.8745880126953
2019-05-30,164.08824157714844
2019-05-31,161.48716735839844
2019-06-03,160.94760131835938
2019-06-04,162.71853637695312
2019-06-05,165.5824432373047
2019-06-06,164.22216796875
2019-06-07,165.436767578125
2019-06-10,166.70675659179688
2019-06-11,164.4928741455078
2019-06-12,164.45819091796875
2019-06-13,164.50677490234375
2019-06-14,162.50802612304688
2019-06-17,162.5288543701172
2019-06-18,164.17361450195312
2019-06-19,165.33953857421875
2019-06-20,170.1143035888672
2019-06-21,171.62722778320312
2019-06-24,173.48715209960938
2019-06-25,172.2657470703125
2019-06-26,172.1894073486328
2019-06-27,172.9110870361328
2019-06-28,174.89601135253906
2019-07-01,176.65878295898438
2019-07-02,176.17987060546875
2019-07-03,177.13760375976562
2019-07-05,176.41587829589844
2019-07-08,174.1742401123047
2019-07-09,174.69476318359375
2019-07-10,175.90924072265625
2019-07-11,177.78311157226562
2019-07-12,175.4998016357422
2019-07-15,175.74960327148438
2019-07-16,174.45877075195312
2019-07-17,174.78494262695312
2019-07-18,176.15907287597656
2019-07-19,174.08399963378906
2019-07-22,175.24302673339844
2019-07-23,177.519287109375
2019-07-24,177.83859252929688
2019-07-25,176.3811798095703
2019-07-26,176.54774475097656
2019-07-29,176.82533264160156
2019-07-30,179.07388305664062
2019-07-31,175.44427490234375
2019-08-01,175.1319580078125
2019-08-02,172.5919189453125
2019-08-05,164.02090454101562
2019-08-06,168.04617309570312
2019-08-07,169.81590270996094
2019-08-08,174.5906219482422
2019-08-09,176.5199432373047
2019-08-12,172.9181365966797
2019-08-13,175.8190155029297
2019-08-14,169.8297882080078
2019-08-15,170.96791076660156
2019-08-16,172.34205627441406
2019-08-19,174.5281524658203
2019-08-20,173.00137329101562
2019-08-21,175.83984375
2019-08-22,177.0959930419922
2019-08-23,172.32818603515625
2019-08-26,172.67518615722656
2019-08-27,173.72314453125
2019-08-28,175.59002685546875
2019-08-29,176.9988250732422
2019-08-30,176.22158813476562
2019-09-03,172.1338653564453
2019-09-04,176.76979064941406
2019-09-05,179.3861846923828
2019-09-06,182.70648193359375
2019-09-09,179.44882202148438
2019-09-10,181.33522033691406
2019-09-11,181.6763153076172
2019-09-12,182.47679138183594
2019-09-13,181.46746826171875
2019-09-16,180.09620666503906
2019-09-17,179.69244384765625
2019-09-18,179.25396728515625
2019-09-19,178.46041870117188
2019-09-20,176.4905242919922
2019-09-23,176.40699768066406
2019-09-24,174.72946166992188
2019-09-25,176.76893615722656
2019-09-26,174.3953399658203
2019-09-27,172.64816284179688
2019-09-30,176.079833984375
2019-10-01,174.46495056152344
2019-10-02,172.5368194580078
2019-10-03,174.6528778076172
2019-10-04,176.18421936035156
2019-10-07,173.7270965576172
2019-10-08,170.17713928222656
2019-10-09,172.4950408935547
2019-10-10,173.00315856933594
2019-10-11,176.01019287109375
2019-10-14,174.52059936523438
2019-10-15,176.3025360107422
2019-10-16,176.06590270996094
2019-10-17,178.75277709960938
2019-10-18,179.99874877929688
2019-10-21,176.8733367919922
2019-10-22,174.21435546875
2019-10-23,175.13316345214844
2019-10-24,171.16554260253906
2019-10-25,170.05178833007812
2019-10-28,171.29083251953125
2019-10-29,176.99862670898438
2019-10-30,178.1610870361328
2019-10-31,178.19590759277344
2019-11-01,179.69244384765625
2019-11-04,181.46746826171875
2019-11-05,171.70849609375
2019-11-06,174.56935119628906
2019-11-07,170.23973083496094
2019-11-08,170.39292907714844
2019-11-11,168.75709533691406
2019-11-12,168.70140075683594
2019-11-13,171.93817138671875
2019-11-14,173.18414306640625
2019-11-15,172.83612060546875
2019-11-18,169.50189208984375
2019-11-19,171.08197021484375
2019-11-20,171.77809143066406
2019-11-21,173.29554748535156
2019-11-22,173.94285583496094
2019-11-25,176.70635986328125
2019-11-26,177.65301513671875
2019-11-27,181.25863647460938
2019-11-29,179.93614196777344
2019-12-02,180.30502319335938
2019-12-03,178.00794982910156
2019-12-04,179.05209350585938
2019-12-05,180.22149658203125
2019-12-06,181.4604949951172
2019-12-09,180.06414794921875
2019-12-10,179.60333251953125
2019-12-11,182.27041625976562
2019-12-12,185.32847595214844
2019-12-13,187.61859130859375
2019-12-16,188.4285125732422
2019-12-17,187.8350372314453
2019-12-18,186.5433807373047
2019-12-19,187.0251007080078
2019-12-20,189.67127990722656
2019-12-23,190.948974609375
2019-12-24,190.6138458251953
2019-12-26,189.25233459472656
2019-12-27,190.50209045410156
2019-12-30,188.87535095214844
2019-12-31,189.88772583007812
2020-01-02,190.2856903076172
2020-01-03,188.2259979248047
2020-01-06,190.87216186523438
2020-01-07,190.41835021972656
2020-01-08,190.88616943359375
2020-01-09,190.9839324951172
2020-01-10,191.62623596191406
2020-01-13,192.84104919433594
2020-01-14,192.67352294921875
2020-01-15,193.60910034179688
2020-01-16,193.30882263183594
2020-01-17,193.45547485351562
2020-01-21,193.7696533203125
2020-01-22,194.6773223876953
2020-01-23,194.6074981689453
2020-01-24,194.27235412597656
2020-01-27,195.31967163085938
2020-01-28,197.07212829589844
2020-01-29,197.0302276611328
2020-01-30,196.29714965820312
2020-01-31,192.12892150878906
2020-02-03,195.01246643066406
2020-02-04,198.60118103027344
2020-02-05,199.6763916015625
2020-02-06,176.11935424804688
2020-02-07,172.39100646972656
2020-02-10,175.9447784423828
2020-02-11,179.02381896972656
2020-02-12,176.10536193847656
2020-02-13,177.5855255126953
2020-02-14,181.68397521972656
2020-02-18,178.73756408691406
2020-02-19,178.7864227294922
2020-02-20,176.9641571044922
2020-02-21,179.6800994873047
2020-02-24,174.91844177246094
2020-02-25,171.3577117919922
2020-02-26,171.86038208007812
2020-02-27,169.44461059570312
2020-02-28,166.04437255859375
2020-03-02,171.28086853027344
2020-03-03,167.2173309326172
2020-03-04,172.53062438964844
2020-03-05,170.45697021484375
2020-03-06,166.9520263671875
2020-03-09,161.66322326660156
2020-03-10,166.237548828125
2020-03-11,162.4547882080078
2020-03-12,154.51101684570312
2020-03-13,165.670166015625
2020-03-16,156.31129455566406
2020-03-17,174.09022521972656
2020-03-18,164.42323303222656
2020-03-19,154.7842254638672
2020-03-20,154.19577026367188
2020-03-23,140.50787353515625
2020-03-24,142.09803771972656
2020-03-25,142.62339782714844
2020-03-26,153.65640258789062
2020-03-27,151.71600341796875
2020-03-30,156.1221923828125
2020-03-31,160.95570373535156
2020-04-01,157.89450073242188
2020-04-02,163.41445922851562
2020-04-03,158.826171875
2020-04-06,166.5037078857422
2020-04-07,166.40567016601562
2020-04-08,175.12696838378906
2020-04-09,173.34071350097656
2020-04-13,173.7679901123047
2020-04-14,174.79774475097656
2020-04-15,176.89926147460938
2020-04-16,183.25987243652344
2020-04-17,183.1127471923828
2020-04-20,184.5417938232422
2020-04-21,179.6802520751953
2020-04-22,186.8675079345703
2020-04-23,185.69064331054688
2020-04-24,187.855224609375
2020-04-27,189.13714599609375
2020-04-28,183.47703552246094
2020-04-29,180.62594604492188
2020-04-30,176.89926147460938
2020-05-01,176.4369354248047
2020-05-04,178.8186798095703
2020-05-05,183.3228759765625
2020-05-06,181.5225830078125
2020-05-07,179.50515747070312
2020-05-08,178.26519775390625
2020-05-11,183.56805419921875
2020-05-12,183.5961151123047
2020-05-13,183.47703552246094
2020-05-14,181.22142028808594
2020-05-15,180.9062042236328
2020-05-18,185.47349548339844
2020-05-19,184.37371826171875
2020-05-20,170.21641540527344
2020-05-21,167.3793487548828
2020-05-22,167.59649658203125
2020-05-26,163.31639099121094
2020-05-27,164.47926330566406
2020-05-28,169.1726837158203
2020-05-29,172.97642517089844
2020-06-01,171.5193634033203
2020-06-02,171.27420043945312
2020-06-03,170.2514190673828
2020-06-04,170.6086883544922
2020-06-05,169.5299072265625
2020-06-08,173.76080322265625
2020-06-09,166.76087951660156
2020-06-10,166.66249084472656
2020-06-11,161.7779998779297
2020-06-12,162.262939453125
2020-06-15,164.5611114501953
2020-06-16,166.1845703125
2020-06-17,166.7538299560547
2020-06-18,166.02294921875
2020-06-19,166.978759765625
2020-06-22,165.2919921875
2020-06-23,167.14739990234375
2020-06-24,163.6193084716797
2020-06-25,160.8995361328125
2020-06-26,164.15345764160156
2020-06-29,163.73179626464844
2020-06-30,168.1594696044922
2020-07-01,169.747802734375
2020-07-02,172.20761108398438
2020-07-06,176.0308380126953
2020-07-07,176.67037963867188
2020-07-08,177.6191864013672
2020-07-09,181.75164794921875
2020-07-10,180.8801727294922
2020-07-13,180.9082794189453
2020-07-14,185.1180877685547
2020-07-15,187.6200714111328
2020-07-16,186.2777099609375
2020-07-17,187.6340789794922
2020-07-20,188.24554443359375
2020-07-21,190.67724609375
2020-07-22,192.17420959472656
2020-07-23,191.6611785888672
2020-07-24,191.0848388671875
2020-07-27,193.3970947265625
2020-07-28,191.86497497558594
2020-07-29,194.25448608398438
2020-07-30,192.45533752441406
2020-07-31,197.7263641357422
2020-08-03,199.3708953857422
2020-08-04,198.79458618164062
2020-08-05,199.19520568847656
2020-08-06,182.45448303222656
2020-08-07,180.2054901123047
2020-08-10,180.4444580078125
2020-08-11,179.21453857421875
2020-08-12,180.7747802734375
2020-08-13,184.36605834960938
2020-08-14,181.44239807128906
2020-08-17,182.75662231445312
2020-08-18,185.4413604736328
2020-08-19,184.13412475585938
2020-08-20,181.9765625
2020-08-21,181.1261444091797
2020-08-24,179.17941284179688
2020-08-25,179.76974487304688
2020-08-26,178.49765014648438
2020-08-27,173.28990173339844
2020-08-28,170.64031982421875
2020-08-31,170.6192626953125
2020-09-01,169.26287841796875
2020-09-02,173.02284240722656
2020-09-03,165.20065307617188
2020-09-04,164.51190185546875
2020-09-08,165.05491638183594
2020-09-09,166.11973571777344
2020-09-10,165.1395263671875
2020-09-11,166.26780700683594
2020-09-14,166.35244750976562
2020-09-15,159.47689819335938
2020-09-16,160.0974578857422
2020-09-17,160.64048767089844
2020-09-18,163.53173828125
2020-09-21,161.091796875
2020-09-22,157.8197479248047
2020-09-23,159.08203125
2020-09-24,155.95806884765625
2020-09-25,158.0171661376953
2020-09-28,158.66598510742188
2020-09-29,158.96920776367188
2020-09-30,164.08175659179688
2020-10-01,162.791259765625
2020-10-02,164.06765747070312
2020-10-05,167.93206787109375
2020-10-06,166.0351104736328
2020-10-07,166.21142578125
2020-10-08,166.57101440429688
2020-10-09,167.34674072265625
2020-10-12,168.08718872070312
2020-10-13,166.92364501953125
2020-10-14,164.79397583007812
2020-10-15,165.72483825683594
2020-10-16,167.12109375
2020-10-19,167.3961181640625
2020-10-20,166.60629272460938
2020-10-21,166.70501708984375
2020-10-22,170.01234436035156
2020-10-23,169.44114685058594
2020-10-26,170.65403747558594
2020-10-27,172.23365783691406
2020-10-28,166.34539794921875
2020-10-29,163.93368530273438
2020-10-30,162.9887237548828
2020-11-02,165.56968688964844
2020-11-03,167.63584899902344
2020-11-04,166.98007202148438
2020-11-05,165.4709930419922
2020-11-06,166.8601837158203
2020-11-09,169.46226501464844
2020-11-10,169.4552459716797
2020-11-11,171.47206115722656
2020-11-12,169.3917694091797
2020-11-13,171.22523498535156
2020-11-16,171.05599975585938
2020-11-17,170.94320678710938
2020-11-18,164.638916015625
2020-11-19,164.23690795898438
2020-11-20,163.5105743408203
2020-11-23,161.11997985839844
2020-11-24,161.691162109375
2020-11-25,160.40774536132812
2020-11-27,161.45851135253906
2020-11-30,165.60491943359375
2020-12-01,168.29168701171875
2020-12-02,170.5623779296875
2020-12-03,168.19296264648438
2020-12-04,171.18997192382812
2020-12-07,166.7403106689453
2020-12-08,169.41293334960938
2020-12-09,169.80210876464844
2020-12-10,171.4792022705078
2020-12-11,171.73394775390625
2020-12-14,169.8304443359375
2020-12-15,172.75296020507812
2020-12-16,173.57376098632812
2020-12-17,175.98678588867188
2020-12-18,178.3856658935547
2020-12-21,175.3923797607422
2020-12-22,174.0054168701172
2020-12-23,172.8378448486328
2020-12-24,175.48435974121094
2020-12-28,175.59759521484375
2020-12-29,175.73910522460938
2020-12-30,174.55734252929688
2020-12-31,177.06236267089844
2021-01-04,177.4020233154297
2021-01-05,177.6355438232422
2021-01-06,179.48245239257812
2021-01-07,179.38339233398438
2021-01-08,180.48727416992188
2021-01-11,181.9379119873047
2021-01-12,186.16246032714844
2021-01-13,186.1129150390625
2021-01-14,182.4049530029297
2021-01-15,185.2142333984375
2021-01-19,184.52784729003906
2021-01-20,186.31814575195312
2021-01-21,185.3274688720703
2021-01-22,183.0984344482422
2021-01-25,184.15280151367188
2021-01-26,182.81536865234375
2021-01-27,177.5364990234375
2021-01-28,181.3011016845703
2021-01-29,185.24961853027344
2021-02-01,184.9524383544922
2021-02-02,182.73753356933594
2021-02-03,184.6410675048828
2021-02-04,180.3669891357422
2021-02-05,180.2183837890625
2021-02-08,181.73269653320312
2021-02-09,179.85751342773438
2021-02-10,178.95884704589844
2021-02-11,179.30555725097656
2021-02-12,181.37890625
2021-02-16,182.10067749023438
2021-02-17,181.73269653320312
2021-02-18,181.02505493164062
2021-02-19,175.44189453125
2021-02-22,174.09034729003906
2021-02-23,175.2791748046875
2021-02-24,174.57859802246094
2021-02-25,174.8899688720703
2021-02-26,170.64419555664062
2021-03-01,174.11862182617188
2021-03-02,173.177490234375
2021-03-03,171.00506591796875
2021-03-04,170.45314025878906
2021-03-05,174.39463806152344
2021-03-08,174.1469268798828
2021-03-09,172.42868041992188
2021-03-10,168.906982421875
2021-03-11,169.1271514892578
2021-03-12,169.155517578125
2021-03-15,170.9447479248047
2021-03-16,170.08558654785156
2021-03-17,169.95071411132812
2021-03-18,169.83712768554688
2021-03-19,169.70932006835938
2021-03-22,171.5553741455078
2021-03-23,170.5897674560547
2021-03-24,171.661865234375
2021-03-25,171.6334686279297
2021-03-26,174.0404510498047
2021-03-29,175.47471618652344
2021-03-30,174.0901336669922
2021-03-31,172.64173889160156
2021-04-01,171.52696228027344
2021-04-05,174.01914978027344
2021-04-06,173.68544006347656
2021-04-07,173.2593994140625
2021-04-08,172.4429168701172
2021-04-09,176.0355682373047
2021-04-12,175.6663818359375
2021-04-13,178.00233459472656
2021-04-14,177.37753295898438
2021-04-15,183.07901000976562
2021-04-16,185.27297973632812
2021-04-19,183.86715698242188
2021-04-20,182.077880859375
2021-04-21,183.28492736816406
2021-04-22,182.5678253173828
2021-04-23,181.65896606445312
2021-04-26,182.7949981689453
2021-04-27,183.33460998535156
2021-04-28,182.8376007080078
2021-04-29,178.51358032226562
2021-04-30,176.6604461669922
2021-05-03,179.72059631347656
2021-05-04,178.58456420898438
2021-05-05,177.34205627441406
2021-05-06,170.98023986816406
2021-05-07,169.97201538085938
2021-05-10,175.1125946044922
2021-05-11,171.25718688964844
2021-05-12,171.569580078125
2021-05-13,173.3020477294922
2021-05-14,172.09495544433594
2021-05-17,171.17906188964844
2021-05-18,171.9529571533203
2021-05-19,172.27955627441406
2021-05-20,173.80613708496094
2021-05-21,173.58602905273438
2021-05-24,173.04640197753906
2021-05-25,172.17306518554688
2021-05-26,171.8394012451172
2021-05-27,171.07257080078125
2021-05-28,171.7470703125
2021-06-01,169.31881713867188
2021-06-02,169.46791076660156
2021-06-03,170.9163360595703
2021-06-04,170.8737335205078
2021-06-07,170.0927276611328
2021-06-08,170.4632110595703
2021-06-09,173.38446044921875
2021-06-10,174.85215759277344
2021-06-11,172.87855529785156
2021-06-14,172.935546875
2021-06-15,172.0235595703125
2021-06-16,171.19705200195312
2021-06-17,171.17572021484375
2021-06-18,171.38232421875
2021-06-21,171.58897399902344
2021-06-22,171.22560119628906
2021-06-23,171.1543426513672
2021-06-24,170.86932373046875
2021-06-25,171.8526153564453
2021-06-28,173.63381958007812
2021-06-29,175.90667724609375
2021-06-30,173.2704620361328
2021-07-01,175.82115173339844
2021-07-02,177.01812744140625
2021-07-06,177.6593780517578
2021-07-07,179.533203125
2021-07-08,178.83497619628906
2021-07-09,177.97998046875
2021-07-12,177.82322692871094
2021-07-13,177.1392364501953
2021-07-14,175.2725372314453
2021-07-15,175.7142791748047
2021-07-16,176.7473907470703
2021-07-19,176.16314697265625
2021-07-20,175.98500061035156
2021-07-21,175.52191162109375
2021-07-22,177.6593780517578
2021-07-23,178.89198303222656
2021-07-26,177.71640014648438
2021-07-27,181.4640655517578
2021-07-28,180.60195922851562
2021-07-29,181.9058074951172
2021-07-30,182.21929931640625
2021-08-02,182.49008178710938
2021-08-03,182.23355102539062
2021-08-04,181.49969482421875
2021-08-05,173.1920623779297
2021-08-06,171.73858642578125
2021-08-09,169.95736694335938
2021-08-10,170.02146911621094
2021-08-11,171.46780395507812
2021-08-12,175.34378051757812
2021-08-13,175.83541870117188
2021-08-16,177.84461975097656
2021-08-17,180.60195922851562
2021-08-18,176.91839599609375
2021-08-19,176.61199951171875
2021-08-20,177.62374877929688
2021-08-23,178.015625
2021-08-24,176.60487365722656
2021-08-25,175.98500061035156
2021-08-26,176.3626708984375
2021-08-27,177.05377197265625
2021-08-30,178.4573516845703
2021-08-31,179.33370971679688
2021-09-01,179.88235473632812
2021-09-02,181.77752685546875
2021-09-03,183.70127868652344
2021-09-07,183.70127868652344
2021-09-08,187.90428161621094
2021-09-09,185.95289611816406
2021-09-10,184.65196228027344
2021-09-13,184.84495544433594
2021-09-14,186.16734313964844
2021-09-15,187.04652404785156
2021-09-16,187.7541961669922
2021-09-17,187.2395477294922
2021-09-20,185.32388305664062
2021-09-21,185.13087463378906
2021-09-22,183.55833435058594
2021-09-23,181.42825317382812
2021-09-24,180.9707794189453
2021-09-27,179.7198944091797
2021-09-28,178.5047607421875
2021-09-29,179.9772491455078
2021-09-30,175.7099151611328
2021-10-01,174.89508056640625
2021-10-04,171.9429473876953
2021-10-05,173.7371063232422
2021-10-06,175.302490234375
2021-10-07,172.8007354736328
2021-10-08,170.53482055664062
2021-10-11,168.5691680908203
2021-10-12,170.39903259277344
2021-10-13,171.4354705810547
2021-10-14,173.46548461914062
2021-10-15,172.37901306152344
2021-10-18,170.44186401367188
2021-10-19,173.501220703125
2021-10-20,176.48193359375
2021-10-21,176.17453002929688
2021-10-22,176.61769104003906
2021-10-25,176.13165283203125
2021-10-26,176.08877563476562
2021-10-27,175.12379455566406
2021-10-28,170.59201049804688
2021-10-29,171.25677490234375
2021-11-01,173.72996520996094
2021-11-02,173.6227569580078
2021-11-03,176.57481384277344
2021-11-04,174.4661865234375
2021-11-05,174.20169067382812
2021-11-08,175.3167724609375
2021-11-09,174.16595458984375
2021-11-10,175.75279235839844
2021-11-11,175.12379455566406
2021-11-12,174.40899658203125
2021-11-15,174.18026733398438
2021-11-16,174.48760986328125
2021-11-17,178.59768676757812
2021-11-18,178.2402801513672
2021-11-19,177.7041778564453
2021-11-22,175.3311004638672
2021-11-23,176.253173828125
2021-11-24,174.73780822753906
2021-11-26,175.18812561035156
2021-11-29,174.13023376464844
2021-11-30,169.5055694580078
2021-12-01,172.74354553222656
2021-12-02,172.93653869628906
2021-12-03,174.4947967529297
2021-12-06,175.93865966796875
2021-12-07,178.95506286621094
2021-12-08,176.1602325439453
2021-12-09,175.82313537597656
2021-12-10,175.72265625
2021-12-13,181.3465118408203
2021-12-14,177.85311889648438
2021-12-15,178.91477966308594
2021-12-16,184.50271606445312
2021-12-17,184.28036499023438
2021-12-20,181.0595703125
2021-12-21,180.64352416992188
2021-12-22,177.78138732910156
2021-12-23,178.54891967773438
2021-12-27,180.27767944335938
2021-12-28,179.48143005371094
2021-12-29,181.33213806152344
2021-12-30,181.66928100585938
2021-12-31,180.39247131347656
2022-01-03,181.63343811035156
2022-01-04,180.607666015625
2022-01-05,181.44692993164062
2022-01-06,179.1371612548828
2022-01-07,182.30770874023438
2022-01-10,185.90870666503906
2022-01-11,187.752197265625
2022-01-12,187.87416076660156
2022-01-13,189.15097045898438
2022-01-14,188.38343811035156
2022-01-18,186.8053436279297
2022-01-19,189.28009033203125
2022-01-20,189.3518524169922
2022-01-21,189.82525634765625
2022-01-24,186.47537231445312
2022-01-25,185.14112854003906
2022-01-26,182.1212158203125
2022-01-27,180.18443298339844
2022-01-28,183.44107055664062
2022-01-31,182.30055236816406
2022-02-01,181.64776611328125
2022-02-02,184.1153564453125
2022-02-03,194.0933380126953
2022-02-04,192.85235595703125
2022-02-07,193.15362548828125
2022-02-08,198.33273315429688
2022-02-09,198.87066650390625
2022-02-10,195.06887817382812
2022-02-11,193.6629638671875
2022-02-14,192.88818359375
2022-02-15,194.50222778320312
2022-02-16,194.48785400390625
2022-02-17,190.91555786132812
2022-02-18,189.40203857421875
2022-02-22,189.48814392089844
2022-02-23,192.716064453125
2022-02-24,191.01602172851562
2022-02-25,195.62841796875
2022-02-28,194.59544372558594
2022-03-01,194.67437744140625
2022-03-02,195.4849395751953
2022-03-03,195.71450805664062
2022-03-04,197.565185546875
2022-03-07,198.01708984375
2022-03-08,190.1839141845703
2022-03-09,190.6013641357422
2022-03-10,185.47720336914062
2022-03-11,183.16700744628906
2022-03-14,184.8151092529297
2022-03-15,186.17527770996094
2022-03-16,187.6865997314453
2022-03-17,188.7661590576172
2022-03-18,188.58624267578125
2022-03-21,192.58766174316406
2022-03-22,190.62295532226562
2022-03-23,188.53585815429688
2022-03-24,189.3418731689453
2022-03-25,191.19871520996094
2022-03-28,192.97628784179688
2022-03-29,194.1493682861328
2022-03-30,194.01983642578125
2022-03-31,191.43618774414062
2022-04-01,193.64019775390625
2022-04-04,190.54931640625
2022-04-05,193.9647979736328
2022-04-06,199.65228271484375
2022-04-07,201.76942443847656
2022-04-08,203.1710205078125
2022-04-11,199.18017578125
2022-04-12,198.56787109375
2022-04-13,199.8662109375
2022-04-14,200.41207885742188
2022-04-18,191.8697967529297
2022-04-19,194.37051391601562
2022-04-20,197.4392547607422
2022-04-21,195.40325927734375
2022-04-22,188.13711547851562
2022-04-25,190.65997314453125
2022-04-26,188.09288024902344
2022-04-27,186.5953826904297
2022-04-28,186.75027465820312
2022-04-29,182.34637451171875
2022-05-02,181.15869140625
2022-05-03,183.55615234375
2022-05-04,187.0305938720703
2022-05-05,191.5304718017578
2022-05-06,190.2985076904297
2022-05-09,186.04212951660156
2022-05-10,184.49302673339844
2022-05-11,183.67422485351562
2022-05-12,184.21270751953125
2022-05-13,183.2684783935547
2022-05-16,186.55113220214844
2022-05-17,189.03712463378906
2022-05-18,185.23068237304688
2022-05-19,185.26019287109375
2022-05-20,186.1158905029297
2022-05-23,189.5829620361328
2022-05-24,189.91494750976562
2022-05-25,186.01263427734375
2022-05-26,186.26344299316406
2022-05-27,189.1846466064453
2022-05-31,188.69778442382812
2022-06-01,185.4520263671875
2022-06-02,187.13388061523438
2022-06-03,186.14544677734375
2022-06-06,190.851806640625
2022-06-07,190.2616424560547
2022-06-08,188.63327026367188
2022-06-09,183.83694458007812
2022-06-10,184.54751586914062
2022-06-13,179.01101684570312
2022-06-14,174.91786193847656
2022-06-15,175.26571655273438
2022-06-16,173.7483673095703
2022-06-17,174.18505859375
2022-06-21,175.0732879638672
2022-06-22,175.62098693847656
2022-06-23,179.521728515625
2022-06-24,185.72439575195312
2022-06-27,185.11744689941406
2022-06-28,180.99465942382812
2022-06-29,184.554931640625
2022-06-30,182.4750213623047
2022-07-01,186.375732421875
2022-07-05,183.51126098632812
2022-07-06,182.2899932861328
2022-07-07,182.37139892578125
2022-07-08,181.83106994628906
2022-07-11,180.38034057617188
2022-07-12,175.3619384765625
2022-07-13,174.2812957763672
2022-07-14,173.31907653808594
2022-07-15,177.0791778564453
2022-07-18,173.4301300048828
2022-07-19,176.5018310546875
2022-07-20,175.56178283691406
2022-07-21,178.44107055664062
2022-07-22,179.21823120117188
2022-07-25,179.58834838867188
2022-07-26,180.71339416503906
2022-07-27,180.85403442382812
2022-07-28,180.53578186035156
2022-07-29,180.8318328857422
2022-08-01,181.17233276367188
2022-08-02,179.876953125
2022-08-03,181.2907257080078
2022-08-04,186.90126037597656
2022-08-05,188.17437744140625
2022-08-08,189.46226501464844
2022-08-09,188.9663543701172
2022-08-10,191.37930297851562
2022-08-11,192.00103759765625
2022-08-12,195.17636108398438
2022-08-15,197.48574829101562
2022-08-16,198.20372009277344
2022-08-17,195.5760955810547
2022-08-18,195.19117736816406
2022-08-19,195.7981414794922
2022-08-22,193.00030517578125
2022-08-23,190.5207061767578
2022-08-24,191.22389221191406
2022-08-25,192.45254516601562
2022-08-26,187.8042755126953
2022-08-29,188.32980346679688
2022-08-30,187.3897247314453
2022-08-31,186.8346405029297
2022-09-01,188.92935180664062
2022-09-02,187.14552307128906
2022-09-06,186.57557678222656
2022-09-07,191.68276977539062
2022-09-08,193.4651641845703
2022-09-09,195.21046447753906
2022-09-12,196.23533630371094
2022-09-13,190.70245361328125
2022-09-14,192.3140411376953
2022-09-15,190.64306640625
2022-09-16,188.87548828125
2022-09-19,186.60292053222656
2022-09-20,181.2928009033203
2022-09-21,176.76255798339844
2022-09-22,176.153564453125
2022-09-23,173.72503662109375
2022-09-26,172.0317840576172
2022-09-27,169.58094787597656
2022-09-28,171.08856201171875
2022-09-29,167.93223571777344
2022-09-30,165.4888458251953
2022-10-03,171.39303588867188
2022-10-04,175.99017333984375
2022-10-05,175.88619995117188
2022-10-06,169.6255340576172
2022-10-07,165.3700408935547
2022-10-10,163.2459716796875
2022-10-11,165.35519409179688
2022-10-12,163.97381591796875
2022-10-13,168.23672485351562
2022-10-14,166.8776397705078
2022-10-17,170.08596801757812
2022-10-18,171.2816619873047
2022-10-19,167.4495086669922
2022-10-20,165.30319213867188
2022-10-21,166.0607147216797
2022-10-24,167.2564239501953
2022-10-25,167.62030029296875
2022-10-26,172.95266723632812
2022-10-27,171.68270874023438
2022-10-28,174.72023010253906
2022-10-31,175.24749755859375
2022-11-01,173.6953125
2022-11-02,169.3284454345703
2022-11-03,164.12977600097656
2022-11-04,164.01097106933594
2022-11-07,164.08522033691406
2022-11-08,163.0083465576172
2022-11-09,162.11712646484375
2022-11-10,170.27906799316406
2022-11-11,169.0833740234375
2022-11-14,166.47657775878906
2022-11-15,165.14724731445312
2022-11-16,164.93185424804688
2022-11-17,163.3202667236328
2022-11-18,167.53863525390625
2022-11-21,174.29689025878906
2022-11-22,174.9801483154297
2022-11-23,176.26499938964844
2022-11-25,176.79966735839844
2022-11-28,176.26499938964844
2022-11-29,178.9980010986328
2022-11-30,185.17703247070312
2022-12-01,186.28353881835938
2022-12-02,187.43470764160156
2022-12-05,182.8524169921875
2022-12-06,181.5007781982422
2022-12-07,183.05299377441406
2022-12-08,184.84194946289062
2022-12-09,184.56614685058594
2022-12-12,189.38156127929688
2022-12-13,189.3741455078125
2022-12-14,189.36668395996094
2022-12-15,186.73532104492188
2022-12-16,185.98989868164062
2022-12-19,185.2072296142578
2022-12-20,185.78866577148438
2022-12-21,188.85983276367188
2022-12-22,189.03123474121094
2022-12-23,189.68722534179688
2022-12-27,190.305908203125
2022-12-28,188.68089294433594
2022-12-29,191.4985809326172
2022-12-30,189.5604705810547
2023-01-03,190.9618682861328
2023-01-04,192.3856201171875
2023-01-05,190.3133544921875
2023-01-06,193.31739807128906
2023-01-09,188.1814422607422
2023-01-10,190.3580780029297
2023-01-11,190.93954467773438
2023-01-12,189.78411865234375
2023-01-13,190.7158966064453
2023-01-17,190.8276824951172
2023-01-18,189.016357421875
2023-01-19,189.30703735351562
2023-01-20,189.1952362060547
2023-01-23,186.04209899902344
2023-01-24,183.18716430664062
2023-01-25,183.9549102783203
2023-01-26,185.714111328125
2023-01-27,187.71182250976562
2023-01-30,186.45208740234375
2023-01-31,188.00999450683594
2023-02-01,189.46359252929688
2023-02-02,185.21470642089844
2023-02-03,183.25424194335938
2023-02-06,186.47445678710938
2023-02-07,188.7330780029297
2023-02-08,186.52662658691406
2023-02-09,182.79953002929688
2023-02-10,184.73760986328125
2023-02-13,184.3052520751953
2023-02-14,181.44285583496094
2023-02-15,181.54721069335938
2023-02-16,180.34707641601562
2023-02-17,182.270263671875
2023-02-21,178.5282440185547
2023-02-22,179.19912719726562
2023-02-23,178.69224548339844
2023-02-24,177.3504638671875
2023-02-27,176.5827178955078
2023-02-28,174.83843994140625
2023-03-01,173.056884765625
2023-03-02,174.3986358642578
2023-03-03,176.8287353515625
2023-03-06,176.0832977294922
2023-03-07,176.0161895751953
2023-03-08,175.3453369140625
2023-03-09,173.78135681152344
2023-03-10,171.8955841064453
2023-03-13,173.1527557373047
2023-03-14,174.2752227783203
2023-03-15,175.46505737304688
2023-03-16,178.09913635253906
2023-03-17,176.2882080078125
2023-03-20,178.46578979492188
2023-03-21,179.78285217285156
2023-03-22,178.78756713867188
2023-03-23,176.8868408203125
2023-03-24,179.9699249267578
2023-03-27,181.22708129882812
2023-03-28,180.51617431640625
2023-03-29,181.78829956054688
2023-03-30,183.46458435058594
2023-03-31,185.238037109375
2023-04-03,184.79656982421875
2023-04-04,185.7693634033203
2023-04-05,188.32859802246094
2023-04-06,190.5885009765625
2023-04-10,189.720458984375
2023-04-11,189.30892944335938
2023-04-12,189.95993041992188
2023-04-13,191.79327392578125
2023-04-14,191.19464111328125
2023-04-17,191.77830505371094
2023-04-18,189.76536560058594
2023-04-19,193.7014923095703
2023-04-20,195.99134826660156
2023-04-21,195.46749877929688
2023-04-24,196.07366943359375
2023-04-25,195.2580108642578
2023-04-26,193.44708251953125
2023-04-27,197.031494140625
2023-04-28,197.7873077392578
2023-05-01,198.54312133789062
2023-05-02,197.39820861816406
2023-05-03,197.2634735107422
2023-05-04,188.9197540283203
2023-05-05,189.81777954101562
2023-05-08,188.2013702392578
2023-05-09,186.81698608398438
2023-05-10,187.86463928222656
2023-05-11,188.12655639648438
2023-05-12,188.95716857910156
2023-05-15,187.88710021972656
2023-05-16,187.3557891845703
2023-05-17,188.03671264648438
2023-05-18,188.25381469726562
2023-05-19,188.4857635498047
2023-05-22,187.85716247558594
2023-05-23,184.44483947753906
2023-05-24,183.52439880371094
2023-05-25,180.92027282714844
2023-05-26,180.43385314941406
2023-05-30,178.39096069335938
2023-05-31,180.91278076171875
2023-06-01,185.66461181640625
2023-06-02,188.41839599609375
2023-06-05,190.06468200683594
2023-06-06,187.42312622070312
2023-06-07,188.7476348876953
2023-06-08,187.3808135986328
2023-06-09,188.88282775878906
2023-06-12,188.28953552246094
2023-06-13,188.88282775878906
2023-06-14,190.2572021484375
2023-06-15,192.38262939453125
2023-06-16,194.23764038085938
2023-06-20,192.6154327392578
2023-06-21,193.2462615966797
2023-06-22,193.8170623779297
2023-06-23,192.67550659179688
2023-06-26,192.63047790527344
2023-06-27,193.95225524902344
2023-06-28,194.53053283691406
2023-06-29,195.65708923339844
2023-06-30,198.2781524658203
2023-07-03,196.7085418701172
2023-07-05,195.4918670654297
2023-07-06,194.41787719726562
2023-07-07,192.95339965820312
2023-07-10,193.4340362548828
2023-07-11,194.76336669921875
2023-07-12,194.26016235351562
2023-07-13,195.22898864746094
2023-07-14,194.8084259033203
2023-07-17,192.74310302734375
2023-07-18,192.50274658203125
2023-07-19,191.43634033203125
2023-07-20,197.8275604248047
2023-07-21,198.90151977539062
2023-07-24,210.26451110839844
2023-07-25,212.77291870117188
2023-07-26,212.3899383544922
2023-07-27,212.9832305908203
2023-07-28,210.52737426757812
2023-07-31,209.25062561035156
2023-08-01,209.19056701660156
2023-08-02,207.46319580078125
2023-08-03,201.80047607421875
2023-08-04,203.3701171875
2023-08-07,206.6971435546875
2023-08-08,211.11317443847656
2023-08-09,211.43612670898438
2023-08-10,208.20672607421875
2023-08-11,212.02191162109375
2023-08-14,212.27728271484375
2023-08-15,210.03170776367188
2023-08-16,207.84622192382812
2023-08-17,206.93748474121094
2023-08-18,205.548095703125
2023-08-21,206.99755859375
2023-08-22,207.05764770507812
2023-08-23,208.0940704345703
2023-08-24,208.03399658203125
2023-08-25,210.29454040527344
2023-08-28,211.45114135742188
2023-08-29,211.3910675048828
2023-08-30,210.51234436035156
2023-08-31,209.87399291992188
2023-09-01,209.1304931640625
2023-09-05,204.9397430419922
2023-09-06,200.2533721923828
2023-09-07,201.2556610107422
2023-09-08,201.02955627441406
2023-09-11,201.3460693359375
2023-09-12,198.72354125976562
2023-09-13,199.71078491210938
2023-09-14,199.41685485839844
2023-09-15,198.7537078857422
2023-09-18,199.3791961669922
2023-09-19,200.4266815185547
2023-09-20,201.3083953857422
2023-09-21,199.73338317871094
2023-09-22,199.8539581298828
2023-09-25,201.03709411621094
2023-09-26,196.6436004638672
2023-09-27,195.03094482421875
2023-09-28,198.00009155273438
2023-09-29,194.8274688720703
2023-10-02,194.24720764160156
2023-10-03,195.1062774658203
2023-10-04,195.72422790527344
2023-10-05,196.72653198242188
2023-10-06,197.75897216796875
2023-10-09,200.3061065673828
2023-10-10,201.38375854492188
2023-10-11,196.91493225097656
2023-10-12,193.7272186279297
2023-10-13,194.95558166503906
2023-10-16,195.74685668945312
2023-10-17,195.4077606201172
2023-10-18,195.48309326171875
2023-10-19,194.03619384765625
2023-10-20,194.9103546142578
2023-10-23,192.8681182861328
2023-10-24,195.3398895263672
2023-10-25,192.59683227539062
2023-10-26,191.54931640625
2023-10-27,189.6050262451172
2023-10-30,189.22068786621094
2023-10-31,190.49427795410156
2023-11-01,191.2478790283203
2023-11-02,192.86058044433594
2023-11-03,195.1138153076172
2023-11-06,195.25697326660156
2023-11-07,193.0037841796875
2023-11-08,192.86058044433594
2023-11-09,175.015380859375
2023-11-10,176.83155822753906
2023-11-13,177.743408203125
2023-11-14,175.84432983398438
2023-11-15,176.160888671875
2023-11-16,177.14805603027344
2023-11-17,175.79161071777344
2023-11-20,176.09303283691406
2023-11-21,177.969482421875
2023-11-22,178.45181274414062
2023-11-24,180.02682495117188
2023-11-27,180.0041961669922
2023-11-28,178.81350708007812
2023-11-29,177.61529541015625
2023-11-30,177.9845428466797
2023-12-01,179.54449462890625
2023-12-04,179.03207397460938
2023-12-05,176.04026794433594
2023-12-06,175.92723083496094
2023-12-07,176.71420288085938
2023-12-08,175.77590942382812
2023-12-11,176.60064697265625
2023-12-12,179.0825958251953
2023-12-13,181.95794677734375
2023-12-14,180.474853515625
2023-12-15,179.33985900878906
2023-12-18,179.8770751953125
2023-12-19,182.0714569091797
2023-12-20,181.4661102294922
2023-12-21,183.970703125
2023-12-22,183.87232971191406
2023-12-26,184.09934997558594
2023-12-27,183.49400329589844
2023-12-28,183.89503479003906
2023-12-29,184.50039672851562
2024-01-02,185.70350646972656
2024-01-03,181.95794677734375
2024-01-04,183.80426025390625
2024-01-05,183.18377685546875
2024-01-08,187.451416015625
2024-01-09,179.96788024902344
2024-01-10,180.39920043945312
2024-01-11,177.8264923095703
2024-01-12,178.77989196777344
2024-01-16,177.81893920898438
2024-01-17,177.28927612304688
2024-01-18,177.81893920898438
2024-01-19,178.49240112304688
2024-01-22,178.49240112304688
2024-01-23,180.31597900390625
2024-01-24,177.49356079101562
2024-01-25,179.0068817138672
2024-01-26,179.0674591064453
2024-01-29,179.97547912597656
2024-01-30,178.73451232910156
2024-01-31,180.70188903808594
2024-02-01,183.38050842285156
2024-02-02,179.47605895996094
2024-02-05,177.8719024658203
2024-02-06,180.60353088378906
2024-02-07,181.2088623046875
2024-02-08,182.1395721435547
2024-02-09,184.43984985351562
2024-02-12,184.15234375
2024-02-13,180.89862060546875
2024-02-14,180.55050659179688
2024-02-15,181.57205200195312
2024-02-16,182.17739868164062
2024-02-20,182.10169982910156
2024-02-21,185.62782287597656
2024-02-22,184.3415069580078
2024-02-23,186.293701171875
2024-02-26,182.90382385253906
2024-02-27,182.54058837890625
2024-02-28,180.95912170410156
2024-02-29,178.23512268066406
2024-03-01,178.05349731445312
2024-03-04,178.3107452392578
2024-03-05,176.6460723876953
2024-03-06,178.27294921875
2024-03-07,180.5293731689453
2024-03-08,182.26156616210938
2024-03-11,181.95765686035156
2024-03-12,180.68130493164062
2024-03-13,181.42588806152344
2024-03-14,180.18748474121094
2024-03-15,179.83799743652344
2024-03-18,180.6053466796875
2024-03-19,182.51986694335938
2024-03-20,180.7193145751953
2024-03-21,183.5683135986328
2024-03-22,187.08592224121094
2024-03-25,183.60630798339844
2024-03-26,183.76585388183594
2024-03-27,187.29867553710938
2024-03-28,187.9976043701172
2024-04-01,185.4145050048828
2024-04-02,183.1124725341797
2024-04-03,185.0650177001953
2024-04-04,184.65476989746094
2024-04-05,187.025146484375
2024-04-08,183.6443328857422
2024-04-09,186.7516326904297
2024-04-10,183.08970642089844
2024-04-11,182.80099487304688
2024-04-12,178.66799926757812
2024-04-15,178.3261260986328
2024-04-16,175.5074920654297
2024-04-17,176.41917419433594
2024-04-18,177.13333129882812
2024-04-19,177.87026977539062
2024-04-22,177.6879425048828
2024-04-23,178.05259704589844
2024-04-24,177.64993286132812
2024-04-25,175.10482788085938
2024-04-26,175.91773986816406
2024-04-29,177.3536376953125
2024-04-30,178.23495483398438
2024-05-01,177.5663604736328
2024-05-02,182.6034698486328
2024-05-03,178.29574584960938
2024-05-06,179.73922729492188
2024-05-07,180.17227172851562
2024-05-08,177.4600067138672
2024-05-09,178.5388641357422
2024-05-10,179.04788208007812
2024-05-13,180.02032470703125
2024-05-14,178.5388641357422
2024-05-15,180.2786407470703
2024-05-16,179.76963806152344
2024-05-17,179.52650451660156
2024-05-20,180.15708923339844
2024-05-21,178.4324951171875
2024-05-22,178.12098693847656
2024-05-23,175.0060577392578
2024-05-24,173.82086181640625
2024-05-28,172.30899047851562
2024-05-29,170.99461364746094
2024-05-30,172.29379272460938
2024-05-31,176.23681640625
2024-06-03,181.4562530517578
2024-06-04,181.1979217529297
2024-06-05,179.52650451660156
2024-06-06,182.46670532226562
2024-06-07,182.81619262695312
2024-06-10,182.6865234375
2024-06-11,179.20074462890625
2024-06-12,178.4761505126953
2024-06-13,176.9353790283203
2024-06-14,178.27781677246094
2024-06-17,177.53030395507812
2024-06-18,178.27781677246094
2024-06-20,181.83985900878906
2024-06-21,181.75595092773438
2024-06-24,179.9405975341797
2024-06-25,178.38461303710938
2024-06-26,176.6684112548828
2024-06-27,176.14974975585938
2024-06-28,178.2625732421875
2024-07-01,174.87594604492188
2024-07-02,174.85305786132812
2024-07-03,174.5479736328125
2024-07-05,173.7241973876953
2024-07-08,172.0308837890625
2024-07-09,168.92648315429688
2024-07-10,170.75711059570312
2024-07-11,171.5732421875
2024-07-12,174.75389099121094
2024-07-15,172.44276428222656
2024-07-16,175.9666748046875
2024-07-17,178.52188110351562
2024-07-18,176.7599334716797
2024-07-19,175.9971923828125
2024-07-22,176.26414489746094
2024-07-23,178.73545837402344
2024-07-24,181.03134155273438
2024-07-25,177.55319213867188
2024-07-26,181.00083923339844
2024-07-29,181.4127197265625
2024-07-30,184.387451171875
2024-07-31,183.86875915527344
2024-08-01,180.01690673828125
2024-08-02,184.48660278320312
2024-08-05,179.84144592285156
2024-08-06,179.635498046875
2024-08-07,177.43116760253906
2024-08-08,178.78125
2024-08-09,179.93296813964844
2024-08-12,178.58291625976562
2024-08-13,180.22280883789062
2024-08-14,178.54478454589844
2024-08-15,178.49900817871094
2024-08-16,180.26097106933594
2024-08-19,179.93296813964844
2024-08-20,179.04820251464844
2024-08-21,179.13211059570312
2024-08-22,179.475341796875
2024-08-23,180.29908752441406
2024-08-26,180.21519470214844
2024-08-27,181.51187133789062
2024-08-28,182.22122192382812
2024-08-29,183.8001251220703
2024-08-30,184.89849853515625
2024-09-03,184.72303771972656
2024-09-04,180.2686004638672
2024-09-05,177.91168212890625
2024-09-06,177.46929931640625
2024-09-09,181.681640625
2024-09-10,180.50982666015625
2024-09-11,178.9780731201172
2024-09-12,180.3643035888672
2024-09-13,179.35337829589844
2024-09-16,179.2461395263672
2024-09-17,177.12466430664062
2024-09-18,177.36972045898438
2024-09-19,179.697998046875
2024-09-20,178.83255004882812
2024-09-23,179.77459716796875
2024-09-24,181.47482299804688
2024-09-25,180.13455200195312
2024-09-26,181.7199249267578
2024-09-27,184.96722412109375
2024-09-30,184.65322875976562
2024-10-01,185.0897979736328
2024-10-02,183.62696838378906
2024-10-03,181.78883361816406
2024-10-04,182.44752502441406
2024-10-07,181.86544799804688
2024-10-08,181.64334106445312
2024-10-09,182.4398651123047
2024-10-10,180.39495849609375
2024-10-11,181.1302032470703
2024-10-14,183.82608032226562
2024-10-15,185.20468139648438
2024-10-16,183.99459838867188
2024-10-17,184.06350708007812
2024-10-18,186.68280029296875
2024-10-21,184.20899963378906
2024-10-22,183.58865356445312
2024-10-23,184.20899963378906
2024-10-24,182.75387573242188
2024-10-25,182.3785858154297
2024-10-28,182.97598266601562
2024-10-29,181.90374755859375
2024-10-30,181.2144317626953
2024-10-31,178.9014892578125
2024-11-01,180.16517639160156
2024-11-04,179.46823120117188
2024-11-05,181.742919921875
2024-11-06,183.85670471191406
2024-11-07,173.93858337402344
2024-11-08,177.40805053710938
2024-11-11,179.6826934814453
2024-11-12,177.12466430664062
2024-11-13,177.08633422851562
2024-11-14,173.98455810546875
2024-11-15,172.43746948242188
2024-11-18,171.63331604003906
2024-11-19,170.51512145996094
2024-11-20,170.3236541748047
2024-11-21,172.66725158691406
2024-11-22,171.55673217773438
2024-11-25,172.69021606445312
2024-11-26,171.74818420410156
2024-11-27,170.0096435546875
2024-11-29,169.9483642578125
2024-12-02,170.65298461914062
2024-12-03,169.4582061767578
2024-12-04,169.58840942382812
2024-12-05,170.20875549316406
2024-12-06,168.50852966308594
2024-12-09,171.60968017578125
2024-12-10,170.40151977539062
2024-12-11,170.09371948242188
2024-12-12,174.81085205078125
2024-12-13,173.57192993164062
2024-12-16,175.1109619140625
2024-12-17,173.63348388671875
2024-12-18,172.4407501220703
2024-12-19,172.24066162109375
2024-12-20,175.20330810546875
2024-12-23,174.24911499023438
2024-12-24,174.6415557861328
2024-12-26,175.5419158935547
2024-12-27,175.8266143798828
2024-12-30,174.30296325683594
2024-12-31,174.57998657226562
2025-01-02,174.28758239746094
2025-01-03,175.80352783203125
2025-01-06,177.52723693847656
2025-01-07,178.64305114746094
2025-01-08,180.39752197265625
2025-01-10,179.8126983642578
2025-01-13,181.75189208984375
2025-01-14,181.45176696777344
2025-01-15,178.98162841796875
2025-01-16,181.83653259277344
2025-01-17,182.6676025390625
2025-01-21,184.96847534179688
2025-01-22,183.0831298828125
2025-01-23,185.04539489746094
2025-01-24,187.3385772705078
2025-01-27,191.37852478027344
2025-01-28,191.6709442138672
2025-01-29,189.99339294433594
2025-01-30,191.2169189453125
2025-01-31,190.53204345703125
2025-02-03,190.5397491455078
2025-02-04,186.5459442138672
2025-02-05,188.5774688720703
2025-02-06,174.8416290283203
2025-02-07,176.87313842773438
2025-02-10,176.64230346679688
2025-02-11,176.61920166015625
2025-02-12,173.7950897216797
2025-02-13,173.14869689941406
2025-02-14,172.9871063232422
2025-02-18,173.24105834960938
2025-02-19,175.1109619140625
2025-02-20,175.39569091796875
2025-02-21,175.01092529296875
2025-02-24,177.2271270751953
2025-02-25,177.02706909179688
2025-02-26,175.13406372070312
2025-02-27,172.49459838867188
2025-02-28,173.548828125
2025-03-03,175.7958221435547
2025-03-04,172.57925415039062
2025-03-05,172.46383666992188
2025-03-06,173.40264892578125
2025-03-07,176.6345977783203
2025-03-10,175.82293701171875
2025-03-11,173.8671875
2025-03-12,173.01687622070312
2025-03-13,172.22068786621094
2025-03-14,174.68658447265625
2025-03-17,176.11668395996094
2025-03-18,179.4329376220703
2025-03-19,179.1778106689453
2025-03-20,179.22422790527344
2025-03-21,177.971923828125
2025-03-24,177.16796875
2025-03-25,176.3099365234375
2025-03-26,176.2480926513672
2025-03-27,176.79693603515625
2025-03-28,175.86158752441406
2025-03-31,177.06748962402344
2025-04-01,174.7329864501953
2025-04-02,175.02671813964844
2025-04-03,171.2930450439453
2025-04-04,160.2775421142578
2025-04-07,158.530517578125
2025-04-08,155.24520874023438
2025-04-09,161.831298828125
2025-04-10,153.92333984375
2025-04-11,155.97955322265625
2025-04-14,159.01751708984375
2025-04-15,156.1805419921875
2025-04-16,154.91278076171875
2025-04-17,153.6063995361328
2025-04-21,151.98306274414062
2025-04-22,154.51083374023438
2025-04-23,156.39700317382812
2025-04-24,158.0435028076172
2025-04-25,158.530517578125
2025-04-28,158.1826629638672
2025-04-29,159.58180236816406
2025-04-30,160.08428955078125
2025-05-01,131.05746459960938
2025-05-02,130.469970703125
2025-05-05,129.093994140625
2025-05-06,127.6639175415039
2025-05-07,129.20220947265625
2025-05-08,129.82835388183594
2025-05-09,129.26405334472656
2025-05-12,135.54098510742188
2025-05-13,135.54098510742188
2025-05-14,132.2015380859375
2025-05-15,133.1678009033203
2025-05-16,135.59506225585938
2025-05-19,136.8628387451172
2025-05-20,136.56907653808594
2025-05-21,133.84033203125
2025-05-22,133.19873046875
2025-05-23,132.4798126220703
2025-05-27,134.89935302734375
2025-05-28,133.73983764648438
2025-05-29,134.36598205566406
2025-05-30,133.41517639160156
2025-06-02,130.94923400878906
2025-06-03,131.92324829101562
2025-06-04,132.13967895507812
2025-06-05,132.20925903320312
2025-06-06,134.07997131347656
2025-06-09,134.15773010253906
2025-06-10,135.61976623535156
2025-06-11,134.321044921875
2025-06-12,135.67420959472656
2025-06-13,133.92442321777344
2025-06-16,133.83888244628906
2025-06-17,132.1591033935547
2025-06-18,131.10922241210938
2025-06-20,130.9770050048828
2025-06-23,131.98800659179688
2025-06-24,133.42672729492188
2025-06-25,132.90567016601562
2025-06-26,132.1824188232422
2025-06-27,132.8745574951172
2025-06-30,133.95553588867188
2025-07-01,138.1705780029297
2025-07-02,137.8594970703125
2025-07-03,136.99627685546875
2025-07-07,134.49990844726562
2025-07-08,135.80641174316406
2025-07-09,136.48300170898438
2025-07-10,138.03836059570312
2025-07-11,136.84852600097656
2025-07-14,137.71951293945312
2025-07-15,138.6682891845703
2025-07-16,138.63717651367188
2025-07-17,140.68247985839844
2025-07-18,139.08822631835938
2025-07-21,136.3507843017578
2025-07-22,140.97799682617188
2025-07-23,141.98898315429688
2025-07-24,142.8055419921875
2025-07-25,144.1198272705078
2025-07-28,142.26895141601562
2025-07-29,141.8334503173828
2025-07-30,141.18019104003906
2025-07-31,138.6216278076172
2025-08-01,137.15957641601562
2025-08-04,139.12710571289062
2025-08-05,137.56398010253906
2025-08-06,134.07997131347656
2025-08-07,145.9551544189453
2025-08-08,150.4812469482422
2025-08-11,149.7035675048828
2025-08-12,151.61666870117188
2025-08-13,152.39434814453125
2025-08-14,151.64776611328125
2025-08-15,152.37879943847656
2025-08-18,151.64776611328125
2025-08-19,154.004150390625
2025-08-20,154.91404724121094
2025-08-21,152.91539001464844
2025-08-22,155.2717742919922
2025-08-25,151.37559509277344
2025-08-26,150.92453002929688
2025-08-27,151.95884704589844
2025-08-28,148.73147583007812
2025-08-29,150.0768585205078
2025-09-02,146.3206787109375
2025-09-03,147.45606994628906
2025-09-04,148.73924255371094
2025-09-05,149.61802673339844
2025-09-08,149.79786682128906
2025-09-09,148.94558715820312
2025-09-10,147.33485412597656
2025-09-11,149.0003204345703
2025-09-12,146.0916290283203
2025-09-15,145.23153686523438
2025-09-16,145.59902954101562
2025-09-17,146.66241455078125
2025-09-18,147.28794860839844
2025-09-19,146.2480010986328
2025-09-22,145.8648681640625
2025-09-23,145.84141540527344
2025-09-24,145.47390747070312
2025-09-25,141.20469665527344
2025-09-26,144.3401641845703
2025-09-29,143.87100219726562
2025-09-30,146.3496551513672
2025-10-01,149.2974395751953
2025-10-02,149.81350708007812
2025-10-03,151.38514709472656
2025-10-06,150.11843872070312
2025-10-07,150.54067993164062
2025-10-08,151.63534545898438
2025-10-09,147.8430938720703
2025-10-10,145.87269592285156
2025-10-13,145.9508819580078
2025-10-14,147.28012084960938
2025-10-15,146.03688049316406
2025-10-16,144.86402893066406
2025-10-17,147.85874938964844
2025-10-20,149.3443603515625
2025-10-21,147.8040008544922
2025-10-22,147.08465576171875
2025-10-23,145.84922790527344
2025-10-24,145.30191040039062
2025-10-27,146.2480010986328
2025-10-28,144.0352020263672
2025-10-29,141.931884765625
2025-10-30,140.25860595703125
2025-10-31,139.73471069335938
2025-11-03,138.63223266601562
2025-11-04,139.99273681640625
2025-11-05,137.9207000732422
2025-11-06,138.70260620117188
2025-11-07,139.05445861816406
2025-11-10,142.02569580078125
2025-11-11,147.7961883544922
2025-11-12,150.2200927734375
2025-11-13,150.939453125
2025-11-14,150.939453125
2025-11-17,149.32872009277344
2025-11-18,150.38430786132812
2025-11-19,149.51637268066406
2025-11-20,148.2340545654297
2025-11-21,150.68923950195312
2025-11-24,149.31309509277344
2025-11-25,152.85511779785156
2025-11-26,151.6118927001953
2025-11-28,151.70571899414062
2025-12-01,149.9855194091797
2025-12-02,148.92994689941406
2025-12-03,151.35386657714844
2025-12-04,151.50242614746094
2025-12-05,151.6588134765625
2025-12-08,148.9779815673828
2025-12-09,148.44338989257812
2025-12-10,155.97483825683594
2025-12-11,157.5707550048828
2025-12-12,157.93238830566406
2025-12-15,157.30345153808594
2025-12-16,154.3946533203125
2025-12-17,153.58489990234375
2025-12-18,153.0660400390625
2025-12-19,153.76571655273438
2025-12-22,154.66981506347656
2025-12-23,153.82861328125
2025-12-24,154.18238830566406
2025-12-26,154.3474884033203
2025-12-29,153.42767333984375
2025-12-30,153.80503845214844
2025-12-31,152.5707550048828
2026-01-02,153.2547149658203
2026-01-05,156.41510009765625
2026-01-06,161.44654846191406
2026-01-07,159.3632049560547
2026-01-08,161.30503845214844
2026-01-09,159.3946533203125
2026-01-12,159.3867950439453
2026-01-13,158.42767333984375
2026-01-14,163.0660400390625
2026-01-15,163.7971649169922
2026-01-16,162.82232666015625
2026-01-20,159.89779663085938
2026-01-21,162.09120178222656
2026-01-22,161.9811248779297
2026-01-23,158.6399383544922
2026-01-26,159.92138671875
2026-01-27,159.90565490722656
2026-01-28,158.7421417236328
2026-01-29,158.08963012695312
2026-01-30,159.9685516357422
2026-02-02,158.73428344726562
2026-02-03,162.3427734375
2026-02-04,163.41981506347656
2026-02-05,162.3506317138672
2026-02-06,165.1100616455078
2026-02-09,163.04244995117188
2026-02-10,171.67999267578125
2026-02-11,180.6199951171875
2026-02-12,177.80999755859375
2026-02-13,175.88999938964844
2026-02-17,177.3800048828125
2026-02-18,182.67999267578125
2026-02-19,182.47000122070312
2026-02-20,185.38999938964844
2026-02-23,184.33999633789062
2026-02-24,182.49000549316406
2026-02-25,180.9600067138672
2026-02-26,177.4499969482422
