Date,Close
1998-04-02,6.538139820098877
1998-04-03,6.129506587982178
1998-04-06,5.567636013031006
1998-04-07,5.823032379150391
1998-04-08,5.823032379150391
1998-04-09,5.823032379150391
1998-04-13,5.823032379150391
1998-04-14,6.027347564697266
1998-04-15,6.129506587982178
1998-04-16,6.129506587982178
1998-04-17,6.129506587982178
1998-04-20,6.2316670417785645
1998-04-21,6.3338236808776855
1998-04-22,6.435982704162598
1998-04-23,6.435982704162598
1998-04-24,6.435982704162598
1998-04-27,6.435982704162598
1998-04-28,6.435982704162598
1998-04-29,6.129506587982178
1998-04-30,6.3338236808776855
1998-05-01,6.3338236808776855
1998-05-04,6.3338236808776855
1998-05-05,6.3338236808776855
1998-05-06,6.614758014678955
1998-05-07,6.614758014678955
1998-05-08,6.614758014678955
1998-05-11,6.589219570159912
1998-05-12,6.589219570159912
1998-05-13,6.589219570159912
1998-05-14,6.589219570159912
1998-05-15,6.4104413986206055
1998-05-18,6.180587291717529
1998-05-19,6.129506587982178
1998-05-20,6.129506587982178
1998-05-21,6.027347564697266
1998-05-22,6.027347564697266
1998-05-26,6.027347564697266
1998-05-27,6.027347564697266
1998-05-28,6.027347564697266
1998-05-29,5.874112129211426
1998-06-01,5.874112129211426
1998-06-02,5.874112129211426
1998-06-03,5.2611589431762695
1998-06-04,5.2611589431762695
1998-06-05,5.516556739807129
1998-06-08,5.414398670196533
1998-06-09,5.414398670196533
1998-06-10,5.414398670196533
1998-06-11,5.363317966461182
1998-06-12,5.363317966461182
1998-06-15,5.363317966461182
1998-06-16,5.363317966461182
1998-06-17,5.363317966461182
1998-06-18,5.363317966461182
1998-06-19,5.491018295288086
1998-06-22,5.516556739807129
1998-06-23,5.516556739807129
1998-06-24,5.618714809417725
1998-06-25,5.618714809417725
1998-06-26,5.618714809417725
1998-06-29,5.618714809417725
1998-06-30,5.618714809417725
1998-07-01,5.618714809417725
1998-07-02,5.516556739807129
1998-07-06,5.516556739807129
1998-07-07,5.210081100463867
1998-07-08,5.210081100463867
1998-07-09,5.210081100463867
1998-07-10,5.4654765129089355
1998-07-13,5.4654765129089355
1998-07-14,5.516556739807129
1998-07-15,5.516556739807129
1998-07-16,5.516556739807129
1998-07-17,5.516556739807129
1998-07-20,5.516556739807129
1998-07-21,5.516556739807129
1998-07-22,5.593175888061523
1998-07-23,5.593175888061523
1998-07-24,5.593175888061523
1998-07-27,5.593175888061523
1998-07-28,5.567636013031006
1998-07-29,5.5420966148376465
1998-07-30,5.5420966148376465
1998-07-31,5.5420966148376465
1998-08-03,5.5420966148376465
1998-08-04,5.5420966148376465
1998-08-05,5.5420966148376465
1998-08-06,5.5420966148376465
1998-08-07,5.388858318328857
1998-08-10,5.388858318328857
1998-08-11,5.388858318328857
1998-08-12,5.388858318328857
1998-08-13,5.388858318328857
1998-08-14,5.388858318328857
1998-08-17,5.388858318328857
1998-08-18,5.388858318328857
1998-08-19,5.516556739807129
1998-08-20,5.516556739807129
1998-08-21,5.516556739807129
1998-08-24,5.516556739807129
1998-08-25,5.516556739807129
1998-08-26,5.516556739807129
1998-08-27,5.516556739807129
1998-08-28,5.516556739807129
1998-08-31,5.159002304077148
1998-09-01,5.159002304077148
1998-09-02,5.516556739807129
1998-09-03,5.516556739807129
1998-09-04,5.516556739807129
1998-09-08,5.516556739807129
1998-09-09,5.516556739807129
1998-09-10,5.516556739807129
1998-09-11,5.516556739807129
1998-09-14,5.516556739807129
1998-09-15,5.516556739807129
1998-09-16,5.5420966148376465
1998-09-17,5.184541702270508
1998-09-18,5.5420966148376465
1998-09-21,5.5420966148376465
1998-09-22,5.235620975494385
1998-09-23,5.235620975494385
1998-09-24,5.184541702270508
1998-09-25,5.184541702270508
1998-09-28,5.196831226348877
1998-09-29,5.196831226348877
1998-09-30,5.196831226348877
1998-10-01,5.196831226348877
1998-10-02,5.196831226348877
1998-10-05,5.196831226348877
1998-10-06,5.2224297523498535
1998-10-07,5.2224297523498535
1998-10-08,5.2224297523498535
1998-10-09,5.2224297523498535
1998-10-12,5.2224297523498535
1998-10-13,5.2224297523498535
1998-10-14,5.2224297523498535
1998-10-15,5.2224297523498535
1998-10-16,5.2224297523498535
1998-10-19,5.196831226348877
1998-10-20,5.196831226348877
1998-10-21,5.196831226348877
1998-10-22,5.196831226348877
1998-10-23,5.196831226348877
1998-10-26,5.196831226348877
1998-10-27,5.196831226348877
1998-10-28,5.196831226348877
1998-10-29,5.196831226348877
1998-10-30,5.196831226348877
1998-11-02,5.196831226348877
1998-11-03,5.196831226348877
1998-11-04,5.196831226348877
1998-11-05,5.196831226348877
1998-11-06,5.529632091522217
1998-11-09,5.529632091522217
1998-11-10,5.529632091522217
1998-11-11,5.529632091522217
1998-11-12,5.529632091522217
1998-11-13,5.529632091522217
1998-11-16,5.529632091522217
1998-11-17,5.529632091522217
1998-11-18,5.529632091522217
1998-11-19,5.529632091522217
1998-11-20,5.171230792999268
1998-11-23,5.171230792999268
1998-11-24,5.2736310958862305
1998-11-25,5.2736310958862305
1998-11-27,5.2736310958862305
1998-11-30,5.2736310958862305
1998-12-01,5.2736310958862305
1998-12-02,5.2736310958862305
1998-12-03,5.2736310958862305
1998-12-04,5.2736310958862305
1998-12-07,5.2736310958862305
1998-12-08,5.2736310958862305
1998-12-09,5.2736310958862305
1998-12-10,5.2736310958862305
1998-12-11,5.2736310958862305
1998-12-14,5.2736310958862305
1998-12-15,5.2736310958862305
1998-12-16,5.324830532073975
1998-12-17,5.324830532073975
1998-12-18,5.324830532073975
1998-12-21,5.324830532073975
1998-12-22,5.324830532073975
1998-12-23,5.324830532073975
1998-12-24,5.171230792999268
1998-12-28,5.171230792999268
1998-12-29,5.234869956970215
1998-12-30,5.234869956970215
1998-12-31,5.234869956970215
1999-01-04,5.183548927307129
1999-01-05,5.183548927307129
1999-01-06,5.183548927307129
1999-01-07,5.183548927307129
1999-01-08,5.183548927307129
1999-01-11,5.183548927307129
1999-01-12,5.183548927307129
1999-01-13,5.183548927307129
1999-01-14,5.183548927307129
1999-01-15,5.132221698760986
1999-01-19,5.08090353012085
1999-01-20,5.08090353012085
1999-01-21,5.08090353012085
1999-01-22,4.926934719085693
1999-01-25,4.926934719085693
1999-01-26,4.798630714416504
1999-01-27,4.586925983428955
1999-01-28,4.61899995803833
1999-01-29,4.61899995803833
1999-02-01,4.61899995803833
1999-02-02,4.61899995803833
1999-02-03,4.61899995803833
1999-02-04,4.61899995803833
1999-02-05,4.695984363555908
1999-02-08,4.721646308898926
1999-02-09,4.695984363555908
1999-02-10,4.695984363555908
1999-02-11,4.695984363555908
1999-02-12,4.695984363555908
1999-02-16,4.721646308898926
1999-02-17,4.721646308898926
1999-02-18,4.721646308898926
1999-02-19,5.183548927307129
1999-02-22,5.183548927307129
1999-02-23,5.183548927307129
1999-02-24,5.234869956970215
1999-02-25,5.183548927307129
1999-02-26,5.183548927307129
1999-03-01,5.3375139236450195
1999-03-02,5.3375139236450195
1999-03-03,5.3375139236450195
1999-03-04,5.3375139236450195
1999-03-05,5.3375139236450195
1999-03-08,5.3375139236450195
1999-03-09,5.3375139236450195
1999-03-10,5.3375139236450195
1999-03-11,5.3375139236450195
1999-03-12,5.54280424118042
1999-03-15,5.54280424118042
1999-03-16,6.158669471740723
1999-03-17,5.54280424118042
1999-03-18,5.3888349533081055
1999-03-19,5.748091697692871
1999-03-22,5.748091697692871
1999-03-23,5.748091697692871
1999-03-24,5.234869956970215
1999-03-25,5.799413681030273
1999-03-26,5.748091697692871
1999-03-29,5.76043701171875
1999-03-30,5.683285236358643
1999-03-31,5.554704666137695
1999-04-01,5.554704666137695
1999-04-05,5.554704666137695
1999-04-06,5.76043701171875
1999-04-07,5.451841354370117
1999-04-08,5.451841354370117
1999-04-09,5.451841354370117
1999-04-12,5.451841354370117
1999-04-13,5.76043701171875
1999-04-14,5.76043701171875
1999-04-15,5.76043701171875
1999-04-16,5.554704666137695
1999-04-19,5.76043701171875
1999-04-20,5.76043701171875
1999-04-21,6.017598628997803
1999-04-22,5.554704666137695
1999-04-23,5.657571315765381
1999-04-26,5.554704666137695
1999-04-27,5.811868190765381
1999-04-28,5.657571315765381
1999-04-29,5.657571315765381
1999-04-30,5.657571315765381
1999-05-03,5.8633012771606445
1999-05-04,5.8633012771606445
1999-05-05,5.8633012771606445
1999-05-06,5.554704666137695
1999-05-07,5.657571315765381
1999-05-10,5.657571315765381
1999-05-11,5.451841354370117
1999-05-12,5.451841354370117
1999-05-13,5.451841354370117
1999-05-14,5.451841354370117
1999-05-17,5.451841354370117
1999-05-18,5.451841354370117
1999-05-19,5.451841354370117
1999-05-20,5.451841354370117
1999-05-21,5.451841354370117
1999-05-24,5.34897518157959
1999-05-25,5.451841354370117
1999-05-26,5.451841354370117
1999-05-27,5.451841354370117
1999-05-28,5.451841354370117
1999-06-01,5.451841354370117
1999-06-02,5.451841354370117
1999-06-03,5.246109962463379
1999-06-04,5.246109962463379
1999-06-07,5.246109962463379
1999-06-08,5.246109962463379
1999-06-09,5.246109962463379
1999-06-10,5.246109962463379
1999-06-11,5.246109962463379
1999-06-14,5.143243312835693
1999-06-15,5.143243312835693
1999-06-16,5.143243312835693
1999-06-17,5.143243312835693
1999-06-18,5.143243312835693
1999-06-21,5.040381908416748
1999-06-22,5.040381908416748
1999-06-23,4.9375152587890625
1999-06-24,4.9375152587890625
1999-06-25,4.9375152587890625
1999-06-28,5.158719539642334
1999-06-29,5.158719539642334
1999-06-30,4.9523725509643555
1999-07-01,5.158719539642334
1999-07-02,5.158719539642334
1999-07-06,5.158719539642334
1999-07-07,5.158719539642334
1999-07-08,5.158719539642334
1999-07-09,5.158719539642334
1999-07-12,5.158719539642334
1999-07-13,5.158719539642334
1999-07-14,5.158719539642334
1999-07-15,5.261896133422852
1999-07-16,5.261896133422852
1999-07-19,5.261896133422852
1999-07-20,5.261896133422852
1999-07-21,5.261896133422852
1999-07-22,5.261896133422852
1999-07-23,5.261896133422852
1999-07-26,5.261896133422852
1999-07-27,5.261896133422852
1999-07-28,5.261896133422852
1999-07-29,5.158719539642334
1999-07-30,5.158719539642334
1999-08-02,5.158719539642334
1999-08-03,5.1071367263793945
1999-08-04,5.1071367263793945
1999-08-05,5.1071367263793945
1999-08-06,5.1071367263793945
1999-08-09,5.1071367263793945
1999-08-10,4.9523725509643555
1999-08-11,5.1071367263793945
1999-08-12,5.1071367263793945
1999-08-13,5.1071367263793945
1999-08-16,5.1071367263793945
1999-08-17,4.9523725509643555
1999-08-18,4.9523725509643555
1999-08-19,4.9523725509643555
1999-08-20,4.9523725509643555
1999-08-23,5.261896133422852
1999-08-24,5.261896133422852
1999-08-25,5.261896133422852
1999-08-26,5.261896133422852
1999-08-27,5.261896133422852
1999-08-30,5.261896133422852
1999-08-31,5.365070819854736
1999-09-01,5.365070819854736
1999-09-02,5.365070819854736
1999-09-03,5.365070819854736
1999-09-07,5.365070819854736
1999-09-08,4.9523725509643555
1999-09-09,4.9523725509643555
1999-09-10,5.880945205688477
1999-09-13,5.880945205688477
1999-09-14,5.880945205688477
1999-09-15,5.158719539642334
1999-09-16,5.158719539642334
1999-09-17,5.158719539642334
1999-09-20,5.158719539642334
1999-09-21,5.158719539642334
1999-09-22,5.158719539642334
1999-09-23,5.158719539642334
1999-09-24,5.158719539642334
1999-09-27,5.158719539642334
1999-09-28,4.940414905548096
1999-09-29,4.940414905548096
1999-09-30,4.940414905548096
1999-10-01,4.940414905548096
1999-10-04,5.1732048988342285
1999-10-05,5.1732048988342285
1999-10-06,5.1732048988342285
1999-10-07,5.1732048988342285
1999-10-08,4.759349346160889
1999-10-11,5.276670455932617
1999-10-12,5.380134105682373
1999-10-13,5.380134105682373
1999-10-14,5.1732048988342285
1999-10-15,5.845724582672119
1999-10-18,5.587063312530518
1999-10-19,5.587063312530518
1999-10-20,5.587063312530518
1999-10-21,5.328402042388916
1999-10-22,5.328402042388916
1999-10-25,5.328402042388916
1999-10-26,5.328402042388916
1999-10-27,5.328402042388916
1999-10-28,5.276670455932617
1999-10-29,5.276670455932617
1999-11-01,5.276670455932617
1999-11-02,5.276670455932617
1999-11-03,5.1732048988342285
1999-11-04,5.1732048988342285
1999-11-05,5.1732048988342285
1999-11-08,5.1732048988342285
1999-11-09,5.1732048988342285
1999-11-10,4.966278553009033
1999-11-11,4.966278553009033
1999-11-12,4.966278553009033
1999-11-15,5.06974458694458
1999-11-16,5.06974458694458
1999-11-17,4.862814426422119
1999-11-18,4.862814426422119
1999-11-19,4.862814426422119
1999-11-22,4.862814426422119
1999-11-23,4.862814426422119
1999-11-24,4.862814426422119
1999-11-26,4.862814426422119
1999-11-29,4.862814426422119
1999-11-30,4.966278553009033
1999-12-01,4.966278553009033
1999-12-02,4.966278553009033
1999-12-03,5.224938869476318
1999-12-06,5.224938869476318
1999-12-07,5.224938869476318
1999-12-08,5.224938869476318
1999-12-09,5.224938869476318
1999-12-10,5.224938869476318
1999-12-13,5.224938869476318
1999-12-14,5.224938869476318
1999-12-15,5.224938869476318
1999-12-16,5.1214776039123535
1999-12-17,4.759349346160889
1999-12-20,4.966278553009033
1999-12-21,4.966278553009033
1999-12-22,4.966278553009033
1999-12-23,4.966278553009033
1999-12-27,4.992143154144287
1999-12-28,5.380134105682373
1999-12-29,5.500523567199707
1999-12-30,5.604307174682617
1999-12-31,5.604307174682617
2000-01-03,5.604307174682617
2000-01-04,5.604307174682617
2000-01-05,5.396739482879639
2000-01-06,5.396739482879639
2000-01-07,5.396739482879639
2000-01-10,5.396739482879639
2000-01-11,5.18917179107666
2000-01-12,5.18917179107666
2000-01-13,5.24106502532959
2000-01-14,5.811874866485596
2000-01-18,5.500523567199707
2000-01-19,5.500523567199707
2000-01-20,5.396739482879639
2000-01-21,5.396739482879639
2000-01-24,5.500523567199707
2000-01-25,5.396739482879639
2000-01-26,5.396739482879639
2000-01-27,5.396739482879639
2000-01-28,5.396739482879639
2000-01-31,5.24106502532959
2000-02-01,5.18917179107666
2000-02-02,5.18917179107666
2000-02-03,5.18917179107666
2000-02-04,5.18917179107666
2000-02-07,4.981606483459473
2000-02-08,4.981606483459473
2000-02-09,4.981606483459473
2000-02-10,4.981606483459473
2000-02-11,4.981606483459473
2000-02-14,4.981606483459473
2000-02-15,4.981606483459473
2000-02-16,4.981606483459473
2000-02-17,4.981606483459473
2000-02-18,4.981606483459473
2000-02-22,4.981606483459473
2000-02-23,4.981606483459473
2000-02-24,4.981606483459473
2000-02-25,4.774038791656494
2000-02-28,4.774038791656494
2000-02-29,4.774038791656494
2000-03-01,4.774038791656494
2000-03-02,4.774038791656494
2000-03-03,4.774038791656494
2000-03-06,4.774038791656494
2000-03-07,4.774038791656494
2000-03-08,4.644311904907227
2000-03-09,5.085391521453857
2000-03-10,5.085391521453857
2000-03-13,5.085391521453857
2000-03-14,5.085391521453857
2000-03-15,5.085391521453857
2000-03-16,5.085391521453857
2000-03-17,5.085391521453857
2000-03-20,4.981606483459473
2000-03-21,4.981606483459473
2000-03-22,4.981606483459473
2000-03-23,4.981606483459473
2000-03-24,4.981606483459473
2000-03-27,4.981606483459473
2000-03-28,4.981606483459473
2000-03-29,4.9722371101379395
2000-03-30,4.9722371101379395
2000-03-31,4.9722371101379395
2000-04-03,4.685873985290527
2000-04-04,4.685873985290527
2000-04-05,4.685873985290527
2000-04-06,4.685873985290527
2000-04-07,4.685873985290527
2000-04-10,4.685873985290527
2000-04-11,4.685873985290527
2000-04-12,4.685873985290527
2000-04-13,4.269353866577148
2000-04-14,4.269353866577148
2000-04-17,4.685873985290527
2000-04-18,4.6338114738464355
2000-04-19,4.6338114738464355
2000-04-20,4.6338114738464355
2000-04-24,4.6338114738464355
2000-04-25,4.6338114738464355
2000-04-26,4.685873985290527
2000-04-27,4.6338114738464355
2000-04-28,4.6338114738464355
2000-05-01,4.6338114738464355
2000-05-02,4.6338114738464355
2000-05-03,4.3995184898376465
2000-05-04,4.3995184898376465
2000-05-05,4.3995184898376465
2000-05-08,4.3995184898376465
2000-05-09,4.3995184898376465
2000-05-10,4.3995184898376465
2000-05-11,4.3995184898376465
2000-05-12,4.685873985290527
2000-05-15,5.206526756286621
2000-05-16,5.206526756286621
2000-05-17,4.5817461013793945
2000-05-18,4.5817461013793945
2000-05-19,4.5817461013793945
2000-05-22,4.5817461013793945
2000-05-23,4.5817461013793945
2000-05-24,4.5817461013793945
2000-05-25,4.5817461013793945
2000-05-26,4.5817461013793945
2000-05-30,4.5817461013793945
2000-05-31,4.5817461013793945
2000-06-01,4.5817461013793945
2000-06-02,4.5817461013793945
2000-06-05,4.5817461013793945
2000-06-06,4.5817461013793945
2000-06-07,4.5817461013793945
2000-06-08,4.5817461013793945
2000-06-09,4.5817461013793945
2000-06-12,4.5817461013793945
2000-06-13,4.5817461013793945
2000-06-14,4.5817461013793945
2000-06-15,4.425550937652588
2000-06-16,4.425550937652588
2000-06-19,4.425550937652588
2000-06-20,4.425550937652588
2000-06-21,4.425550937652588
2000-06-22,4.373482704162598
2000-06-23,4.373482704162598
2000-06-26,4.373482704162598
2000-06-27,4.16522216796875
2000-06-28,4.157902240753174
2000-06-29,4.288653373718262
2000-06-30,5.020862579345703
2000-07-03,5.020862579345703
2000-07-05,5.020862579345703
2000-07-06,5.020862579345703
2000-07-07,5.020862579345703
2000-07-10,4.4978556632995605
2000-07-11,4.4978556632995605
2000-07-12,4.4978556632995605
2000-07-13,4.811660289764404
2000-07-14,4.811660289764404
2000-07-17,4.811660289764404
2000-07-18,4.811660289764404
2000-07-19,4.811660289764404
2000-07-20,4.811660289764404
2000-07-21,4.811660289764404
2000-07-24,4.811660289764404
2000-07-25,4.811660289764404
2000-07-26,4.602456092834473
2000-07-27,4.184049129486084
2000-07-28,3.9748482704162598
2000-07-31,3.9748482704162598
2000-08-01,3.9748482704162598
2000-08-02,3.9748482704162598
2000-08-03,3.9748482704162598
2000-08-04,3.9748482704162598
2000-08-07,3.9748482704162598
2000-08-08,3.9748482704162598
2000-08-09,3.9748482704162598
2000-08-10,4.288653373718262
2000-08-11,4.184049129486084
2000-08-14,4.184049129486084
2000-08-15,4.184049129486084
2000-08-16,4.184049129486084
2000-08-17,3.9748482704162598
2000-08-18,3.9748482704162598
2000-08-21,3.9748482704162598
2000-08-22,3.9748482704162598
2000-08-23,3.9748482704162598
2000-08-24,3.9748482704162598
2000-08-25,3.9748482704162598
2000-08-28,3.9748482704162598
2000-08-29,3.9748482704162598
2000-08-30,3.9748482704162598
2000-08-31,3.9748482704162598
2000-09-01,3.9748482704162598
2000-09-05,3.9748482704162598
2000-09-06,3.9748482704162598
2000-09-07,3.9748482704162598
2000-09-08,3.9748482704162598
2000-09-11,3.9748482704162598
2000-09-12,3.9748482704162598
2000-09-13,3.9748482704162598
2000-09-14,3.9748482704162598
2000-09-15,3.9748482704162598
2000-09-18,3.9748482704162598
2000-09-19,3.9748482704162598
2000-09-20,3.9748482704162598
2000-09-21,4.184049129486084
2000-09-22,4.184049129486084
2000-09-25,4.184049129486084
2000-09-26,4.367104530334473
2000-09-27,4.359748840332031
2000-09-28,4.20216703414917
2000-09-29,4.20216703414917
2000-10-02,4.20216703414917
2000-10-03,4.20216703414917
2000-10-04,4.20216703414917
2000-10-05,4.20216703414917
2000-10-06,4.20216703414917
2000-10-09,4.20216703414917
2000-10-10,4.20216703414917
2000-10-11,4.20216703414917
2000-10-12,4.20216703414917
2000-10-13,4.93754768371582
2000-10-16,4.885021686553955
2000-10-17,4.885021686553955
2000-10-18,4.885021686553955
2000-10-19,3.939533233642578
2000-10-20,3.939533233642578
2000-10-23,3.939533233642578
2000-10-24,3.939533233642578
2000-10-25,3.939533233642578
2000-10-26,3.939533233642578
2000-10-27,3.939533233642578
2000-10-30,3.939533233642578
2000-10-31,3.939533233642578
2000-11-01,3.939533233642578
2000-11-02,4.07084846496582
2000-11-03,4.412276268005371
2000-11-06,4.412276268005371
2000-11-07,4.097115993499756
2000-11-08,4.097115993499756
2000-11-09,4.044588088989258
2000-11-10,4.044588088989258
2000-11-13,3.9920592308044434
2000-11-14,4.044588088989258
2000-11-15,4.044588088989258
2000-11-16,4.044588088989258
2000-11-17,4.044588088989258
2000-11-20,4.044588088989258
2000-11-21,4.044588088989258
2000-11-22,4.044588088989258
2000-11-24,4.044588088989258
2000-11-27,4.20216703414917
2000-11-28,4.20216703414917
2000-11-29,4.20216703414917
2000-11-30,4.20216703414917
2000-12-01,4.20216703414917
2000-12-04,4.20216703414917
2000-12-05,4.20216703414917
2000-12-06,4.20216703414917
2000-12-07,4.20216703414917
2000-12-08,4.20216703414917
2000-12-11,4.20216703414917
2000-12-12,4.20216703414917
2000-12-13,4.20216703414917
2000-12-14,4.20216703414917
2000-12-15,4.20216703414917
2000-12-18,4.20216703414917
2000-12-19,4.20216703414917
2000-12-20,4.20216703414917
2000-12-21,4.20216703414917
2000-12-22,4.20216703414917
2000-12-26,4.20216703414917
2000-12-27,4.121845245361328
2000-12-28,4.227533340454102
2000-12-29,4.227533340454102
2001-01-02,4.227533340454102
2001-01-03,4.227533340454102
2001-01-04,4.227533340454102
2001-01-05,4.65028715133667
2001-01-08,4.65028715133667
2001-01-09,4.65028715133667
2001-01-10,5.07304048538208
2001-01-11,4.861663818359375
2001-01-12,5.495794296264648
2001-01-16,5.495794296264648
2001-01-17,5.495794296264648
2001-01-18,5.495794296264648
2001-01-19,5.495794296264648
2001-01-22,5.495794296264648
2001-01-23,5.495794296264648
2001-01-24,5.495794296264648
2001-01-25,5.495794296264648
2001-01-26,5.495794296264648
2001-01-29,5.495794296264648
2001-01-30,5.495794296264648
2001-01-31,5.495794296264648
2001-02-01,5.495794296264648
2001-02-02,5.495794296264648
2001-02-05,5.495794296264648
2001-02-06,5.495794296264648
2001-02-07,5.495794296264648
2001-02-08,5.495794296264648
2001-02-09,5.495794296264648
2001-02-12,5.495794296264648
2001-02-13,5.495794296264648
2001-02-14,5.495794296264648
2001-02-15,5.495794296264648
2001-02-16,5.495794296264648
2001-02-20,5.495794296264648
2001-02-21,5.495794296264648
2001-02-22,5.284417152404785
2001-02-23,5.284417152404785
2001-02-26,5.07304048538208
2001-02-27,5.07304048538208
2001-02-28,4.4124884605407715
2001-03-01,4.861663818359375
2001-03-02,4.861663818359375
2001-03-05,4.861663818359375
2001-03-06,4.861663818359375
2001-03-07,4.861663818359375
2001-03-08,4.755972862243652
2001-03-09,4.861663818359375
2001-03-12,4.861663818359375
2001-03-13,4.861663818359375
2001-03-14,4.861663818359375
2001-03-15,4.861663818359375
2001-03-16,4.861663818359375
2001-03-19,4.861663818359375
2001-03-20,4.861663818359375
2001-03-21,4.861663818359375
2001-03-22,4.43890905380249
2001-03-23,4.43890905380249
2001-03-26,4.43890905380249
2001-03-27,4.43890905380249
2001-03-28,4.464421272277832
2001-03-29,4.889603614807129
2001-03-30,4.889603614807129
2001-04-02,4.889603614807129
2001-04-03,4.889603614807129
2001-04-04,4.889603614807129
2001-04-05,4.889603614807129
2001-04-06,4.889603614807129
2001-04-09,4.889603614807129
2001-04-10,4.889603614807129
2001-04-11,4.889603614807129
2001-04-12,5.102196216583252
2001-04-16,5.421082019805908
2001-04-17,5.421082019805908
2001-04-18,5.421082019805908
2001-04-19,5.421082019805908
2001-04-20,5.421082019805908
2001-04-23,5.421082019805908
2001-04-24,5.421082019805908
2001-04-25,5.421082019805908
2001-04-26,5.421082019805908
2001-04-27,5.421082019805908
2001-04-30,5.421082019805908
2001-05-01,5.102196216583252
2001-05-02,4.787559986114502
2001-05-03,4.787559986114502
2001-05-04,5.102196216583252
2001-05-07,4.783308506011963
2001-05-08,4.783308506011963
2001-05-09,4.685517311096191
2001-05-10,4.685517311096191
2001-05-11,4.685517311096191
2001-05-14,4.974640369415283
2001-05-15,4.974640369415283
2001-05-16,4.974640369415283
2001-05-17,4.974640369415283
2001-05-18,4.889603614807129
2001-05-21,4.889603614807129
2001-05-22,4.889603614807129
2001-05-23,4.889603614807129
2001-05-24,4.889603614807129
2001-05-25,4.889603614807129
2001-05-29,4.889603614807129
2001-05-30,4.889603614807129
2001-05-31,4.889603614807129
2001-06-01,4.889603614807129
2001-06-04,4.889603614807129
2001-06-05,4.889603614807129
2001-06-06,4.889603614807129
2001-06-07,4.889603614807129
2001-06-08,5.102196216583252
2001-06-11,5.102196216583252
2001-06-12,5.102196216583252
2001-06-13,5.102196216583252
2001-06-14,5.102196216583252
2001-06-15,5.102196216583252
2001-06-18,5.102196216583252
2001-06-19,4.889603614807129
2001-06-20,4.485680103302002
2001-06-21,4.485680103302002
2001-06-22,4.485680103302002
2001-06-25,4.485680103302002
2001-06-26,4.485680103302002
2001-06-27,4.511337757110596
2001-06-28,4.511337757110596
2001-06-29,4.917572498321533
2001-07-02,4.917572498321533
2001-07-03,4.917572498321533
2001-07-05,4.917572498321533
2001-07-06,4.917572498321533
2001-07-09,4.917572498321533
2001-07-10,4.917572498321533
2001-07-11,4.917572498321533
2001-07-12,5.024474620819092
2001-07-13,5.131378650665283
2001-07-16,5.131378650665283
2001-07-17,5.131378650665283
2001-07-18,4.708040714263916
2001-07-19,5.238283157348633
2001-07-20,5.238283157348633
2001-07-23,5.238283157348633
2001-07-24,5.238283157348633
2001-07-25,5.238283157348633
2001-07-26,5.238283157348633
2001-07-27,5.238283157348633
2001-07-30,5.345186710357666
2001-07-31,5.345186710357666
2001-08-01,5.238283157348633
2001-08-02,5.345186710357666
2001-08-03,5.345186710357666
2001-08-06,4.9817118644714355
2001-08-07,4.9817118644714355
2001-08-08,4.9817118644714355
2001-08-09,4.9817118644714355
2001-08-10,4.9817118644714355
2001-08-13,4.9817118644714355
2001-08-14,4.9817118644714355
2001-08-15,4.9817118644714355
2001-08-16,4.998818397521973
2001-08-17,5.131378650665283
2001-08-20,5.131378650665283
2001-08-21,5.238283157348633
2001-08-22,5.024474620819092
2001-08-23,5.024474620819092
2001-08-24,5.024474620819092
2001-08-27,4.917572498321533
2001-08-28,4.810667037963867
2001-08-29,4.921848297119141
2001-08-30,4.921848297119141
2001-08-31,5.131378650665283
2001-09-04,5.131378650665283
2001-09-05,5.131378650665283
2001-09-06,4.968883991241455
2001-09-07,4.968883991241455
2001-09-10,4.968883991241455
2001-09-17,4.968883991241455
2001-09-18,4.968883991241455
2001-09-19,4.968883991241455
2001-09-20,4.276147842407227
2001-09-21,4.276147842407227
2001-09-24,4.276147842407227
2001-09-25,4.70376443862915
2001-09-26,4.729562282562256
2001-09-27,4.729562282562256
2001-09-28,4.729562282562256
2001-10-01,4.729562282562256
2001-10-02,4.729562282562256
2001-10-03,4.729562282562256
2001-10-04,4.729562282562256
2001-10-05,4.729562282562256
2001-10-08,4.944541931152344
2001-10-09,4.944541931152344
2001-10-10,4.944541931152344
2001-10-11,4.944541931152344
2001-10-12,4.944541931152344
2001-10-15,4.944541931152344
2001-10-16,5.696971893310547
2001-10-17,5.696971893310547
2001-10-18,5.696971893310547
2001-10-19,5.696971893310547
2001-10-22,5.696971893310547
2001-10-23,5.3745012283325195
2001-10-24,5.3745012283325195
2001-10-25,5.3745012283325195
2001-10-26,5.3745012283325195
2001-10-29,5.3745012283325195
2001-10-30,5.3745012283325195
2001-10-31,4.987536907196045
2001-11-01,4.987536907196045
2001-11-02,5.159520626068115
2001-11-05,5.159520626068115
2001-11-06,5.159520626068115
2001-11-07,5.159520626068115
2001-11-08,5.159520626068115
2001-11-09,5.3745012283325195
2001-11-12,5.3745012283325195
2001-11-13,5.3745012283325195
2001-11-14,5.3745012283325195
2001-11-15,5.030532360076904
2001-11-16,5.224014759063721
2001-11-19,5.224014759063721
2001-11-20,5.224014759063721
2001-11-21,5.481990337371826
2001-11-23,5.481990337371826
2001-11-26,5.481990337371826
2001-11-27,5.481990337371826
2001-11-28,5.481990337371826
2001-11-29,5.481990337371826
2001-11-30,5.481990337371826
2001-12-03,5.481990337371826
2001-12-04,5.481990337371826
2001-12-05,5.481990337371826
2001-12-06,5.481990337371826
2001-12-07,5.481990337371826
2001-12-10,5.5034894943237305
2001-12-11,5.481990337371826
2001-12-12,5.481990337371826
2001-12-13,5.481990337371826
2001-12-14,5.589481353759766
2001-12-17,5.589481353759766
2001-12-18,5.589481353759766
2001-12-19,5.696971893310547
2001-12-20,5.589481353759766
2001-12-21,5.589481353759766
2001-12-24,5.589481353759766
2001-12-26,5.739968776702881
2001-12-27,5.47650671005249
2001-12-28,5.787477016448975
2001-12-31,5.787477016448975
2002-01-02,5.787477016448975
2002-01-03,5.787477016448975
2002-01-04,5.787477016448975
2002-01-07,5.787477016448975
2002-01-08,5.614715576171875
2002-01-09,5.614715576171875
2002-01-10,5.614715576171875
2002-01-11,5.571526527404785
2002-01-14,5.549929618835449
2002-01-15,5.549929618835449
2002-01-16,5.506740093231201
2002-01-17,5.506740093231201
2002-01-18,5.506740093231201
2002-01-22,5.506740093231201
2002-01-23,5.657905101776123
2002-01-24,5.657905101776123
2002-01-25,5.722690105438232
2002-01-28,5.722690105438232
2002-01-29,5.722690105438232
2002-01-30,5.981829643249512
2002-01-31,5.9991068840026855
2002-02-01,5.9991068840026855
2002-02-04,5.9991068840026855
2002-02-05,5.938640117645264
2002-02-06,5.938640117645264
2002-02-07,5.679502010345459
2002-02-08,5.614715576171875
2002-02-11,5.614715576171875
2002-02-12,5.614715576171875
2002-02-13,5.8090715408325195
2002-02-14,5.8090715408325195
2002-02-15,5.826347351074219
2002-02-19,5.722690105438232
2002-02-20,5.722690105438232
2002-02-21,5.722690105438232
2002-02-22,5.722690105438232
2002-02-25,5.614715576171875
2002-02-26,5.614715576171875
2002-02-27,5.614715576171875
2002-02-28,5.614715576171875
2002-03-01,5.830667018890381
2002-03-04,5.722690105438232
2002-03-05,5.830667018890381
2002-03-06,5.830667018890381
2002-03-07,5.722690105438232
2002-03-08,5.830667018890381
2002-03-11,5.830667018890381
2002-03-12,5.722690105438232
2002-03-13,5.722690105438232
2002-03-14,5.722690105438232
2002-03-15,5.722690105438232
2002-03-18,5.830667018890381
2002-03-19,5.614715576171875
2002-03-20,5.614715576171875
2002-03-21,5.614715576171875
2002-03-22,5.960237503051758
2002-03-25,5.960237503051758
2002-03-26,5.986263751983643
2002-03-27,5.986263751983643
2002-03-28,5.986263751983643
2002-04-01,5.639235019683838
2002-04-02,5.639235019683838
2002-04-03,5.639235019683838
2002-04-04,5.964573383331299
2002-04-05,5.964573383331299
2002-04-08,5.964573383331299
2002-04-09,5.960238456726074
2002-04-10,5.960238456726074
2002-04-11,5.660923480987549
2002-04-12,6.029642581939697
2002-04-15,5.964573383331299
2002-04-16,5.903841972351074
2002-04-17,5.903841972351074
2002-04-18,5.903841972351074
2002-04-19,5.899505615234375
2002-04-22,5.899505615234375
2002-04-23,5.877818584442139
2002-04-24,5.877818584442139
2002-04-25,5.964573383331299
2002-04-26,5.964573383331299
2002-04-29,6.029642581939697
2002-04-30,6.029642581939697
2002-05-01,6.029642581939697
2002-05-02,6.029642581939697
2002-05-03,6.029642581939697
2002-05-06,6.029642581939697
2002-05-07,6.029642581939697
2002-05-08,6.1597795486450195
2002-05-09,6.1597795486450195
2002-05-10,6.1597795486450195
2002-05-13,5.877818584442139
2002-05-14,5.877818584442139
2002-05-15,5.877818584442139
2002-05-16,5.877818584442139
2002-05-17,5.921196460723877
2002-05-20,5.921196460723877
2002-05-21,5.921196460723877
2002-05-22,5.964573383331299
2002-05-23,6.073019981384277
2002-05-24,5.964573383331299
2002-05-28,5.964573383331299
2002-05-29,5.8170881271362305
2002-05-30,5.882153511047363
2002-05-31,5.882153511047363
2002-06-03,5.964573383331299
2002-06-04,5.964573383331299
2002-06-05,5.964573383331299
2002-06-06,5.964573383331299
2002-06-07,5.7910614013671875
2002-06-10,5.7910614013671875
2002-06-11,5.812749862670898
2002-06-12,5.812749862670898
2002-06-13,5.812749862670898
2002-06-14,5.856127738952637
2002-06-17,5.899505615234375
2002-06-18,5.899505615234375
2002-06-19,5.899505615234375
2002-06-20,5.899505615234375
2002-06-21,6.029642581939697
2002-06-24,6.029642581939697
2002-06-25,6.029642581939697
2002-06-26,6.029642581939697
2002-06-27,6.029642581939697
2002-06-28,5.9947638511657715
2002-07-01,5.9947638511657715
2002-07-02,6.038359642028809
2002-07-03,5.97732400894165
2002-07-05,5.97732400894165
2002-07-08,6.539744853973389
2002-07-09,6.801333427429199
2002-07-10,7.014963626861572
2002-07-11,6.7577338218688965
2002-07-12,7.054201602935791
2002-07-15,6.9757256507873535
2002-07-16,6.9757256507873535
2002-07-17,7.019322395324707
2002-07-18,6.9757256507873535
2002-07-19,6.805693626403809
2002-07-22,6.696697235107422
2002-07-23,6.696697235107422
2002-07-24,6.3435492515563965
2002-07-25,6.3435492515563965
2002-07-26,6.801333427429199
2002-07-29,6.801333427429199
2002-07-30,6.801333427429199
2002-07-31,6.8798089027404785
2002-08-01,6.714137077331543
2002-08-02,6.714137077331543
2002-08-05,6.866727352142334
2002-08-06,6.866727352142334
2002-08-07,6.866727352142334
2002-08-08,7.019322395324707
2002-08-09,7.019322395324707
2002-08-12,7.019322395324707
2002-08-13,6.7577338218688965
2002-08-14,6.648738384246826
2002-08-15,6.648738384246826
2002-08-16,6.648738384246826
2002-08-19,6.648738384246826
2002-08-20,6.7577338218688965
2002-08-21,6.7577338218688965
2002-08-22,7.014963626861572
2002-08-23,7.019322395324707
2002-08-26,7.019322395324707
2002-08-27,6.871089935302734
2002-08-28,6.8798089027404785
2002-08-29,7.019322395324707
2002-08-30,7.019322395324707
2002-09-03,6.932126045227051
2002-09-04,7.019322395324707
2002-09-05,6.953927993774414
2002-09-06,6.936488628387451
2002-09-09,6.936488628387451
2002-09-10,6.988804340362549
2002-09-11,6.988804340362549
2002-09-12,6.6269402503967285
2002-09-13,6.7577338218688965
2002-09-16,6.7577338218688965
2002-09-17,6.7577338218688965
2002-09-18,6.622581481933594
2002-09-19,6.452546119689941
2002-09-20,6.539744853973389
2002-09-23,6.321753025054932
2002-09-24,6.321753025054932
2002-09-25,6.321753025054932
2002-09-26,6.321752548217773
2002-09-27,6.352420806884766
2002-09-30,6.352420806884766
2002-10-01,6.291083812713623
2002-10-02,6.286701202392578
2002-10-03,6.286701202392578
2002-10-04,5.9800333976745605
2002-10-07,5.971273899078369
2002-10-08,5.958130359649658
2002-10-09,5.958130359649658
2002-10-10,6.348036766052246
2002-10-11,6.348036766052246
2002-10-14,6.006319999694824
2002-10-15,6.006319999694824
2002-10-16,6.348036766052246
2002-10-17,6.050130844116211
2002-10-18,6.089559078216553
2002-10-21,6.352420806884766
2002-10-22,6.006319999694824
2002-10-23,6.006319999694824
2002-10-24,6.137750148773193
2002-10-25,6.352420806884766
2002-10-28,6.159656047821045
2002-10-29,6.396226406097412
2002-10-30,6.172797203063965
2002-10-31,6.168416500091553
2002-11-01,6.168416500091553
2002-11-04,6.352420806884766
2002-11-05,6.242892742156982
2002-11-06,6.352420806884766
2002-11-07,6.786136150360107
2002-11-08,6.786136150360107
2002-11-11,6.356797218322754
2002-11-12,6.356797218322754
2002-11-13,6.571469306945801
2002-11-14,6.571469306945801
2002-11-15,6.571469306945801
2002-11-18,6.571469306945801
2002-11-19,6.549561023712158
2002-11-20,6.571469306945801
2002-11-21,6.571469306945801
2002-11-22,6.571469306945801
2002-11-25,6.575847625732422
2002-11-26,6.575847625732422
2002-11-27,6.575847625732422
2002-11-29,6.575847625732422
2002-12-02,6.575847625732422
2002-12-03,6.400609493255615
2002-12-04,6.400609493255615
2002-12-05,6.400609493255615
2002-12-06,6.400609493255615
2002-12-09,6.400609493255615
2002-12-10,6.400609493255615
2002-12-11,6.400609493255615
2002-12-12,6.334893226623535
2002-12-13,6.334893226623535
2002-12-16,6.177179336547852
2002-12-17,6.177179336547852
2002-12-18,6.177179336547852
2002-12-19,6.1990838050842285
2002-12-20,6.177179336547852
2002-12-23,6.27794075012207
2002-12-24,6.352420806884766
2002-12-26,6.584609031677246
2002-12-27,7.044719696044922
2002-12-30,7.044719696044922
2002-12-31,7.044719696044922
2003-01-02,7.044719696044922
2003-01-03,7.000688076019287
2003-01-06,7.000688076019287
2003-01-07,7.123969554901123
2003-01-08,7.123969554901123
2003-01-09,7.123969554901123
2003-01-10,7.123969554901123
2003-01-13,7.0403151512146
2003-01-14,6.626437187194824
2003-01-15,7.0403151512146
2003-01-16,6.740912437438965
2003-01-17,6.780542373657227
2003-01-21,6.780542373657227
2003-01-22,6.780542373657227
2003-01-23,6.978675365447998
2003-01-24,6.978675365447998
2003-01-27,7.132776737213135
2003-01-28,7.066734790802002
2003-01-29,7.066734790802002
2003-01-30,7.066734790802002
2003-01-31,7.066734790802002
2003-02-03,7.15479040145874
2003-02-04,7.374939441680908
2003-02-05,7.529045104980469
2003-02-06,7.445385456085205
2003-02-07,7.5730743408203125
2003-02-10,7.639119625091553
2003-02-11,7.529045104980469
2003-02-12,7.5466532707214355
2003-02-13,7.65232515335083
2003-02-14,7.771206855773926
2003-02-18,7.9913554191589355
2003-02-19,7.9913554191589355
2003-02-20,7.9913554191589355
2003-02-21,7.925307750701904
2003-02-24,8.396421432495117
2003-02-25,8.607767105102539
2003-02-26,8.497689247131348
2003-02-27,8.251130104064941
2003-02-28,8.052993774414062
2003-03-03,8.052993774414062
2003-03-04,7.951727390289307
2003-03-05,7.951727390289307
2003-03-06,7.81082820892334
2003-03-07,7.7623982429504395
2003-03-10,7.7623982429504395
2003-03-11,7.81082820892334
2003-03-12,7.81082820892334
2003-03-13,7.8152337074279785
2003-03-14,7.8152337074279785
2003-03-17,7.8152337074279785
2003-03-18,7.8152337074279785
2003-03-19,7.793220520019531
2003-03-20,7.793220520019531
2003-03-21,7.793220520019531
2003-03-24,7.784412860870361
2003-03-25,7.837250232696533
2003-03-26,7.84165096282959
2003-03-27,7.839443206787109
2003-03-28,7.839443206787109
2003-03-31,7.839443206787109
2003-04-01,7.835022449493408
2003-04-02,7.5874128341674805
2003-04-03,7.468031883239746
2003-04-04,7.468031883239746
2003-04-07,7.507823467254639
2003-04-08,7.507823467254639
2003-04-09,7.507823467254639
2003-04-10,7.507823467254639
2003-04-11,7.574146270751953
2003-04-14,7.574146270751953
2003-04-15,7.68468713760376
2003-04-16,7.768698692321777
2003-04-17,7.768698692321777
2003-04-21,7.768698692321777
2003-04-22,7.826175212860107
2003-04-23,7.826175212860107
2003-04-24,8.00304126739502
2003-04-25,8.113580703735352
2003-04-28,8.113580703735352
2003-04-29,8.286019325256348
2003-04-30,8.148953437805176
2003-05-01,8.246224403381348
2003-05-02,8.268335342407227
2003-05-05,8.268335342407227
2003-05-06,8.179902076721191
2003-05-07,8.18432331085205
2003-05-08,8.18432331085205
2003-05-09,8.179902076721191
2003-05-12,8.179902076721191
2003-05-13,8.179902076721191
2003-05-14,8.400980949401855
2003-05-15,8.400980949401855
2003-05-16,8.356764793395996
2003-05-19,7.958824634552002
2003-05-20,7.958824634552002
2003-05-21,7.958824634552002
2003-05-22,7.958824634552002
2003-05-23,7.958824634552002
2003-05-27,7.958824634552002
2003-05-28,7.737743377685547
2003-05-29,8.400980949401855
2003-05-30,8.546893119812012
2003-06-02,8.546893119812012
2003-06-03,8.546893119812012
2003-06-04,8.546893119812012
2003-06-05,8.546893119812012
2003-06-06,8.423089981079102
2003-06-09,9.210127830505371
2003-06-10,9.210127830505371
2003-06-11,8.85197925567627
2003-06-12,9.174755096435547
2003-06-13,8.741439819335938
2003-06-16,9.15707015991211
2003-06-17,9.15707015991211
2003-06-18,8.953676223754883
2003-06-19,8.843137741088867
2003-06-20,8.953676223754883
2003-06-23,8.953676223754883
2003-06-24,8.953676223754883
2003-06-25,8.953676223754883
2003-06-26,8.880414009094238
2003-06-27,8.880414009094238
2003-06-30,8.880414009094238
2003-07-01,8.880414009094238
2003-07-02,8.880414009094238
2003-07-03,8.880414009094238
2003-07-07,8.880414009094238
2003-07-08,9.32443618774414
2003-07-09,8.88929271697998
2003-07-10,8.88929271697998
2003-07-11,8.880414009094238
2003-07-14,8.880414009094238
2003-07-15,9.235630989074707
2003-07-16,9.657447814941406
2003-07-17,9.657447814941406
2003-07-18,9.657447814941406
2003-07-21,9.657447814941406
2003-07-22,9.657447814941406
2003-07-23,9.657447814941406
2003-07-24,9.879460334777832
2003-07-25,9.879460334777832
2003-07-28,10.438925743103027
2003-07-29,10.208036422729492
2003-07-30,10.616532325744629
2003-07-31,10.616532325744629
2003-08-01,10.323481559753418
2003-08-04,10.323481559753418
2003-08-05,10.323481559753418
2003-08-06,10.323481559753418
2003-08-07,10.323481559753418
2003-08-08,10.323481559753418
2003-08-11,10.425602912902832
2003-08-12,10.390081405639648
2003-08-13,10.390081405639648
2003-08-14,10.003789901733398
2003-08-15,10.003789901733398
2003-08-18,10.003789901733398
2003-08-19,10.003789901733398
2003-08-20,10.003789901733398
2003-08-21,10.443366050720215
2003-08-22,10.367883682250977
2003-08-25,10.101472854614258
2003-08-26,10.434488296508789
2003-08-27,10.65649700164795
2003-08-28,10.72309684753418
2003-08-29,11.32252311706543
2003-09-02,10.989513397216797
2003-09-03,10.976189613342285
2003-09-04,10.976189613342285
2003-09-05,11.304767608642578
2003-09-08,11.992998123168945
2003-09-09,11.10495662689209
2003-09-10,11.633344650268555
2003-09-11,11.633344650268555
2003-09-12,11.522339820861816
2003-09-15,11.544537544250488
2003-09-16,10.65649700164795
2003-09-17,10.684242248535156
2003-09-18,10.323481559753418
2003-09-19,10.53438949584961
2003-09-22,10.267980575561523
2003-09-23,10.5676908493042
2003-09-24,9.43543815612793
2003-09-25,10.351232528686523
2003-09-26,10.083812713623047
2003-09-29,9.916677474975586
2003-09-30,9.911111831665039
2003-10-01,9.78297233581543
2003-10-02,10.473795890808105
2003-10-03,10.501649856567383
2003-10-06,10.613080024719238
2003-10-07,10.640931129455566
2003-10-08,11.025341987609863
2003-10-09,11.025341987609863
2003-10-10,11.281617164611816
2003-10-13,11.699457168579102
2003-10-14,11.30947494506836
2003-10-15,11.142338752746582
2003-10-16,10.423657417297363
2003-10-17,10.19524097442627
2003-10-20,10.19524097442627
2003-10-21,10.19524097442627
2003-10-22,10.696646690368652
2003-10-23,10.19524097442627
2003-10-24,10.19524097442627
2003-10-27,10.028103828430176
2003-10-28,10.167384147644043
2003-10-29,10.167384147644043
2003-10-30,10.445941925048828
2003-10-31,10.59079360961914
2003-11-03,10.59079360961914
2003-11-04,11.142338752746582
2003-11-05,10.891636848449707
2003-11-06,10.891636848449707
2003-11-07,10.30666446685791
2003-11-10,10.585225105285645
2003-11-11,10.19524097442627
2003-11-12,11.058771133422852
2003-11-13,11.866589546203613
2003-11-14,11.699457168579102
2003-11-17,11.420897483825684
2003-11-18,11.281617164611816
2003-11-19,11.420897483825684
2003-11-20,11.420897483825684
2003-11-21,11.003057479858398
2003-11-24,11.003057479858398
2003-11-25,11.003057479858398
2003-11-26,11.003057479858398
2003-11-28,11.003057479858398
2003-12-01,10.880489349365234
2003-12-02,11.448751449584961
2003-12-03,11.783026695251465
2003-12-04,11.699457168579102
2003-12-05,11.849879264831543
2003-12-08,11.699457168579102
2003-12-09,10.362373352050781
2003-12-10,11.810876846313477
2003-12-11,11.699457168579102
2003-12-12,10.724501609802246
2003-12-15,10.774641990661621
2003-12-16,10.724501609802246
2003-12-17,10.668790817260742
2003-12-18,11.242620468139648
2003-12-19,11.253763198852539
2003-12-22,11.253763198852539
2003-12-23,11.36518383026123
2003-12-24,11.36518383026123
2003-12-26,11.36518383026123
2003-12-29,11.182353973388672
2003-12-30,11.182353973388672
2003-12-31,11.294177055358887
2004-01-02,11.294177055358887
2004-01-05,11.042574882507324
2004-01-06,11.042574882507324
2004-01-07,11.143214225769043
2004-01-08,11.143214225769043
2004-01-09,11.456320762634277
2004-01-12,11.590508460998535
2004-01-13,11.053757667541504
2004-01-14,11.053757667541504
2004-01-15,11.478686332702637
2004-01-16,11.092894554138184
2004-01-20,11.277402877807617
2004-01-21,11.042574882507324
2004-01-22,11.042574882507324
2004-01-23,11.461913108825684
2004-01-26,11.10966968536377
2004-01-27,11.221489906311035
2004-01-28,11.221489906311035
2004-01-29,11.322132110595703
2004-01-30,11.322132110595703
2004-02-02,11.322132110595703
2004-02-03,11.2494478225708
2004-02-04,11.2494478225708
2004-02-05,11.182353973388672
2004-02-06,12.171990394592285
2004-02-09,11.098482131958008
2004-02-10,11.568144798278809
2004-02-11,11.775016784667969
2004-02-12,11.26622200012207
2004-02-13,11.26622200012207
2004-02-17,11.797383308410645
2004-02-18,11.322132110595703
2004-02-19,11.322132110595703
2004-02-20,11.322132110595703
2004-02-23,11.35008716583252
2004-02-24,11.322132110595703
2004-02-25,11.60169506072998
2004-02-26,11.640826225280762
2004-02-27,11.741471290588379
2004-03-01,11.741471290588379
2004-03-02,11.741471290588379
2004-03-03,11.461913108825684
2004-03-04,11.461913108825684
2004-03-05,11.741471290588379
2004-03-08,12.132855415344238
2004-03-09,12.132855415344238
2004-03-10,12.132855415344238
2004-03-11,11.741471290588379
2004-03-12,11.965117454528809
2004-03-15,11.965117454528809
2004-03-16,11.741471290588379
2004-03-17,11.741471290588379
2004-03-18,12.02103042602539
2004-03-19,11.970707893371582
2004-03-22,11.970707893371582
2004-03-23,11.970707893371582
2004-03-24,11.970707893371582
2004-03-25,11.758244514465332
2004-03-26,12.071354866027832
2004-03-29,11.939498901367188
2004-03-30,11.917058944702148
2004-03-31,12.062935829162598
2004-04-01,12.343466758728027
2004-04-02,12.343466758728027
2004-04-05,11.9226655960083
2004-04-06,12.287363052368164
2004-04-07,12.062935829162598
2004-04-08,12.163928985595703
2004-04-12,12.180754661560059
2004-04-13,12.343466758728027
2004-04-14,12.595947265625
2004-04-15,11.860949516296387
2004-04-16,12.354686737060547
2004-04-19,12.478128433227539
2004-04-20,12.567892074584961
2004-04-21,12.107820510864258
2004-04-22,11.984386444091797
2004-04-23,11.984386444091797
2004-04-26,11.984386444091797
2004-04-27,12.652057647705078
2004-04-28,12.652057647705078
2004-04-29,12.377134323120117
2004-04-30,12.377134323120117
2004-05-03,12.377134323120117
2004-05-04,12.377134323120117
2004-05-05,11.687017440795898
2004-05-06,12.298580169677734
2004-05-07,12.197586059570312
2004-05-10,12.197586059570312
2004-05-11,12.354686737060547
2004-05-12,11.978775024414062
2004-05-13,12.034881591796875
2004-05-14,12.315412521362305
2004-05-17,11.894615173339844
2004-05-18,12.343466758728027
2004-05-19,12.337854385375977
2004-05-20,12.337854385375977
2004-05-21,11.9226655960083
2004-05-24,11.9226655960083
2004-05-25,11.9226655960083
2004-05-26,11.9226655960083
2004-05-27,11.9226655960083
2004-05-28,12.057321548461914
2004-06-01,11.9226655960083
2004-06-02,11.9226655960083
2004-06-03,12.034881591796875
2004-06-04,11.956332206726074
2004-06-07,11.956332206726074
2004-06-08,12.034881591796875
2004-06-09,11.928277015686035
2004-06-10,11.928277015686035
2004-06-14,12.062935829162598
2004-06-15,11.978775024414062
2004-06-16,11.978775024414062
2004-06-17,12.489349365234375
2004-06-18,12.58472728729248
2004-06-21,12.84282112121582
2004-06-22,12.646441459655762
2004-06-23,12.483736038208008
2004-06-24,12.483736038208008
2004-06-25,12.399576187133789
2004-06-28,12.477275848388672
2004-06-29,12.477275848388672
2004-06-30,12.477275848388672
2004-07-01,12.477275848388672
2004-07-02,12.454751968383789
2004-07-06,12.477275848388672
2004-07-07,12.477275848388672
2004-07-08,12.477275848388672
2004-07-09,12.443495750427246
2004-07-12,12.477275848388672
2004-07-13,12.8657865524292
2004-07-14,12.443495750427246
2004-07-15,12.443495750427246
2004-07-16,12.443495750427246
2004-07-19,12.443495750427246
2004-07-20,12.387184143066406
2004-07-21,12.387184143066406
2004-07-22,12.387184143066406
2004-07-23,12.392815589904785
2004-07-26,12.770066261291504
2004-07-27,12.770066261291504
2004-07-28,12.944607734680176
2004-07-29,12.820740699768066
2004-07-30,12.820740699768066
2004-08-02,12.820740699768066
2004-08-03,12.820740699768066
2004-08-04,12.820740699768066
2004-08-05,12.820740699768066
2004-08-06,13.079747200012207
2004-08-09,13.079747200012207
2004-08-10,13.079747200012207
2004-08-11,13.051595687866211
2004-08-12,13.051595687866211
2004-08-13,13.051595687866211
2004-08-16,13.051595687866211
2004-08-17,12.809476852416992
2004-08-18,12.809476852416992
2004-08-19,12.809476852416992
2004-08-20,12.809476852416992
2004-08-23,12.809476852416992
2004-08-24,13.107893943786621
2004-08-25,13.006546974182129
2004-08-26,13.006546974182129
2004-08-27,12.955873489379883
2004-08-30,13.091008186340332
2004-08-31,13.428838729858398
2004-09-01,13.259920120239258
2004-09-02,13.231765747070312
2004-09-03,13.231765747070312
2004-09-07,13.715997695922852
2004-09-08,13.952479362487793
2004-09-09,14.324084281921387
2004-09-10,13.654057502746582
2004-09-13,13.654057502746582
2004-09-14,13.794822692871094
2004-09-15,13.513298034667969
2004-09-16,13.710365295410156
2004-09-17,13.794822692871094
2004-09-20,13.794822692871094
2004-09-21,13.794822692871094
2004-09-22,13.794822692871094
2004-09-23,13.806082725524902
2004-09-24,13.806082725524902
2004-09-27,13.991889953613281
2004-09-28,13.991889953613281
2004-09-29,13.991889953613281
2004-09-30,13.991889953613281
2004-10-01,14.12181282043457
2004-10-04,14.12181282043457
2004-10-05,14.257380485534668
2004-10-06,14.025779724121094
2004-10-07,13.839380264282227
2004-10-08,13.839380264282227
2004-10-11,14.404247283935547
2004-10-12,14.359057426452637
2004-10-13,14.568063735961914
2004-10-14,14.833552360534668
2004-10-15,14.777063369750977
2004-10-18,15.2459077835083
2004-10-19,15.392772674560547
2004-10-20,15.22331428527832
2004-10-21,15.421018600463867
2004-10-22,15.573539733886719
2004-10-25,15.737349510192871
2004-10-26,15.251558303833008
2004-10-27,16.386947631835938
2004-10-28,15.867264747619629
2004-10-29,16.115812301635742
2004-11-01,15.714752197265625
2004-11-02,16.290924072265625
2004-11-03,15.816433906555176
2004-11-04,16.432144165039062
2004-11-05,17.426321029663086
2004-11-08,17.251209259033203
2004-11-09,17.511045455932617
2004-11-10,17.50540542602539
2004-11-11,17.793489456176758
2004-11-12,17.624019622802734
2004-11-15,17.624019622802734
2004-11-16,17.426321029663086
2004-11-17,17.511045455932617
2004-11-18,17.511045455932617
2004-11-19,17.511045455932617
2004-11-22,17.511045455932617
2004-11-23,18.17194175720215
2004-11-24,17.906461715698242
2004-11-26,17.93470573425293
2004-11-29,18.160642623901367
2004-11-30,18.160642623901367
2004-12-01,17.369829177856445
2004-12-02,17.369829177856445
2004-12-03,17.008304595947266
2004-12-06,17.511045455932617
2004-12-07,17.511045455932617
2004-12-08,17.84432601928711
2004-12-09,17.93470573425293
2004-12-10,18.07591438293457
2004-12-13,18.07591438293457
2004-12-14,17.652267456054688
2004-12-15,18.07591438293457
2004-12-16,18.217130661010742
2004-12-17,18.217130661010742
2004-12-20,18.217130661010742
2004-12-21,18.211484909057617
2004-12-22,18.211484909057617
2004-12-23,17.816078186035156
2004-12-27,18.612548828125
2004-12-28,19.770538330078125
2004-12-29,19.562734603881836
2004-12-30,19.251319885253906
2004-12-31,19.251319885253906
2005-01-03,19.160728454589844
2005-01-04,18.549205780029297
2005-01-05,18.600168228149414
2005-01-06,18.48126792907715
2005-01-07,18.486923217773438
2005-01-10,18.17551040649414
2005-01-11,18.40199089050293
2005-01-12,18.40199089050293
2005-01-13,18.40199089050293
2005-01-14,18.770030975341797
2005-01-18,18.164196014404297
2005-01-19,18.520898818969727
2005-01-20,18.147199630737305
2005-01-21,18.15852165222168
2005-01-24,18.152860641479492
2005-01-25,18.11888313293457
2005-01-26,18.634140014648438
2005-01-27,18.634140014648438
2005-01-28,18.3114013671875
2005-01-31,17.275238037109375
2005-02-01,17.552669525146484
2005-02-02,17.552669525146484
2005-02-03,17.0147705078125
2005-02-04,17.269567489624023
2005-02-07,17.212942123413086
2005-02-08,17.552669525146484
2005-02-09,17.552669525146484
2005-02-10,17.552669525146484
2005-02-11,17.66025161743164
2005-02-14,17.66025161743164
2005-02-15,17.68856430053711
2005-02-16,17.16197967529297
2005-02-17,17.16197967529297
2005-02-18,17.16197967529297
2005-02-22,17.16197967529297
2005-02-23,17.212942123413086
2005-02-24,17.111024856567383
2005-02-25,17.479066848754883
2005-02-28,17.218599319458008
2005-03-01,17.077049255371094
2005-03-02,17.099699020385742
2005-03-03,17.04307746887207
2005-03-04,17.04307746887207
2005-03-07,17.139331817626953
2005-03-08,17.139331817626953
2005-03-09,17.0147705078125
2005-03-10,17.0147705078125
2005-03-11,17.0147705078125
2005-03-14,17.41111946105957
2005-03-15,17.547016143798828
2005-03-16,17.269567489624023
2005-03-17,17.864091873168945
2005-03-18,18.10756492614746
2005-03-21,17.677244186401367
2005-03-22,17.677244186401367
2005-03-23,17.677244186401367
2005-03-24,17.954683303833008
2005-03-28,17.954683303833008
2005-03-29,18.16758155822754
2005-03-30,17.628232955932617
2005-03-31,17.628232955932617
2005-04-01,18.02564811706543
2005-04-04,18.309520721435547
2005-04-05,18.16758155822754
2005-04-06,17.883718490600586
2005-04-07,17.60552406311035
2005-04-08,17.74178123474121
2005-04-11,17.74178123474121
2005-04-12,17.74178123474121
2005-04-13,17.74178123474121
2005-04-14,17.74178123474121
2005-04-15,17.599853515625
2005-04-18,17.57145881652832
2005-04-19,17.861011505126953
2005-04-20,17.78719711303711
2005-04-21,18.13919448852539
2005-04-22,17.98023223876953
2005-04-25,18.661518096923828
2005-04-26,18.53661346435547
2005-04-27,18.508228302001953
2005-04-28,18.508228302001953
2005-04-29,18.320878982543945
2005-05-02,18.53661346435547
2005-05-03,18.990798950195312
2005-05-04,19.13273811340332
2005-05-05,19.303062438964844
2005-05-06,19.586929321289062
2005-05-09,19.870792388916016
2005-05-10,20.35336685180664
2005-05-11,20.381757736206055
2005-05-12,20.41582679748535
2005-05-13,20.438533782958984
2005-05-16,19.85377311706543
2005-05-17,21.105627059936523
2005-05-18,20.93531036376953
2005-05-19,20.93531036376953
2005-05-20,20.928205490112305
2005-05-23,20.928205490112305
2005-05-24,21.6094970703125
2005-05-25,21.999814987182617
2005-05-26,22.028196334838867
2005-05-27,23.043025970458984
2005-05-31,23.064319610595703
2005-06-01,23.2772216796875
2005-06-02,23.40495491027832
2005-06-03,23.454633712768555
2005-06-06,23.632055282592773
2005-06-07,23.14238739013672
2005-06-08,23.390766143798828
2005-06-09,23.56818199157715
2005-06-10,23.539794921875
2005-06-13,23.54689598083496
2005-06-14,23.58237648010254
2005-06-15,23.2772216796875
2005-06-16,23.419160842895508
2005-06-17,23.596572875976562
2005-06-20,23.41206169128418
2005-06-21,23.000452041625977
2005-06-22,22.74496841430664
2005-06-23,21.80110740661621
2005-06-24,21.715938568115234
2005-06-27,20.346277236938477
2005-06-28,21.34225082397461
2005-06-29,21.47030258178711
2005-06-30,21.370704650878906
2005-07-01,22.082109451293945
2005-07-05,22.765066146850586
2005-07-06,22.259963989257812
2005-07-07,22.765066146850586
2005-07-08,22.580093383789062
2005-07-11,22.11056137084961
2005-07-12,22.544532775878906
2005-07-13,22.494733810424805
2005-07-14,21.811784744262695
2005-07-15,21.53432846069336
2005-07-18,21.34225082397461
2005-07-19,21.484527587890625
2005-07-20,21.34225082397461
2005-07-21,20.780231475830078
2005-07-22,20.10439682006836
2005-07-25,19.819835662841797
2005-07-26,20.203996658325195
2005-07-27,20.666410446166992
2005-07-28,21.08614158630371
2005-07-29,20.445871353149414
2005-08-01,20.872724533081055
2005-08-02,20.9153995513916
2005-08-03,21.171510696411133
2005-08-04,20.125743865966797
2005-08-05,18.08399200439453
2005-08-08,17.849231719970703
2005-08-09,17.891916275024414
2005-08-10,18.496612548828125
2005-08-11,18.21204948425293
2005-08-12,18.1835880279541
2005-08-15,18.34722328186035
2005-08-16,18.21204948425293
2005-08-17,17.792322158813477
2005-08-18,17.642929077148438
2005-08-19,17.50064468383789
2005-08-22,17.742517471313477
2005-08-23,17.457962036132812
2005-08-24,17.52910041809082
2005-08-25,17.621578216552734
2005-08-26,17.386821746826172
2005-08-29,17.365476608276367
2005-08-30,17.742517471313477
2005-08-31,18.19782257080078
2005-09-01,19.407215118408203
2005-09-02,19.613523483276367
2005-09-06,19.85540771484375
2005-09-07,19.997684478759766
2005-09-08,19.634872436523438
2005-09-09,19.848285675048828
2005-09-12,20.588159561157227
2005-09-13,20.524126052856445
2005-09-14,20.06171226501465
2005-09-15,19.449905395507812
2005-09-16,19.75580406188965
2005-09-19,19.250707626342773
2005-09-20,19.343191146850586
2005-09-21,18.43259048461914
2005-09-22,18.240503311157227
2005-09-23,18.04842758178711
2005-09-26,20.950977325439453
2005-09-27,20.275135040283203
2005-09-28,19.613277435302734
2005-09-29,19.812976837158203
2005-09-30,19.299463272094727
2005-10-03,18.864408493041992
2005-10-04,18.94285774230957
2005-10-05,17.64481544494629
2005-10-06,17.102781295776367
2005-10-07,17.109909057617188
2005-10-10,16.646326065063477
2005-10-11,16.368173599243164
2005-10-12,16.02582550048828
2005-10-13,15.876059532165527
2005-10-14,16.361038208007812
2005-10-17,16.567873001098633
2005-10-18,15.868919372558594
2005-10-19,17.93723487854004
2005-10-20,17.815990447998047
2005-10-21,17.338132858276367
2005-10-24,18.087011337280273
2005-10-25,17.851648330688477
2005-10-26,17.794591903686523
2005-10-27,16.96013641357422
2005-10-28,15.933106422424316
2005-10-31,17.815990447998047
2005-11-01,17.837385177612305
2005-11-02,17.830249786376953
2005-11-03,17.830249786376953
2005-11-04,17.316743850708008
2005-11-07,17.29534339904785
2005-11-08,17.117042541503906
2005-11-09,16.988662719726562
2005-11-10,17.823118209838867
2005-11-11,17.837385177612305
2005-11-14,17.830249786376953
2005-11-15,18.02995491027832
2005-11-16,17.416589736938477
2005-11-17,17.887300491333008
2005-11-18,17.830249786376953
2005-11-21,18.11553382873535
2005-11-22,18.18685531616211
2005-11-23,18.18685531616211
2005-11-25,18.18685531616211
2005-11-28,17.958629608154297
2005-11-29,18.251049041748047
2005-11-30,18.258176803588867
2005-12-01,18.586252212524414
2005-12-02,18.45787811279297
2005-12-05,18.693235397338867
2005-12-06,18.721763610839844
2005-12-07,18.543460845947266
2005-12-08,18.543460845947266
2005-12-09,18.543460845947266
2005-12-12,18.828746795654297
2005-12-13,18.828746795654297
2005-12-14,18.850143432617188
2005-12-15,19.206748962402344
2005-12-16,19.085498809814453
2005-12-19,18.443613052368164
2005-12-20,18.60765266418457
2005-12-21,18.443613052368164
2005-12-22,18.81447410583496
2005-12-23,19.071237564086914
2005-12-27,18.693235397338867
2005-12-28,18.510847091674805
2005-12-29,18.25334930419922
2005-12-30,17.867115020751953
2006-01-03,17.666841506958008
2006-01-04,17.666841506958008
2006-01-05,17.688304901123047
2006-01-06,17.666841506958008
2006-01-09,17.359281539916992
2006-01-10,17.6096248626709
2006-01-11,16.944435119628906
2006-01-12,16.579652786254883
2006-01-13,17.09463119506836
2006-01-17,17.237688064575195
2006-01-18,17.395050048828125
2006-01-19,17.881418228149414
2006-01-20,17.852807998657227
2006-01-23,17.387889862060547
2006-01-24,18.095998764038086
2006-01-25,18.6324462890625
2006-01-26,19.705320358276367
2006-01-27,19.011526107788086
2006-01-30,18.231897354125977
2006-01-31,17.237688064575195
2006-02-01,18.74687957763672
2006-02-02,17.62392234802246
2006-02-03,17.5738582611084
2006-02-06,17.201929092407227
2006-02-07,16.465211868286133
2006-02-08,16.887210845947266
2006-02-09,16.858604431152344
2006-02-10,16.987350463867188
2006-02-13,16.965892791748047
2006-02-14,17.43080711364746
2006-02-15,17.80274772644043
2006-02-16,17.960098266601562
2006-02-17,17.95294952392578
2006-02-21,17.84565544128418
2006-02-22,18.260507583618164
2006-02-23,17.852807998657227
2006-02-24,17.809894561767578
2006-02-27,17.881418228149414
2006-02-28,17.523792266845703
2006-03-01,18.310575485229492
2006-03-02,17.85996437072754
2006-03-03,17.40219497680664
2006-03-06,17.409358978271484
2006-03-07,17.08033561706543
2006-03-08,16.486663818359375
2006-03-09,16.257781982421875
2006-03-10,15.842938423156738
2006-03-13,16.37938117980957
2006-03-14,15.943074226379395
2006-03-15,15.921613693237305
2006-03-16,16.450908660888672
2006-03-17,16.121889114379883
2006-03-20,15.828633308410645
2006-03-21,15.392329216003418
2006-03-22,15.056151390075684
2006-03-23,15.742804527282715
2006-03-24,15.885854721069336
2006-03-27,15.835787773132324
2006-03-28,15.850093841552734
2006-03-29,16.860729217529297
2006-03-30,16.171659469604492
2006-03-31,15.819944381713867
2006-04-03,15.705098152160645
2006-04-04,15.475410461425781
2006-04-05,15.618968963623047
2006-04-06,15.43952465057373
2006-04-07,15.209823608398438
2006-04-10,15.11651611328125
2006-04-11,14.901180267333984
2006-04-12,14.886828422546387
2006-04-13,14.9729585647583
2006-04-17,14.915536880493164
2006-04-18,14.937070846557617
2006-04-19,14.771984100341797
2006-04-20,14.628425598144531
2006-04-21,14.348492622375488
2006-04-24,13.817327499389648
2006-04-25,13.293346405029297
2006-04-26,13.221566200256348
2006-04-27,13.278985977172852
2006-04-28,13.4225492477417
2006-05-01,12.948811531066895
2006-05-02,12.632988929748535
2006-05-03,13.278985977172852
2006-05-04,13.49432373046875
2006-05-05,13.429731369018555
2006-05-08,13.673770904541016
2006-05-09,13.451252937316895
2006-05-10,13.207213401794434
2006-05-11,12.575565338134766
2006-05-12,12.338699340820312
2006-05-15,12.704763412475586
2006-05-16,12.970341682434082
2006-05-17,12.81242847442627
2006-05-18,12.489428520202637
2006-05-19,12.776538848876953
2006-05-22,13.451252937316895
2006-05-23,13.286170959472656
2006-05-24,13.458433151245117
2006-05-25,13.49432373046875
2006-05-26,13.121081352233887
2006-05-30,12.56120777130127
2006-05-31,12.905747413635254
2006-06-01,13.049301147460938
2006-06-02,13.472792625427246
2006-06-05,12.396119117736816
2006-06-06,12.970341682434082
2006-06-07,13.013410568237305
2006-06-08,13.020586967468262
2006-06-09,12.970341682434082
2006-06-12,12.805253982543945
2006-06-13,13.0995454788208
2006-06-14,13.27181625366211
2006-06-15,13.250276565551758
2006-06-16,13.235925674438477
2006-06-19,13.128252983093262
2006-06-20,13.128252983093262
2006-06-21,13.113900184631348
2006-06-22,13.278985977172852
2006-06-23,13.135433197021484
2006-06-26,14.212109565734863
2006-06-27,14.061375617980957
2006-06-28,13.946053504943848
2006-06-29,14.681194305419922
2006-06-30,16.101030349731445
2006-07-03,15.726253509521484
2006-07-05,15.23615837097168
2006-07-06,15.120842933654785
2006-07-07,14.854177474975586
2006-07-10,14.897417068481445
2006-07-11,14.66678524017334
2006-07-12,14.277588844299316
2006-07-13,14.061375617980957
2006-07-14,14.342456817626953
2006-07-17,14.061375617980957
2006-07-18,13.729840278625488
2006-07-19,14.010920524597168
2006-07-20,14.133443832397461
2006-07-21,15.099214553833008
2006-07-24,15.373103141784668
2006-07-25,15.40913200378418
2006-07-26,15.257779121398926
2006-07-27,15.207328796386719
2006-07-28,15.301024436950684
2006-07-31,14.738859176635742
2006-08-01,14.573089599609375
2006-08-02,15.200122833251953
2006-08-03,14.83975601196289
2006-08-04,14.284798622131348
2006-08-07,14.414531707763672
2006-08-08,14.414531707763672
2006-08-09,14.991108894348145
2006-08-10,14.4505615234375
2006-08-11,14.897417068481445
2006-08-14,14.976691246032715
2006-08-15,14.774892807006836
2006-08-16,14.486600875854492
2006-08-17,14.443361282348633
2006-08-18,14.443361282348633
2006-08-21,14.616338729858398
2006-08-22,14.501018524169922
2006-08-23,14.414531707763672
2006-08-24,14.414531707763672
2006-08-25,14.573089599609375
2006-08-28,14.594712257385254
2006-08-29,14.342456817626953
2006-08-30,14.342456817626953
2006-08-31,14.407320976257324
2006-09-01,14.688404083251953
2006-09-05,14.616338729858398
2006-09-06,14.616338729858398
2006-09-07,14.594712257385254
2006-09-08,14.594712257385254
2006-09-11,14.594712257385254
2006-09-12,14.486600875854492
2006-09-13,14.688404083251953
2006-09-14,14.688404083251953
2006-09-15,14.688404083251953
2006-09-18,14.486600875854492
2006-09-19,14.479399681091309
2006-09-20,14.724441528320312
2006-09-21,14.991108894348145
2006-09-22,15.481207847595215
2006-09-25,14.810932159423828
2006-09-26,14.818135261535645
2006-09-27,14.472956657409668
2006-09-28,14.820308685302734
2006-09-29,15.124237060546875
2006-10-02,15.124237060546875
2006-10-03,14.733467102050781
2006-10-04,14.733467102050781
2006-10-05,14.472956657409668
2006-10-06,14.545317649841309
2006-10-09,14.34993839263916
2006-10-10,14.299283981323242
2006-10-11,13.93022346496582
2006-10-12,13.756546020507812
2006-10-13,14.798593521118164
2006-10-16,14.762415885925293
2006-10-17,14.523615837097168
2006-10-18,14.169026374816895
2006-10-19,14.169026374816895
2006-10-20,14.415066719055176
2006-10-23,13.662471771240234
2006-10-24,13.626291275024414
2006-10-25,13.626291275024414
2006-10-26,13.561161994934082
2006-10-27,13.604578018188477
2006-10-30,13.83614444732666
2006-10-31,13.684182167053223
2006-11-01,13.951930046081543
2006-11-02,13.865091323852539
2006-11-03,13.865091323852539
2006-11-06,13.865091323852539
2006-11-07,13.713128089904785
2006-11-08,13.676941871643066
2006-11-09,13.676941871643066
2006-11-10,13.727596282958984
2006-11-13,13.727596282958984
2006-11-14,13.727596282958984
2006-11-15,13.727596282958984
2006-11-16,13.532212257385254
2006-11-17,13.532212257385254
2006-11-20,13.749310493469238
2006-11-21,13.742071151733398
2006-11-22,13.93022346496582
2006-11-24,13.93022346496582
2006-11-27,13.575634002685547
2006-11-28,13.170389175415039
2006-11-29,13.278936386108398
2006-11-30,13.315120697021484
2006-12-01,13.315120697021484
2006-12-04,13.14144515991211
2006-12-05,13.061840057373047
2006-12-06,13.633528709411621
2006-12-07,13.170389175415039
2006-12-08,12.85922622680664
2006-12-11,12.837512016296387
2006-12-12,13.264467239379883
2006-12-13,12.9171142578125
2006-12-14,12.663839340209961
2006-12-15,12.9171142578125
2006-12-18,12.815804481506348
2006-12-19,12.772382736206055
2006-12-20,12.714496612548828
2006-12-21,12.482922554016113
2006-12-22,12.84475040435791
2006-12-26,12.714496612548828
2006-12-27,12.76175594329834
2006-12-28,13.059894561767578
2006-12-29,12.870832443237305
2007-01-03,12.856289863586426
2007-01-04,12.907193183898926
2007-01-05,13.30713176727295
2007-01-08,13.299858093261719
2007-01-09,13.445294380187988
2007-01-10,13.96158218383789
2007-01-11,14.041574478149414
2007-01-12,14.179731369018555
2007-01-16,14.31789779663086
2007-01-17,14.259719848632812
2007-01-18,14.107010841369629
2007-01-19,14.034299850463867
2007-01-22,14.187003135681152
2007-01-23,13.95431137084961
2007-01-24,14.28880500793457
2007-01-25,14.063386917114258
2007-01-26,14.150649070739746
2007-01-29,14.143376350402832
2007-01-30,14.172462463378906
2007-01-31,14.172462463378906
2007-02-01,14.070657730102539
2007-02-02,14.201545715332031
2007-02-05,14.179731369018555
2007-02-06,13.845234870910645
2007-02-07,13.714347839355469
2007-02-08,13.736160278320312
2007-02-09,13.707072257995605
2007-02-12,13.7725191116333
2007-02-13,13.641630172729492
2007-02-14,13.816149711608887
2007-02-15,13.62708854675293
2007-02-16,13.612542152404785
2007-02-20,13.714347839355469
2007-02-21,13.743427276611328
2007-02-22,13.816149711608887
2007-02-23,14.143376350402832
2007-02-26,14.216087341308594
2007-02-27,14.259719848632812
2007-02-28,14.506956100463867
2007-03-01,14.492414474487305
2007-03-02,14.506956100463867
2007-03-05,14.492414474487305
2007-03-06,14.543313980102539
2007-03-07,14.725105285644531
2007-03-08,14.703290939331055
2007-03-09,14.434239387512207
2007-03-12,14.601485252380371
2007-03-13,14.601485252380371
2007-03-14,14.601485252380371
2007-03-15,14.550589561462402
2007-03-16,14.46332836151123
2007-03-19,14.499686241149902
2007-03-20,14.536046028137207
2007-03-21,14.543313980102539
2007-03-22,14.543313980102539
2007-03-23,14.543313980102539
2007-03-26,14.470595359802246
2007-03-27,14.7178316116333
2007-03-28,14.789410591125488
2007-03-29,14.971996307373047
2007-03-30,15.16187858581543
2007-04-02,15.191095352172852
2007-04-03,15.088845252990723
2007-04-04,15.205702781677246
2007-04-05,15.096147537231445
2007-04-09,15.096147537231445
2007-04-10,15.32255744934082
2007-04-11,15.32255744934082
2007-04-12,15.307950019836426
2007-04-13,15.373675346374512
2007-04-16,15.884922981262207
2007-04-17,15.957948684692383
2007-04-18,15.914130210876465
2007-04-19,15.505141258239746
2007-04-20,15.337162971496582
2007-04-23,15.665810585021973
2007-04-24,15.468629837036133
2007-04-25,15.519742965698242
2007-04-26,15.519742965698242
2007-04-27,15.519742965698242
2007-04-30,15.2349214553833
2007-05-01,15.44671630859375
2007-05-02,15.249523162841797
2007-05-03,15.205702781677246
2007-05-04,15.213006019592285
2007-05-07,15.191095352172852
2007-05-08,15.191095352172852
2007-05-09,15.191095352172852
2007-05-10,15.191095352172852
2007-05-11,15.26412296295166
2007-05-14,15.26412296295166
2007-05-15,15.26412296295166
2007-05-16,15.315255165100098
2007-05-17,15.191095352172852
2007-05-18,15.191095352172852
2007-05-21,15.329856872558594
2007-05-22,15.329856872558594
2007-05-23,15.337162971496582
2007-05-24,15.337162971496582
2007-05-25,15.439410209655762
2007-05-29,15.329856872558594
2007-05-30,15.242215156555176
2007-05-31,15.373675346374512
2007-06-01,15.519742965698242
2007-06-04,15.191095352172852
2007-06-05,15.191095352172852
2007-06-06,15.191095352172852
2007-06-07,15.315255165100098
2007-06-08,15.023120880126953
2007-06-11,15.183793067932129
2007-06-12,14.840535163879395
2007-06-13,14.39502239227295
2007-06-14,14.314687728881836
2007-06-15,14.248953819274902
2007-06-18,14.285473823547363
2007-06-19,14.16861343383789
2007-06-20,14.022551536560059
2007-06-21,13.942214965820312
2007-06-22,13.912996292114258
2007-06-25,13.839966773986816
2007-06-26,14.219740867614746
2007-06-27,14.285776138305664
2007-06-28,14.373823165893555
2007-06-29,14.293116569519043
2007-07-02,14.373823165893555
2007-07-03,14.300454139709473
2007-07-05,14.300454139709473
2007-07-06,14.31512451171875
2007-07-09,14.674656867980957
2007-07-10,14.894773483276367
2007-07-11,14.924129486083984
2007-07-12,15.041523933410645
2007-07-13,14.637972831726074
2007-07-16,14.674656867980957
2007-07-17,14.85809326171875
2007-07-18,14.85809326171875
2007-07-19,14.850748062133789
2007-07-20,14.850748062133789
2007-07-23,14.850748062133789
2007-07-24,14.469213485717773
2007-07-25,14.293116569519043
2007-07-26,14.454533576965332
2007-07-27,14.461870193481445
2007-07-30,14.527911186218262
2007-07-31,14.784716606140137
2007-08-01,14.469213485717773
2007-08-02,14.821401596069336
2007-08-03,14.557259559631348
2007-08-06,13.83086109161377
2007-08-07,13.83086109161377
2007-08-08,14.117022514343262
2007-08-09,13.962937355041504
2007-08-10,13.83086109161377
2007-08-13,13.83086109161377
2007-08-14,13.684114456176758
2007-08-15,13.58139419555664
2007-08-16,13.39062213897705
2007-08-17,13.397961616516113
2007-08-20,13.353935241699219
2007-08-21,13.375947952270508
2007-08-22,13.640092849731445
2007-08-23,13.522695541381836
2007-08-24,13.940925598144531
2007-08-27,13.794175148010254
2007-08-28,13.39062213897705
2007-08-29,13.39062213897705
2007-08-30,13.39062213897705
2007-08-31,13.39062213897705
2007-09-04,13.647427558898926
2007-09-05,13.317252159118652
2007-09-06,13.163165092468262
2007-09-07,13.163165092468262
2007-09-10,12.92103385925293
2007-09-11,13.207193374633789
2007-09-12,13.207193374633789
2007-09-13,12.840326309204102
2007-09-14,12.840326309204102
2007-09-17,12.869674682617188
2007-09-18,12.656888961791992
2007-09-19,12.664233207702637
2007-09-20,12.179965019226074
2007-09-21,12.319375038146973
2007-09-24,12.326712608337402
2007-09-25,12.43677043914795
2007-09-26,12.593917846679688
2007-09-27,12.394718170166016
2007-09-28,12.800495147705078
2007-10-01,12.438984870910645
2007-10-02,12.438984870910645
2007-10-03,12.438984870910645
2007-10-04,12.52751636505127
2007-10-05,12.74885082244873
2007-10-08,12.409470558166504
2007-10-09,12.837387084960938
2007-10-10,12.822629928588867
2007-10-11,12.763606071472168
2007-10-12,13.30956745147705
2007-10-15,13.752235412597656
2007-10-16,13.877656936645508
2007-10-17,13.936677932739258
2007-10-18,14.010455131530762
2007-10-19,13.87027645111084
2007-10-22,13.84814739227295
2007-10-23,13.81125545501709
2007-10-24,13.826013565063477
2007-10-25,13.826013565063477
2007-10-26,13.648946762084961
2007-10-29,13.648946762084961
2007-10-30,13.648946762084961
2007-10-31,13.648946762084961
2007-11-01,13.648946762084961
2007-11-02,13.280055046081543
2007-11-05,12.549654960632324
2007-11-06,12.549654960632324
2007-11-07,12.616050720214844
2007-11-08,12.911166191101074
2007-11-09,12.948050498962402
2007-11-12,12.948050498962402
2007-11-13,12.365206718444824
2007-11-14,12.431609153747559
2007-11-15,12.431609153747559
2007-11-16,12.431609153747559
2007-11-19,12.68982982635498
2007-11-20,12.468497276306152
2007-11-21,12.394718170166016
2007-11-23,12.394718170166016
2007-11-26,12.320941925048828
2007-11-27,11.863513946533203
2007-11-28,11.87827205657959
2007-11-29,11.87827205657959
2007-11-30,11.87827205657959
2007-12-03,10.91915512084961
2007-12-04,11.059335708618164
2007-12-05,10.91915512084961
2007-12-06,11.074089050292969
2007-12-07,11.420846939086914
2007-12-10,11.420846939086914
2007-12-11,11.251157760620117
2007-12-12,10.734712600708008
2007-12-13,11.251157760620117
2007-12-14,11.251157760620117
2007-12-17,11.848760604858398
2007-12-18,11.620047569274902
2007-12-19,11.627426147460938
2007-12-20,11.420846939086914
2007-12-21,11.612668991088867
2007-12-24,11.612668991088867
2007-12-26,11.583158493041992
2007-12-27,11.297384262084961
2007-12-28,11.297384262084961
2007-12-31,11.282537460327148
2008-01-02,11.520063400268555
2008-01-03,11.156354904174805
2008-01-04,10.866865158081055
2008-01-07,10.517997741699219
2008-01-08,9.656959533691406
2008-01-09,10.755524635314941
2008-01-10,11.015320777893066
2008-01-11,11.586872100830078
2008-01-14,11.80212688446045
2008-01-15,11.00047492980957
2008-01-16,11.00047492980957
2008-01-17,11.794705390930176
2008-01-18,10.948513984680176
2008-01-22,10.243359565734863
2008-01-23,10.243359565734863
2008-01-24,10.213664054870605
2008-01-25,10.354697227478027
2008-01-28,10.2062406539917
2008-01-29,10.2062406539917
2008-01-30,10.087479591369629
2008-01-31,9.983562469482422
2008-02-01,9.686654090881348
2008-02-04,9.649539947509766
2008-02-05,9.649539947509766
2008-02-06,9.805419921875
2008-02-07,9.797992706298828
2008-02-08,9.835107803344727
2008-02-11,10.384387969970703
2008-02-12,10.191396713256836
2008-02-13,9.842531204223633
2008-02-14,9.842531204223633
2008-02-15,9.835107803344727
2008-02-19,9.835107803344727
2008-02-20,9.835107803344727
2008-02-21,9.642112731933594
2008-02-22,9.649539947509766
2008-02-25,9.649539947509766
2008-02-26,9.649539947509766
2008-02-27,9.649539947509766
2008-02-28,9.723770141601562
2008-02-29,9.76087760925293
2008-03-03,9.76087760925293
2008-03-04,9.649539947509766
2008-03-05,9.649539947509766
2008-03-06,9.285828590393066
2008-03-07,9.285828590393066
2008-03-10,9.790566444396973
2008-03-11,9.649539947509766
2008-03-12,9.835107803344727
2008-03-13,9.649539947509766
2008-03-14,9.649539947509766
2008-03-17,9.649539947509766
2008-03-18,9.649539947509766
2008-03-19,9.649539947509766
2008-03-20,9.835107803344727
2008-03-24,9.835107803344727
2008-03-25,9.649539947509766
2008-03-26,9.976137161254883
2008-03-27,10.049417495727539
2008-03-28,9.496101379394531
2008-03-31,9.496101379394531
2008-04-01,9.511055946350098
2008-04-02,9.511055946350098
2008-04-03,9.511055946350098
2008-04-04,9.720417022705078
2008-04-07,9.720417022705078
2008-04-08,10.056893348693848
2008-04-09,10.056893348693848
2008-04-10,10.094279289245605
2008-04-11,10.400845527648926
2008-04-14,10.77470874786377
2008-04-15,10.11671257019043
2008-04-16,10.11671257019043
2008-04-17,10.11671257019043
2008-04-18,9.929781913757324
2008-04-21,9.929781913757324
2008-04-22,11.178481101989746
2008-04-23,9.914824485778809
2008-04-24,9.914824485778809
2008-04-25,9.952210426330566
2008-04-28,9.952210426330566
2008-04-29,9.952210426330566
2008-04-30,10.094279289245605
2008-05-01,10.213912963867188
2008-05-02,9.937257766723633
2008-05-05,9.869958877563477
2008-05-06,9.869958877563477
2008-05-07,9.533487319946289
2008-05-08,9.533487319946289
2008-05-09,9.533487319946289
2008-05-12,9.533487319946289
2008-05-13,8.823144912719727
2008-05-14,8.815667152404785
2008-05-15,8.860532760620117
2008-05-16,8.860532760620117
2008-05-19,8.860532760620117
2008-05-20,10.258780479431152
2008-05-21,10.243827819824219
2008-05-22,10.243827819824219
2008-05-23,10.243827819824219
2008-05-27,10.243827819824219
2008-05-28,9.346555709838867
2008-05-29,8.37451171875
2008-05-30,8.37451171875
2008-06-02,7.57444953918457
2008-06-03,8.097853660583496
2008-06-04,8.658647537231445
2008-06-05,8.561443328857422
2008-06-06,8.681081771850586
2008-06-09,8.681081771850586
2008-06-10,8.710989952087402
2008-06-11,8.710989952087402
2008-06-12,8.598830223083496
2008-06-13,8.561443328857422
2008-06-16,8.561443328857422
2008-06-17,8.561443328857422
2008-06-18,8.561443328857422
2008-06-19,8.561443328857422
2008-06-20,8.561443328857422
2008-06-23,8.568922996520996
2008-06-24,8.568922996520996
2008-06-25,8.568922996520996
2008-06-26,8.559870719909668
2008-06-27,8.559870719909668
2008-06-30,8.559870719909668
2008-07-01,8.371326446533203
2008-07-02,8.371326446533203
2008-07-03,8.333620071411133
2008-07-07,8.07719898223877
2008-07-08,8.771039962768555
2008-07-09,7.594528675079346
2008-07-10,7.624696254730225
2008-07-11,8.182785034179688
2008-07-14,7.549279689788818
2008-07-15,6.674437999725342
2008-07-16,7.164648532867432
2008-07-17,7.783073902130127
2008-07-18,8.672998428344727
2008-07-21,8.393952369689941
2008-07-22,7.579446792602539
2008-07-23,7.579446792602539
2008-07-24,8.280828475952148
2008-07-25,8.280828475952148
2008-07-28,8.031949043273926
2008-07-29,8.220491409301758
2008-07-30,7.918823719024658
2008-07-31,7.918823719024658
2008-08-01,7.918823719024658
2008-08-04,7.918823719024658
2008-08-05,7.918823719024658
2008-08-06,7.918823719024658
2008-08-07,7.956531047821045
2008-08-08,7.956531047821045
2008-08-11,7.918823719024658
2008-08-12,7.918823719024658
2008-08-13,7.994241714477539
2008-08-14,8.83891487121582
2008-08-15,8.9746675491333
2008-08-18,8.9746675491333
2008-08-19,8.9746675491333
2008-08-20,8.537246704101562
2008-08-21,7.994241714477539
2008-08-22,7.994241714477539
2008-08-25,8.280828475952148
2008-08-26,8.280828475952148
2008-08-27,7.994241714477539
2008-08-28,7.994241714477539
2008-08-29,7.994241714477539
2008-09-02,7.994241714477539
2008-09-03,8.559870719909668
2008-09-04,8.197870254516602
2008-09-05,8.197870254516602
2008-09-08,8.197870254516602
2008-09-09,8.182785034179688
2008-09-10,8.280828475952148
2008-09-11,7.692570209503174
2008-09-12,7.692570209503174
2008-09-15,7.692570209503174
2008-09-16,7.353193759918213
2008-09-17,7.345651626586914
2008-09-18,7.345651626586914
2008-09-19,7.73028039932251
2008-09-22,7.73028039932251
2008-09-23,7.843408107757568
2008-09-24,7.881113052368164
2008-09-25,7.858490943908691
2008-09-26,7.955940246582031
2008-09-29,8.070138931274414
2008-09-30,7.917874336242676
2008-10-01,7.82651424407959
2008-10-02,7.765608787536621
2008-10-03,7.613340854644775
2008-10-06,7.613340854644775
2008-10-07,8.33660888671875
2008-10-08,7.994010925292969
2008-10-09,7.461071491241455
2008-10-10,7.423007965087891
2008-10-13,7.613340854644775
2008-10-14,7.613340854644775
2008-10-15,7.537205696105957
2008-10-16,7.423007965087891
2008-10-17,7.529595375061035
2008-10-20,7.537205696105957
2008-10-21,7.537205696105957
2008-10-22,7.537205696105957
2008-10-23,7.537205696105957
2008-10-24,7.537205696105957
2008-10-27,7.042338848114014
2008-10-28,7.0042724609375
2008-10-29,6.6616716384887695
2008-10-30,6.6616716384887695
2008-10-31,6.6616716384887695
2008-11-03,7.1869940757751465
2008-11-04,7.1869940757751465
2008-11-05,7.1869940757751465
2008-11-06,6.859620094299316
2008-11-07,6.890073776245117
2008-11-10,7.0042724609375
2008-11-11,6.996658802032471
2008-11-12,6.844393253326416
2008-11-13,6.524632930755615
2008-11-14,6.524632930755615
2008-11-17,6.775871753692627
2008-11-18,6.227713108062744
2008-11-19,6.326686859130859
2008-11-20,6.273392677307129
2008-11-21,5.139003753662109
2008-11-24,5.877498626708984
2008-11-25,5.862271785736084
2008-11-26,5.862271785736084
2008-11-28,5.862271785736084
2008-12-01,5.237977981567383
2008-12-02,5.359790802001953
2008-12-03,5.359790802001953
2008-12-04,5.108551502227783
2008-12-05,5.108551502227783
2008-12-08,5.88511323928833
2008-12-09,5.397859573364258
2008-12-10,5.397859573364258
2008-12-11,5.748071670532227
2008-12-12,5.748071670532227
2008-12-15,5.413084030151367
2008-12-16,5.2532057762146
2008-12-17,5.694779396057129
2008-12-18,5.694779396057129
2008-12-19,5.2532057762146
2008-12-22,6.1287407875061035
2008-12-23,6.311460494995117
2008-12-24,5.215138912200928
2008-12-26,5.215138912200928
2008-12-29,6.56526517868042
2008-12-30,6.56526517868042
2008-12-31,6.202244758605957
2009-01-02,6.202244758605957
2009-01-05,6.202244758605957
2009-01-06,6.874217510223389
2009-01-07,6.264034748077393
2009-01-08,6.580712795257568
2009-01-09,6.56526517868042
2009-01-12,6.9514570236206055
2009-01-13,6.179073333740234
2009-01-14,6.966905117034912
2009-01-15,7.183173179626465
2009-01-16,6.920561790466309
2009-01-20,6.920561790466309
2009-01-21,6.920561790466309
2009-01-22,6.920561790466309
2009-01-23,6.403066158294678
2009-01-26,6.364445686340332
2009-01-27,6.364445686340332
2009-01-28,5.823777675628662
2009-01-29,5.646127700805664
2009-01-30,6.681121349334717
2009-02-02,6.681121349334717
2009-02-03,6.681121349334717
2009-02-04,6.681121349334717
2009-02-05,6.681121349334717
2009-02-06,5.6538543701171875
2009-02-09,5.530272483825684
2009-02-10,5.553442478179932
2009-02-11,5.947358131408691
2009-02-12,5.715643882751465
2009-02-13,5.715643882751465
2009-02-17,5.715643882751465
2009-02-18,5.715643882751465
2009-02-19,5.715643882751465
2009-02-20,5.715643882751465
2009-02-23,5.144078254699707
2009-02-24,4.943260192871094
2009-02-25,4.943260192871094
2009-02-26,4.935534477233887
2009-02-27,4.935534477233887
2009-03-02,4.935534477233887
2009-03-03,4.935534477233887
2009-03-04,4.935534477233887
2009-03-05,4.642029762268066
2009-03-06,4.078188896179199
2009-03-09,3.9855024814605713
2009-03-10,3.8619210720062256
2009-03-11,4.2017693519592285
2009-03-12,4.46437931060791
2009-03-13,4.170873641967773
2009-03-16,4.155426979064941
2009-03-17,4.441209316253662
2009-03-18,4.997325897216797
2009-03-19,4.997325897216797
2009-03-20,4.997325897216797
2009-03-23,4.997325897216797
2009-03-24,4.989602088928223
2009-03-25,4.989602088928223
2009-03-26,4.634305477142334
2009-03-27,5.1352691650390625
2009-03-30,5.2451982498168945
2009-03-31,5.017487049102783
2009-04-01,4.970373630523682
2009-04-02,4.986080169677734
2009-04-03,5.096007823944092
2009-04-06,5.2923102378845215
2009-04-07,5.2923102378845215
2009-04-08,5.386536121368408
2009-04-09,5.3472747802734375
2009-04-13,5.779139518737793
2009-04-14,6.156041622161865
2009-04-15,6.171744346618652
2009-04-16,6.265971660614014
2009-04-17,5.574986457824707
2009-04-20,6.281674385070801
2009-04-21,5.653507232666016
2009-04-22,6.077519416809082
2009-04-23,6.281674385070801
2009-04-24,5.967588901519775
2009-04-27,5.6378021240234375
2009-04-28,5.841957092285156
2009-04-29,5.802696228027344
2009-04-30,6.580053806304932
2009-05-01,6.6271653175354
2009-05-04,6.949101448059082
2009-05-05,6.949101448059082
2009-05-06,6.98836088180542
2009-05-07,6.650723457336426
2009-05-08,6.650723457336426
2009-05-11,6.642870903015137
2009-05-12,6.658573150634766
2009-05-13,6.658573150634766
2009-05-14,6.658573150634766
2009-05-15,6.713540077209473
2009-05-18,6.713540077209473
2009-05-19,6.713540077209473
2009-05-20,6.360194206237793
2009-05-21,6.454419136047363
2009-05-22,6.4701247215271
2009-05-26,6.4701247215271
2009-05-27,5.857661724090576
2009-05-28,6.477976322174072
2009-05-29,5.873365879058838
2009-06-01,5.802696228027344
2009-06-02,6.046111583709717
2009-06-03,6.046111583709717
2009-06-04,6.16389274597168
2009-06-05,5.6378021240234375
2009-06-08,5.684913635253906
2009-06-09,5.928328990936279
2009-06-10,5.889070987701416
2009-06-11,6.171744346618652
2009-06-12,6.171744346618652
2009-06-15,6.171744346618652
2009-06-16,6.171744346618652
2009-06-17,5.496463775634766
2009-06-18,5.4572038650512695
2009-06-19,5.677064895629883
2009-06-22,6.203153610229492
2009-06-23,5.51216983795166
2009-06-24,6.022556304931641
2009-06-25,5.449351787567139
2009-06-26,6.286800861358643
2009-06-29,6.286800861358643
2009-06-30,5.622535228729248
2009-07-01,5.749063491821289
2009-07-02,6.073287487030029
2009-07-06,6.073287487030029
2009-07-07,5.353666305541992
2009-07-08,5.772787094116211
2009-07-09,5.772787094116211
2009-07-10,5.764878749847412
2009-07-13,5.946761608123779
2009-07-14,5.930946350097656
2009-07-15,5.930946350097656
2009-07-16,5.954668998718262
2009-07-17,6.160273551940918
2009-07-20,5.923036098480225
2009-07-21,5.638351917266846
2009-07-22,5.733248710632324
2009-07-23,6.721737384796143
2009-07-24,6.168183326721191
2009-07-27,5.9388532638549805
2009-07-28,6.357973098754883
2009-07-29,6.168183326721191
2009-07-30,5.654168605804443
2009-07-31,5.772787094116211
2009-08-03,5.701616287231445
2009-08-04,5.7569708824157715
2009-08-05,5.843957424163818
2009-08-06,5.859773635864258
2009-08-07,5.701616287231445
2009-08-10,6.033748626708984
2009-08-11,6.1286444664001465
2009-08-12,5.796510219573975
2009-08-13,5.851866722106934
2009-08-14,5.622535228729248
2009-08-17,5.353666305541992
2009-08-18,5.32994270324707
2009-08-19,5.638351917266846
2009-08-20,5.361574172973633
2009-08-21,5.662075996398926
2009-08-24,4.784295558929443
2009-08-25,4.784295558929443
2009-08-26,4.784295558929443
2009-08-27,5.282495498657227
2009-08-28,4.950361251831055
2009-08-31,5.124337673187256
2009-09-01,5.053165435791016
2009-09-02,4.74475622177124
2009-09-03,5.0294413566589355
2009-09-04,5.0294413566589355
2009-09-08,4.934546947479248
2009-09-09,4.934546947479248
2009-09-10,4.934546947479248
2009-09-11,4.76848030090332
2009-09-14,4.902914524078369
2009-09-15,4.926637649536133
2009-09-16,5.282495498657227
2009-09-17,5.282495498657227
2009-09-18,5.06898307800293
2009-09-21,5.266679286956787
2009-09-22,5.314127445220947
2009-09-23,4.752664089202881
2009-09-24,5.337850093841553
2009-09-25,5.337850093841553
2009-09-28,5.290403366088867
2009-09-29,5.290403366088867
2009-09-30,5.290403366088867
2009-10-01,5.290403366088867
2009-10-02,5.045257568359375
2009-10-05,4.902914524078369
2009-10-06,5.013625144958496
2009-10-07,4.270279884338379
2009-10-08,4.76848030090332
2009-10-09,4.918729782104492
2009-10-12,4.974086761474609
2009-10-13,4.8317437171936035
2009-10-14,4.808018684387207
2009-10-15,5.013625144958496
2009-10-16,4.586599349975586
2009-10-19,4.586599349975586
2009-10-20,4.586599349975586
2009-10-21,4.74475622177124
2009-10-22,4.547057628631592
2009-10-23,4.808018684387207
2009-10-26,4.808018684387207
2009-10-27,4.507518291473389
2009-10-28,4.507518291473389
2009-10-29,4.776388645172119
2009-10-30,4.309820652008057
2009-11-02,4.404715538024902
2009-11-03,4.309820652008057
2009-11-04,4.309820652008057
2009-11-05,4.151661396026611
2009-11-06,4.151661396026611
2009-11-09,4.040951728820801
2009-11-10,4.151661396026611
2009-11-11,3.9776875972747803
2009-11-12,3.9776875972747803
2009-11-13,3.73254132270813
2009-11-16,3.914423704147339
2009-11-17,4.096306800842285
2009-11-18,4.096306800842285
2009-11-19,4.151661396026611
2009-11-20,4.467978477478027
2009-11-23,3.9935030937194824
2009-11-24,3.9539637565612793
2009-11-25,3.961872100830078
2009-11-27,4.104213714599609
2009-11-30,3.9539637565612793
2009-12-01,3.9223318099975586
2009-12-02,3.59810733795166
2009-12-03,3.7958056926727295
2009-12-04,2.918025255203247
2009-12-07,3.1948022842407227
2009-12-08,3.3529603481292725
2009-12-09,3.677185297012329
2009-12-10,3.5269358158111572
2009-12-11,3.677185297012329
2009-12-14,3.3608686923980713
2009-12-15,3.321329355239868
2009-12-16,3.5506582260131836
2009-12-17,3.2896974086761475
2009-12-18,3.2422502040863037
2009-12-21,3.4557650089263916
2009-12-22,3.2027108669281006
2009-12-23,2.965473175048828
2009-12-24,2.965473175048828
2009-12-28,3.0840916633605957
2009-12-29,3.677185297012329
2009-12-30,3.6218314170837402
2009-12-31,3.6455538272857666
2010-01-04,3.558567523956299
2010-01-05,3.3608686923980713
2010-01-06,3.4715805053710938
2010-01-07,3.416224956512451
2010-01-08,3.4083170890808105
2010-01-11,3.5506582260131836
2010-01-12,3.3845925331115723
2010-01-13,3.4715805053710938
2010-01-14,3.4715805053710938
2010-01-15,3.345053195953369
2010-01-19,3.4794881343841553
2010-01-20,3.3608686923980713
2010-01-21,3.3608686923980713
2010-01-22,3.2817893028259277
2010-01-25,3.147355079650879
2010-01-26,3.005011796951294
2010-01-27,2.9496569633483887
2010-01-28,2.9496569633483887
2010-01-29,2.9575655460357666
2010-02-01,3.511120557785034
2010-02-02,3.5190269947052
2010-02-03,3.6218314170837402
2010-02-04,3.6218314170837402
2010-02-05,3.511120557785034
2010-02-08,3.511120557785034
2010-02-09,3.3529603481292725
2010-02-10,3.0524604320526123
2010-02-11,3.1394472122192383
2010-02-12,3.1315393447875977
2010-02-16,3.171078681945801
2010-02-17,3.3529603481292725
2010-02-18,3.2422502040863037
2010-02-19,3.171078681945801
2010-02-22,3.1631710529327393
2010-02-23,3.0920002460479736
2010-02-24,3.099907875061035
2010-02-25,3.099907875061035
2010-02-26,3.0208280086517334
2010-03-01,2.8626694679260254
2010-03-02,3.005011796951294
2010-03-03,2.965473175048828
2010-03-04,2.9971048831939697
2010-03-05,3.0840916633605957
2010-03-08,3.1631710529327393
2010-03-09,3.1631710529327393
2010-03-10,3.171078681945801
2010-03-11,3.1789865493774414
2010-03-12,3.305513381958008
2010-03-15,3.2501578330993652
2010-03-16,3.4478561878204346
2010-03-17,3.4794881343841553
2010-03-18,3.416224956512451
2010-03-19,3.2976057529449463
2010-03-22,3.3371448516845703
2010-03-23,3.3371448516845703
2010-03-24,3.4953043460845947
2010-03-25,3.4478561878204346
2010-03-26,3.3608686923980713
2010-03-29,3.558567523956299
2010-03-30,4.270279884338379
2010-03-31,4.618229389190674
2010-04-01,4.665677070617676
2010-04-05,5.535549163818359
2010-04-06,6.097011089324951
2010-04-07,6.223538875579834
2010-04-08,5.930946350097656
2010-04-09,5.772787094116211
2010-04-12,6.0258402824401855
2010-04-13,5.749063491821289
2010-04-14,6.089104652404785
2010-04-15,6.05747127532959
2010-04-16,5.685798645019531
2010-04-19,5.385297775268555
2010-04-20,5.163876533508301
2010-04-21,5.622535228729248
2010-04-22,5.693708419799805
2010-04-23,5.535549163818359
2010-04-26,6.484500408172607
2010-04-27,6.049564361572266
2010-04-28,6.247262477874756
2010-04-29,6.112827777862549
2010-04-30,5.836050510406494
2010-05-03,6.168183326721191
2010-05-04,6.144458293914795
2010-05-05,6.112827777862549
2010-05-06,6.848265171051025
2010-05-07,6.816634178161621
2010-05-10,6.484500408172607
2010-05-11,6.270986080169678
2010-05-12,6.3263421058654785
2010-05-13,6.381697177886963
2010-05-14,6.43705415725708
2010-05-17,6.6980156898498535
2010-05-18,6.6189351081848145
2010-05-19,6.6268439292907715
2010-05-20,6.666384220123291
2010-05-21,6.6189351081848145
2010-05-24,6.468684196472168
2010-05-25,5.717432498931885
2010-05-26,5.733248710632324
2010-05-27,5.709524154663086
2010-05-28,5.693708419799805
2010-06-01,5.496008396148682
2010-06-02,5.496008396148682
2010-06-03,5.535549163818359
2010-06-04,6.168183326721191
2010-06-07,6.010023593902588
2010-06-08,5.424839019775391
2010-06-09,5.424839019775391
2010-06-10,5.456471920013428
2010-06-11,5.337850093841553
2010-06-14,5.282495498657227
2010-06-15,5.424839019775391
2010-06-16,5.337850093841553
2010-06-17,5.5750885009765625
2010-06-18,5.535549163818359
2010-06-21,5.582997798919678
2010-06-22,5.535549163818359
2010-06-23,5.480194091796875
2010-06-24,5.480194091796875
2010-06-25,5.227140426635742
2010-06-28,5.662075996398926
2010-06-29,5.614627838134766
2010-06-30,5.535549163818359
2010-07-01,5.535549163818359
2010-07-02,5.535549163818359
2010-07-06,5.535549163818359
2010-07-07,5.353666305541992
2010-07-08,5.258772373199463
2010-07-09,5.258772373199463
2010-07-12,5.242955207824707
2010-07-13,4.966179370880127
2010-07-14,4.618229389190674
2010-07-15,4.618229389190674
2010-07-16,4.863376140594482
2010-07-19,4.895007133483887
2010-07-20,4.59450626373291
2010-07-21,4.74475622177124
2010-07-22,4.823835372924805
2010-07-23,4.823835372924805
2010-07-26,5.061074256896973
2010-07-27,5.163876533508301
2010-07-28,4.871284008026123
2010-07-29,4.578690052032471
2010-07-30,4.7052154541015625
2010-08-02,4.610321998596191
2010-08-03,4.49960994720459
2010-08-04,4.301913261413574
2010-08-05,4.151661396026611
2010-08-06,4.151661396026611
2010-08-09,3.9539637565612793
2010-08-10,3.9776875972747803
2010-08-11,3.961872100830078
2010-08-12,3.8748834133148193
2010-08-13,3.803713321685791
2010-08-16,3.724632978439331
2010-08-17,4.34935998916626
2010-08-18,4.34935998916626
2010-08-19,4.34935998916626
2010-08-20,4.34935998916626
2010-08-23,4.34935998916626
2010-08-24,4.309820652008057
2010-08-25,4.539150714874268
2010-08-26,4.507518291473389
2010-08-27,4.570781230926514
2010-08-30,4.570781230926514
2010-08-31,4.388899803161621
2010-09-01,4.3809919357299805
2010-09-02,4.689401149749756
2010-09-03,4.689401149749756
2010-09-07,4.689401149749756
2010-09-08,4.689401149749756
2010-09-09,4.554967403411865
2010-09-10,4.776388645172119
2010-09-13,4.246556758880615
2010-09-14,3.9539637565612793
2010-09-15,4.001410484313965
2010-09-16,4.040951728820801
2010-09-17,4.025135040283203
2010-09-20,3.9935030937194824
2010-09-21,3.9539637565612793
2010-09-22,3.9539637565612793
2010-09-23,3.914423704147339
2010-09-24,3.914423704147339
2010-09-27,3.882791757583618
2010-09-28,3.7958056926727295
2010-09-29,3.558567523956299
2010-09-30,3.558567523956299
2010-10-01,3.4794881343841553
2010-10-04,3.4794881343841553
2010-10-05,3.4794881343841553
2010-10-06,3.4004082679748535
2010-10-07,3.4004082679748535
2010-10-08,3.3608686923980713
2010-10-11,3.3608686923980713
2010-10-12,3.321329355239868
2010-10-13,3.3371448516845703
2010-10-14,3.321329355239868
2010-10-15,3.321329355239868
2010-10-18,3.321329355239868
2010-10-19,3.2817893028259277
2010-10-20,3.2817893028259277
2010-10-21,3.321329355239868
2010-10-22,3.1789865493774414
2010-10-25,3.1631710529327393
2010-10-26,3.0208280086517334
2010-10-27,3.1315393447875977
2010-10-28,2.989197015762329
2010-10-29,2.989197015762329
2010-11-01,3.123631238937378
2010-11-02,3.123631238937378
2010-11-03,3.123631238937378
2010-11-04,3.1631710529327393
2010-11-05,3.843252182006836
2010-11-08,3.1948022842407227
2010-11-09,3.3766849040985107
2010-11-10,3.6218314170837402
2010-11-11,3.6139233112335205
2010-11-12,3.6139233112335205
2010-11-15,3.59810733795166
2010-11-16,3.558567523956299
2010-11-17,3.558567523956299
2010-11-18,3.558567523956299
2010-11-19,3.1868948936462402
2010-11-22,3.2422502040863037
2010-11-23,3.2896974086761475
2010-11-24,3.265974283218384
2010-11-26,3.265974283218384
2010-11-29,3.2580666542053223
2010-11-30,3.329237699508667
2010-12-01,3.1394472122192383
2010-12-02,3.1631710529327393
2010-12-03,3.4004082679748535
2010-12-06,3.123631238937378
2010-12-07,3.4004082679748535
2010-12-08,3.2422502040863037
2010-12-09,3.2422502040863037
2010-12-10,3.21852707862854
2010-12-13,3.6455538272857666
2010-12-14,3.4004082679748535
2010-12-15,3.265974283218384
2010-12-16,3.669278621673584
2010-12-17,3.4715805053710938
2010-12-20,3.321329355239868
2010-12-21,3.329237699508667
2010-12-22,3.2580666542053223
2010-12-23,3.2580666542053223
2010-12-27,3.2580666542053223
2010-12-28,3.1789865493774414
2010-12-29,3.1948022842407227
2010-12-30,3.1948022842407227
2010-12-31,3.1868948936462402
2011-01-03,3.345053195953369
2011-01-04,3.3608686923980713
2011-01-05,3.3925018310546875
2011-01-06,3.4794881343841553
2011-01-07,3.3766849040985107
2011-01-10,3.3608686923980713
2011-01-11,3.439948081970215
2011-01-12,3.3608686923980713
2011-01-13,3.321329355239868
2011-01-14,3.321329355239868
2011-01-18,3.321329355239868
2011-01-19,3.2106189727783203
2011-01-20,3.2106189727783203
2011-01-21,3.273881196975708
2011-01-24,3.2106189727783203
2011-01-25,3.2106189727783203
2011-01-26,3.171078681945801
2011-01-27,3.321329355239868
2011-01-28,3.3608686923980713
2011-01-31,3.3608686923980713
2011-02-01,3.368776559829712
2011-02-02,3.368776559829712
2011-02-03,3.368776559829712
2011-02-04,3.4004082679748535
2011-02-07,3.4004082679748535
2011-02-08,3.432040214538574
2011-02-09,3.329237699508667
2011-02-10,3.2896974086761475
2011-02-11,3.2896974086761475
2011-02-14,3.2422502040863037
2011-02-15,3.2422502040863037
2011-02-16,3.2817893028259277
2011-02-17,3.2817893028259277
2011-02-18,3.2817893028259277
2011-02-22,3.5506582260131836
2011-02-23,3.3608686923980713
2011-02-24,3.3608686923980713
2011-02-25,3.439948081970215
2011-02-28,3.511120557785034
2011-03-01,3.368776559829712
2011-03-02,3.2976057529449463
2011-03-03,3.2976057529449463
2011-03-04,3.368776559829712
2011-03-07,3.321329355239868
2011-03-08,3.321329355239868
2011-03-09,3.3766849040985107
2011-03-10,3.234342098236084
2011-03-11,3.234342098236084
2011-03-14,3.321329355239868
2011-03-15,3.2422502040863037
2011-03-16,3.3925018310546875
2011-03-17,3.3925018310546875
2011-03-18,3.3925018310546875
2011-03-21,3.2501578330993652
2011-03-22,3.2501578330993652
2011-03-23,3.2422502040863037
2011-03-24,3.2422502040863037
2011-03-25,3.2422502040863037
2011-03-28,3.2106189727783203
2011-03-29,3.2501578330993652
2011-03-30,3.2580666542053223
2011-03-31,3.2817893028259277
2011-04-01,3.2817893028259277
2011-04-04,3.2817893028259277
2011-04-05,3.234342098236084
2011-04-06,3.2106189727783203
2011-04-07,3.321329355239868
2011-04-08,3.2422502040863037
2011-04-11,3.2422502040863037
2011-04-12,3.171078681945801
2011-04-13,3.171078681945801
2011-04-14,3.171078681945801
2011-04-15,3.171078681945801
2011-04-18,3.1789865493774414
2011-04-19,3.1789865493774414
2011-04-20,3.1789865493774414
2011-04-21,3.1948022842407227
2011-04-25,3.1789865493774414
2011-04-26,3.1789865493774414
2011-04-27,3.1789865493774414
2011-04-28,3.1789865493774414
2011-04-29,3.234342098236084
2011-05-02,3.171078681945801
2011-05-03,3.1157238483428955
2011-05-04,3.1157238483428955
2011-05-05,3.1552629470825195
2011-05-06,2.965473175048828
2011-05-09,2.91011643409729
2011-05-10,2.9496569633483887
2011-05-11,2.8468542098999023
2011-05-12,2.918025255203247
2011-05-13,2.91011643409729
2011-05-16,2.9575655460357666
2011-05-17,2.9575655460357666
2011-05-18,2.965473175048828
2011-05-19,2.8468542098999023
2011-05-20,2.941748857498169
2011-05-23,2.9575655460357666
2011-05-24,2.9575655460357666
2011-05-25,2.8626694679260254
2011-05-26,2.8626694679260254
2011-05-27,2.7124195098876953
2011-05-31,2.720327138900757
2011-06-01,2.728235960006714
2011-06-02,2.6886956691741943
2011-06-03,2.562168836593628
2011-06-06,2.5700762271881104
2011-06-07,2.6096155643463135
2011-06-08,2.5937998294830322
2011-06-09,2.5937998294830322
2011-06-10,2.5384445190429688
2011-06-13,2.55426025390625
2011-06-14,2.5305371284484863
2011-06-15,2.5305371284484863
2011-06-16,2.490997314453125
2011-06-17,2.4751806259155273
2011-06-20,2.19840407371521
2011-06-21,2.2774837017059326
2011-06-22,2.4514572620391846
2011-06-23,2.4435503482818604
2011-06-24,2.4751806259155273
2011-06-27,2.1667721271514893
2011-06-28,2.293299674987793
2011-06-29,2.2537591457366943
2011-06-30,2.269575357437134
2011-07-01,2.37237811088562
2011-07-05,2.6886956691741943
2011-07-06,2.4119176864624023
2011-07-07,2.4040093421936035
2011-07-08,2.467273473739624
2011-07-11,2.301206588745117
2011-07-12,2.269575357437134
2011-07-13,2.269575357437134
2011-07-14,2.37237811088562
2011-07-15,2.4514572620391846
2011-07-18,2.19840407371521
2011-07-19,2.19840407371521
2011-07-20,2.2300353050231934
2011-07-21,2.2379438877105713
2011-07-22,2.2300353050231934
2011-07-25,2.3644702434539795
2011-07-26,2.17467999458313
2011-07-27,2.2063117027282715
2011-07-28,2.2379438877105713
2011-07-29,2.2063117027282715
2011-08-01,2.37237811088562
2011-08-02,2.37237811088562
2011-08-03,2.1904959678649902
2011-08-04,2.2221274375915527
2011-08-05,2.17467999458313
2011-08-08,2.17467999458313
2011-08-09,2.17467999458313
2011-08-10,2.17467999458313
2011-08-11,2.17467999458313
2011-08-12,2.1667721271514893
2011-08-15,2.1667721271514893
2011-08-16,2.1351399421691895
2011-08-17,2.2774837017059326
2011-08-18,2.3802857398986816
2011-08-19,2.2221274375915527
2011-08-22,2.0956008434295654
2011-08-23,2.0956008434295654
2011-08-24,2.0165209770202637
2011-08-25,2.0165209770202637
2011-08-26,2.119324207305908
2011-08-29,2.293299674987793
2011-08-30,2.4830896854400635
2011-08-31,2.37237811088562
2011-09-01,2.301206588745117
2011-09-02,2.3565621376037598
2011-09-06,2.3565621376037598
2011-09-07,2.3565621376037598
2011-09-08,2.3565621376037598
2011-09-09,2.3565621376037598
2011-09-12,2.3565621376037598
2011-09-13,2.3565621376037598
2011-09-14,2.3565621376037598
2011-09-15,2.293299674987793
2011-09-16,2.309114694595337
2011-09-19,2.293299674987793
2011-09-20,2.301206588745117
2011-09-21,2.301206588745117
2011-09-22,2.3249306678771973
2011-09-23,2.293299674987793
2011-09-26,2.1904959678649902
2011-09-27,2.1904959678649902
2011-09-28,2.1904959678649902
2011-09-29,2.1904959678649902
2011-09-30,2.079784870147705
2011-10-03,2.079784870147705
2011-10-04,2.0244288444519043
2011-10-05,2.0244288444519043
2011-10-06,2.0165209770202637
2011-10-07,2.0244288444519043
2011-10-10,1.834639310836792
2011-10-11,1.834639310836792
2011-10-12,1.8583624362945557
2011-10-13,1.8030073642730713
2011-10-14,1.8583624362945557
2011-10-17,1.834639310836792
2011-10-18,1.834639310836792
2011-10-19,1.8583624362945557
2011-10-20,1.8583624362945557
2011-10-21,1.834639310836792
2011-10-24,1.8109157085418701
2011-10-25,1.7792837619781494
2011-10-26,1.7792837619781494
2011-10-27,1.7792837619781494
2011-10-28,1.8820871114730835
2011-10-31,1.8820871114730835
2011-11-01,1.8820871114730835
2011-11-02,1.8820871114730835
2011-11-03,1.8188228607177734
2011-11-04,1.8899940252304077
2011-11-07,1.7792837619781494
2011-11-08,1.7792837619781494
2011-11-09,1.8188228607177734
2011-11-10,1.8504549264907837
2011-11-11,1.8504549264907837
2011-11-14,1.8425475358963013
2011-11-15,1.8425475358963013
2011-11-16,1.8425475358963013
2011-11-17,1.7792837619781494
2011-11-18,1.913718819618225
2011-11-21,2.087693214416504
2011-11-22,1.9532579183578491
2011-11-23,1.7081124782562256
2011-11-25,1.5894932746887207
2011-11-28,1.6053094863891602
2011-11-29,1.5974011421203613
2011-11-30,1.660664677619934
2011-12-01,1.660664677619934
2011-12-02,1.8741787672042847
2011-12-05,1.7002041339874268
2011-12-06,1.787191390991211
2011-12-07,1.787191390991211
2011-12-08,1.787191390991211
2011-12-09,2.079784870147705
2011-12-12,2.0165209770202637
2011-12-13,1.755560278892517
2011-12-14,1.7792837619781494
2011-12-15,1.8979028463363647
2011-12-16,1.8504549264907837
2011-12-19,1.834639310836792
2011-12-20,1.7002041339874268
2011-12-21,1.755560278892517
2011-12-22,1.7397440671920776
2011-12-23,1.7318365573883057
2011-12-27,1.716020107269287
2011-12-28,1.6764801740646362
2011-12-29,1.6764801740646362
2011-12-30,1.7713757753372192
2012-01-03,1.660664677619934
2012-01-04,1.6211251020431519
2012-01-05,1.5657696723937988
2012-01-06,1.5736775398254395
2012-01-09,1.5420458316802979
2012-01-10,1.5420458316802979
2012-01-11,1.5420458316802979
2012-01-12,1.5420458316802979
2012-01-13,1.5341378450393677
2012-01-17,1.502505898475647
2012-01-18,1.5104140043258667
2012-01-19,1.5578619241714478
2012-01-20,1.6448487043380737
2012-01-23,1.969074010848999
2012-01-24,1.9848899841308594
2012-01-25,2.0402450561523438
2012-01-26,2.119324207305908
2012-01-27,2.17467999458313
2012-01-30,2.063969373703003
2012-01-31,2.1904959678649902
2012-02-01,2.37237811088562
2012-02-02,2.37237811088562
2012-02-03,2.37237811088562
2012-02-06,2.5463531017303467
2012-02-07,3.0366437435150146
2012-02-08,3.9065158367156982
2012-02-09,3.9935030937194824
2012-02-10,3.8511605262756348
2012-02-13,3.5822906494140625
2012-02-14,3.2580666542053223
2012-02-15,3.0208280086517334
2012-02-16,3.0603678226470947
2012-02-17,3.2106189727783203
2012-02-21,3.0445523262023926
2012-02-22,3.0603678226470947
2012-02-23,3.1157238483428955
2012-02-24,3.0840916633605957
2012-02-27,3.123631238937378
2012-02-28,3.147355079650879
2012-02-29,3.1157238483428955
2012-03-01,3.1631710529327393
2012-03-02,3.0445523262023926
2012-03-05,3.005011796951294
2012-03-06,3.005011796951294
2012-03-07,3.005011796951294
2012-03-08,2.9733808040618896
2012-03-09,2.9496569633483887
2012-03-12,2.9496569633483887
2012-03-13,2.9496569633483887
2012-03-14,3.0603678226470947
2012-03-15,3.076183557510376
2012-03-16,3.005011796951294
2012-03-19,2.965473175048828
2012-03-20,2.965473175048828
2012-03-21,2.9971048831939697
2012-03-22,3.0208280086517334
2012-03-23,3.123631238937378
2012-03-26,3.076183557510376
2012-03-27,3.076183557510376
2012-03-28,2.9733808040618896
2012-03-29,3.0208280086517334
2012-03-30,2.965473175048828
2012-04-02,3.005011796951294
2012-04-03,3.005011796951294
2012-04-04,3.0366437435150146
2012-04-05,3.1552629470825195
2012-04-09,3.123631238937378
2012-04-10,3.2422502040863037
2012-04-11,3.345053195953369
2012-04-12,3.345053195953369
2012-04-13,3.345053195953369
2012-04-16,3.3529603481292725
2012-04-17,3.123631238937378
2012-04-18,3.1631710529327393
2012-04-19,3.1631710529327393
2012-04-20,3.321329355239868
2012-04-23,3.2976057529449463
2012-04-24,3.3371448516845703
2012-04-25,3.3371448516845703
2012-04-26,3.329237699508667
2012-04-27,3.329237699508667
2012-04-30,3.329237699508667
2012-05-01,3.329237699508667
2012-05-02,3.329237699508667
2012-05-03,3.1789865493774414
2012-05-04,3.321329355239868
2012-05-07,3.2976057529449463
2012-05-08,3.2106189727783203
2012-05-09,3.305513381958008
2012-05-10,3.2422502040863037
2012-05-11,3.3766849040985107
2012-05-14,3.558567523956299
2012-05-15,3.2896974086761475
2012-05-16,3.5506582260131836
2012-05-17,3.4794881343841553
2012-05-18,3.5190269947052
2012-05-21,3.4636731147766113
2012-05-22,3.4083170890808105
2012-05-23,3.321329355239868
2012-05-24,3.558567523956299
2012-05-25,4.0804901123046875
2012-05-29,4.143754959106445
2012-05-30,3.938148021697998
2012-05-31,3.9539637565612793
2012-06-01,4.096306800842285
2012-06-04,4.104213714599609
2012-06-05,4.784295558929443
2012-06-06,5.986302375793457
2012-06-07,5.733248710632324
2012-06-08,5.456471920013428
2012-06-11,4.507518291473389
2012-06-12,5.140152454376221
2012-06-13,4.317727565765381
2012-06-14,4.586599349975586
2012-06-15,4.618229389190674
2012-06-18,4.736848831176758
2012-06-19,4.697307586669922
2012-06-20,4.673584461212158
2012-06-21,4.404715538024902
2012-06-22,4.040951728820801
2012-06-25,4.365176200866699
2012-06-26,3.9697799682617188
2012-06-27,4.23074197769165
2012-06-28,3.9539637565612793
2012-06-29,3.7404496669769287
2012-07-02,4.120029926300049
2012-07-03,3.7878975868225098
2012-07-05,3.7878975868225098
2012-07-06,3.6297390460968018
2012-07-09,3.677185297012329
2012-07-10,3.7958056926727295
2012-07-11,4.096306800842285
2012-07-12,3.938148021697998
2012-07-13,3.6534624099731445
2012-07-16,3.9539637565612793
2012-07-17,4.009318828582764
2012-07-18,3.8748834133148193
2012-07-19,4.033041954040527
2012-07-20,3.8748834133148193
2012-07-23,3.677185297012329
2012-07-24,3.7562649250030518
2012-07-25,3.882791757583618
2012-07-26,3.3608686923980713
2012-07-27,3.123631238937378
2012-07-30,3.1631710529327393
2012-07-31,3.1631710529327393
2012-08-01,3.1631710529327393
2012-08-02,3.305513381958008
2012-08-03,3.368776559829712
2012-08-06,3.2817893028259277
2012-08-07,3.1789865493774414
2012-08-08,3.1631710529327393
2012-08-09,3.1631710529327393
2012-08-10,3.2896974086761475
2012-08-13,3.2896974086761475
2012-08-14,3.2896974086761475
2012-08-15,3.2027108669281006
2012-08-16,3.1631710529327393
2012-08-17,3.3134219646453857
2012-08-20,3.1552629470825195
2012-08-21,3.3134219646453857
2012-08-22,3.2422502040863037
2012-08-23,3.2817893028259277
2012-08-24,3.3134219646453857
2012-08-27,3.265974283218384
2012-08-28,3.265974283218384
2012-08-29,3.265974283218384
2012-08-30,3.321329355239868
2012-08-31,3.147355079650879
2012-09-04,3.147355079650879
2012-09-05,3.1394472122192383
2012-09-06,3.1631710529327393
2012-09-07,3.4557650089263916
2012-09-10,3.4715805053710938
2012-09-11,3.234342098236084
2012-09-12,3.234342098236084
2012-09-13,3.005011796951294
2012-09-14,2.736142635345459
2012-09-17,2.925933361053467
2012-09-18,2.918025255203247
2012-09-19,2.9022092819213867
2012-09-20,2.9971048831939697
2012-09-21,3.1078150272369385
2012-09-24,2.894301414489746
2012-09-25,2.91011643409729
2012-09-26,2.925933361053467
2012-09-27,2.9971048831939697
2012-09-28,2.91011643409729
2012-10-01,2.925933361053467
2012-10-02,2.965473175048828
2012-10-03,2.965473175048828
2012-10-04,3.005011796951294
2012-10-05,3.0208280086517334
2012-10-08,3.076183557510376
2012-10-09,3.2976057529449463
2012-10-10,3.3608686923980713
2012-10-11,3.0129201412200928
2012-10-12,3.171078681945801
2012-10-15,3.345053195953369
2012-10-16,3.123631238937378
2012-10-17,3.2422502040863037
2012-10-18,3.1631710529327393
2012-10-19,2.831037998199463
2012-10-22,3.1078150272369385
2012-10-23,3.1552629470825195
2012-10-24,3.147355079650879
2012-10-25,2.9733808040618896
2012-10-26,2.9575655460357666
2012-10-31,3.147355079650879
2012-11-01,2.9022092819213867
2012-11-02,2.9733808040618896
2012-11-05,2.9733808040618896
2012-11-06,3.0445523262023926
2012-11-07,3.0208280086517334
2012-11-08,2.989197015762329
2012-11-09,3.005011796951294
2012-11-12,2.925933361053467
2012-11-13,2.925933361053467
2012-11-14,2.989197015762329
2012-11-15,3.0208280086517334
2012-11-16,3.1157238483428955
2012-11-19,2.933840751647949
2012-11-20,2.933840751647949
2012-11-21,2.965473175048828
2012-11-23,2.965473175048828
2012-11-26,3.005011796951294
2012-11-27,3.005011796951294
2012-11-28,3.0366437435150146
2012-11-29,3.0366437435150146
2012-11-30,3.0208280086517334
2012-12-03,3.005011796951294
2012-12-04,2.894301414489746
2012-12-05,2.989197015762329
2012-12-06,3.1394472122192383
2012-12-07,3.005011796951294
2012-12-10,3.005011796951294
2012-12-11,2.989197015762329
2012-12-12,2.8468542098999023
2012-12-13,2.91011643409729
2012-12-14,3.005011796951294
2012-12-17,2.933840751647949
2012-12-18,2.9733808040618896
2012-12-19,2.933840751647949
2012-12-20,2.854762077331543
2012-12-21,2.854762077331543
2012-12-24,2.807313919067383
2012-12-26,2.854762077331543
2012-12-27,2.8784854412078857
2012-12-28,2.9575655460357666
2012-12-31,2.8468542098999023
2013-01-02,2.807313919067383
2013-01-03,2.8863935470581055
2013-01-04,2.965473175048828
2013-01-07,3.028735637664795
2013-01-08,3.1631710529327393
2013-01-09,3.368776559829712
2013-01-10,3.368776559829712
2013-01-11,3.4557650089263916
2013-01-14,3.914423704147339
2013-01-15,4.072582721710205
2013-01-16,4.3335442543029785
2013-01-17,4.420531272888184
2013-01-18,4.48379373550415
2013-01-22,4.373084545135498
2013-01-23,4.420531272888184
2013-01-24,4.222833156585693
2013-01-25,4.112121105194092
2013-01-28,4.112121105194092
2013-01-29,4.34935998916626
2013-01-30,4.301913261413574
2013-01-31,4.34935998916626
2013-02-01,4.2623724937438965
2013-02-04,4.531242847442627
2013-02-05,4.222833156585693
2013-02-06,4.539150714874268
2013-02-07,4.452163219451904
2013-02-08,4.452163219451904
2013-02-11,4.317727565765381
2013-02-12,4.317727565765381
2013-02-13,4.309820652008057
2013-02-14,4.183292388916016
2013-02-15,4.120029926300049
2013-02-19,4.112121105194092
2013-02-20,4.112121105194092
2013-02-21,4.112121105194092
2013-02-22,4.127938747406006
2013-02-25,4.056766986846924
2013-02-26,4.183292388916016
2013-02-27,4.048857688903809
2013-02-28,4.238648414611816
2013-03-01,4.112121105194092
2013-03-04,4.112121105194092
2013-03-05,4.175386428833008
2013-03-06,4.294004917144775
2013-03-07,4.301913261413574
2013-03-08,4.294004917144775
2013-03-11,4.341453552246094
2013-03-12,4.309820652008057
2013-03-13,4.309820652008057
2013-03-14,4.309820652008057
2013-03-15,4.309820652008057
2013-03-18,4.460070610046387
2013-03-19,4.309820652008057
2013-03-20,4.309820652008057
2013-03-21,4.309820652008057
2013-03-22,4.278189659118652
2013-03-25,4.404715538024902
2013-03-26,4.357268810272217
2013-03-27,4.3335442543029785
2013-03-28,4.309820652008057
2013-04-01,4.309820652008057
2013-04-02,4.254465103149414
2013-04-03,4.19911003112793
2013-04-04,4.32563591003418
2013-04-05,4.34935998916626
2013-04-08,4.34935998916626
2013-04-09,4.341453552246094
2013-04-10,4.341453552246094
2013-04-11,4.191201686859131
2013-04-12,4.254465103149414
2013-04-15,4.309820652008057
2013-04-16,4.34935998916626
2013-04-17,4.373084545135498
2013-04-18,4.388899803161621
2013-04-19,4.523333549499512
2013-04-22,4.665677070617676
2013-04-23,4.665677070617676
2013-04-24,4.721031665802002
2013-04-25,4.721031665802002
2013-04-26,4.736848831176758
2013-04-29,4.902914524078369
2013-04-30,4.74475622177124
2013-05-01,5.148062229156494
2013-05-02,5.124337673187256
2013-05-03,4.950361251831055
2013-05-06,5.171785831451416
2013-05-07,5.2113237380981445
2013-05-08,5.2113237380981445
2013-05-09,5.163876533508301
2013-05-10,5.037348747253418
2013-05-13,5.116428852081299
2013-05-14,5.116428852081299
2013-05-15,5.092706203460693
2013-05-16,4.9582695960998535
2013-05-17,5.005716800689697
2013-05-20,4.966179370880127
2013-05-21,5.092706203460693
2013-05-22,5.0768890380859375
2013-05-23,5.092706203460693
2013-05-24,4.966179370880127
2013-05-28,5.2113237380981445
2013-05-29,5.456471920013428
2013-05-30,5.535549163818359
2013-05-31,5.646259784698486
2013-06-03,5.5750885009765625
2013-06-04,5.772787094116211
2013-06-05,5.685798645019531
2013-06-06,5.851866722106934
2013-06-07,5.875589370727539
2013-06-10,5.923036098480225
2013-06-11,5.923036098480225
2013-06-12,5.662075996398926
2013-06-13,5.693708419799805
2013-06-14,5.907221794128418
2013-06-17,5.701616287231445
2013-06-18,5.7569708824157715
2013-06-19,5.693708419799805
2013-06-20,5.701616287231445
2013-06-21,5.899313926696777
2013-06-24,5.701616287231445
2013-06-25,5.701616287231445
2013-06-26,5.535549163818359
2013-06-27,5.322035312652588
2013-06-28,5.385297775268555
2013-07-01,5.741156101226807
2013-07-02,5.733248710632324
2013-07-03,5.733248710632324
2013-07-05,5.614627838134766
2013-07-08,5.590904235839844
2013-07-09,5.812325954437256
2013-07-10,5.836050510406494
2013-07-11,5.709524154663086
2013-07-12,5.764878749847412
2013-07-15,5.662075996398926
2013-07-16,5.677891731262207
2013-07-17,5.7569708824157715
2013-07-18,5.741156101226807
2013-07-19,5.654168605804443
2013-07-22,5.535549163818359
2013-07-23,5.5671796798706055
2013-07-24,5.701616287231445
2013-07-25,5.907221794128418
2013-07-26,5.812325954437256
2013-07-29,5.693708419799805
2013-07-30,5.693708419799805
2013-07-31,5.725338935852051
2013-08-01,5.725338935852051
2013-08-02,5.559273719787598
2013-08-05,5.559273719787598
2013-08-06,5.677891731262207
2013-08-07,5.677891731262207
2013-08-08,5.582997798919678
2013-08-09,5.543457508087158
2013-08-12,5.685798645019531
2013-08-13,5.559273719787598
2013-08-14,5.559273719787598
2013-08-15,5.543457508087158
2013-08-16,5.5671796798706055
2013-08-19,5.5750885009765625
2013-08-20,5.219231128692627
2013-08-21,4.887100696563721
2013-08-22,5.258772373199463
2013-08-23,4.9582695960998535
2013-08-26,5.322035312652588
2013-08-27,4.839651584625244
2013-08-28,5.013625144958496
2013-08-29,5.124337673187256
2013-08-30,5.140152454376221
2013-09-03,5.061074256896973
2013-09-04,5.140152454376221
2013-09-05,5.1085205078125
2013-09-06,5.0768890380859375
2013-09-09,5.092706203460693
2013-09-10,5.084797382354736
2013-09-11,5.053165435791016
2013-09-12,5.053165435791016
2013-09-13,4.942453861236572
2013-09-16,4.784295558929443
2013-09-17,4.997809886932373
2013-09-18,4.871284008026123
2013-09-19,4.950361251831055
2013-09-20,4.839651584625244
2013-09-23,4.98199462890625
2013-09-24,4.902914524078369
2013-09-25,4.847560405731201
2013-09-26,4.800110816955566
2013-09-27,4.74475622177124
2013-09-30,4.626138687133789
2013-10-01,4.665677070617676
2013-10-02,4.665677070617676
2013-10-03,4.74475622177124
2013-10-04,4.8159284591674805
2013-10-07,4.8159284591674805
2013-10-08,4.823835372924805
2013-10-09,4.823835372924805
2013-10-10,4.808018684387207
2013-10-11,4.808018684387207
2013-10-14,4.8159284591674805
2013-10-15,4.823835372924805
2013-10-16,4.847560405731201
2013-10-17,4.847560405731201
2013-10-18,4.776388645172119
2013-10-21,5.061074256896973
2013-10-22,4.887100696563721
2013-10-23,4.808018684387207
2013-10-24,4.784295558929443
2013-10-25,4.855467796325684
2013-10-28,4.760571479797363
2013-10-29,4.823835372924805
2013-10-30,4.902914524078369
2013-10-31,4.839651584625244
2013-11-01,4.8317437171936035
2013-11-04,4.942453861236572
2013-11-05,4.847560405731201
2013-11-06,4.847560405731201
2013-11-07,5.045257568359375
2013-11-08,5.045257568359375
2013-11-11,5.013625144958496
2013-11-12,4.776388645172119
2013-11-13,5.061074256896973
2013-11-14,5.045257568359375
2013-11-15,5.061074256896973
2013-11-18,4.966179370880127
2013-11-19,4.966179370880127
2013-11-20,5.045257568359375
2013-11-21,5.045257568359375
2013-11-22,5.053165435791016
2013-11-25,4.989901542663574
2013-11-26,5.053165435791016
2013-11-27,5.045257568359375
2013-11-29,5.045257568359375
2013-12-02,4.934546947479248
2013-12-03,4.808018684387207
2013-12-04,4.808018684387207
2013-12-05,4.808018684387207
2013-12-06,4.8159284591674805
2013-12-09,4.823835372924805
2013-12-10,4.902914524078369
2013-12-11,4.902914524078369
2013-12-12,4.902914524078369
2013-12-13,4.895007133483887
2013-12-16,4.871284008026123
2013-12-17,4.879190921783447
2013-12-18,4.879190921783447
2013-12-19,4.736848831176758
2013-12-20,4.752664089202881
2013-12-23,4.776388645172119
2013-12-24,4.863376140594482
2013-12-26,4.863376140594482
2013-12-27,4.863376140594482
2013-12-30,4.657771110534668
2013-12-31,4.823835372924805
2014-01-02,4.823835372924805
2014-01-03,4.776388645172119
2014-01-06,4.847560405731201
2014-01-07,5.061074256896973
2014-01-08,5.061074256896973
2014-01-09,4.855467796325684
2014-01-10,5.132243633270264
2014-01-13,4.98199462890625
2014-01-14,4.98199462890625
2014-01-15,4.98199462890625
2014-01-16,4.98199462890625
2014-01-17,4.887100696563721
2014-01-21,4.997809886932373
2014-01-22,4.98199462890625
2014-01-23,4.98199462890625
2014-01-24,4.98199462890625
2014-01-27,4.98199462890625
2014-01-28,4.98199462890625
2014-01-29,4.98199462890625
2014-01-30,4.98199462890625
2014-01-31,4.902914524078369
2014-02-03,4.887100696563721
2014-02-04,4.902914524078369
2014-02-05,4.974086761474609
2014-02-06,4.950361251831055
2014-02-07,5.0768890380859375
2014-02-10,5.013625144958496
2014-02-11,4.98199462890625
2014-02-12,4.902914524078369
2014-02-13,4.8317437171936035
2014-02-14,4.855467796325684
2014-02-18,4.974086761474609
2014-02-19,4.942453861236572
2014-02-20,4.98199462890625
2014-02-21,4.950361251831055
2014-02-24,4.98199462890625
2014-02-25,4.98199462890625
2014-02-26,4.887100696563721
2014-02-27,4.974086761474609
2014-02-28,4.974086761474609
2014-03-03,4.98199462890625
2014-03-04,4.98199462890625
2014-03-05,4.942453861236572
2014-03-06,4.942453861236572
2014-03-07,4.98199462890625
2014-03-10,4.942453861236572
2014-03-11,4.942453861236572
2014-03-12,4.942453861236572
2014-03-13,4.942453861236572
2014-03-14,4.902914524078369
2014-03-17,4.839651584625244
2014-03-18,4.847560405731201
2014-03-19,4.8317437171936035
2014-03-20,4.8317437171936035
2014-03-21,4.910823822021484
2014-03-24,4.910823822021484
2014-03-25,4.910823822021484
2014-03-26,4.800110816955566
2014-03-27,4.808018684387207
2014-03-28,4.808018684387207
2014-03-31,4.847560405731201
2014-04-01,4.847560405731201
2014-04-02,4.847560405731201
2014-04-03,4.847560405731201
2014-04-04,4.808018684387207
2014-04-07,4.808018684387207
2014-04-08,4.823835372924805
2014-04-09,4.902914524078369
2014-04-10,4.926637649536133
2014-04-11,4.895007133483887
2014-04-14,4.74475622177124
2014-04-15,4.895007133483887
2014-04-16,4.823835372924805
2014-04-17,4.895007133483887
2014-04-21,4.895007133483887
2014-04-22,4.823835372924805
2014-04-23,4.823835372924805
2014-04-24,4.8317437171936035
2014-04-25,4.76848030090332
2014-04-28,4.76848030090332
2014-04-29,4.76848030090332
2014-04-30,4.76848030090332
2014-05-01,4.7131242752075195
2014-05-02,4.7131242752075195
2014-05-05,4.760571479797363
2014-05-06,4.760571479797363
2014-05-07,4.657771110534668
2014-05-08,4.76848030090332
2014-05-09,4.74475622177124
2014-05-12,4.76848030090332
2014-05-13,4.800110816955566
2014-05-14,4.784295558929443
2014-05-15,4.776388645172119
2014-05-16,4.507518291473389
2014-05-19,4.800110816955566
2014-05-20,4.823835372924805
2014-05-21,4.74475622177124
2014-05-22,4.760571479797363
2014-05-23,4.752664089202881
2014-05-27,4.926637649536133
2014-05-28,4.760571479797363
2014-05-29,4.760571479797363
2014-05-30,4.760571479797363
2014-06-02,4.823835372924805
2014-06-03,4.823835372924805
2014-06-04,4.760571479797363
2014-06-05,4.800110816955566
2014-06-06,4.808018684387207
2014-06-09,4.7922043800354
2014-06-10,4.7922043800354
2014-06-11,4.8159284591674805
2014-06-12,4.8159284591674805
2014-06-13,4.863376140594482
2014-06-16,4.855467796325684
2014-06-17,4.855467796325684
2014-06-18,4.966179370880127
2014-06-19,4.823835372924805
2014-06-20,4.902914524078369
2014-06-23,4.760571479797363
2014-06-24,4.847560405731201
2014-06-25,4.7922043800354
2014-06-26,4.7922043800354
2014-06-27,4.98199462890625
2014-06-30,4.989901542663574
2014-07-01,4.7922043800354
2014-07-02,4.950361251831055
2014-07-03,5.0768890380859375
2014-07-07,5.045257568359375
2014-07-08,4.942453861236572
2014-07-09,4.9582695960998535
2014-07-10,4.9582695960998535
2014-07-11,4.966179370880127
2014-07-14,4.942453861236572
2014-07-15,4.942453861236572
2014-07-16,4.950361251831055
2014-07-17,5.503917217254639
2014-07-18,5.290403366088867
2014-07-21,5.258772373199463
2014-07-22,5.298311710357666
2014-07-23,5.227140426635742
2014-07-24,5.116428852081299
2014-07-25,5.092706203460693
2014-07-28,5.511826038360596
2014-07-29,5.100614547729492
2014-07-30,5.227140426635742
2014-07-31,5.448563098907471
2014-08-01,5.32994270324707
2014-08-04,5.179692268371582
2014-08-05,5.140152454376221
2014-08-06,5.037348747253418
2014-08-07,5.037348747253418
2014-08-08,5.322035312652588
2014-08-11,5.1875996589660645
2014-08-12,5.1875996589660645
2014-08-13,5.084797382354736
2014-08-14,5.084797382354736
2014-08-15,5.140152454376221
2014-08-18,5.148062229156494
2014-08-19,5.148062229156494
2014-08-20,5.290403366088867
2014-08-21,5.290403366088867
2014-08-22,5.1875996589660645
2014-08-25,5.1875996589660645
2014-08-26,5.1875996589660645
2014-08-27,5.1875996589660645
2014-08-28,5.140152454376221
2014-08-29,5.140152454376221
2014-09-02,5.1875996589660645
2014-09-03,5.1875996589660645
2014-09-04,5.20341682434082
2014-09-05,5.242955207824707
2014-09-08,5.140152454376221
2014-09-09,5.171785831451416
2014-09-10,5.171785831451416
2014-09-11,5.1955084800720215
2014-09-12,5.1955084800720215
2014-09-15,5.219231128692627
2014-09-16,5.32994270324707
2014-09-17,5.32994270324707
2014-09-18,5.140152454376221
2014-09-19,5.258772373199463
2014-09-22,5.266679286956787
2014-09-23,5.266679286956787
2014-09-24,5.298311710357666
2014-09-25,5.298311710357666
2014-09-26,5.298311710357666
2014-09-29,5.298311710357666
2014-09-30,5.298311710357666
2014-10-01,5.614627838134766
2014-10-02,5.298311710357666
2014-10-03,5.590904235839844
2014-10-06,5.298311710357666
2014-10-07,5.511826038360596
2014-10-08,5.464377403259277
2014-10-09,5.464377403259277
2014-10-10,5.464377403259277
2014-10-13,5.2113237380981445
2014-10-14,5.179692268371582
2014-10-15,5.322035312652588
2014-10-16,5.219231128692627
2014-10-17,5.306220054626465
2014-10-20,5.314127445220947
2014-10-21,5.235048294067383
2014-10-22,5.250863552093506
2014-10-23,5.385297775268555
2014-10-24,5.385297775268555
2014-10-27,5.377391338348389
2014-10-28,5.519733905792236
2014-10-29,5.432746410369873
2014-10-30,5.385297775268555
2014-10-31,5.456471920013428
2014-11-03,5.496008396148682
2014-11-04,5.614627838134766
2014-11-05,5.614627838134766
2014-11-06,5.456471920013428
2014-11-07,5.456471920013428
2014-11-10,5.456471920013428
2014-11-11,5.258772373199463
2014-11-12,5.377391338348389
2014-11-13,5.361574172973633
2014-11-14,5.456471920013428
2014-11-17,5.559273719787598
2014-11-18,5.559273719787598
2014-11-19,5.559273719787598
2014-11-20,5.598811626434326
2014-11-21,5.614627838134766
2014-11-24,5.733248710632324
2014-11-25,5.7569708824157715
2014-11-26,5.930946350097656
2014-11-28,5.962576389312744
2014-12-01,5.733248710632324
2014-12-02,5.954668998718262
2014-12-03,5.764878749847412
2014-12-04,5.796510219573975
2014-12-05,5.923036098480225
2014-12-08,6.089104652404785
2014-12-09,6.0258402824401855
2014-12-10,6.0258402824401855
2014-12-11,6.089104652404785
2014-12-12,5.923036098480225
2014-12-15,5.7569708824157715
2014-12-16,5.946761608123779
2014-12-17,5.930946350097656
2014-12-18,5.930946350097656
2014-12-19,5.851866722106934
2014-12-22,5.82023286819458
2014-12-23,5.859773635864258
2014-12-24,5.867681503295898
2014-12-26,5.986302375793457
2014-12-29,6.033748626708984
2014-12-30,6.049564361572266
2014-12-31,6.231447696685791
2015-01-02,6.231447696685791
2015-01-05,6.160273551940918
2015-01-06,6.065381050109863
2015-01-07,6.104920864105225
2015-01-08,6.152367115020752
2015-01-09,6.017934322357178
2015-01-12,5.883497714996338
2015-01-13,5.930946350097656
2015-01-14,6.1207356452941895
2015-01-15,5.970485210418701
2015-01-16,5.970485210418701
2015-01-20,6.19190788269043
2015-01-21,6.19190788269043
2015-01-22,5.930946350097656
2015-01-23,6.010023593902588
2015-01-26,5.89140510559082
2015-01-27,6.073287487030029
2015-01-28,5.8281426429748535
2015-01-29,5.930946350097656
2015-01-30,5.899313926696777
2015-02-02,5.851866722106934
2015-02-03,5.89140510559082
2015-02-04,5.89140510559082
2015-02-05,5.930946350097656
2015-02-06,5.89140510559082
2015-02-09,5.851866722106934
2015-02-10,5.899313926696777
2015-02-11,5.899313926696777
2015-02-12,5.899313926696777
2015-02-13,6.081195831298828
2015-02-17,6.089104652404785
2015-02-18,6.010023593902588
2015-02-19,6.144458293914795
2015-02-20,6.278894424438477
2015-02-23,6.278894424438477
2015-02-24,6.278894424438477
2015-02-25,6.318434715270996
2015-02-26,6.247262477874756
2015-02-27,6.247262477874756
2015-03-02,6.452868938446045
2015-03-03,6.452868938446045
2015-03-04,6.444958686828613
2015-03-05,6.429145812988281
2015-03-06,6.6268439292907715
2015-03-09,6.484500408172607
2015-03-10,6.405421733856201
2015-03-11,6.421237945556641
2015-03-12,6.476592540740967
2015-03-13,6.508225440979004
2015-03-16,6.405421733856201
2015-03-17,6.524040222167969
2015-03-18,6.484500408172607
2015-03-19,6.421237945556641
2015-03-20,6.334249019622803
2015-03-23,6.405421733856201
2015-03-24,6.3263421058654785
2015-03-25,6.5003156661987305
2015-03-26,6.405421733856201
2015-03-27,6.444958686828613
2015-03-30,6.3737897872924805
2015-03-31,6.405421733856201
2015-04-01,6.405421733856201
2015-04-02,6.405421733856201
2015-04-06,6.3737897872924805
2015-04-07,6.444958686828613
2015-04-08,6.444958686828613
2015-04-09,6.5635786056518555
2015-04-10,6.5556721687316895
2015-04-13,6.452868938446045
2015-04-14,6.5161333084106445
2015-04-15,6.690106391906738
2015-04-16,6.476592540740967
2015-04-17,6.476592540740967
2015-04-20,6.531948566436768
2015-04-21,6.524040222167969
2015-04-22,6.571485996246338
2015-04-23,6.547762393951416
2015-04-24,6.745462894439697
2015-04-27,6.539855480194092
2015-04-28,6.492406845092773
2015-04-29,6.6347527503967285
2015-04-30,6.6189351081848145
2015-05-01,6.5635786056518555
2015-05-04,6.539855480194092
2015-05-05,6.531948566436768
2015-05-06,6.531948566436768
2015-05-07,6.524040222167969
2015-05-08,6.595211505889893
2015-05-11,6.5635786056518555
2015-05-12,6.595211505889893
2015-05-13,6.547762393951416
2015-05-14,6.531948566436768
2015-05-15,6.6268439292907715
2015-05-18,6.531948566436768
2015-05-19,6.603119850158691
2015-05-20,6.682199478149414
2015-05-21,6.682199478149414
2015-05-22,6.682199478149414
2015-05-26,6.476592540740967
2015-05-27,6.492406845092773
2015-05-28,6.6980156898498535
2015-05-29,6.6980156898498535
2015-06-01,6.642658710479736
2015-06-02,6.674289703369141
2015-06-03,6.674289703369141
2015-06-04,6.6268439292907715
2015-06-05,6.6268439292907715
2015-06-08,6.666384220123291
2015-06-09,6.650565147399902
2015-06-10,7.117135047912598
2015-06-11,7.354370594024658
2015-06-12,6.864080429077148
2015-06-15,7.093412399291992
2015-06-16,6.9906086921691895
2015-06-17,7.101316452026367
2015-06-18,7.030148506164551
2015-06-19,7.117135047912598
2015-06-22,6.824540138244629
2015-06-23,7.069688320159912
2015-06-24,6.903619766235352
2015-06-25,6.903619766235352
2015-06-26,7.117135047912598
2015-06-29,6.7691850662231445
2015-06-30,6.7691850662231445
2015-07-01,7.314831733703613
2015-07-02,7.117135047912598
2015-07-06,7.275291442871094
2015-07-07,6.8719892501831055
2015-07-08,6.84035587310791
2015-07-09,6.84035587310791
2015-07-10,6.84035587310791
2015-07-13,6.927346229553223
2015-07-14,7.030148506164551
2015-07-15,7.0380539894104
2015-07-16,7.132948398590088
2015-07-17,7.132948398590088
2015-07-20,7.12504243850708
2015-07-21,7.12504243850708
2015-07-22,7.12504243850708
2015-07-23,7.132948398590088
2015-07-24,7.2515692710876465
2015-07-27,7.00642204284668
2015-07-28,7.06178092956543
2015-07-29,7.06178092956543
2015-07-30,7.069688320159912
2015-07-31,7.069688320159912
2015-08-03,7.085503101348877
2015-08-04,7.132948398590088
2015-08-05,7.06178092956543
2015-08-06,7.0380539894104
2015-08-07,6.982698917388916
2015-08-10,6.97479248046875
2015-08-11,7.101316452026367
2015-08-12,7.101316452026367
2015-08-13,6.9906086921691895
2015-08-14,7.2594780921936035
2015-08-17,6.966884136199951
2015-08-18,6.919434070587158
2015-08-19,6.919434070587158
2015-08-20,6.9431610107421875
2015-08-21,6.919434070587158
2015-08-24,6.927346229553223
2015-08-25,6.919434070587158
2015-08-26,6.935253620147705
2015-08-27,7.140857696533203
2015-08-28,6.919434070587158
2015-08-31,6.919434070587158
2015-09-01,6.9985151290893555
2015-09-02,6.927346229553223
2015-09-03,7.109226703643799
2015-09-04,6.927346229553223
2015-09-08,6.9589762687683105
2015-09-09,6.9589762687683105
2015-09-10,6.9589762687683105
2015-09-11,6.966884136199951
2015-09-14,6.966884136199951
2015-09-15,6.9589762687683105
2015-09-16,6.9589762687683105
2015-09-17,6.9589762687683105
2015-09-18,7.0380539894104
2015-09-21,6.9589762687683105
2015-09-22,6.97479248046875
2015-09-23,6.97479248046875
2015-09-24,7.0380539894104
2015-09-25,7.06178092956543
2015-09-28,7.0538716316223145
2015-09-29,7.0380539894104
2015-09-30,7.0380539894104
2015-10-01,7.0380539894104
2015-10-02,7.0380539894104
2015-10-05,7.0380539894104
2015-10-06,7.117135047912598
2015-10-07,7.0538716316223145
2015-10-08,7.0538716316223145
2015-10-09,7.0538716316223145
2015-10-12,7.0380539894104
2015-10-13,7.022241115570068
2015-10-14,6.966884136199951
2015-10-15,7.2594780921936035
2015-10-16,7.132948398590088
2015-10-19,7.117135047912598
2015-10-20,7.19621467590332
2015-10-21,7.19621467590332
2015-10-22,7.23575496673584
2015-10-23,7.2436628341674805
2015-10-26,7.227846622467041
2015-10-27,7.227846622467041
2015-10-28,7.291107654571533
2015-10-29,7.23575496673584
2015-10-30,7.20412015914917
2015-11-02,7.275291442871094
2015-11-03,7.275291442871094
2015-11-04,7.283201694488525
2015-11-05,7.393911361694336
2015-11-06,7.34646463394165
2015-11-09,7.409728050231934
2015-11-10,7.401819705963135
2015-11-11,7.314831733703613
2015-11-12,7.472991466522217
2015-11-13,7.488807678222656
2015-11-16,7.34646463394165
2015-11-17,7.330650806427002
2015-11-18,7.386004447937012
2015-11-19,7.5125298500061035
2015-11-20,7.354370594024658
2015-11-23,7.8130316734313965
2015-11-24,7.623242378234863
2015-11-25,7.623242378234863
2015-11-27,7.623242378234863
2015-11-30,7.623242378234863
2015-12-01,7.449265956878662
2015-12-02,7.401819705963135
2015-12-03,7.401819705963135
2015-12-04,7.393911361694336
2015-12-07,7.401819705963135
2015-12-08,7.449265956878662
2015-12-09,7.409728050231934
2015-12-10,7.900020122528076
2015-12-11,7.433449745178223
2015-12-14,7.393911361694336
2015-12-15,7.393911361694336
2015-12-16,7.393911361694336
2015-12-17,7.433449745178223
2015-12-18,7.710230350494385
2015-12-21,7.496715068817139
2015-12-22,7.370190143585205
2015-12-23,7.370190143585205
2015-12-24,7.370190143585205
2015-12-28,7.393911361694336
2015-12-29,7.393911361694336
2015-12-30,7.433449745178223
2015-12-31,7.536253929138184
2016-01-04,7.567886829376221
2016-01-05,7.820941925048828
2016-01-06,7.662780284881592
2016-01-07,7.662780284881592
2016-01-08,7.749766826629639
2016-01-11,7.749766826629639
2016-01-12,7.6311492919921875
2016-01-13,7.820941925048828
2016-01-14,7.868387699127197
2016-01-15,7.5757951736450195
2016-01-19,7.36228084564209
2016-01-20,7.36228084564209
2016-01-21,7.36228084564209
2016-01-22,7.393911361694336
2016-01-25,7.3780951499938965
2016-01-26,7.36228084564209
2016-01-27,7.472991466522217
2016-01-28,7.393911361694336
2016-01-29,7.36228084564209
2016-02-01,7.370190143585205
2016-02-02,7.425543785095215
2016-02-03,7.36228084564209
2016-02-04,7.4571757316589355
2016-02-05,7.330650806427002
2016-02-08,7.314831733703613
2016-02-09,7.085503101348877
2016-02-10,7.045963287353516
2016-02-11,6.5635786056518555
2016-02-12,7.0380539894104
2016-02-16,7.0380539894104
2016-02-17,6.9589762687683105
2016-02-18,7.00642204284668
2016-02-19,6.9985151290893555
2016-02-22,6.9985151290893555
2016-02-23,6.603119850158691
2016-02-24,6.800816535949707
2016-02-25,6.832449913024902
2016-02-26,6.832449913024902
2016-02-29,6.737553119659424
2016-03-01,7.030148506164551
2016-03-02,7.19621467590332
2016-03-03,6.9906086921691895
2016-03-04,7.06178092956543
2016-03-07,7.354370594024658
2016-03-08,7.140857696533203
2016-03-09,7.291107654571533
2016-03-10,7.354370594024658
2016-03-11,7.2594780921936035
2016-03-14,7.480899333953857
2016-03-15,7.370190143585205
2016-03-16,7.386004447937012
2016-03-17,7.386004447937012
2016-03-18,7.275291442871094
2016-03-21,7.29901647567749
2016-03-22,7.354370594024658
2016-03-23,7.354370594024658
2016-03-24,7.354370594024658
2016-03-28,7.314831733703613
2016-03-29,7.2594780921936035
2016-03-30,7.417634963989258
2016-03-31,7.267384052276611
2016-04-01,7.393911361694336
2016-04-04,7.417634963989258
2016-04-05,7.417634963989258
2016-04-06,7.417634963989258
2016-04-07,7.417634963989258
2016-04-08,7.275291442871094
2016-04-11,7.354370594024658
2016-04-12,7.559976100921631
2016-04-13,7.5125298500061035
2016-04-14,7.488807678222656
2016-04-15,7.46508264541626
2016-04-18,7.5125298500061035
2016-04-19,7.6311492919921875
2016-04-20,7.449265956878662
2016-04-21,7.433449745178223
2016-04-22,7.46508264541626
2016-04-25,7.686504364013672
2016-04-26,7.686504364013672
2016-04-27,7.544164657592773
2016-04-28,7.733954429626465
2016-04-29,7.386004447937012
2016-05-02,7.370190143585205
2016-05-03,7.433449745178223
2016-05-04,7.433449745178223
2016-05-05,7.433449745178223
2016-05-06,7.488807678222656
2016-05-09,7.496715068817139
2016-05-10,7.496715068817139
2016-05-11,7.496715068817139
2016-05-12,7.46508264541626
2016-05-13,7.3780951499938965
2016-05-16,7.449265956878662
2016-05-17,7.662780284881592
2016-05-18,7.552069664001465
2016-05-19,7.559976100921631
2016-05-20,7.559976100921631
2016-05-23,7.646966934204102
2016-05-24,7.528348445892334
2016-05-25,7.623242378234863
2016-05-26,7.639060974121094
2016-05-27,7.639060974121094
2016-05-31,7.639060974121094
2016-06-01,7.662780284881592
2016-06-02,7.528348445892334
2016-06-03,7.528348445892334
2016-06-06,7.662780284881592
2016-06-07,7.662780284881592
2016-06-08,7.662780284881592
2016-06-09,7.662780284881592
2016-06-10,7.662780284881592
2016-06-13,7.5204386711120605
2016-06-14,7.6311492919921875
2016-06-15,7.670686721801758
2016-06-16,7.559976100921631
2016-06-17,7.536253929138184
2016-06-20,7.528348445892334
2016-06-21,7.504624843597412
2016-06-22,7.393911361694336
2016-06-23,7.425543785095215
2016-06-24,7.4571757316589355
2016-06-27,7.433449745178223
2016-06-28,7.433449745178223
2016-06-29,7.623242378234863
2016-06-30,7.5204386711120605
2016-07-01,7.433449745178223
2016-07-05,7.5125298500061035
2016-07-06,6.9589762687683105
2016-07-07,7.36228084564209
2016-07-08,7.433449745178223
2016-07-11,7.433449745178223
2016-07-12,7.4571757316589355
2016-07-13,7.488807678222656
2016-07-14,7.4571757316589355
2016-07-15,7.433449745178223
2016-07-18,7.552069664001465
2016-07-19,7.552069664001465
2016-07-20,7.694413661956787
2016-07-21,7.694413661956787
2016-07-22,7.710230350494385
2016-07-25,7.781402111053467
2016-07-26,7.781402111053467
2016-07-27,7.781402111053467
2016-07-28,7.591611385345459
2016-07-29,7.860478401184082
2016-08-01,7.623242378234863
2016-08-02,7.623242378234863
2016-08-03,7.670686721801758
2016-08-04,7.670686721801758
2016-08-05,7.639060974121094
2016-08-08,7.639060974121094
2016-08-09,7.639060974121094
2016-08-10,7.639060974121094
2016-08-11,7.670686721801758
2016-08-12,7.552069664001465
2016-08-15,7.552069664001465
2016-08-16,7.552069664001465
2016-08-17,7.559976100921631
2016-08-18,7.559976100921631
2016-08-19,7.670686721801758
2016-08-22,7.686504364013672
2016-08-23,7.710230350494385
2016-08-24,7.670686721801758
2016-08-25,7.646966934204102
2016-08-26,7.8130316734313965
2016-08-29,7.726046085357666
2016-08-30,7.670686721801758
2016-08-31,7.749766826629639
2016-09-01,7.749766826629639
2016-09-02,7.797214984893799
2016-09-06,7.781402111053467
2016-09-07,7.749766826629639
2016-09-08,7.852571487426758
2016-09-09,7.765583515167236
2016-09-12,7.820941925048828
2016-09-13,7.805123805999756
2016-09-14,7.789307117462158
2016-09-15,7.670686721801758
2016-09-16,7.868387699127197
2016-09-19,7.789307117462158
2016-09-20,7.789307117462158
2016-09-21,7.868387699127197
2016-09-22,7.789307117462158
2016-09-23,7.797214984893799
2016-09-26,7.789307117462158
2016-09-27,7.789307117462158
2016-09-28,7.789307117462158
2016-09-29,7.828847408294678
2016-09-30,7.820941925048828
2016-10-03,7.868387699127197
2016-10-04,7.876296043395996
2016-10-05,7.868387699127197
2016-10-06,7.971190929412842
2016-10-07,8.034454345703125
2016-10-10,8.034454345703125
2016-10-11,7.963282585144043
2016-10-12,7.907927513122559
2016-10-13,7.797214984893799
2016-10-14,7.797214984893799
2016-10-17,7.797214984893799
2016-10-18,7.907927513122559
2016-10-19,7.947465896606445
2016-10-20,7.907927513122559
2016-10-21,7.907927513122559
2016-10-24,7.947465896606445
2016-10-25,8.066083908081055
2016-10-26,7.947465896606445
2016-10-27,7.947465896606445
2016-10-28,7.947465896606445
2016-10-31,7.947465896606445
2016-11-01,7.947465896606445
2016-11-02,7.789307117462158
2016-11-03,7.828847408294678
2016-11-04,7.789307117462158
2016-11-07,7.789307117462158
2016-11-08,7.670686721801758
2016-11-09,7.670686721801758
2016-11-10,7.670686721801758
2016-11-11,8.066083908081055
2016-11-14,8.01073169708252
2016-11-15,8.14516544342041
2016-11-16,8.382403373718262
2016-11-17,8.342860221862793
2016-11-18,8.263784408569336
2016-11-21,8.4614839553833
2016-11-22,8.817337036132812
2016-11-23,8.619641304016113
2016-11-25,8.817337036132812
2016-11-28,8.817337036132812
2016-11-29,8.880600929260254
2016-11-30,8.935956954956055
2016-12-01,8.856879234313965
2016-12-02,9.094115257263184
2016-12-05,9.133654594421387
2016-12-06,9.212733268737793
2016-12-07,9.449971199035645
2016-12-08,9.370892524719238
2016-12-09,9.48951244354248
2016-12-12,9.48951244354248
2016-12-13,9.813737869262695
2016-12-14,8.817337036132812
2016-12-15,9.726752281188965
2016-12-16,9.48951244354248
2016-12-19,8.95968246459961
2016-12-20,9.592314720153809
2016-12-21,9.805829048156738
2016-12-22,9.884907722473145
2016-12-23,9.924448013305664
2016-12-27,10.122148513793945
2016-12-28,10.114238739013672
2016-12-29,10.311936378479004
2016-12-30,10.438462257385254
2017-01-03,10.517544746398926
2017-01-04,10.754782676696777
2017-01-05,10.675700187683105
2017-01-06,10.754782676696777
2017-01-09,10.794321060180664
2017-01-10,10.715243339538574
2017-01-11,10.794321060180664
2017-01-12,10.715243339538574
2017-01-13,10.715243339538574
2017-01-17,10.794321060180664
2017-01-18,10.715243339538574
2017-01-19,10.715243339538574
2017-01-20,10.794321060180664
2017-01-23,10.952479362487793
2017-01-24,10.69942569732666
2017-01-25,10.715243339538574
2017-01-26,10.833861351013184
2017-01-27,10.833861351013184
2017-01-30,10.675700187683105
2017-01-31,10.952479362487793
2017-02-01,10.952479362487793
2017-02-02,10.992016792297363
2017-02-03,10.794321060180664
2017-02-06,10.992016792297363
2017-02-07,10.746871948242188
2017-02-08,10.912943840026855
2017-02-09,10.952479362487793
2017-02-10,10.928754806518555
2017-02-13,10.818046569824219
2017-02-14,10.78641128540039
2017-02-15,10.952479362487793
2017-02-16,10.87339973449707
2017-02-17,10.952479362487793
2017-02-21,11.031560897827148
2017-02-22,11.031560897827148
2017-02-23,10.912943840026855
2017-02-24,11.071098327636719
2017-02-27,11.01168155670166
2017-02-28,10.853240966796875
2017-03-01,10.932462692260742
2017-03-02,11.368175506591797
2017-03-03,11.28895378112793
2017-03-06,11.090902328491211
2017-03-07,10.932462692260742
2017-03-08,10.932462692260742
2017-03-09,10.932462692260742
2017-03-10,10.813631057739258
2017-03-13,11.090902328491211
2017-03-14,11.130514144897461
2017-03-15,10.97206974029541
2017-03-16,11.082982063293457
2017-03-17,11.130514144897461
2017-03-20,11.090902328491211
2017-03-21,11.090902328491211
2017-03-22,11.051294326782227
2017-03-23,10.916619300842285
2017-03-24,10.813631057739258
2017-03-27,10.97206974029541
2017-03-28,10.97206974029541
2017-03-29,10.892852783203125
2017-03-30,10.932462692260742
2017-03-31,10.97206974029541
2017-04-03,10.734410285949707
2017-04-04,10.734410285949707
2017-04-05,10.932462692260742
2017-04-06,10.813631057739258
2017-04-07,10.932462692260742
2017-04-10,10.813631057739258
2017-04-11,10.813631057739258
2017-04-12,10.813631057739258
2017-04-13,10.774022102355957
2017-04-17,10.774022102355957
2017-04-18,10.734410285949707
2017-04-19,10.774022102355957
2017-04-20,10.837396621704102
2017-04-21,10.813631057739258
2017-04-24,10.821552276611328
2017-04-25,10.853240966796875
2017-04-26,10.774022102355957
2017-04-27,10.774022102355957
2017-04-28,10.69479751586914
2017-05-01,10.853240966796875
2017-05-02,10.734410285949707
2017-05-03,10.69479751586914
2017-05-04,10.69479751586914
2017-05-05,10.69479751586914
2017-05-08,10.813631057739258
2017-05-09,10.734410285949707
2017-05-10,10.734410285949707
2017-05-11,10.69479751586914
2017-05-12,10.813631057739258
2017-05-15,10.813631057739258
2017-05-16,10.813631057739258
2017-05-17,10.69479751586914
2017-05-18,10.734410285949707
2017-05-19,10.813631057739258
2017-05-22,10.69479751586914
2017-05-23,10.734410285949707
2017-05-24,10.734410285949707
2017-05-25,10.734410285949707
2017-05-26,10.734410285949707
2017-05-30,10.69479751586914
2017-05-31,10.754326820373535
2017-06-01,10.674957275390625
2017-06-02,10.714639663696289
2017-06-05,10.714639663696289
2017-06-06,10.754326820373535
2017-06-07,10.794010162353516
2017-06-08,10.794010162353516
2017-06-09,10.794010162353516
2017-06-12,10.833693504333496
2017-06-13,10.714639663696289
2017-06-14,10.714639663696289
2017-06-15,10.833693504333496
2017-06-16,10.833693504333496
2017-06-19,10.714639663696289
2017-06-20,10.714639663696289
2017-06-21,10.754326820373535
2017-06-22,10.754326820373535
2017-06-23,10.873377799987793
2017-06-26,10.873377799987793
2017-06-27,10.714639663696289
2017-06-28,10.714639663696289
2017-06-29,10.714639663696289
2017-06-30,10.873377799987793
2017-07-03,10.841629981994629
2017-07-05,10.754326820373535
2017-07-06,10.754326820373535
2017-07-07,10.714639663696289
2017-07-10,10.714639663696289
2017-07-11,10.714639663696289
2017-07-12,10.714639663696289
2017-07-13,10.722579002380371
2017-07-14,10.873377799987793
2017-07-17,10.873377799987793
2017-07-18,10.992427825927734
2017-07-19,10.992427825927734
2017-07-20,10.992427825927734
2017-07-21,10.992427825927734
2017-07-24,10.992427825927734
2017-07-25,10.992427825927734
2017-07-26,10.992427825927734
2017-07-27,10.992427825927734
2017-07-28,10.992427825927734
2017-07-31,11.151165008544922
2017-08-01,10.992427825927734
2017-08-02,10.992427825927734
2017-08-03,11.111478805541992
2017-08-04,10.873377799987793
2017-08-07,10.913061141967773
2017-08-08,10.794010162353516
2017-08-09,10.714639663696289
2017-08-10,10.801947593688965
2017-08-11,10.873377799987793
2017-08-14,10.873377799987793
2017-08-15,10.794010162353516
2017-08-16,11.111478805541992
2017-08-17,11.111478805541992
2017-08-18,10.04001522064209
2017-08-21,10.952746391296387
2017-08-22,10.952746391296387
2017-08-23,10.952746391296387
2017-08-24,10.555910110473633
2017-08-25,10.555910110473633
2017-08-28,10.555910110473633
2017-08-29,10.754326820373535
2017-08-30,10.25735855102539
2017-08-31,10.575418472290039
2017-09-01,10.575418472290039
2017-09-05,10.575418472290039
2017-09-06,10.615175247192383
2017-09-07,10.575418472290039
2017-09-08,10.495903968811035
2017-09-11,10.694690704345703
2017-09-12,10.575418472290039
2017-09-13,10.65493392944336
2017-09-14,10.495903968811035
2017-09-15,10.933233261108398
2017-09-18,10.615175247192383
2017-09-19,10.615175247192383
2017-09-20,10.615175247192383
2017-09-21,10.615175247192383
2017-09-22,10.615175247192383
2017-09-25,10.853717803955078
2017-09-26,10.615175247192383
2017-09-27,10.615175247192383
2017-09-28,10.853717803955078
2017-09-29,10.933233261108398
2017-10-02,10.972990989685059
2017-10-03,10.933233261108398
2017-10-04,10.909379005432129
2017-10-05,10.909379005432129
2017-10-06,10.893474578857422
2017-10-09,10.575418472290039
2017-10-10,10.575418472290039
2017-10-11,10.575418472290039
2017-10-12,10.416389465332031
2017-10-13,10.694690704345703
2017-10-16,10.694690704345703
2017-10-17,11.132017135620117
2017-10-18,10.73444652557373
2017-10-19,11.09225845336914
2017-10-20,10.933233261108398
2017-10-23,11.09225845336914
2017-10-24,11.052502632141113
2017-10-25,10.893474578857422
2017-10-26,10.893474578857422
2017-10-27,11.052502632141113
2017-10-30,11.052502632141113
2017-10-31,10.73444652557373
2017-11-01,11.052502632141113
2017-11-02,11.370559692382812
2017-11-03,11.330803871154785
2017-11-06,11.139968872070312
2017-11-07,11.09225845336914
2017-11-08,11.251289367675781
2017-11-09,11.132017135620117
2017-11-10,11.012744903564453
2017-11-13,11.132017135620117
2017-11-14,11.251289367675781
2017-11-15,11.251289367675781
2017-11-16,11.132017135620117
2017-11-17,11.132017135620117
2017-11-20,11.132017135620117
2017-11-21,10.813960075378418
2017-11-22,11.09225845336914
2017-11-24,11.132017135620117
2017-11-27,11.132017135620117
2017-11-28,11.132017135620117
2017-11-29,10.972990989685059
2017-11-30,11.132017135620117
2017-12-01,11.251289367675781
2017-12-04,11.151723861694336
2017-12-05,11.311030387878418
2017-12-06,11.311030387878418
2017-12-07,11.311030387878418
2017-12-08,11.35085678100586
2017-12-11,11.151723861694336
2017-12-12,11.334929466247559
2017-12-13,11.47033977508545
2017-12-14,11.35085678100586
2017-12-15,11.39068603515625
2017-12-18,11.231377601623535
2017-12-19,11.510169982910156
2017-12-20,11.589826583862305
2017-12-21,11.35085678100586
2017-12-22,11.629655838012695
2017-12-26,11.709307670593262
2017-12-27,11.47033977508545
2017-12-28,11.629655838012695
2017-12-29,11.629655838012695
2018-01-02,11.47033977508545
2018-01-03,11.749134063720703
2018-01-04,11.613723754882812
2018-01-05,11.518135070800781
2018-01-08,11.629655838012695
2018-01-09,11.47033977508545
2018-01-10,11.549999237060547
2018-01-11,11.549999237060547
2018-01-12,11.47033977508545
2018-01-16,11.549999237060547
2018-01-17,11.510169982910156
2018-01-18,11.629655838012695
2018-01-19,11.47033977508545
2018-01-22,11.629655838012695
2018-01-23,11.629655838012695
2018-01-24,11.629655838012695
2018-01-25,11.47033977508545
2018-01-26,11.589826583862305
2018-01-29,11.430516242980957
2018-01-30,11.430516242980957
2018-01-31,11.430516242980957
2018-02-01,11.430516242980957
2018-02-02,11.430516242980957
2018-02-05,11.47033977508545
2018-02-06,10.992410659790039
2018-02-07,10.872928619384766
2018-02-08,10.992410659790039
2018-02-09,11.111895561218262
2018-02-12,10.992410659790039
2018-02-13,10.91275691986084
2018-02-14,11.111895561218262
2018-02-15,11.151723861694336
2018-02-16,11.231377601623535
2018-02-20,11.191549301147461
2018-02-21,11.191549301147461
2018-02-22,11.271204948425293
2018-02-23,11.271204948425293
2018-02-26,11.47033977508545
2018-02-27,11.47033977508545
2018-02-28,11.255274772644043
2018-03-01,11.47033977508545
2018-03-02,11.710143089294434
2018-03-05,11.87000846862793
2018-03-06,11.830038070678711
2018-03-07,11.87000846862793
2018-03-08,11.989906311035156
2018-03-09,12.02987003326416
2018-03-12,12.189735412597656
2018-03-13,12.221711158752441
2018-03-14,12.349603652954102
2018-03-15,12.509469032287598
2018-03-16,13.348760604858398
2018-03-19,13.188894271850586
2018-03-20,13.508626937866211
2018-03-21,12.629366874694824
2018-03-22,13.348760604858398
2018-03-23,13.348760604858398
2018-03-26,15.586877822875977
2018-03-27,13.828353881835938
2018-03-28,13.628521919250488
2018-03-29,13.5885591506958
2018-04-02,12.789231300354004
2018-04-03,12.269671440124512
2018-04-04,13.068997383117676
2018-04-05,13.068997383117676
2018-04-06,13.068997383117676
2018-04-09,12.629366874694824
2018-04-10,12.829195976257324
2018-04-11,12.789231300354004
2018-04-12,12.509469032287598
2018-04-13,12.509469032287598
2018-04-16,12.269671440124512
2018-04-17,12.469502449035645
2018-04-18,12.589399337768555
2018-04-19,12.789231300354004
2018-04-20,12.949095726013184
2018-04-23,14.188054084777832
2018-04-24,13.068997383117676
2018-04-25,12.98906135559082
2018-04-26,12.98906135559082
2018-04-27,13.02902889251709
2018-04-30,13.068997383117676
2018-05-01,13.348760604858398
2018-05-02,13.308794975280762
2018-05-03,13.348760604858398
2018-05-04,13.428693771362305
2018-05-07,13.196887016296387
2018-05-08,13.02902889251709
2018-05-09,12.829195976257324
2018-05-10,12.829195976257324
2018-05-11,13.348760604858398
2018-05-14,13.108962059020996
2018-05-15,13.108962059020996
2018-05-16,13.188894271850586
2018-05-17,13.508626937866211
2018-05-18,13.508626937866211
2018-05-21,13.228860855102539
2018-05-22,12.86916446685791
2018-05-23,13.068997383117676
2018-05-24,12.789231300354004
2018-05-25,12.709296226501465
2018-05-29,13.268828392028809
2018-05-30,12.789231300354004
2018-05-31,12.86916446685791
2018-06-01,12.829072952270508
2018-06-04,12.50834846496582
2018-06-05,12.829072952270508
2018-06-06,12.548439025878906
2018-06-07,12.628618240356445
2018-06-08,12.468255996704102
2018-06-11,12.708803176879883
2018-06-12,12.748888969421387
2018-06-13,13.518636703491211
2018-06-14,13.390345573425293
2018-06-15,13.430437088012695
2018-06-18,13.55070972442627
2018-06-19,13.719091415405273
2018-06-20,13.590800285339355
2018-06-21,13.590800285339355
2018-06-22,13.229981422424316
2018-06-25,13.229981422424316
2018-06-26,13.590800285339355
2018-06-27,13.55070972442627
2018-06-28,13.390345573425293
2018-06-29,13.55070972442627
2018-07-02,14.19216251373291
2018-07-03,13.911527633666992
2018-07-05,14.031795501708984
2018-07-06,14.031795501708984
2018-07-09,14.031795501708984
2018-07-10,14.272345542907715
2018-07-11,14.071887016296387
2018-07-12,14.071887016296387
2018-07-13,14.111979484558105
2018-07-16,14.111979484558105
2018-07-17,14.19216251373291
2018-07-18,14.19216251373291
2018-07-19,14.071887016296387
2018-07-20,13.991710662841797
2018-07-23,13.991710662841797
2018-07-24,13.951616287231445
2018-07-25,14.031795501708984
2018-07-26,14.031795501708984
2018-07-27,14.031795501708984
2018-07-30,13.799270629882812
2018-07-31,13.270071983337402
2018-08-01,13.390345573425293
2018-08-02,13.430437088012695
2018-08-03,13.670978546142578
2018-08-06,13.71107006072998
2018-08-07,13.7511625289917
2018-08-08,13.991710662841797
2018-08-09,13.911527633666992
2018-08-10,13.951616287231445
2018-08-13,14.111979484558105
2018-08-14,14.232253074645996
2018-08-15,14.232253074645996
2018-08-16,14.031795501708984
2018-08-17,13.79124927520752
2018-08-20,14.312434196472168
2018-08-21,14.232253074645996
2018-08-22,14.19216251373291
2018-08-23,14.19216251373291
2018-08-24,14.19216251373291
2018-08-27,13.871432304382324
2018-08-28,13.951616287231445
2018-08-29,14.232253074645996
2018-08-30,14.473480224609375
2018-08-31,14.473480224609375
2018-09-04,14.674498558044434
2018-09-05,14.481517791748047
2018-09-06,14.513680458068848
2018-09-07,14.634295463562012
2018-09-10,14.75490665435791
2018-09-11,13.870414733886719
2018-09-12,14.393072128295898
2018-09-13,14.071434020996094
2018-09-14,13.870414733886719
2018-09-17,14.312661170959473
2018-09-18,14.553888320922852
2018-09-19,14.553888320922852
2018-09-20,14.553888320922852
2018-09-21,14.875518798828125
2018-09-24,14.795112609863281
2018-09-25,14.875518798828125
2018-09-26,15.237357139587402
2018-09-27,14.594091415405273
2018-09-28,14.312661170959473
2018-10-01,14.473480224609375
2018-10-02,14.586050033569336
2018-10-03,14.634295463562012
2018-10-04,14.634295463562012
2018-10-05,14.61821174621582
2018-10-08,14.61821174621582
2018-10-09,14.151844024658203
2018-10-10,14.232253074645996
2018-10-11,14.385026931762695
2018-10-12,14.200088500976562
2018-10-15,14.224213600158691
2018-10-16,14.151844024658203
2018-10-17,14.200088500976562
2018-10-18,14.111639022827148
2018-10-19,14.111639022827148
2018-10-22,14.111639022827148
2018-10-23,14.232253074645996
2018-10-24,14.039271354675293
2018-10-25,13.725683212280273
2018-10-26,14.561927795410156
2018-10-29,13.755616188049316
2018-10-30,13.360527992248535
2018-10-31,13.400842666625977
2018-11-01,14.408730506896973
2018-11-02,13.803997039794922
2018-11-05,14.150707244873047
2018-11-06,14.150707244873047
2018-11-07,14.545802116394043
2018-11-08,13.91688060760498
2018-11-09,13.70724105834961
2018-11-12,13.586295127868652
2018-11-13,13.658860206604004
2018-11-14,13.586295127868652
2018-11-15,13.70724105834961
2018-11-16,13.586295127868652
2018-11-19,13.586295127868652
2018-11-20,13.70724105834961
2018-11-21,13.586295127868652
2018-11-23,13.650799751281738
2018-11-26,13.70724105834961
2018-11-27,13.70724105834961
2018-11-28,13.545978546142578
2018-11-29,13.545978546142578
2018-11-30,13.828185081481934
2018-12-03,13.594358444213867
2018-12-04,13.183140754699707
2018-12-06,13.304083824157715
2018-12-07,13.384716987609863
2018-12-10,13.062192916870117
2018-12-11,14.11038875579834
2018-12-12,13.16701602935791
2018-12-13,13.239581108093262
2018-12-14,13.021875381469727
2018-12-17,12.981562614440918
2018-12-18,13.021875381469727
2018-12-19,11.772099494934082
2018-12-20,11.691468238830566
2018-12-21,12.578407287597656
2018-12-24,12.578407287597656
2018-12-26,12.022055625915527
2018-12-27,11.586649894714355
2018-12-28,11.594710350036621
2018-12-31,11.772099494934082
2019-01-02,11.772099494934082
2019-01-03,11.747910499572754
2019-01-04,11.715659141540527
2019-01-07,12.247820854187012
2019-01-08,12.352642059326172
2019-01-09,12.352642059326172
2019-01-10,12.159128189086914
2019-01-11,12.384892463684082
2019-01-14,12.384892463684082
2019-01-15,12.118812561035156
2019-01-16,12.49777889251709
2019-01-17,12.65097427368164
2019-01-18,12.65097427368164
2019-01-22,12.65097427368164
2019-01-23,12.360708236694336
2019-01-24,12.699355125427246
2019-01-25,12.699355125427246
2019-01-28,12.699355125427246
2019-01-29,12.760117530822754
2019-01-30,12.557577133178711
2019-01-31,12.719608306884766
2019-02-01,12.638591766357422
2019-02-04,12.760117530822754
2019-02-05,12.727709770202637
2019-02-06,12.727709770202637
2019-02-07,12.962660789489746
2019-02-08,12.922152519226074
2019-02-11,12.687204360961914
2019-02-12,12.962660789489746
2019-02-13,13.140894889831543
2019-02-14,12.841133117675781
2019-02-15,12.841133117675781
2019-02-19,12.80872917175293
2019-02-20,12.662899017333984
2019-02-21,12.99506664276123
2019-02-22,13.24621868133545
2019-02-25,13.027474403381348
2019-02-26,13.43255615234375
2019-02-27,13.027474403381348
2019-02-28,13.027474403381348
2019-03-01,13.027474403381348
2019-03-04,13.37584400177002
2019-03-05,13.37584400177002
2019-03-06,14.09688949584961
2019-03-07,13.813331604003906
2019-03-08,14.09688949584961
2019-03-11,13.3677396774292
2019-03-12,13.756622314453125
2019-03-13,14.177903175354004
2019-03-14,14.4209566116333
2019-03-15,14.315638542175293
2019-03-18,14.315638542175293
2019-03-19,14.315638542175293
2019-03-20,13.529775619506836
2019-03-21,13.286724090576172
2019-03-22,13.3677396774292
2019-03-25,13.408247947692871
2019-03-26,13.408247947692871
2019-03-27,13.772826194763184
2019-03-28,13.861947059631348
2019-03-29,13.853843688964844
2019-04-01,13.789030075073242
2019-04-02,13.772826194763184
2019-04-03,13.319133758544922
2019-04-04,14.582988739013672
2019-04-05,14.169804573059082
2019-04-08,14.33993911743164
2019-04-09,14.558686256408691
2019-04-10,13.45686149597168
2019-04-11,13.894349098205566
2019-04-12,14.380447387695312
2019-04-15,14.380447387695312
2019-04-16,13.87004566192627
2019-04-17,13.63509750366211
2019-04-18,13.84574031829834
2019-04-22,13.76472282409668
2019-04-23,13.76472282409668
2019-04-24,13.570282936096191
2019-04-25,13.951064109802246
2019-04-26,14.129301071166992
2019-04-29,13.856720924377441
2019-04-30,13.921813011169434
2019-05-01,14.06827449798584
2019-05-02,14.263553619384766
2019-05-03,14.296098709106445
2019-05-06,14.157774925231934
2019-05-07,14.165914535522461
2019-05-08,13.995044708251953
2019-05-09,14.133368492126465
2019-05-10,14.393738746643066
2019-05-13,14.060137748718262
2019-05-14,13.995044708251953
2019-05-15,14.035726547241211
2019-05-16,14.035726547241211
2019-05-17,13.995044708251953
2019-05-20,13.807899475097656
2019-05-21,13.832313537597656
2019-05-22,13.637035369873047
2019-05-23,13.441749572753906
2019-05-24,13.628894805908203
2019-05-28,13.58820915222168
2019-05-29,13.506840705871582
2019-05-30,13.832313537597656
2019-05-31,13.58820915222168
2019-06-03,13.824176788330078
2019-06-04,13.677715301513672
2019-06-05,13.710261344909668
2019-06-06,13.628894805908203
2019-06-07,13.458026885986328
2019-06-10,13.604480743408203
2019-06-11,13.75908374786377
2019-06-12,13.767215728759766
2019-06-13,13.75908374786377
2019-06-14,13.807899475097656
2019-06-17,13.628894805908203
2019-06-18,13.506840705871582
2019-06-19,13.628894805908203
2019-06-20,13.628894805908203
2019-06-21,13.628894805908203
2019-06-24,13.303427696228027
2019-06-25,13.555665969848633
2019-06-26,13.832313537597656
2019-06-27,13.832313537597656
2019-06-28,13.79162883758545
2019-07-01,13.767215728759766
2019-07-02,13.799763679504395
2019-07-03,13.816039085388184
2019-07-05,13.783492088317871
2019-07-08,14.011317253112793
2019-07-09,13.750943183898926
2019-07-10,13.604480743408203
2019-07-11,13.506840705871582
2019-07-12,13.392930030822754
2019-07-15,13.287154197692871
2019-07-16,13.352248191833496
2019-07-17,13.067464828491211
2019-07-18,13.327840805053711
2019-07-19,13.571939468383789
2019-07-22,13.376656532287598
2019-07-23,13.352248191833496
2019-07-24,13.262744903564453
2019-07-25,13.262744903564453
2019-07-26,13.38479232788086
2019-07-29,13.270883560180664
2019-07-30,13.650982856750488
2019-07-31,13.691854476928711
2019-08-01,13.544718742370605
2019-08-02,13.185050010681152
2019-08-05,13.136007308959961
2019-08-06,13.119657516479492
2019-08-07,13.03791618347168
2019-08-08,13.495671272277832
2019-08-09,13.250446319580078
2019-08-12,13.373059272766113
2019-08-13,13.283143043518066
2019-08-14,12.882604598999023
2019-08-15,12.980695724487305
2019-08-16,13.144180297851562
2019-08-19,13.48749828338623
2019-08-20,13.201397895812988
2019-08-21,13.070613861083984
2019-08-22,12.866257667541504
2019-08-23,12.833559036254883
2019-08-26,13.348535537719727
2019-08-27,12.931649208068848
2019-08-28,12.997041702270508
2019-08-29,12.98886775970459
2019-08-30,13.046090126037598
2019-09-03,12.66189956665039
2019-09-04,12.800865173339844
2019-09-05,12.629203796386719
2019-09-06,12.465718269348145
2019-09-09,12.539287567138672
2019-09-10,12.55563735961914
2019-09-11,12.735468864440918
2019-09-12,13.201397895812988
2019-09-13,12.858081817626953
2019-09-16,13.119657516479492
2019-09-17,13.185050010681152
2019-09-18,13.185050010681152
2019-09-19,12.898953437805176
2019-09-20,13.283143043518066
2019-09-23,12.997041702270508
2019-09-24,12.866257667541504
2019-09-25,12.809038162231445
2019-09-26,12.563809394836426
2019-09-27,12.547459602355957
2019-09-30,12.547459602355957
2019-10-01,12.45754337310791
2019-10-02,12.228665351867676
2019-10-03,12.334929466247559
2019-10-04,12.326754570007324
2019-10-07,12.604682922363281
2019-10-08,12.629203796386719
2019-10-09,12.547459602355957
2019-10-10,12.506589889526367
2019-10-11,12.751815795898438
2019-10-14,12.874429702758789
2019-10-15,12.97252082824707
2019-10-16,12.825386047363281
2019-10-17,12.90712833404541
2019-10-18,12.874429702758789
2019-10-21,12.874429702758789
2019-10-22,12.858081817626953
2019-10-23,12.77634048461914
2019-10-24,12.768166542053223
2019-10-25,12.710946083068848
2019-10-28,12.694595336914062
2019-10-29,12.81721019744873
2019-10-30,12.772034645080566
2019-10-31,12.763824462890625
2019-11-01,12.93630599975586
2019-11-04,12.895238876342773
2019-11-05,12.903453826904297
2019-11-06,12.796676635742188
2019-11-07,12.837746620178223
2019-11-08,12.813104629516602
2019-11-11,12.895238876342773
2019-11-12,12.854171752929688
2019-11-13,12.78846263885498
2019-11-14,12.689901351928711
2019-11-15,12.887028694152832
2019-11-18,12.780251502990723
2019-11-19,12.93630599975586
2019-11-20,12.665260314941406
2019-11-21,13.010228157043457
2019-11-22,12.878812789916992
2019-11-25,12.985588073730469
2019-11-26,13.264845848083496
2019-11-27,13.297703742980957
2019-11-29,13.314129829406738
2019-12-02,13.084149360656738
2019-12-03,13.158074378967285
2019-12-04,13.182711601257324
2019-12-05,12.93630599975586
2019-12-06,13.026657104492188
2019-12-09,13.034870147705078
2019-12-10,13.338767051696777
2019-12-11,13.346983909606934
2019-12-12,13.322341918945312
2019-12-13,13.264845848083496
2019-12-16,13.453760147094727
2019-12-17,13.379839897155762
2019-12-18,13.190927505493164
2019-12-19,13.289488792419434
2019-12-20,13.223780632019043
2019-12-23,13.314129829406738
2019-12-24,13.322341918945312
2019-12-26,13.470184326171875
2019-12-27,13.511253356933594
2019-12-30,13.346983909606934
2019-12-31,13.552321434020996
2020-01-02,12.969161987304688
2020-01-03,12.862385749816895
2020-01-06,12.763824462890625
2020-01-07,12.632407188415527
2020-01-08,12.632407188415527
2020-01-09,12.706328392028809
2020-01-10,12.52563190460205
2020-01-13,12.394214630126953
2020-01-14,12.476347923278809
2020-01-15,12.813104629516602
2020-01-16,12.804889678955078
2020-01-17,12.698115348815918
2020-01-21,12.772034645080566
2020-01-22,12.804889678955078
2020-01-23,12.698115348815918
2020-01-24,12.648833274841309
2020-01-27,12.607763290405273
2020-01-28,12.722756385803223
2020-01-29,12.640619277954102
2020-01-30,12.764628410339355
2020-01-31,12.69022274017334
2020-02-03,12.615819931030273
2020-02-04,12.648885726928711
2020-02-05,12.78943157196045
2020-02-06,12.69022274017334
2020-02-07,12.665420532226562
2020-02-10,12.607551574707031
2020-02-11,12.541412353515625
2020-02-12,12.49181079864502
2020-02-13,12.632352828979492
2020-02-14,12.5331449508667
2020-02-18,12.500078201293945
2020-02-19,12.417404174804688
2020-02-20,12.425673484802246
2020-02-21,12.425673484802246
2020-02-24,12.458741188049316
2020-02-25,12.384333610534668
2020-02-26,12.351264953613281
2020-02-27,12.111515998840332
2020-02-28,12.293396949768066
2020-03-02,12.2024564743042
2020-03-03,11.466670989990234
2020-03-04,11.549342155456543
2020-03-05,11.326128005981445
2020-03-06,10.879695892333984
2020-03-09,10.185247421264648
2020-03-10,10.350593566894531
2020-03-11,10.226584434509277
2020-03-12,10.086040496826172
2020-03-13,10.540738105773926
2020-03-16,8.920361518859863
2020-03-17,10.325788497924805
2020-03-18,9.226244926452637
2020-03-19,9.28411865234375
2020-03-20,9.920694351196289
2020-03-23,9.292383193969727
2020-03-24,9.722280502319336
2020-03-25,9.920694351196289
2020-03-26,10.193514823913574
2020-03-27,10.664745330810547
2020-03-30,10.292720794677734
2020-03-31,10.33405876159668
2020-04-01,9.540403366088867
2020-04-02,9.375056266784668
2020-04-03,9.09397029876709
2020-04-06,9.647876739501953
2020-04-07,9.375056266784668
2020-04-08,9.846290588378906
2020-04-09,9.986831665039062
2020-04-13,10.086040496826172
2020-04-14,9.928963661193848
2020-04-15,9.176642417907715
2020-04-16,8.573137283325195
2020-04-17,8.98649787902832
2020-04-20,8.482192993164062
2020-04-21,8.333383560180664
2020-04-22,9.011299133300781
2020-04-23,8.763279914855957
2020-04-24,8.912092208862305
2020-04-27,9.267583847045898
2020-04-28,9.217981338500977
2020-04-29,10.788755416870117
2020-04-30,10.416730880737305
2020-05-01,9.664410591125488
2020-05-04,10.540738105773926
2020-05-05,9.432929039001465
2020-05-06,9.755351066589355
2020-05-07,9.396821022033691
2020-05-08,9.438512802124023
2020-05-11,9.163362503051758
2020-05-12,8.096108436584473
2020-05-13,7.637523651123047
2020-05-14,8.162813186645508
2020-05-15,8.546356201171875
2020-05-18,9.171697616577148
2020-05-19,8.529680252075195
2020-05-20,8.954913139343262
2020-05-21,8.804831504821777
2020-05-22,8.946576118469238
2020-05-26,9.822053909301758
2020-05-27,10.4307222366333
2020-05-28,10.67251968383789
2020-05-29,10.605819702148438
2020-06-01,10.038839340209961
2020-06-02,9.363469123840332
2020-06-03,10.372355461120605
2020-06-04,10.964346885681152
2020-06-05,11.422931671142578
2020-06-08,11.589690208435059
2020-06-09,10.67251968383789
2020-06-10,10.805928230285645
2020-06-11,9.596930503845215
2020-06-12,9.880415916442871
2020-06-15,10.530776977539062
2020-06-16,10.389033317565918
2020-06-17,9.947125434875488
2020-06-18,9.805377006530762
2020-06-19,9.880415916442871
2020-06-22,10.247286796569824
2020-06-23,10.522438049316406
2020-06-24,9.872082710266113
2020-06-25,10.372355461120605
2020-06-26,9.28009033203125
2020-06-29,10.08052921295166
2020-06-30,9.813718795776367
2020-07-01,10.013826370239258
2020-07-02,9.813718795776367
2020-07-06,9.455184936523438
2020-07-07,8.971588134765625
2020-07-08,8.921560287475586
2020-07-09,8.329569816589355
2020-07-10,9.146685600280762
2020-07-13,8.67142105102539
2020-07-14,8.87153434753418
2020-07-15,9.096656799316406
2020-07-16,8.904888153076172
2020-07-17,8.588042259216309
2020-07-20,8.729787826538086
2020-07-21,8.996604919433594
2020-07-22,8.838179588317871
2020-07-23,8.646410942077637
2020-07-24,8.67142105102539
2020-07-27,8.754801750183105
2020-07-28,9.046628952026367
2020-07-29,9.371808052062988
2020-07-30,8.92989730834961
2020-07-31,8.8965482711792
2020-08-03,9.046628952026367
2020-08-04,8.779816627502441
2020-08-05,9.171697616577148
2020-08-06,9.003406524658203
2020-08-07,8.843533515930176
2020-08-10,9.15487003326416
2020-08-11,9.314741134643555
2020-08-12,9.811192512512207
2020-08-13,9.440957069396973
2020-08-14,9.609247207641602
2020-08-17,9.449372291564941
2020-08-18,9.339983940124512
2020-08-19,9.339983940124512
2020-08-20,9.525102615356445
2020-08-21,9.424128532409668
2020-08-24,9.415716171264648
2020-08-25,9.188528060913086
2020-08-26,9.04548168182373
2020-08-27,9.255841255187988
2020-08-28,9.550345420837402
2020-08-31,9.255841255187988
2020-09-01,9.398886680603027
2020-09-02,9.255841255187988
2020-09-03,8.936094284057617
2020-09-04,9.003406524658203
2020-09-08,8.860365867614746
2020-09-09,8.868780136108398
2020-09-10,8.919267654418945
2020-09-11,8.793049812316895
2020-09-14,9.087552070617676
2020-09-15,8.809879302978516
2020-09-16,8.784634590148926
2020-09-17,8.784634590148926
2020-09-18,9.04548168182373
2020-09-21,8.58268928527832
2020-09-22,8.12830924987793
2020-09-23,8.044169425964355
2020-09-24,8.31342887878418
2020-09-25,8.321842193603516
2020-09-28,8.776220321655273
2020-09-29,9.087552070617676
2020-09-30,9.04548168182373
2020-10-01,8.894023895263672
2020-10-02,8.74256420135498
2020-10-05,9.02865219116211
2020-10-06,8.793049812316895
2020-10-07,9.087552070617676
2020-10-08,9.255841255187988
2020-10-09,9.592416763305664
2020-10-12,10.29922866821289
2020-10-13,9.94582462310791
2020-10-14,10.307641983032227
2020-10-15,10.68628978729248
2020-10-16,10.290813446044922
2020-10-19,10.29922866821289
2020-10-20,10.417027473449707
2020-10-21,10.374958992004395
2020-10-22,10.433857917785645
2020-10-23,10.728362083435059
2020-10-26,10.585319519042969
2020-10-27,10.34129810333252
2020-10-28,10.2739839553833
2020-10-29,10.859371185302734
2020-10-30,10.6303071975708
2020-11-02,10.89330768585205
2020-11-03,10.94421100616455
2020-11-04,10.706663131713867
2020-11-05,10.901792526245117
2020-11-06,10.52850341796875
2020-11-09,10.876341819763184
2020-11-10,11.173276901245117
2020-11-11,11.258115768432617
2020-11-12,11.0375337600708
2020-11-13,11.029047966003418
2020-11-16,11.292052268981934
2020-11-17,10.7999849319458
2020-11-18,11.003599166870117
2020-11-19,11.292052268981934
2020-11-20,11.156310081481934
2020-11-23,11.35143756866455
2020-11-24,11.877439498901367
2020-11-25,11.53808307647705
2020-11-27,11.928342819213867
2020-11-30,12.098017692565918
2020-12-01,12.225279808044434
2020-12-02,11.851984977722168
2020-12-03,11.7332124710083
2020-12-04,12.1404390335083
2020-12-07,11.8350191116333
2020-12-08,12.607053756713867
2020-12-09,12.004697799682617
2020-12-10,12.310118675231934
2020-12-11,12.462825775146484
2020-12-14,12.047115325927734
2020-12-15,12.106502532958984
2020-12-16,11.996213912963867
2020-12-17,11.96227741241455
2020-12-18,11.979248046875
2020-12-21,11.94530963897705
2020-12-22,12.114989280700684
2020-12-23,12.2592134475708
2020-12-24,11.987730026245117
2020-12-28,11.919856071472168
2020-12-29,11.996213912963867
2020-12-30,12.361021041870117
2020-12-31,12.4288911819458
2021-01-04,12.047115325927734
2021-01-05,11.758663177490234
2021-01-06,12.607053756713867
2021-01-07,12.496761322021484
2021-01-08,12.377986907958984
2021-01-11,12.386474609375
2021-01-12,12.6494722366333
2021-01-13,12.556148529052734
2021-01-14,12.479795455932617
2021-01-15,12.3440523147583
2021-01-19,12.33556842803955
2021-01-20,12.098017692565918
2021-01-21,11.843503952026367
2021-01-22,12.174375534057617
2021-01-25,11.894408226013184
2021-01-26,11.8689546585083
2021-01-27,11.8689546585083
2021-01-28,11.845878601074219
2021-01-29,11.837332725524902
2021-02-01,11.828783988952637
2021-02-02,11.956985473632812
2021-02-03,11.794597625732422
2021-02-04,11.845878601074219
2021-02-05,12.110830307006836
2021-02-08,12.179204940795898
2021-02-09,12.521077156066895
2021-02-10,12.016815185546875
2021-02-11,11.99972152709961
2021-02-12,12.290312767028809
2021-02-16,12.221940040588379
2021-02-17,12.298859596252441
2021-02-18,11.897161483764648
2021-02-19,12.42706298828125
2021-02-22,12.290312767028809
2021-02-23,11.905704498291016
2021-02-24,12.546717643737793
2021-02-25,12.30740737915039
2021-02-26,12.264674186706543
2021-03-01,12.37578296661377
2021-03-02,11.803146362304688
2021-03-03,12.273219108581543
2021-03-04,12.580904006958008
2021-03-05,12.811667442321777
2021-03-08,12.820215225219727
2021-03-09,12.828763008117676
2021-03-10,12.820215225219727
2021-03-11,12.837308883666992
2021-03-12,13.03388500213623
2021-03-15,13.025339126586914
2021-03-16,12.965510368347168
2021-03-17,12.88858699798584
2021-03-18,13.726175308227539
2021-03-19,13.999674797058105
2021-03-22,13.333024978637695
2021-03-23,13.256101608276367
2021-03-24,13.102259635925293
2021-03-25,13.21336841583252
2021-03-26,13.110807418823242
2021-03-29,13.15354061126709
2021-03-30,13.40994644165039
2021-03-31,13.333024978637695
2021-04-01,13.495412826538086
2021-04-05,13.281743049621582
2021-04-06,13.119353294372559
2021-04-07,13.025339126586914
2021-04-08,13.068072319030762
2021-04-09,13.102259635925293
2021-04-12,12.948417663574219
2021-04-13,12.991151809692383
2021-04-14,12.897135734558105
2021-04-15,12.828763008117676
2021-04-16,12.897135734558105
2021-04-19,12.837308883666992
2021-04-20,12.734746932983398
2021-04-21,12.820215225219727
2021-04-22,12.811667442321777
2021-04-23,12.692011833190918
2021-04-26,12.854401588439941
2021-04-27,13.050980567932129
2021-04-28,13.119353294372559
2021-04-29,13.341568946838379
2021-04-30,13.412981033325195
2021-05-03,14.058247566223145
2021-05-04,13.937801361083984
2021-05-05,13.94640064239502
2021-05-06,13.94640064239502
2021-05-07,14.015233993530273
2021-05-10,14.178699493408203
2021-05-11,14.118474006652832
2021-05-12,14.195905685424805
2021-05-13,14.238924980163574
2021-05-14,14.40239143371582
2021-05-17,15.02184772491455
2021-05-18,14.866985321044922
2021-05-19,14.772348403930664
2021-05-20,14.961626052856445
2021-05-21,15.46924114227295
2021-05-24,16.080089569091797
2021-05-25,15.744548797607422
2021-05-26,15.71873664855957
2021-05-27,15.985450744628906
2021-05-28,15.796173095703125
2021-06-01,15.839189529418945
2021-06-02,15.899415016174316
2021-06-03,15.727337837219238
2021-06-04,15.684327125549316
2021-06-07,15.606892585754395
2021-06-08,15.581083297729492
2021-06-09,15.529459953308105
2021-06-10,15.391802787780762
2021-06-11,15.357391357421875
2021-06-14,15.279959678649902
2021-06-15,15.383197784423828
2021-06-16,15.391802787780762
2021-06-17,15.279959678649902
2021-06-18,15.168108940124512
2021-06-21,15.219732284545898
2021-06-22,15.254145622253418
2021-06-23,15.279959678649902
2021-06-24,15.348782539367676
2021-06-25,15.185314178466797
2021-06-28,15.314370155334473
2021-06-29,15.322972297668457
2021-06-30,15.365989685058594
2021-07-01,15.426218032836914
2021-07-02,15.443426132202148
2021-07-06,15.452027320861816
2021-07-07,15.486443519592285
2021-07-08,15.400404930114746
2021-07-09,15.59829044342041
2021-07-12,15.529459953308105
2021-07-13,15.512253761291504
2021-07-14,15.59829044342041
2021-07-15,15.735947608947754
2021-07-16,15.624104499816895
2021-07-19,15.2283353805542
2021-07-20,15.254145622253418
2021-07-21,15.236937522888184
2021-07-22,15.297163963317871
2021-07-23,15.452027320861816
2021-07-26,15.443426132202148
2021-07-27,15.340184211730957
2021-07-28,15.288562774658203
2021-07-29,15.443426132202148
2021-07-30,15.400404930114746
2021-08-02,15.576068878173828
2021-08-03,15.541458129882812
2021-08-04,15.55876350402832
2021-08-05,15.498188972473145
2021-08-06,15.394351959228516
2021-08-09,15.065521240234375
2021-08-10,15.662606239318848
2021-08-11,15.714524269104004
2021-08-12,15.653949737548828
2021-08-13,15.619339942932129
2021-08-16,15.602030754089355
2021-08-17,15.576068878173828
2021-08-18,15.541458129882812
2021-08-19,15.411659240722656
2021-08-20,15.550107955932617
2021-08-23,15.55876350402832
2021-08-24,15.584726333618164
2021-08-25,15.619339942932129
2021-08-26,15.627989768981934
2021-08-27,15.636641502380371
2021-08-30,15.740483283996582
2021-08-31,16.086620330810547
2021-09-01,15.90489673614502
2021-09-02,15.90489673614502
2021-09-03,15.878937721252441
2021-09-07,15.766444206237793
2021-09-08,15.541458129882812
2021-09-09,15.446267127990723
2021-09-10,15.446267127990723
2021-09-13,15.498188972473145
2021-09-14,15.325119972229004
2021-09-15,15.299162864685059
2021-09-16,15.368388175964355
2021-09-17,14.546319961547852
2021-09-20,14.987641334533691
2021-09-21,15.281854629516602
2021-09-22,15.004947662353516
2021-09-23,15.281854629516602
2021-09-24,15.524150848388672
2021-09-27,15.896246910095215
2021-09-28,15.97412395477295
2021-09-29,15.991434097290039
2021-09-30,16.112579345703125
2021-10-01,16.65774154663086
2021-10-04,16.536596298217773
2021-10-05,16.649093627929688
2021-10-06,16.48467445373535
2021-10-07,16.424097061157227
2021-10-08,16.571208953857422
2021-10-11,16.40679168701172
2021-10-12,16.31160545349121
2021-10-13,16.233732223510742
2021-10-14,16.155847549438477
2021-10-15,16.190460205078125
2021-10-18,15.835668563842773
2021-10-19,16.00873565673828
2021-10-20,16.00873565673828
2021-10-21,15.861631393432617
2021-10-22,16.181806564331055
2021-10-25,16.32025909423828
2021-10-26,16.302953720092773
2021-10-27,16.138538360595703
2021-10-28,16.346220016479492
2021-10-29,16.26833724975586
2021-11-01,16.683704376220703
2021-11-02,16.72981071472168
2021-11-03,16.651512145996094
2021-11-04,16.373117446899414
2021-11-05,16.373117446899414
2021-11-08,16.46011734008789
2021-11-09,16.486217498779297
2021-11-10,16.399215698242188
2021-11-11,16.451416015625
2021-11-12,16.10342025756836
2021-11-15,15.912028312683105
2021-11-16,15.859822273254395
2021-11-17,15.99032211303711
2021-11-18,16.129520416259766
2021-11-19,16.120824813842773
2021-11-22,16.033823013305664
2021-11-23,15.877227783203125
2021-11-24,15.929422378540039
2021-11-26,15.877227783203125
2021-11-29,15.529229164123535
2021-11-30,16.007726669311523
2021-12-01,14.902843475341797
2021-12-02,15.363933563232422
2021-12-03,15.468334197998047
2021-12-06,15.311735153198242
2021-12-07,15.424830436706543
2021-12-08,15.48573112487793
2021-12-09,15.329136848449707
2021-12-10,15.590132713317871
2021-12-13,15.355234146118164
2021-12-14,14.833242416381836
2021-12-15,14.241653442382812
2021-12-16,14.746248245239258
2021-12-17,14.67664909362793
2021-12-20,14.450450897216797
2021-12-21,14.198152542114258
2021-12-22,14.189455032348633
2021-12-23,14.615745544433594
2021-12-27,14.963740348815918
2021-12-28,14.87674617767334
2021-12-29,14.737544059753418
2021-12-30,14.58965015411377
2021-12-31,14.8506441116333
2022-01-03,15.076837539672852
2022-01-04,15.337835311889648
2022-01-05,15.129036903381348
2022-01-06,15.390032768249512
2022-01-07,15.633627891540527
2022-01-10,15.65102767944336
2022-01-11,15.450931549072266
2022-01-12,15.71192741394043
2022-01-13,15.851125717163086
2022-01-14,15.685829162597656
2022-01-18,15.703231811523438
2022-01-19,15.77283000946045
2022-01-20,15.268234252929688
2022-01-21,15.346531867980957
2022-01-24,15.172536849975586
2022-01-25,14.92894458770752
2022-01-26,15.146438598632812
2022-01-27,15.05943775177002
2022-01-28,14.789745330810547
2022-01-31,14.659246444702148
2022-02-01,14.354752540588379
2022-02-02,14.737544059753418
2022-02-03,14.429347038269043
2022-02-04,14.75330638885498
2022-02-07,14.902152061462402
2022-02-08,15.847765922546387
2022-02-09,15.935321807861328
2022-02-10,15.979101181030273
2022-02-11,16.268037796020508
2022-02-14,15.92656421661377
2022-02-15,16.189237594604492
2022-02-16,16.197988510131836
2022-02-17,15.979101181030273
2022-02-18,16.040390014648438
2022-02-22,16.303058624267578
2022-02-23,16.591999053955078
2022-02-24,16.154216766357422
2022-02-25,16.145458221435547
2022-02-28,16.014123916625977
2022-03-01,15.847765922546387
2022-03-02,16.145458221435547
2022-03-03,16.285551071166992
2022-03-04,16.346837997436523
2022-03-07,16.022876739501953
2022-03-08,16.110435485839844
2022-03-09,15.92656421661377
2022-03-10,16.040390014648438
2022-03-11,16.014123916625977
2022-03-14,15.821495056152344
2022-03-15,15.672652244567871
2022-03-16,15.979101181030273
2022-03-17,16.110435485839844
2022-03-18,16.233013153076172
2022-03-21,16.189237594604492
2022-03-22,16.50444221496582
2022-03-23,16.451906204223633
2022-03-24,16.32932472229004
2022-03-25,16.399370193481445
2022-03-28,16.346837997436523
2022-03-29,16.46941566467285
2022-03-30,16.416881561279297
2022-03-31,16.346837997436523
2022-04-01,16.189237594604492
2022-04-04,15.987854957580566
2022-04-05,15.970344543457031
2022-04-06,15.839007377624512
2022-04-07,15.532563209533691
2022-04-08,15.567584991455078
2022-04-11,15.585092544555664
2022-04-12,15.488780975341797
2022-04-13,15.523799896240234
2022-04-14,15.453758239746094
2022-04-18,15.331178665161133
2022-04-19,15.585092544555664
2022-04-20,15.672652244567871
2022-04-21,15.576340675354004
2022-04-22,15.34869384765625
2022-04-25,15.39246940612793
2022-04-26,15.173575401306152
2022-04-27,14.954682350158691
2022-04-28,15.042243957519531
2022-04-29,15.007217407226562
2022-05-02,14.89339542388916
2022-05-03,14.832104682922363
2022-05-04,14.88464069366455
2022-05-05,14.715456008911133
2022-05-06,14.66258716583252
2022-05-09,14.565657615661621
2022-05-10,14.362990379333496
2022-05-11,14.37180233001709
2022-05-12,14.354180335998535
2022-05-13,14.398237228393555
2022-05-16,14.362990379333496
2022-05-17,14.521601676940918
2022-05-18,14.32774543762207
2022-05-19,14.248437881469727
2022-05-20,14.098641395568848
2022-05-23,14.230817794799805
2022-05-24,14.26606273651123
2022-05-25,14.380613327026367
2022-05-26,14.495165824890137
2022-05-27,14.67140007019043
2022-05-31,14.89168930053711
2022-06-01,14.988617897033691
2022-06-02,14.935750961303711
2022-06-03,14.935750961303711
2022-06-06,14.847631454467773
2022-06-07,14.794761657714844
2022-06-08,14.600903511047363
2022-06-09,14.32774543762207
2022-06-10,14.17794418334961
2022-06-13,13.666872024536133
2022-06-14,13.666872024536133
2022-06-15,13.940032958984375
2022-06-16,13.799046516418457
2022-06-17,13.895975112915039
2022-06-21,13.966466903686523
2022-06-22,13.922407150268555
2022-06-23,13.561132431030273
2022-06-24,12.997186660766602
2022-06-27,13.376087188720703
2022-06-28,13.270347595214844
2022-06-29,13.25272274017334
2022-06-30,13.29677963256836
2022-07-01,13.402523040771484
2022-07-05,13.525884628295898
2022-07-06,13.31440258026123
2022-07-07,13.25272274017334
2022-07-08,13.29677963256836
2022-07-11,13.182229995727539
2022-07-12,13.085302352905273
2022-07-13,12.944314956665039
2022-07-14,12.856199264526367
2022-07-15,13.085302352905273
2022-07-18,13.076491355895996
2022-07-19,13.226288795471191
2022-07-20,13.587565422058105
2022-07-21,13.437768936157227
2022-07-22,12.468486785888672
2022-07-25,12.42442798614502
2022-07-26,12.42442798614502
2022-07-27,12.433239936828613
2022-07-28,12.494921684265137
2022-07-29,12.794517517089844
2022-08-01,12.979560852050781
2022-08-02,12.688776016235352
2022-08-03,12.697587966918945
2022-08-04,12.704691886901855
2022-08-05,12.642545700073242
2022-08-08,12.678056716918945
2022-08-09,12.66917896270752
2022-08-10,12.820107460021973
2022-08-11,12.917769432067871
2022-08-12,13.104209899902344
2022-08-15,13.104209899902344
2022-08-16,13.33504581451416
2022-08-17,13.210749626159668
2022-08-18,13.13972282409668
2022-08-19,12.971036911010742
2022-08-22,12.96216106414795
2022-08-23,12.775716781616211
2022-08-24,12.731325149536133
2022-08-25,12.820107460021973
2022-08-26,12.615909576416016
2022-08-29,12.527128219604492
2022-08-30,12.589275360107422
2022-08-31,12.536005973815918
2022-09-01,12.536005973815918
2022-09-02,12.473857879638672
2022-09-06,12.411710739135742
2022-09-07,12.429469108581543
2022-09-08,12.482738494873047
2022-09-09,12.598154067993164
2022-09-12,12.6336669921875
2022-09-13,12.331808090209961
2022-09-14,12.1897554397583
2022-09-15,12.154243469238281
2022-09-16,12.367321014404297
2022-09-19,12.66030216217041
2022-09-20,12.518250465393066
2022-09-21,12.225269317626953
2022-09-22,12.145365715026855
2022-09-23,11.914533615112305
2022-09-26,11.816873550415039
2022-09-27,11.683699607849121
2022-09-28,11.710333824157715
2022-09-29,11.612674713134766
2022-09-30,11.568282127380371
2022-10-03,11.843505859375
2022-10-04,12.234148979187012
2022-10-05,12.198634147644043
2022-10-06,12.029950141906738
2022-10-07,11.763604164123535
2022-10-10,11.745847702026367
2022-10-11,11.790237426757812
2022-10-12,11.7280912399292
2022-10-13,12.0743408203125
2022-10-14,12.0743408203125
2022-10-17,12.39395523071289
2022-10-18,12.518250465393066
2022-10-19,12.287416458129883
2022-10-20,12.0743408203125
2022-10-21,12.234148979187012
2022-10-24,12.029950141906738
2022-10-25,12.065461158752441
2022-10-26,12.100975036621094
2022-10-27,12.145365715026855
2022-10-28,12.180879592895508
2022-10-31,12.251903533935547
2022-11-01,12.171998023986816
2022-11-02,12.038827896118164
2022-11-03,12.081785202026367
2022-11-04,12.162328720092773
2022-11-07,12.144431114196777
2022-11-08,12.126531600952148
2022-11-09,12.063885688781738
2022-11-10,12.296573638916016
2022-11-11,12.341320037841797
2022-11-14,12.323419570922852
2022-11-15,12.305522918701172
2022-11-16,12.305522918701172
2022-11-17,12.216025352478027
2022-11-18,12.314473152160645
2022-11-21,12.233926773071289
2022-11-22,12.260775566101074
2022-11-23,12.242876052856445
2022-11-25,12.296573638916016
2022-11-28,12.198128700256348
2022-11-29,12.180228233337402
2022-11-30,12.269721984863281
2022-12-01,12.233926773071289
2022-12-02,12.233926773071289
2022-12-05,12.072834968566895
2022-12-06,12.063885688781738
2022-12-07,11.965441703796387
2022-12-08,12.037038803100586
2022-12-09,12.028088569641113
2022-12-12,12.04598617553711
2022-12-13,12.189178466796875
2022-12-14,11.94754409790039
2022-12-15,11.750655174255371
2022-12-16,11.714855194091797
2022-12-19,11.491118431091309
2022-12-20,11.47321891784668
2022-12-21,11.607463836669922
2022-12-22,11.509017944335938
2022-12-23,11.544816970825195
2022-12-27,11.464273452758789
2022-12-28,11.365827560424805
2022-12-29,11.446372032165527
2022-12-30,11.356879234313965
2023-01-03,11.500069618225098
2023-01-04,11.464273452758789
2023-01-05,11.356879234313965
2023-01-06,11.500069618225098
2023-01-09,11.410573959350586
2023-01-10,11.33003044128418
2023-01-11,11.303181648254395
2023-01-12,11.500069618225098
2023-01-13,11.517967224121094
2023-01-17,11.509017944335938
2023-01-18,11.3837251663208
2023-01-19,11.437422752380371
2023-01-20,11.517967224121094
2023-01-23,11.544816970825195
2023-01-24,11.464273452758789
2023-01-25,11.455322265625
2023-01-26,11.455322265625
2023-01-27,11.47321891784668
2023-01-30,11.419522285461426
2023-01-31,11.535868644714355
2023-02-01,11.59851360321045
2023-02-02,11.858047485351562
2023-02-03,11.94754409790039
2023-02-06,11.866998672485352
2023-02-07,11.902796745300293
2023-02-08,11.803529739379883
2023-02-09,11.803529739379883
2023-02-10,11.73133659362793
2023-02-13,11.803529739379883
2023-02-14,11.632073402404785
2023-02-15,11.568902015686035
2023-02-16,11.451592445373535
2023-02-17,11.469637870788574
2023-02-21,11.43354320526123
2023-02-22,11.361349105834961
2023-02-23,11.460614204406738
2023-02-24,11.37939739227295
2023-02-27,11.397444725036621
2023-02-28,11.34329891204834
2023-03-01,11.235011100769043
2023-03-02,11.108674049377441
2023-03-03,11.099651336669922
2023-03-06,10.964287757873535
2023-03-07,10.901121139526367
2023-03-08,10.883070945739746
2023-03-09,10.558201789855957
2023-03-10,10.007733345031738
2023-03-13,9.357996940612793
2023-03-14,9.511408805847168
2023-03-15,9.439213752746582
2023-03-16,9.610671997070312
2023-03-17,9.556526184082031
2023-03-20,9.466285705566406
2023-03-21,9.538479804992676
2023-03-22,9.222637176513672
2023-03-23,9.13239574432373
2023-03-24,9.348973274230957
2023-03-27,9.421167373657227
2023-03-28,9.430190086364746
2023-03-29,9.421167373657227
2023-03-30,9.177515983581543
2023-03-31,9.204587936401367
2023-04-03,9.114347457885742
2023-04-04,8.753382682800293
2023-04-05,8.60899829864502
2023-04-06,8.654118537902832
2023-04-10,8.870696067810059
2023-04-11,8.843623161315918
2023-04-12,8.762405395507812
2023-04-13,8.771430015563965
2023-04-14,8.672165870666504
2023-04-17,8.798503875732422
2023-04-18,8.581926345825195
2023-04-19,8.852648735046387
2023-04-20,8.888745307922363
2023-04-21,8.762405395507812
2023-04-24,8.590950965881348
2023-04-25,8.50973129272461
2023-04-26,8.482659339904785
2023-04-27,8.572900772094727
2023-04-28,8.915817260742188
2023-05-01,8.672165870666504
2023-05-02,8.157792091369629
2023-05-03,8.193888664245605
2023-05-04,8.07657527923584
2023-05-05,8.284130096435547
2023-05-08,8.040477752685547
2023-05-09,8.278038024902344
2023-05-10,8.195805549621582
2023-05-11,7.985656261444092
2023-05-12,7.994794845581055
2023-05-15,8.232351303100586
2023-05-16,8.104437828063965
2023-05-17,8.378543853759766
2023-05-18,8.405954360961914
2023-05-19,8.305447578430176
2023-05-22,8.515597343444824
2023-05-23,8.552144050598145
2023-05-24,8.543006896972656
2023-05-25,8.460775375366211
2023-05-26,8.506460189819336
2023-05-30,8.497325897216797
2023-05-31,8.497325897216797
2023-06-01,8.515597343444824
2023-06-02,8.680062294006348
2023-06-05,8.725747108459473
2023-06-06,8.881073951721191
2023-06-07,9.264823913574219
2023-06-08,9.264823913574219
2023-06-09,9.237412452697754
2023-06-12,9.054675102233887
2023-06-13,9.072948455810547
2023-06-14,8.981579780578613
2023-06-15,9.018126487731934
2023-06-16,8.990716934204102
2023-06-20,8.935895919799805
2023-06-21,8.716609954833984
2023-06-22,8.771430015563965
2023-06-23,8.771430015563965
2023-06-26,8.725747108459473
2023-06-27,8.7440185546875
2023-06-28,8.680062294006348
2023-06-29,8.670926094055176
2023-06-30,8.606966972351074
2023-07-03,8.616103172302246
2023-07-05,8.552144050598145
2023-07-06,8.405954360961914
2023-07-07,8.552144050598145
2023-07-10,8.606966972351074
2023-07-11,8.606966972351074
2023-07-12,8.917622566223145
2023-07-13,9.008990287780762
2023-07-14,9.018126487731934
2023-07-17,9.027264595031738
2023-07-18,9.264823913574219
2023-07-19,9.383605003356934
2023-07-20,9.438425064086914
2023-07-21,9.292236328125
2023-07-24,9.493247032165527
2023-07-25,9.447563171386719
2023-07-26,9.70339584350586
2023-07-27,9.694257736206055
2023-07-28,9.840449333190918
2023-07-31,9.794764518737793
2023-08-01,9.794764518737793
2023-08-02,9.7764892578125
2023-08-03,9.886134147644043
2023-08-04,10.17851448059082
2023-08-07,10.215063095092773
2023-08-08,10.113557815551758
2023-08-09,9.901318550109863
2023-08-10,9.661399841308594
2023-08-11,9.735221862792969
2023-08-14,9.642945289611816
2023-08-15,9.467618942260742
2023-08-16,9.522984504699707
2023-08-17,9.569124221801758
2023-08-18,9.642945289611816
2023-08-21,9.59680461883545
2023-08-22,9.486072540283203
2023-08-23,9.753677368164062
2023-08-24,9.661399841308594
2023-08-25,9.615262985229492
2023-08-28,9.569124221801758
2023-08-29,9.652172088623047
2023-08-30,9.59680461883545
2023-08-31,9.606034278869629
2023-09-01,9.725994110107422
2023-09-05,9.59680461883545
2023-09-06,9.458390235900879
2023-09-07,9.40302562713623
2023-09-08,9.449162483215332
2023-09-11,9.393796920776367
2023-09-12,9.393796920776367
2023-09-13,9.356886863708496
2023-09-14,9.4953031539917
2023-09-15,9.33842945098877
2023-09-18,9.153876304626465
2023-09-19,9.12619400024414
2023-09-20,9.061598777770996
2023-09-21,9.043145179748535
2023-09-22,9.006235122680664
2023-09-25,8.978550910949707
2023-09-26,9.006235122680664
2023-09-27,8.987775802612305
2023-09-28,9.080055236816406
2023-09-29,9.218469619750977
2023-10-02,9.144649505615234
2023-10-03,9.043145179748535
2023-10-04,9.080055236816406
2023-10-05,9.218469619750977
2023-10-06,9.200016021728516
2023-10-09,9.190787315368652
2023-10-10,9.209242820739746
2023-10-11,9.33842945098877
2023-10-12,9.227699279785156
2023-10-13,9.089282989501953
2023-10-16,9.209242820739746
2023-10-17,9.273837089538574
2023-10-18,9.153876304626465
2023-10-19,9.200016021728516
2023-10-20,9.006235122680664
2023-10-23,8.83090591430664
2023-10-24,8.849363327026367
2023-10-25,8.757086753845215
2023-10-26,8.904728889465332
2023-10-27,8.867816925048828
2023-10-30,9.052372932434082
2023-10-31,9.181560516357422
2023-11-01,9.218469619750977
2023-11-02,9.513758659362793
2023-11-03,9.615262985229492
2023-11-06,9.59680461883545
2023-11-07,9.55017375946045
2023-11-08,9.410280227661133
2023-11-09,9.33566951751709
2023-11-10,9.40095329284668
2023-11-13,9.40095329284668
2023-11-14,9.792658805847168
2023-11-15,9.774006843566895
2023-11-16,9.764679908752441
2023-11-17,9.98851203918457
2023-11-20,9.932554244995117
2023-11-21,9.839290618896484
2023-11-22,9.951207160949707
2023-11-24,9.923230171203613
2023-11-27,9.820638656616211
2023-11-28,9.792658805847168
2023-11-29,9.96985912322998
2023-11-30,10.007164001464844
2023-12-01,10.305607795715332
2023-12-04,10.63202953338623
2023-12-05,10.510787963867188
2023-12-06,10.482808113098145
2023-12-07,10.687989234924316
2023-12-08,10.799903869628906
2023-12-11,10.83720874786377
2023-12-12,10.911819458007812
2023-12-13,11.368810653686523
2023-12-14,11.592643737792969
2023-12-15,11.863106727600098
2023-12-18,11.909741401672363
2023-12-19,12.226835250854492
2023-12-20,12.11491870880127
2023-12-21,12.217508316040039
2023-12-22,12.310771942138672
2023-12-26,12.413363456726074
2023-12-27,12.432014465332031
2023-12-28,12.432014465332031
2023-12-29,12.404035568237305
2024-01-02,12.217508316040039
2024-01-03,12.04963493347168
2024-01-04,12.096266746520996
2024-01-05,12.264139175415039
2024-01-08,12.16154956817627
2024-01-09,12.03098201751709
2024-01-10,11.965697288513184
2024-01-11,11.853781700134277
2024-01-12,11.807149887084961
2024-01-16,11.611294746398926
2024-01-17,11.527359962463379
2024-01-18,11.546011924743652
2024-01-19,11.564664840698242
2024-01-22,12.152223587036133
2024-01-23,12.03098201751709
2024-01-24,12.189529418945312
2024-01-25,12.217508316040039
2024-01-26,12.264139175415039
2024-01-29,11.984350204467773
2024-01-30,12.058960914611816
2024-01-31,11.406115531921387
2024-02-01,11.135651588439941
2024-02-02,11.051715850830078
2024-02-05,11.033063888549805
2024-02-06,10.960556983947754
2024-02-07,10.800480842590332
2024-02-08,10.734566688537598
2024-02-09,10.847562789916992
2024-02-12,11.054720878601074
2024-02-13,10.310833930969238
2024-02-14,10.536825180053711
2024-02-15,10.998222351074219
2024-02-16,10.88522720336914
2024-02-20,10.800480842590332
2024-02-21,10.565074920654297
2024-02-22,10.452078819274902
2024-02-23,10.555657386779785
2024-02-26,10.49915885925293
2024-02-27,10.593321800231934
2024-02-28,10.310833930969238
2024-02-29,10.678070068359375
2024-03-01,10.49915885925293
2024-03-04,10.546241760253906
2024-03-05,10.678070068359375
2024-03-06,10.62157154083252
2024-03-07,10.48974323272705
2024-03-08,10.461494445800781
2024-03-11,10.423830032348633
2024-03-12,10.376749038696289
2024-03-13,10.386163711547852
2024-03-14,10.197837829589844
2024-03-15,10.131924629211426
2024-03-18,10.009513854980469
2024-03-19,10.066010475158691
2024-03-20,10.48974323272705
2024-03-21,10.612156867980957
2024-03-22,10.536825180053711
2024-03-25,10.39557933807373
2024-03-26,10.263753890991211
2024-03-27,10.508575439453125
2024-03-28,10.828729629516602
2024-04-01,10.49915885925293
2024-04-02,10.263753890991211
2024-04-03,10.30141830444336
2024-04-04,10.160174369812012
2024-04-05,10.21667194366455
2024-04-08,10.244919776916504
2024-04-09,10.310833930969238
2024-04-10,10.094259262084961
2024-04-11,10.009513854980469
2024-04-12,9.953015327453613
2024-04-15,9.962430953979492
2024-04-16,9.971848487854004
2024-04-17,9.915349006652832
2024-04-18,9.840019226074219
2024-04-19,10.009513854980469
2024-04-22,10.07542610168457
2024-04-23,10.16958999633789
2024-04-24,10.131924629211426
2024-04-25,10.21667194366455
2024-04-26,10.16958999633789
2024-04-29,10.423830032348633
2024-04-30,10.235502243041992
2024-05-01,10.339082717895508
2024-05-02,10.546241760253906
2024-05-03,10.640403747558594
2024-05-06,10.715734481811523
2024-05-07,10.699565887451172
2024-05-08,10.737608909606934
2024-05-09,10.747119903564453
2024-05-10,10.842226028442383
2024-05-13,10.880270004272461
2024-05-14,11.041951179504395
2024-05-15,11.346295356750488
2024-05-16,11.317763328552246
2024-05-17,11.327274322509766
2024-05-20,11.327274322509766
2024-05-21,11.298742294311523
2024-05-22,11.507978439331055
2024-05-23,11.308253288269043
2024-05-24,11.270209312438965
2024-05-28,11.2797212600708
2024-05-29,11.222657203674316
2024-05-30,11.39384937286377
2024-05-31,11.488956451416016
2024-06-03,11.355805397033691
2024-06-04,11.289231300354004
2024-06-05,11.298742294311523
2024-06-06,11.374828338623047
2024-06-07,11.175102233886719
2024-06-10,11.032441139221191
2024-06-11,10.946846008300781
2024-06-12,11.260700225830078
2024-06-13,11.23216724395752
2024-06-14,11.175102233886719
2024-06-17,10.908802032470703
2024-06-18,10.946846008300781
2024-06-20,10.908802032470703
2024-06-21,10.813694953918457
2024-06-24,11.317763328552246
2024-06-25,11.23216724395752
2024-06-26,11.222657203674316
2024-06-27,11.546021461486816
2024-06-28,11.650638580322266
2024-07-01,11.555530548095703
2024-07-02,11.641128540039062
2024-07-03,11.6030855178833
2024-07-05,11.422382354736328
2024-07-08,11.536510467529297
2024-07-09,11.555530548095703
2024-07-10,11.869384765625
2024-07-11,12.611221313476562
2024-07-12,12.630242347717285
2024-07-15,12.696818351745605
2024-07-16,12.98214054107666
2024-07-17,13.029694557189941
2024-07-18,12.98214054107666
2024-07-19,12.887032508850098
2024-07-22,13.029694557189941
2024-07-23,13.124801635742188
2024-07-24,13.31501579284668
2024-07-25,13.46718692779541
2024-07-26,14.694069862365723
2024-07-29,14.51336669921875
2024-07-30,14.836731910705566
2024-07-31,14.770156860351562
2024-08-01,13.838105201721191
2024-08-02,13.276973724365234
2024-08-05,12.66828727722168
2024-08-06,12.64926528930664
2024-08-07,12.556220054626465
2024-08-08,12.709694862365723
2024-08-09,12.604181289672852
2024-08-12,12.584996223449707
2024-08-13,12.939909934997559
2024-08-14,13.14134693145752
2024-08-15,13.419519424438477
2024-08-16,13.755247116088867
2024-08-19,13.851170539855957
2024-08-20,13.57299518585205
2024-08-21,13.505849838256836
2024-08-22,13.60177230834961
2024-08-23,14.292412757873535
2024-08-26,14.263635635375977
2024-08-27,14.244451522827148
2024-08-28,14.22526741027832
2024-08-29,14.330781936645508
2024-08-30,14.397927284240723
2024-09-03,14.330781936645508
2024-09-04,14.273228645324707
2024-09-05,14.22526741027832
2024-09-06,14.12934398651123
2024-09-09,14.206083297729492
2024-09-10,14.369149208068848
2024-09-11,14.311596870422363
2024-09-12,14.35955810546875
2024-09-13,14.743247032165527
2024-09-16,14.877537727355957
2024-09-17,14.86794662475586
2024-09-18,14.86794662475586
2024-09-19,15.203675270080566
2024-09-20,14.896721839904785
2024-09-23,14.752839088439941
2024-09-24,14.666509628295898
2024-09-25,14.541810035705566
2024-09-26,14.541810035705566
2024-09-27,14.618548393249512
2024-09-30,14.887130737304688
2024-10-01,14.541810035705566
2024-10-02,14.330781936645508
2024-10-03,14.22526741027832
2024-10-04,14.397927284240723
2024-10-07,14.388334274291992
2024-10-08,14.340373992919922
2024-10-09,14.397927284240723
2024-10-10,14.378742218017578
2024-10-11,14.704877853393555
2024-10-14,14.86794662475586
2024-10-15,14.963868141174316
2024-10-16,15.146120071411133
2024-10-17,15.203675270080566
2024-10-18,15.031013488769531
2024-10-21,14.570586204528809
2024-10-22,14.608955383300781
2024-10-23,14.77202320098877
2024-10-24,14.503440856933594
2024-10-25,14.244451522827148
2024-10-28,14.30200481414795
2024-10-29,14.474665641784668
2024-10-30,14.810391426086426
2024-10-31,14.589771270751953
2024-11-01,14.41711139678955
2024-11-04,14.513033866882324
2024-11-05,14.97346019744873
2024-11-06,16.90879249572754
2024-11-07,16.348388671875
2024-11-08,16.435346603393555
2024-11-11,16.763858795166016
2024-11-12,16.773521423339844
2024-11-13,16.676898956298828
2024-11-14,16.512643814086914
2024-11-15,16.406360626220703
2024-11-18,16.367712020874023
2024-11-19,16.387033462524414
2024-11-20,16.396696090698242
2024-11-21,16.60926628112793
2024-11-22,16.97642707824707
2024-11-25,17.227645874023438
2024-11-26,17.073049545288086
2024-11-27,17.024738311767578
2024-11-29,17.034399032592773
2024-12-02,17.131019592285156
2024-12-03,17.034399032592773
2024-12-04,17.024738311767578
2024-12-05,16.995750427246094
2024-12-06,16.995750427246094
2024-12-09,16.802505493164062
2024-12-10,16.89912986755371
2024-12-11,17.0440616607666
2024-12-12,16.812171936035156
2024-12-13,16.783185958862305
2024-12-16,16.725210189819336
2024-12-17,16.58993911743164
2024-12-18,15.672035217285156
2024-12-19,15.478793144226074
2024-12-20,15.594736099243164
2024-12-23,15.556089401245117
2024-12-24,15.720346450805664
2024-12-26,16.00054931640625
2024-12-27,15.701021194458008
2024-12-30,15.720346450805664
2024-12-31,15.594736099243164
2025-01-02,15.285548210144043
2025-01-03,15.217913627624512
2025-01-06,15.208250999450684
2025-01-07,14.928048133850098
2025-01-08,14.84108829498291
2025-01-10,14.174399375915527
2025-01-13,14.300006866455078
2025-01-14,14.667168617248535
2025-01-15,15.092305183410645
2025-01-16,15.092305183410645
2025-01-17,15.304872512817383
2025-01-21,15.478793144226074
2025-01-22,15.169601440429688
2025-01-23,16.387033462524414
2025-01-24,16.300077438354492
2025-01-27,16.502979278564453
2025-01-28,16.531965255737305
2025-01-29,16.493318557739258
2025-01-30,16.33872413635254
2025-01-31,16.280752182006836
2025-02-03,16.11649513244629
2025-02-04,16.18412971496582
2025-02-05,16.305740356445312
2025-02-06,16.568422317504883
2025-02-07,16.578155517578125
2025-02-10,16.451675415039062
2025-02-11,17.18134880065918
2025-02-12,16.84083366394043
2025-02-13,16.947853088378906
2025-02-14,17.03541374206543
2025-02-18,17.05487060546875
2025-02-19,17.103517532348633
2025-02-20,16.811647415161133
2025-02-21,16.44194793701172
2025-02-24,16.26682472229004
2025-02-25,16.31546974182129
2025-02-26,16.373844146728516
2025-02-27,16.373844146728516
2025-02-28,16.412763595581055
2025-03-03,16.34465789794922
2025-03-04,16.062517166137695
2025-03-05,16.0041446685791
2025-03-06,15.819294929504395
2025-03-07,15.887395858764648
2025-03-10,15.469050407409668
2025-03-11,15.245285034179688
2025-03-12,15.517696380615234
2025-03-13,15.42040729522705
2025-03-14,15.556612968444824
2025-03-17,15.624713897705078
2025-03-18,15.829023361206055
2025-03-19,15.965228080749512
2025-03-20,15.916584968566895
2025-03-21,15.848483085632324
2025-03-24,16.334928512573242
2025-03-25,16.05278968811035
2025-03-26,15.984685897827148
2025-03-27,16.120891571044922
2025-03-28,15.644171714782715
2025-03-31,15.712275505065918
2025-04-01,15.790105819702148
2025-04-02,15.858209609985352
2025-04-03,14.66154670715332
2025-04-04,14.262659072875977
2025-04-07,14.350220680236816
2025-04-08,14.2529296875
2025-04-09,14.788022994995117
2025-04-10,13.93187427520752
2025-04-11,13.630276679992676
2025-04-14,13.86377239227295
2025-04-15,14.340490341186523
2025-04-16,14.29184627532959
2025-04-17,14.398865699768066
2025-04-21,14.340490341186523
2025-04-22,14.80748176574707
2025-04-23,15.040976524353027
2025-04-24,15.099350929260254
2025-04-25,14.992331504821777
2025-04-28,15.002060890197754
2025-04-29,15.16745376586914
2025-04-30,15.099350929260254
2025-05-01,15.060434341430664
2025-05-02,15.274471282958984
2025-05-05,15.293930053710938
2025-05-06,15.186910629272461
2025-05-07,15.123204231262207
2025-05-08,15.534852981567383
2025-05-09,15.280023574829102
2025-05-12,15.838687896728516
2025-05-13,15.887693405151367
2025-05-14,15.858291625976562
2025-05-15,15.907295227050781
2025-05-16,15.681870460510254
2025-05-19,15.593659400939941
2025-05-20,15.417238235473633
2025-05-21,15.083999633789062
2025-05-22,14.966384887695312
2025-05-23,14.946783065795898
2025-05-27,15.338828086853027
2025-05-28,14.711555480957031
2025-05-29,14.682150840759277
2025-05-30,14.985987663269043
2025-06-02,14.67234992980957
2025-06-03,15.133004188537598
2025-06-04,15.20161247253418
2025-06-05,14.976184844970703
2025-06-06,15.280023574829102
2025-06-09,15.446642875671387
2025-06-10,15.632863998413086
2025-06-11,15.378034591674805
2025-06-12,15.387834548950195
2025-06-13,14.966384887695312
2025-06-16,14.878174781799316
2025-06-17,14.721356391906738
2025-06-18,14.976184844970703
2025-06-20,14.956583976745605
2025-06-23,15.31922721862793
2025-06-24,15.946502685546875
2025-06-25,15.67206859588623
2025-06-26,16.142526626586914
2025-06-27,16.20133399963379
2025-06-30,16.142526626586914
2025-07-01,16.681591033935547
2025-07-02,16.799203872680664
2025-07-03,17.093238830566406
2025-07-07,16.91681671142578
2025-07-08,17.47548484802246
2025-07-09,17.495086669921875
2025-07-10,17.387271881103516
2025-07-11,17.083438873291016
2025-07-14,17.35787010192871
2025-07-15,16.86781120300293
2025-07-16,17.112838745117188
2025-07-17,17.31866455078125
2025-07-18,17.171648025512695
2025-07-21,17.269662857055664
2025-07-22,17.377470016479492
2025-07-23,17.44607925415039
2025-07-24,16.40715789794922
2025-07-25,16.211135864257812
2025-07-28,16.191530227661133
2025-07-29,16.28954315185547
2025-07-30,16.18172836303711
2025-07-31,16.064115524291992
2025-08-01,15.691671371459961
2025-08-04,15.946502685546875
2025-08-05,15.848489761352539
2025-08-06,15.813940048217773
2025-08-07,15.715226173400879
2025-08-08,15.734968185424805
2025-08-11,15.873167991638184
2025-08-12,16.218666076660156
2025-08-13,16.712236404418945
2025-08-14,16.40622329711914
2025-08-15,16.268022537231445
2025-08-18,16.258150100708008
2025-08-19,16.18905258178711
2025-08-20,16.18905258178711
2025-08-21,16.198923110961914
2025-08-22,16.929405212402344
2025-08-25,16.77146339416504
2025-08-26,16.90966033935547
2025-08-27,16.899791717529297
2025-08-28,16.87017822265625
2025-08-29,16.959020614624023
2025-09-02,16.77146339416504
2025-09-03,16.801076889038086
2025-09-04,17.215675354003906
2025-09-05,16.880048751831055
2025-09-08,16.978761672973633
2025-09-09,16.810949325561523
2025-09-10,16.781333923339844
2025-09-11,17.265031814575195
2025-09-12,17.186059951782227
2025-09-15,16.998502731323242
2025-09-16,16.88991928100586
2025-09-17,17.186059951782227
2025-09-18,18.025127410888672
2025-09-19,17.35387420654297
2025-09-22,17.65988540649414
2025-09-23,17.798086166381836
2025-09-24,17.580915451049805
2025-09-25,17.442716598510742
2025-09-26,17.4229736328125
2025-09-29,17.10708999633789
2025-09-30,16.79120635986328
2025-10-01,16.593778610229492
2025-10-02,16.445707321166992
2025-10-03,16.583906173706055
2025-10-06,16.603649139404297
2025-10-07,16.49506378173828
2025-10-08,16.47532081604004
2025-10-09,16.445707321166992
2025-10-10,15.853424072265625
2025-10-13,16.198923110961914
2025-10-14,16.850433349609375
2025-10-15,16.623394012451172
2025-10-16,15.754712104797363
2025-10-17,15.883039474487305
2025-10-20,16.139694213867188
2025-10-21,16.346994400024414
2025-10-22,16.52467918395996
2025-10-23,16.100210189819336
2025-10-24,16.485193252563477
2025-10-27,16.327251434326172
2025-10-28,16.159439086914062
2025-10-29,15.72509765625
2025-10-30,15.804068565368652
2025-10-31,15.78432559967041
2025-11-03,15.863296508789062
2025-11-04,15.942267417907715
2025-11-05,16.18585205078125
2025-11-06,15.937296867370605
2025-11-07,15.967122077941895
2025-11-10,16.056602478027344
2025-11-11,16.29521369934082
2025-11-12,16.116254806518555
2025-11-13,16.364809036254883
2025-11-14,16.414520263671875
2025-11-17,15.987007141113281
2025-11-18,16.136138916015625
2025-11-19,16.066543579101562
2025-11-20,16.116254806518555
2025-11-21,16.722726821899414
2025-11-24,16.643190383911133
2025-11-25,17.020994186401367
2025-11-26,16.90168571472168
2025-11-28,17.050819396972656
2025-12-01,17.16018295288086
2025-12-02,16.89174461364746
2025-12-03,17.269548416137695
2025-12-04,17.249662399291992
2025-12-05,17.368967056274414
2025-12-08,17.299373626708984
2025-12-09,17.47833251953125
2025-12-10,17.995325088500977
2025-12-11,18.184226989746094
2025-12-12,18.243879318237305
2025-12-15,18.293590545654297
2025-12-16,18.303531646728516
2025-12-17,18.32341766357422
2025-12-18,18.432781219482422
2025-12-19,18.243879318237305
2025-12-22,18.01521110534668
2025-12-23,17.925729751586914
2025-12-24,17.965497970581055
2025-12-26,17.945613861083984
2025-12-29,17.846193313598633
2025-12-30,17.776596069335938
2025-12-31,17.716943740844727
2026-01-02,17.607580184936523
2026-01-05,17.7567138671875
2026-01-06,17.80642318725586
2026-01-07,17.776596069335938
2026-01-08,18.14445686340332
2026-01-09,18.04503631591797
2026-01-12,17.86607551574707
2026-01-13,17.965497970581055
2026-01-14,18.313474655151367
2026-01-15,18.571971893310547
2026-01-16,18.562028884887695
2026-01-20,18.333358764648438
2026-01-21,19.188385009765625
2026-01-22,19.38722801208496
2026-01-23,18.542144775390625
2026-01-26,18.482492446899414
2026-01-27,18.4029541015625
2026-01-28,18.452665328979492
2026-01-29,19.36734390258789
2026-01-30,19.34745979309082
2026-02-02,19.993701934814453
2026-02-03,20.391387939453125
2026-02-04,20.789073944091797
2026-02-05,20.779132843017578
2026-02-06,20.948148727416992
2026-02-09,20.769189834594727
2026-02-10,20.6299991607666
2026-02-11,20.559999465942383
2026-02-12,20.31999969482422
2026-02-13,20.360000610351562
2026-02-17,20.530000686645508
2026-02-18,20.18000030517578
2026-02-19,20.1200008392334
2026-02-20,20.290000915527344
2026-02-23,20.1299991607666
2026-02-24,20.079999923706055
2026-02-25,20.510000228881836
2026-02-26,20.579999923706055
