Date,Close
2011-04-20,19.604644775390625
2011-04-21,19.604644775390625
2011-04-25,19.833271026611328
2011-04-26,20.023788452148438
2011-04-27,20.023788452148438
2011-04-28,20.109527587890625
2011-04-29,20.157161712646484
2011-05-02,20.061891555786133
2011-05-03,20.061891555786133
2011-05-04,19.566539764404297
2011-05-05,19.70943260192871
2011-05-06,19.547489166259766
2011-05-09,19.795162200927734
2011-05-10,19.947582244873047
2011-05-11,19.89995002746582
2011-05-12,19.938058853149414
2011-05-13,19.75705909729004
2011-05-16,19.75705909729004
2011-05-17,19.242658615112305
2011-05-18,19.423646926879883
2011-05-19,19.642749786376953
2011-05-20,19.52843475341797
2011-05-23,19.099760055541992
2011-05-24,19.13786506652832
2011-05-25,19.28075408935547
2011-05-26,19.51890754699707
2011-05-27,19.642749786376953
2011-05-31,19.671323776245117
2011-06-01,19.28075408935547
2011-06-02,19.385543823242188
2011-06-03,19.156923294067383
2011-06-06,19.156923294067383
2011-06-07,18.852087020874023
2011-06-08,18.604406356811523
2011-06-09,18.737775802612305
2011-06-10,18.737775802612305
2011-06-13,18.737775802612305
2011-06-14,18.737775802612305
2011-06-15,18.471038818359375
2011-06-16,18.251943588256836
2011-06-17,18.37578010559082
2011-06-20,18.566307067871094
2011-06-21,19.00450325012207
2011-06-22,19.0521297454834
2011-06-23,19.06165885925293
2011-06-24,18.96639633178711
2011-06-27,19.090234756469727
2011-06-28,19.385543823242188
2011-06-29,19.59511375427246
2011-06-30,19.785646438598633
2011-07-01,20.052370071411133
2011-07-05,20.157161712646484
2011-07-06,20.319095611572266
2011-07-07,20.547719955444336
2011-07-08,20.41436195373535
2011-07-11,19.909482955932617
2011-07-12,19.833271026611328
2011-07-13,19.95709991455078
2011-07-14,19.747529983520508
2011-07-15,19.785646438598633
2011-07-18,19.557018280029297
2011-07-19,20.0333194732666
2011-07-20,19.880903244018555
2011-07-21,20.01426887512207
2011-07-22,20.109527587890625
2011-07-25,19.928529739379883
2011-07-26,19.8142147064209
2011-07-27,19.242658615112305
2011-07-28,19.175968170166016
2011-07-29,19.0521297454834
2011-08-01,18.89971160888672
2011-08-02,18.480566024780273
2011-08-03,18.461517333984375
2011-08-04,17.36602020263672
2011-08-05,17.061182022094727
2011-08-08,16.00379180908203
2011-08-09,16.16573143005371
2011-08-10,16.57535743713379
2011-08-11,17.042137145996094
2011-08-12,17.26123809814453
2011-08-15,17.527963638305664
2011-08-16,17.13739776611328
2011-08-17,17.051654815673828
2011-08-18,16.146682739257812
2011-08-19,16.05142593383789
2011-08-22,15.870430946350098
2011-08-23,16.470569610595703
2011-08-24,16.584882736206055
2011-08-25,16.39436149597168
2011-08-26,16.889713287353516
2011-08-29,16.889713287353516
2011-08-30,17.613697052001953
2011-08-31,17.63275146484375
2011-09-01,17.346960067749023
2011-09-02,16.984968185424805
2011-09-06,16.984968185424805
2011-09-07,17.251708984375
2011-09-08,17.108814239501953
2011-09-09,16.670610427856445
2011-09-12,16.61345672607422
2011-09-13,17.08976173400879
2011-09-14,17.44222640991211
2011-09-15,17.651798248291016
2011-09-16,17.613697052001953
2011-09-19,17.55653953552246
2011-09-20,17.756593704223633
2011-09-21,17.032604217529297
2011-09-22,16.060949325561523
2011-09-23,16.270523071289062
2011-09-26,16.546775817871094
2011-09-27,16.546775817871094
2011-09-28,16.546775817871094
2011-09-29,16.38483428955078
2011-09-30,16.118101119995117
2011-10-03,15.270285606384277
2011-10-04,15.479857444763184
2011-10-05,15.479857444763184
2011-10-06,16.441997528076172
2011-10-07,16.61345672607422
2011-10-10,16.918292999267578
2011-10-11,16.94687271118164
2011-10-12,17.26123809814453
2011-10-13,17.26123809814453
2011-10-14,17.480331420898438
2011-10-17,17.15644645690918
2011-10-18,17.232648849487305
2011-10-19,17.194541931152344
2011-10-20,17.15644645690918
2011-10-21,17.480331420898438
2011-10-24,18.051898956298828
2011-10-25,17.670854568481445
2011-10-26,17.80422019958496
2011-10-27,18.528202056884766
2011-10-28,18.471038818359375
2011-10-31,18.147159576416016
2011-11-01,17.57559585571289
2011-11-02,17.90900230407715
2011-11-03,18.24241828918457
2011-11-04,18.22335433959961
2011-11-07,18.175739288330078
2011-11-08,18.37578010559082
2011-11-09,17.689903259277344
2011-11-10,17.670854568481445
2011-11-11,18.090002059936523
2011-11-14,17.947107315063477
2011-11-15,18.109052658081055
2011-11-16,17.861377716064453
2011-11-17,17.71847915649414
2011-11-18,17.53748321533203
2011-11-21,17.09929084777832
2011-11-22,17.13739776611328
2011-11-23,17.13739776611328
2011-11-25,16.81351089477539
2011-11-28,17.280284881591797
2011-11-29,17.28980827331543
2011-11-30,18.0137882232666
2011-12-01,18.023313522338867
2011-12-02,18.032840728759766
2011-12-05,18.280517578125
2011-12-06,18.12810707092285
2011-12-07,18.099523544311523
2011-12-08,17.72800636291504
2011-12-09,18.023313522338867
2011-12-12,17.823270797729492
2011-12-13,17.43269920349121
2011-12-14,17.280284881591797
2011-12-15,17.394594192504883
2011-12-16,17.566068649291992
2011-12-19,17.689903259277344
2011-12-20,17.842321395874023
2011-12-21,17.931886672973633
2011-12-22,18.008113861083984
2011-12-23,18.017637252807617
2011-12-27,18.208202362060547
2011-12-28,17.83660125732422
2011-12-29,17.931886672973633
2011-12-30,17.931886672973633
2012-01-03,18.017637252807617
2012-01-04,17.989055633544922
2012-01-05,18.103389739990234
2012-01-06,18.084339141845703
2012-01-09,18.17009162902832
2012-01-10,18.332069396972656
2012-01-11,18.465463638305664
2012-01-12,18.494041442871094
2012-01-13,18.40829086303711
2012-01-17,18.474985122680664
2012-01-18,18.713191986083984
2012-01-19,18.846580505371094
2012-01-20,18.722715377807617
2012-01-23,18.751304626464844
2012-01-24,18.79894256591797
2012-01-25,18.88469886779785
2012-01-26,18.8179988861084
2012-01-27,18.922809600830078
2012-01-30,18.960922241210938
2012-01-31,18.83706283569336
2012-02-01,19.189594268798828
2012-02-02,19.11336898803711
2012-02-03,19.484973907470703
2012-02-06,19.380163192749023
2012-02-07,19.484973907470703
2012-02-08,19.465911865234375
2012-02-09,19.49449348449707
2012-02-10,19.294404983520508
2012-02-13,19.465911865234375
2012-02-14,19.456378936767578
2012-02-15,19.40874481201172
2012-02-16,19.656469345092773
2012-02-17,19.627891540527344
2012-02-21,19.53260612487793
2012-02-22,19.53260612487793
2012-02-23,19.704111099243164
2012-02-24,19.751750946044922
2012-02-27,19.770803451538086
2012-02-28,19.64694595336914
2012-02-29,19.484973907470703
2012-03-01,19.59929847717285
2012-03-02,19.484973907470703
2012-03-05,19.389684677124023
2012-03-06,19.11336898803711
2012-03-07,19.180065155029297
2012-03-08,19.58024787902832
2012-03-09,19.732698440551758
2012-03-12,19.64694595336914
2012-03-13,19.894672393798828
2012-03-14,19.847030639648438
2012-03-15,19.989953994750977
2012-03-16,19.989953994750977
2012-03-19,19.99948501586914
2012-03-20,19.866092681884766
2012-03-21,19.866092681884766
2012-03-22,19.66600227355957
2012-03-23,19.78986930847168
2012-03-26,20.075708389282227
2012-03-27,20.047130584716797
2012-03-28,19.894672393798828
2012-03-29,19.8565616607666
2012-03-30,19.91373634338379
2012-04-02,19.980422973632812
2012-04-03,19.99948501586914
2012-04-04,19.799392700195312
2012-04-05,19.751750946044922
2012-04-09,19.5135498046875
2012-04-10,18.98950958251953
2012-04-11,19.24676513671875
2012-04-12,19.570720672607422
2012-04-13,19.41826629638672
2012-04-16,19.40874481201172
2012-04-17,19.76127815246582
2012-04-18,19.837509155273438
2012-04-19,19.60883331298828
2012-04-20,19.78986930847168
2012-04-23,19.3515682220459
2012-04-24,19.43732452392578
2012-04-25,19.82797622680664
2012-04-26,19.99948501586914
2012-04-27,20.190044403076172
2012-04-30,19.99948501586914
2012-05-01,19.989953994750977
2012-05-02,19.97089958190918
2012-05-03,19.742229461669922
2012-05-04,19.446849822998047
2012-05-07,19.40874481201172
2012-05-08,19.103837966918945
2012-05-09,19.15148162841797
2012-05-10,19.180065155029297
2012-05-11,19.275344848632812
2012-05-14,19.037141799926758
2012-05-15,18.86564064025879
2012-05-16,18.8084716796875
2012-05-17,18.189144134521484
2012-05-18,17.950939178466797
2012-05-21,18.417821884155273
2012-05-22,18.417821884155273
2012-05-23,18.656023025512695
2012-05-24,18.741777420043945
2012-05-25,18.6464900970459
2012-05-29,18.88469886779785
2012-05-30,18.627437591552734
2012-05-31,18.608383178710938
2012-06-01,17.83660125732422
2012-06-04,17.693683624267578
2012-06-05,17.922353744506836
2012-06-06,18.351119995117188
2012-06-07,18.32253646850586
2012-06-08,18.389230728149414
2012-06-11,18.160554885864258
2012-06-12,18.227252960205078
2012-06-13,17.989055633544922
2012-06-14,18.141502380371094
2012-06-15,18.40829086303711
2012-06-18,18.579792022705078
2012-06-19,18.8179988861084
2012-06-20,18.760828018188477
2012-06-21,18.2137508392334
2012-06-22,18.299528121948242
2012-06-25,17.93735122680664
2012-06-26,18.023128509521484
2012-06-27,18.004066467285156
2012-06-28,17.965944290161133
2012-06-29,18.614055633544922
2012-07-02,18.67123794555664
2012-07-03,18.995296478271484
2012-07-05,19.052486419677734
2012-07-06,18.594993591308594
2012-07-09,18.718894958496094
2012-07-10,18.509212493896484
2012-07-11,18.356712341308594
2012-07-12,18.28046989440918
2012-07-13,18.718894958496094
2012-07-16,18.67123794555664
2012-07-17,18.623584747314453
2012-07-18,18.699827194213867
2012-07-19,18.76654624938965
2012-07-20,18.594993591308594
2012-07-23,18.366249084472656
2012-07-24,18.0898494720459
2012-07-25,18.2137508392334
2012-07-26,18.40436363220215
2012-07-27,18.842802047729492
2012-07-30,18.8237361907959
2012-07-31,18.67123794555664
2012-08-01,18.46156120300293
2012-08-02,18.289995193481445
2012-08-03,18.699827194213867
2012-08-06,18.737957000732422
2012-08-07,18.919044494628906
2012-08-08,18.785608291625977
2012-08-09,18.8237361907959
2012-08-10,18.814205169677734
2012-08-13,18.814205169677734
2012-08-14,18.861860275268555
2012-08-15,18.880918502807617
2012-08-16,19.11919403076172
2012-08-17,19.176380157470703
2012-08-20,19.109661102294922
2012-08-21,19.20497703552246
2012-08-22,19.195444107055664
2012-08-23,19.081071853637695
2012-08-24,19.109661102294922
2012-08-27,19.138261795043945
2012-08-28,19.252634048461914
2012-08-29,19.252634048461914
2012-08-30,19.062007904052734
2012-08-31,19.16685676574707
2012-09-04,19.328874588012695
2012-09-05,19.281219482421875
2012-09-06,19.671995162963867
2012-09-07,19.671995162963867
2012-09-10,19.614810943603516
2012-09-11,19.614810943603516
2012-09-12,19.567157745361328
2012-09-13,19.710119247436523
2012-09-14,19.89120864868164
2012-09-17,19.64339828491211
2012-09-18,19.652935028076172
2012-09-19,19.691059112548828
2012-09-20,19.548091888427734
2012-09-21,19.567157745361328
2012-09-24,19.57668685913086
2012-09-25,19.27168846130371
2012-09-26,19.243099212646484
2012-09-27,19.424184799194336
2012-09-28,19.433717727661133
2012-10-01,19.281219482421875
2012-10-02,19.328874588012695
2012-10-03,19.37653350830078
2012-10-04,19.462310791015625
2012-10-05,19.53856086730957
2012-10-08,19.414663314819336
2012-10-09,19.27168846130371
2012-10-10,19.052486419677734
2012-10-11,19.147789001464844
2012-10-12,19.147789001464844
2012-10-15,19.071542739868164
2012-10-16,19.452775955200195
2012-10-17,19.53856086730957
2012-10-18,19.509965896606445
2012-10-19,19.176380157470703
2012-10-22,19.052486419677734
2012-10-23,19.071542739868164
2012-10-24,19.00482940673828
2012-10-25,18.966699600219727
2012-10-26,19.00482940673828
2012-10-31,19.071542739868164
2012-11-01,19.471843719482422
2012-11-02,19.147789001464844
2012-11-05,19.27168846130371
2012-11-06,19.40512466430664
2012-11-07,19.20497703552246
2012-11-08,18.890453338623047
2012-11-09,18.966699600219727
2012-11-12,18.928579330444336
2012-11-13,18.909507751464844
2012-11-14,18.518741607666016
2012-11-15,18.499679565429688
2012-11-16,18.575929641723633
2012-11-19,18.985755920410156
2012-11-20,19.071542739868164
2012-11-21,19.11919403076172
2012-11-23,19.290752410888672
2012-11-26,19.309818267822266
2012-11-27,19.290752410888672
2012-11-28,19.40512466430664
2012-11-29,19.424184799194336
2012-11-30,19.462310791015625
2012-12-03,19.414663314819336
2012-12-04,19.44325065612793
2012-12-05,19.49091339111328
2012-12-06,19.424184799194336
2012-12-07,19.433717727661133
2012-12-10,19.51949691772461
2012-12-11,19.567157745361328
2012-12-12,19.63387107849121
2012-12-13,19.44325065612793
2012-12-14,19.33840560913086
2012-12-17,19.529027938842773
2012-12-18,19.824487686157227
2012-12-19,19.834020614624023
2012-12-20,19.881677627563477
2012-12-21,19.818931579589844
2012-12-24,19.867197036743164
2012-12-26,19.703079223632812
2012-12-27,19.722393035888672
2012-12-28,19.683774948120117
2012-12-31,19.91546058654785
2013-01-02,20.388492584228516
2013-01-03,20.475374221801758
2013-01-04,20.610519409179688
2013-01-07,20.581562042236328
2013-01-08,20.53330421447754
2013-01-09,20.65879249572754
2013-01-10,20.65879249572754
2013-01-11,20.668445587158203
2013-01-14,20.687755584716797
2013-01-15,20.716720581054688
2013-01-16,20.78429412841797
2013-01-17,21.00632667541504
2013-01-18,20.987014770507812
2013-01-22,21.13182258605957
2013-01-23,21.238014221191406
2013-01-24,21.382822036743164
2013-01-25,21.575889587402344
2013-01-28,21.537273406982422
2013-01-29,21.52762794494629
2013-01-30,21.238014221191406
2013-01-31,21.402122497558594
2013-02-01,21.59520149230957
2013-02-04,21.440738677978516
2013-02-05,21.59520149230957
2013-02-06,21.64346694946289
2013-02-07,21.59520149230957
2013-02-08,21.70138931274414
2013-02-11,21.67242431640625
2013-02-12,21.788267135620117
2013-02-13,21.768959045410156
2013-02-14,21.93307876586914
2013-02-15,21.93307876586914
2013-02-19,22.058574676513672
2013-02-20,21.817230224609375
2013-02-21,21.276626586914062
2013-02-22,21.51797103881836
2013-02-25,21.141475677490234
2013-02-26,21.20905113220215
2013-02-27,21.546932220458984
2013-02-28,21.59520149230957
2013-03-01,21.489004135131836
2013-03-04,21.624155044555664
2013-03-05,21.952381134033203
2013-03-06,21.990995407104492
2013-03-07,22.077878952026367
2013-03-08,22.222681045532227
2013-03-11,22.270946502685547
2013-03-12,22.213027954101562
2013-03-13,22.34818458557129
2013-03-14,22.4350643157959
2013-03-15,22.38680076599121
2013-03-18,22.34818458557129
2013-03-19,22.23233985900879
2013-03-20,22.570219039916992
2013-03-21,22.377145767211914
2013-03-22,22.38680076599121
2013-03-25,22.338523864746094
2013-03-26,22.415754318237305
2013-03-27,22.415754318237305
2013-03-28,22.570219039916992
2013-04-01,22.213027954101562
2013-04-02,22.10683822631836
2013-04-03,21.691736221313477
2013-04-04,21.83654022216797
2013-04-05,21.855844497680664
2013-04-08,22.010305404663086
2013-04-09,22.164762496948242
2013-04-10,22.406103134155273
2013-04-11,22.45437240600586
2013-04-12,22.328872680664062
2013-04-15,21.624155044555664
2013-04-16,21.971689224243164
2013-04-17,21.585542678833008
2013-04-18,21.43108367919922
2013-04-19,21.711042404174805
2013-04-22,21.884801864624023
2013-04-23,22.087533950805664
2013-04-24,22.164762496948242
2013-04-25,22.36748504638672
2013-04-26,22.23233985900879
2013-04-29,22.34818458557129
2013-04-30,22.415754318237305
2013-05-01,22.213027954101562
2013-05-02,22.36748504638672
2013-05-03,22.74397850036621
2013-05-06,22.91774559020996
2013-05-07,23.12047004699707
2013-05-08,23.110816955566406
2013-05-09,23.22665786743164
2013-05-10,23.313547134399414
2013-05-13,23.29423713684082
2013-05-14,23.612808227539062
2013-05-15,23.75761604309082
2013-05-16,23.52592658996582
2013-05-17,23.776920318603516
2013-05-20,23.776920318603516
2013-05-21,23.79623031616211
2013-05-22,23.361812591552734
2013-05-23,23.15909194946289
2013-05-24,23.28458595275879
2013-05-28,23.516273498535156
2013-05-29,23.26528549194336
2013-05-30,23.34250831604004
2013-05-31,23.101165771484375
2013-06-03,23.004627227783203
2013-06-04,22.811552047729492
2013-06-05,22.464025497436523
2013-06-06,22.676403045654297
2013-06-07,22.994977951049805
2013-06-10,23.023937225341797
2013-06-11,22.792251586914062
2013-06-12,22.492982864379883
2013-06-13,22.91774559020996
2013-06-14,22.80190086364746
2013-06-17,22.994977951049805
2013-06-18,23.245969772338867
2013-06-19,22.927404403686523
2013-06-20,22.222681045532227
2013-06-21,22.082494735717773
2013-06-24,21.763437271118164
2013-06-25,22.05348777770996
2013-06-26,22.227516174316406
2013-06-27,22.536909103393555
2013-06-28,22.527231216430664
2013-07-01,22.817283630371094
2013-07-02,22.807619094848633
2013-07-03,22.710935592651367
2013-07-05,22.88496208190918
2013-07-08,23.039657592773438
2013-07-09,23.23302459716797
2013-07-10,23.155675888061523
2013-07-11,23.445728302001953
2013-07-12,23.532745361328125
2013-07-15,23.600419998168945
2013-07-16,23.426393508911133
2013-07-17,23.54241180419922
2013-07-18,23.74544334411621
2013-07-19,23.735774993896484
2013-07-22,23.861465454101562
2013-07-23,23.764780044555664
2013-07-24,23.610092163085938
2013-07-25,23.49406623840332
2013-07-26,23.61975860595703
2013-07-29,23.5230770111084
2013-07-30,23.600419998168945
2013-07-31,23.851795196533203
2013-08-01,24.383554458618164
2013-08-02,24.36421775817871
2013-08-05,24.296541213989258
2013-08-06,24.054834365844727
2013-08-07,23.890472412109375
2013-08-08,24.0451717376709
2013-08-09,23.958154678344727
2013-08-12,24.103174209594727
2013-08-13,24.151514053344727
2013-08-14,23.900142669677734
2013-08-15,23.416719436645508
2013-08-16,23.436058044433594
2013-08-19,23.27169418334961
2013-08-20,23.63909339904785
2013-08-21,23.59075355529785
2013-08-22,23.697107315063477
2013-08-23,23.677766799926758
2013-08-26,23.851795196533203
2013-08-27,23.126676559448242
2013-08-28,23.262027740478516
2013-08-29,23.455400466918945
2013-08-30,23.039657592773438
2013-09-03,22.855960845947266
2013-09-04,23.436058044433594
2013-09-05,23.513408660888672
2013-09-06,23.64876365661621
2013-09-09,23.919475555419922
2013-09-10,24.122512817382812
2013-09-11,24.141847610473633
2013-09-12,24.141847610473633
2013-09-13,24.209531784057617
2013-09-16,24.36421775817871
2013-09-17,24.62526512145996
2013-09-18,24.895978927612305
2013-09-19,24.818632125854492
2013-09-20,24.649003982543945
2013-09-23,24.52299690246582
2013-09-24,24.610239028930664
2013-09-25,24.571468353271484
2013-09-26,24.687780380249023
2013-09-27,24.69747543334961
2013-09-30,24.65870475769043
2013-10-01,25.10456657409668
2013-10-02,24.988258361816406
2013-10-03,24.813785552978516
2013-10-04,24.99795150756836
2013-10-07,24.649003982543945
2013-10-08,24.241901397705078
2013-10-09,24.115896224975586
2013-10-10,24.69747543334961
2013-10-11,24.891326904296875
2013-10-14,25.056102752685547
2013-10-15,24.823482513427734
2013-10-16,25.07549476623535
2013-10-17,25.211193084716797
2013-10-18,25.472904205322266
2013-10-21,25.531064987182617
2013-10-22,25.67645263671875
2013-10-23,25.424434661865234
2013-10-24,25.608604431152344
2013-10-25,25.540754318237305
2013-10-28,25.589214324951172
2013-10-29,25.647375106811523
2013-10-30,25.531064987182617
2013-10-31,25.647375106811523
2013-11-01,25.49228858947754
2013-11-04,25.763690948486328
2013-11-05,25.66676139831543
2013-11-06,25.550447463989258
2013-11-07,24.99795150756836
2013-11-08,25.44382095336914
2013-11-11,25.62798500061035
2013-11-12,25.715225219726562
2013-11-13,25.98662567138672
2013-11-14,26.08355140686035
2013-11-15,26.21925926208496
2013-11-18,26.093244552612305
2013-11-19,25.647375106811523
2013-11-20,25.589214324951172
2013-11-21,25.98662567138672
2013-11-22,26.13201904296875
2013-11-25,26.08355140686035
2013-11-26,26.1901798248291
2013-11-27,26.199871063232422
2013-11-29,26.180482864379883
2013-12-02,26.102937698364258
2013-12-03,25.98662567138672
2013-12-04,25.938159942626953
2013-12-05,25.899389266967773
2013-12-06,26.112640380859375
2013-12-09,26.17078971862793
2013-12-10,26.14171028137207
2013-12-11,25.69584083557129
2013-12-12,25.686147689819336
2013-12-13,25.860614776611328
2013-12-16,26.054473876953125
2013-12-17,26.14171028137207
2013-12-18,26.510038375854492
2013-12-19,26.296794891357422
2013-12-20,26.626354217529297
2013-12-23,26.90744972229004
2013-12-24,26.975303649902344
2013-12-26,27.043149948120117
2013-12-27,26.994680404663086
2013-12-30,27.05284309387207
2013-12-31,27.207927703857422
2014-01-02,26.78143882751465
2014-01-03,27.023765563964844
2014-01-06,26.655431747436523
2014-01-07,26.926836013793945
2014-01-08,26.878372192382812
2014-01-09,26.994680404663086
2014-01-10,27.304855346679688
2014-01-13,26.81052017211914
2014-01-14,27.22731590270996
2014-01-15,27.363018035888672
2014-01-16,27.295164108276367
2014-01-17,27.178850173950195
2014-01-21,27.22731590270996
2014-01-22,27.459943771362305
2014-01-23,27.18854331970215
2014-01-24,26.422805786132812
2014-01-27,26.151405334472656
2014-01-28,26.296794891357422
2014-01-29,26.08355140686035
2014-01-30,26.53911781311035
2014-01-31,26.384037017822266
2014-02-03,25.288734436035156
2014-02-04,25.62798500061035
2014-02-05,25.44382095336914
2014-02-06,25.792768478393555
2014-02-07,26.122325897216797
2014-02-10,26.151405334472656
2014-02-11,26.37433433532715
2014-02-12,26.510038375854492
2014-02-13,26.81052017211914
2014-02-14,26.89775848388672
2014-02-18,27.10130500793457
2014-02-19,26.868682861328125
2014-02-20,27.140079498291016
2014-02-21,27.207927703857422
2014-02-24,27.35332489013672
2014-02-25,27.266080856323242
2014-02-26,27.421171188354492
2014-02-27,27.605337142944336
2014-02-28,27.508407592773438
2014-03-03,27.32424545288086
2014-03-04,27.983360290527344
2014-03-05,27.925201416015625
2014-03-06,27.925201416015625
2014-03-07,27.886432647705078
2014-03-10,27.847658157348633
2014-03-11,27.65380096435547
2014-03-12,27.67318344116211
2014-03-13,27.256397247314453
2014-03-14,27.382404327392578
2014-03-17,27.663496017456055
2014-03-18,27.95427894592285
2014-03-19,27.86704444885254
2014-03-20,27.760425567626953
2014-03-21,27.711956024169922
2014-03-24,27.295164108276367
2014-03-25,27.287412643432617
2014-03-26,26.899667739868164
2014-03-27,26.802734375
2014-03-28,26.948131561279297
2014-03-31,27.39404296875
2014-04-01,27.704235076904297
2014-04-02,27.810867309570312
2014-04-03,27.57822036743164
2014-04-04,27.0644588470459
2014-04-07,26.424686431884766
2014-04-08,26.482847213745117
2014-04-09,26.84150505065918
2014-04-10,26.240507125854492
2014-04-11,25.765520095825195
2014-04-14,25.86245346069336
2014-04-15,26.046628952026367
2014-04-16,26.347131729125977
2014-04-17,26.541006088256836
2014-04-21,26.541006088256836
2014-04-22,26.812429428100586
2014-04-23,26.754261016845703
2014-04-24,26.68640899658203
2014-04-25,26.327749252319336
2014-04-28,26.221118927001953
2014-04-29,26.31805419921875
2014-04-30,26.47314453125
2014-05-01,26.50223159790039
2014-05-02,26.61855125427246
2014-05-05,26.64763832092285
2014-05-06,26.405290603637695
2014-05-07,26.453763961791992
2014-05-08,26.33743667602539
2014-05-09,26.31805419921875
2014-05-12,26.899667739868164
2014-05-13,26.68640899658203
2014-05-14,26.55069923400879
2014-05-15,26.240507125854492
2014-05-16,26.327749252319336
2014-05-19,26.47314453125
2014-05-20,26.20173454284668
2014-05-21,26.424686431884766
2014-05-22,26.56039047241211
2014-05-23,26.72517967224121
2014-05-27,26.919057846069336
2014-05-28,26.85120391845703
2014-05-29,27.054763793945312
2014-05-30,26.909360885620117
2014-06-02,27.054763793945312
2014-06-03,27.02568244934082
2014-06-04,27.161399841308594
2014-06-05,27.4425048828125
2014-06-06,27.587909698486328
2014-06-09,27.704235076904297
2014-06-10,27.568525314331055
2014-06-11,27.57822036743164
2014-06-12,27.39404296875
2014-06-13,27.38434410095215
2014-06-16,27.4425048828125
2014-06-17,27.646068572998047
2014-06-18,27.820560455322266
2014-06-19,27.772085189819336
2014-06-20,27.898099899291992
2014-06-23,27.859333038330078
2014-06-24,27.61979103088379
2014-06-25,27.86224365234375
2014-06-26,27.81375503540039
2014-06-27,27.99801254272461
2014-06-30,28.1143856048584
2014-07-01,28.36653709411621
2014-07-02,28.162879943847656
2014-07-03,28.259857177734375
2014-07-07,28.007709503173828
2014-07-08,27.677978515625
2014-07-09,27.81375503540039
2014-07-10,27.648887634277344
2014-07-11,27.629493713378906
2014-07-14,27.668285369873047
2014-07-15,27.561603546142578
2014-07-16,27.45492172241211
2014-07-17,27.387041091918945
2014-07-18,27.571298599243164
2014-07-21,27.493715286254883
2014-07-22,27.716772079467773
2014-07-23,27.65858268737793
2014-07-24,27.707069396972656
2014-07-25,27.503414154052734
2014-07-28,27.416139602661133
2014-07-29,27.36764144897461
2014-07-30,27.40644073486328
2014-07-31,26.85365104675293
2014-08-01,26.649995803833008
2014-08-04,26.873048782348633
2014-08-05,26.698484420776367
2014-08-06,26.737272262573242
2014-08-07,26.582107543945312
2014-08-08,26.882747650146484
2014-08-11,27.067005157470703
2014-08-12,26.84395408630371
2014-08-13,27.21247673034668
2014-08-14,27.20278549194336
2014-08-15,27.27066421508789
2014-08-18,27.571298599243164
2014-08-19,27.81375503540039
2014-08-20,27.891338348388672
2014-08-21,27.86224365234375
2014-08-22,27.881633758544922
2014-08-25,27.93982696533203
2014-08-26,28.017404556274414
2014-08-27,27.93982696533203
2014-08-28,27.881633758544922
2014-08-29,28.075599670410156
2014-09-02,28.162879943847656
2014-09-03,28.06589698791504
2014-09-04,27.99801254272461
2014-09-05,28.18227195739746
2014-09-08,28.09499168395996
2014-09-09,27.881633758544922
2014-09-10,27.96892547607422
2014-09-11,28.10468864440918
2014-09-12,27.8525447845459
2014-09-15,27.648887634277344
2014-09-16,27.881633758544922
2014-09-17,27.97861671447754
2014-09-18,28.027101516723633
2014-09-19,27.881633758544922
2014-09-22,27.387041091918945
2014-09-23,27.250207901000977
2014-09-24,27.38606834411621
2014-09-25,26.988183975219727
2014-09-26,27.056116104125977
2014-09-29,27.124052047729492
2014-09-30,26.89113998413086
2014-10-01,26.38650894165039
2014-10-02,26.39621353149414
2014-10-03,26.63882827758789
2014-10-06,26.493257522583008
2014-10-07,26.056554794311523
2014-10-08,26.299171447753906
2014-10-09,25.765417098999023
2014-10-10,25.154041290283203
2014-10-13,24.717334747314453
2014-10-14,24.921125411987305
2014-10-15,24.959949493408203
2014-10-16,25.270492553710938
2014-10-17,25.54221534729004
2014-10-20,25.794532775878906
2014-10-21,26.435029983520508
2014-10-22,26.19241714477539
2014-10-23,26.570898056030273
2014-10-24,26.745574951171875
2014-10-27,26.774688720703125
2014-10-28,27.191984176635742
2014-10-29,27.182275772094727
2014-10-30,27.269617080688477
2014-10-31,27.580162048339844
2014-11-03,27.541343688964844
2014-11-04,27.580162048339844
2014-11-05,27.66750144958496
2014-11-06,27.881004333496094
2014-11-07,27.803361892700195
2014-11-10,27.958635330200195
2014-11-11,27.89070701599121
2014-11-12,28.065385818481445
2014-11-13,27.94893455505371
2014-11-14,27.929521560668945
2014-11-17,27.851892471313477
2014-11-18,28.08479118347168
2014-11-19,27.997455596923828
2014-11-20,28.08479118347168
2014-11-21,28.21095085144043
2014-11-24,28.434152603149414
2014-11-25,28.453569412231445
2014-11-26,28.492385864257812
2014-11-28,28.405046463012695
2014-12-01,27.997455596923828
2014-12-02,28.133312225341797
2014-12-03,28.356521606445312
2014-12-04,28.249771118164062
2014-12-05,28.366222381591797
2014-12-08,28.162433624267578
2014-12-09,28.21095085144043
2014-12-10,27.79366111755371
2014-12-11,28.055681228637695
2014-12-12,27.745134353637695
2014-12-15,27.580162048339844
2014-12-16,27.327842712402344
2014-12-17,27.958635330200195
2014-12-18,28.39533805847168
2014-12-19,28.521495819091797
2014-12-22,28.68646812438965
2014-12-23,28.74475860595703
2014-12-24,28.88075828552246
2014-12-26,28.900188446044922
2014-12-29,28.96818733215332
2014-12-30,28.822473526000977
2014-12-31,28.550472259521484
2015-01-02,28.346471786499023
2015-01-05,28.025897979736328
2015-01-06,27.676183700561523
2015-01-07,27.996755599975586
2015-01-08,28.443614959716797
2015-01-09,28.297901153564453
2015-01-12,28.259042739868164
2015-01-13,28.152185440063477
2015-01-14,28.10361099243164
2015-01-15,27.889892578125
2015-01-16,28.084182739257812
2015-01-20,28.181324005126953
2015-01-21,28.288183212280273
2015-01-22,28.90990447998047
2015-01-23,28.861328125
2015-01-26,29.162473678588867
2015-01-27,28.939044952392578
2015-01-28,28.637903213500977
2015-01-29,28.929330825805664
2015-01-30,28.356185913085938
2015-02-02,28.433900833129883
2015-02-03,28.861328125
2015-02-04,28.80304527282715
2015-02-05,29.08475685119629
2015-02-06,28.90990447998047
2015-02-09,28.647613525390625
2015-02-10,28.96818733215332
2015-02-11,28.96818733215332
2015-02-12,29.152761459350586
2015-02-13,29.28876495361328
2015-02-17,29.269332885742188
2015-02-18,29.483051300048828
2015-02-19,29.405338287353516
2015-02-20,29.619050979614258
2015-02-23,29.716197967529297
2015-02-24,29.677339553833008
2015-02-25,29.628761291503906
2015-02-26,29.589908599853516
2015-02-27,29.541336059570312
2015-03-02,29.900768280029297
2015-03-03,29.687049865722656
2015-03-04,29.560768127441406
2015-03-05,29.638477325439453
2015-03-06,29.104188919067383
2015-03-09,29.366477966308594
2015-03-10,29.104188919067383
2015-03-11,29.308195114135742
2015-03-12,29.716197967529297
2015-03-13,29.55105209350586
2015-03-16,30.007627487182617
2015-03-17,30.114484786987305
2015-03-18,30.328195571899414
2015-03-19,30.36705780029297
2015-03-20,30.66819953918457
2015-03-23,30.74591064453125
2015-03-24,30.493343353271484
2015-03-25,29.862403869628906
2015-03-26,29.73582649230957
2015-03-27,30.05714225769043
2015-03-30,30.475818634033203
2015-03-31,30.32002830505371
2015-04-01,30.1447696685791
2015-04-02,30.261608123779297
2015-04-06,30.349241256713867
2015-04-07,30.13503646850586
2015-04-08,30.349241256713867
2015-04-09,30.31028938293457
2015-04-10,30.456340789794922
2015-04-13,30.290813446044922
2015-04-14,30.251867294311523
2015-04-15,30.300556182861328
2015-04-16,30.290813446044922
2015-04-17,29.940298080444336
2015-04-20,30.21293067932129
2015-04-21,30.32002830505371
2015-04-22,30.39792251586914
2015-04-23,30.53423500061035
2015-04-24,30.417394638061523
2015-04-27,29.998716354370117
2015-04-28,29.998716354370117
2015-04-29,29.618989944458008
2015-04-30,29.132158279418945
2015-05-01,29.47294044494629
2015-05-04,29.618989944458008
2015-05-05,29.180835723876953
2015-05-06,29.054264068603516
2015-05-07,29.43398666381836
2015-05-08,29.69687843322754
2015-05-11,29.638458251953125
2015-05-12,29.46320152282715
2015-05-13,29.5703067779541
2015-05-14,29.862403869628906
2015-05-15,29.88187599182129
2015-05-18,30.193456649780273
2015-05-19,30.13503646850586
2015-05-20,30.1837158203125
2015-05-21,30.173978805541992
2015-05-22,30.20318603515625
2015-05-26,29.87214469909668
2015-05-27,30.1837158203125
2015-05-28,30.13503646850586
2015-05-29,30.037668228149414
2015-06-01,30.105819702148438
2015-06-02,30.086345672607422
2015-06-03,30.251867294311523
2015-06-04,29.95977210998535
2015-06-05,30.076610565185547
2015-06-08,29.862403869628906
2015-06-09,29.716358184814453
2015-06-10,30.027931213378906
2015-06-11,30.164243698120117
2015-06-12,30.173978805541992
2015-06-15,30.0181884765625
2015-06-16,30.242137908935547
2015-06-17,30.290813446044922
2015-06-18,30.651077270507812
2015-06-19,30.660810470581055
2015-06-22,30.748443603515625
2015-06-23,30.80685806274414
2015-06-24,30.422080993652344
2015-06-25,30.441564559936523
2015-06-26,30.4512996673584
2015-06-29,29.81812286376953
2015-06-30,29.954498291015625
2015-07-01,30.120101928710938
2015-07-02,30.042173385620117
2015-07-06,29.866823196411133
2015-07-07,30.081134796142578
2015-07-08,29.671998977661133
2015-07-09,29.779150009155273
2015-07-10,30.178550720214844
2015-07-13,30.461050033569336
2015-07-14,30.64613151550293
2015-07-15,30.52923583984375
2015-07-16,30.67535972595215
2015-07-17,30.49026870727539
2015-07-20,30.587688446044922
2015-07-21,30.383113861083984
2015-07-22,30.558456420898438
2015-07-23,30.344148635864258
2015-07-24,30.09087562561035
2015-07-27,29.788896560668945
2015-07-28,30.09087562561035
2015-07-29,30.353897094726562
2015-07-30,30.402599334716797
2015-07-31,30.50975227355957
2015-08-03,30.412338256835938
2015-08-04,30.431819915771484
2015-08-05,30.607166290283203
2015-08-06,29.983726501464844
2015-08-07,29.925275802612305
2015-08-10,30.36363983154297
2015-08-11,30.003204345703125
2015-08-12,29.827861785888672
2015-08-13,29.9155330657959
2015-08-14,30.18829345703125
2015-08-17,30.48053550720215
2015-08-18,30.266218185424805
2015-08-19,30.02269172668457
2015-08-20,29.087526321411133
2015-08-21,28.30821418762207
2015-08-24,27.30486488342285
2015-08-25,27.236675262451172
2015-08-26,27.869863510131836
2015-08-27,28.298479080200195
2015-08-28,28.55175018310547
2015-08-31,28.278993606567383
2015-09-01,27.47046661376953
2015-09-02,27.899084091186523
2015-09-03,28.152355194091797
2015-09-04,27.860122680664062
2015-09-08,28.658903121948242
2015-09-09,28.376407623291016
2015-09-10,28.395891189575195
2015-09-11,28.590715408325195
2015-09-14,28.51279067993164
2015-09-15,28.853736877441406
2015-09-16,29.04855728149414
2015-09-17,29.097267150878906
2015-09-18,28.64916229248047
2015-09-21,28.863473892211914
2015-09-22,28.444597244262695
2015-09-23,28.434852600097656
2015-09-24,28.19123649597168
2015-09-25,28.093793869018555
2015-09-28,27.138813018798828
2015-09-29,26.914690017700195
2015-09-30,27.401920318603516
2015-10-01,27.304471969604492
2015-10-02,27.665027618408203
2015-10-05,28.142515182495117
2015-10-06,27.830684661865234
2015-10-07,28.17174530029297
2015-10-08,28.38612937927246
2015-10-09,28.493318557739258
2015-10-12,28.62000274658203
2015-10-13,28.28868293762207
2015-10-14,27.957366943359375
2015-10-15,28.376380920410156
2015-10-16,28.473833084106445
2015-10-19,28.668720245361328
2015-10-20,28.62000274658203
2015-10-21,28.337406158447266
2015-10-22,28.434852600097656
2015-10-23,28.464086532592773
2015-10-26,28.53230094909668
2015-10-27,28.405622482299805
2015-10-28,28.824642181396484
2015-10-29,28.707700729370117
2015-10-30,28.678466796875
2015-11-02,28.9610652923584
2015-11-03,28.89285659790039
2015-11-04,28.80514907836914
2015-11-05,28.912342071533203
2015-11-06,28.8538761138916
2015-11-09,28.581024169921875
2015-11-10,28.756427764892578
2015-11-11,28.717439651489258
2015-11-12,28.152257919311523
2015-11-13,27.840431213378906
2015-11-16,28.17174530029297
2015-11-17,28.181493759155273
2015-11-18,28.53230094909668
2015-11-19,28.59076690673828
2015-11-20,28.727188110351562
2015-11-23,28.873361587524414
2015-11-24,28.97081184387207
2015-11-25,29.068256378173828
2015-11-27,29.19493293762207
2015-11-30,28.97081184387207
2015-12-01,29.253402709960938
2015-12-02,29.078006744384766
2015-12-03,28.41536521911621
2015-12-04,28.8538761138916
2015-12-07,28.727188110351562
2015-12-08,28.697956085205078
2015-12-09,28.259449005126953
2015-12-10,28.28868293762207
2015-12-11,27.91838836669922
2015-12-14,27.898897171020508
2015-12-15,28.16200065612793
2015-12-16,28.473833084106445
2015-12-17,28.152257919311523
2015-12-18,27.850173950195312
2015-12-21,27.937881469726562
2015-12-22,28.17174530029297
2015-12-23,28.402008056640625
2015-12-24,28.402008056640625
2015-12-28,28.489818572998047
2015-12-29,28.684951782226562
2015-12-30,28.450796127319336
2015-12-31,28.138580322265625
2016-01-04,27.631221771240234
2016-01-05,27.68975830078125
2016-01-06,27.445844650268555
2016-01-07,26.840919494628906
2016-01-08,26.48967933654785
2016-01-11,26.372596740722656
2016-01-12,26.714078903198242
2016-01-13,25.88475799560547
2016-01-14,26.196977615356445
2016-01-15,25.80670738220215
2016-01-19,25.728649139404297
2016-01-20,25.699382781982422
2016-01-21,25.757915496826172
2016-01-22,26.187219619750977
2016-01-25,25.79694938659668
2016-01-26,26.21648597717285
2016-01-27,25.835969924926758
2016-01-28,25.77743148803711
2016-01-29,26.597000122070312
2016-02-01,26.636032104492188
2016-02-02,26.031110763549805
2016-02-03,25.953060150146484
2016-02-04,25.97256851196289
2016-02-05,25.270076751708984
2016-02-08,24.684669494628906
2016-02-09,24.821269989013672
2016-02-10,24.987131118774414
2016-02-11,24.87980842590332
2016-02-12,25.113967895507812
2016-02-16,25.631080627441406
2016-02-17,25.88475799560547
2016-02-18,25.67986488342285
2016-02-19,25.787187576293945
2016-02-22,26.09940528869629
2016-02-23,25.953060150146484
2016-02-24,26.15794563293457
2016-02-25,26.48967933654785
2016-02-26,26.51894760131836
2016-02-29,26.401872634887695
2016-03-01,26.928735733032227
2016-03-02,27.036056518554688
2016-03-03,27.270227432250977
2016-03-04,27.319002151489258
2016-03-07,27.299489974975586
2016-03-08,27.065330505371094
2016-03-09,27.094600677490234
2016-03-10,26.918973922729492
2016-03-11,27.377548217773438
2016-03-14,27.338520050048828
2016-03-15,27.192167282104492
2016-03-16,27.397058486938477
2016-03-17,27.553165435791016
2016-03-18,27.748306274414062
2016-03-21,27.650733947753906
2016-03-22,27.71903419494629
2016-03-23,27.531587600708008
2016-03-24,27.521821975708008
2016-03-28,27.60968589782715
2016-03-29,28.22475814819336
2016-03-30,28.156415939331055
2016-03-31,28.18570899963379
2016-04-01,28.400487899780273
2016-04-04,28.195466995239258
2016-04-05,27.922107696533203
2016-04-06,28.312623977661133
2016-04-07,28.000205993652344
2016-04-08,28.136884689331055
2016-04-11,27.970918655395508
2016-04-12,28.166179656982422
2016-04-13,28.51764488220215
2016-04-14,28.468830108642578
2016-04-15,28.54693603515625
2016-04-18,28.703142166137695
2016-04-19,28.712905883789062
2016-04-20,28.67385482788086
2016-04-21,28.302858352661133
2016-04-22,28.488357543945312
2016-04-25,28.361440658569336
2016-04-26,28.615276336669922
2016-04-27,28.742197036743164
2016-04-28,28.44930076599121
2016-04-29,28.195466995239258
2016-05-02,28.507883071899414
2016-05-03,28.156415939331055
2016-05-04,28.078310012817383
2016-05-05,28.117361068725586
2016-05-06,28.21499252319336
2016-05-09,28.410255432128906
2016-05-10,28.595746994018555
2016-05-11,28.312623977661133
2016-05-12,28.302858352661133
2016-05-13,28.12712287902832
2016-05-16,28.37119483947754
2016-05-17,27.970918655395508
2016-05-18,27.912343978881836
2016-05-19,27.775663375854492
2016-05-20,28.05878448486328
2016-05-23,28.02950096130371
2016-05-24,28.56646156311035
2016-05-25,28.644567489624023
2016-05-26,28.712905883789062
2016-05-27,28.878875732421875
2016-05-31,28.888639450073242
2016-06-01,29.035083770751953
2016-06-02,29.2010555267334
2016-06-03,29.093660354614258
2016-06-06,29.19129180908203
2016-06-07,29.288917541503906
2016-06-08,29.40608024597168
2016-06-09,29.40608024597168
2016-06-10,29.025318145751953
2016-06-13,28.732431411743164
2016-06-14,28.703142166137695
2016-06-15,28.771482467651367
2016-06-16,28.7519588470459
2016-06-17,28.634798049926758
2016-06-20,28.878875732421875
2016-06-21,28.878875732421875
2016-06-22,28.839818954467773
2016-06-23,29.249874114990234
2016-06-24,28.410255432128906
2016-06-27,27.814712524414062
2016-06-28,28.2833309173584
2016-06-29,28.80077362060547
2016-06-30,29.308443069458008
2016-07-01,29.259632110595703
2016-07-05,29.074138641357422
2016-07-06,29.210817337036133
2016-07-07,29.2401065826416
2016-07-08,29.71849250793457
2016-07-11,29.894224166870117
2016-07-12,30.040672302246094
2016-07-13,29.952804565429688
2016-07-14,29.91374969482422
2016-07-15,29.864931106567383
2016-07-18,29.952804565429688
2016-07-19,29.90398597717285
2016-07-20,30.089487075805664
2016-07-21,29.952804565429688
2016-07-22,30.196874618530273
2016-07-25,30.060195922851562
2016-07-26,30.196874618530273
2016-07-27,30.148061752319336
2016-07-28,30.343324661254883
2016-07-29,30.480003356933594
2016-08-01,30.470239639282227
2016-08-02,30.138303756713867
2016-08-03,30.148061752319336
2016-08-04,30.284744262695312
2016-08-05,30.509294509887695
2016-08-08,30.440950393676758
2016-08-09,30.450716018676758
2016-08-10,30.42142677307129
2016-08-11,30.440950393676758
2016-08-12,30.440950393676758
2016-08-15,30.606924057006836
2016-08-16,30.235929489135742
2016-08-17,30.235929489135742
2016-08-18,30.39213752746582
2016-08-19,30.382373809814453
2016-08-22,30.480003356933594
2016-08-23,30.636213302612305
2016-08-24,30.36284637451172
2016-08-25,30.440950393676758
2016-08-26,30.353086471557617
2016-08-29,30.606924057006836
2016-08-30,30.480003356933594
2016-08-31,30.489768981933594
2016-09-01,30.52882194519043
2016-09-02,30.80217742919922
2016-09-06,30.851001739501953
2016-09-07,30.958389282226562
2016-09-08,30.772890090942383
2016-09-09,29.83564567565918
2016-09-12,30.167587280273438
2016-09-13,29.640390396118164
2016-09-14,29.65015411376953
2016-09-15,29.972332000732422
2016-09-16,29.93327522277832
2016-09-19,30.099246978759766
2016-09-20,30.030908584594727
2016-09-21,30.301578521728516
2016-09-22,30.64358139038086
2016-09-23,30.48723793029785
2016-09-26,30.350433349609375
2016-09-27,30.24295425415039
2016-09-28,30.41883659362793
2016-09-29,30.15500831604004
2016-09-30,30.291805267333984
2016-10-03,29.959571838378906
2016-10-04,29.773914337158203
2016-10-05,29.773914337158203
2016-10-06,29.79345703125
2016-10-07,29.67620277404785
2016-10-10,29.949800491333008
2016-10-11,29.35373878479004
2016-10-12,29.373281478881836
2016-10-13,29.30487632751465
2016-10-14,29.187620162963867
2016-10-17,29.10944938659668
2016-10-18,29.285337448120117
2016-10-19,29.461223602294922
2016-10-20,29.343969345092773
2016-10-21,29.334190368652344
2016-10-24,29.470991134643555
2016-10-25,29.20716094970703
2016-10-26,28.7967586517334
2016-10-27,28.454753875732422
2016-10-28,28.454753875732422
2016-10-31,28.611101150512695
2016-11-01,28.35703468322754
2016-11-02,27.936864852905273
2016-11-03,27.89777183532715
2016-11-04,27.95640754699707
2016-11-07,28.601327896118164
2016-11-08,28.66973114013672
2016-11-09,29.08013153076172
2016-11-10,28.94333267211914
2016-11-11,29.236478805541992
2016-11-14,29.588254928588867
2016-11-15,29.910715103149414
2016-11-16,29.93025779724121
2016-11-17,30.164779663085938
2016-11-18,30.1843204498291
2016-11-21,30.438379287719727
2016-11-22,30.633811950683594
2016-11-23,30.770614624023438
2016-11-25,30.89764404296875
2016-11-28,30.69243812561035
2016-11-29,30.653352737426758
2016-11-30,30.5849552154541
2016-12-01,30.076831817626953
2016-12-02,30.26249122619629
2016-12-05,30.6044979095459
2016-12-06,30.917186737060547
2016-12-07,31.210338592529297
2016-12-08,31.552331924438477
2016-12-09,31.395994186401367
2016-12-12,31.151702880859375
2016-12-13,31.278732299804688
2016-12-14,30.907413482666016
2016-12-15,30.966045379638672
2016-12-16,30.936723709106445
2016-12-19,31.132160186767578
2016-12-20,31.268959045410156
2016-12-21,31.18560218811035
2016-12-22,30.920822143554688
2016-12-23,31.077728271484375
2016-12-27,31.215023040771484
2016-12-28,30.871784210205078
2016-12-29,30.95023536682129
2016-12-30,30.783523559570312
2017-01-03,30.9698543548584
2017-01-04,31.440582275390625
2017-01-05,31.30328369140625
2017-01-06,31.273862838745117
2017-01-09,31.175796508789062
2017-01-10,31.411155700683594
2017-01-11,31.420969009399414
2017-01-12,31.33270835876465
2017-01-13,31.597496032714844
2017-01-17,31.205215454101562
2017-01-18,31.36212730407715
2017-01-19,31.156187057495117
2017-01-20,31.24444580078125
2017-01-23,31.24444580078125
2017-01-24,31.715167999267578
2017-01-25,31.940723419189453
2017-01-26,31.921110153198242
2017-01-27,31.764198303222656
2017-01-30,31.528841018676758
2017-01-31,31.62691307067871
2017-02-01,31.64652442932129
2017-02-02,31.62691307067871
2017-02-03,32.068214416503906
2017-02-06,31.862268447875977
2017-02-07,31.832849502563477
2017-02-08,31.930917739868164
2017-02-09,32.29376983642578
2017-02-10,32.44087219238281
2017-02-13,32.431068420410156
2017-02-14,32.55855178833008
2017-02-15,32.77429962158203
2017-02-16,32.74488830566406
2017-02-17,32.81352615356445
2017-02-21,33.0881233215332
2017-02-22,32.941009521484375
2017-02-23,32.75468826293945
2017-02-24,32.705650329589844
2017-02-27,32.99005126953125
2017-02-28,32.597782135009766
2017-03-01,33.195987701416016
2017-03-02,32.823333740234375
2017-03-03,32.86256408691406
2017-03-06,32.74488830566406
2017-03-07,32.538944244384766
2017-03-08,32.3329963684082
2017-03-09,32.195701599121094
2017-03-10,32.391841888427734
2017-03-13,32.54874038696289
2017-03-14,32.391841888427734
2017-03-15,32.882179260253906
2017-03-16,32.852760314941406
2017-03-17,32.941009521484375
2017-03-20,32.77429962158203
2017-03-21,32.26435852050781
2017-03-22,32.15648651123047
2017-03-23,32.225128173828125
2017-03-24,32.29376983642578
2017-03-27,32.35261154174805
2017-03-28,32.519325256347656
2017-03-29,32.61739730834961
2017-03-30,32.69585037231445
2017-03-31,32.83314895629883
2017-04-03,32.60758590698242
2017-04-04,32.45068359375
2017-04-05,32.2447395324707
2017-04-06,32.372222900390625
2017-04-07,32.460472106933594
2017-04-10,32.41145324707031
2017-04-11,32.49971389770508
2017-04-12,32.107444763183594
2017-04-13,31.8426570892334
2017-04-17,32.2153205871582
2017-04-18,32.234928131103516
2017-04-19,32.4212646484375
2017-04-20,32.882179260253906
2017-04-21,32.77429962158203
2017-04-24,33.284244537353516
2017-04-25,33.470584869384766
2017-04-26,33.50981140136719
2017-04-27,33.578460693359375
2017-04-28,33.284244537353516
2017-05-01,33.55884552001953
2017-05-02,33.431358337402344
2017-05-03,33.284244537353516
2017-05-04,33.30386734008789
2017-05-05,33.519615173339844
2017-05-08,33.31367874145508
2017-05-09,33.30386734008789
2017-05-10,33.48039627075195
2017-05-11,33.294063568115234
2017-05-12,33.18619155883789
2017-05-15,33.52942657470703
2017-05-16,33.60788345336914
2017-05-17,32.77429962158203
2017-05-18,32.77429962158203
2017-05-19,32.96063232421875
2017-05-22,33.18619155883789
2017-05-23,33.372520446777344
2017-05-24,33.40193557739258
2017-05-25,33.52942657470703
2017-05-26,33.470584869384766
2017-05-30,33.32347869873047
2017-05-31,33.34309768676758
2017-06-01,33.79420852661133
2017-06-02,33.98053741455078
2017-06-05,33.9903450012207
2017-06-06,33.87266159057617
2017-06-07,34.00996017456055
2017-06-08,34.41203689575195
2017-06-09,34.166866302490234
2017-06-12,33.96092224121094
2017-06-13,34.255130767822266
2017-06-14,34.06880569458008
2017-06-15,33.90209197998047
2017-06-16,33.91189193725586
2017-06-19,34.46107482910156
2017-06-20,34.000144958496094
2017-06-21,33.91189193725586
2017-06-22,33.91091537475586
2017-06-23,34.08757400512695
2017-06-26,34.10721206665039
2017-06-27,33.704795837402344
2017-06-28,34.205352783203125
2017-06-29,33.85202407836914
2017-06-30,33.9305419921875
2017-07-03,34.01887512207031
2017-07-05,34.0974006652832
2017-07-06,33.65572738647461
2017-07-07,34.028690338134766
2017-07-10,34.009063720703125
2017-07-11,34.15628433227539
2017-07-12,34.499813079833984
2017-07-13,34.45072937011719
2017-07-14,34.61759567260742
2017-07-17,34.55869674682617
2017-07-18,34.50962448120117
2017-07-19,34.81389236450195
2017-07-20,34.833518981933594
2017-07-21,34.65685272216797
2017-07-24,34.94147872924805
2017-07-25,35.088706970214844
2017-07-26,34.97092819213867
2017-07-27,34.578338623046875
2017-07-28,34.50962448120117
2017-07-31,34.38203430175781
2017-08-01,34.6077766418457
2017-08-02,34.234806060791016
2017-08-03,34.16610336303711
2017-08-04,34.27406311035156
2017-08-07,34.470367431640625
2017-08-08,34.362403869628906
2017-08-09,34.04832077026367
2017-08-10,33.36127853393555
2017-08-11,33.59682846069336
2017-08-14,34.1464729309082
2017-08-15,34.0974006652832
2017-08-16,34.10721206665039
2017-08-17,33.54774856567383
2017-08-18,33.577205657958984
2017-08-21,33.518310546875
2017-08-22,33.99924850463867
2017-08-23,33.959983825683594
2017-08-24,33.920719146728516
2017-08-25,33.90109634399414
2017-08-28,33.96979522705078
2017-08-29,33.9796142578125
2017-08-30,34.362403869628906
2017-08-31,34.7550048828125
2017-09-01,34.93166732788086
2017-09-05,34.50962448120117
2017-09-06,34.48999786376953
2017-09-07,34.264251708984375
2017-09-08,34.28388977050781
2017-09-11,34.76481246948242
2017-09-12,34.93166732788086
2017-09-13,34.86296844482422
2017-09-14,34.725555419921875
2017-09-15,34.81389236450195
2017-09-18,35.0494499206543
2017-09-19,35.186866760253906
2017-09-20,35.17704772949219
2017-09-21,35.24282455444336
2017-09-22,35.32135772705078
2017-09-25,35.03666305541992
2017-09-26,35.15447235107422
2017-09-27,35.694400787353516
2017-09-28,35.76312255859375
2017-09-29,35.880924224853516
2017-10-02,36.14597702026367
2017-10-03,36.23434066772461
2017-10-04,36.33250045776367
2017-10-05,36.48957061767578
2017-10-06,36.55829620361328
2017-10-09,36.53866195678711
2017-10-10,36.56810760498047
2017-10-11,36.56810760498047
2017-10-12,36.67609405517578
2017-10-13,36.685909271240234
2017-10-16,36.715354919433594
2017-10-17,36.6171989440918
2017-10-18,36.803714752197266
2017-10-19,36.74482345581055
2017-10-20,37.000064849853516
2017-10-23,36.901885986328125
2017-10-24,37.02950668334961
2017-10-25,36.725189208984375
2017-10-26,36.98042297363281
2017-10-27,37.31419372558594
2017-10-30,37.0393180847168
2017-10-31,37.40254211425781
2017-11-01,37.058956146240234
2017-11-02,37.19639205932617
2017-11-03,37.5694465637207
2017-11-06,37.63816452026367
2017-11-07,37.35346221923828
2017-11-08,37.4810905456543
2017-11-09,37.04914474487305
2017-11-10,37.25530242919922
2017-11-13,37.33382797241211
2017-11-14,37.235660552978516
2017-11-15,37.0393180847168
2017-11-16,37.55961990356445
2017-11-17,37.67741394042969
2017-11-20,38.0406494140625
2017-11-21,38.42351150512695
2017-11-22,38.33516311645508
2017-11-24,38.33516311645508
2017-11-27,38.07992172241211
2017-11-28,38.629661560058594
2017-11-29,38.276268005371094
2017-11-30,38.502044677734375
2017-12-01,38.207542419433594
2017-12-04,37.922847747802734
2017-12-05,37.75596618652344
2017-12-06,37.80504608154297
2017-12-07,38.276268005371094
2017-12-08,38.236995697021484
2017-12-11,38.207542419433594
2017-12-12,38.07992172241211
2017-12-13,38.1093635559082
2017-12-14,37.91303253173828
2017-12-15,38.36461639404297
2017-12-18,38.688568115234375
2017-12-19,38.619850158691406
2017-12-20,38.6983757019043
2017-12-21,38.6551513671875
2017-12-22,38.66496658325195
2017-12-26,38.59617233276367
2017-12-27,38.714115142822266
2017-12-28,38.74359130859375
2017-12-29,38.517547607421875
2018-01-02,38.78291702270508
2018-01-03,39.15638732910156
2018-01-04,39.264503479003906
2018-01-05,39.53970718383789
2018-01-08,39.72643280029297
2018-01-09,39.716609954833984
2018-01-10,39.65764617919922
2018-01-11,40.0704345703125
2018-01-12,40.267005920410156
2018-01-16,39.93283462524414
2018-01-17,40.3751106262207
2018-01-18,40.31614685058594
2018-01-19,40.787906646728516
2018-01-22,41.190879821777344
2018-01-23,41.35795974731445
2018-01-24,41.22035217285156
2018-01-25,41.17121505737305
2018-01-26,41.485721588134766
2018-01-29,41.34812545776367
2018-01-30,40.90584945678711
2018-01-31,40.68962097167969
2018-02-01,40.846885681152344
2018-02-02,40.1097526550293
2018-02-05,38.7337646484375
2018-02-06,39.176048278808594
2018-02-07,39.39227294921875
2018-02-08,37.74110794067383
2018-02-09,38.212860107421875
2018-02-12,38.53719711303711
2018-02-13,38.684627532958984
2018-02-14,39.69695281982422
2018-02-15,40.050777435302734
2018-02-16,40.13922882080078
2018-02-20,39.88369369506836
2018-02-21,39.864036560058594
2018-02-22,39.716609954833984
2018-02-23,40.247344970703125
2018-02-26,40.4930534362793
2018-02-27,40.01145553588867
2018-02-28,39.608497619628906
2018-03-01,39.48072052001953
2018-03-02,39.82472229003906
2018-03-05,40.3751106262207
2018-03-06,40.69945526123047
2018-03-07,41.03361511230469
2018-03-08,41.16138458251953
2018-03-09,41.85920333862305
2018-03-12,41.928001403808594
2018-03-13,41.593833923339844
2018-03-14,41.58400344848633
2018-03-15,41.475894927978516
2018-03-16,41.603668212890625
2018-03-19,41.16138458251953
2018-03-20,41.40709686279297
2018-03-21,41.574188232421875
2018-03-22,40.4537467956543
2018-03-23,39.72643280029297
2018-03-26,40.4144287109375
2018-03-27,39.65764617919922
2018-03-28,39.45124816894531
2018-03-29,40.040950775146484
2018-04-02,38.95982360839844
2018-04-03,39.264503479003906
2018-04-04,39.91318130493164
2018-04-05,40.060611724853516
2018-04-06,39.077762603759766
2018-04-09,39.20552444458008
2018-04-10,39.95249557495117
2018-04-11,39.893516540527344
2018-04-12,40.35546875
2018-04-13,40.00163650512695
2018-04-16,40.3947639465332
2018-04-17,41.03361511230469
2018-04-18,41.15155792236328
2018-04-19,40.758426666259766
2018-04-20,40.53236770629883
2018-04-23,40.4537467956543
2018-04-24,39.82472229003906
2018-04-25,39.755924224853516
2018-04-26,40.17854690551758
2018-04-27,39.981971740722656
2018-04-30,39.66746139526367
2018-05-01,39.81489944458008
2018-05-02,40.01145553588867
2018-05-03,39.82472229003906
2018-05-04,40.44391632080078
2018-05-07,40.876365661621094
2018-05-08,41.082767486572266
2018-05-09,41.466068267822266
2018-05-10,41.96731185913086
2018-05-11,42.00663757324219
2018-05-14,41.85920333862305
2018-05-15,41.780574798583984
2018-05-16,42.08525466918945
2018-05-17,42.321136474609375
2018-05-18,42.360450744628906
2018-05-21,42.527530670166016
2018-05-22,42.05577087402344
2018-05-23,42.18354034423828
2018-05-24,42.1933708190918
2018-05-25,42.134403228759766
2018-05-29,42.02627944946289
2018-05-30,42.59634017944336
2018-05-31,42.252342224121094
2018-06-01,42.74376678466797
2018-06-04,43.06809997558594
2018-06-05,43.33346939086914
2018-06-06,43.69711685180664
2018-06-07,43.372779846191406
2018-06-08,43.657798767089844
2018-06-11,43.69711685180664
2018-06-12,44.02145767211914
2018-06-13,43.952659606933594
2018-06-14,44.13939666748047
2018-06-15,44.109920501708984
2018-06-18,44.25733184814453
2018-06-19,44.22785568237305
2018-06-20,44.47356033325195
2018-06-21,43.96247863769531
2018-06-22,43.61848831176758
2018-06-25,42.5373649597168
2018-06-26,42.87152862548828
2018-06-27,42.08525466918945
2018-06-28,42.4783935546875
2018-06-29,42.58650588989258
2018-07-02,42.68478775024414
2018-07-03,42.60615921020508
2018-07-05,43.02878189086914
2018-07-06,43.52020263671875
2018-07-09,43.9133415222168
2018-07-10,43.77573776245117
2018-07-11,43.628318786621094
2018-07-12,44.06077194213867
2018-07-13,44.06077194213867
2018-07-16,43.84455490112305
2018-07-17,44.22785568237305
2018-07-18,44.39493179321289
2018-07-19,44.4833869934082
2018-07-20,44.385108947753906
2018-07-23,44.34579086303711
2018-07-24,43.687286376953125
2018-07-25,44.10007858276367
2018-07-26,44.18853759765625
2018-07-27,43.33346939086914
2018-07-30,42.57667541503906
2018-07-31,43.04843521118164
2018-08-01,43.25483703613281
2018-08-02,43.9133415222168
2018-08-03,43.824886322021484
2018-08-06,44.10007858276367
2018-08-07,44.25733184814453
2018-08-08,44.18853759765625
2018-08-09,44.26716232299805
2018-08-10,44.178707122802734
2018-08-13,43.874027252197266
2018-08-14,44.34579086303711
2018-08-15,43.834712982177734
2018-08-16,44.08042907714844
2018-08-17,44.26716232299805
2018-08-20,44.49321365356445
2018-08-21,44.856868743896484
2018-08-22,45.14189147949219
2018-08-23,45.20086669921875
2018-08-24,45.417091369628906
2018-08-27,45.65296936035156
2018-08-28,45.8200569152832
2018-08-29,46.01661682128906
2018-08-30,45.8593635559082
2018-08-31,46.07559585571289
2018-09-04,46.173885345458984
2018-09-05,45.662803649902344
2018-09-06,45.43674850463867
2018-09-07,45.525203704833984
2018-09-10,45.78073501586914
2018-09-11,46.05594253540039
2018-09-12,46.11491012573242
2018-09-13,46.134559631347656
2018-09-14,46.31147766113281
2018-09-17,45.40726089477539
2018-09-18,45.682464599609375
2018-09-19,45.240169525146484
2018-09-20,45.525203704833984
2018-09-21,45.367942810058594
2018-09-24,45.397430419921875
2018-09-25,45.5153694152832
2018-09-26,45.25983810424805
2018-09-27,45.32863235473633
2018-09-28,45.48588180541992
2018-10-01,45.06326675415039
2018-10-02,44.532527923583984
2018-10-03,44.75859069824219
2018-10-04,43.933006286621094
2018-10-05,43.52020263671875
2018-10-08,42.959983825683594
2018-10-09,42.77324676513672
2018-10-10,41.10240936279297
2018-10-11,40.35546875
2018-10-12,41.16138458251953
2018-10-15,41.141727447509766
2018-10-16,42.27199935913086
2018-10-17,42.1737174987793
2018-10-18,41.446407318115234
2018-10-19,40.846885681152344
2018-10-22,40.915672302246094
2018-10-23,40.36528778076172
2018-10-24,38.62565994262695
2018-10-25,39.47090148925781
2018-10-26,38.900856018066406
2018-10-29,38.262001037597656
2018-10-30,39.3234748840332
2018-10-31,39.79523849487305
2018-11-01,40.640480041503906
2018-11-02,40.424259185791016
2018-11-05,40.247344970703125
2018-11-06,40.44391632080078
2018-11-07,41.76091766357422
2018-11-08,41.32847213745117
2018-11-09,40.7191162109375
2018-11-12,39.54952621459961
2018-11-13,39.382442474365234
2018-11-14,39.00896072387695
2018-11-15,39.53970718383789
2018-11-16,39.59867477416992
2018-11-19,38.320980072021484
2018-11-20,37.505218505859375
2018-11-21,38.07526779174805
2018-11-23,38.183372497558594
2018-11-26,38.79273986816406
2018-11-27,38.586341857910156
2018-11-28,39.942665100097656
2018-11-29,39.981971740722656
2018-11-30,40.3947639465332
2018-12-03,40.96482849121094
2018-12-04,39.19570541381836
2018-12-06,39.028621673583984
2018-12-07,38.026126861572266
2018-12-10,38.0654411315918
2018-12-11,38.04578399658203
2018-12-12,38.34062957763672
2018-12-13,37.829551696777344
2018-12-14,37.141563415527344
2018-12-17,35.92284393310547
2018-12-18,36.10084533691406
2018-12-19,35.61896896362305
2018-12-20,34.65522766113281
2018-12-21,33.50464630126953
2018-12-24,32.86543273925781
2018-12-26,34.95024871826172
2018-12-27,35.166603088378906
2018-12-28,35.06826400756836
2018-12-31,35.61896896362305
2019-01-02,35.53047561645508
2019-01-03,34.52738952636719
2019-01-04,36.120506286621094
2019-01-07,36.946571350097656
2019-01-08,37.61528396606445
2019-01-09,37.939815521240234
2019-01-10,37.98897933959961
2019-01-11,38.205322265625
2019-01-14,37.920143127441406
2019-01-15,38.37251281738281
2019-01-16,38.58885192871094
2019-01-17,39.00188446044922
2019-01-18,39.4149169921875
2019-01-22,38.8543815612793
2019-01-23,38.942874908447266
2019-01-24,39.27723693847656
2019-01-25,39.700103759765625
2019-01-28,39.5919303894043
2019-01-29,39.51325225830078
2019-01-30,39.788604736328125
2019-01-31,40.3294792175293
2019-02-01,40.61467361450195
2019-02-04,40.84086227416992
2019-02-05,41.1850471496582
2019-02-06,41.14570999145508
2019-02-07,40.72285079956055
2019-02-08,41.00803756713867
2019-02-11,41.2047233581543
2019-02-12,41.725921630859375
2019-02-13,41.922611236572266
2019-02-14,42.040618896484375
2019-02-15,42.286460876464844
2019-02-19,42.35529708862305
2019-02-20,42.138946533203125
2019-02-21,41.981605529785156
2019-02-22,42.630653381347656
2019-02-25,42.67983627319336
2019-02-26,42.48313903808594
2019-02-27,42.7486686706543
2019-02-28,42.66999053955078
2019-03-01,42.994510650634766
2019-03-04,42.47331237792969
2019-03-05,42.29629898071289
2019-03-06,41.6964225769043
2019-03-07,41.332557678222656
2019-03-08,41.29322814941406
2019-03-11,42.15862274169922
2019-03-12,42.178287506103516
2019-03-13,42.42414093017578
2019-03-14,42.66999053955078
2019-03-15,42.56181716918945
2019-03-18,42.68965530395508
2019-03-19,42.5716552734375
2019-03-20,42.47331237792969
2019-03-21,43.18136215209961
2019-03-22,41.77508544921875
2019-03-25,41.90293884277344
2019-03-26,42.14878845214844
2019-03-27,41.75542068481445
2019-03-28,42.335636138916016
2019-03-29,42.48313903808594
2019-04-01,42.87650680541992
2019-04-02,42.974849700927734
2019-04-03,43.220703125
2019-04-04,43.10269546508789
2019-04-05,43.31904602050781
2019-04-08,43.42721176147461
2019-04-09,42.994510650634766
2019-04-10,43.604225158691406
2019-04-11,43.56488800048828
2019-04-12,43.68289566040039
2019-04-15,43.712398529052734
2019-04-16,43.456722259521484
2019-04-17,42.945343017578125
2019-04-18,42.994510650634766
2019-04-22,43.07318115234375
2019-04-23,43.83041763305664
2019-04-24,43.79106521606445
2019-04-25,43.78123092651367
2019-04-26,44.125431060791016
2019-04-29,44.204105377197266
2019-04-30,44.14509963989258
2019-05-01,43.584564208984375
2019-05-02,43.78123092651367
2019-05-03,44.5384635925293
2019-05-06,44.52862548828125
2019-05-07,43.3780517578125
2019-05-08,43.584564208984375
2019-05-09,43.49605941772461
2019-05-10,43.48622512817383
2019-05-13,42.168453216552734
2019-05-14,42.80766296386719
2019-05-15,42.935508728027344
2019-05-16,43.53538513183594
2019-05-17,43.092857360839844
2019-05-20,42.66999053955078
2019-05-21,43.29936218261719
2019-05-22,43.12236022949219
2019-05-23,42.26679992675781
2019-05-24,42.896175384521484
2019-05-28,42.463478088378906
2019-05-29,42.020938873291016
2019-05-30,42.22745132446289
2019-05-31,41.961936950683594
2019-06-03,41.598087310791016
2019-06-04,42.79783630371094
2019-06-05,43.21086120605469
2019-06-06,43.47637939453125
2019-06-07,43.79106521606445
2019-06-10,44.06643295288086
2019-06-11,43.918914794921875
2019-06-12,44.115596771240234
2019-06-13,44.29261016845703
2019-06-14,43.9582633972168
2019-06-17,44.449954986572266
2019-06-18,44.8531608581543
2019-06-19,45.167842864990234
2019-06-20,45.413700103759766
2019-06-21,45.010498046875
2019-06-24,44.42045211791992
2019-06-25,43.92875289916992
2019-06-26,43.59440612792969
2019-06-27,44.33195114135742
2019-06-28,44.479461669921875
2019-07-01,44.94165802001953
2019-07-02,44.951499938964844
2019-07-03,45.45302963256836
2019-07-05,45.58087158203125
2019-07-08,45.28585433959961
2019-07-09,45.47270202636719
2019-07-10,45.58087158203125
2019-07-11,45.63987731933594
2019-07-12,45.96440124511719
2019-07-15,45.89556121826172
2019-07-16,45.79722213745117
2019-07-17,45.58087158203125
2019-07-18,45.87590026855469
2019-07-19,45.56121063232422
2019-07-22,45.63987731933594
2019-07-23,45.73820877075195
2019-07-24,46.43644332885742
2019-07-25,46.07257843017578
2019-07-26,46.49543380737305
2019-07-29,45.87590026855469
2019-07-30,46.229923248291016
2019-07-31,45.75788497924805
2019-08-01,45.50220489501953
2019-08-02,45.05967330932617
2019-08-05,43.64356231689453
2019-08-06,44.31228256225586
2019-08-07,44.6761474609375
2019-08-08,45.67921447753906
2019-08-09,45.28585433959961
2019-08-12,44.56797409057617
2019-08-13,45.256351470947266
2019-08-14,43.918914794921875
2019-08-15,43.9385871887207
2019-08-16,44.715476989746094
2019-08-19,44.99082946777344
2019-08-20,44.75480651855469
2019-08-21,45.31535720825195
2019-08-22,45.3448600769043
2019-08-23,43.997589111328125
2019-08-26,44.63680648803711
2019-08-27,44.33195114135742
2019-08-28,44.66630172729492
2019-08-29,45.207183837890625
2019-08-30,45.02033233642578
2019-09-03,44.489288330078125
2019-09-04,45.02033233642578
2019-09-05,45.669376373291016
2019-09-06,45.35469055175781
2019-09-09,44.86299133300781
2019-09-10,44.4302864074707
2019-09-11,44.971160888671875
2019-09-12,45.08917236328125
2019-09-13,45.03999710083008
2019-09-16,45.22685241699219
2019-09-17,45.49237060546875
2019-09-18,45.266178131103516
2019-09-19,45.28585433959961
2019-09-20,45.08917236328125
2019-09-23,45.14817810058594
2019-09-24,44.36145782470703
2019-09-25,44.730430603027344
2019-09-26,44.3466911315918
2019-09-27,43.76615905761719
2019-09-30,44.03182601928711
2019-10-01,43.36274337768555
2019-10-02,42.81172180175781
2019-10-03,43.31354522705078
2019-10-04,43.87439727783203
2019-10-07,44.061344146728516
2019-10-08,43.264347076416016
2019-10-09,43.71696472167969
2019-10-10,43.87439727783203
2019-10-11,44.53364181518555
2019-10-14,44.40572738647461
2019-10-15,44.67140197753906
2019-10-16,44.53364181518555
2019-10-17,44.98625946044922
2019-10-18,44.76979446411133
2019-10-21,45.05513381958008
2019-10-22,44.730430603027344
2019-10-23,44.58283615112305
2019-10-24,44.78947067260742
2019-10-25,44.86818313598633
2019-10-28,45.24208450317383
2019-10-29,45.19289016723633
2019-10-30,45.14369201660156
2019-10-31,44.86818313598633
2019-11-01,45.44871520996094
2019-11-04,45.35032653808594
2019-11-05,45.0944938659668
2019-11-06,45.07481384277344
2019-11-07,44.759952545166016
2019-11-08,44.946903228759766
2019-11-11,45.23225021362305
2019-11-12,45.28144454956055
2019-11-13,45.37984085083008
2019-11-14,45.5471076965332
2019-11-15,45.88165283203125
2019-11-18,45.88165283203125
2019-11-19,46.275238037109375
2019-11-20,46.255558013916016
2019-11-21,45.9406852722168
2019-11-22,45.95053482055664
2019-11-25,46.7672119140625
2019-11-26,47.288700103759766
2019-11-27,47.43629837036133
2019-11-29,47.13127899169922
2019-12-02,46.462188720703125
2019-12-03,46.422828674316406
2019-12-04,46.639305114746094
2019-12-05,46.61962127685547
2019-12-06,47.032875061035156
2019-12-09,46.737693786621094
2019-12-10,46.590091705322266
2019-12-11,46.56058120727539
2019-12-12,46.55073928833008
2019-12-13,46.50834274291992
2019-12-16,46.84364318847656
2019-12-17,46.8535041809082
2019-12-18,46.84364318847656
2019-12-19,47.03101348876953
2019-12-20,47.395896911621094
2019-12-23,47.21839141845703
2019-12-24,47.395896911621094
2019-12-26,47.42548751831055
2019-12-27,47.395896911621094
2019-12-30,47.159217834472656
2019-12-31,47.20853042602539
2020-01-02,47.455074310302734
2020-01-03,47.36631774902344
2020-01-06,47.455074310302734
2020-01-07,47.464935302734375
2020-01-08,47.602996826171875
2020-01-09,47.81996154785156
2020-01-10,47.62272644042969
2020-01-13,48.07636642456055
2020-01-14,48.14539337158203
2020-01-15,48.30318832397461
2020-01-16,48.87517166137695
2020-01-17,48.786415100097656
2020-01-21,48.73710632324219
2020-01-22,48.90475845336914
2020-01-23,48.756832122802734
2020-01-24,48.253875732421875
2020-01-27,47.76079177856445
2020-01-28,48.35249328613281
2020-01-29,48.382083892822266
2020-01-30,48.46097946166992
2020-01-31,47.55369567871094
2020-02-03,48.125675201416016
2020-02-04,49.151302337646484
2020-02-05,49.18088912963867
2020-02-06,49.407711029052734
2020-02-07,48.786415100097656
2020-02-10,49.466880798339844
2020-02-11,49.71342468261719
2020-02-12,50.236106872558594
2020-02-13,50.324859619140625
2020-02-14,50.37417221069336
2020-02-18,50.31500244140625
2020-02-19,50.94615936279297
2020-02-20,50.78836441040039
2020-02-21,50.12763214111328
2020-02-24,48.677940368652344
2020-02-25,47.04087448120117
2020-02-26,46.52805709838867
2020-02-27,44.80224609375
2020-02-28,43.99358367919922
2020-03-02,45.46298599243164
2020-03-03,44.55569076538086
2020-03-04,46.19275665283203
2020-03-05,44.47679901123047
2020-03-06,43.697723388671875
2020-03-09,39.91078186035156
2020-03-10,41.232269287109375
2020-03-11,38.82597732543945
2020-03-12,35.00945281982422
2020-03-13,35.91674041748047
2020-03-16,32.23828125
2020-03-17,33.855628967285156
2020-03-18,31.37044334411621
2020-03-19,32.583457946777344
2020-03-20,31.616992950439453
2020-03-23,31.1238956451416
2020-03-24,34.26982116699219
2020-03-25,35.47296142578125
2020-03-26,37.21278381347656
2020-03-27,36.08841323852539
2020-03-30,37.0155143737793
2020-03-31,36.45333480834961
2020-04-01,34.19472122192383
2020-04-02,34.461029052734375
2020-04-03,33.533912658691406
2020-04-06,36.36456298828125
2020-04-07,36.36456298828125
2020-04-08,37.91305160522461
2020-04-09,38.95851516723633
2020-04-13,38.16948318481445
2020-04-14,39.49111557006836
2020-04-15,38.36674118041992
2020-04-16,38.7218132019043
2020-04-17,39.99412536621094
2020-04-20,39.90535354614258
2020-04-21,38.65276336669922
2020-04-22,39.3135871887207
2020-04-23,39.5009765625
2020-04-24,40.22096252441406
2020-04-27,41.503150939941406
2020-04-28,41.26643371582031
2020-04-29,42.736019134521484
2020-04-30,41.57219314575195
2020-05-01,40.20124816894531
2020-05-04,40.60562515258789
2020-05-05,41.41438674926758
2020-05-06,41.799034118652344
2020-05-07,42.479583740234375
2020-05-08,43.44614791870117
2020-05-11,44.09709930419922
2020-05-12,42.61765670776367
2020-05-13,41.61164474487305
2020-05-14,41.82862854003906
2020-05-15,42.53875732421875
2020-05-18,44.07737350463867
2020-05-19,43.88011932373047
2020-05-20,44.50147247314453
2020-05-21,44.54092788696289
2020-05-22,45.00448226928711
2020-05-26,45.320098876953125
2020-05-27,45.83297348022461
2020-05-28,45.694889068603516
2020-05-29,46.2570686340332
2020-06-01,46.6515998840332
2020-06-02,46.88829803466797
2020-06-03,47.32227325439453
2020-06-04,46.41489028930664
2020-06-05,47.105281829833984
2020-06-08,47.48994064331055
2020-06-09,47.19404983520508
2020-06-10,47.08556365966797
2020-06-11,44.2647705078125
2020-06-12,44.965030670166016
2020-06-15,46.049949645996094
2020-06-16,46.72063064575195
2020-06-17,46.62200164794922
2020-06-18,46.700904846191406
2020-06-19,46.7896728515625
2020-06-22,47.18418502807617
2020-06-23,47.381446838378906
2020-06-24,46.109130859375
2020-06-25,46.62200164794922
2020-06-26,46.00063705444336
2020-06-29,46.45433044433594
2020-06-30,47.14474105834961
2020-07-01,47.58856964111328
2020-07-02,47.67733383178711
2020-07-06,48.18033981323242
2020-07-07,47.7167854309082
2020-07-08,48.35787582397461
2020-07-09,48.19021224975586
2020-07-10,48.160621643066406
2020-07-13,46.838985443115234
2020-07-14,47.61815643310547
2020-07-15,48.75239181518555
2020-07-16,48.45650100708008
2020-07-17,49.00883102416992
2020-07-20,49.66964340209961
2020-07-21,49.541419982910156
2020-07-22,49.787994384765625
2020-07-23,49.37376403808594
2020-07-24,48.959510803222656
2020-07-27,49.85704040527344
2020-07-28,49.22581100463867
2020-07-29,50.30086898803711
2020-07-30,50.58689498901367
2020-07-31,50.507991790771484
2020-08-03,51.63236618041992
2020-08-04,51.61263656616211
2020-08-05,52.204410552978516
2020-08-06,52.14523696899414
2020-08-07,51.711273193359375
2020-08-10,51.129356384277344
2020-08-11,50.6263542175293
2020-08-12,51.1589469909668
2020-08-13,51.58304977416992
2020-08-14,51.306888580322266
2020-08-17,51.85921096801758
2020-08-18,51.88880157470703
2020-08-19,51.90852355957031
2020-08-20,51.96770095825195
2020-08-21,51.88880157470703
2020-08-24,51.85921096801758
2020-08-25,52.10578155517578
2020-08-26,52.411537170410156
2020-08-27,52.47071075439453
2020-08-28,52.766597747802734
2020-08-31,52.78632354736328
2020-09-01,53.80220413208008
2020-09-02,54.078365325927734
2020-09-03,51.58304977416992
2020-09-04,50.715110778808594
2020-09-08,49.689369201660156
2020-09-09,50.774288177490234
2020-09-10,50.419227600097656
2020-09-11,50.11347579956055
2020-09-14,51.711273193359375
2020-09-15,52.14523696899414
2020-09-16,52.14523696899414
2020-09-17,51.790164947509766
2020-09-18,51.543601989746094
2020-09-21,51.18852996826172
2020-09-22,52.214271545410156
2020-09-23,51.030723571777344
2020-09-24,50.53672409057617
2020-09-25,51.613651275634766
2020-09-28,52.61153793334961
2020-09-29,52.601661682128906
2020-09-30,52.858543395996094
2020-10-01,53.70823669433594
2020-10-02,53.46122741699219
2020-10-05,54.70612716674805
2020-10-06,54.518402099609375
2020-10-07,55.75341796875
2020-10-08,56.07946014404297
2020-10-09,56.88962936401367
2020-10-12,57.205787658691406
2020-10-13,57.58123016357422
2020-10-14,57.04771041870117
2020-10-15,57.03782272338867
2020-10-16,56.8599853515625
2020-10-19,56.296817779541016
2020-10-20,56.03994369506836
2020-10-21,55.05192947387695
2020-10-22,55.595333099365234
2020-10-23,55.990535736083984
2020-10-26,54.992645263671875
2020-10-27,54.97288513183594
2020-10-28,53.6983528137207
2020-10-29,53.9848747253418
2020-10-30,52.78938293457031
2020-11-02,53.22410583496094
2020-11-03,54.7851676940918
2020-11-04,56.13874053955078
2020-11-05,57.67015075683594
2020-11-06,57.55159378051758
2020-11-09,56.15850067138672
2020-11-10,56.19801712036133
2020-11-11,57.146507263183594
2020-11-12,56.57345962524414
2020-11-13,57.146507263183594
2020-11-16,57.57135009765625
2020-11-17,57.91715621948242
2020-11-18,57.41327667236328
2020-11-19,58.174041748046875
2020-11-20,58.51984405517578
2020-11-23,59.073123931884766
2020-11-24,59.043487548828125
2020-11-25,59.15217208862305
2020-11-27,60.02162170410156
2020-11-30,59.991981506347656
2020-12-01,60.120418548583984
2020-12-02,59.685691833496094
2020-12-03,60.11053466796875
2020-12-04,61.05903244018555
2020-12-07,61.385074615478516
2020-12-08,62.303924560546875
2020-12-09,61.48387145996094
2020-12-10,62.43235778808594
2020-12-11,62.46200180053711
2020-12-14,62.748531341552734
2020-12-15,63.785926818847656
2020-12-16,63.89461135864258
2020-12-17,65.01107025146484
2020-12-18,65.36676025390625
2020-12-21,65.75208282470703
2020-12-22,66.75984191894531
2020-12-23,66.71044921875
2020-12-24,66.44339752197266
2020-12-28,65.58294677734375
2020-12-29,64.43566131591797
2020-12-30,65.08841705322266
2020-12-31,64.66313171386719
2021-01-04,63.94114685058594
2021-01-05,64.8510513305664
2021-01-06,66.09722900390625
2021-01-07,67.97640991210938
2021-01-08,68.10498809814453
2021-01-11,68.06542205810547
2021-01-12,68.95555877685547
2021-01-13,68.4808120727539
2021-01-14,69.34127044677734
2021-01-15,68.50060272216797
2021-01-19,69.36105346679688
2021-01-20,69.8456802368164
2021-01-21,69.71710968017578
2021-01-22,70.12261962890625
2021-01-25,69.8160171508789
2021-01-26,69.19292449951172
2021-01-27,67.58079528808594
2021-01-28,68.23356628417969
2021-01-29,67.00714874267578
2021-02-01,68.8764419555664
2021-02-02,69.97425842285156
2021-02-03,69.7764663696289
2021-02-04,70.79515838623047
2021-02-05,71.90287780761719
2021-02-08,73.11939239501953
2021-02-09,73.4358901977539
2021-02-10,73.05016326904297
2021-02-11,73.5941390991211
2021-02-12,73.96996307373047
2021-02-16,73.14906311035156
2021-02-17,72.48641204833984
2021-02-18,71.50726318359375
2021-02-19,72.72377014160156
2021-02-22,70.75560760498047
2021-02-23,70.03359985351562
2021-02-24,70.99295806884766
2021-02-25,67.93684387207031
2021-02-26,68.21377563476562
2021-03-01,70.4588851928711
2021-03-02,68.98522186279297
2021-03-03,67.05660247802734
2021-03-04,64.61368560791016
2021-03-05,65.56317138671875
2021-03-08,64.4554443359375
2021-03-09,66.52252197265625
2021-03-10,66.90824890136719
2021-03-11,68.80720520019531
2021-03-12,68.66873168945312
2021-03-15,69.75667572021484
2021-03-16,68.96544647216797
2021-03-17,69.25225830078125
2021-03-18,66.99726104736328
2021-03-19,67.90717315673828
2021-03-22,68.23356628417969
2021-03-23,66.54228973388672
2021-03-24,64.92029571533203
2021-03-25,65.63240051269531
2021-03-26,66.91814422607422
2021-03-29,65.4345932006836
2021-03-30,66.07746124267578
2021-03-31,67.23463439941406
2021-04-01,68.34235382080078
2021-04-05,68.68851470947266
2021-04-06,68.8566665649414
2021-04-07,67.70936584472656
2021-04-08,68.59949493408203
2021-04-09,68.62918090820312
2021-04-12,68.38191986083984
2021-04-13,68.64895629882812
2021-04-14,68.91600036621094
2021-04-15,69.33139038085938
2021-04-16,69.37095642089844
2021-04-19,68.12476348876953
2021-04-20,66.86869812011719
2021-04-21,68.49070739746094
2021-04-22,68.5302734375
2021-04-23,69.85557556152344
2021-04-26,71.1808853149414
2021-04-27,71.21055603027344
2021-04-28,71.1611099243164
2021-04-29,70.42921447753906
2021-04-30,69.43029022216797
2021-05-03,69.03468322753906
2021-05-04,67.77860260009766
2021-05-05,67.5511245727539
2021-05-06,66.84890747070312
2021-05-07,68.0258560180664
2021-05-10,65.9093246459961
2021-05-11,65.92910766601562
2021-05-12,63.693885803222656
2021-05-13,64.15874481201172
2021-05-14,66.05768585205078
2021-05-17,65.95878601074219
2021-05-18,65.78075408935547
2021-05-19,65.15766143798828
2021-05-20,66.00823211669922
2021-05-21,66.08734893798828
2021-05-24,66.87857818603516
2021-05-25,66.90824890136719
2021-05-26,68.12476348876953
2021-05-27,69.11380767822266
2021-05-28,68.98522186279297
2021-06-01,69.440185546875
2021-06-02,71.23033142089844
2021-06-03,69.65776824951172
2021-06-04,69.94458770751953
2021-06-07,71.43804168701172
2021-06-08,72.32816314697266
2021-06-09,71.59628295898438
2021-06-10,71.29956817626953
2021-06-11,72.32816314697266
2021-06-14,72.57542419433594
2021-06-15,72.16992950439453
2021-06-16,71.62593841552734
2021-06-17,71.85342407226562
2021-06-18,70.59734344482422
2021-06-21,71.86331939697266
2021-06-22,72.34796142578125
2021-06-23,72.81280517578125
2021-06-24,73.61392211914062
2021-06-25,74.029296875
2021-06-28,74.8106460571289
2021-06-29,74.73152160644531
2021-06-30,74.52381896972656
2021-07-01,74.80075073242188
2021-07-02,74.41503143310547
2021-07-06,73.67325592041016
2021-07-07,72.74356079101562
2021-07-08,72.36772918701172
2021-07-09,73.5545654296875
2021-07-12,73.32708740234375
2021-07-13,72.18971252441406
2021-07-14,70.7457046508789
2021-07-15,70.11273193359375
2021-07-16,69.54898071289062
2021-07-19,69.14347839355469
2021-07-20,71.12155151367188
2021-07-21,72.31827545166016
2021-07-22,71.95233917236328
2021-07-23,72.46662139892578
2021-07-26,72.2589340209961
2021-07-27,71.43804168701172
2021-07-28,72.47652435302734
2021-07-29,72.96114349365234
2021-07-30,72.7138900756836
2021-08-02,72.44683837890625
2021-08-03,72.6941146850586
2021-08-04,72.74356079101562
2021-08-05,73.51500701904297
2021-08-06,73.28752136230469
2021-08-09,73.35675811767578
2021-08-10,72.89190673828125
2021-08-11,73.12928771972656
2021-08-12,73.09962463378906
2021-08-13,72.67431640625
2021-08-16,72.18971252441406
2021-08-17,71.11165618896484
2021-08-18,70.66658020019531
2021-08-19,70.08305358886719
2021-08-20,71.03252410888672
2021-08-23,72.19959259033203
2021-08-24,73.1094970703125
2021-08-25,73.47544860839844
2021-08-26,72.74356079101562
2021-08-27,74.45459747314453
2021-08-30,74.63262176513672
2021-08-31,74.42491912841797
2021-09-01,75.11724090576172
2021-09-02,75.68099212646484
2021-09-03,75.69088745117188
2021-09-07,75.13703155517578
2021-09-08,74.45459747314453
2021-09-09,74.53372192382812
2021-09-10,74.0589828491211
2021-09-13,73.84140014648438
2021-09-14,73.31720733642578
2021-09-15,74.029296875
2021-09-16,74.50404357910156
2021-09-17,74.0490951538086
2021-09-20,72.49630737304688
2021-09-21,72.75345611572266
2021-09-22,74.029296875
2021-09-23,74.7908706665039
2021-09-24,74.15788269042969
2021-09-27,74.029296875
2021-09-28,71.88309478759766
2021-09-29,71.60616302490234
2021-09-30,71.12155151367188
2021-10-01,71.77429962158203
2021-10-04,70.47866821289062
2021-10-05,70.94351959228516
2021-10-06,71.00286102294922
2021-10-07,72.16992950439453
2021-10-08,71.47760009765625
2021-10-11,70.97318267822266
2021-10-12,71.47760009765625
2021-10-13,71.7545166015625
2021-10-14,72.88201904296875
2021-10-15,72.91170501708984
2021-10-18,73.34687042236328
2021-10-19,73.72270965576172
2021-10-20,73.94029998779297
2021-10-21,74.57328033447266
2021-10-22,74.77108764648438
2021-10-25,75.37439727783203
2021-10-26,74.98867797851562
2021-10-27,73.74248504638672
2021-10-28,75.20626068115234
2021-10-29,75.25569915771484
2021-11-01,76.62057495117188
2021-11-02,77.49092864990234
2021-11-03,78.1041259765625
2021-11-04,78.04479217529297
2021-11-05,78.45028686523438
2021-11-08,78.75690460205078
2021-11-09,78.53931427001953
2021-11-10,76.86784362792969
2021-11-11,77.5206069946289
2021-11-12,77.76785278320312
2021-11-15,77.79753112792969
2021-11-16,78.00523376464844
2021-11-17,77.28324127197266
2021-11-18,77.0854263305664
2021-11-19,76.65025329589844
2021-11-22,75.8689193725586
2021-11-23,75.35462188720703
2021-11-24,75.63154602050781
2021-11-26,73.48534393310547
2021-11-29,73.87106323242188
2021-11-30,72.04134368896484
2021-12-01,70.2413101196289
2021-12-02,72.00178527832031
2021-12-03,70.14240264892578
2021-12-06,71.00286102294922
2021-12-07,73.14906311035156
2021-12-08,73.76226806640625
2021-12-09,72.1204605102539
2021-12-10,71.51715850830078
2021-12-13,70.65670776367188
2021-12-14,70.04349517822266
2021-12-15,71.2896728515625
2021-12-16,69.99403381347656
2021-12-17,70.66658020019531
2021-12-20,69.73688507080078
2021-12-21,71.77429962158203
2021-12-22,72.40729522705078
2021-12-23,72.85235595703125
2021-12-27,73.66336059570312
2021-12-28,73.12928771972656
2021-12-29,73.36666107177734
2021-12-30,73.38644409179688
2021-12-31,73.36666107177734
2022-01-03,73.30730438232422
2022-01-04,72.80290985107422
2022-01-05,70.11273193359375
2022-01-06,70.48855590820312
2022-01-07,69.36105346679688
2022-01-10,68.8566665649414
2022-01-11,70.09295654296875
2022-01-12,70.03359985351562
2022-01-13,68.86653900146484
2022-01-14,68.49070739746094
2022-01-18,66.44339752197266
2022-01-19,65.49394226074219
2022-01-20,64.485107421875
2022-01-21,63.100467681884766
2022-01-24,64.26752471923828
2022-01-25,63.11035919189453
2022-01-26,62.50704574584961
2022-01-27,61.250972747802734
2022-01-28,62.714744567871094
2022-01-31,64.79171752929688
2022-02-01,65.62249755859375
2022-02-02,65.49394226074219
2022-02-03,64.13894653320312
2022-02-04,64.50489044189453
2022-02-07,64.4554443359375
2022-02-08,65.50382232666016
2022-02-09,67.1851806640625
2022-02-10,66.28514862060547
2022-02-11,65.05875396728516
2022-02-14,64.66313171386719
2022-02-15,66.20603942871094
2022-02-16,66.44339752197266
2022-02-17,64.46533966064453
2022-02-18,63.79279327392578
2022-02-22,62.714744567871094
2022-02-23,61.34987258911133
2022-02-24,63.1499137878418
2022-02-25,64.8312759399414
2022-02-28,65.00930786132812
2022-03-01,64.10929107666016
2022-03-02,65.7115249633789
2022-03-03,64.74225616455078
2022-03-04,63.525753021240234
2022-03-07,60.92458724975586
2022-03-08,61.201515197753906
2022-03-09,63.29827117919922
2022-03-10,63.03122329711914
2022-03-11,62.08176040649414
2022-03-14,60.835575103759766
2022-03-15,62.002628326416016
2022-03-16,64.26752471923828
2022-03-17,65.52359771728516
2022-03-18,66.50273895263672
2022-03-21,65.99834442138672
2022-03-22,66.75000762939453
2022-03-23,65.52359771728516
2022-03-24,66.10713195800781
2022-03-25,66.01812744140625
2022-03-28,66.304931640625
2022-03-29,68.07533264160156
2022-03-30,66.89835357666016
2022-03-31,65.94889068603516
2022-04-01,66.50273895263672
2022-04-04,66.8192367553711
2022-04-05,65.4543685913086
2022-04-06,64.27741241455078
2022-04-07,64.32687377929688
2022-04-08,64.18839263916016
2022-04-11,63.87191390991211
2022-04-12,64.07959747314453
2022-04-13,65.3455810546875
2022-04-14,64.8115005493164
2022-04-18,64.56424713134766
2022-04-19,65.98844146728516
2022-04-20,66.40384674072266
2022-04-21,64.8609390258789
2022-04-22,62.92243194580078
2022-04-25,63.37739944458008
2022-04-26,61.30042266845703
2022-04-27,61.33008575439453
2022-04-28,62.5861701965332
2022-04-29,60.66743850708008
2022-05-02,60.944366455078125
2022-05-03,61.77515411376953
2022-05-04,63.44662857055664
2022-05-05,60.63776397705078
2022-05-06,59.569610595703125
2022-05-09,56.59261703491211
2022-05-10,56.750858306884766
2022-05-11,55.75192642211914
2022-05-12,56.41458511352539
2022-05-13,58.303646087646484
2022-05-16,58.03660202026367
2022-05-17,59.67840576171875
2022-05-18,57.04757308959961
2022-05-19,57.344276428222656
2022-05-20,57.2255973815918
2022-05-23,58.076171875
2022-05-24,57.06734848022461
2022-05-25,58.5014533996582
2022-05-26,60.04434585571289
2022-05-27,61.824607849121094
2022-05-31,60.99381637573242
2022-06-01,60.78612518310547
2022-06-02,62.15099334716797
2022-06-03,61.7257080078125
2022-06-06,61.972965240478516
2022-06-07,62.91255187988281
2022-06-08,61.735595703125
2022-06-09,60.390506744384766
2022-06-10,58.808048248291016
2022-06-13,55.8903923034668
2022-06-14,55.66291427612305
2022-06-15,56.21678161621094
2022-06-16,53.28923416137695
2022-06-17,53.31890869140625
2022-06-21,54.129913330078125
2022-06-22,53.655181884765625
2022-06-23,53.98155975341797
2022-06-24,55.87062072753906
2022-06-27,56.305789947509766
2022-06-28,55.51456069946289
2022-06-29,54.8914680480957
2022-06-30,54.0606803894043
2022-07-01,54.74311065673828
2022-07-05,54.76289749145508
2022-07-06,54.4167366027832
2022-07-07,55.959632873535156
2022-07-08,55.77170944213867
2022-07-11,55.02993392944336
2022-07-12,54.56509017944336
2022-07-13,54.73322677612305
2022-07-14,54.17936706542969
2022-07-15,55.25741195678711
2022-07-18,55.16839599609375
2022-07-19,57.156368255615234
2022-07-20,58.016822814941406
2022-07-21,58.343204498291016
2022-07-22,57.621212005615234
2022-07-25,58.04649353027344
2022-07-26,57.69043731689453
2022-07-27,58.91684341430664
2022-07-28,59.75752639770508
2022-07-29,60.578426361083984
2022-08-01,60.48940658569336
2022-08-02,60.054237365722656
2022-08-03,60.53886413574219
2022-08-04,60.19270324707031
2022-08-05,60.62787628173828
2022-08-08,61.13228988647461
2022-08-09,60.271827697753906
2022-08-10,61.943294525146484
2022-08-11,62.388362884521484
2022-08-12,63.090576171875
2022-08-15,63.23892593383789
2022-08-16,63.416961669921875
2022-08-17,62.487266540527344
2022-08-18,63.11035919189453
2022-08-19,61.91361999511719
2022-08-22,60.75645065307617
2022-08-23,60.954261779785156
2022-08-24,61.37954330444336
2022-08-25,62.12131881713867
2022-08-26,60.172916412353516
2022-08-29,59.945438385009766
2022-08-30,58.798160552978516
2022-08-31,58.550899505615234
2022-09-01,57.82890319824219
2022-09-02,57.59153366088867
2022-09-06,57.24537658691406
2022-09-07,58.42232894897461
2022-09-08,58.89706802368164
2022-09-09,60.10369110107422
2022-09-12,60.72677993774414
2022-09-13,58.244300842285156
2022-09-14,58.54100799560547
2022-09-15,57.98715591430664
2022-09-16,56.988224029541016
2022-09-19,57.47285842895508
2022-09-20,56.47392654418945
2022-09-21,55.66291427612305
2022-09-22,54.27826690673828
2022-09-23,52.8762092590332
2022-09-26,52.025291442871094
2022-09-27,52.252864837646484
2022-09-28,54.043766021728516
2022-09-29,53.153263092041016
2022-09-30,52.95537567138672
2022-10-03,54.6473274230957
2022-10-04,56.63613510131836
2022-10-05,56.68560028076172
2022-10-06,56.428340911865234
2022-10-07,54.8353271484375
2022-10-10,54.58796691894531
2022-10-11,54.4791259765625
2022-10-12,54.48902130126953
2022-10-13,55.57741165161133
2022-10-14,53.89535140991211
2022-10-17,55.3498420715332
2022-10-18,56.27992630004883
2022-10-19,55.39931869506836
2022-10-20,54.72649002075195
2022-10-21,55.844566345214844
2022-10-24,56.23045349121094
2022-10-25,57.665157318115234
2022-10-26,57.88283157348633
2022-10-27,57.6552619934082
2022-10-28,58.7535514831543
2022-10-31,58.921756744384766
2022-11-01,59.040489196777344
2022-11-02,57.219905853271484
2022-11-03,57.1407470703125
2022-11-04,57.368316650390625
2022-11-07,57.942203521728516
2022-11-08,58.20935821533203
2022-11-09,56.39866256713867
2022-11-10,59.367008209228516
2022-11-11,59.55500030517578
2022-11-14,59.16911697387695
2022-11-15,60.020050048828125
2022-11-16,59.060279846191406
2022-11-17,58.35777282714844
2022-11-18,58.862388610839844
2022-11-21,58.49629211425781
2022-11-22,59.56489944458008
2022-11-23,59.6440544128418
2022-11-25,59.841949462890625
2022-11-28,58.62492370605469
2022-11-29,58.85249328613281
2022-11-30,60.35646438598633
2022-12-01,60.099205017089844
2022-12-02,60.208038330078125
2022-12-05,58.40724182128906
2022-12-06,57.60578536987305
2022-12-07,57.42768859863281
2022-12-08,57.724517822265625
2022-12-09,57.16053771972656
2022-12-12,58.02135467529297
2022-12-13,58.41714096069336
2022-12-14,58.199459075927734
2022-12-15,56.79444122314453
2022-12-16,56.27992630004883
2022-12-19,55.52794647216797
2022-12-20,55.715938568115234
2022-12-21,56.73507308959961
2022-12-22,55.82477569580078
2022-12-23,56.301639556884766
2022-12-27,55.9744758605957
2022-12-28,54.97317123413086
2022-12-29,56.06370544433594
2022-12-30,55.90507888793945
2023-01-03,55.09213638305664
2023-01-04,55.69688415527344
2023-01-05,55.04256057739258
2023-01-06,56.311553955078125
2023-01-09,56.599056243896484
2023-01-10,57.24347686767578
2023-01-11,58.00685119628906
2023-01-12,58.84954071044922
2023-01-13,59.15687561035156
2023-01-17,59.13705062866211
2023-01-18,58.28444290161133
2023-01-19,57.620201110839844
2023-01-20,58.611602783203125
2023-01-23,59.3353271484375
2023-01-24,59.15687561035156
2023-01-25,59.28575134277344
2023-01-26,59.8409423828125
2023-01-27,59.95991134643555
2023-01-30,59.11722183227539
2023-01-31,60.56466293334961
2023-02-01,61.39744567871094
2023-02-02,61.972450256347656
2023-02-03,61.5858039855957
2023-02-06,60.96122360229492
2023-02-07,61.87331008911133
2023-02-08,61.367698669433594
2023-02-09,60.59440994262695
2023-02-10,60.713375091552734
2023-02-13,61.437095642089844
2023-02-14,61.67503356933594
2023-02-15,62.11125564575195
2023-02-16,61.38752365112305
2023-02-17,60.990966796875
2023-02-21,59.464210510253906
2023-02-22,59.67239761352539
2023-02-23,60.257328033447266
2023-02-24,59.87068557739258
2023-02-27,60.049137115478516
2023-02-28,59.94007873535156
2023-03-01,60.2969856262207
2023-03-02,60.713375091552734
2023-03-03,61.49658203125
2023-03-06,61.02070617675781
2023-03-07,60.38621520996094
2023-03-08,60.257328033447266
2023-03-09,58.84954071044922
2023-03-10,57.27321243286133
2023-03-13,56.50983428955078
2023-03-14,57.481407165527344
2023-03-15,56.301639556884766
2023-03-16,57.08485412597656
2023-03-17,55.88525390625
2023-03-20,56.70811080932617
2023-03-21,57.6796875
2023-03-22,56.23224639892578
2023-03-23,56.123191833496094
2023-03-24,56.33467102050781
2023-03-27,56.940311431884766
2023-03-28,57.168670654296875
2023-03-29,57.81402587890625
2023-03-30,58.06223678588867
2023-03-31,59.06502151489258
2023-04-03,59.24373245239258
2023-04-04,58.23102569580078
2023-04-05,57.73459243774414
2023-04-06,57.65516662597656
2023-04-10,58.340232849121094
2023-04-11,58.82674026489258
2023-04-12,58.46930694580078
2023-04-13,59.00545120239258
2023-04-14,58.68773651123047
2023-04-17,59.33309555053711
2023-04-18,59.59123229980469
2023-04-19,59.41252517700195
2023-04-20,59.283447265625
2023-04-21,59.33309555053711
2023-04-24,59.36288070678711
2023-04-25,58.072166442871094
2023-04-26,57.46652603149414
2023-04-27,58.19131088256836
2023-04-28,58.79695510864258
2023-05-01,58.94587326049805
2023-05-02,58.37002182006836
2023-05-03,58.439517974853516
2023-05-04,57.575740814208984
2023-05-05,58.71752166748047
2023-05-08,58.77709197998047
2023-05-09,58.58845138549805
2023-05-10,58.80687713623047
2023-05-11,58.40974044799805
2023-05-12,58.36009216308594
2023-05-15,58.96573257446289
2023-05-16,58.23102569580078
2023-05-17,59.09480667114258
2023-05-18,59.73023986816406
2023-05-19,59.313236236572266
2023-05-22,59.52173614501953
2023-05-23,58.73738098144531
2023-05-24,58.28066635131836
2023-05-25,58.518951416015625
2023-05-26,59.09480667114258
2023-05-30,58.98558807373047
2023-05-31,58.20124053955078
2023-06-01,58.926021575927734
2023-06-02,60.693302154541016
2023-06-05,60.30609130859375
2023-06-06,61.4478759765625
2023-06-07,62.13294982910156
2023-06-08,62.08330154418945
2023-06-09,61.75566101074219
2023-06-12,62.31166076660156
2023-06-13,63.00666046142578
2023-06-14,62.62937927246094
2023-06-15,62.84780502319336
2023-06-16,62.44073486328125
2023-06-20,62.1925163269043
2023-06-21,62.17266082763672
2023-06-22,61.944305419921875
2023-06-23,61.3883056640625
2023-06-26,61.428016662597656
2023-06-27,62.69137954711914
2023-06-28,63.019142150878906
2023-06-29,63.63492965698242
2023-06-30,64.3401107788086
2023-07-03,64.41956329345703
2023-07-05,63.79384994506836
2023-07-06,62.909889221191406
2023-07-07,63.49588394165039
2023-07-10,64.72745513916016
2023-07-11,65.28366088867188
2023-07-12,65.67101287841797
2023-07-13,66.1874771118164
2023-07-14,65.52203369140625
2023-07-17,65.98884582519531
2023-07-18,66.68408203125
2023-07-19,66.36625671386719
2023-07-20,65.70081329345703
2023-07-21,65.51209259033203
2023-07-24,65.36311340332031
2023-07-25,65.47237396240234
2023-07-26,65.50216674804688
2023-07-27,64.8466567993164
2023-07-28,65.6412124633789
2023-07-31,66.26693725585938
2023-08-01,65.79019165039062
2023-08-02,64.54867553710938
2023-08-03,64.23086547851562
2023-08-04,64.03221130371094
2023-08-07,64.4791488647461
2023-08-08,63.97262954711914
2023-08-09,63.694522857666016
2023-08-10,63.4859504699707
2023-08-11,63.456153869628906
2023-08-14,63.932891845703125
2023-08-15,63.168121337890625
2023-08-16,62.462947845458984
2023-08-17,61.39027786254883
2023-08-18,61.66837692260742
2023-08-21,61.9067497253418
2023-08-22,61.817359924316406
2023-08-23,62.41328430175781
2023-08-24,61.49953079223633
2023-08-25,61.82728958129883
2023-08-28,62.3437614440918
2023-08-29,63.28731155395508
2023-08-30,63.70445251464844
2023-08-31,63.783912658691406
2023-09-01,64.53875732421875
2023-09-05,63.34689712524414
2023-09-06,63.356834411621094
2023-09-07,62.83042907714844
2023-09-08,62.800636291503906
2023-09-11,62.94961929321289
2023-09-12,62.76090621948242
2023-09-13,62.274234771728516
2023-09-14,62.93968200683594
2023-09-15,62.25437545776367
2023-09-18,62.1749153137207
2023-09-19,61.817359924316406
2023-09-20,61.26116180419922
2023-09-21,59.79121017456055
2023-09-22,59.7713508605957
2023-09-25,60.02958297729492
2023-09-26,59.304534912109375
2023-09-27,60.00971603393555
2023-09-28,60.6751708984375
2023-09-29,60.28782272338867
2023-10-02,59.542911529541016
2023-10-03,58.619224548339844
2023-10-04,58.80793380737305
2023-10-05,58.65895080566406
2023-10-06,59.3641357421875
2023-10-09,59.711753845214844
2023-10-10,60.36727523803711
2023-10-11,60.585777282714844
2023-10-12,59.304534912109375
2023-10-13,58.63909149169922
2023-10-16,59.47338104248047
2023-10-17,60.21828842163086
2023-10-18,58.629154205322266
2023-10-19,57.8047981262207
2023-10-20,57.01022720336914
2023-10-23,56.553348541259766
2023-10-24,57.139339447021484
2023-10-25,55.71905517578125
2023-10-26,55.66938781738281
2023-10-27,55.113197326660156
2023-10-30,55.30190658569336
2023-10-31,55.828304290771484
2023-11-01,56.12626647949219
2023-11-02,57.198936462402344
2023-11-03,58.47024154663086
2023-11-06,57.92397689819336
2023-11-07,58.182212829589844
2023-11-08,57.844520568847656
2023-11-09,57.288326263427734
2023-11-10,58.15241241455078
2023-11-13,58.24180221557617
2023-11-14,60.48645782470703
2023-11-15,60.476524353027344
2023-11-16,59.64222717285156
2023-11-17,60.17856216430664
2023-11-20,60.506317138671875
2023-11-21,60.079246520996094
2023-11-22,60.63543701171875
2023-11-24,60.90360641479492
2023-11-27,60.97312927246094
2023-11-28,60.585777282714844
2023-11-29,60.88373947143555
2023-11-30,61.56905746459961
2023-12-01,63.34689712524414
2023-12-04,63.72432327270508
2023-12-05,63.12839889526367
2023-12-06,62.880096435546875
2023-12-07,63.138328552246094
2023-12-08,63.664730072021484
2023-12-11,64.04215240478516
2023-12-12,64.13153839111328
2023-12-13,65.73059844970703
2023-12-14,67.03170013427734
2023-12-15,66.7933349609375
2023-12-18,66.97211456298828
2023-12-19,68.01498413085938
2023-12-20,66.59469604492188
2023-12-21,67.70708465576172
2023-12-22,67.99737548828125
2023-12-26,68.51431274414062
2023-12-27,68.59384155273438
2023-12-28,68.49443817138672
2023-12-29,67.71903228759766
2024-01-02,66.84419250488281
2024-01-03,64.98521423339844
2024-01-04,64.97526550292969
2024-01-05,65.02497863769531
2024-01-08,66.16819763183594
2024-01-09,65.90973663330078
2024-01-10,66.19802856445312
2024-01-11,66.13838195800781
2024-01-12,65.95943450927734
2024-01-16,65.6512680053711
2024-01-17,65.32319641113281
2024-01-18,65.91967010498047
2024-01-19,66.37696838378906
2024-01-22,67.41084289550781
2024-01-23,67.08279418945312
2024-01-24,66.29743957519531
2024-01-25,66.60562133789062
2024-01-26,66.56584930419922
2024-01-29,67.80848693847656
2024-01-30,67.32138061523438
2024-01-31,66.10855102539062
2024-02-01,67.06290435791016
2024-02-02,67.4009017944336
2024-02-05,66.45648956298828
2024-02-06,67.08279418945312
2024-02-07,67.4903793334961
2024-02-08,68.56401062011719
2024-02-09,69.20024871826172
2024-02-12,69.7072525024414
2024-02-13,67.65937042236328
2024-02-14,69.36924743652344
2024-02-15,70.75106811523438
2024-02-16,69.96571350097656
2024-02-20,69.12071228027344
2024-02-21,68.5540771484375
2024-02-22,69.7072525024414
2024-02-23,70.31365966796875
2024-02-26,71.03936004638672
2024-02-27,71.82470703125
2024-02-28,71.85453033447266
2024-02-29,72.5007095336914
2024-03-01,73.3059310913086
2024-03-04,73.35565185546875
2024-03-05,71.98377227783203
2024-03-06,72.78900146484375
2024-03-07,73.44511413574219
2024-03-08,73.38546752929688
2024-03-11,72.77906036376953
2024-03-12,73.14688110351562
2024-03-13,73.42523193359375
2024-03-14,72.4410629272461
2024-03-15,72.35159301757812
2024-03-18,72.37147521972656
2024-03-19,72.77906036376953
2024-03-20,73.92228698730469
2024-03-21,74.91641235351562
2024-03-22,74.32987213134766
2024-03-25,74.41934204101562
2024-03-26,74.47898864746094
2024-03-27,75.3438720703125
2024-03-28,75.16493225097656
2024-04-01,74.64798736572266
2024-04-02,73.4550552368164
2024-04-03,73.84275817871094
2024-04-04,72.96794128417969
2024-04-05,73.73340606689453
2024-04-08,74.1211166381836
2024-04-09,73.95211791992188
2024-04-10,72.68958282470703
2024-04-11,73.03752899169922
2024-04-12,71.70541381835938
2024-04-15,70.5124740600586
2024-04-16,70.4130630493164
2024-04-17,69.78678131103516
2024-04-18,69.40901184082031
2024-04-19,69.33943176269531
2024-04-22,70.12477111816406
2024-04-23,71.55630493164062
2024-04-24,71.34754180908203
2024-04-25,70.86041259765625
2024-04-26,71.19841766357422
2024-04-29,71.4568862915039
2024-04-30,70.01542663574219
2024-05-01,70.09495544433594
2024-05-02,71.38729858398438
2024-05-03,72.142822265625
2024-05-06,73.32582092285156
2024-05-07,73.67375946044922
2024-05-08,73.21647644042969
2024-05-09,73.88252258300781
2024-05-10,73.68370819091797
2024-05-13,73.3059310913086
2024-05-14,73.92228698730469
2024-05-15,74.936279296875
2024-05-16,74.05152130126953
2024-05-17,74.06146240234375
2024-05-20,74.42929077148438
2024-05-21,74.41934204101562
2024-05-22,73.69363403320312
2024-05-23,72.94805908203125
2024-05-24,73.8228759765625
2024-05-28,73.41529083251953
2024-05-29,72.67964935302734
2024-05-30,72.62994384765625
2024-05-31,73.12699890136719
2024-06-03,72.5504150390625
2024-06-04,71.63582611083984
2024-06-05,72.94805908203125
2024-06-06,72.56035614013672
2024-06-07,71.91417694091797
2024-06-10,72.31182098388672
2024-06-11,71.95394134521484
2024-06-12,73.3059310913086
2024-06-13,72.66970825195312
2024-06-14,71.55630493164062
2024-06-17,72.4112319946289
2024-06-18,72.7591781616211
2024-06-20,72.4410629272461
2024-06-21,72.4808349609375
2024-06-24,72.68958282470703
2024-06-25,72.64982604980469
2024-06-26,72.43112182617188
2024-06-27,73.1170654296875
2024-06-28,73.14688110351562
2024-07-01,72.49076080322266
2024-07-02,72.72935485839844
2024-07-03,72.87846374511719
2024-07-05,72.5007095336914
2024-07-08,72.66970825195312
2024-07-09,72.16270446777344
2024-07-10,72.7591781616211
2024-07-11,74.08135223388672
2024-07-12,74.89652252197266
2024-07-15,75.63217163085938
2024-07-16,77.42156982421875
2024-07-17,75.72163391113281
2024-07-18,74.936279296875
2024-07-19,74.80705261230469
2024-07-22,75.8608169555664
2024-07-23,76.11927795410156
2024-07-24,74.2801742553711
2024-07-25,74.37957763671875
2024-07-26,75.65204620361328
2024-07-29,75.45323181152344
2024-07-30,75.47311401367188
2024-07-31,76.24851989746094
2024-08-01,74.75733947753906
2024-08-02,72.5504150390625
2024-08-05,70.79083251953125
2024-08-06,71.91417694091797
2024-08-07,71.02941131591797
2024-08-08,72.90829467773438
2024-08-09,73.05740356445312
2024-08-12,72.5504150390625
2024-08-13,73.61412048339844
2024-08-14,73.5445327758789
2024-08-15,74.96611022949219
2024-08-16,75.10529327392578
2024-08-19,75.8011703491211
2024-08-20,75.0754623413086
2024-08-21,76.27833557128906
2024-08-22,75.75145721435547
2024-08-23,77.49114990234375
2024-08-26,77.1332778930664
2024-08-27,77.12333679199219
2024-08-28,76.46721649169922
2024-08-29,76.8847427368164
2024-08-30,77.43151092529297
2024-09-03,74.95616912841797
2024-09-04,74.9859848022461
2024-09-05,74.41934204101562
2024-09-06,73.35565185546875
2024-09-09,73.88252258300781
2024-09-10,73.81293487548828
2024-09-11,74.6181640625
2024-09-12,75.54268646240234
2024-09-13,76.69586944580078
2024-09-16,77.1829833984375
2024-09-17,77.58062744140625
2024-09-18,77.5508041381836
2024-09-19,78.98233032226562
2024-09-20,78.88291931152344
2024-09-23,79.20103454589844
2024-09-24,79.24079895019531
2024-09-25,78.65428161621094
2024-09-26,78.90875244140625
2024-09-27,79.26802062988281
2024-09-30,79.47759246826172
2024-10-01,78.87881469726562
2024-10-02,78.85885620117188
2024-10-03,78.6393051147461
2024-10-04,79.6572265625
2024-10-07,78.848876953125
2024-10-08,79.35782623291016
2024-10-09,79.83686065673828
2024-10-10,79.2480697631836
2024-10-11,80.69509887695312
2024-10-14,81.2639389038086
2024-10-15,81.37371826171875
2024-10-16,81.90263366699219
2024-10-17,81.6830825805664
2024-10-18,81.58329010009766
2024-10-21,80.98451232910156
2024-10-22,80.2959213256836
2024-10-23,79.80691528320312
2024-10-24,79.77698516845703
2024-10-25,79.6173095703125
2024-10-28,80.54540252685547
2024-10-29,80.46556854248047
2024-10-30,80.05640411376953
2024-10-31,78.93869018554688
2024-11-01,79.46760559082031
2024-11-04,79.6572265625
2024-11-05,81.01445007324219
2024-11-06,84.09814453125
2024-11-07,84.70690155029297
2024-11-08,85.57512664794922
2024-11-11,86.82258605957031
2024-11-12,85.66494750976562
2024-11-13,85.23583221435547
2024-11-14,83.59916687011719
2024-11-15,82.64112091064453
2024-11-18,83.02035522460938
2024-11-19,84.20792388916016
2024-11-20,84.23786926269531
2024-11-21,85.81464385986328
2024-11-22,87.14192962646484
2024-11-25,88.09996795654297
2024-11-26,87.95027923583984
2024-11-27,87.411376953125
2024-11-29,87.69081115722656
2024-12-02,87.19183349609375
2024-12-03,87.35150146484375
2024-12-04,87.95027923583984
2024-12-05,86.98226165771484
2024-12-06,87.32156372070312
2024-12-09,85.67491912841797
2024-12-10,84.93643188476562
2024-12-11,85.52523040771484
2024-12-12,84.94641876220703
2024-12-13,84.47859191894531
2024-12-16,84.9983901977539
2024-12-17,83.94879150390625
2024-12-18,80.31013488769531
2024-12-19,80.31013488769531
2024-12-20,81.04986572265625
2024-12-23,81.04986572265625
2024-12-24,81.7096176147461
2024-12-26,82.16944122314453
2024-12-27,80.9998779296875
2024-12-30,80.22016906738281
2024-12-31,79.97026062011719
2025-01-02,80.22016906738281
2025-01-03,81.52967834472656
2025-01-06,81.64964294433594
2025-01-07,81.11983489990234
2025-01-08,81.34974670410156
2025-01-10,80.09022521972656
2025-01-13,80.1701889038086
2025-01-14,81.35974884033203
2025-01-15,82.44934844970703
2025-01-16,83.07910919189453
2025-01-17,83.54893493652344
2025-01-21,85.09835815429688
2025-01-22,84.94841766357422
2025-01-23,85.13834381103516
2025-01-24,84.65852355957031
2025-01-27,82.96914672851562
2025-01-28,84.09872436523438
2025-01-29,83.93878936767578
2025-01-30,85.02838134765625
2025-01-31,84.44860076904297
2025-02-03,83.88880920410156
2025-02-04,84.66851806640625
2025-02-05,85.48821258544922
2025-02-06,85.44823455810547
2025-02-07,84.67851257324219
2025-02-10,84.93841552734375
2025-02-11,84.11872100830078
2025-02-12,83.67888641357422
2025-02-13,85.13834381103516
2025-02-14,85.0583724975586
2025-02-18,85.9080581665039
2025-02-19,85.55818176269531
2025-02-20,84.17869567871094
2025-02-21,80.86993408203125
2025-02-24,80.47007751464844
2025-02-25,79.58041381835938
2025-02-26,80.22016906738281
2025-02-27,79.07059478759766
2025-02-28,80.0802230834961
2025-03-03,78.02099609375
2025-03-04,76.8214340209961
2025-03-05,77.75109100341797
2025-03-06,75.17204284667969
2025-03-07,75.69185638427734
2025-03-10,73.15280151367188
2025-03-11,73.35272216796875
2025-03-12,73.66261291503906
2025-03-13,71.97323608398438
2025-03-14,74.12244415283203
2025-03-17,75.27201080322266
2025-03-18,74.3823471069336
2025-03-19,75.8617935180664
2025-03-20,75.26201629638672
2025-03-21,75.11206817626953
2025-03-24,77.51117706298828
2025-03-25,77.52117919921875
2025-03-26,76.52155303955078
2025-03-27,75.81180572509766
2025-03-28,74.1424331665039
2025-03-31,74.85216522216797
2025-04-01,75.25201416015625
2025-04-02,76.4015884399414
2025-04-03,71.27349853515625
2025-04-04,67.67483520507812
2025-04-07,67.49490356445312
2025-04-08,66.10541534423828
2025-04-09,72.42306518554688
2025-04-10,69.55413818359375
2025-04-11,70.5237808227539
2025-04-14,71.44343566894531
2025-04-15,71.80330657958984
2025-04-16,70.90363311767578
2025-04-17,71.04358673095703
2025-04-21,69.00434112548828
2025-04-22,70.55376434326172
2025-04-23,72.08319854736328
2025-04-24,73.4726791381836
2025-04-25,73.69259643554688
2025-04-28,74.0524673461914
2025-04-29,74.59226989746094
2025-04-30,74.13243865966797
2025-05-01,74.77220153808594
2025-05-02,76.81143188476562
2025-05-05,76.59152221679688
2025-05-06,76.18167114257812
2025-05-07,76.36160278320312
2025-05-08,77.15131378173828
2025-05-09,76.92139434814453
2025-05-12,79.09059143066406
2025-05-13,79.5704116821289
2025-05-14,79.46044921875
2025-05-15,79.55042266845703
2025-05-16,80.43009185791016
2025-05-19,80.11021423339844
2025-05-20,80.0802230834961
2025-05-21,78.12095642089844
2025-05-22,78.200927734375
2025-05-23,78.29088592529297
2025-05-27,79.98026275634766
2025-05-28,79.3005142211914
2025-05-29,78.9406509399414
2025-05-30,79.26052856445312
2025-06-02,79.61039733886719
2025-06-03,80.190185546875
2025-06-04,80.09022521972656
2025-06-05,80.05023956298828
2025-06-06,81.11983489990234
2025-06-09,80.82994842529297
2025-06-10,80.33013153076172
2025-06-11,80.20018005371094
2025-06-12,80.10021209716797
2025-06-13,78.79070281982422
2025-06-16,80.05023956298828
2025-06-17,79.64038848876953
2025-06-18,80.11021423339844
2025-06-20,80.18018341064453
2025-06-23,80.82994842529297
2025-06-24,81.74960327148438
2025-06-25,80.68000030517578
2025-06-26,81.86000061035156
2025-06-27,82.38999938964844
2025-06-30,82.44000244140625
2025-07-01,82.0
2025-07-02,82.66000366210938
2025-07-03,83.48999786376953
2025-07-07,82.93000030517578
2025-07-08,82.91999816894531
2025-07-09,83.52999877929688
2025-07-10,83.44000244140625
2025-07-11,82.4800033569336
2025-07-14,83.23999786376953
2025-07-15,82.30000305175781
2025-07-16,83.16000366210938
2025-07-17,84.31999969482422
2025-07-18,84.30999755859375
2025-07-21,83.33999633789062
2025-07-22,83.5
2025-07-23,84.72000122070312
2025-07-24,84.12000274658203
2025-07-25,84.61000061035156
2025-07-28,84.55000305175781
2025-07-29,84.29000091552734
2025-07-30,85.12000274658203
2025-07-31,84.23999786376953
2025-08-01,82.58000183105469
2025-08-04,84.02999877929688
2025-08-05,83.72000122070312
2025-08-06,83.62999725341797
2025-08-07,83.45999908447266
2025-08-08,83.55000305175781
2025-08-11,83.38999938964844
2025-08-12,85.44000244140625
2025-08-13,86.45999908447266
2025-08-14,85.37999725341797
2025-08-15,85.1500015258789
2025-08-18,85.7300033569336
2025-08-19,84.55000305175781
2025-08-20,84.54000091552734
2025-08-21,84.69999694824219
2025-08-22,86.8499984741211
2025-08-25,86.29000091552734
2025-08-26,87.4800033569336
2025-08-27,88.06999969482422
2025-08-28,88.61000061035156
2025-08-29,87.86000061035156
2025-09-02,87.41000366210938
2025-09-03,87.13999938964844
2025-09-04,88.29000091552734
2025-09-05,88.73999786376953
2025-09-08,89.37999725341797
2025-09-09,89.18000030517578
2025-09-10,88.94999694824219
2025-09-11,90.76000213623047
2025-09-12,90.0199966430664
2025-09-15,90.22000122070312
2025-09-16,90.0
2025-09-17,90.29000091552734
2025-09-18,92.04000091552734
2025-09-19,91.75
2025-09-22,92.2300033569336
2025-09-23,91.91000366210938
2025-09-24,90.54000091552734
2025-09-25,90.04000091552734
2025-09-26,91.08000183105469
2025-09-29,91.12000274658203
2025-09-30,91.61000061035156
2025-10-01,91.88999938964844
2025-10-02,92.62999725341797
2025-10-03,92.72000122070312
2025-10-06,93.20999908447266
2025-10-07,92.3499984741211
2025-10-08,93.44000244140625
2025-10-09,92.72000122070312
2025-10-10,90.01000213623047
2025-10-13,92.72000122070312
2025-10-14,93.77999877929688
2025-10-15,94.4000015258789
2025-10-16,92.7699966430664
2025-10-17,92.05000305175781
2025-10-20,93.3499984741211
2025-10-21,92.7699966430664
2025-10-22,91.12000274658203
2025-10-23,92.87000274658203
2025-10-24,93.86000061035156
2025-10-27,94.72000122070312
2025-10-28,93.9800033569336
2025-10-29,93.62000274658203
2025-10-30,92.5999984741211
2025-10-31,93.04000091552734
2025-11-03,92.81999969482422
2025-11-04,90.69000244140625
2025-11-05,92.16000366210938
2025-11-06,90.2699966430664
2025-11-07,90.8499984741211
2025-11-10,91.9000015258789
2025-11-11,91.30999755859375
2025-11-12,91.19000244140625
2025-11-13,88.04000091552734
2025-11-14,88.12000274658203
2025-11-17,86.61000061035156
2025-11-18,86.80999755859375
2025-11-19,87.20999908447266
2025-11-20,85.0999984741211
2025-11-21,87.02999877929688
2025-11-24,89.13999938964844
2025-11-25,90.87000274658203
2025-11-26,91.98999786376953
2025-11-28,92.63999938964844
2025-12-01,91.22000122070312
2025-12-02,90.9000015258789
2025-12-03,91.80000305175781
2025-12-04,92.75
2025-12-05,92.76000213623047
2025-12-08,92.5199966430664
2025-12-09,92.58999633789062
2025-12-10,93.43000030517578
2025-12-11,94.98999786376953
2025-12-12,93.05000305175781
2025-12-15,92.2699966430664
2025-12-16,92.04000091552734
2025-12-17,90.47000122070312
2025-12-18,91.30000305175781
2025-12-19,92.98999786376953
2025-12-22,94.45999908447266
2025-12-23,93.94999694824219
2025-12-24,94.04000091552734
2025-12-26,93.61000061035156
2025-12-29,92.79000091552734
2025-12-30,92.08999633789062
2025-12-31,91.19000244140625
2026-01-02,92.88999938964844
2026-01-05,94.29000091552734
2026-01-06,96.0999984741211
2026-01-07,95.5999984741211
2026-01-08,95.54000091552734
2026-01-09,96.30000305175781
2026-01-12,96.95999908447266
2026-01-13,96.97000122070312
2026-01-14,97.16000366210938
2026-01-15,98.08999633789062
2026-01-16,98.30999755859375
2026-01-20,97.12999725341797
2026-01-21,98.37000274658203
2026-01-22,98.93000030517578
2026-01-23,97.69999694824219
2026-01-26,97.30000305175781
2026-01-27,97.26000213623047
2026-01-28,97.12000274658203
2026-01-29,96.5
2026-01-30,94.69999694824219
2026-02-02,95.4800033569336
2026-02-03,95.52999877929688
2026-02-04,94.47000122070312
2026-02-05,93.55999755859375
2026-02-06,97.12999725341797
2026-02-09,98.0199966430664
2026-02-10,97.72000122070312
2026-02-11,97.19000244140625
2026-02-12,94.97000122070312
2026-02-13,96.13999938964844
2026-02-17,96.55000305175781
2026-02-18,97.25
2026-02-19,97.19000244140625
2026-02-20,97.58000183105469
2026-02-23,96.02999877929688
2026-02-24,97.0199966430664
2026-02-25,97.54000091552734
2026-02-26,98.10600280761719
