Date,Close
2006-06-26,49.852996826171875
2006-06-27,49.90058135986328
2006-06-28,49.608314514160156
2006-06-29,50.22677993774414
2006-06-30,50.61421585083008
2006-07-03,50.624412536621094
2006-07-05,50.597206115722656
2006-07-06,50.842220306396484
2006-07-07,51.25739288330078
2006-07-10,50.93069076538086
2006-07-11,51.37308883666992
2006-07-12,51.325477600097656
2006-07-13,51.44796371459961
2006-07-14,51.37308883666992
2006-07-17,51.01919174194336
2006-07-18,50.9239387512207
2006-07-19,51.20296096801758
2006-07-20,51.31186294555664
2006-07-21,51.37308883666992
2006-07-24,51.427555084228516
2006-07-25,51.38670349121094
2006-07-26,52.0537223815918
2006-07-27,52.074153900146484
2006-07-28,52.44166564941406
2006-07-31,52.35321044921875
2006-08-01,52.35386276245117
2006-08-02,52.244510650634766
2006-08-03,51.984825134277344
2006-08-04,52.360713958740234
2006-08-07,52.230831146240234
2006-08-08,52.13517379760742
2006-08-09,52.415382385253906
2006-08-10,52.531578063964844
2006-08-11,52.44953155517578
2006-08-14,52.03266143798828
2006-08-15,52.42221450805664
2006-08-16,52.66142272949219
2006-08-17,52.15565872192383
2006-08-18,51.991641998291016
2006-08-21,52.3401985168457
2006-08-22,52.23768615722656
2006-08-23,52.34701919555664
2006-08-24,52.25819778442383
2006-08-25,51.89597702026367
2006-08-28,51.89597702026367
2006-08-29,52.217193603515625
2006-08-30,52.46324157714844
2006-08-31,52.46324157714844
2006-09-01,52.67807388305664
2006-09-05,53.035030364990234
2006-09-06,52.67122268676758
2006-09-07,52.19071960449219
2006-09-08,51.83376693725586
2006-09-11,51.6552619934082
2006-09-12,51.8200569152832
2006-09-13,51.77202224731445
2006-09-14,51.9504280090332
2006-09-15,51.710208892822266
2006-09-18,51.929832458496094
2006-09-19,51.84748458862305
2006-09-20,51.83376693725586
2006-09-21,52.15638732910156
2006-09-22,52.15638732910156
2006-09-25,51.88178634643555
2006-09-26,51.792579650878906
2006-09-27,51.710208892822266
2006-09-28,51.6209716796875
2006-09-29,51.42189025878906
2006-10-02,51.615604400634766
2006-10-03,51.29157257080078
2006-10-04,51.46393966674805
2006-10-05,51.532875061035156
2006-10-06,51.284706115722656
2006-10-09,51.381229400634766
2006-10-10,51.41567611694336
2006-10-11,51.30540084838867
2006-10-12,51.9051513671875
2006-10-13,51.9051513671875
2006-10-16,52.14643096923828
2006-10-17,52.08440399169922
2006-10-18,52.263648986816406
2006-10-19,52.525630950927734
2006-10-20,52.373958587646484
2006-10-23,52.35329818725586
2006-10-24,52.43598556518555
2006-10-25,52.73246765136719
2006-10-26,52.92544937133789
2006-10-27,53.22189712524414
2006-10-30,53.3391227722168
2006-10-31,53.656253814697266
2006-11-01,53.74071502685547
2006-11-02,53.671531677246094
2006-11-03,53.37369918823242
2006-11-06,53.49144744873047
2006-11-07,53.650691986083984
2006-11-08,53.44985580444336
2006-11-09,53.339088439941406
2006-11-10,53.283729553222656
2006-11-13,52.90288162231445
2006-11-14,53.14521026611328
2006-11-15,53.103702545166016
2006-11-16,53.26295852661133
2006-11-17,53.44985580444336
2006-11-20,53.52606964111328
2006-11-21,53.60221481323242
2006-11-22,53.94151306152344
2006-11-24,54.14232635498047
2006-11-27,54.19083023071289
2006-11-28,54.52320861816406
2006-11-29,54.509342193603516
2006-11-30,54.910987854003906
2006-12-01,54.932525634765625
2006-12-04,54.98817443847656
2006-12-05,54.7656135559082
2006-12-06,54.6751594543457
2006-12-07,54.9951286315918
2006-12-08,54.751678466796875
2006-12-11,54.682132720947266
2006-12-12,54.82820510864258
2006-12-13,54.807315826416016
2006-12-14,54.591678619384766
2006-12-15,54.53605270385742
2006-12-18,54.431766510009766
2006-12-19,54.689125061035156
2006-12-20,54.86294174194336
2006-12-21,54.793426513671875
2006-12-22,54.758609771728516
2006-12-26,54.60560607910156
2006-12-27,54.82124328613281
2006-12-28,55.25942611694336
2006-12-29,55.231563568115234
2007-01-03,55.346187591552734
2007-01-04,54.90597915649414
2007-01-05,54.51472091674805
2007-01-08,54.58456039428711
2007-01-09,54.661460876464844
2007-01-10,54.38194274902344
2007-01-11,54.703365325927734
2007-01-12,54.85704803466797
2007-01-16,54.88501739501953
2007-01-17,55.15054702758789
2007-01-18,55.29726028442383
2007-01-19,55.374149322509766
2007-01-22,55.22740173339844
2007-01-23,55.58372497558594
2007-01-24,54.864078521728516
2007-01-25,54.277099609375
2007-01-26,54.298095703125
2007-01-29,54.22823715209961
2007-01-30,54.27012634277344
2007-01-31,54.48674774169922
2007-02-01,54.357601165771484
2007-02-02,54.399749755859375
2007-02-05,54.50502395629883
2007-02-06,54.65943908691406
2007-02-07,54.708534240722656
2007-02-08,54.98231887817383
2007-02-09,54.64539337158203
2007-02-12,54.252296447753906
2007-02-13,54.83490753173828
2007-02-14,55.17884063720703
2007-02-15,55.22800064086914
2007-02-16,55.4174919128418
2007-02-20,55.36136245727539
2007-02-21,55.72634506225586
2007-02-22,55.57194519042969
2007-02-23,55.81761169433594
2007-02-26,55.957984924316406
2007-02-27,55.62810134887695
2007-02-28,55.58594512939453
2007-03-01,55.365352630615234
2007-03-02,55.09751510620117
2007-03-05,54.39973831176758
2007-03-06,54.51251220703125
2007-03-07,54.92835235595703
2007-03-08,54.879005432128906
2007-03-09,55.090457916259766
2007-03-12,55.56269454956055
2007-03-13,55.34421157836914
2007-03-14,55.485172271728516
2007-03-15,55.837623596191406
2007-03-16,56.246456146240234
2007-03-19,56.535404205322266
2007-03-20,56.8385124206543
2007-03-21,57.16273498535156
2007-03-22,57.092220306396484
2007-03-23,57.01469039916992
2007-03-26,57.352996826171875
2007-03-27,57.21909713745117
2007-03-28,57.04991912841797
2007-03-29,57.14863586425781
2007-03-30,57.30367660522461
2007-04-02,57.883583068847656
2007-04-03,57.65701675415039
2007-04-04,58.01811218261719
2007-04-05,58.195133209228516
2007-04-09,57.954376220703125
2007-04-10,58.648250579833984
2007-04-11,58.52789306640625
2007-04-12,58.87485885620117
2007-04-13,59.17225646972656
2007-04-16,59.122684478759766
2007-04-17,59.441307067871094
2007-04-18,59.5120735168457
2007-04-19,59.29262924194336
2007-04-20,59.55458068847656
2007-04-23,59.17926025390625
2007-04-24,58.796966552734375
2007-04-25,59.27138137817383
2007-04-26,58.7403564453125
2007-04-27,59.044830322265625
2007-04-30,59.07310104370117
2007-05-01,58.95650100708008
2007-05-02,58.707557678222656
2007-05-03,58.629364013671875
2007-05-04,58.47283935546875
2007-05-07,58.792911529541016
2007-05-08,59.04894256591797
2007-05-09,59.041786193847656
2007-05-10,59.091590881347656
2007-05-11,59.26936721801758
2007-05-14,59.376075744628906
2007-05-15,59.418731689453125
2007-05-16,58.792911529541016
2007-05-17,58.80001449584961
2007-05-18,58.82139205932617
2007-05-21,58.700439453125
2007-05-22,58.52264404296875
2007-05-23,58.864017486572266
2007-05-24,58.46573257446289
2007-05-25,58.487098693847656
2007-05-29,58.4586296081543
2007-05-30,58.792911529541016
2007-05-31,59.18402099609375
2007-06-01,59.53124237060547
2007-06-04,59.68843460083008
2007-06-05,59.924163818359375
2007-06-06,60.1599006652832
2007-06-07,60.25994110107422
2007-06-08,60.3599853515625
2007-06-11,60.42428207397461
2007-06-12,60.27421569824219
2007-06-13,60.195621490478516
2007-06-14,59.86701965332031
2007-06-15,60.288543701171875
2007-06-18,60.467132568359375
2007-06-19,60.7171630859375
2007-06-20,60.581451416015625
2007-06-21,60.76003646850586
2007-06-22,60.75290298461914
2007-06-25,60.7457275390625
2007-06-26,60.70286560058594
2007-06-27,60.15281295776367
2007-06-28,60.72430419921875
2007-06-29,60.974365234375
2007-07-02,61.76872253417969
2007-07-03,61.43859100341797
2007-07-05,61.53184127807617
2007-07-06,61.67540740966797
2007-07-09,61.826114654541016
2007-07-10,61.94089126586914
2007-07-11,61.95528030395508
2007-07-12,62.242332458496094
2007-07-13,62.543701171875
2007-07-16,62.75177001953125
2007-07-17,62.8020133972168
2007-07-18,63.1034049987793
2007-07-19,63.28279113769531
2007-07-20,63.28996658325195
2007-07-23,63.55545425415039
2007-07-24,63.4406623840332
2007-07-25,63.6057014465332
2007-07-26,62.83787155151367
2007-07-27,61.43859100341797
2007-07-30,61.59645080566406
2007-07-31,61.45298385620117
2007-08-01,61.460174560546875
2007-08-02,61.784542083740234
2007-08-03,61.676456451416016
2007-08-06,61.914306640625
2007-08-07,61.81333541870117
2007-08-08,62.23147201538086
2007-08-09,61.4024658203125
2007-08-10,60.969974517822266
2007-08-13,60.840267181396484
2007-08-14,60.26356506347656
2007-08-15,59.26875686645508
2007-08-16,57.012474060058594
2007-08-17,57.6396598815918
2007-08-20,58.33885192871094
2007-08-21,57.9351806640625
2007-08-22,58.288429260253906
2007-08-23,59.28318405151367
2007-08-24,59.80220031738281
2007-08-27,60.02565383911133
2007-08-28,59.095802307128906
2007-08-29,59.59316635131836
2007-08-30,59.002079010009766
2007-08-31,59.23994827270508
2007-09-04,59.671566009521484
2007-09-05,59.59189987182617
2007-09-06,60.077064514160156
2007-09-07,59.96845245361328
2007-09-10,59.89606475830078
2007-09-11,60.569541931152344
2007-09-12,61.19227600097656
2007-09-13,61.018516540527344
2007-09-14,61.214012145996094
2007-09-17,60.446414947509766
2007-09-18,61.80783462524414
2007-09-19,62.220611572265625
2007-09-20,62.589969635009766
2007-09-21,62.85791015625
2007-09-24,63.11137771606445
2007-09-25,63.4444465637207
2007-09-26,63.77033996582031
2007-09-27,63.857242584228516
2007-09-28,64.58863830566406
2007-10-01,65.13568115234375
2007-10-02,64.43733978271484
2007-10-03,64.26271057128906
2007-10-04,64.68462371826172
2007-10-05,65.3902816772461
2007-10-08,65.05569458007812
2007-10-09,65.59400177001953
2007-10-10,65.55033111572266
2007-10-11,65.74674224853516
2007-10-12,66.05227661132812
2007-10-15,65.61581420898438
2007-10-16,65.00474548339844
2007-10-17,64.90289306640625
2007-10-18,65.4703369140625
2007-10-19,65.1793441772461
2007-10-22,64.56102752685547
2007-10-23,65.60125732421875
2007-10-24,65.93585205078125
2007-10-25,66.48147583007812
2007-10-26,67.21621704101562
2007-10-29,67.41260528564453
2007-10-30,67.31078338623047
2007-10-31,67.80542755126953
2007-11-01,66.89102172851562
2007-11-02,67.7900619506836
2007-11-05,67.49771881103516
2007-11-06,68.0093765258789
2007-11-07,68.11894989013672
2007-11-08,67.9728012084961
2007-11-09,66.86910247802734
2007-11-12,64.48614501953125
2007-11-13,65.67025756835938
2007-11-14,65.74335479736328
2007-11-15,65.00505065917969
2007-11-16,65.29015350341797
2007-11-19,64.93205261230469
2007-11-20,65.38516235351562
2007-11-21,63.85014724731445
2007-11-23,64.24488830566406
2007-11-26,63.777042388916016
2007-11-27,64.48614501953125
2007-11-28,65.34866333007812
2007-11-29,64.81503295898438
2007-11-30,64.88079071044922
2007-12-03,64.68843078613281
2007-12-04,64.1670150756836
2007-12-05,63.946746826171875
2007-12-06,64.54891967773438
2007-12-07,64.45342254638672
2007-12-10,65.07764434814453
2007-12-11,64.21844482421875
2007-12-12,64.92340850830078
2007-12-13,64.49750518798828
2007-12-14,63.39596939086914
2007-12-17,63.03618621826172
2007-12-18,63.285823822021484
2007-12-19,63.263832092285156
2007-12-20,63.27114486694336
2007-12-21,63.895347595214844
2007-12-24,64.21844482421875
2007-12-26,64.54158782958984
2007-12-27,64.77653503417969
2007-12-28,64.6149673461914
2007-12-31,64.64440155029297
2008-01-02,65.18495178222656
2008-01-03,64.97846221923828
2008-01-04,64.2926025390625
2008-01-07,64.29997253417969
2008-01-08,65.00055694580078
2008-01-09,65.26607513427734
2008-01-10,66.22480773925781
2008-01-11,65.89292907714844
2008-01-14,66.53457641601562
2008-01-15,65.52422332763672
2008-01-16,64.99319458007812
2008-01-17,64.94902038574219
2008-01-18,65.0816879272461
2008-01-22,64.35900115966797
2008-01-23,64.7055892944336
2008-01-24,65.31765747070312
2008-01-25,65.21446228027344
2008-01-28,65.9666976928711
2008-01-29,65.90027618408203
2008-01-30,66.44596862792969
2008-01-31,66.5123291015625
2008-02-01,67.096923828125
2008-02-04,67.45999145507812
2008-02-05,66.43753051757812
2008-02-06,66.48941802978516
2008-02-07,66.2448959350586
2008-02-08,66.48197174072266
2008-02-11,67.14881134033203
2008-02-12,67.08955383300781
2008-02-13,66.60795593261719
2008-02-14,67.12662506103516
2008-02-15,67.56375122070312
2008-02-19,68.41577911376953
2008-02-20,68.31946563720703
2008-02-21,68.3861083984375
2008-02-22,68.73438262939453
2008-02-25,68.99370574951172
2008-02-26,69.48267364501953
2008-02-27,70.26802062988281
2008-02-28,70.75708770751953
2008-02-29,69.46784973144531
2008-03-03,70.08354187011719
2008-03-04,69.02640533447266
2008-03-05,69.51775360107422
2008-03-06,68.89237213134766
2008-03-07,69.2274169921875
2008-03-10,68.36383056640625
2008-03-11,69.13062286376953
2008-03-12,69.7187728881836
2008-03-13,70.63445281982422
2008-03-14,70.11334228515625
2008-03-17,68.47550201416016
2008-03-18,69.2274169921875
2008-03-19,68.341552734375
2008-03-20,67.05353546142578
2008-03-24,67.67893981933594
2008-03-25,68.47550201416016
2008-03-26,68.7137222290039
2008-03-27,68.7137222290039
2008-03-28,68.63927459716797
2008-03-31,68.39360809326172
2008-04-01,67.79632568359375
2008-04-02,68.46995544433594
2008-04-03,68.48495483398438
2008-04-04,69.06123352050781
2008-04-07,69.42047882080078
2008-04-08,69.675048828125
2008-04-09,69.62261199951172
2008-04-10,69.8995132446289
2008-04-11,69.69744110107422
2008-04-14,69.39054107666016
2008-04-15,69.32317352294922
2008-04-16,70.52080535888672
2008-04-17,70.24383544921875
2008-04-18,70.09412384033203
2008-04-21,70.73030853271484
2008-04-22,70.88754272460938
2008-04-23,71.3291244506836
2008-04-24,70.633056640625
2008-04-25,69.98188781738281
2008-04-28,70.58809661865234
2008-04-29,70.19893646240234
2008-04-30,70.95489501953125
2008-05-01,70.3431625366211
2008-05-02,70.60649871826172
2008-05-05,71.41907501220703
2008-05-06,71.6673812866211
2008-05-07,71.02784729003906
2008-05-08,71.19342803955078
2008-05-09,71.13317108154297
2008-05-12,71.44168853759766
2008-05-13,71.06548309326172
2008-05-14,70.62155151367188
2008-05-15,71.19342803955078
2008-05-16,72.1414566040039
2008-05-19,71.990966796875
2008-05-20,72.40482330322266
2008-05-21,72.75084686279297
2008-05-22,72.2166748046875
2008-05-23,72.62297058105469
2008-05-27,72.52519226074219
2008-05-28,72.83363342285156
2008-05-29,72.38218688964844
2008-05-30,72.38970184326172
2008-06-02,72.27471923828125
2008-06-03,72.06292724609375
2008-06-04,72.5016860961914
2008-06-05,72.6681137084961
2008-06-06,73.0009765625
2008-06-09,71.97968292236328
2008-06-10,71.7905502319336
2008-06-11,72.2218017578125
2008-06-12,70.88284301757812
2008-06-13,71.26860809326172
2008-06-16,71.40476989746094
2008-06-17,71.65442657470703
2008-06-18,71.90406799316406
2008-06-19,72.29745483398438
2008-06-20,72.47896575927734
2008-06-23,72.31251525878906
2008-06-24,72.57730102539062
2008-06-25,72.89506530761719
2008-06-26,72.75130462646484
2008-06-27,73.08419036865234
2008-06-30,72.978271484375
2008-07-01,72.5638656616211
2008-07-02,73.29385375976562
2008-07-03,73.050537109375
2008-07-07,72.74635314941406
2008-07-08,72.69310760498047
2008-07-09,72.85281372070312
2008-07-10,73.33946990966797
2008-07-11,73.6892318725586
2008-07-14,74.17591857910156
2008-07-15,74.68535614013672
2008-07-16,74.2746810913086
2008-07-17,73.99339294433594
2008-07-18,74.09980773925781
2008-07-21,74.57888793945312
2008-07-22,74.1530990600586
2008-07-23,73.47628784179688
2008-07-24,73.30146026611328
2008-07-25,73.06568908691406
2008-07-28,73.1341323852539
2008-07-29,72.78443145751953
2008-07-30,72.11524200439453
2008-07-31,72.001220703125
2008-08-01,71.05093383789062
2008-08-04,71.0815200805664
2008-08-05,70.05712127685547
2008-08-06,69.5525894165039
2008-08-07,69.33848571777344
2008-08-08,68.09239196777344
2008-08-11,67.56487274169922
2008-08-12,66.99148559570312
2008-08-13,67.14446258544922
2008-08-14,66.72393035888672
2008-08-15,66.31880187988281
2008-08-18,66.50226593017578
2008-08-19,66.8538589477539
2008-08-20,66.97624206542969
2008-08-21,67.50374603271484
2008-08-22,66.53279876708984
2008-08-25,66.27290344238281
2008-08-26,65.6613540649414
2008-08-27,65.92120361328125
2008-08-28,66.21934509277344
2008-08-29,66.00535583496094
2008-09-02,64.43669891357422
2008-09-03,64.25987243652344
2008-09-04,63.383750915527344
2008-09-05,62.53834533691406
2008-09-08,62.88416290283203
2008-09-09,61.639129638671875
2008-09-10,61.769813537597656
2008-09-11,61.685245513916016
2008-09-12,63.36835479736328
2008-09-15,62.32307815551758
2008-09-16,61.53916549682617
2008-09-17,61.28555679321289
2008-09-18,61.70828628540039
2008-09-19,64.47508239746094
2008-09-22,65.65104675292969
2008-09-23,64.75182342529297
2008-09-24,64.55199432373047
2008-09-25,64.63648223876953
2008-09-26,64.25987243652344
2008-09-29,61.785133361816406
2008-09-30,61.03187942504883
2008-10-01,60.94158172607422
2008-10-02,59.49721908569336
2008-10-03,59.72117614746094
2008-10-06,55.49623489379883
2008-10-07,54.5384635925293
2008-10-08,52.035926818847656
2008-10-09,52.970516204833984
2008-10-10,49.9813346862793
2008-10-13,53.85103988647461
2008-10-14,54.27580261230469
2008-10-15,51.38711929321289
2008-10-16,53.35669708251953
2008-10-17,53.17906188964844
2008-10-20,54.468955993652344
2008-10-21,52.25992202758789
2008-10-22,51.63429641723633
2008-10-23,51.518402099609375
2008-10-24,48.16624450683594
2008-10-27,46.84546661376953
2008-10-28,49.718746185302734
2008-10-29,52.012760162353516
2008-10-30,52.854637145996094
2008-10-31,51.61880874633789
2008-11-03,52.80634307861328
2008-11-04,54.241302490234375
2008-11-05,53.194156646728516
2008-11-06,51.829017639160156
2008-11-07,52.52711486816406
2008-11-10,51.984169006347656
2008-11-11,51.13092803955078
2008-11-12,49.346920013427734
2008-11-13,51.650611877441406
2008-11-14,50.71981430053711
2008-11-17,50.59574508666992
2008-11-18,50.45612716674805
2008-11-19,49.64168167114258
2008-11-20,47.26821517944336
2008-11-21,48.90482711791992
2008-11-24,50.572486877441406
2008-11-25,50.85166549682617
2008-11-26,50.843971252441406
2008-11-28,50.99132537841797
2008-12-01,49.7255973815918
2008-12-02,50.145973205566406
2008-12-03,50.58189010620117
2008-12-04,49.982479095458984
2008-12-05,50.41839599609375
2008-12-08,51.944068908691406
2008-12-09,51.196807861328125
2008-12-10,51.196807861328125
2008-12-11,52.30219650268555
2008-12-12,51.515987396240234
2008-12-15,52.154258728027344
2008-12-16,54.36500549316406
2008-12-17,54.87874984741211
2008-12-18,53.39196014404297
2008-12-19,53.39196014404297
2008-12-22,53.46206283569336
2008-12-23,53.282989501953125
2008-12-24,53.282989501953125
2008-12-26,53.55542755126953
2008-12-29,53.71113586425781
2008-12-30,54.014713287353516
2008-12-31,55.5325927734375
2009-01-02,55.4826545715332
2009-01-05,56.037017822265625
2009-01-06,56.67727279663086
2009-01-07,55.59197235107422
2009-01-08,55.80278396606445
2009-01-09,55.0610466003418
2009-01-12,53.18718338012695
2009-01-13,51.8520393371582
2009-01-14,51.508460998535156
2009-01-15,52.094078063964844
2009-01-16,52.554710388183594
2009-01-20,50.64179992675781
2009-01-21,51.90666198730469
2009-01-22,51.30544662475586
2009-01-23,51.32888412475586
2009-01-26,51.60216522216797
2009-01-27,51.93788146972656
2009-01-28,52.01597595214844
2009-01-29,51.094661712646484
2009-01-30,49.798553466796875
2009-02-02,49.510406494140625
2009-02-03,50.99811553955078
2009-02-04,50.37171936035156
2009-02-05,51.295677185058594
2009-02-06,53.033992767333984
2009-02-09,53.37852096557617
2009-02-10,51.068634033203125
2009-02-11,51.43663024902344
2009-02-12,51.21736526489258
2009-02-13,51.62455368041992
2009-02-17,50.011531829833984
2009-02-18,50.175960540771484
2009-02-19,50.44219207763672
2009-02-20,50.72407913208008
2009-02-23,50.34821319580078
2009-02-24,51.07642364501953
2009-02-25,50.81804656982422
2009-02-26,50.95895767211914
2009-02-27,50.175960540771484
2009-03-02,49.36394500732422
2009-03-03,50.17986297607422
2009-03-04,51.05069351196289
2009-03-05,49.99940490722656
2009-03-06,50.26618194580078
2009-03-09,49.58363342285156
2009-03-10,50.56431579589844
2009-03-11,51.08211135864258
2009-03-12,51.3880615234375
2009-03-13,51.654842376708984
2009-03-16,51.71759796142578
2009-03-17,52.007904052734375
2009-03-18,53.36519241333008
2009-03-19,53.89862823486328
2009-03-20,53.91435241699219
2009-03-23,55.35007858276367
2009-03-24,54.58903884887695
2009-03-25,54.84009552001953
2009-03-26,55.232398986816406
2009-03-27,54.44780731201172
2009-03-30,53.39651107788086
2009-03-31,54.667518615722656
2009-04-01,54.9551887512207
2009-04-02,56.29133605957031
2009-04-03,56.275611877441406
2009-04-06,56.118412017822266
2009-04-07,55.9140625
2009-04-08,55.78045654296875
2009-04-09,56.54288101196289
2009-04-13,57.50959014892578
2009-04-14,57.01443862915039
2009-04-15,57.26591873168945
2009-04-16,56.566402435302734
2009-04-17,56.707889556884766
2009-04-20,54.774410247802734
2009-04-21,56.00835037231445
2009-04-22,55.57609558105469
2009-04-23,56.212738037109375
2009-04-24,56.84149169921875
2009-04-27,55.9140625
2009-04-28,55.6153678894043
2009-04-29,57.1087532043457
2009-04-30,57.25020217895508
2009-05-01,57.48090744018555
2009-05-04,58.26034927368164
2009-05-05,58.49652099609375
2009-05-06,58.97676467895508
2009-05-07,59.362552642822266
2009-05-08,60.55137252807617
2009-05-11,59.7877082824707
2009-05-12,60.28370666503906
2009-05-13,59.220829010009766
2009-05-14,59.913604736328125
2009-05-15,59.08699035644531
2009-05-18,60.441139221191406
2009-05-19,61.11037826538086
2009-05-20,61.149742126464844
2009-05-21,61.25996398925781
2009-05-22,61.952754974365234
2009-05-26,62.06297302246094
2009-05-27,61.34658432006836
2009-05-28,61.976402282714844
2009-05-29,63.16525650024414
2009-06-01,63.99959945678711
2009-06-02,64.81986236572266
2009-06-03,63.02959060668945
2009-06-04,63.368675231933594
2009-06-05,62.5563850402832
2009-06-08,62.169898986816406
2009-06-09,63.29771041870117
2009-06-10,63.45541763305664
2009-06-11,64.662109375
2009-06-12,64.20465087890625
2009-06-15,62.6667594909668
2009-06-16,62.74563217163086
2009-06-17,62.682552337646484
2009-06-18,63.15576171875
2009-06-19,63.597415924072266
2009-06-22,62.23299789428711
2009-06-23,62.76142883300781
2009-06-24,62.92707824707031
2009-06-25,63.368675231933594
2009-06-26,63.755130767822266
2009-06-29,63.873443603515625
2009-06-30,63.6762809753418
2009-07-01,63.7884521484375
2009-07-02,62.80088424682617
2009-07-06,63.00627899169922
2009-07-07,62.41374206542969
2009-07-08,61.426231384277344
2009-07-09,61.916038513183594
2009-07-10,61.584197998046875
2009-07-13,61.92393493652344
2009-07-14,62.4375
2009-07-15,63.51982498168945
2009-07-16,63.677825927734375
2009-07-17,63.409271240234375
2009-07-20,64.5864028930664
2009-07-21,64.45209503173828
2009-07-22,64.57066345214844
2009-07-23,64.53111267089844
2009-07-24,64.64956665039062
2009-07-27,65.10784912109375
2009-07-28,65.5423583984375
2009-07-29,64.61009979248047
2009-07-30,65.28956604003906
2009-07-31,66.2217788696289
2009-08-03,66.64281463623047
2009-08-04,66.8327407836914
2009-08-05,66.5478286743164
2009-08-06,66.47664642333984
2009-08-07,66.16004180908203
2009-08-10,66.2708740234375
2009-08-11,65.7010498046875
2009-08-12,66.072998046875
2009-08-13,66.71405029296875
2009-08-14,65.74067687988281
2009-08-17,65.0916748046875
2009-08-18,65.43992614746094
2009-08-19,65.69309997558594
2009-08-20,65.92268371582031
2009-08-21,66.0413818359375
2009-08-24,66.38165283203125
2009-08-25,66.29462432861328
2009-08-26,65.62989044189453
2009-08-27,66.61114501953125
2009-08-28,66.74574279785156
2009-08-31,67.02266693115234
2009-09-01,65.54576873779297
2009-09-02,66.11649322509766
2009-09-03,66.54466247558594
2009-09-04,67.47215270996094
2009-09-08,68.41558837890625
2009-09-09,68.34423828125
2009-09-10,68.53451538085938
2009-09-11,68.43937683105469
2009-09-14,68.35216522216797
2009-09-15,68.59786987304688
2009-09-16,69.42235565185547
2009-09-17,69.08941650390625
2009-09-18,68.81987762451172
2009-09-21,68.51067352294922
2009-09-22,69.35105895996094
2009-09-23,69.10525512695312
2009-09-24,68.75643920898438
2009-09-25,68.66925811767578
2009-09-28,69.14490509033203
2009-09-29,69.16072082519531
2009-09-30,70.06450653076172
2009-10-01,68.94403839111328
2009-10-02,68.59461975097656
2009-10-05,69.67464447021484
2009-10-06,70.70696258544922
2009-10-07,70.69902038574219
2009-10-08,71.98548889160156
2009-10-09,71.84252166748047
2009-10-12,72.1045913696289
2009-10-13,71.97753143310547
2009-10-14,72.6604232788086
2009-10-15,73.1687240600586
2009-10-16,72.94630432128906
2009-10-19,73.80400085449219
2009-10-20,73.31159973144531
2009-10-21,73.64515686035156
2009-10-22,73.7721939086914
2009-10-23,73.35926818847656
2009-10-26,72.7795181274414
2009-10-27,72.77159881591797
2009-10-28,71.38191986083984
2009-10-29,72.87486267089844
2009-10-30,71.62812042236328
2009-11-02,71.91854095458984
2009-11-03,71.8310317993164
2009-11-04,72.40385437011719
2009-11-05,72.45158386230469
2009-11-06,73.08018493652344
2009-11-09,74.04285430908203
2009-11-10,74.08271789550781
2009-11-11,74.07470703125
2009-11-12,73.50190734863281
2009-11-13,74.4248275756836
2009-11-16,74.6873779296875
2009-11-17,74.15430450439453
2009-11-18,74.08271789550781
2009-11-19,73.2790756225586
2009-11-20,72.9767074584961
2009-11-23,73.74854278564453
2009-11-24,73.29499053955078
2009-11-25,74.32936096191406
2009-11-27,72.29249572753906
2009-11-30,73.0165023803711
2009-12-01,73.7501220703125
2009-12-02,73.79793548583984
2009-12-03,73.86175537109375
2009-12-04,72.96073913574219
2009-12-07,72.72944641113281
2009-12-08,72.17127990722656
2009-12-09,72.54605865478516
2009-12-10,73.22384643554688
2009-12-11,72.79324340820312
2009-12-14,73.19994354248047
2009-12-15,72.34666442871094
2009-12-16,71.91614532470703
2009-12-17,70.80777740478516
2009-12-18,71.11874389648438
2009-12-21,70.42504119873047
2009-12-22,69.97050476074219
2009-12-23,70.26549530029297
2009-12-24,70.65625
2009-12-28,70.88751983642578
2009-12-29,71.45362091064453
2009-12-30,71.42176055908203
2009-12-31,71.82048797607422
2010-01-04,72.97230529785156
2010-01-05,72.90038299560547
2010-01-06,73.5638427734375
2010-01-07,73.41991424560547
2010-01-08,73.92355346679688
2010-01-11,74.53898620605469
2010-01-12,73.61978912353516
2010-01-13,73.9714584350586
2010-01-14,74.55500793457031
2010-01-15,73.89957427978516
2010-01-19,74.05938720703125
2010-01-20,72.74043273925781
2010-01-21,72.23686981201172
2010-01-22,72.16490173339844
2010-01-25,72.50867462158203
2010-01-26,71.99713134765625
2010-01-27,71.63741302490234
2010-01-28,71.70934295654297
2010-01-29,70.90997314453125
2010-02-01,71.437255859375
2010-02-02,71.08467864990234
2010-02-03,70.76410675048828
2010-02-04,69.29776000976562
2010-02-05,69.51408386230469
2010-02-08,69.3137435913086
2010-02-09,70.4035415649414
2010-02-10,70.20325469970703
2010-02-11,71.4613037109375
2010-02-12,71.12476348876953
2010-02-16,72.36679077148438
2010-02-17,72.22256469726562
2010-02-18,72.41484069824219
2010-02-19,72.1103515625
2010-02-22,72.25459289550781
2010-02-23,71.32506561279297
2010-02-24,71.7177505493164
2010-02-25,71.40522766113281
2010-02-26,71.98212432861328
2010-03-01,72.33878326416016
2010-03-02,72.59574127197266
2010-03-03,72.75633239746094
2010-03-04,72.42705535888672
2010-03-05,72.9651870727539
2010-03-08,73.08561706542969
2010-03-09,73.47915649414062
2010-03-10,73.5434799194336
2010-03-11,73.58362579345703
2010-03-12,73.63182067871094
2010-03-15,73.52739715576172
2010-03-16,73.86473846435547
2010-03-17,74.24217987060547
2010-03-18,74.1297607421875
2010-03-19,73.7040023803711
2010-03-22,73.8405990600586
2010-03-23,73.98513793945312
2010-03-24,73.10173034667969
2010-03-25,73.05355072021484
2010-03-26,72.74032592773438
2010-03-29,73.82453918457031
2010-03-30,73.92089080810547
2010-03-31,73.92089080810547
2010-04-01,74.15282440185547
2010-04-05,74.16895294189453
2010-04-06,74.7969741821289
2010-04-07,74.7567367553711
2010-04-08,74.78092956542969
2010-04-09,75.21575927734375
2010-04-12,74.84536743164062
2010-04-13,74.7567367553711
2010-04-14,75.38485717773438
2010-04-15,75.30423736572266
2010-04-16,74.64401245117188
2010-04-19,74.44267272949219
2010-04-20,75.14319610595703
2010-04-21,74.90170288085938
2010-04-22,74.96609497070312
2010-04-23,74.7969741821289
2010-04-26,74.82113647460938
2010-04-27,73.78240966796875
2010-04-28,74.66014862060547
2010-04-29,74.90970611572266
2010-04-30,74.74060821533203
2010-05-03,74.81415557861328
2010-05-04,73.4415512084961
2010-05-05,73.11859130859375
2010-05-06,71.59253692626953
2010-05-07,71.62481689453125
2010-05-10,72.94900512695312
2010-05-11,72.43228149414062
2010-05-12,72.2061767578125
2010-05-13,72.44031524658203
2010-05-14,71.61679077148438
2010-05-17,70.92247772216797
2010-05-18,69.98583984375
2010-05-19,68.38716888427734
2010-05-20,66.43324279785156
2010-05-21,67.27293395996094
2010-05-24,67.0792007446289
2010-05-25,66.74815368652344
2010-05-26,66.63508605957031
2010-05-27,68.87973022460938
2010-05-28,68.61323547363281
2010-06-01,67.492431640625
2010-06-02,68.2293472290039
2010-06-03,68.34275817871094
2010-06-04,66.60967254638672
2010-06-07,65.6783676147461
2010-06-08,67.08746337890625
2010-06-09,67.07942199707031
2010-06-10,68.9582290649414
2010-06-11,68.96635437011719
2010-06-14,69.64659881591797
2010-06-15,70.23777770996094
2010-06-16,70.05958557128906
2010-06-17,70.4078598022461
2010-06-18,70.58600616455078
2010-06-21,71.17720031738281
2010-06-22,70.79657745361328
2010-06-23,70.87757110595703
2010-06-24,70.30256652832031
2010-06-25,71.07191467285156
2010-06-28,70.8208999633789
2010-06-29,68.97442626953125
2010-06-30,68.3265380859375
2010-07-01,68.50770568847656
2010-07-02,68.47518157958984
2010-07-06,69.16551208496094
2010-07-07,70.35942077636719
2010-07-08,71.23660278320312
2010-07-09,71.3421630859375
2010-07-12,71.171630859375
2010-07-13,71.55342102050781
2010-07-14,71.82953643798828
2010-07-15,71.91883087158203
2010-07-16,70.77364349365234
2010-07-19,70.83049011230469
2010-07-20,71.89448547363281
2010-07-21,71.46402740478516
2010-07-22,72.73103332519531
2010-07-23,73.03153228759766
2010-07-26,73.5432357788086
2010-07-27,73.47818756103516
2010-07-28,72.6498031616211
2010-07-29,73.37258911132812
2010-07-30,73.75439453125
2010-08-02,74.37682342529297
2010-08-03,74.36864471435547
2010-08-04,74.77607727050781
2010-08-05,74.59674835205078
2010-08-06,74.93900299072266
2010-08-09,74.75159454345703
2010-08-10,74.46646881103516
2010-08-11,73.30142211914062
2010-08-12,73.10584259033203
2010-08-13,72.84514617919922
2010-08-16,73.2525405883789
2010-08-17,73.87982940673828
2010-08-18,73.37467956542969
2010-08-19,72.9021987915039
2010-08-20,72.86138916015625
2010-08-23,72.82070922851562
2010-08-24,72.21778869628906
2010-08-25,72.1119155883789
2010-08-26,72.52737426757812
2010-08-27,73.47247314453125
2010-08-30,72.91030883789062
2010-08-31,72.75550842285156
2010-09-01,74.3329086303711
2010-09-02,74.5617446899414
2010-09-03,74.95405578613281
2010-09-07,74.5126953125
2010-09-08,75.00308227539062
2010-09-09,75.58335876464844
2010-09-10,75.82858276367188
2010-09-13,76.59680938720703
2010-09-14,77.103515625
2010-09-15,76.8256607055664
2010-09-16,76.71119689941406
2010-09-17,76.67852783203125
2010-09-20,77.53669738769531
2010-09-21,78.12513732910156
2010-09-22,78.2477035522461
2010-09-23,77.83089447021484
2010-09-24,78.6645736694336
2010-09-27,78.8607177734375
2010-09-28,79.31841278076172
2010-09-29,79.3919677734375
2010-09-30,79.27754211425781
2010-10-01,79.80543518066406
2010-10-04,79.38736724853516
2010-10-05,79.65789031982422
2010-10-06,80.14160919189453
2010-10-07,80.48590087890625
2010-10-08,80.87937927246094
2010-10-11,80.79737854003906
2010-10-12,80.94491577148438
2010-10-13,81.28108978271484
2010-10-14,81.63357543945312
2010-10-15,81.23185729980469
2010-10-18,81.64176177978516
2010-10-19,79.51036071777344
2010-10-20,81.01874542236328
2010-10-21,80.37113189697266
2010-10-22,80.60063934326172
2010-10-25,81.3794174194336
2010-10-26,80.89573669433594
2010-10-27,79.8300552368164
2010-10-28,80.4776840209961
2010-10-29,80.57608795166016
2010-11-01,81.08671569824219
2010-11-02,82.1556625366211
2010-11-03,82.55862426757812
2010-11-04,83.6275634765625
2010-11-05,83.52071380615234
2010-11-08,83.41382598876953
2010-11-09,82.58332824707031
2010-11-10,82.8464126586914
2010-11-11,82.2214126586914
2010-11-12,81.2429428100586
2010-11-15,81.00447082519531
2010-11-16,80.4699935913086
2010-11-17,80.59331512451172
2010-11-18,81.44029998779297
2010-11-19,81.27583312988281
2010-11-22,81.53897857666016
2010-11-23,80.18213653564453
2010-11-24,80.93047332763672
2010-11-26,79.4256362915039
2010-11-29,79.4749984741211
2010-11-30,79.10497283935547
2010-12-01,79.92578125
2010-12-02,80.56095123291016
2010-12-03,81.90557098388672
2010-12-06,81.72411346435547
2010-12-07,81.22908782958984
2010-12-08,80.88264465332031
2010-12-09,81.32807159423828
2010-12-10,81.41062927246094
2010-12-13,82.18599700927734
2010-12-14,82.49950408935547
2010-12-15,81.42705535888672
2010-12-16,81.74054718017578
2010-12-17,81.7157974243164
2010-12-20,82.1943130493164
2010-12-21,82.40045928955078
2010-12-22,82.77171325683594
2010-12-23,83.13468170166016
2010-12-27,83.06864929199219
2010-12-28,83.53063201904297
2010-12-29,84.248291015625
2010-12-30,84.1740493774414
2010-12-31,84.68550872802734
2011-01-03,84.17149353027344
2011-01-04,83.26923370361328
2011-01-05,82.78092193603516
2011-01-06,82.32564544677734
2011-01-07,82.58223724365234
2011-01-10,82.53260040283203
2011-01-11,81.82901000976562
2011-01-12,82.49119567871094
2011-01-13,82.59880828857422
2011-01-14,82.0525131225586
2011-01-18,82.75606536865234
2011-01-19,82.9878158569336
2011-01-20,81.9366455078125
2011-01-21,82.14352416992188
2011-01-24,82.88847351074219
2011-01-25,82.73950958251953
2011-01-26,82.81400299072266
2011-01-27,82.37532043457031
2011-01-28,82.44153594970703
2011-01-31,82.76432800292969
2011-02-01,84.00088500976562
2011-02-02,83.76005554199219
2011-02-03,84.4161148071289
2011-02-04,84.26661682128906
2011-02-07,84.20851135253906
2011-02-08,84.39127349853516
2011-02-09,84.10057067871094
2011-02-10,83.52752685546875
2011-02-11,83.30329895019531
2011-02-14,83.45279693603516
2011-02-15,82.7635269165039
2011-02-16,83.51095581054688
2011-02-17,84.15869140625
2011-02-18,84.4576187133789
2011-02-22,83.0956802368164
2011-02-23,83.3946533203125
2011-02-24,84.09224700927734
2011-02-25,84.76494598388672
2011-02-28,84.83965301513672
2011-03-01,84.41571044921875
2011-03-02,84.69889068603516
2011-03-03,84.64891052246094
2011-03-04,84.49071502685547
2011-03-07,84.28243255615234
2011-03-08,84.18250274658203
2011-03-09,84.24085998535156
2011-03-10,83.34126281738281
2011-03-11,84.66558837890625
2011-03-14,84.28243255615234
2011-03-15,82.6749496459961
2011-03-16,81.93368530273438
2011-03-17,81.8919677734375
2011-03-18,83.27461242675781
2011-03-21,83.90762329101562
2011-03-22,84.41571044921875
2011-03-23,84.66558837890625
2011-03-24,85.35696411132812
2011-03-25,85.66506958007812
2011-03-28,85.68171691894531
2011-03-29,86.01494598388672
2011-03-30,86.28140258789062
2011-03-31,86.46466064453125
2011-04-01,86.81647491455078
2011-04-04,86.65771484375
2011-04-05,86.37358093261719
2011-04-06,87.35128021240234
2011-04-07,87.50169372558594
2011-04-08,88.12848663330078
2011-04-11,87.78582000732422
2011-04-12,87.4766616821289
2011-04-13,87.9613265991211
2011-04-14,88.30400085449219
2011-04-15,88.42935943603516
2011-04-18,88.06161499023438
2011-04-19,88.08670043945312
2011-04-20,89.52401733398438
2011-04-21,90.07556915283203
2011-04-25,89.87501525878906
2011-04-26,90.35134887695312
2011-04-27,91.12854766845703
2011-04-28,91.64656829833984
2011-04-29,91.9390640258789
2011-05-02,91.76553344726562
2011-05-03,91.1032485961914
2011-05-04,90.05534362792969
2011-05-05,88.58818817138672
2011-05-06,89.7367172241211
2011-05-09,90.55834197998047
2011-05-10,90.96910858154297
2011-05-11,89.77862548828125
2011-05-12,89.56073760986328
2011-05-13,88.6971664428711
2011-05-16,88.8984146118164
2011-05-17,89.20857238769531
2011-05-18,89.25886535644531
2011-05-19,89.66961669921875
2011-05-20,89.68643951416016
2011-05-23,88.32830047607422
2011-05-24,88.74747467041016
2011-05-25,88.54627227783203
2011-05-26,89.45169830322266
2011-05-27,89.9462661743164
2011-05-31,89.82898712158203
2011-06-01,89.29987335205078
2011-06-02,89.87183380126953
2011-06-03,90.2166976928711
2011-06-06,90.04852294921875
2011-06-07,90.1410903930664
2011-06-08,89.3839340209961
2011-06-09,89.5269546508789
2011-06-10,88.86247253417969
2011-06-13,89.29144287109375
2011-06-14,90.00641632080078
2011-06-15,88.96340942382812
2011-06-16,88.84561157226562
2011-06-17,89.47651672363281
2011-06-20,89.10636901855469
2011-06-21,89.41761779785156
2011-06-22,89.1484603881836
2011-06-23,88.81195068359375
2011-06-24,88.55120086669922
2011-06-27,88.07173919677734
2011-06-28,88.92973327636719
2011-06-29,90.09900665283203
2011-06-30,90.52796173095703
2011-07-01,90.99805450439453
2011-07-05,90.28916931152344
2011-07-06,90.23846435546875
2011-07-07,90.97270965576172
2011-07-08,90.87146759033203
2011-07-11,89.9178237915039
2011-07-12,89.5212173461914
2011-07-13,90.76171875
2011-07-14,90.48321533203125
2011-07-15,90.04439544677734
2011-07-18,89.61396789550781
2011-07-19,90.7026596069336
2011-07-20,90.8292236328125
2011-07-21,91.64783477783203
2011-07-22,91.80821990966797
2011-07-25,91.77437591552734
2011-07-26,92.76177215576172
2011-07-27,93.23436737060547
2011-07-28,92.98126220703125
2011-07-29,93.05714416503906
2011-08-01,92.87171173095703
2011-08-02,91.46611785888672
2011-08-03,91.07656860351562
2011-08-04,88.76495361328125
2011-08-05,88.7057113647461
2011-08-08,86.60575866699219
2011-08-09,88.02833557128906
2011-08-10,86.36863708496094
2011-08-11,87.64725494384766
2011-08-12,87.78275299072266
2011-08-15,89.11212158203125
2011-08-16,88.88356018066406
2011-08-17,89.52706909179688
2011-08-18,88.22306060791016
2011-08-19,88.32465362548828
2011-08-22,88.38392639160156
2011-08-23,89.32382202148438
2011-08-24,88.95123291015625
2011-08-25,88.61254119873047
2011-08-26,89.86571502685547
2011-08-29,90.53466796875
2011-08-30,90.9834213256836
2011-08-31,90.82260131835938
2011-09-01,91.25843811035156
2011-09-02,90.5362319946289
2011-09-06,89.39776611328125
2011-09-07,90.57874298095703
2011-09-08,89.95848083496094
2011-09-09,88.93897247314453
2011-09-12,88.01285552978516
2011-09-13,87.85989379882812
2011-09-14,87.3586196899414
2011-09-15,87.85989379882812
2011-09-16,88.27620697021484
2011-09-19,87.03579711914062
2011-09-20,87.24816131591797
2011-09-21,85.60843658447266
2011-09-22,83.15303039550781
2011-09-23,83.23798370361328
2011-09-26,83.61181640625
2011-09-27,84.45294952392578
2011-09-28,83.40788269042969
2011-09-29,83.40788269042969
2011-09-30,82.49027252197266
2011-10-03,81.53044891357422
2011-10-04,81.37711334228516
2011-10-05,82.35730743408203
2011-10-06,83.25232696533203
2011-10-07,83.43132781982422
2011-10-10,85.25541687011719
2011-10-11,85.28948974609375
2011-10-12,86.68743133544922
2011-10-13,87.1476821899414
2011-10-14,88.33251953125
2011-10-17,86.97724914550781
2011-10-18,87.76139831542969
2011-10-19,87.30115509033203
2011-10-20,87.5568618774414
2011-10-21,88.42625427246094
2011-10-24,89.56848907470703
2011-10-25,89.13377380371094
2011-10-26,88.95475769042969
2011-10-27,91.6653060913086
2011-10-28,91.6397476196289
2011-10-31,90.1480941772461
2011-11-01,88.34928894042969
2011-11-02,88.49472045898438
2011-11-03,89.1447525024414
2011-11-04,88.89669799804688
2011-11-07,88.79409790039062
2011-11-08,89.05069732666016
2011-11-09,86.94654083251953
2011-11-10,86.8780746459961
2011-11-11,88.10123443603516
2011-11-14,87.33136749267578
2011-11-15,87.21168518066406
2011-11-16,86.42473602294922
2011-11-17,85.6292495727539
2011-11-18,85.84310150146484
2011-11-21,84.55152130126953
2011-11-22,84.3633041381836
2011-11-23,83.11451721191406
2011-11-25,83.20006561279297
2011-11-28,84.91934204101562
2011-11-29,85.97997283935547
2011-11-30,88.20386505126953
2011-12-01,87.67019653320312
2011-12-02,87.62727355957031
2011-12-05,88.22786712646484
2011-12-06,87.95330810546875
2011-12-07,88.26223754882812
2011-12-08,87.22406005859375
2011-12-09,87.74738311767578
2011-12-12,86.56339263916016
2011-12-13,85.97997283935547
2011-12-14,85.11333465576172
2011-12-15,85.20768737792969
2011-12-16,85.70535278320312
2011-12-19,84.97607421875
2011-12-20,86.62345123291016
2011-12-21,86.77787017822266
2011-12-22,87.16397094726562
2011-12-23,87.32699584960938
2011-12-27,87.37852478027344
2011-12-28,86.79503631591797
2011-12-29,87.27549743652344
2011-12-30,88.04771423339844
2012-01-03,89.29734802246094
2012-01-04,89.29734802246094
2012-01-05,88.41091918945312
2012-01-06,88.07523345947266
2012-01-09,88.25604248046875
2012-01-10,88.74655151367188
2012-01-11,88.80681610107422
2012-01-12,89.13382720947266
2012-01-13,88.84122467041016
2012-01-17,89.34896850585938
2012-01-18,89.91693878173828
2012-01-19,89.84811401367188
2012-01-20,90.39892578125
2012-01-23,90.89807891845703
2012-01-24,90.39892578125
2012-01-25,91.50050354003906
2012-01-26,91.63822174072266
2012-01-27,92.01686096191406
2012-01-30,91.44025421142578
2012-01-31,91.67264556884766
2012-02-01,92.37870025634766
2012-02-02,92.45638275146484
2012-02-03,93.1124038696289
2012-02-06,92.69808959960938
2012-02-07,93.31100463867188
2012-02-08,93.25053405761719
2012-02-09,93.19010162353516
2012-02-10,92.11112213134766
2012-02-13,92.76712799072266
2012-02-14,92.36143493652344
2012-02-15,92.41319274902344
2012-02-16,92.97434997558594
2012-02-17,92.66355895996094
2012-02-21,92.27515411376953
2012-02-22,92.0247802734375
2012-02-23,92.60313415527344
2012-02-24,92.4823226928711
2012-02-27,93.03471374511719
2012-02-28,93.17285919189453
2012-02-29,92.84484100341797
2012-03-01,93.45421600341797
2012-03-02,92.92623901367188
2012-03-05,92.41549682617188
2012-03-06,91.43730163574219
2012-03-07,91.65367889404297
2012-03-08,92.19905090332031
2012-03-09,91.61905670166016
2012-03-12,91.04779052734375
2012-03-13,91.29016876220703
2012-03-14,90.5890121459961
2012-03-15,91.32476043701172
2012-03-16,91.74030303955078
2012-03-19,92.00860595703125
2012-03-20,90.90062713623047
2012-03-21,90.64091491699219
2012-03-22,90.06964111328125
2012-03-23,90.87464141845703
2012-03-26,91.41996765136719
2012-03-27,90.81407165527344
2012-03-28,90.22541809082031
2012-03-29,90.08689880371094
2012-03-30,89.91378021240234
2012-04-02,90.54414367675781
2012-04-03,89.70195007324219
2012-04-04,89.11149597167969
2012-04-05,89.52827453613281
2012-04-09,89.70195007324219
2012-04-10,89.11149597167969
2012-04-11,89.51962280273438
2012-04-12,90.7525634765625
2012-04-13,90.16207885742188
2012-04-16,90.07524108886719
2012-04-17,90.422607421875
2012-04-18,90.03186798095703
2012-04-19,89.91899108886719
2012-04-20,90.20556640625
2012-04-23,89.79740142822266
2012-04-24,89.58903503417969
2012-04-25,90.1360855102539
2012-04-26,90.50074768066406
2012-04-27,91.09986877441406
2012-04-30,90.7525634765625
2012-05-01,90.00013732910156
2012-05-02,90.00886535644531
2012-05-03,89.37317657470703
2012-05-04,88.72877502441406
2012-05-07,88.88548278808594
2012-05-08,88.12784576416016
2012-05-09,87.69246673583984
2012-05-10,87.93627166748047
2012-05-11,87.46604919433594
2012-05-14,86.89131164550781
2012-05-15,86.56908416748047
2012-05-16,86.37751770019531
2012-05-17,86.3862075805664
2012-05-18,85.59378814697266
2012-05-21,86.49943542480469
2012-05-22,85.64600372314453
2012-05-23,85.2628173828125
2012-05-24,85.18449401855469
2012-05-25,85.18449401855469
2012-05-29,85.93342590332031
2012-05-30,84.81871795654297
2012-05-31,85.10610961914062
2012-06-01,84.60224914550781
2012-06-04,84.9690170288086
2012-06-05,85.0999984741211
2012-06-06,86.7765121459961
2012-06-07,86.51451110839844
2012-06-08,86.70658874511719
2012-06-11,86.23513793945312
2012-06-12,86.9598617553711
2012-06-13,86.9249267578125
2012-06-14,87.43135833740234
2012-06-15,88.19103240966797
2012-06-18,88.46170806884766
2012-06-19,89.11661529541016
2012-06-20,88.97686004638672
2012-06-21,87.719482421875
2012-06-22,88.0775375366211
2012-06-25,87.54489135742188
2012-06-26,88.06005859375
2012-06-27,88.1735610961914
2012-06-28,87.92906951904297
2012-06-29,89.54447174072266
2012-07-02,89.80181121826172
2012-07-03,90.07319641113281
2012-07-05,90.09943389892578
2012-07-06,89.50416564941406
2012-07-09,89.37290954589844
2012-07-10,89.2153091430664
2012-07-11,89.74925994873047
2012-07-12,88.85641479492188
2012-07-13,89.56549072265625
2012-07-16,89.86309814453125
2012-07-17,90.3883056640625
2012-07-18,90.85220336914062
2012-07-19,91.40369415283203
2012-07-20,90.98355865478516
2012-07-23,90.14317321777344
2012-07-24,89.91557312011719
2012-07-25,90.44956970214844
2012-07-26,91.2023696899414
2012-07-27,91.86759185791016
2012-07-30,92.13900756835938
2012-07-31,92.19145965576172
2012-08-01,91.74840545654297
2012-08-02,91.76593780517578
2012-08-03,92.678466796875
2012-08-06,92.79253387451172
2012-08-07,92.59952545166016
2012-08-08,92.80136108398438
2012-08-09,92.89791107177734
2012-08-10,92.88031768798828
2012-08-13,92.36259460449219
2012-08-14,92.18709564208984
2012-08-15,92.26609802246094
2012-08-16,92.3977279663086
2012-08-17,91.59043884277344
2012-08-20,91.84489440917969
2012-08-21,92.04671478271484
2012-08-22,92.28365325927734
2012-08-23,91.76593780517578
2012-08-24,91.493896484375
2012-08-27,91.16924285888672
2012-08-28,91.28329467773438
2012-08-29,91.04641723632812
2012-08-30,90.57254791259766
2012-08-31,90.85333251953125
2012-09-04,89.95885467529297
2012-09-05,89.64221954345703
2012-09-06,90.4602279663086
2012-09-07,91.4628677368164
2012-09-10,90.99674224853516
2012-09-11,91.87626647949219
2012-09-12,92.04338836669922
2012-09-13,92.8261489868164
2012-09-14,92.96685791015625
2012-09-17,92.26325225830078
2012-09-18,92.02576446533203
2012-09-19,92.37760162353516
2012-09-20,92.0169448852539
2012-09-21,92.06097412109375
2012-09-24,91.80585479736328
2012-09-25,91.53325653076172
2012-09-26,91.31336212158203
2012-09-27,92.05213928222656
2012-09-28,91.4716796875
2012-10-01,91.41790008544922
2012-10-02,90.49224853515625
2012-10-03,89.98981475830078
2012-10-04,90.33355712890625
2012-10-05,89.69002532958984
2012-10-08,89.93688201904297
2012-10-09,89.96330261230469
2012-10-10,90.29832458496094
2012-10-11,90.55394744873047
2012-10-12,90.29832458496094
2012-10-15,90.50106048583984
2012-10-16,90.6950454711914
2012-10-17,91.64712524414062
2012-10-18,91.55010223388672
2012-10-19,91.14459991455078
2012-10-22,91.10050201416016
2012-10-23,90.61567687988281
2012-10-24,91.26805114746094
2012-10-25,91.48843383789062
2012-10-26,91.56778717041016
2012-10-31,91.66468811035156
2012-11-01,91.68236541748047
2012-11-02,91.13575744628906
2012-11-05,91.38262939453125
2012-11-06,92.026123046875
2012-11-07,91.84986114501953
2012-11-08,91.77935028076172
2012-11-09,91.63826751708984
2012-11-12,91.99091339111328
2012-11-13,92.026123046875
2012-11-14,91.50604248046875
2012-11-15,91.18866729736328
2012-11-16,91.30326843261719
2012-11-19,91.86748504638672
2012-11-20,91.7176513671875
2012-11-21,91.51488494873047
2012-11-23,92.4140396118164
2012-11-26,92.4405517578125
2012-11-27,92.16720581054688
2012-11-28,92.55511474609375
2012-11-29,92.17604064941406
2012-11-30,92.15840911865234
2012-12-03,92.05681610107422
2012-12-04,92.51612854003906
2012-12-05,92.35716247558594
2012-12-06,92.6486587524414
2012-12-07,92.6928482055664
2012-12-10,92.6928482055664
2012-12-11,93.01079559326172
2012-12-12,93.24047088623047
2012-12-13,93.06375885009766
2012-12-14,93.35527038574219
2012-12-17,93.28462982177734
2012-12-18,93.15210723876953
2012-12-19,92.7811279296875
2012-12-20,92.75464630126953
2012-12-21,92.04800415039062
2012-12-24,91.73001098632812
2012-12-26,91.77420043945312
2012-12-27,91.83598327636719
2012-12-28,91.76536560058594
2012-12-31,91.99501037597656
2013-01-02,92.74581909179688
2013-01-03,92.4808349609375
2013-01-04,92.63098907470703
2013-01-07,92.82534790039062
2013-01-08,92.77229309082031
2013-01-09,92.92243957519531
2013-01-10,93.61149597167969
2013-01-11,93.09911346435547
2013-01-14,93.42591094970703
2013-01-15,93.37297058105469
2013-01-16,93.47006225585938
2013-01-17,93.205078125
2013-01-18,92.91363525390625
2013-01-22,93.42591094970703
2013-01-23,93.31110382080078
2013-01-24,92.56913757324219
2013-01-25,92.24235534667969
2013-01-28,92.12751770019531
2013-01-29,92.59562683105469
2013-01-30,92.1186294555664
2013-01-31,92.27764892578125
2013-02-01,92.04405212402344
2013-02-04,92.30073547363281
2013-02-05,92.05284881591797
2013-02-06,91.41575622558594
2013-02-07,91.05288696289062
2013-02-08,91.36260986328125
2013-02-11,90.99978637695312
2013-02-12,91.22984313964844
2013-02-13,91.61041259765625
2013-02-14,91.75196838378906
2013-02-15,91.25641632080078
2013-02-19,91.70773315429688
2013-02-20,90.78736114501953
2013-02-21,90.77851867675781
2013-02-22,91.53959655761719
2013-02-25,91.01747131347656
2013-02-26,90.73432159423828
2013-02-27,90.707763671875
2013-02-28,90.56615447998047
2013-03-01,90.43763732910156
2013-03-04,90.33126068115234
2013-03-05,90.84537506103516
2013-03-06,90.80992126464844
2013-03-07,91.06698608398438
2013-03-08,90.80992126464844
2013-03-11,91.10248565673828
2013-03-12,91.56343841552734
2013-03-13,91.44823455810547
2013-03-14,92.0510025024414
2013-03-15,92.33468627929688
2013-03-18,92.20172119140625
2013-03-19,92.02438354492188
2013-03-20,92.11304473876953
2013-03-21,92.60946655273438
2013-03-22,92.70695495605469
2013-03-25,92.88429260253906
2013-03-26,93.0793228149414
2013-03-27,92.75132751464844
2013-03-28,92.43215942382812
2013-04-01,92.53605651855469
2013-04-02,92.76692199707031
2013-04-03,92.85579681396484
2013-04-04,92.66043090820312
2013-04-05,92.35847473144531
2013-04-08,92.50055694580078
2013-04-09,93.16658020019531
2013-04-10,93.68170166015625
2013-04-11,93.69939422607422
2013-04-12,93.40642547607422
2013-04-15,91.51484680175781
2013-04-16,92.36738586425781
2013-04-17,91.49707794189453
2013-04-18,91.523681640625
2013-04-19,91.4792709350586
2013-04-22,91.30168914794922
2013-04-23,91.29286193847656
2013-04-24,91.43486785888672
2013-04-25,91.50593566894531
2013-04-26,91.42601776123047
2013-04-29,92.0565185546875
2013-04-30,92.23413848876953
2013-05-01,91.35523223876953
2013-05-02,91.18618774414062
2013-05-03,91.83561706542969
2013-05-06,91.21280670166016
2013-05-07,90.63460540771484
2013-05-08,90.4833755493164
2013-05-09,89.67382049560547
2013-05-10,89.06001281738281
2013-05-13,88.64181518554688
2013-05-14,88.05470275878906
2013-05-15,87.96572875976562
2013-05-16,87.32523345947266
2013-05-17,86.57793426513672
2013-05-20,87.43199920654297
2013-05-21,87.29853820800781
2013-05-22,86.37332916259766
2013-05-23,86.83592987060547
2013-05-24,85.97295379638672
2013-05-28,85.84842681884766
2013-05-29,85.91070556640625
2013-05-30,86.07975006103516
2013-05-31,85.2790756225586
2013-06-03,86.93836212158203
2013-06-04,85.96703338623047
2013-06-05,84.98672485351562
2013-06-06,85.6640625
2013-06-07,84.6927261352539
2013-06-10,84.3184585571289
2013-06-11,84.11349487304688
2013-06-12,84.37189483642578
2013-06-13,85.895751953125
2013-06-14,85.53040313720703
2013-06-17,85.2986831665039
2013-06-18,84.53231048583984
2013-06-19,83.03519439697266
2013-06-20,82.01932525634766
2013-06-21,82.40251159667969
2013-06-24,82.60746002197266
2013-06-25,82.6609878540039
2013-06-26,82.76787567138672
2013-06-27,82.75897979736328
2013-06-28,81.60942840576172
2013-07-01,82.4038314819336
2013-07-02,81.59153747558594
2013-07-03,81.0738754272461
2013-07-05,80.86858367919922
2013-07-08,81.54692077636719
2013-07-09,82.11820220947266
2013-07-10,81.3594970703125
2013-07-11,82.02002716064453
2013-07-12,80.93101501464844
2013-07-15,81.37738800048828
2013-07-16,82.68051147460938
2013-07-17,82.49310302734375
2013-07-18,81.9485855102539
2013-07-19,82.15389251708984
2013-07-22,82.62696838378906
2013-07-23,83.03754425048828
2013-07-24,81.84150695800781
2013-07-25,82.74302673339844
2013-07-26,82.89476776123047
2013-07-29,82.2520523071289
2013-07-30,81.06494903564453
2013-07-31,80.36873626708984
2013-08-01,79.73308563232422
2013-08-02,79.59893035888672
2013-08-05,79.86714172363281
2013-08-06,80.36784362792969
2013-08-07,80.38571166992188
2013-08-08,81.49433898925781
2013-08-09,82.2096176147461
2013-08-12,81.79833221435547
2013-08-13,81.49433898925781
2013-08-14,81.77153015136719
2013-08-15,81.76258087158203
2013-08-16,82.18279266357422
2013-08-19,81.56587982177734
2013-08-20,81.31553649902344
2013-08-21,80.36784362792969
2013-08-22,80.6449966430664
2013-08-23,80.85066223144531
2013-08-26,80.7612075805664
2013-08-27,80.4572525024414
2013-08-28,80.02809143066406
2013-08-29,79.98335266113281
2013-08-30,79.69728088378906
2013-09-03,81.10576629638672
2013-09-04,82.1444320678711
2013-09-05,81.8131103515625
2013-09-06,82.31450653076172
2013-09-09,82.76229095458984
2013-09-10,83.46959686279297
2013-09-11,83.57706451416016
2013-09-12,83.0309066772461
2013-09-13,82.86968994140625
2013-09-16,83.47855377197266
2013-09-17,83.86356353759766
2013-09-18,85.17988586425781
2013-09-19,84.62470245361328
2013-09-20,84.34712219238281
2013-09-23,84.66047668457031
2013-09-24,84.18595886230469
2013-09-25,84.02474975585938
2013-09-26,83.84568786621094
2013-09-27,83.51434326171875
2013-09-30,83.65766906738281
2013-10-01,84.3390884399414
2013-10-02,84.18669128417969
2013-10-03,84.3390884399414
2013-10-04,84.62605285644531
2013-10-07,84.59016418457031
2013-10-08,84.61705780029297
2013-10-09,84.75161743164062
2013-10-10,84.90396118164062
2013-10-11,84.96673583984375
2013-10-14,85.24470520019531
2013-10-15,85.37025451660156
2013-10-16,85.71995544433594
2013-10-17,86.39244079589844
2013-10-18,86.81385803222656
2013-10-21,86.67941284179688
2013-10-22,87.14566040039062
2013-10-23,86.40141296386719
2013-10-24,86.32969665527344
2013-10-25,86.06964111328125
2013-10-28,85.90824890136719
2013-10-29,85.0833511352539
2013-10-30,85.03850555419922
2013-10-31,84.8591537475586
2013-11-01,84.69125366210938
2013-11-04,85.44548797607422
2013-11-05,85.24798583984375
2013-11-06,85.5801773071289
2013-11-07,84.84390258789062
2013-11-08,84.25125122070312
2013-11-11,84.05374145507812
2013-11-12,83.52396392822266
2013-11-13,83.82928466796875
2013-11-14,83.75745391845703
2013-11-15,84.22432708740234
2013-11-18,84.23332214355469
2013-11-19,84.71818542480469
2013-11-20,83.92802429199219
2013-11-21,82.8864517211914
2013-11-22,82.37457275390625
2013-11-25,82.37457275390625
2013-11-26,82.08729553222656
2013-11-27,81.62933349609375
2013-11-29,81.83588409423828
2013-12-02,81.87362670898438
2013-12-03,82.1883316040039
2013-12-04,81.22626495361328
2013-12-05,81.5589599609375
2013-12-06,81.87362670898438
2013-12-09,81.91863250732422
2013-12-10,82.35919952392578
2013-12-11,81.4151611328125
2013-12-12,80.32718658447266
2013-12-13,80.61486053466797
2013-12-16,80.48004150390625
2013-12-17,80.09342956542969
2013-12-18,79.6258544921875
2013-12-19,79.7337646484375
2013-12-20,80.32718658447266
2013-12-23,80.42607879638672
2013-12-24,80.33616638183594
2013-12-26,80.09342956542969
2013-12-27,79.83270263671875
2013-12-30,80.20130920410156
2013-12-31,80.40812683105469
2014-01-02,80.22078704833984
2014-01-03,80.48190307617188
2014-01-06,80.77007293701172
2014-01-07,80.31985473632812
2014-01-08,80.29285430908203
2014-01-09,80.13074493408203
2014-01-10,81.04922485351562
2014-01-13,81.64349365234375
2014-01-14,80.69800567626953
2014-01-15,80.25680541992188
2014-01-16,79.4824447631836
2014-01-17,79.03221893310547
2014-01-21,79.36539459228516
2014-01-22,79.75255584716797
2014-01-23,79.00521087646484
2014-01-24,78.38390350341797
2014-01-27,78.8701400756836
2014-01-28,79.09523010253906
2014-01-29,78.74407958984375
2014-01-30,79.2122573852539
2014-01-31,78.8971176147461
2014-02-03,78.91338348388672
2014-02-04,80.55459594726562
2014-02-05,80.38323974609375
2014-02-06,80.81607818603516
2014-02-07,80.81607818603516
2014-02-10,80.7168960571289
2014-02-11,81.52850341796875
2014-02-12,81.44731140136719
2014-02-13,81.10466003417969
2014-02-14,81.53751373291016
2014-02-18,81.49237823486328
2014-02-19,81.20387268066406
2014-02-20,81.34814453125
2014-02-21,80.95135498046875
2014-02-24,81.5555419921875
2014-02-25,81.35711669921875
2014-02-26,80.94234466552734
2014-02-27,80.88823699951172
2014-02-28,80.56359100341797
2014-03-03,80.62678527832031
2014-03-04,80.81645965576172
2014-03-05,81.1414794921875
2014-03-06,82.08057403564453
2014-03-07,81.91803741455078
2014-03-10,81.47560119628906
2014-03-11,80.98799133300781
2014-03-12,81.23179626464844
2014-03-13,81.53878784179688
2014-03-14,81.5749282836914
2014-03-17,82.1076889038086
2014-03-18,82.44181823730469
2014-03-19,81.7103500366211
2014-03-20,81.68330383300781
2014-03-21,82.12580108642578
2014-03-24,82.51402282714844
2014-03-25,82.8481216430664
2014-03-26,83.46215057373047
2014-03-27,83.72402954101562
2014-03-28,83.65176391601562
2014-03-31,83.85952758789062
2014-04-01,83.66502380371094
2014-04-02,83.60171508789062
2014-04-03,83.50223541259766
2014-04-04,84.01778411865234
2014-04-07,83.84588623046875
2014-04-08,84.65082550048828
2014-04-09,84.94926452636719
2014-04-10,85.1662826538086
2014-04-11,85.0125503540039
2014-04-14,85.26580810546875
2014-04-15,84.65985107421875
2014-04-16,84.84976196289062
2014-04-17,84.42475891113281
2014-04-21,84.44278717041016
2014-04-22,84.78643798828125
2014-04-23,84.10818481445312
2014-04-24,83.83686065673828
2014-04-25,83.96345520019531
2014-04-28,83.86396789550781
2014-04-29,83.96345520019531
2014-04-30,84.14433288574219
2014-05-01,83.96409606933594
2014-05-02,83.98222351074219
2014-05-05,84.00033569335938
2014-05-06,84.75211334228516
2014-05-07,84.5619125366211
2014-05-08,84.96949768066406
2014-05-09,84.79737854003906
2014-05-12,84.86080932617188
2014-05-13,84.77928924560547
2014-05-14,84.9785385131836
2014-05-15,84.79737854003906
2014-05-16,84.87889862060547
2014-05-19,84.58003234863281
2014-05-20,83.90974426269531
2014-05-21,83.77388000488281
2014-05-22,83.64707946777344
2014-05-23,83.72859191894531
2014-05-27,83.98222351074219
2014-05-28,83.75575256347656
2014-05-29,84.38980865478516
2014-05-30,84.39888763427734
2014-06-02,83.89179229736328
2014-06-03,84.01876831054688
2014-06-04,84.17298889160156
2014-06-05,84.7172622680664
2014-06-06,84.66282653808594
2014-06-09,84.87146759033203
2014-06-10,85.06194305419922
2014-06-11,85.15267944335938
2014-06-12,85.51554870605469
2014-06-13,85.32501983642578
2014-06-16,85.33412170410156
2014-06-17,84.7625961303711
2014-06-18,85.28874206542969
2014-06-19,85.33412170410156
2014-06-20,85.26156616210938
2014-06-23,85.52464294433594
2014-06-24,85.14363861083984
2014-06-25,85.36131286621094
2014-06-26,85.46112823486328
2014-06-27,85.58812713623047
2014-06-30,85.65162658691406
2014-07-01,86.27851867675781
2014-07-02,85.78790283203125
2014-07-03,85.02470397949219
2014-07-07,85.20643615722656
2014-07-08,85.46082305908203
2014-07-09,85.57896423339844
2014-07-10,85.4244613647461
2014-07-11,85.37906646728516
2014-07-14,85.41539001464844
2014-07-15,85.21549224853516
2014-07-16,85.16098022460938
2014-07-17,85.07011413574219
2014-07-18,85.4062728881836
2014-07-21,85.27906799316406
2014-07-22,85.43350982666016
2014-07-23,86.00597381591797
2014-07-24,85.69706726074219
2014-07-25,85.46991729736328
2014-07-28,85.59711456298828
2014-07-29,85.37906646728516
2014-07-30,84.87018585205078
2014-07-31,84.57044219970703
2014-08-01,84.72966003417969
2014-08-04,84.9480972290039
2014-08-05,84.70235443115234
2014-08-06,85.08454132080078
2014-08-07,84.4930419921875
2014-08-08,84.44755554199219
2014-08-11,84.33836364746094
2014-08-12,84.4384765625
2014-08-13,84.71147918701172
2014-08-14,84.86616516113281
2014-08-15,84.92986297607422
2014-08-18,84.93892669677734
2014-08-19,84.76605987548828
2014-08-20,84.58409881591797
2014-08-21,84.70235443115234
2014-08-22,84.80250549316406
2014-08-25,84.72055053710938
2014-08-26,84.7751693725586
2014-08-27,85.05728912353516
2014-08-28,85.2574234008789
2014-08-29,85.08454132080078
2014-09-02,84.56871795654297
2014-09-03,85.17938232421875
2014-09-04,85.26136016845703
2014-09-05,85.49832916259766
2014-09-08,84.64161682128906
2014-09-09,83.93983459472656
2014-09-10,83.52969360351562
2014-09-11,82.8917007446289
2014-09-12,82.45428466796875
2014-09-15,82.31752014160156
2014-09-16,82.93732452392578
2014-09-17,81.8162841796875
2014-09-18,81.96208953857422
2014-09-19,81.47904205322266
2014-09-22,80.4947738647461
2014-09-23,80.72256469726562
2014-09-24,81.03245544433594
2014-09-25,80.16666412353516
2014-09-26,80.00260162353516
2014-09-29,79.63802337646484
2014-09-30,79.91143798828125
2014-10-01,79.688720703125
2014-10-02,80.33685302734375
2014-10-03,79.18665313720703
2014-10-06,79.96259307861328
2014-10-07,80.5011215209961
2014-10-08,80.78412628173828
2014-10-09,80.18165588378906
2014-10-10,79.33270263671875
2014-10-13,80.02649688720703
2014-10-14,79.53350830078125
2014-10-15,80.5193862915039
2014-10-16,79.99000549316406
2014-10-17,80.08123016357422
2014-10-20,80.34596252441406
2014-10-21,80.21817016601562
2014-10-22,80.17254638671875
2014-10-23,79.99000549316406
2014-10-24,80.38246154785156
2014-10-27,80.45550537109375
2014-10-28,80.97579193115234
2014-10-29,80.4281005859375
2014-10-30,80.72018432617188
2014-10-31,80.46464538574219
2014-11-03,79.45257568359375
2014-11-04,79.87313079833984
2014-11-05,78.58412170410156
2014-11-06,78.34648132324219
2014-11-07,78.98641204833984
2014-11-10,78.82178497314453
2014-11-11,79.5257339477539
2014-11-12,79.73603820800781
2014-11-13,79.73603820800781
2014-11-14,80.14741516113281
2014-11-17,79.74515533447266
2014-11-18,79.81829071044922
2014-11-19,78.81266784667969
2014-11-20,78.96806335449219
2014-11-21,79.31549072265625
2014-11-24,78.81266784667969
2014-11-25,78.09957885742188
2014-11-26,78.27330780029297
2014-11-28,77.9076156616211
2014-12-01,77.82524871826172
2014-12-02,77.3216781616211
2014-12-03,76.9462661743164
2014-12-04,76.77228546142578
2014-12-05,76.2503662109375
2014-12-08,75.92996978759766
2014-12-09,75.97575378417969
2014-12-10,76.25959014892578
2014-12-11,75.66438293457031
2014-12-12,75.6277847290039
2014-12-15,75.19749450683594
2014-12-16,75.31645965576172
2014-12-17,74.5016098022461
2014-12-18,74.78545379638672
2014-12-19,74.65726470947266
2014-12-22,74.53824615478516
2014-12-23,74.1994857788086
2014-12-24,74.31851959228516
2014-12-26,74.44669342041016
2014-12-29,74.56571197509766
2014-12-30,75.06928253173828
2014-12-31,74.83123016357422
2015-01-02,74.26724243164062
2015-01-05,74.20304870605469
2015-01-06,74.27635955810547
2015-01-07,74.047119140625
2015-01-08,74.45061492919922
2015-01-09,75.28519439697266
2015-01-12,74.87249755859375
2015-01-13,74.92758178710938
2015-01-14,74.84500122070312
2015-01-15,75.47777557373047
2015-01-16,75.60620880126953
2015-01-20,75.04672241210938
2015-01-21,74.27635955810547
2015-01-22,73.63442993164062
2015-01-23,72.71729278564453
2015-01-26,72.73565673828125
2015-01-27,72.90989685058594
2015-01-28,72.60725402832031
2015-01-29,71.34166717529297
2015-01-30,71.50675201416016
2015-02-02,71.70701599121094
2015-02-03,71.69780731201172
2015-02-04,71.47730255126953
2015-02-05,71.85393524169922
2015-02-06,71.70701599121094
2015-02-09,71.76209259033203
2015-02-10,71.3946762084961
2015-02-11,70.81591033935547
2015-02-12,71.15579223632812
2015-02-13,71.3670883178711
2015-02-17,71.86312866210938
2015-02-18,71.91825866699219
2015-02-19,71.6150894165039
2015-02-20,72.10196685791016
2015-02-23,71.73456573486328
2015-02-24,72.01013946533203
2015-02-25,72.55211639404297
2015-02-26,71.65186309814453
2015-02-27,71.86312866210938
2015-03-02,71.43829345703125
2015-03-03,71.85213470458984
2015-03-04,71.97164154052734
2015-03-05,71.4566421508789
2015-03-06,71.00607299804688
2015-03-09,70.90486907958984
2015-03-10,70.07716369628906
2015-03-11,69.67256927490234
2015-03-12,70.8221206665039
2015-03-13,70.19676971435547
2015-03-16,70.33470153808594
2015-03-17,70.07716369628906
2015-03-18,71.64981079101562
2015-03-19,70.2243423461914
2015-03-20,71.57622528076172
2015-03-23,72.61540222167969
2015-03-24,72.5142822265625
2015-03-25,72.20157623291016
2015-03-26,71.97164154052734
2015-03-27,71.43829345703125
2015-03-30,70.37144470214844
2015-03-31,70.15078735351562
2015-04-01,69.98497772216797
2015-04-02,69.80998992919922
2015-04-06,70.04944610595703
2015-04-07,70.35333251953125
2015-04-08,70.83216094970703
2015-04-09,70.87825012207031
2015-04-10,70.79534912109375
2015-04-13,69.94818878173828
2015-04-14,70.25209045410156
2015-04-15,70.73090362548828
2015-04-16,71.79907989501953
2015-04-17,71.69779968261719
2015-04-20,71.1636734008789
2015-04-21,71.05321502685547
2015-04-22,71.58731079101562
2015-04-23,71.71623992919922
2015-04-24,72.16744232177734
2015-04-27,72.4068832397461
2015-04-28,73.87101745605469
2015-04-29,73.93551635742188
2015-04-30,73.0053939819336
2015-05-01,72.29547882080078
2015-05-04,72.341552734375
2015-05-05,73.27281951904297
2015-05-06,73.58625793457031
2015-05-07,72.89481353759766
2015-05-08,73.14371490478516
2015-05-11,72.8763427734375
2015-05-12,73.68766784667969
2015-05-13,74.73880767822266
2015-05-14,74.53594970703125
2015-05-15,74.20407104492188
2015-05-18,73.66002655029297
2015-05-19,73.0514907836914
2015-05-20,72.74725341796875
2015-05-21,72.83023071289062
2015-05-22,72.15711975097656
2015-05-26,71.33657836914062
2015-05-27,71.32733154296875
2015-05-28,70.60818481445312
2015-05-29,70.58971405029297
2015-06-01,70.19835662841797
2015-06-02,71.7121810913086
2015-06-03,71.85984802246094
2015-06-04,70.90911102294922
2015-06-05,70.3922119140625
2015-06-08,71.13988494873047
2015-06-09,70.94599151611328
2015-06-10,71.67523956298828
2015-06-11,71.7029037475586
2015-06-12,71.39830017089844
2015-06-15,71.73062133789062
2015-06-16,71.49983215332031
2015-06-17,71.4537124633789
2015-06-18,72.02598571777344
2015-06-19,71.7583236694336
2015-06-22,71.36139678955078
2015-06-23,71.44449615478516
2015-06-24,71.17680358886719
2015-06-25,71.518310546875
2015-06-26,70.71527099609375
2015-06-29,71.01063537597656
2015-06-30,71.2506332397461
2015-07-01,70.66943359375
2015-07-02,70.49384307861328
2015-07-06,69.2834243774414
2015-07-07,68.8490982055664
2015-07-08,68.64582061767578
2015-07-09,68.83985900878906
2015-07-10,68.80291748046875
2015-07-13,68.48873138427734
2015-07-14,68.8490982055664
2015-07-15,68.21151733398438
2015-07-16,68.45178985595703
2015-07-17,68.25769805908203
2015-07-20,68.17450714111328
2015-07-21,68.59037017822266
2015-07-22,68.17450714111328
2015-07-23,68.02670288085938
2015-07-24,67.41680908203125
2015-07-27,67.2967300415039
2015-07-28,67.78646087646484
2015-07-29,67.4723129272461
2015-07-30,67.48153686523438
2015-07-31,67.62938690185547
2015-08-03,67.3148193359375
2015-08-04,68.3139877319336
2015-08-05,68.06417083740234
2015-08-06,67.99016571044922
2015-08-07,68.5452880859375
2015-08-10,68.57305145263672
2015-08-11,67.5831527709961
2015-08-12,68.35102081298828
2015-08-13,68.18441009521484
2015-08-14,68.23075103759766
2015-08-17,68.27700805664062
2015-08-18,67.96241760253906
2015-08-19,68.07347106933594
2015-08-20,67.97169494628906
2015-08-21,67.88845825195312
2015-08-24,66.47295379638672
2015-08-25,66.06586456298828
2015-08-26,65.87157440185547
2015-08-27,66.3341293334961
2015-08-28,66.35264587402344
2015-08-31,65.89933013916016
2015-09-01,65.01680755615234
2015-09-02,65.21129608154297
2015-09-03,64.88716125488281
2015-09-04,64.12784576416016
2015-09-08,65.11866760253906
2015-09-09,64.97972106933594
2015-09-10,65.49833679199219
2015-09-11,65.63724517822266
2015-09-14,66.09103393554688
2015-09-15,66.22987365722656
2015-09-16,66.71143341064453
2015-09-17,66.4521484375
2015-09-18,66.67440795898438
2015-09-21,66.08171844482422
2015-09-22,65.70208740234375
2015-09-23,64.77600860595703
2015-09-24,65.15576171875
2015-09-25,65.16500854492188
2015-09-28,64.74823760986328
2015-09-29,64.80382537841797
2015-09-30,65.05381774902344
2015-10-01,65.20123291015625
2015-10-02,65.33100128173828
2015-10-05,65.7017822265625
2015-10-06,66.52676391601562
2015-10-07,66.90684509277344
2015-10-08,67.31465911865234
2015-10-09,67.95423889160156
2015-10-12,68.25086212158203
2015-10-13,67.35177612304688
2015-10-14,67.8152084350586
2015-10-15,67.97280883789062
2015-10-16,67.46298217773438
2015-10-19,67.19416046142578
2015-10-20,67.33320617675781
2015-10-21,66.94393157958984
2015-10-22,66.90684509277344
2015-10-23,66.95317840576172
2015-10-26,67.23129272460938
2015-10-27,66.79557800292969
2015-10-28,65.86864471435547
2015-10-29,65.61833953857422
2015-10-30,66.1930923461914
2015-11-02,66.28494262695312
2015-11-03,66.78604125976562
2015-11-04,66.38702392578125
2015-11-05,66.28494262695312
2015-11-06,65.44046020507812
2015-11-09,65.45904541015625
2015-11-10,65.23631286621094
2015-11-11,65.56109619140625
2015-11-12,66.18289947509766
2015-11-13,66.17355346679688
2015-11-16,65.87661743164062
2015-11-17,66.11791229248047
2015-11-18,65.98799133300781
2015-11-19,66.80462646484375
2015-11-20,67.18505859375
2015-11-23,66.75819396972656
2015-11-24,67.34283447265625
2015-11-25,67.34283447265625
2015-11-27,66.81385803222656
2015-11-30,67.17578125
2015-12-01,68.08164978027344
2015-12-02,67.849365234375
2015-12-03,68.26744842529297
2015-12-04,68.1838150024414
2015-12-07,67.50562286376953
2015-12-08,66.98534393310547
2015-12-09,67.13398742675781
2015-12-10,67.6170654296875
2015-12-11,66.80879974365234
2015-12-14,67.3198013305664
2015-12-15,66.88316345214844
2015-12-16,67.19902801513672
2015-12-17,66.24207305908203
2015-12-18,66.73450469970703
2015-12-21,66.81813049316406
2015-12-22,67.20829772949219
2015-12-23,67.36626434326172
2015-12-24,67.57992553710938
2015-12-28,67.4405517578125
2015-12-29,67.88655090332031
2015-12-30,67.80294036865234
2015-12-31,67.79360961914062
2016-01-04,66.8449478149414
2016-01-05,66.61243438720703
2016-01-06,65.73814392089844
2016-01-07,65.1615219116211
2016-01-08,64.88245391845703
2016-01-11,65.05917358398438
2016-01-12,65.03125
2016-01-13,64.82666015625
2016-01-14,65.01264953613281
2016-01-15,63.85939407348633
2016-01-19,64.4360580444336
2016-01-20,64.37086486816406
2016-01-21,65.28242492675781
2016-01-22,65.23590850830078
2016-01-25,64.70577239990234
2016-01-26,65.3196029663086
2016-01-27,65.39399719238281
2016-01-28,65.9520263671875
2016-01-29,65.88695526123047
2016-02-01,66.16348266601562
2016-02-02,65.6700210571289
2016-02-03,66.86183166503906
2016-02-04,67.0666275024414
2016-02-05,65.85621643066406
2016-02-08,66.02381896972656
2016-02-09,65.8282699584961
2016-02-10,66.22866821289062
2016-02-11,66.13555145263672
2016-02-12,66.15419006347656
2016-02-16,66.17279815673828
2016-02-17,66.88978576660156
2016-02-18,66.5638656616211
2016-02-19,66.60108947753906
2016-02-22,67.4390869140625
2016-02-23,67.20629119873047
2016-02-24,67.07592010498047
2016-02-25,67.36460876464844
2016-02-26,66.41487884521484
2016-02-29,66.50799560546875
2016-03-01,66.92178344726562
2016-03-02,67.98416900634766
2016-03-03,68.61790466308594
2016-03-04,69.26093292236328
2016-03-07,69.61505126953125
2016-03-08,69.28887176513672
2016-03-09,69.7641372680664
2016-03-10,69.4472885131836
2016-03-11,70.47242736816406
2016-03-14,69.9784927368164
2016-03-15,69.5218734741211
2016-03-16,70.49102783203125
2016-03-17,71.27387237548828
2016-03-18,70.8731460571289
2016-03-21,70.70543670654297
2016-03-22,71.11544799804688
2016-03-23,70.17420959472656
2016-03-24,70.2767333984375
2016-03-28,70.33260345458984
2016-03-29,71.31111145019531
2016-03-30,71.5254898071289
2016-03-31,71.5254898071289
2016-04-01,71.64769744873047
2016-04-04,70.96665954589844
2016-04-05,70.31369018554688
2016-04-06,71.0319595336914
2016-04-07,70.07107543945312
2016-04-08,70.49085998535156
2016-04-11,70.92011260986328
2016-04-12,71.75028991699219
2016-04-13,71.4611587524414
2016-04-14,71.79695129394531
2016-04-15,72.05817413330078
2016-04-18,72.34735870361328
2016-04-19,73.0097427368164
2016-04-20,72.7298812866211
2016-04-21,72.25408172607422
2016-04-22,71.9742431640625
2016-04-25,71.92756652832031
2016-04-26,72.24478149414062
2016-04-27,70.7614517211914
2016-04-28,71.19989013671875
2016-04-29,70.98536682128906
2016-05-02,71.53816986083984
2016-05-03,69.96002960205078
2016-05-04,69.64256286621094
2016-05-05,69.71725463867188
2016-05-06,68.82074737548828
2016-05-09,68.26050567626953
2016-05-10,68.80208587646484
2016-05-11,68.91419219970703
2016-05-12,68.47528076171875
2016-05-13,67.91502380371094
2016-05-16,68.13912200927734
2016-05-17,68.42859649658203
2016-05-18,67.51344299316406
2016-05-19,67.51344299316406
2016-05-20,67.52281188964844
2016-05-23,67.47613525390625
2016-05-24,67.08393859863281
2016-05-25,67.29866790771484
2016-05-26,67.49479675292969
2016-05-27,67.1679458618164
2016-05-31,67.56016540527344
2016-06-01,67.79660034179688
2016-06-02,67.54430389404297
2016-06-03,68.89013671875
2016-06-06,68.89013671875
2016-06-07,69.6938705444336
2016-06-08,69.8714370727539
2016-06-09,69.53499603271484
2016-06-10,68.98358154296875
2016-06-13,69.04899597167969
2016-06-14,68.8060302734375
2016-06-15,69.1705322265625
2016-06-16,68.89947509765625
2016-06-17,69.18919372558594
2016-06-20,69.71257781982422
2016-06-21,69.73128509521484
2016-06-22,70.1985855102539
2016-06-23,71.16122436523438
2016-06-24,69.83407592773438
2016-06-27,68.72187042236328
2016-06-28,69.0957260131836
2016-06-29,69.59103393554688
2016-06-30,69.75932312011719
2016-07-01,70.11568450927734
2016-07-05,69.76957702636719
2016-07-06,70.35887908935547
2016-07-07,70.03150939941406
2016-07-08,70.77046203613281
2016-07-11,70.52722930908203
2016-07-12,71.39714813232422
2016-07-13,71.1820068359375
2016-07-14,71.45327758789062
2016-07-15,71.1165542602539
2016-07-18,71.14459228515625
2016-07-19,70.2653579711914
2016-07-20,70.02214050292969
2016-07-21,70.18118286132812
2016-07-22,69.89120483398438
2016-07-25,69.89120483398438
2016-07-26,70.2653579711914
2016-07-27,70.0408706665039
2016-07-28,70.24662780761719
2016-07-29,71.1726303100586
2016-08-01,70.49766540527344
2016-08-02,71.20914459228516
2016-08-03,71.01255798339844
2016-08-04,71.43385314941406
2016-08-05,71.3589859008789
2016-08-08,71.65853881835938
2016-08-09,71.83644104003906
2016-08-10,72.16411590576172
2016-08-11,72.17350006103516
2016-08-12,71.65853881835938
2016-08-15,71.87387084960938
2016-08-16,72.07984924316406
2016-08-17,71.59298706054688
2016-08-18,72.06114959716797
2016-08-19,71.41513061523438
2016-08-22,71.47132873535156
2016-08-23,71.3495864868164
2016-08-24,71.25601959228516
2016-08-25,71.33085632324219
2016-08-26,70.81596374511719
2016-08-29,70.95638275146484
2016-08-30,70.33846282958984
2016-08-31,70.44145965576172
2016-09-01,70.7702407836914
2016-09-02,70.90143585205078
2016-09-06,71.9692611694336
2016-09-07,71.8849868774414
2016-09-08,71.58521270751953
2016-09-09,70.7702407836914
2016-09-12,70.83584594726562
2016-09-13,69.93655395507812
2016-09-14,70.00213623046875
2016-09-15,70.3768081665039
2016-09-16,70.19883728027344
2016-09-19,70.6297607421875
2016-09-20,70.7702407836914
2016-09-21,71.45410919189453
2016-09-22,71.61329650878906
2016-09-23,71.38851165771484
2016-09-26,71.57585144042969
2016-09-27,71.85684204101562
2016-09-28,72.04421997070312
2016-09-29,71.63204956054688
2016-09-30,71.7725830078125
2016-10-03,71.95718383789062
2016-10-04,71.48860931396484
2016-10-05,71.3948745727539
2016-10-06,71.094970703125
2016-10-07,71.094970703125
2016-10-10,71.28241729736328
2016-10-11,70.6825942993164
2016-10-12,70.97312927246094
2016-10-13,70.98249053955078
2016-10-14,71.32927703857422
2016-10-17,71.46044158935547
2016-10-18,71.86345672607422
2016-10-19,72.36954498291016
2016-10-20,71.49798583984375
2016-10-21,71.25431823730469
2016-10-24,71.24495697021484
2016-10-25,71.66664123535156
2016-10-26,71.64794921875
2016-10-27,71.11372375488281
2016-10-28,71.235595703125
2016-10-31,71.3386459350586
2016-11-01,71.75215148925781
2016-11-02,71.75215148925781
2016-11-03,72.04285430908203
2016-11-04,72.00532531738281
2016-11-07,72.35228729248047
2016-11-08,72.858642578125
2016-11-09,71.81780242919922
2016-11-10,71.28333282470703
2016-11-11,70.75818634033203
2016-11-14,70.80509948730469
2016-11-15,70.88945770263672
2016-11-16,70.08307647705078
2016-11-17,69.58607482910156
2016-11-18,68.81720733642578
2016-11-21,69.04224395751953
2016-11-22,69.41732025146484
2016-11-23,69.30479431152344
2016-11-25,69.68923950195312
2016-11-28,70.1580581665039
2016-11-29,70.22371673583984
2016-11-30,69.25791931152344
2016-12-01,69.5919189453125
2016-12-02,69.90155792236328
2016-12-05,70.0892333984375
2016-12-06,69.96723937988281
2016-12-07,70.164306640625
2016-12-08,70.0047607421875
2016-12-09,69.91097259521484
2016-12-12,70.29562377929688
2016-12-13,70.36132049560547
2016-12-14,69.451171875
2016-12-15,69.01959228515625
2016-12-16,68.49417114257812
2016-12-19,68.02496337890625
2016-12-20,68.1000747680664
2016-12-21,68.03443145751953
2016-12-22,67.69660186767578
2016-12-23,67.35882568359375
2016-12-27,67.43390655517578
2016-12-28,67.41512298583984
2016-12-29,67.69660186767578
2016-12-30,67.7247314453125
2017-01-03,67.84211730957031
2017-01-04,68.38677978515625
2017-01-05,68.95016479492188
2017-01-06,68.57455444335938
2017-01-09,69.07221221923828
2017-01-10,69.2224349975586
2017-01-11,69.94551849365234
2017-01-12,70.38675689697266
2017-01-13,70.4619140625
2017-01-17,71.03472137451172
2017-01-18,70.5652084350586
2017-01-19,71.02535247802734
2017-01-20,70.9689712524414
2017-01-23,71.13801574707031
2017-01-24,71.26947784423828
2017-01-25,71.14738464355469
2017-01-26,70.80935668945312
2017-01-27,70.9408187866211
2017-01-30,70.9595718383789
2017-01-31,71.23190307617188
2017-02-01,71.27043914794922
2017-02-02,72.00344848632812
2017-02-03,72.21958923339844
2017-02-06,71.984619140625
2017-02-07,71.74030303955078
2017-02-08,71.79669952392578
2017-02-09,71.72152709960938
2017-02-10,72.15375518798828
2017-02-13,71.85307312011719
2017-02-14,71.93765258789062
2017-02-15,72.55791473388672
2017-02-16,72.32295989990234
2017-02-17,72.11620330810547
2017-02-21,72.21017456054688
2017-02-22,72.47328186035156
2017-02-23,72.53907012939453
2017-02-24,72.20079803466797
2017-02-27,72.19139862060547
2017-02-28,72.05982208251953
2017-03-01,72.23661041259766
2017-03-02,71.20221710205078
2017-03-03,71.39968872070312
2017-03-06,71.3056640625
2017-03-07,71.37151336669922
2017-03-08,70.8260726928711
2017-03-09,70.60984802246094
2017-03-10,70.97655487060547
2017-03-13,71.2962417602539
2017-03-14,71.13641357421875
2017-03-15,72.52806091308594
2017-03-16,72.18018341064453
2017-03-17,72.48108673095703
2017-03-20,72.781982421875
2017-03-21,72.32125091552734
2017-03-22,72.25540161132812
2017-03-23,71.79463195800781
2017-03-24,71.72881317138672
2017-03-27,71.72881317138672
2017-03-28,71.8416519165039
2017-03-29,72.18018341064453
2017-03-30,72.02032470703125
2017-03-31,71.888671875
2017-04-03,71.54424285888672
2017-04-04,71.158447265625
2017-04-05,71.12081909179688
2017-04-06,70.99845886230469
2017-04-07,70.57501983642578
2017-04-10,70.57501983642578
2017-04-11,70.53740692138672
2017-04-12,70.6879653930664
2017-04-13,71.24311828613281
2017-04-17,71.45960235595703
2017-04-18,71.14907836914062
2017-04-19,70.55620574951172
2017-04-20,70.83849334716797
2017-04-21,70.9702377319336
2017-04-24,71.18669891357422
2017-04-25,70.92321014404297
2017-04-26,70.36803436279297
2017-04-27,70.33977508544922
2017-04-28,70.51852416992188
2017-05-01,70.9178466796875
2017-05-02,70.88957214355469
2017-05-03,69.96675109863281
2017-05-04,69.75956726074219
2017-05-05,69.89144897460938
2017-05-08,69.57122039794922
2017-05-09,69.14749908447266
2017-05-10,69.3452377319336
2017-05-11,69.47708129882812
2017-05-12,69.60894012451172
2017-05-15,69.86317443847656
2017-05-16,70.04208374023438
2017-05-17,69.9761962890625
2017-05-18,69.9196548461914
2017-05-19,70.23043060302734
2017-05-22,70.447021484375
2017-05-23,70.46582794189453
2017-05-24,70.65415954589844
2017-05-25,70.28690338134766
2017-05-26,70.15510559082031
2017-05-30,70.35285186767578
2017-05-31,70.01383209228516
2017-06-01,69.5002670288086
2017-06-02,70.09394073486328
2017-06-05,70.53684997558594
2017-06-06,70.79127502441406
2017-06-07,71.16822052001953
2017-06-08,71.14942932128906
2017-06-09,70.98916625976562
2017-06-12,71.08342742919922
2017-06-13,71.0645751953125
2017-06-14,71.5734634399414
2017-06-15,71.46041107177734
2017-06-16,71.87500762939453
2017-06-19,71.61113739013672
2017-06-20,71.41327667236328
2017-06-21,71.2530746459961
2017-06-22,71.10228729248047
2017-06-23,71.39442443847656
2017-06-26,71.51691436767578
2017-06-27,71.5734634399414
2017-06-28,72.04464721679688
2017-06-29,72.44987487792969
2017-06-30,72.47816467285156
2017-07-03,72.19995880126953
2017-07-05,71.690673828125
2017-07-06,71.58696746826172
2017-07-07,71.6812973022461
2017-07-10,71.71900177001953
2017-07-11,71.99250030517578
2017-07-12,72.42628479003906
2017-07-13,72.91664123535156
2017-07-14,73.83142852783203
2017-07-17,73.5768051147461
2017-07-18,74.69903564453125
2017-07-19,75.05740356445312
2017-07-20,75.05740356445312
2017-07-21,74.68962097167969
2017-07-24,74.7933578491211
2017-07-25,74.89707946777344
2017-07-26,75.4157485961914
2017-07-27,75.1894302368164
2017-07-28,75.387451171875
2017-07-31,75.50061798095703
2017-08-01,75.20145416259766
2017-08-02,75.17314910888672
2017-08-03,75.05986785888672
2017-08-04,74.84281921386719
2017-08-07,74.66349029541016
2017-08-08,74.72007751464844
2017-08-09,74.43697357177734
2017-08-10,74.43697357177734
2017-08-11,74.52193450927734
2017-08-14,74.1727294921875
2017-08-15,73.82352447509766
2017-08-16,74.84281921386719
2017-08-17,74.49360656738281
2017-08-18,74.91828918457031
2017-08-21,74.94662475585938
2017-08-22,74.6917953491211
2017-08-23,74.67292022705078
2017-08-24,74.56912231445312
2017-08-25,74.97498321533203
2017-08-28,75.18258666992188
2017-08-29,75.03154754638672
2017-08-30,74.57855987548828
2017-08-31,75.041015625
2017-09-01,75.24311828613281
2017-09-05,75.52644348144531
2017-09-06,75.45085906982422
2017-09-07,75.99867248535156
2017-09-08,76.06477355957031
2017-09-11,75.80030059814453
2017-09-12,75.73420715332031
2017-09-13,75.41309356689453
2017-09-14,75.42252349853516
2017-09-15,75.55476379394531
2017-09-18,75.19591522216797
2017-09-19,75.67755126953125
2017-09-20,75.76254272460938
2017-09-21,74.8653335571289
2017-09-22,75.24311828613281
2017-09-25,74.94087219238281
2017-09-26,74.46867370605469
2017-09-27,74.16645050048828
2017-09-28,74.16645050048828
2017-09-29,74.0719985961914
2017-10-02,73.92454528808594
2017-10-03,74.03797912597656
2017-10-04,74.23645782470703
2017-10-05,73.61268615722656
2017-10-06,73.42369079589844
2017-10-09,73.3197021484375
2017-10-10,73.55599212646484
2017-10-11,73.67887115478516
2017-10-12,74.00963592529297
2017-10-13,74.55780792236328
2017-10-16,74.21757507324219
2017-10-17,74.17976379394531
2017-10-18,74.19866180419922
2017-10-19,74.43488311767578
2017-10-20,73.89620971679688
2017-10-23,73.84896087646484
2017-10-24,73.57490539550781
2017-10-25,72.79048919677734
2017-10-26,72.4124526977539
2017-10-27,72.55420684814453
2017-10-30,72.72431182861328
2017-10-31,72.4124526977539
2017-11-01,72.6015853881836
2017-11-02,73.02716064453125
2017-11-03,72.36512756347656
2017-11-06,72.6772689819336
2017-11-07,72.29896545410156
2017-11-08,72.66780090332031
2017-11-09,72.66780090332031
2017-11-10,72.47863006591797
2017-11-13,72.14762878417969
2017-11-14,72.1854476928711
2017-11-15,71.78829956054688
2017-11-16,71.80718231201172
2017-11-17,71.60859680175781
2017-11-20,71.41944885253906
2017-11-21,71.70315551757812
2017-11-22,72.10032653808594
2017-11-24,72.03414916992188
2017-11-27,71.94905090332031
2017-11-28,71.89226531982422
2017-11-29,71.68425750732422
2017-11-30,71.58966064453125
2017-12-01,72.0079116821289
2017-12-04,71.8281478881836
2017-12-05,72.0079116821289
2017-12-06,71.55374908447266
2017-12-07,71.09957885742188
2017-12-08,71.0143814086914
2017-12-11,71.24141693115234
2017-12-12,71.57262420654297
2017-12-13,72.2634048461914
2017-12-14,72.63241577148438
2017-12-15,72.34857940673828
2017-12-18,72.55667877197266
2017-12-19,72.53780364990234
2017-12-20,72.54727172851562
2017-12-21,72.8973617553711
2017-12-22,73.02982330322266
2017-12-26,73.14339447021484
2017-12-27,73.55028533935547
2017-12-28,73.76790618896484
2017-12-29,73.85304260253906
2018-01-02,74.1323013305664
2018-01-03,74.2080307006836
2018-01-04,74.4825668334961
2018-01-05,74.52992248535156
2018-01-08,74.24593353271484
2018-01-09,74.04710388183594
2018-01-10,74.2080307006836
2018-01-11,74.681396484375
2018-01-12,74.91800689697266
2018-01-16,75.353515625
2018-01-17,75.69432067871094
2018-01-18,75.72272491455078
2018-01-19,75.70375061035156
2018-01-22,75.7889633178711
2018-01-23,75.74163055419922
2018-01-24,76.4705581665039
2018-01-25,76.05401611328125
2018-01-26,76.81132507324219
2018-01-29,76.70722961425781
2018-01-30,76.49895477294922
2018-01-31,76.31906127929688
2018-02-01,76.2196044921875
2018-02-02,75.10165405273438
2018-02-05,74.6753158569336
2018-02-06,74.73216247558594
2018-02-07,74.08795166015625
2018-02-08,73.66159057617188
2018-02-09,73.88895416259766
2018-02-12,74.34371185302734
2018-02-13,74.44793701171875
2018-02-14,75.13951873779297
2018-02-15,75.24375915527344
2018-02-16,74.92163848876953
2018-02-20,74.7037353515625
2018-02-21,74.00263977050781
2018-02-22,74.334228515625
2018-02-23,74.25843048095703
2018-02-26,74.40056610107422
2018-02-27,73.8131332397461
2018-02-28,73.59524536132812
2018-03-01,73.56871795654297
2018-03-02,73.57818603515625
2018-03-05,73.6255874633789
2018-03-06,74.09011840820312
2018-03-07,74.16600036621094
2018-03-08,73.82470703125
2018-03-09,74.40301513671875
2018-03-12,74.6969223022461
2018-03-13,74.4978256225586
2018-03-14,74.70637512207031
2018-03-15,73.94793701171875
2018-03-16,73.12313079833984
2018-03-19,73.15158081054688
2018-03-20,72.82923126220703
2018-03-21,73.654052734375
2018-03-22,73.06623077392578
2018-03-23,73.0283203125
2018-03-26,73.43598937988281
2018-03-27,72.78182983398438
2018-03-28,72.65858459472656
2018-03-29,72.89557647705078
2018-04-02,72.6546401977539
2018-04-03,72.86337280273438
2018-04-04,73.22388458251953
2018-04-05,72.88230895996094
2018-04-06,72.86337280273438
2018-04-09,73.03413391113281
2018-04-10,73.67924499511719
2018-04-11,73.6318130493164
2018-04-12,73.61283111572266
2018-04-13,73.74563598632812
2018-04-16,73.86903381347656
2018-04-17,73.74563598632812
2018-04-18,73.89747619628906
2018-04-19,73.38516998291016
2018-04-20,72.79691314697266
2018-04-23,72.20870971679688
2018-04-24,72.21823120117188
2018-04-25,71.81024932861328
2018-04-26,71.68690490722656
2018-04-27,71.98102569580078
2018-04-30,71.46869659423828
2018-05-01,71.05087280273438
2018-05-02,71.1173324584961
2018-05-03,71.52568054199219
2018-05-04,71.51618957519531
2018-05-07,71.3547592163086
2018-05-08,70.75647735595703
2018-05-09,70.8514404296875
2018-05-10,71.56365966796875
2018-05-11,71.69660186767578
2018-05-14,71.4876708984375
2018-05-15,70.9559097290039
2018-05-16,71.3547592163086
2018-05-17,71.33575439453125
2018-05-18,71.33575439453125
2018-05-21,72.0099868774414
2018-05-22,71.9529800415039
2018-05-23,71.5921630859375
2018-05-24,72.0005111694336
2018-05-25,71.69660186767578
2018-05-29,71.28824615478516
2018-05-30,72.0005111694336
2018-05-31,71.87702941894531
2018-06-01,71.9131088256836
2018-06-04,72.67341613769531
2018-06-05,72.35029602050781
2018-06-06,72.81600189208984
2018-06-07,72.42633819580078
2018-06-08,72.18875885009766
2018-06-11,72.3218002319336
2018-06-12,71.96066284179688
2018-06-13,71.99867248535156
2018-06-14,71.15287017822266
2018-06-15,70.76321411132812
2018-06-18,70.55413818359375
2018-06-19,70.1169662475586
2018-06-20,70.04093933105469
2018-06-21,70.22150421142578
2018-06-22,70.73469543457031
2018-06-25,70.42110443115234
2018-06-26,70.2690658569336
2018-06-27,69.7083511352539
2018-06-28,69.89839172363281
2018-06-29,70.36408233642578
2018-07-02,69.7342529296875
2018-07-03,70.12432861328125
2018-07-05,70.27655029296875
2018-07-06,70.66657257080078
2018-07-09,71.03763580322266
2018-07-10,71.03763580322266
2018-07-11,70.09577941894531
2018-07-12,70.50485229492188
2018-07-13,70.59051513671875
2018-07-16,70.63806915283203
2018-07-17,70.36217498779297
2018-07-18,70.42875671386719
2018-07-19,69.98162078857422
2018-07-20,70.71416473388672
2018-07-23,70.27655029296875
2018-07-24,70.6190414428711
2018-07-25,71.00908660888672
2018-07-26,70.22897338867188
2018-07-27,70.50485229492188
2018-07-30,70.5429458618164
2018-07-31,70.74270629882812
2018-08-01,70.47508239746094
2018-08-02,70.16081237792969
2018-08-03,70.494140625
2018-08-06,70.36079406738281
2018-08-07,70.70365905761719
2018-08-08,70.80841064453125
2018-08-09,70.29412841796875
2018-08-10,69.49420166015625
2018-08-13,69.17037200927734
2018-08-14,68.93225860595703
2018-08-15,68.91322326660156
2018-08-16,69.17037200927734
2018-08-17,69.67511749267578
2018-08-20,69.8465347290039
2018-08-21,70.17985534667969
2018-08-22,70.0655746459961
2018-08-23,69.07510375976562
2018-08-24,69.79893493652344
2018-08-27,70.0274887084961
2018-08-28,69.91319274902344
2018-08-29,69.63700103759766
2018-08-30,69.20845794677734
2018-08-31,68.53225708007812
2018-09-04,68.46267700195312
2018-09-05,68.59609985351562
2018-09-06,68.62474060058594
2018-09-07,67.75738525390625
2018-09-10,67.82411193847656
2018-09-11,67.80500793457031
2018-09-12,68.4150161743164
2018-09-13,68.68187713623047
2018-09-14,68.30066680908203
2018-09-17,68.46267700195312
2018-09-18,68.8153305053711
2018-09-19,69.26332092285156
2018-09-20,69.56832122802734
2018-09-21,69.49207305908203
2018-09-24,69.21564483642578
2018-09-25,69.14895629882812
2018-09-26,69.29190063476562
2018-09-27,68.7676773071289
2018-09-28,68.95829772949219
2018-10-01,68.96786499023438
2018-10-02,68.59577941894531
2018-10-03,67.83251190185547
2018-10-04,67.5177001953125
2018-10-05,67.19331359863281
2018-10-08,67.52727508544922
2018-10-09,67.74667358398438
2018-10-10,67.50817108154297
2018-10-11,67.88978576660156
2018-10-12,67.84207153320312
2018-10-15,68.05197143554688
2018-10-16,68.16646575927734
2018-10-17,67.95658111572266
2018-10-18,67.87068176269531
2018-10-19,67.95658111572266
2018-10-22,67.63216400146484
2018-10-23,67.68941497802734
2018-10-24,67.41275024414062
2018-10-25,67.60355377197266
2018-10-26,67.7371597290039
2018-10-29,67.44137573242188
2018-10-30,67.88021850585938
2018-10-31,67.55586242675781
2018-11-01,68.84782409667969
2018-11-02,68.70459747314453
2018-11-05,68.78102111816406
2018-11-06,68.97200775146484
2018-11-07,69.47806549072266
2018-11-08,69.23934936523438
2018-11-09,69.01012420654297
2018-11-12,68.57093048095703
2018-11-13,68.89558410644531
2018-11-14,69.13428497314453
2018-11-15,69.53536987304688
2018-11-16,70.09873962402344
2018-11-19,69.64993286132812
2018-11-20,68.97200775146484
2018-11-21,69.38257598876953
2018-11-23,69.05790710449219
2018-11-26,69.06745147705078
2018-11-27,69.04838562011719
2018-11-28,69.85047912597656
2018-11-29,69.90780639648438
2018-11-30,69.716796875
2018-12-03,70.3207015991211
2018-12-04,70.10093688964844
2018-12-06,69.14537048339844
2018-12-07,68.85868072509766
2018-12-10,68.72489929199219
2018-12-11,68.83958435058594
2018-12-12,68.9924545288086
2018-12-13,69.06893920898438
2018-12-14,68.61979675292969
2018-12-17,68.5815658569336
2018-12-18,68.5815658569336
2018-12-19,67.95088958740234
2018-12-20,68.03688049316406
2018-12-21,67.281982421875
2018-12-24,67.35842895507812
2018-12-26,67.62599182128906
2018-12-27,67.18643188476562
2018-12-28,67.23419189453125
2018-12-31,67.32023620605469
2019-01-02,66.91567993164062
2019-01-03,66.95393371582031
2019-01-04,68.13981628417969
2019-01-07,68.33110809326172
2019-01-08,68.30237579345703
2019-01-09,68.68492889404297
2019-01-10,68.75186157226562
2019-01-11,68.88578033447266
2019-01-14,68.83792114257812
2019-01-15,68.87617492675781
2019-01-16,68.59888458251953
2019-01-17,68.83792114257812
2019-01-18,68.5796890258789
2019-01-22,68.08245086669922
2019-01-23,68.33110809326172
2019-01-24,67.87202453613281
2019-01-25,68.68492889404297
2019-01-28,68.57015991210938
2019-01-29,68.42671203613281
2019-01-30,69.36392211914062
2019-01-31,69.56477355957031
2019-02-01,69.38481140136719
2019-02-04,69.1455307006836
2019-02-05,69.22207641601562
2019-02-06,68.14051055908203
2019-02-07,68.00648498535156
2019-02-08,67.85334777832031
2019-02-11,67.65232849121094
2019-02-12,67.98735809326172
2019-02-13,67.87249755859375
2019-02-14,67.98735809326172
2019-02-15,68.34149169921875
2019-02-19,68.64778137207031
2019-02-20,68.6094970703125
2019-02-21,67.98735809326172
2019-02-22,68.29364013671875
2019-02-25,68.68609619140625
2019-02-26,68.85836791992188
2019-02-27,68.39894104003906
2019-02-28,67.9777603149414
2019-03-01,67.8092041015625
2019-03-04,67.86666870117188
2019-03-05,67.81880950927734
2019-03-06,67.3014907836914
2019-03-07,67.12907409667969
2019-03-08,67.49309539794922
2019-03-11,67.65592193603516
2019-03-12,67.86666870117188
2019-03-13,67.9528579711914
2019-03-14,67.6942367553711
2019-03-15,67.85710144042969
2019-03-18,68.0199203491211
2019-03-19,67.96248626708984
2019-03-20,68.26898956298828
2019-03-21,68.1348876953125
2019-03-22,67.84750366210938
2019-03-25,68.15403747558594
2019-03-26,68.41264343261719
2019-03-27,67.90497589111328
2019-03-28,67.79002380371094
2019-03-29,67.99122619628906
2019-04-01,68.18196105957031
2019-04-02,67.73139953613281
2019-04-03,68.21070098876953
2019-04-04,68.2298812866211
2019-04-05,68.0860824584961
2019-04-08,68.33531951904297
2019-04-09,68.31614685058594
2019-04-10,68.70914459228516
2019-04-11,68.29696655273438
2019-04-12,68.75711059570312
2019-04-15,68.74747467041016
2019-04-16,68.76667785644531
2019-04-17,68.75711059570312
2019-04-18,68.53659057617188
2019-04-22,68.38322448730469
2019-04-23,68.12445831298828
2019-04-24,67.18505096435547
2019-04-25,67.21380615234375
2019-04-26,67.48218536376953
2019-04-29,67.69306945800781
2019-04-30,67.5685043334961
2019-05-01,67.21548461914062
2019-05-02,67.15791320800781
2019-05-03,67.28264617919922
2019-05-06,67.15791320800781
2019-05-07,67.21548461914062
2019-05-08,66.99482727050781
2019-05-09,67.06196594238281
2019-05-10,67.17707061767578
2019-05-13,66.65908813476562
2019-05-14,66.61112213134766
2019-05-15,66.38089752197266
2019-05-16,66.0643310546875
2019-05-17,65.87249755859375
2019-05-20,66.28497314453125
2019-05-21,66.03556823730469
2019-05-22,65.99720764160156
2019-05-23,66.18904113769531
2019-05-24,66.50565338134766
2019-05-28,66.46725463867188
2019-05-29,66.30413055419922
2019-05-30,66.3617172241211
2019-05-31,66.58235931396484
2019-06-03,66.91636657714844
2019-06-04,67.16590118408203
2019-06-05,66.90675354003906
2019-06-06,67.00273132324219
2019-06-07,67.12753295898438
2019-06-10,66.7339859008789
2019-06-11,66.76277160644531
2019-06-12,66.48442840576172
2019-06-13,66.35008239746094
2019-06-14,65.93733215332031
2019-06-17,65.78380584716797
2019-06-18,65.95655822753906
2019-06-19,66.00457000732422
2019-06-20,66.42687225341797
2019-06-21,66.52283477783203
2019-06-24,66.86834716796875
2019-06-25,66.81079864501953
2019-06-26,67.10832214355469
2019-06-27,67.22350311279297
2019-06-28,67.38664245605469
2019-07-01,66.82688903808594
2019-07-02,67.04773712158203
2019-07-03,67.61418914794922
2019-07-05,67.02847290039062
2019-07-08,66.94210815429688
2019-07-09,66.54842376708984
2019-07-10,66.81725311279297
2019-07-11,67.00931549072266
2019-07-12,67.4029769897461
2019-07-15,67.58539581298828
2019-07-16,67.35497283935547
2019-07-17,67.32616424560547
2019-07-18,67.89263916015625
2019-07-19,67.64300537109375
2019-07-22,67.49900817871094
2019-07-23,67.25896453857422
2019-07-24,67.00931549072266
2019-07-25,66.74044799804688
2019-07-26,66.33721923828125
2019-07-29,66.2603759765625
2019-07-30,66.01074981689453
2019-07-31,65.6843032836914
2019-08-01,65.32412719726562
2019-08-02,65.25690460205078
2019-08-05,64.94000244140625
2019-08-06,64.9207992553711
2019-08-07,64.94959259033203
2019-08-08,65.3721923828125
2019-08-09,65.14169311523438
2019-08-12,64.872802734375
2019-08-13,65.26655578613281
2019-08-14,64.8055419921875
2019-08-15,65.11287689208984
2019-08-16,65.14169311523438
2019-08-19,64.9303970336914
2019-08-20,65.11287689208984
2019-08-21,65.10325622558594
2019-08-22,64.9207992553711
2019-08-23,64.8343734741211
2019-08-26,65.01685333251953
2019-08-27,64.81514739990234
2019-08-28,64.69993591308594
2019-08-29,64.58462524414062
2019-08-30,64.69993591308594
2019-09-03,64.85454559326172
2019-09-04,65.25798034667969
2019-09-05,65.49812316894531
2019-09-06,65.72860717773438
2019-09-09,65.88232421875
2019-09-10,65.88232421875
2019-09-11,65.88232421875
2019-09-12,65.90153503417969
2019-09-13,66.08401489257812
2019-09-16,65.94957733154297
2019-09-17,65.9687728881836
2019-09-18,65.58455657958984
2019-09-19,65.267578125
2019-09-20,64.96984100341797
2019-09-23,65.08507537841797
2019-09-24,65.30601501464844
2019-09-25,64.83533477783203
2019-09-26,64.85454559326172
2019-09-27,64.95059967041016
2019-09-30,64.84493255615234
2019-10-01,64.39349365234375
2019-10-02,64.40314483642578
2019-10-03,64.75849151611328
2019-10-04,65.01786804199219
2019-10-07,64.64326477050781
2019-10-08,64.63363647460938
2019-10-09,64.6048355102539
2019-10-10,64.95059967041016
2019-10-11,65.25798034667969
2019-10-14,65.07549285888672
2019-10-15,64.86417388916016
2019-10-16,64.95059967041016
2019-10-17,65.59415435791016
2019-10-18,65.83429718017578
2019-10-21,65.9687728881836
2019-10-22,65.90153503417969
2019-10-23,65.8534927368164
2019-10-24,65.5077133178711
2019-10-25,65.53652954101562
2019-10-28,65.70944213867188
2019-10-29,65.93993377685547
2019-10-30,66.20892333984375
2019-10-31,66.22810363769531
2019-11-01,66.41542053222656
2019-11-04,66.10799407958984
2019-11-05,66.2617416381836
2019-11-06,66.09844207763672
2019-11-07,66.2617416381836
2019-11-08,65.8582763671875
2019-11-11,65.83908081054688
2019-11-12,65.71420288085938
2019-11-13,65.69497680664062
2019-11-14,65.205078125
2019-11-15,65.49325561523438
2019-11-18,65.45484924316406
2019-11-19,65.5797119140625
2019-11-20,65.2915267944336
2019-11-21,65.17625427246094
2019-11-22,65.21468353271484
2019-11-25,65.08979797363281
2019-11-26,65.21468353271484
2019-11-27,65.09939575195312
2019-11-29,64.97455596923828
2019-12-02,65.5700912475586
2019-12-03,65.73338317871094
2019-12-04,65.83908081054688
2019-12-05,65.63735961914062
2019-12-06,65.71420288085938
2019-12-09,65.6085205078125
2019-12-10,65.41639709472656
2019-12-11,66.08880615234375
2019-12-12,66.37700653076172
2019-12-13,65.98313903808594
2019-12-16,66.15607452392578
2019-12-17,65.7718276977539
2019-12-18,65.8006362915039
2019-12-19,66.16568756103516
2019-12-20,66.30015563964844
2019-12-23,66.48269653320312
2019-12-24,66.53067779541016
2019-12-26,66.75163269042969
2019-12-27,67.0494384765625
2019-12-30,67.20311737060547
2019-12-31,67.40481567382812
2020-01-02,67.10896301269531
2020-01-03,66.8111801147461
2020-01-06,66.47496032714844
2020-01-07,65.97541809082031
2020-01-08,65.95620727539062
2020-01-09,65.86976623535156
2020-01-10,66.3404541015625
2020-01-13,66.35966491699219
2020-01-14,66.30205535888672
2020-01-15,66.32124328613281
2020-01-16,66.29243469238281
2020-01-17,66.07147216796875
2020-01-21,65.72566986083984
2020-01-22,65.73526763916016
2020-01-23,65.74486541748047
2020-01-24,65.54317474365234
2020-01-27,64.90911865234375
2020-01-28,64.93798828125
2020-01-29,64.88031768798828
2020-01-30,64.56331634521484
2020-01-31,64.31356811523438
2020-02-03,64.28666687011719
2020-02-04,64.7478256225586
2020-02-05,64.75743865966797
2020-02-06,64.632568359375
2020-02-07,64.13292694091797
2020-02-10,64.1905746459961
2020-02-11,64.50763702392578
2020-02-12,64.77666473388672
2020-02-13,64.49803924560547
2020-02-14,64.51721954345703
2020-02-18,64.25782775878906
2020-02-19,64.2001953125
2020-02-20,63.585289001464844
2020-02-21,63.68132400512695
2020-02-24,63.39310836791992
2020-02-25,63.39310836791992
2020-02-26,62.97998046875
2020-02-27,63.191349029541016
2020-02-28,62.59564971923828
2020-03-02,62.678279876708984
2020-03-03,63.40855026245117
2020-03-04,63.648780822753906
2020-03-05,63.42778396606445
2020-03-06,63.78329086303711
2020-03-09,63.350921630859375
2020-03-10,62.31315994262695
2020-03-11,62.35159683227539
2020-03-12,60.55474090576172
2020-03-13,59.959007263183594
2020-03-16,58.85398864746094
2020-03-17,57.58562469482422
2020-03-18,55.68308639526367
2020-03-19,55.3083381652832
2020-03-20,55.73112487792969
2020-03-23,55.548553466796875
2020-03-24,56.989871978759766
2020-03-25,57.06675338745117
2020-03-26,58.24863052368164
2020-03-27,59.30560302734375
2020-03-30,59.23834991455078
2020-03-31,58.950069427490234
2020-04-01,58.392757415771484
2020-04-02,58.14293670654297
2020-04-03,57.4703254699707
2020-04-06,58.42158889770508
2020-04-07,59.44011306762695
2020-04-08,59.73798751831055
2020-04-09,60.94869613647461
2020-04-13,61.42915344238281
2020-04-14,61.909584045410156
2020-04-15,60.58358383178711
2020-04-16,60.50669860839844
2020-04-17,61.05439758300781
2020-04-20,60.81417465209961
2020-04-21,60.42021942138672
2020-04-22,60.6700439453125
2020-04-23,61.169708251953125
2020-04-24,61.304229736328125
2020-04-27,62.082523345947266
2020-04-28,62.370811462402344
2020-04-29,62.8608512878418
2020-04-30,62.563011169433594
2020-05-01,61.61172866821289
2020-05-04,61.71741485595703
2020-05-05,61.823116302490234
2020-05-06,61.40992736816406
2020-05-07,62.23629379272461
2020-05-08,62.678279876708984
2020-05-11,62.2939453125
2020-05-12,62.1882438659668
2020-05-13,61.909584045410156
2020-05-14,62.03450012207031
2020-05-15,61.56367874145508
2020-05-18,62.59178161621094
2020-05-19,62.774391174316406
2020-05-20,63.31248474121094
2020-05-21,63.06263732910156
2020-05-22,62.72632598876953
2020-05-26,63.78329086303711
2020-05-27,63.456626892089844
2020-05-28,63.68718719482422
2020-05-29,63.97550582885742
2020-06-01,65.23422241210938
2020-06-02,66.13743591308594
2020-06-03,66.49300384521484
2020-06-04,66.57950592041016
2020-06-05,66.81970977783203
2020-06-08,67.43464660644531
2020-06-09,66.7908935546875
2020-06-10,67.30975341796875
2020-06-11,65.62821197509766
2020-06-12,65.77233123779297
2020-06-15,66.31043243408203
2020-06-16,66.04138946533203
2020-06-17,66.03176879882812
2020-06-18,65.69548034667969
2020-06-19,65.62821197509766
2020-06-22,66.25279235839844
2020-06-23,66.46416473388672
2020-06-24,65.9068603515625
2020-06-25,66.07978057861328
2020-06-26,65.8107681274414
2020-06-29,65.86843872070312
2020-06-30,66.20472717285156
2020-07-01,66.37767028808594
2020-07-02,66.39691925048828
2020-07-06,66.9061508178711
2020-07-07,66.58908081054688
2020-07-08,66.98302459716797
2020-07-09,66.78128814697266
2020-07-10,66.64675903320312
2020-07-13,66.617919921875
2020-07-14,66.858154296875
2020-07-15,67.20406341552734
2020-07-16,66.87733459472656
2020-07-17,67.20406341552734
2020-07-20,67.30975341796875
2020-07-21,68.33788299560547
2020-07-22,68.53968048095703
2020-07-23,68.1264877319336
2020-07-24,68.07845306396484
2020-07-27,68.55891418457031
2020-07-28,68.65499114990234
2020-07-29,68.90482330322266
2020-07-30,68.8759765625
2020-07-31,68.53968048095703
2020-08-03,68.32828521728516
2020-08-04,68.74146270751953
2020-08-05,68.99129486083984
2020-08-06,69.46211242675781
2020-08-07,68.64537811279297
2020-08-10,68.59732055664062
2020-08-11,68.49163055419922
2020-08-12,68.63577270507812
2020-08-13,68.50125122070312
2020-08-14,68.78947448730469
2020-08-17,69.2219009399414
2020-08-18,69.4237060546875
2020-08-19,68.89521026611328
2020-08-20,69.05855560302734
2020-08-21,68.70301818847656
2020-08-24,68.66458892822266
2020-08-25,68.97209930419922
2020-08-26,69.3564224243164
2020-08-27,69.60624694824219
2020-08-28,70.55754089355469
2020-08-31,70.71125793457031
2020-09-01,70.68243408203125
2020-09-02,70.2884750366211
2020-09-03,69.7215576171875
2020-09-04,69.89452362060547
2020-09-08,69.16426086425781
2020-09-09,69.7887954711914
2020-09-10,69.51976776123047
2020-09-11,69.74077606201172
2020-09-14,69.88492584228516
2020-09-15,69.97139739990234
2020-09-16,69.85608673095703
2020-09-17,70.09632110595703
2020-09-18,69.90413665771484
2020-09-21,69.18347930908203
2020-09-22,68.73185729980469
2020-09-23,67.7709732055664
2020-09-24,67.5884017944336
2020-09-25,67.396240234375
2020-09-28,67.7613754272461
2020-09-29,68.28022766113281
2020-09-30,68.58773803710938
2020-10-01,68.91443634033203
2020-10-02,68.58773803710938
2020-10-05,68.8087158203125
2020-10-06,68.18412780761719
2020-10-07,68.33788299560547
2020-10-08,68.63577270507812
2020-10-09,69.3564224243164
2020-10-12,69.0777359008789
2020-10-13,68.57809448242188
2020-10-14,68.60689544677734
2020-10-15,67.98235321044922
2020-10-16,67.87666320800781
2020-10-19,67.665283203125
2020-10-20,67.55956268310547
2020-10-21,68.2033462524414
2020-10-22,68.18412780761719
2020-10-23,68.42437744140625
2020-10-26,68.29945373535156
2020-10-27,68.33788299560547
2020-10-28,67.49229431152344
2020-10-29,67.3866195678711
2020-10-30,67.30975341796875
2020-11-02,67.5691909790039
2020-11-03,68.4339828491211
2020-11-04,68.74146270751953
2020-11-05,69.75999450683594
2020-11-06,69.5293960571289
2020-11-09,69.73116302490234
2020-11-10,69.71195983886719
2020-11-11,69.7215576171875
2020-11-12,69.26034545898438
2020-11-13,69.62548828125
2020-11-16,70.09632110595703
2020-11-17,69.94255065917969
2020-11-18,69.96178436279297
2020-11-19,69.86568450927734
2020-11-20,69.98098754882812
2020-11-23,69.76960754394531
2020-11-24,70.50949096679688
2020-11-25,70.54788208007812
2020-11-27,70.7593002319336
2020-11-30,70.27885437011719
2020-12-01,70.56714630126953
2020-12-02,70.90348052978516
2020-12-03,70.970703125
2020-12-04,71.13404083251953
2020-12-07,71.07642364501953
2020-12-08,70.93225860595703
2020-12-09,71.2397232055664
2020-12-10,72.13336944580078
2020-12-11,72.17181396484375
2020-12-14,72.1141586303711
2020-12-15,72.36397552490234
2020-12-16,72.47928619384766
2020-12-17,72.92131805419922
2020-12-18,72.97894287109375
2020-12-21,72.58499908447266
2020-12-22,72.01805114746094
2020-12-23,72.58499908447266
2020-12-24,72.7579574584961
2020-12-28,72.52733612060547
2020-12-29,72.85403442382812
2020-12-30,73.49781799316406
2020-12-31,73.82453155517578
2021-01-04,73.40171813964844
2021-01-05,74.33379364013672
2021-01-06,74.69890594482422
2021-01-07,74.38184356689453
2021-01-08,74.28572082519531
2021-01-11,73.69959259033203
2021-01-12,74.4394760131836
2021-01-13,74.04553985595703
2021-01-14,74.54517364501953
2021-01-15,73.76688385009766
2021-01-19,73.65155029296875
2021-01-20,74.18006134033203
2021-01-21,74.34339904785156
2021-01-22,73.87255859375
2021-01-25,73.83412170410156
2021-01-26,74.18006134033203
2021-01-27,73.29605102539062
2021-01-28,73.55547332763672
2021-01-29,73.12307739257812
2021-02-01,72.92131805419922
2021-02-02,72.70993041992188
2021-02-03,72.9693603515625
2021-02-04,72.72911071777344
2021-02-05,73.42098999023438
2021-02-08,73.73804473876953
2021-02-09,74.02628326416016
2021-02-10,73.86293029785156
2021-02-11,74.18006134033203
2021-02-12,74.21847534179688
2021-02-16,74.24730682373047
2021-02-17,74.17044067382812
2021-02-18,74.35301971435547
2021-02-19,75.2658462524414
2021-02-22,75.70784759521484
2021-02-23,75.70784759521484
2021-02-24,76.23631286621094
2021-02-25,75.31388854980469
2021-02-26,73.65155029296875
2021-03-01,74.35301971435547
2021-03-02,74.89109802246094
2021-03-03,74.45870971679688
2021-03-04,73.91099548339844
2021-03-05,73.57469177246094
2021-03-08,73.0942611694336
2021-03-09,73.82453155517578
2021-03-10,74.01669311523438
2021-03-11,74.56440734863281
2021-03-12,74.25691223144531
2021-03-15,74.18962860107422
2021-03-16,74.1031723022461
2021-03-17,74.65087890625
2021-03-18,74.18006134033203
2021-03-19,74.08395385742188
2021-03-22,74.08395385742188
2021-03-23,72.930908203125
2021-03-24,72.57537078857422
2021-03-25,72.48889923095703
2021-03-26,72.99816131591797
2021-03-29,72.97894287109375
2021-03-30,72.59458923339844
2021-03-31,72.65225982666016
2021-04-01,72.83478546142578
2021-04-05,72.92131805419922
2021-04-06,73.51703643798828
2021-04-07,72.74835205078125
2021-04-08,73.18074798583984
2021-04-09,72.94053649902344
2021-04-12,72.83478546142578
2021-04-13,73.14228820800781
2021-04-14,73.92060089111328
2021-04-15,74.18006134033203
2021-04-16,73.91099548339844
2021-04-19,74.13201141357422
2021-04-20,73.8437271118164
2021-04-21,74.15120697021484
2021-04-22,73.67076873779297
2021-04-23,74.14161682128906
2021-04-26,74.61244201660156
2021-04-27,74.26652526855469
2021-04-28,74.50672912597656
2021-04-29,74.32417297363281
2021-04-30,73.66120147705078
2021-05-03,74.19924926757812
2021-05-04,73.69959259033203
2021-05-05,74.05513763427734
2021-05-06,74.42985534667969
2021-05-07,75.0448226928711
2021-05-10,74.94873809814453
2021-05-11,74.94873809814453
2021-05-12,73.82453155517578
2021-05-13,73.90140533447266
2021-05-14,74.37220764160156
2021-05-17,74.25691223144531
2021-05-18,74.53558349609375
2021-05-19,73.82453155517578
2021-05-20,74.28572082519531
2021-05-21,73.89176940917969
2021-05-24,74.13201141357422
2021-05-25,74.1031723022461
2021-05-26,74.04553985595703
2021-05-27,74.05513763427734
2021-05-28,73.6419448852539
2021-06-01,74.14161682128906
2021-06-02,74.14161682128906
2021-06-03,73.18074798583984
2021-06-04,74.00708770751953
2021-06-07,74.14161682128906
2021-06-08,73.96866607666016
2021-06-09,73.8437271118164
2021-06-10,74.08395385742188
2021-06-11,73.61312866210938
2021-06-14,73.68041229248047
2021-06-15,73.41133880615234
2021-06-16,72.74835205078125
2021-06-17,72.10456085205078
2021-06-18,71.5760498046875
2021-06-21,72.01805114746094
2021-06-22,72.17181396484375
2021-06-23,72.29669189453125
2021-06-24,72.46006774902344
2021-06-25,72.55616760253906
2021-06-28,72.24867248535156
2021-06-29,71.74903106689453
2021-06-30,71.6048812866211
2021-07-01,71.32622528076172
2021-07-02,71.91236114501953
2021-07-06,71.59529113769531
2021-07-07,71.47996520996094
2021-07-08,70.96107482910156
2021-07-09,71.59529113769531
2021-07-12,71.45114135742188
2021-07-13,71.10523223876953
2021-07-14,71.42231750488281
2021-07-15,70.86499786376953
2021-07-16,70.59597778320312
2021-07-19,70.0290298461914
2021-07-20,70.00981140136719
2021-07-21,70.2884750366211
2021-07-22,70.51908111572266
2021-07-23,70.37492370605469
2021-07-26,70.4998779296875
2021-07-27,70.3172836303711
2021-07-28,70.40377044677734
2021-07-29,70.66321563720703
2021-07-30,70.08670806884766
2021-08-02,70.2884750366211
2021-08-03,70.6344223022461
2021-08-04,70.45183563232422
2021-08-05,70.73050689697266
2021-08-06,70.2308349609375
2021-08-09,70.00981140136719
2021-08-10,70.17315673828125
2021-08-11,70.46141052246094
2021-08-12,70.04826354980469
2021-08-13,70.47103118896484
2021-08-16,70.10589599609375
2021-08-17,69.26992797851562
2021-08-18,69.09697723388672
2021-08-19,68.25141906738281
2021-08-20,68.16493225097656
2021-08-23,68.89521026611328
2021-08-24,69.250732421875
2021-08-25,69.49095153808594
2021-08-26,69.10658264160156
2021-08-27,69.82726287841797
2021-08-30,69.62548828125
2021-08-31,69.79843139648438
2021-09-01,70.27885437011719
2021-09-02,70.65360260009766
2021-09-03,71.12445068359375
2021-09-07,70.49024963378906
2021-09-08,70.35574340820312
2021-09-09,70.3269271850586
2021-09-10,70.1539535522461
2021-09-13,70.2884750366211
2021-09-14,69.85608673095703
2021-09-15,69.9906005859375
2021-09-16,69.58702087402344
2021-09-17,69.4237060546875
2021-09-20,69.29877471923828
2021-09-21,69.04890441894531
2021-09-22,69.13540649414062
2021-09-23,69.71195983886719
2021-09-24,69.250732421875
2021-09-27,69.58702087402344
2021-09-28,69.08737182617188
2021-09-29,68.44358825683594
2021-09-30,68.98165893554688
2021-10-01,69.33721923828125
2021-10-04,69.57742309570312
2021-10-05,69.56782531738281
2021-10-06,69.43328857421875
2021-10-07,69.80802154541016
2021-10-08,69.75999450683594
2021-10-11,70.11550903320312
2021-10-12,70.1539535522461
2021-10-13,70.41338348388672
2021-10-14,70.7689208984375
2021-10-15,70.79773712158203
2021-10-18,70.7593002319336
2021-10-19,71.27818298339844
2021-10-20,71.73942565917969
2021-10-21,71.19168853759766
2021-10-22,71.22053527832031
2021-10-25,71.47996520996094
2021-10-26,71.614501953125
2021-10-27,71.72980499267578
2021-10-28,71.97002410888672
2021-10-29,71.74903106689453
2021-11-01,71.74903106689453
2021-11-02,70.96107482910156
2021-11-03,71.14366912841797
2021-11-04,70.64399719238281
2021-11-05,70.61515045166016
2021-11-08,70.81694030761719
2021-11-09,70.4326171875
2021-11-10,69.90413665771484
2021-11-11,69.54859924316406
2021-11-12,69.9906005859375
2021-11-15,70.057861328125
2021-11-16,69.60624694824219
2021-11-17,69.27954864501953
2021-11-18,69.40447998046875
2021-11-19,69.00089263916016
2021-11-22,68.90482330322266
2021-11-23,68.99129486083984
2021-11-24,68.67420196533203
2021-11-26,67.97274017333984
2021-11-29,68.03040313720703
2021-11-30,67.95352935791016
2021-12-01,67.68450164794922
2021-12-02,67.6364517211914
2021-12-03,66.81009674072266
2021-12-06,67.20406341552734
2021-12-07,67.88629150390625
2021-12-08,68.45320129394531
2021-12-09,68.19376373291016
2021-12-10,68.36671447753906
2021-12-13,67.97274017333984
2021-12-14,67.7229232788086
2021-12-15,68.4051742553711
2021-12-16,68.46280670166016
2021-12-17,67.9343032836914
2021-12-20,67.7613754272461
2021-12-21,68.24180603027344
2021-12-22,68.82794189453125
2021-12-23,69.10658264160156
2021-12-27,69.02009582519531
2021-12-28,68.92401885986328
2021-12-29,69.13540649414062
2021-12-30,69.09697723388672
2021-12-31,69.26992797851562
2022-01-03,68.51083374023438
2022-01-04,69.02970886230469
2022-01-05,68.83755493164062
2022-01-06,68.28022766113281
2022-01-07,68.45320129394531
2022-01-10,68.4051742553711
2022-01-11,68.72222137451172
2022-01-12,69.47173309326172
2022-01-13,69.33721923828125
2022-01-14,68.77989196777344
2022-01-18,68.4339828491211
2022-01-19,68.69342803955078
2022-01-20,68.83755493164062
2022-01-21,68.4339828491211
2022-01-24,68.07845306396484
2022-01-25,68.24180603027344
2022-01-26,67.81903839111328
2022-01-27,67.0118408203125
2022-01-28,66.65634155273438
2022-01-31,67.32894897460938
2022-02-01,67.91508483886719
2022-02-02,67.99195861816406
2022-02-03,67.88629150390625
2022-02-04,67.41543579101562
2022-02-07,67.8574447631836
2022-02-08,68.04003143310547
2022-02-09,68.4051742553711
2022-02-10,68.26103210449219
2022-02-11,67.91508483886719
2022-02-14,67.87666320800781
2022-02-15,68.15532684326172
2022-02-16,68.58773803710938
2022-02-17,68.51083374023438
2022-02-18,68.35710144042969
2022-02-22,68.74146270751953
2022-02-23,68.91443634033203
2022-02-24,68.38593292236328
2022-02-25,68.91443634033203
2022-02-28,69.21231079101562
2022-03-01,69.13540649414062
2022-03-02,69.57742309570312
2022-03-03,69.7887954711914
2022-03-04,70.2884750366211
2022-03-07,69.75999450683594
2022-03-08,69.28915405273438
2022-03-09,69.79843139648438
2022-03-10,70.10589599609375
2022-03-11,69.4525146484375
2022-03-14,68.59732055664062
2022-03-15,68.64537811279297
2022-03-16,69.51017761230469
2022-03-17,70.3269271850586
2022-03-18,70.61515045166016
2022-03-21,70.47103118896484
2022-03-22,71.14366912841797
2022-03-23,71.45114135742188
2022-03-24,71.59529113769531
2022-03-25,71.65293884277344
2022-03-28,71.37427520751953
2022-03-29,71.58565521240234
2022-03-30,71.5376205444336
2022-03-31,71.29740905761719
2022-04-01,71.48958587646484
2022-04-04,71.86432647705078
2022-04-05,72.1814193725586
2022-04-06,71.6048812866211
2022-04-07,71.24935150146484
2022-04-08,71.05717468261719
2022-04-11,70.66321563720703
2022-04-12,70.970703125
2022-04-13,70.94185638427734
2022-04-14,70.66321563720703
2022-04-18,69.9906005859375
2022-04-19,70.30770111083984
2022-04-20,70.99952697753906
2022-04-21,70.25968170166016
2022-04-22,68.93363189697266
2022-04-25,68.31866455078125
2022-04-26,67.98235321044922
2022-04-27,67.80940246582031
2022-04-28,67.665283203125
2022-04-29,67.3001480102539
2022-05-02,67.18482971191406
2022-05-03,67.59800720214844
2022-05-04,69.12580108642578
2022-05-05,67.74217224121094
2022-05-06,67.45391082763672
2022-05-09,66.21436309814453
2022-05-10,66.06059265136719
2022-05-11,66.00296020507812
2022-05-12,65.26305389404297
2022-05-13,65.9452896118164
2022-05-16,66.348876953125
2022-05-17,66.7716293334961
2022-05-18,66.24317169189453
2022-05-19,67.14639282226562
2022-05-20,66.9542236328125
2022-05-23,67.59800720214844
2022-05-24,67.60759735107422
2022-05-25,67.43464660644531
2022-05-26,67.50191497802734
2022-05-27,68.1264877319336
2022-05-31,68.29945373535156
2022-06-01,68.32828521728516
2022-06-02,69.14503479003906
2022-06-03,68.60689544677734
2022-06-06,68.49163055419922
2022-06-07,68.89521026611328
2022-06-08,68.49163055419922
2022-06-09,67.5691909790039
2022-06-10,67.13677215576172
2022-06-13,65.91647338867188
2022-06-14,65.32072448730469
2022-06-15,66.64675903320312
2022-06-16,67.11754608154297
2022-06-17,65.97412872314453
2022-06-21,66.2815933227539
2022-06-22,65.92607116699219
2022-06-23,65.65702819824219
2022-06-24,66.04138946533203
2022-06-27,65.8011703491211
2022-06-28,65.67622375488281
2022-06-29,65.44564819335938
2022-06-30,65.6474609375
2022-07-01,64.90752410888672
2022-07-05,64.67694854736328
2022-07-06,64.5231704711914
2022-07-07,65.0997085571289
2022-07-08,65.18620300292969
2022-07-11,64.00430297851562
2022-07-12,64.33102416992188
2022-07-13,64.33102416992188
2022-07-14,64.17728424072266
2022-07-15,64.6000747680664
2022-07-18,64.78263854980469
2022-07-19,65.61860656738281
2022-07-20,65.51290893554688
2022-07-21,65.8011703491211
2022-07-22,65.75309753417969
2022-07-25,66.19514465332031
2022-07-26,65.9452896118164
2022-07-27,66.51222229003906
2022-07-28,66.39691925048828
2022-07-29,66.4545669555664
2022-08-01,66.8293228149414
2022-08-02,65.85881042480469
2022-08-03,66.11823272705078
2022-08-04,66.33924865722656
2022-08-05,65.77233123779297
2022-08-08,66.40650939941406
2022-08-09,66.19514465332031
2022-08-10,67.3481674194336
2022-08-11,67.54035949707031
2022-08-12,67.78057098388672
2022-08-15,66.80046081542969
2022-08-16,66.8293228149414
2022-08-17,66.01253509521484
2022-08-18,65.87802124023438
2022-08-19,65.44564819335938
2022-08-22,65.44564819335938
2022-08-23,65.9452896118164
2022-08-24,65.75309753417969
2022-08-25,66.42574310302734
2022-08-26,65.53209686279297
2022-08-29,65.6666259765625
2022-08-30,65.21504211425781
2022-08-31,65.10932159423828
2022-09-01,64.55200958251953
2022-09-02,64.75379943847656
2022-09-06,64.03313446044922
2022-09-07,64.39826202392578
2022-09-08,64.23494720458984
2022-09-09,65.13813018798828
2022-09-12,65.49369049072266
2022-09-13,64.06196594238281
2022-09-14,64.15802764892578
2022-09-15,63.764095306396484
2022-09-16,63.946659088134766
2022-09-19,63.99470901489258
2022-09-20,63.677608489990234
2022-09-21,63.158721923828125
2022-09-22,63.22602081298828
2022-09-23,62.140201568603516
2022-09-26,61.3811149597168
2022-09-27,61.188926696777344
2022-09-28,61.95764923095703
2022-09-29,61.803890228271484
2022-09-30,60.82379913330078
2022-10-03,61.9480094909668
2022-10-04,61.823116302490234
2022-10-05,61.775062561035156
2022-10-06,60.996761322021484
2022-10-07,60.52592086791992
2022-10-10,59.92057418823242
2022-10-11,59.670738220214844
2022-10-12,59.60346603393555
2022-10-13,59.87253189086914
2022-10-14,58.9885139465332
2022-10-17,59.74760055541992
2022-10-18,59.930179595947266
2022-10-19,59.60346603393555
2022-10-20,59.69956970214844
2022-10-21,60.6988639831543
2022-10-24,60.04548263549805
2022-10-25,60.77574157714844
2022-10-26,61.75585174560547
2022-10-27,61.42915344238281
2022-10-28,61.035194396972656
2022-10-31,60.83340835571289
2022-11-01,60.8583869934082
2022-11-02,60.46434020996094
2022-11-03,59.8780403137207
2022-11-04,61.58884811401367
2022-11-07,61.59845733642578
2022-11-08,61.8291130065918
2022-11-09,61.08906173706055
2022-11-10,62.91520309448242
2022-11-11,63.809051513671875
2022-11-14,63.71293258666992
2022-11-15,64.36651611328125
2022-11-16,64.21273040771484
2022-11-17,63.607234954833984
2022-11-18,63.44382095336914
2022-11-21,62.8191032409668
2022-11-22,63.25160598754883
2022-11-23,64.126220703125
2022-11-25,64.16465759277344
2022-11-28,63.241981506347656
2022-11-29,63.61682891845703
2022-11-30,64.59717559814453
2022-12-01,64.79615783691406
2022-12-02,64.70967102050781
2022-12-05,63.652164459228516
2022-12-06,63.652164459228516
2022-12-07,63.959781646728516
2022-12-08,64.43084716796875
2022-12-09,64.61351776123047
2022-12-12,64.21934509277344
2022-12-13,65.13264465332031
2022-12-14,65.17108917236328
2022-12-15,63.76750183105469
2022-12-16,63.623329162597656
2022-12-19,63.661739349365234
2022-12-20,63.382957458496094
2022-12-21,63.8155632019043
2022-12-22,63.440635681152344
2022-12-23,63.92131805419922
2022-12-27,63.99821472167969
2022-12-28,64.05590057373047
2022-12-29,64.4981689453125
2022-12-30,64.79615783691406
2023-01-03,64.01422882080078
2023-01-04,65.07219696044922
2023-01-05,64.22586822509766
2023-01-06,65.55307006835938
2023-01-09,65.78388214111328
2023-01-10,65.61077117919922
2023-01-11,65.7358169555664
2023-01-12,66.351318359375
2023-01-13,66.44751739501953
2023-01-17,66.4859619140625
2023-01-18,66.04354858398438
2023-01-19,65.8511962890625
2023-01-20,66.3128662109375
2023-01-23,66.88028717041016
2023-01-24,67.04376983642578
2023-01-25,67.63045501708984
2023-01-26,67.7843246459961
2023-01-27,67.67855834960938
2023-01-30,67.21688842773438
2023-01-31,67.2265396118164
2023-02-01,67.91840362548828
2023-02-02,67.44689178466797
2023-02-03,65.91683959960938
2023-02-06,65.54155731201172
2023-02-07,66.21513366699219
2023-02-08,65.93608856201172
2023-02-09,66.01307678222656
2023-02-10,65.91683959960938
2023-02-13,66.3113784790039
2023-02-14,66.59044647216797
2023-02-15,65.75324249267578
2023-02-16,65.49341583251953
2023-02-17,65.57041931152344
2023-02-21,65.27210235595703
2023-02-22,64.80058288574219
2023-02-23,64.87754821777344
2023-02-24,64.05000305175781
2023-02-27,64.16547393798828
2023-02-28,64.06922912597656
2023-03-01,64.26566314697266
2023-03-02,64.10196685791016
2023-03-03,64.46783447265625
2023-03-06,64.0730972290039
2023-03-07,62.792606353759766
2023-03-08,62.8599853515625
2023-03-09,62.80223083496094
2023-03-10,62.60003662109375
2023-03-13,63.4761848449707
2023-03-14,63.687992095947266
2023-03-15,63.01404571533203
2023-03-16,63.46653366088867
2023-03-17,63.75537109375
2023-03-20,64.0538558959961
2023-03-21,63.59172058105469
2023-03-22,63.73613739013672
2023-03-23,63.72648239135742
2023-03-24,63.341392517089844
2023-03-27,63.322120666503906
2023-03-28,63.91905975341797
2023-03-29,63.66873550415039
2023-03-30,63.986427307128906
2023-03-31,63.75537109375
2023-04-03,64.74486541748047
2023-04-04,64.3594970703125
2023-04-05,64.0608139038086
2023-04-06,63.62726593017578
2023-04-10,63.34783172607422
2023-04-11,63.4249153137207
2023-04-12,63.810306549072266
2023-04-13,64.7641372680664
2023-04-14,63.9548225402832
2023-04-17,63.9548225402832
2023-04-18,64.17640686035156
2023-04-19,64.0896987915039
2023-04-20,64.26313018798828
2023-04-21,63.78140640258789
2023-04-24,63.848854064941406
2023-04-25,63.164772033691406
2023-04-26,62.92390060424805
2023-04-27,63.232208251953125
2023-04-28,63.11659240722656
2023-05-01,63.22555160522461
2023-05-02,63.58234786987305
2023-05-03,63.649818420410156
2023-05-04,63.890899658203125
2023-05-05,64.42123413085938
2023-05-08,64.71050262451172
2023-05-09,64.52729797363281
2023-05-10,64.68157958984375
2023-05-11,63.968055725097656
2023-05-12,63.43769073486328
2023-05-15,63.97766876220703
2023-05-16,63.514827728271484
2023-05-17,63.620914459228516
2023-05-18,63.24485397338867
2023-05-19,63.49555206298828
2023-05-22,63.49555206298828
2023-05-23,63.10984802246094
2023-05-24,62.46381759643555
2023-05-25,62.1166877746582
2023-05-26,62.27096176147461
2023-05-30,62.28060531616211
2023-05-31,62.14561462402344
2023-06-01,62.78641128540039
2023-06-02,63.13383483886719
2023-06-05,63.21103286743164
2023-06-06,63.7611198425293
2023-06-07,63.548797607421875
2023-06-08,64.14716339111328
2023-06-09,64.38839721679688
2023-06-12,64.54280853271484
2023-06-13,64.65861511230469
2023-06-14,64.91915130615234
2023-06-15,65.81668090820312
2023-06-16,65.65262603759766
2023-06-20,64.89021301269531
2023-06-21,64.91915130615234
2023-06-22,64.58140563964844
2023-06-23,63.84797286987305
2023-06-26,63.838314056396484
2023-06-27,63.954132080078125
2023-06-28,63.10487747192383
2023-06-29,63.28825378417969
2023-06-30,63.68390655517578
2023-07-03,63.83074188232422
2023-07-05,63.65687561035156
2023-07-06,63.34775161743164
2023-07-07,63.8790283203125
2023-07-10,63.859710693359375
2023-07-11,63.956298828125
2023-07-12,64.94159698486328
2023-07-13,65.89791107177734
2023-07-14,65.36660766601562
2023-07-17,65.26036071777344
2023-07-18,65.16374969482422
2023-07-19,64.8160171508789
2023-07-20,64.8546371459961
2023-07-21,64.3910140991211
2023-07-24,64.47791290283203
2023-07-25,64.97056579589844
2023-07-26,64.72909545898438
2023-07-27,64.13017272949219
2023-07-28,63.685848236083984
2023-07-31,64.27507781982422
2023-08-01,63.30031204223633
2023-08-02,62.63310623168945
2023-08-03,62.652427673339844
2023-08-04,62.836177825927734
2023-08-07,62.93287658691406
2023-08-08,62.63310623168945
2023-08-09,62.53639602661133
2023-08-10,62.44936752319336
2023-08-11,62.18827438354492
2023-08-14,62.11091613769531
2023-08-15,61.84015655517578
2023-08-16,61.501705169677734
2023-08-17,61.32763671875
2023-08-18,61.27928924560547
2023-08-21,61.46302032470703
2023-08-22,61.53071594238281
2023-08-23,62.01422119140625
2023-08-24,61.482364654541016
2023-08-25,61.43400573730469
2023-08-28,61.58871841430664
2023-08-29,62.139930725097656
2023-08-30,62.07223129272461
2023-08-31,62.09156799316406
2023-09-01,61.80115509033203
2023-09-05,61.14286804199219
2023-09-06,61.075103759765625
2023-09-07,61.12350845336914
2023-09-08,61.09446334838867
2023-09-11,61.64625930786133
2023-09-12,61.56881332397461
2023-09-13,61.539791107177734
2023-09-14,61.71403884887695
2023-09-15,61.65593719482422
2023-09-18,61.71403884887695
2023-09-19,61.90763473510742
2023-09-20,61.81084060668945
2023-09-21,61.52042007446289
2023-09-22,61.76243591308594
2023-09-25,61.607540130615234
2023-09-26,61.33648681640625
2023-09-27,60.92988204956055
2023-09-28,61.617218017578125
2023-09-29,61.66563034057617
2023-10-02,61.07254409790039
2023-10-03,60.452308654785156
2023-10-04,60.72367477416992
2023-10-05,61.1403694152832
2023-10-06,61.295433044433594
2023-10-09,61.528018951416016
2023-10-10,61.683067321777344
2023-10-11,61.51832580566406
2023-10-12,60.60737609863281
2023-10-13,60.4716911315918
2023-10-16,60.878719329833984
2023-10-17,61.08224105834961
2023-10-18,60.83026885986328
2023-10-19,60.791507720947266
2023-10-20,60.56859588623047
2023-10-23,60.810882568359375
2023-10-24,61.04346466064453
2023-10-25,60.65583419799805
2023-10-26,60.64613723754883
2023-10-27,60.83026885986328
2023-10-30,61.2179069519043
2023-10-31,60.91748809814453
2023-11-01,61.39189529418945
2023-11-02,61.7702522277832
2023-11-03,62.5075798034668
2023-11-06,62.31354522705078
2023-11-07,61.779964447021484
2023-11-08,61.4889030456543
2023-11-09,61.217262268066406
2023-11-10,61.16875457763672
2023-11-13,61.343379974365234
2023-11-14,62.58519744873047
2023-11-15,62.575496673583984
2023-11-16,62.119510650634766
2023-11-17,62.58519744873047
2023-11-20,63.041175842285156
2023-11-21,62.9926643371582
2023-11-22,62.856842041015625
2023-11-24,63.32251739501953
2023-11-27,63.516563415527344
2023-11-28,63.885189056396484
2023-11-29,63.55535888671875
2023-11-30,63.52625274658203
2023-12-01,64.15654754638672
2023-12-04,63.63208770751953
2023-12-05,63.01054382324219
2023-12-06,62.98139953613281
2023-12-07,63.47672653198242
2023-12-08,63.25334930419922
2023-12-11,63.16595458984375
2023-12-12,63.08824920654297
2023-12-13,64.13715362548828
2023-12-14,64.4090347290039
2023-12-15,64.46731567382812
2023-12-18,64.45761108398438
2023-12-19,65.04033660888672
2023-12-20,64.71012878417969
2023-12-21,65.42882537841797
2023-12-22,65.4094009399414
2023-12-26,65.64247131347656
2023-12-27,65.85613250732422
2023-12-28,65.7298812866211
2023-12-29,65.57449340820312
2024-01-02,65.00946044921875
2024-01-03,64.71772766113281
2024-01-04,64.53299713134766
2024-01-05,64.64966583251953
2024-01-08,64.68855285644531
2024-01-09,64.33848571777344
2024-01-10,64.55240631103516
2024-01-11,64.42598724365234
2024-01-12,64.37736511230469
2024-01-16,63.42435073852539
2024-01-17,63.103431701660156
2024-01-18,63.27846908569336
2024-01-19,63.560508728027344
2024-01-22,63.33683395385742
2024-01-23,63.33683395385742
2024-01-24,63.38545227050781
2024-01-25,63.45354080200195
2024-01-26,63.3757209777832
2024-01-29,63.745277404785156
2024-01-30,63.609127044677734
2024-01-31,63.259063720703125
2024-02-01,63.380760192871094
2024-02-02,62.82572937011719
2024-02-05,62.52385711669922
2024-02-06,62.90361022949219
2024-02-07,62.92310333251953
2024-02-08,62.60176086425781
2024-02-09,62.884159088134766
2024-02-12,62.98150634765625
2024-02-13,62.22201156616211
2024-02-14,62.57255172729492
2024-02-15,62.884159088134766
2024-02-16,62.98150634765625
2024-02-20,63.18600082397461
2024-02-21,63.166534423828125
2024-02-22,63.23469543457031
2024-02-23,63.3028678894043
2024-02-26,63.08863830566406
2024-02-27,63.1275749206543
2024-02-28,62.660194396972656
2024-02-29,62.728363037109375
2024-03-01,63.0003547668457
2024-03-04,62.795631408691406
2024-03-05,62.77613067626953
2024-03-06,63.370819091796875
2024-03-07,63.87778854370117
2024-03-08,63.89731979370117
2024-03-11,63.81930160522461
2024-03-12,63.76082229614258
2024-03-13,63.92655563354492
2024-03-14,63.5658073425293
2024-03-15,63.351341247558594
2024-03-18,63.32210159301758
2024-03-19,63.088104248046875
2024-03-20,63.61457061767578
2024-03-21,63.429344177246094
2024-03-22,62.89311218261719
2024-03-25,63.14659118652344
2024-03-26,63.07835388183594
2024-03-27,63.097862243652344
2024-03-28,62.95159912109375
2024-04-01,62.67338562011719
2024-04-02,62.946746826171875
2024-04-03,63.39579772949219
2024-04-04,63.581275939941406
2024-04-05,63.57150650024414
2024-04-08,63.8155632019043
2024-04-09,64.05960845947266
2024-04-10,62.966251373291016
2024-04-11,63.23958969116211
2024-04-12,62.4390983581543
2024-04-15,62.302425384521484
2024-04-16,61.941226959228516
2024-04-17,62.21455383300781
2024-04-18,62.09741973876953
2024-04-19,62.058380126953125
2024-04-22,62.37076187133789
2024-04-23,62.722190856933594
2024-04-24,62.897918701171875
2024-04-25,63.04435729980469
2024-04-26,63.2005500793457
2024-04-29,63.54222869873047
2024-04-30,62.67338562011719
2024-05-01,62.90896224975586
2024-05-02,63.52475357055664
2024-05-03,63.984153747558594
2024-05-06,64.07212829589844
2024-05-07,63.857112884521484
2024-05-08,63.651824951171875
2024-05-09,64.05256652832031
2024-05-10,63.945064544677734
2024-05-13,63.95484161376953
2024-05-14,64.14053344726562
2024-05-15,64.80521392822266
2024-05-16,64.65858459472656
2024-05-17,64.81497192382812
2024-05-20,64.58041381835938
2024-05-21,64.56085968017578
2024-05-22,64.0916748046875
2024-05-23,63.964622497558594
2024-05-24,64.18941497802734
2024-05-28,64.39468383789062
2024-05-29,64.0623550415039
2024-05-30,64.2578353881836
2024-05-31,64.42401123046875
2024-06-03,64.69412994384766
2024-06-04,64.43965911865234
2024-06-05,64.42008972167969
2024-06-06,64.56690979003906
2024-06-07,63.7839241027832
2024-06-10,63.99923324584961
2024-06-11,64.02860260009766
2024-06-12,64.5179443359375
2024-06-13,64.341796875
2024-06-14,64.12648010253906
2024-06-17,64.11669158935547
2024-06-18,64.52776336669922
2024-06-20,64.56690979003906
2024-06-21,64.42008972167969
2024-06-24,64.5766830444336
2024-06-25,64.46902465820312
2024-06-26,64.4983901977539
2024-06-27,64.45925903320312
2024-06-28,64.68436431884766
2024-07-01,64.54129028320312
2024-07-02,64.69805908203125
2024-07-03,65.12926483154297
2024-07-05,65.51145935058594
2024-07-08,65.3448486328125
2024-07-09,65.41344451904297
2024-07-10,65.4722671508789
2024-07-11,65.56047058105469
2024-07-12,65.84465789794922
2024-07-15,65.60945129394531
2024-07-16,65.40367126464844
2024-07-17,65.32527160644531
2024-07-18,65.07046508789062
2024-07-19,64.90387725830078
2024-07-22,64.51188659667969
2024-07-23,64.257080078125
2024-07-24,63.90428161621094
2024-07-25,63.541690826416016
2024-07-26,63.62990188598633
2024-07-29,63.600502014160156
2024-07-30,63.48290252685547
2024-07-31,63.48290252685547
2024-08-01,63.154178619384766
2024-08-02,63.32098388671875
2024-08-05,63.065860748291016
2024-08-06,63.36023712158203
2024-08-07,63.31117630004883
2024-08-08,63.968624114990234
2024-08-09,63.86067581176758
2024-08-12,63.97842788696289
2024-08-13,64.47887420654297
2024-08-14,64.12564086914062
2024-08-15,64.22373962402344
2024-08-16,64.82233428955078
2024-08-19,65.42090606689453
2024-08-20,65.56809997558594
2024-08-21,65.52883911132812
2024-08-22,65.12654113769531
2024-08-23,66.07836151123047
2024-08-26,65.81340789794922
2024-08-27,66.0096664428711
2024-08-28,65.95079040527344
2024-08-29,66.1077880859375
2024-08-30,65.84284973144531
2024-09-03,65.26116943359375
2024-09-04,65.3692626953125
2024-09-05,65.51663970947266
2024-09-06,64.91729736328125
2024-09-09,64.77972412109375
2024-09-10,64.77972412109375
2024-09-11,64.9271240234375
2024-09-12,65.38890838623047
2024-09-13,65.23169708251953
2024-09-16,65.68366241455078
2024-09-17,65.75243377685547
2024-09-18,65.69348907470703
2024-09-19,66.35181427001953
2024-09-20,66.273193359375
2024-09-23,66.6072769165039
2024-09-24,67.08872985839844
2024-09-25,66.38128662109375
2024-09-26,67.1280288696289
2024-09-27,67.20662689208984
2024-09-30,67.30487823486328
2024-10-01,67.05599212646484
2024-10-02,67.07564544677734
2024-10-03,66.66246032714844
2024-10-04,66.22957611083984
2024-10-07,65.78688049316406
2024-10-08,65.74754333496094
2024-10-09,65.40319061279297
2024-10-10,65.63929748535156
2024-10-11,65.82622528076172
2024-10-14,65.47206115722656
2024-10-15,65.2556381225586
2024-10-16,64.93096160888672
2024-10-17,65.22611236572266
2024-10-18,65.30479431152344
2024-10-21,64.87193298339844
2024-10-22,65.11788940429688
2024-10-23,64.6554946899414
2024-10-24,64.7538833618164
2024-10-25,64.37020111083984
2024-10-28,64.17344665527344
2024-10-29,63.907814025878906
2024-10-30,64.12425231933594
2024-10-31,64.1635971069336
2024-11-01,63.93309020996094
2024-11-04,64.21875762939453
2024-11-05,64.7408676147461
2024-11-06,64.15966796875
2024-11-07,65.21371459960938
2024-11-08,64.20891571044922
2024-11-11,64.11042022705078
2024-11-12,63.77547073364258
2024-11-13,63.233665466308594
2024-11-14,62.90858840942383
2024-11-15,62.98738479614258
2024-11-18,63.47993469238281
2024-11-19,63.7262077331543
2024-11-20,63.430686950683594
2024-11-21,63.55875015258789
2024-11-22,63.41098403930664
2024-11-25,63.44053268432617
2024-11-26,63.0760498046875
2024-11-27,63.420841217041016
2024-11-29,63.637550354003906
2024-12-02,63.215396881103516
2024-12-03,63.31403350830078
2024-12-04,62.86030960083008
2024-12-05,62.97866439819336
2024-12-06,62.386863708496094
2024-12-09,62.8504524230957
2024-12-10,62.29807662963867
2024-12-11,62.22903823852539
2024-12-12,62.13041305541992
2024-12-13,62.08108901977539
2024-12-16,62.21918487548828
2024-12-17,61.873958587646484
2024-12-18,60.828426361083984
2024-12-19,60.97637939453125
2024-12-20,61.12432861328125
2024-12-23,61.094730377197266
2024-12-24,60.87773132324219
2024-12-26,60.828426361083984
2024-12-27,60.749515533447266
2024-12-30,60.828426361083984
2024-12-31,60.49306869506836
2025-01-02,60.65107727050781
2025-01-03,60.809104919433594
2025-01-06,61.036258697509766
2025-01-07,60.93750762939453
2025-01-08,60.779483795166016
2025-01-10,60.107887268066406
2025-01-13,60.25603103637695
2025-01-14,60.532569885253906
2025-01-15,60.91775131225586
2025-01-16,60.739967346191406
2025-01-17,60.63133239746094
2025-01-21,61.3621940612793
2025-01-22,61.3720703125
2025-01-23,61.49058151245117
2025-01-24,61.78687286376953
2025-01-27,61.539974212646484
2025-01-28,61.20417404174805
2025-01-29,60.93750762939453
2025-01-30,60.8387336730957
2025-01-31,60.828861236572266
2025-02-03,60.543060302734375
2025-02-04,61.294654846191406
2025-02-05,61.54189682006836
2025-02-06,61.532005310058594
2025-02-07,61.403446197509766
2025-02-10,61.46278762817383
2025-02-11,61.68034362792969
2025-02-12,61.54189682006836
2025-02-13,61.89790344238281
2025-02-14,62.26381301879883
2025-02-18,62.20448684692383
2025-02-19,62.17481231689453
2025-02-20,62.71873474121094
2025-02-21,62.273704528808594
2025-02-24,62.17481231689453
2025-02-25,62.135250091552734
2025-02-26,61.739681243896484
2025-02-27,61.12653732299805
2025-02-28,60.82984161376953
2025-03-03,60.95756912231445
2025-03-04,61.28428649902344
2025-03-05,62.165435791015625
2025-03-06,62.07632827758789
2025-03-07,61.868412017822266
2025-03-10,61.59120178222656
2025-03-11,61.77931213378906
2025-03-12,61.94762420654297
2025-03-13,61.620914459228516
2025-03-14,62.04662322998047
2025-03-17,62.6109619140625
2025-03-18,62.39314270019531
2025-03-19,62.284236907958984
2025-03-20,61.82881164550781
2025-03-21,61.53180694580078
2025-03-24,61.620914459228516
2025-03-25,61.7694091796875
2025-03-26,61.71000671386719
2025-03-27,61.799110412597656
2025-03-28,61.66050338745117
2025-03-31,61.3040885925293
2025-04-01,61.56278610229492
2025-04-02,61.77093505859375
2025-04-03,61.97908401489258
2025-04-04,59.273136138916016
2025-04-07,58.668514251708984
2025-04-08,58.5396614074707
2025-04-09,60.28415298461914
2025-04-10,61.03746032714844
2025-04-11,61.78084182739258
2025-04-14,62.20706558227539
2025-04-15,62.31609344482422
2025-04-16,62.56388854980469
2025-04-17,62.732391357421875
2025-04-21,63.069393157958984
2025-04-22,62.48459243774414
2025-04-23,62.47467803955078
2025-04-24,62.910804748535156
2025-04-25,62.86124038696289
2025-04-28,63.208160400390625
2025-04-29,62.7026481628418
2025-04-30,62.910804748535156
2025-05-01,62.73219299316406
2025-05-02,63.32756042480469
2025-05-05,63.565711975097656
2025-05-06,63.873321533203125
2025-05-07,63.218414306640625
2025-05-08,62.89095687866211
2025-05-09,63.00010681152344
2025-05-12,62.5932731628418
2025-05-13,63.65502166748047
2025-05-14,63.17871856689453
2025-05-15,62.960418701171875
2025-05-16,62.960418701171875
2025-05-19,63.496253967285156
2025-05-20,63.12910079956055
2025-05-21,63.26802062988281
2025-05-22,63.029876708984375
2025-05-23,63.89316940307617
2025-05-27,63.367252349853516
2025-05-28,63.20848846435547
2025-05-29,63.406944274902344
2025-05-30,63.38710403442383
2025-06-02,63.89271926879883
2025-06-03,63.56491470336914
2025-06-04,63.88278579711914
2025-06-05,64.0218505859375
2025-06-06,63.922515869140625
2025-06-09,64.15099334716797
2025-06-10,64.18079376220703
2025-06-11,63.94239044189453
2025-06-12,64.24039459228516
2025-06-13,63.912574768066406
2025-06-16,64.16091918945312
2025-06-17,63.71391677856445
2025-06-18,63.97218704223633
2025-06-20,63.485443115234375
2025-06-23,63.535099029541016
2025-06-24,63.932456970214844
2025-06-25,64.07151794433594
2025-06-26,64.45893096923828
2025-06-27,64.2105941772461
2025-06-30,64.77680206298828
2025-07-01,64.738037109375
2025-07-02,64.85735321044922
2025-07-03,64.6982650756836
2025-07-07,64.01219177246094
2025-07-08,64.2806625366211
2025-07-09,64.4298095703125
2025-07-10,64.8672866821289
2025-07-11,64.74798583984375
2025-07-14,64.4298095703125
2025-07-15,64.15138244628906
2025-07-16,64.27071380615234
2025-07-17,63.92271423339844
2025-07-18,64.05196380615234
2025-07-21,64.23094177246094
2025-07-22,64.519287109375
2025-07-23,64.98661041259766
2025-07-24,64.92695617675781
2025-07-25,64.61871337890625
2025-07-28,64.191162109375
2025-07-29,64.13150024414062
2025-07-30,63.306251525878906
2025-07-31,63.276424407958984
2025-08-01,63.56704330444336
2025-08-04,63.6964225769043
2025-08-05,63.71632766723633
2025-08-06,64.05471801757812
2025-08-07,64.15425109863281
2025-08-08,64.24381256103516
2025-08-11,64.11443328857422
2025-08-12,64.32343292236328
2025-08-13,64.47272491455078
2025-08-14,64.01490020751953
2025-08-15,64.1243896484375
2025-08-18,64.00495147705078
2025-08-19,63.58694839477539
2025-08-20,63.40780258178711
2025-08-21,63.278419494628906
2025-08-22,63.92533874511719
2025-08-25,63.86560821533203
2025-08-26,63.99500274658203
2025-08-27,64.14429473876953
2025-08-28,64.36325073242188
2025-08-29,64.52249145507812
2025-09-02,64.25951385498047
2025-09-03,64.47866821289062
2025-09-04,64.23958587646484
2025-09-05,64.5782699584961
2025-09-08,64.99664306640625
2025-09-09,64.88706970214844
2025-09-10,65.2356948852539
2025-09-11,65.69391632080078
2025-09-12,65.58434295654297
2025-09-15,65.78357696533203
2025-09-16,65.87321472167969
2025-09-17,65.64411163330078
2025-09-18,65.21577453613281
2025-09-19,65.04645538330078
2025-09-22,65.12614440917969
2025-09-23,65.09626007080078
2025-09-24,64.91695404052734
2025-09-25,64.47866821289062
2025-09-26,64.6380386352539
2025-09-29,64.90699768066406
2025-09-30,65.26557922363281
2025-10-01,65.23568725585938
2025-10-02,65.06621551513672
2025-10-03,65.15594482421875
2025-10-06,65.28551483154297
2025-10-07,64.92665100097656
2025-10-08,64.99642944335938
2025-10-09,64.64752197265625
2025-10-10,63.96964645385742
2025-10-13,64.30858612060547
2025-10-14,63.98958969116211
2025-10-15,64.22883605957031
2025-10-16,63.99955368041992
2025-10-17,64.19892883300781
2025-10-20,64.26871490478516
2025-10-21,64.0693359375
2025-10-22,64.05937194824219
2025-10-23,64.28864288330078
2025-10-24,64.2786865234375
2025-10-27,64.7173080444336
2025-10-28,64.99642944335938
2025-10-29,64.87681579589844
2025-10-30,64.6375503540039
2025-10-31,64.6076431274414
2025-11-03,64.5677490234375
2025-11-04,64.05894470214844
2025-11-05,64.25847625732422
2025-11-06,63.979129791259766
2025-11-07,64.1686782836914
2025-11-10,64.5677490234375
2025-11-11,64.50788879394531
2025-11-12,64.63758087158203
2025-11-13,64.48793029785156
2025-11-14,64.5677490234375
2025-11-17,64.13874816894531
2025-11-18,64.3382797241211
2025-11-19,63.919273376464844
2025-11-20,63.679840087890625
2025-11-21,63.78957748413086
2025-11-24,63.90929412841797
2025-11-25,63.919273376464844
2025-11-26,64.39813995361328
2025-11-28,64.72736358642578
2025-12-01,64.65747833251953
2025-12-02,64.9070816040039
2025-12-03,65.25653076171875
2025-12-04,65.36634826660156
2025-12-05,65.61595916748047
2025-12-08,65.49614715576172
2025-12-09,65.65589904785156
2025-12-10,66.05525970458984
2025-12-11,65.88552856445312
2025-12-12,65.7657241821289
2025-12-15,65.6658706665039
2025-12-16,65.61595916748047
2025-12-17,65.31643676757812
2025-12-18,65.37633514404297
2025-12-19,65.37633514404297
2025-12-22,65.82562255859375
2025-12-23,66.26493072509766
2025-12-24,66.35478210449219
2025-12-26,66.41468811035156
2025-12-29,66.1950454711914
2025-12-30,66.1950454711914
2025-12-31,65.99535369873047
2026-01-02,66.22716522216797
2026-01-05,66.42700958251953
2026-01-06,66.67681121826172
2026-01-07,66.47696685791016
2026-01-08,66.24715423583984
2026-01-09,66.19718933105469
2026-01-12,66.42700958251953
2026-01-13,66.12725067138672
2026-01-14,66.12725067138672
2026-01-15,66.26713562011719
2026-01-16,66.1572265625
2026-01-20,66.6468276977539
2026-01-21,66.93659973144531
2026-01-22,67.69599914550781
2026-01-23,68.24555969238281
2026-01-26,68.495361328125
2026-01-27,69.33468627929688
2026-01-28,69.58448791503906
2026-01-29,69.77433776855469
2026-01-30,68.94499969482422
2026-02-02,68.80999755859375
2026-02-03,69.5199966430664
2026-02-04,69.26000213623047
2026-02-05,68.73999786376953
2026-02-06,69.47000122070312
2026-02-09,70.2300033569336
2026-02-10,70.02999877929688
2026-02-11,70.55999755859375
2026-02-12,70.16999816894531
2026-02-13,70.04000091552734
2026-02-17,70.16000366210938
2026-02-18,69.73999786376953
2026-02-19,69.88999938964844
2026-02-20,70.1500015258789
2026-02-23,69.88999938964844
2026-02-24,69.95999908447266
2026-02-25,70.52999877929688
2026-02-26,70.38500213623047
