Date,Close
2011-01-27,4.851848125457764
2011-01-28,5.09190034866333
2011-01-31,4.922169208526611
2011-02-01,4.970663547515869
2011-02-02,5.016733169555664
2011-02-03,5.0070343017578125
2011-02-04,4.987635135650635
2011-02-07,4.994907855987549
2011-02-08,4.994907855987549
2011-02-09,4.970663547515869
2011-02-10,4.982784748077393
2011-02-11,5.028855800628662
2011-02-14,5.09190034866333
2011-02-15,5.055527210235596
2011-02-16,5.0676493644714355
2011-02-17,5.079775333404541
2011-02-18,5.070075988769531
2011-02-22,5.011881351470947
2011-02-23,5.019157886505127
2011-02-24,5.065226078033447
2011-02-25,5.09190034866333
2011-02-28,5.060376167297363
2011-03-01,4.91004753112793
2011-03-02,4.970663547515869
2011-03-03,4.948837757110596
2011-03-04,4.948837757110596
2011-03-07,4.89549446105957
2011-03-08,4.902770519256592
2011-03-09,4.849426746368408
2011-03-10,4.856701374053955
2011-03-11,4.863973617553711
2011-03-14,4.740313529968262
2011-03-15,4.636050701141357
2011-03-16,4.606954097747803
2011-03-17,4.604529857635498
2011-03-18,4.636050701141357
2011-03-21,4.655450820922852
2011-03-22,4.699098110198975
2011-03-23,4.77183723449707
2011-03-24,4.77183723449707
2011-03-25,4.774258613586426
2011-03-28,4.72334098815918
2011-03-29,4.708791255950928
2011-03-30,4.76698637008667
2011-03-31,4.7597126960754395
2011-04-01,4.786384582519531
2011-04-04,4.8348798751831055
2011-04-05,4.82760763168335
2011-04-06,4.897920608520508
2011-04-07,4.91004753112793
2011-04-08,4.854277610778809
2011-04-11,4.849426746368408
2011-04-12,4.7493109703063965
2011-04-13,4.8030314445495605
2011-04-14,4.822566986083984
2011-04-15,4.846985816955566
2011-04-18,4.832332134246826
2011-04-19,4.822566986083984
2011-04-20,4.85919713973999
2011-04-21,4.881169319152832
2011-04-25,4.817683219909668
2011-04-26,4.8030314445495605
2011-04-27,4.8030314445495605
2011-04-28,4.842099666595459
2011-04-29,4.849426746368408
2011-05-02,4.834774494171143
2011-05-03,4.761523246765137
2011-05-04,4.724895477294922
2011-05-05,4.639432430267334
2011-05-06,4.658963203430176
2011-05-09,4.715124607086182
2011-05-10,4.7859368324279785
2011-05-11,4.66384744644165
2011-05-12,4.626949310302734
2011-05-13,4.609730243682861
2011-05-16,4.533477783203125
2011-05-17,4.412947177886963
2011-05-18,4.508879661560059
2011-05-19,4.4818220138549805
2011-05-20,4.5310187339782715
2011-05-23,4.479360580444336
2011-05-24,4.452302932739258
2011-05-25,4.51871919631958
2011-05-26,4.607275009155273
2011-05-27,4.6392502784729
2011-05-31,4.649085521697998
2011-06-01,4.58513069152832
2011-06-02,4.580214023590088
2011-06-03,4.528558731079102
2011-06-06,4.4818220138549805
2011-06-07,4.496579647064209
2011-06-08,4.442461013793945
2011-06-09,4.4301629066467285
2011-06-10,4.348989486694336
2011-06-13,4.233379364013672
2011-06-14,4.300339698791504
2011-06-15,4.32017707824707
2011-06-16,4.263138771057129
2011-06-17,4.243296146392822
2011-06-20,4.265618801116943
2011-06-21,4.3499369621276855
2011-06-22,4.424337387084961
2011-06-23,4.4020185470581055
2011-06-24,4.41689920425415
2011-06-27,4.387139797210693
2011-06-28,4.434258937835693
2011-06-29,4.511141300201416
2011-06-30,4.550815582275391
2011-07-01,4.600418567657471
2011-07-05,4.625217437744141
2011-07-06,4.662421226501465
2011-07-07,4.699619293212891
2011-07-08,4.704579830169678
2011-07-11,4.662421226501465
2011-07-12,4.667377948760986
2011-07-13,4.6948628425598145
2011-07-14,4.667377471923828
2011-07-15,4.674875259399414
2011-07-18,4.689867973327637
2011-07-19,4.664881229400635
2011-07-20,4.6923675537109375
2011-07-21,4.737340450286865
2011-07-22,4.709855556488037
2011-07-25,4.72984504699707
2011-07-26,4.682368278503418
2011-07-27,4.559939384460449
2011-07-28,4.544950485229492
2011-07-29,4.49747371673584
2011-08-01,4.51496696472168
2011-08-02,4.524957180023193
2011-08-03,4.54744815826416
2011-08-04,4.262607574462891
2011-08-05,4.167659282684326
2011-08-08,3.895313262939453
2011-08-09,4.0602192878723145
2011-08-10,4.022740364074707
2011-08-11,4.07771110534668
2011-08-12,4.07521390914917
2011-08-15,4.241547107696533
2011-08-16,4.239025115966797
2011-08-17,4.228946208953857
2011-08-18,4.097892761230469
2011-08-19,4.055049896240234
2011-08-22,4.032367706298828
2011-08-23,4.095375061035156
2011-08-24,4.044969081878662
2011-08-25,4.057570934295654
2011-08-26,4.092853546142578
2011-08-29,4.12813663482666
2011-08-30,4.201221466064453
2011-08-31,4.30707311630249
2011-09-01,4.286909580230713
2011-09-02,4.251628875732422
2011-09-06,4.269269943237305
2011-09-07,4.251628875732422
2011-09-08,4.286909580230713
2011-09-09,4.218866348266602
2011-09-12,4.160897731781006
2011-09-13,4.2138237953186035
2011-09-14,4.1757025718688965
2011-09-15,4.129955768585205
2011-09-16,4.165536403656006
2011-09-19,4.0765814781188965
2011-09-20,4.046085357666016
2011-09-21,3.9545881748199463
2011-09-22,3.7360198497772217
2011-09-23,3.66740083694458
2011-09-26,3.763976573944092
2011-09-27,3.830054759979248
2011-09-28,3.761434316635132
2011-09-29,3.756352424621582
2011-09-30,3.700439691543579
2011-10-03,3.5403246879577637
2011-10-04,3.3547918796539307
2011-10-05,3.629275321960449
2011-10-06,3.7360198497772217
2011-10-07,3.7360198497772217
2011-10-10,3.8351385593414307
2011-10-11,3.9850876331329346
2011-10-12,3.967298746109009
2011-10-13,3.92883038520813
2011-10-14,4.01345682144165
2011-10-17,3.913442850112915
2011-10-18,3.9570415019989014
2011-10-19,3.8467676639556885
2011-10-20,3.7877800464630127
2011-10-21,3.844200849533081
2011-10-24,3.9596054553985596
2011-10-25,4.057053565979004
2011-10-26,4.067312240600586
2011-10-27,4.141685485839844
2011-10-28,4.092958927154541
2011-10-31,4.005765438079834
2011-11-01,3.905750036239624
2011-11-02,3.9596054553985596
2011-11-03,4.028844833374023
2011-11-04,4.021153450012207
2011-11-07,4.080133438110352
2011-11-08,4.175021171569824
2011-11-09,4.033975601196289
2011-11-10,3.987398386001587
2011-11-11,4.023625373840332
2011-11-14,3.9485867023468018
2011-11-15,3.964111804962158
2011-11-16,3.9356470108032227
2011-11-17,3.8554346561431885
2011-11-18,3.870959758758545
2011-11-21,3.736407518386841
2011-11-22,3.777811050415039
2011-11-23,3.733820915222168
2011-11-25,3.682070732116699
2011-11-28,3.7545225620269775
2011-11-29,3.741581916809082
2011-11-30,3.9278881549835205
2011-12-01,3.922710657119751
2011-12-02,3.922710657119751
2011-12-05,3.984812021255493
2011-12-06,3.997750997543335
2011-12-07,3.9899847507476807
2011-12-08,3.914947986602783
2011-12-09,3.912337064743042
2011-12-12,3.781752586364746
2011-12-13,3.679896593093872
2011-12-14,3.5545308589935303
2011-12-15,3.53625226020813
2011-12-16,3.486629009246826
2011-12-19,3.4448399543762207
2011-12-20,3.551922082901001
2011-12-21,3.515357732772827
2011-12-22,3.528416395187378
2011-12-23,3.551922082901001
2011-12-27,3.5179688930511475
2011-12-28,3.4135005474090576
2011-12-29,3.439617395401001
2011-12-30,3.510133981704712
2012-01-03,3.651167631149292
2012-01-04,3.708624839782715
2012-01-05,3.7425761222839355
2012-01-06,3.7634665966033936
2012-01-09,3.792198419570923
2012-01-10,3.8548812866210938
2012-01-11,3.870549440383911
2012-01-12,3.902186870574951
2012-01-13,3.8494575023651123
2012-01-17,3.857367753982544
2012-01-18,3.88637113571167
2012-01-19,3.8731865882873535
2012-01-20,3.8731865882873535
2012-01-23,3.9100961685180664
2012-01-24,3.896915912628174
2012-01-25,4.023472309112549
2012-01-26,4.068297386169434
2012-01-27,4.115753173828125
2012-01-30,4.115753173828125
2012-01-31,4.107845306396484
2012-02-01,4.113119125366211
2012-02-02,4.184305667877197
2012-02-03,4.205397605895996
2012-02-06,4.20803689956665
2012-02-07,4.252859115600586
2012-02-08,4.2634053230285645
2012-02-09,4.287130832672119
2012-02-10,4.215325355529785
2012-02-13,4.233944416046143
2012-02-14,4.196711540222168
2012-02-15,4.148841857910156
2012-02-16,4.191390514373779
2012-02-17,4.249902248382568
2012-02-21,4.260537624359131
2012-02-22,4.345644474029541
2012-02-23,4.420108318328857
2012-02-24,4.385535717010498
2012-02-27,4.417448043823242
2012-02-28,4.449362754821777
2012-02-29,4.3802170753479
2012-03-01,4.390854835510254
2012-03-02,4.364260673522949
2012-03-05,4.340322494506836
2012-03-06,4.210007667541504
2012-03-07,4.2259674072265625
2012-03-08,4.249902248382568
2012-03-09,4.316390037536621
2012-03-12,4.295112133026123
2012-03-13,4.340322494506836
2012-03-14,4.249117851257324
2012-03-15,4.238388538360596
2012-03-16,4.249117851257324
2012-03-19,4.214244365692139
2012-03-20,4.182055473327637
2012-03-21,4.192782878875732
2012-03-22,4.093530654907227
2012-03-23,4.211562633514404
2012-03-26,4.257164478302002
2012-03-27,4.273260593414307
2012-03-28,4.222292900085449
2012-03-29,4.214244365692139
2012-03-30,4.2410712242126465
2012-04-02,4.283991813659668
2012-04-03,4.302768707275391
2012-04-04,4.254483699798584
2012-04-05,4.203514099121094
2012-04-09,4.195469856262207
2012-04-10,4.16595983505249
2012-04-11,4.160595417022705
2012-04-12,4.225562572479248
2012-04-13,4.179544925689697
2012-04-16,4.09021520614624
2012-04-17,4.138937473297119
2012-04-18,4.122696399688721
2012-04-19,4.1145782470703125
2012-04-20,4.130817413330078
2012-04-23,4.095628261566162
2012-04-24,4.10374641418457
2012-04-25,4.130817413330078
2012-04-26,4.174127101898193
2012-04-27,4.203907489776611
2012-04-30,4.2120280265808105
2012-05-01,4.23097562789917
2012-05-02,4.18766450881958
2012-05-03,4.155181884765625
2012-05-04,4.087507724761963
2012-05-07,4.079384803771973
2012-05-08,3.9711081981658936
2012-05-09,3.9196763038635254
2012-05-10,3.984644889831543
2012-05-11,3.9656925201416016
2012-05-14,3.9055652618408203
2012-05-15,3.9356322288513184
2012-05-16,3.916496992111206
2012-05-17,3.8208394050598145
2012-05-18,3.75797963142395
2012-05-21,3.8181087970733643
2012-05-22,3.8099093437194824
2012-05-23,3.8454389572143555
2012-05-24,3.8153750896453857
2012-05-25,3.8153750896453857
2012-05-29,3.949294328689575
2012-05-30,3.8317720890045166
2012-05-31,3.8618383407592773
2012-06-01,3.886436700820923
2012-06-04,3.850903034210205
2012-06-05,3.8891687393188477
2012-06-06,4.006688594818115
2012-06-07,3.938361883163452
2012-06-08,3.9137656688690186
2012-06-11,3.911036491394043
2012-06-12,3.9574952125549316
2012-06-13,3.8912618160247803
2012-06-14,3.8995401859283447
2012-06-15,3.9354183673858643
2012-06-18,3.9519758224487305
2012-06-19,3.9988903999328613
2012-06-20,3.996131181716919
2012-06-21,3.9602534770965576
2012-06-22,3.9850943088531494
2012-06-25,3.9519758224487305
2012-06-26,3.963012933731079
2012-06-27,3.9823310375213623
2012-06-28,3.9850943088531494
2012-06-29,4.045806407928467
2012-07-02,4.026487350463867
2012-07-03,4.084442615509033
2012-07-05,4.095480918884277
2012-07-06,4.076162815093994
2012-07-09,4.092723846435547
2012-07-10,4.0292487144470215
2012-07-11,4.065125942230225
2012-07-12,3.9823310375213623
2012-07-13,4.0297064781188965
2012-07-16,3.9962642192840576
2012-07-17,4.065934658050537
2012-07-18,4.060363292694092
2012-07-19,4.068723678588867
2012-07-20,4.040855407714844
2012-07-23,4.024136543273926
2012-07-24,4.043643951416016
2012-07-25,4.113311767578125
2012-07-26,4.157900810241699
2012-07-27,4.18855619430542
2012-07-30,4.163471698760986
2012-07-31,4.146752834320068
2012-08-01,4.160689353942871
2012-08-02,4.132819175720215
2012-08-03,4.185770034790039
2012-08-06,4.216422080993652
2012-08-07,4.25822639465332
2012-08-08,4.235930919647217
2012-08-09,4.280519962310791
2012-08-10,4.263800621032715
2012-08-13,4.235930919647217
2012-08-14,4.263800621032715
2012-08-15,4.275049209594727
2012-08-16,4.317235469818115
2012-08-17,4.303175926208496
2012-08-20,4.266613483428955
2012-08-21,4.260983943939209
2012-08-22,4.269423961639404
2012-08-23,4.297550201416016
2012-08-24,4.331302165985107
2012-08-27,4.289109706878662
2012-08-28,4.266613483428955
2012-08-29,4.2187981605529785
2012-08-30,4.162548065185547
2012-08-31,4.246921062469482
2012-09-04,4.300361156463623
2012-09-05,4.305989742279053
2012-09-06,4.331302165985107
2012-09-07,4.381924629211426
2012-09-10,4.3594255447387695
2012-09-11,4.365049362182617
2012-09-12,4.336668491363525
2012-09-13,4.438843250274658
2012-09-14,4.495602607727051
2012-09-17,4.47857666015625
2012-09-18,4.47857666015625
2012-09-19,4.504117012023926
2012-09-20,4.50128173828125
2012-09-21,4.541013717651367
2012-09-24,4.455869674682617
2012-09-25,4.43316650390625
2012-09-26,4.384915828704834
2012-09-27,4.50128173828125
2012-09-28,4.541013717651367
2012-10-01,4.543852806091309
2012-10-02,4.47857666015625
2012-10-03,4.470061302185059
2012-10-04,4.558042049407959
2012-10-05,4.538176536560059
2012-10-08,4.523986339569092
2012-10-09,4.475739002227783
2012-10-10,4.399109363555908
2012-10-11,4.43316650390625
2012-10-12,4.475739002227783
2012-10-15,4.467150688171387
2012-10-16,4.510102272033691
2012-10-17,4.547326564788818
2012-10-18,4.567371368408203
2012-10-19,4.558779239654541
2012-10-22,4.58168888092041
2012-10-23,4.518691062927246
2012-10-24,4.5215559005737305
2012-10-25,4.518691062927246
2012-10-26,4.461420059204102
2012-10-31,4.498644828796387
2012-11-01,4.518691062927246
2012-11-02,4.484325885772705
2012-11-05,4.490055084228516
2012-11-06,4.484325885772705
2012-11-07,4.449967384338379
2012-11-08,4.4270548820495605
2012-11-09,4.441376686096191
2012-11-12,4.498644828796387
2012-11-13,4.443751811981201
2012-11-14,4.094142436981201
2012-11-15,3.9034509658813477
2012-11-16,4.175046443939209
2012-11-19,4.287726879119873
2012-11-20,4.224163055419922
2012-11-21,4.2703938484191895
2012-11-23,4.348405838012695
2012-11-26,4.293505668640137
2012-11-27,4.276168346405029
2012-11-28,4.27905797958374
2012-11-29,4.25305700302124
2012-11-30,4.2386088371276855
2012-12-03,4.123037338256836
2012-12-04,4.053693771362305
2012-12-05,4.045025825500488
2012-12-06,3.990128993988037
2012-12-07,4.045025825500488
2012-12-10,4.099923133850098
2012-12-11,4.099923133850098
2012-12-12,4.064907073974609
2012-12-13,4.021134853363037
2012-12-14,4.018215656280518
2012-12-17,3.983198881149292
2012-12-18,3.965691566467285
2012-12-19,3.9481828212738037
2012-12-20,3.9598538875579834
2012-12-21,3.9481828212738037
2012-12-24,3.980281114578247
2012-12-26,3.9598538875579834
2012-12-27,3.9715232849121094
2012-12-28,3.9569356441497803
2012-12-31,3.986117124557495
2013-01-02,4.097002029418945
2013-01-03,4.024050235748291
2013-01-04,4.059068202972412
2013-01-07,4.102843284606934
2013-01-08,4.149528980255127
2013-01-09,4.178712368011475
2013-01-10,4.234152793884277
2013-01-11,4.228318691253662
2013-01-14,4.257785797119141
2013-01-15,4.293142318725586
2013-01-16,4.269570827484131
2013-01-17,4.301985740661621
2013-01-18,4.32260799407959
2013-01-22,4.363861083984375
2013-01-23,4.3550214767456055
2013-01-24,4.301985740661621
2013-01-25,4.293142318725586
2013-01-28,4.166440963745117
2013-01-29,4.19590950012207
2013-01-30,4.22242546081543
2013-01-31,4.2371602058410645
2013-02-01,4.281355381011963
2013-02-04,4.269570827484131
2013-02-05,4.290195465087891
2013-02-06,4.301985740661621
2013-02-07,4.290195465087891
2013-02-08,4.2872490882873535
2013-02-11,4.251546859741211
2013-02-12,4.284276008605957
2013-02-13,4.275346279144287
2013-02-14,4.242621421813965
2013-02-15,4.126590251922607
2013-02-19,4.0879106521606445
2013-02-20,4.004607200622559
2013-02-21,4.037333011627197
2013-02-22,4.076009750366211
2013-02-25,4.043284893035889
2013-02-26,4.096837043762207
2013-02-27,4.132538795471191
2013-02-28,4.067084789276123
2013-03-01,4.0581583976745605
2013-03-04,4.0016326904296875
2013-03-05,4.004607200622559
2013-03-06,4.064109802246094
2013-03-07,4.081963062286377
2013-03-08,4.1057634353637695
2013-03-11,4.093860626220703
2013-03-12,4.084846496582031
2013-03-13,4.0487751960754395
2013-03-14,4.021723747253418
2013-03-15,4.006697177886963
2013-03-18,3.9706270694732666
2013-03-19,3.9736294746398926
2013-03-20,4.036754608154297
2013-03-21,4.030741214752197
2013-03-22,4.090855598449707
2013-03-25,4.05478572845459
2013-03-26,4.0998735427856445
2013-03-27,4.156982898712158
2013-03-28,4.172012805938721
2013-04-01,4.075827598571777
2013-04-02,3.9886603355407715
2013-04-03,3.817329168319702
2013-04-04,3.847388744354248
2013-04-05,3.934555768966675
2013-04-08,3.9105098247528076
2013-04-09,4.006697177886963
2013-04-10,4.003687381744385
2013-04-11,3.9736294746398926
2013-04-12,3.9129648208618164
2013-04-15,3.5095367431640625
2013-04-16,3.5853679180145264
2013-04-17,3.3882033824920654
2013-04-18,3.4397695064544678
2013-04-19,3.476168394088745
2013-04-22,3.567168712615967
2013-04-23,3.62480092048645
2013-04-24,3.7279324531555176
2013-04-25,3.7946653366088867
2013-04-26,3.782531499862671
2013-04-29,3.8522989749908447
2013-04-30,3.900829792022705
2013-05-01,3.8189308643341064
2013-05-02,3.8735294342041016
2013-05-03,3.9129648208618164
2013-05-06,3.9372305870056152
2013-05-07,3.9827325344085693
2013-05-08,3.97666597366333
2013-05-09,3.9675650596618652
2013-05-10,3.9463298320770264
2013-05-13,3.9493637084960938
2013-05-14,3.9187512397766113
2013-05-15,3.7717974185943604
2013-05-16,3.683013439178467
2013-05-17,3.716688871383667
2013-05-20,3.747302293777466
2013-05-21,3.744241237640381
2013-05-22,3.7136268615722656
2013-05-23,3.6983203887939453
2013-05-24,3.744241237640381
2013-05-28,3.7871053218841553
2013-05-29,3.8146588802337646
2013-05-30,3.8636436462402344
2013-05-31,3.7901690006256104
2013-06-03,3.836087465286255
2013-06-04,3.8728275299072266
2013-06-05,3.866703510284424
2013-06-06,3.8942553997039795
2013-06-07,3.9126272201538086
2013-06-10,3.8544561862945557
2013-06-11,3.817716598510742
2013-06-12,3.6755216121673584
2013-06-13,3.7064313888549805
2013-06-14,3.6693387031555176
2013-06-17,3.656975030899048
2013-06-18,3.672430992126465
2013-06-19,3.570415735244751
2013-06-20,3.372575044631958
2013-06-21,3.4065821170806885
2013-06-24,3.211829662322998
2013-06-25,3.242741584777832
2013-06-26,3.1252753734588623
2013-06-27,3.1438214778900146
2013-06-28,3.2303788661956787
2013-07-01,3.3200230598449707
2013-07-02,3.279839038848877
2013-07-03,3.282930374145508
2013-07-05,3.2489259243011475
2013-07-08,3.2581992149353027
2013-07-09,3.2952940464019775
2013-07-10,3.3138442039489746
2013-07-11,3.4529500007629395
2013-07-12,3.449857711791992
2013-07-15,3.4467320442199707
2013-07-16,3.471733570098877
2013-07-17,3.4873557090759277
2013-07-18,3.496731996536255
2013-07-19,3.5279805660247803
2013-07-22,3.602978229522705
2013-07-23,3.6717240810394287
2013-07-24,3.599851369857788
2013-07-25,3.6154749393463135
2013-07-26,3.6154749393463135
2013-07-29,3.6061015129089355
2013-07-30,3.599851369857788
2013-07-31,3.590477705001831
2013-08-01,3.5967259407043457
2013-08-02,3.58422589302063
2013-08-05,3.5592288970947266
2013-08-06,3.4404847621917725
2013-08-07,3.459233283996582
2013-08-08,3.562352180480957
2013-08-09,3.618601083755493
2013-08-12,3.6779744625091553
2013-08-13,3.6717240810394287
2013-08-14,3.69698166847229
2013-08-15,3.7538084983825684
2013-08-16,3.7506518363952637
2013-08-19,3.61173677444458
2013-08-20,3.6938233375549316
2013-08-21,3.66225528717041
2013-08-22,3.7032968997955322
2013-08-23,3.807480812072754
2013-08-26,3.8864078521728516
2013-08-27,3.782221794128418
2013-08-28,3.8043227195739746
2013-08-29,3.8043227195739746
2013-08-30,3.7885355949401855
2013-09-03,3.782221794128418
2013-09-04,3.7948508262634277
2013-09-05,3.7664380073547363
2013-09-06,3.782221794128418
2013-09-09,3.8011648654937744
2013-09-10,3.7948508262634277
2013-09-11,3.807480812072754
2013-09-12,3.7787811756134033
2013-09-13,3.711815357208252
2013-09-16,3.7277579307556152
2013-09-17,3.70224928855896
2013-09-18,3.855311632156372
2013-09-19,3.8266119956970215
2013-09-20,3.7405145168304443
2013-09-23,3.6576011180877686
2013-09-24,3.606583833694458
2013-09-25,3.606583833694458
2013-09-26,3.5683188438415527
2013-09-27,3.5683188438415527
2013-09-30,3.5778839588165283
2013-10-01,3.5651276111602783
2013-10-02,3.5746941566467285
2013-10-03,3.5555596351623535
2013-10-04,3.5938284397125244
2013-10-07,3.590639352798462
2013-10-08,3.5651276111602783
2013-10-09,3.52048397064209
2013-10-10,3.507728338241577
2013-10-11,3.523672580718994
2013-10-14,3.533238410949707
2013-10-15,3.507448196411133
2013-10-16,3.504225492477417
2013-10-17,3.555805206298828
2013-10-18,3.5719244480133057
2013-10-21,3.594492197036743
2013-10-22,3.671861410140991
2013-10-23,3.6428496837615967
2013-10-24,3.6976518630981445
2013-10-25,3.723440647125244
2013-10-28,3.7137696743011475
2013-10-29,3.72666597366333
2013-10-30,3.700873374938965
2013-10-31,3.6396260261535645
2013-11-01,3.626727819442749
2013-11-04,3.6750853061676025
2013-11-05,3.668637275695801
2013-11-06,3.7137696743011475
2013-11-07,3.6750853061676025
2013-11-08,3.6750853061676025
2013-11-11,3.6654138565063477
2013-11-12,3.623060464859009
2013-11-13,3.619800567626953
2013-11-14,3.639350175857544
2013-11-15,3.6360909938812256
2013-11-18,3.606764793395996
2013-11-19,3.5741848945617676
2013-11-20,3.561152458190918
2013-11-21,3.3786966800689697
2013-11-22,3.359149694442749
2013-11-25,3.2744364738464355
2013-11-26,3.2190470695495605
2013-11-27,3.2451140880584717
2013-11-29,3.297241687774658
2013-12-02,3.2190470695495605
2013-12-03,3.170175790786743
2013-12-04,3.2092719078063965
2013-12-05,3.196239948272705
2013-12-06,3.1897218227386475
2013-12-09,3.1897218227386475
2013-12-10,3.222306728363037
2013-12-11,3.1728320121765137
2013-12-12,3.1398520469665527
2013-12-13,3.123359441757202
2013-12-16,3.14314866065979
2013-12-17,3.156343936920166
2013-12-18,3.176131010055542
2013-12-19,3.186026096343994
2013-12-20,3.2025158405303955
2013-12-23,3.2124123573303223
2013-12-24,3.271777391433716
2013-12-26,3.3146541118621826
2013-12-27,3.3311445713043213
2013-12-30,3.271777391433716
2013-12-31,3.3047597408294678
2014-01-02,3.3542325496673584
2014-01-03,3.337742567062378
2014-01-06,3.334442615509033
2014-01-07,3.364125967025757
2014-01-08,3.3311445713043213
2014-01-09,3.317953109741211
2014-01-10,3.341038227081299
2014-01-13,3.3542325496673584
2014-01-14,3.334442615509033
2014-01-15,3.3444273471832275
2014-01-16,3.377703905105591
2014-01-17,3.397671937942505
2014-01-21,3.4143102169036865
2014-01-22,3.404327630996704
2014-01-23,3.4276206493377686
2014-01-24,3.3910162448883057
2014-01-27,3.341097831726074
2014-01-28,3.377703905105591
2014-01-29,3.381033182144165
2014-01-30,3.377703905105591
2014-01-31,3.3477537631988525
2014-02-03,3.3178048133850098
2014-02-04,3.327787399291992
2014-02-05,3.3477537631988525
2014-02-06,3.3843605518341064
2014-02-07,3.4542436599731445
2014-02-10,3.4841933250427246
2014-02-11,3.540767192840576
2014-02-12,3.4971370697021484
2014-02-13,3.5441226959228516
2014-02-14,3.5978221893310547
2014-02-18,3.6112444400787354
2014-02-19,3.564260482788086
2014-02-20,3.6078908443450928
2014-02-21,3.6280272006988525
2014-02-24,3.668302059173584
2014-02-25,3.658231496810913
2014-02-26,3.6615874767303467
2014-02-27,3.658231496810913
2014-02-28,3.6515207290649414
2014-03-03,3.668302059173584
2014-03-04,3.6750123500823975
2014-03-05,3.6817259788513184
2014-03-06,3.725356101989746
2014-03-07,3.6917943954467773
2014-03-10,3.6649444103240967
2014-03-11,3.6615874767303467
2014-03-12,3.715287208557129
2014-03-13,3.7220537662506104
2014-03-14,3.7457399368286133
2014-03-17,3.7085177898406982
2014-03-18,3.6916003227233887
2014-03-19,3.627312660217285
2014-03-20,3.620544195175171
2014-03-21,3.6509978771209717
2014-03-24,3.59009051322937
2014-03-25,3.586707830429077
2014-03-26,3.485196590423584
2014-03-27,3.485196590423584
2014-03-28,3.5156495571136475
2014-03-31,3.505496025085449
2014-04-01,3.4885804653167725
2014-04-02,3.5359506607055664
2014-04-03,3.539337635040283
2014-04-04,3.552870750427246
2014-04-07,3.5291855335235596
2014-04-08,3.569789409637451
2014-04-09,3.603626012802124
2014-04-10,3.546102523803711
2014-04-11,3.532451629638672
2014-04-14,3.55975604057312
2014-04-15,3.549515962600708
2014-04-16,3.55975604057312
2014-04-17,3.5392773151397705
2014-04-21,3.5426902770996094
2014-04-22,3.5461032390594482
2014-04-23,3.59047269821167
2014-04-24,3.5972981452941895
2014-04-25,3.5972981452941895
2014-04-28,3.5972981452941895
2014-04-29,3.600712537765503
2014-04-30,3.6075358390808105
2014-05-01,3.5972981452941895
2014-05-02,3.610949754714966
2014-05-05,3.6280150413513184
2014-05-06,3.6553196907043457
2014-05-07,3.6553196907043457
2014-05-08,3.668971300125122
2014-05-09,3.6792116165161133
2014-05-12,3.720165252685547
2014-05-13,3.727048873901367
2014-05-14,3.744255781173706
2014-05-15,3.73392915725708
2014-05-16,3.7304880619049072
2014-05-19,3.723606586456299
2014-05-20,3.6891942024230957
2014-05-21,3.699517011642456
2014-05-22,3.737372875213623
2014-05-23,3.7511374950408936
2014-05-27,3.6926352977752686
2014-05-28,3.6410133838653564
2014-05-29,3.6685433387756348
2014-05-30,3.654780626296997
2014-06-02,3.665102005004883
2014-06-03,3.665102005004883
2014-06-04,3.647895574569702
2014-06-05,3.671987533569336
2014-06-06,3.678866147994995
2014-06-09,3.678866147994995
2014-06-10,3.6891942024230957
2014-06-11,3.7304880619049072
2014-06-12,3.792952299118042
2014-06-13,3.799893617630005
2014-06-16,3.8103013038635254
2014-06-17,3.799893617630005
2014-06-18,3.8415355682373047
2014-06-19,3.928292751312256
2014-06-20,3.897061586380005
2014-06-23,3.9387030601501465
2014-06-24,3.935234308242798
2014-06-25,3.9144110679626465
2014-06-26,3.935234308242798
2014-06-27,3.9734058380126953
2014-06-30,3.9976980686187744
2014-07-01,4.0323991775512695
2014-07-02,3.9976980686187744
2014-07-03,3.9872846603393555
2014-07-07,3.9942262172698975
2014-07-08,4.001164436340332
2014-07-09,4.053220748901367
2014-07-10,4.042810916900635
2014-07-11,4.011575698852539
2014-07-14,3.976877212524414
2014-07-15,3.927907943725586
2014-07-16,3.9558889865875244
2014-07-17,4.018846035003662
2014-07-18,4.025843620300293
2014-07-21,3.9943649768829346
2014-07-22,4.015349388122559
2014-07-23,4.032837867736816
2014-07-24,4.022345066070557
2014-07-25,4.025843620300293
2014-07-28,4.032837867736816
2014-07-29,4.029340744018555
2014-07-30,4.004856586456299
2014-07-31,3.9069225788116455
2014-08-01,3.9733779430389404
2014-08-04,3.9943649768829346
2014-08-05,3.913914442062378
2014-08-06,3.959385395050049
2014-08-07,3.983872652053833
2014-08-08,4.001359939575195
2014-08-11,4.046831130981445
2014-08-12,4.046831130981445
2014-08-13,4.071505546569824
2014-08-14,4.011578559875488
2014-08-15,4.008054733276367
2014-08-18,4.015103340148926
2014-08-19,4.060929775238037
2014-08-20,4.0538811683654785
2014-08-21,4.032729148864746
2014-08-22,4.043304920196533
2014-08-25,4.011578559875488
2014-08-26,4.011578559875488
2014-08-27,4.039776802062988
2014-08-28,4.029203414916992
2014-08-29,4.046831130981445
2014-09-02,4.011578559875488
2014-09-03,4.018630504608154
2014-09-04,3.993952989578247
2014-09-05,3.9798483848571777
2014-09-08,3.8917245864868164
2014-09-09,3.888200283050537
2014-09-10,3.838850736618042
2014-09-11,3.838850736618042
2014-09-12,3.778421640396118
2014-09-15,3.760648250579834
2014-09-16,3.7926387786865234
2014-09-17,3.760648250579834
2014-09-18,3.735766887664795
2014-09-19,3.664679765701294
2014-09-22,3.536715269088745
2014-09-23,3.593588352203369
2014-09-24,3.572262763977051
2014-09-25,3.508280038833618
2014-09-26,3.5544886589050293
2014-09-29,3.5473787784576416
2014-09-30,3.4656264781951904
2014-10-01,3.494061231613159
2014-10-02,3.4691808223724365
2014-10-03,3.440744638442993
2014-10-06,3.4336366653442383
2014-10-07,3.390981912612915
2014-10-08,3.454962968826294
2014-10-09,3.405200481414795
2014-10-10,3.3376657962799072
2014-10-13,3.298564910888672
2014-10-14,3.298564910888672
2014-10-15,3.2698512077331543
2014-10-16,3.316511392593384
2014-10-17,3.3308699131011963
2014-10-20,3.305745840072632
2014-10-21,3.4026529788970947
2014-10-22,3.3524060249328613
2014-10-23,3.338047981262207
2014-10-24,3.359581470489502
2014-10-27,3.2949752807617188
2014-10-28,3.3344595432281494
2014-10-29,3.2913873195648193
2014-10-30,3.2196013927459717
2014-10-31,3.1657614707946777
2014-11-03,3.147815227508545
2014-11-04,3.05808424949646
2014-11-05,3.018601179122925
2014-11-06,3.0329556465148926
2014-11-07,3.1334569454193115
2014-11-10,3.068176746368408
2014-11-11,3.104445219039917
2014-11-12,3.0863094329833984
2014-11-13,3.0101494789123535
2014-11-14,3.0572969913482666
2014-11-17,3.1116983890533447
2014-11-18,3.151592493057251
2014-11-19,3.097191095352173
2014-11-20,3.1116983890533447
2014-11-21,3.162471055984497
2014-11-24,3.1660969257354736
2014-11-25,3.184229850769043
2014-11-26,3.151592493057251
2014-11-28,3.002898931503296
2014-12-01,3.0101494789123535
2014-12-02,3.024657726287842
2014-12-03,3.0282840728759766
2014-12-04,3.024657726287842
2014-12-05,2.941244125366211
2014-12-08,2.8795902729034424
2014-12-09,2.933990955352783
2014-12-10,2.886312961578369
2014-12-11,2.8459722995758057
2014-12-12,2.7506167888641357
2014-12-15,2.669930934906006
2014-12-16,2.669930934906006
2014-12-17,2.757951498031616
2014-12-18,2.8753113746643066
2014-12-19,2.9743330478668213
2014-12-22,2.8899805545806885
2014-12-23,2.9376580715179443
2014-12-24,2.9156534671783447
2014-12-26,2.9486610889434814
2014-12-29,2.9266536235809326
2014-12-30,2.9156534671783447
2014-12-31,2.9596638679504395
2015-01-02,2.9449920654296875
2015-01-05,2.90098237991333
2015-01-06,2.981667995452881
2015-01-07,3.014676094055176
2015-01-08,3.047682285308838
2015-01-09,3.0696890354156494
2015-01-12,3.073354959487915
2015-01-13,2.999387264251709
2015-01-14,2.9439094066619873
2015-01-15,3.0326716899871826
2015-01-16,3.1473207473754883
2015-01-20,3.195401430130005
2015-01-21,3.247177839279175
2015-01-22,3.2360830307006836
2015-01-23,3.1695127487182617
2015-01-26,3.1695127487182617
2015-01-27,3.2323849201202393
2015-01-28,3.143624782562256
2015-01-29,3.095545768737793
2015-01-30,3.139925479888916
2015-02-02,3.2212905883789062
2015-02-03,3.243478536605835
2015-02-04,3.206496000289917
2015-02-05,3.2249867916107178
2015-02-06,3.195401430130005
2015-02-09,3.2360830307006836
2015-02-10,3.180159330368042
2015-02-11,3.0981383323669434
2015-02-12,3.1354222297668457
2015-02-13,3.183889389038086
2015-02-17,3.1503350734710693
2015-02-18,3.1503350734710693
2015-02-19,3.1316945552825928
2015-02-20,3.157790422439575
2015-02-23,3.1316945552825928
2015-02-24,3.1540627479553223
2015-02-25,3.1913468837738037
2015-02-26,3.176433801651001
2015-02-27,3.2025279998779297
2015-03-02,3.1652486324310303
2015-03-03,3.161518096923828
2015-03-04,3.157790422439575
2015-03-05,3.1503350734710693
2015-03-06,3.016120195388794
2015-03-09,2.9527394771575928
2015-03-10,2.8893609046936035
2015-03-11,2.9080026149749756
2015-03-12,2.9117300510406494
2015-03-13,2.88915753364563
2015-03-16,2.8929197788238525
2015-03-17,2.8741097450256348
2015-03-18,2.941824197769165
2015-03-19,2.930539131164551
2015-03-20,2.9944915771484375
2015-03-23,3.043396472930908
2015-03-24,3.058444023132324
2015-03-25,3.069730043411255
2015-03-26,3.058444023132324
2015-03-27,3.017063856124878
2015-03-30,3.020824432373047
2015-03-31,3.0020155906677246
2015-04-01,3.043396472930908
2015-04-02,3.069730043411255
2015-04-06,3.118635416030884
2015-04-07,3.0960636138916016
2015-04-08,3.069730043411255
2015-04-09,3.054680824279785
2015-04-10,3.084778308868408
2015-04-13,3.0810158252716064
2015-04-14,3.0999879837036133
2015-04-15,3.160696506500244
2015-04-16,3.160696506500244
2015-04-17,3.11896014213562
2015-04-20,3.141726493835449
2015-04-21,3.107576370239258
2015-04-22,3.122753381729126
2015-04-23,3.145519733428955
2015-04-24,3.1151657104492188
2015-04-27,3.1493136882781982
2015-04-28,3.1910529136657715
2015-04-29,3.20243501663208
2015-04-30,3.1644914150238037
2015-05-01,3.1910529136657715
2015-05-04,3.20243501663208
2015-05-05,3.20243501663208
2015-05-06,3.1682872772216797
2015-05-07,3.137932062149048
2015-05-08,3.1910529136657715
2015-05-11,3.1910529136657715
2015-05-12,3.1948797702789307
2015-05-13,3.225487470626831
2015-05-14,3.229314088821411
2015-05-15,3.2178361415863037
2015-05-18,3.187225580215454
2015-05-19,3.1221814155578613
2015-05-20,3.152789831161499
2015-05-21,3.141312599182129
2015-05-22,3.171921491622925
2015-05-26,3.129833936691284
2015-05-27,3.1183547973632812
2015-05-28,3.1145288944244385
2015-05-29,3.1183547973632812
2015-06-01,3.0915722846984863
2015-06-02,3.129833936691284
2015-06-03,3.129833936691284
2015-06-04,3.0877444744110107
2015-06-05,3.080092430114746
2015-06-08,3.064786911010742
2015-06-09,3.068615198135376
2015-06-10,3.0953965187072754
2015-06-11,3.0877444744110107
2015-06-12,3.060728073120117
2015-06-15,3.0645854473114014
2015-06-16,3.0761659145355225
2015-06-17,3.080026626586914
2015-06-18,3.0993237495422363
2015-06-19,3.0684454441070557
2015-06-22,3.049147367477417
2015-06-23,3.0452892780303955
2015-06-24,3.0452892780303955
2015-06-25,3.010551691055298
2015-06-26,2.9526565074920654
2015-06-29,2.910200595855713
2015-06-30,2.9526565074920654
2015-07-01,2.9179177284240723
2015-07-02,2.914059638977051
2015-07-06,2.906341552734375
2015-07-07,2.8793225288391113
2015-07-08,2.813707113265991
2015-07-09,2.813707113265991
2015-07-10,2.8291454315185547
2015-07-13,2.81756854057312
2015-07-14,2.813707113265991
2015-07-15,2.774737596511841
2015-07-16,2.7435598373413086
2015-07-17,2.6539247035980225
2015-07-20,2.505836248397827
2015-07-21,2.4980416297912598
2015-07-22,2.462968587875366
2015-07-23,2.4123053550720215
2015-07-24,2.4123053550720215
2015-07-27,2.369438409805298
2015-07-28,2.4123053550720215
2015-07-29,2.435687780380249
2015-07-30,2.4084088802337646
2015-07-31,2.4162020683288574
2015-08-03,2.404512405395508
2015-08-04,2.423997402191162
2015-08-05,2.4317915439605713
2015-08-06,2.427894115447998
2015-08-07,2.377232074737549
2015-08-10,2.4941468238830566
2015-08-11,2.490248441696167
2015-08-12,2.6032633781433105
2015-08-13,2.5205578804016113
2015-08-14,2.500865936279297
2015-08-17,2.5205578804016113
2015-08-18,2.5166192054748535
2015-08-19,2.5402493476867676
2015-08-20,2.5914480686187744
2015-08-21,2.5402493476867676
2015-08-24,2.4063448905944824
2015-08-25,2.359084129333496
2015-08-26,2.335453987121582
2015-08-27,2.410283327102661
2015-08-28,2.4536054134368896
2015-08-31,2.4536054134368896
2015-09-01,2.4142227172851562
2015-09-02,2.410283327102661
2015-09-03,2.4220995903015137
2015-09-04,2.382715940475464
2015-09-08,2.398469924926758
2015-09-09,2.382715940475464
2015-09-10,2.359084129333496
2015-09-11,2.351207971572876
2015-09-14,2.315342664718628
2015-09-15,2.331282615661621
2015-09-16,2.418954372406006
2015-09-17,2.4428658485412598
2015-09-18,2.4309098720550537
2015-09-21,2.4269251823425293
2015-09-22,2.3591766357421875
2015-09-23,2.335268497467041
2015-09-24,2.3950438499450684
2015-09-25,2.391059637069702
2015-09-28,2.2954165935516357
2015-09-29,2.27549147605896
2015-09-30,2.3073723316192627
2015-10-01,2.27549147605896
2015-10-02,2.3392512798309326
2015-10-05,2.4269251823425293
2015-10-06,2.486701250076294
2015-10-07,2.518582582473755
2015-10-08,2.554447650909424
2015-10-09,2.602269172668457
2015-10-12,2.59429931640625
2015-10-13,2.5624186992645264
2015-10-14,2.6389682292938232
2015-10-15,2.6792588233947754
2015-10-16,2.630910873413086
2015-10-19,2.5463027954101562
2015-10-20,2.5906214714050293
2015-10-21,2.5463027954101562
2015-10-22,2.598679542541504
2015-10-23,2.630910873413086
2015-10-26,2.5906214714050293
2015-10-27,2.5543603897094727
2015-10-28,2.5503311157226562
2015-10-29,2.493924856185913
2015-10-30,2.501985549926758
2015-11-02,2.489896774291992
2015-11-03,2.514070987701416
2015-11-04,2.473783016204834
2015-11-05,2.4173758029937744
2015-11-06,2.369027853012085
2015-11-09,2.352912664413452
2015-11-10,2.3284459114074707
2015-11-11,2.308055877685547
2015-11-12,2.259122610092163
2015-11-13,2.259122610092163
2015-11-16,2.303978204727173
2015-11-17,2.27543306350708
2015-11-18,2.3121337890625
2015-11-19,2.34067964553833
2015-11-20,2.3243675231933594
2015-11-23,2.3121337890625
2015-11-24,2.344757318496704
2015-11-25,2.352912187576294
2015-11-27,2.3366003036499023
2015-11-30,2.3733015060424805
2015-12-01,2.430391788482666
2015-12-02,2.4018471240997314
2015-12-03,2.4059245586395264
2015-12-04,2.4467031955718994
2015-12-07,2.3814573287963867
2015-12-08,2.3243675231933594
2015-12-09,2.34501051902771
2015-12-10,2.3615245819091797
2015-12-11,2.3119826316833496
2015-12-14,2.225283622741699
2015-12-15,2.2459239959716797
2015-12-16,2.291339635848999
2015-12-17,2.233538866043091
2015-12-18,2.2995970249176025
2015-12-21,2.3615245819091797
2015-12-22,2.3491384983062744
2015-12-23,2.423452377319336
2015-12-24,2.444094657897949
2015-12-28,2.423452377319336
2015-12-29,2.382167339324951
2015-12-30,2.3202385902404785
2015-12-31,2.365652322769165
2016-01-04,2.3904244899749756
2016-01-05,2.411067247390747
2016-01-06,2.3780388832092285
2016-01-07,2.4028098583221436
2016-01-08,2.357396125793457
2016-01-11,2.2500548362731934
2016-01-12,2.15804386138916
2016-01-13,2.1454977989196777
2016-01-14,2.1371328830718994
2016-01-15,2.0869452953338623
2016-01-19,1.9991182088851929
2016-01-20,1.95311439037323
2016-01-21,2.0074832439422607
2016-01-22,2.0534887313842773
2016-01-25,2.0534887313842773
2016-01-26,2.10367488861084
2016-01-27,2.1162211894989014
2016-01-28,2.1538617610931396
2016-01-29,2.2124125957489014
2016-02-01,2.2207775115966797
2016-02-02,2.1747725009918213
2016-02-03,2.2835118770599365
2016-02-04,2.3504276275634766
2016-02-05,2.3504276275634766
2016-02-08,2.4884426593780518
2016-02-09,2.304422616958618
2016-02-10,2.3425471782684326
2016-02-11,2.4060890674591064
2016-02-12,2.401853084564209
2016-02-16,2.3213682174682617
2016-02-17,2.3764357566833496
2016-02-18,2.4908108711242676
2016-02-19,2.4145617485046387
2016-02-22,2.444213628768921
2016-02-23,2.4865729808807373
2016-02-24,2.4569220542907715
2016-02-25,2.4738664627075195
2016-02-26,2.4865729808807373
2016-02-29,2.495046615600586
2016-03-01,2.4865729808807373
2016-03-02,2.5077545642852783
2016-03-03,2.6009485721588135
2016-03-04,2.6051852703094482
2016-03-07,2.6856706142425537
2016-03-08,2.6094207763671875
2016-03-09,2.651782512664795
2016-03-10,2.68143367767334
2016-03-11,2.6941425800323486
2016-03-14,2.7369730472564697
2016-03-15,2.668442726135254
2016-03-16,2.758390188217163
2016-03-17,2.8354873657226562
2016-03-18,2.8226406574249268
2016-03-21,2.7669568061828613
2016-03-22,2.8012208938598633
2016-03-23,2.7412571907043457
2016-03-24,2.668442726135254
2016-03-28,2.7027080059051514
2016-03-29,2.749824047088623
2016-03-30,2.7926554679870605
2016-03-31,2.8183553218841553
2016-04-01,2.784090757369995
2016-04-04,2.754108190536499
2016-04-05,2.7798056602478027
2016-04-06,2.749824047088623
2016-04-07,2.805504560470581
2016-04-08,2.87831974029541
2016-04-11,3.0196664333343506
2016-04-12,3.083915948867798
2016-04-13,3.057962656021118
2016-04-14,2.9757838249206543
2016-04-15,3.0536386966705322
2016-04-18,3.088240385055542
2016-04-19,3.1790707111358643
2016-04-20,3.0406620502471924
2016-04-21,3.0839149951934814
2016-04-22,3.0493125915527344
2016-04-25,3.062288284301758
2016-04-26,3.088240385055542
2016-04-27,3.1012156009674072
2016-04-28,3.1314916610717773
2016-04-29,3.1920461654663086
2016-05-02,3.161771059036255
2016-05-03,3.1401443481445312
2016-05-04,3.0839149951934814
2016-05-05,3.1141934394836426
2016-05-06,3.135817289352417
2016-05-09,3.0406620502471924
2016-05-10,3.0925662517547607
2016-05-11,3.157444715499878
2016-05-12,3.11377215385437
2016-05-13,3.1094069480895996
2016-05-16,3.11814022064209
2016-05-17,3.161811113357544
2016-05-18,3.0569987297058105
2016-05-19,3.0832021236419678
2016-05-20,3.126873731613159
2016-05-23,3.122507095336914
2016-05-24,3.0875699520111084
2016-05-25,3.11814022064209
2016-05-26,3.09193754196167
2016-05-27,3.061366081237793
2016-05-31,3.13997483253479
2016-06-01,3.13997483253479
2016-06-02,3.135608196258545
2016-06-03,3.2753570079803467
2016-06-06,3.2185842990875244
2016-06-07,3.1923813819885254
2016-06-08,3.2622549533843994
2016-06-09,3.327763557434082
2016-06-10,3.33212947845459
2016-06-13,3.222951650619507
2016-06-14,3.2317683696746826
2016-06-15,3.2670397758483887
2016-06-16,3.187680959701538
2016-06-17,3.2758584022521973
2016-06-20,3.297903537750244
2016-06-21,3.2494046688079834
2016-06-22,3.346402883529663
2016-06-23,3.3816728591918945
2016-06-24,3.4169442653656006
2016-06-27,3.4169442653656006
2016-06-28,3.434581756591797
2016-06-29,3.368446111679077
2016-06-30,3.368446111679077
2016-07-01,3.491896390914917
2016-07-05,3.5139427185058594
2016-07-06,3.527169704437256
2016-07-07,3.469851016998291
2016-07-08,3.491896390914917
2016-07-11,3.469851016998291
2016-07-12,3.452216148376465
2016-07-13,3.492255449295044
2016-07-14,3.514500379562378
2016-07-15,3.55008864402771
2016-07-18,3.5589866638183594
2016-07-19,3.576782464981079
2016-07-20,3.47001314163208
2016-07-21,3.5545382499694824
2016-07-22,3.5589866638183594
2016-07-25,3.487807512283325
2016-07-26,3.4967048168182373
2016-07-27,3.52339506149292
2016-07-28,3.4967048168182373
2016-07-29,3.5322930812835693
2016-08-01,3.5367445945739746
2016-08-02,3.55008864402771
2016-08-03,3.527845859527588
2016-08-04,3.5322930812835693
2016-08-05,3.5634350776672363
2016-08-08,3.527845859527588
2016-08-09,3.6390655040740967
2016-08-10,3.6791040897369385
2016-08-11,3.7102441787719727
2016-08-12,3.7324883937835693
2016-08-15,3.6158459186553955
2016-08-16,3.6517364978790283
2016-08-17,3.6068758964538574
2016-08-18,3.611363172531128
2016-08-19,3.5799572467803955
2016-08-22,3.494720458984375
2016-08-23,3.4992082118988037
2016-08-24,3.4408860206604004
2016-08-25,3.3825666904449463
2016-08-26,3.485748052597046
2016-08-29,3.458832025527954
2016-08-30,3.3511641025543213
2016-08-31,3.297328472137451
2016-09-01,3.319761037826538
2016-09-02,3.4408860206604004
2016-09-06,3.5261240005493164
2016-09-07,3.4902358055114746
2016-09-08,3.463315963745117
2016-09-09,3.3511641025543213
2016-09-12,3.454345941543579
2016-09-13,3.3780810832977295
2016-09-14,3.3690240383148193
2016-09-15,3.3418540954589844
2016-09-16,3.2784581184387207
2016-09-19,3.355437994003296
2016-09-20,3.3690240383148193
2016-09-21,3.464118003845215
2016-09-22,3.509398937225342
2016-09-23,3.577324390411377
2016-09-26,3.5365707874298096
2016-09-27,3.396195411682129
2016-09-28,3.464118003845215
2016-09-29,3.4550607204437256
2016-09-30,3.4958136081695557
2016-10-03,3.4958136081695557
2016-10-04,3.3192121982574463
2016-10-05,3.3418540954589844
2016-10-06,3.3327977657318115
2016-10-07,3.359968423843384
2016-10-10,3.4324207305908203
2016-10-11,3.3871378898620605
2016-10-12,3.3826091289520264
2016-10-13,3.391752004623413
2016-10-14,3.3597521781921387
2016-10-17,3.3414695262908936
2016-10-18,3.4603185653686523
2016-10-19,3.506028175354004
2016-10-20,3.5608808994293213
2016-10-21,3.606592893600464
2016-10-24,3.615732431411743
2016-10-25,3.588306188583374
2016-10-26,3.5563113689422607
2016-10-27,3.583738088607788
2016-10-28,3.5654520988464355
2016-10-31,3.5928795337677
2016-11-01,3.5928795337677
2016-11-02,3.5791640281677246
2016-11-03,3.5654520988464355
2016-11-04,3.5608808994293213
2016-11-07,3.501455783843994
2016-11-08,3.4923155307769775
2016-11-09,3.5745949745178223
2016-11-10,3.4731223583221436
2016-11-11,3.288628101348877
2016-11-14,3.1733181476593018
2016-11-15,3.2932393550872803
2016-11-16,3.307077646255493
2016-11-17,3.2655649185180664
2016-11-18,3.2655649185180664
2016-11-21,3.2794039249420166
2016-11-22,3.3347508907318115
2016-11-23,3.242504119873047
2016-11-25,3.205604314804077
2016-11-28,3.2332775592803955
2016-11-29,3.224053144454956
2016-11-30,3.2332775592803955
2016-12-01,3.1733181476593018
2016-12-02,3.247115135192871
2016-12-05,3.219440460205078
2016-12-06,3.214830160140991
2016-12-07,3.238123655319214
2016-12-08,3.144941806793213
2016-12-09,3.130964517593384
2016-12-12,3.154259443283081
2016-12-13,3.1682376861572266
2016-12-14,3.1263039112091064
2016-12-15,3.0750529766082764
2016-12-16,3.0843722820281982
2016-12-19,3.1216464042663574
2016-12-20,3.1263039112091064
2016-12-21,3.09834885597229
2016-12-22,3.089031457901001
2016-12-23,3.0797131061553955
2016-12-27,3.1169867515563965
2016-12-28,3.1169867515563965
2016-12-29,3.154259443283081
2016-12-30,3.10766863822937
2017-01-03,3.163578987121582
2017-01-04,3.2241482734680176
2017-01-05,3.280057668685913
2017-01-06,3.312670946121216
2017-01-09,3.233466863632202
2017-01-10,3.261422634124756
2017-01-11,3.242783546447754
2017-01-12,3.2756338119506836
2017-01-13,3.336641788482666
2017-01-17,3.336641788482666
2017-01-18,3.252171039581299
2017-01-19,3.280327558517456
2017-01-20,3.266249656677246
2017-01-23,3.2990975379943848
2017-01-24,3.3037915229797363
2017-01-25,3.2944068908691406
2017-01-26,3.252171039581299
2017-01-27,3.256861925125122
2017-01-30,3.256861925125122
2017-01-31,3.280327558517456
2017-02-01,3.2850208282470703
2017-02-02,3.2944068908691406
2017-02-03,3.2756338119506836
2017-02-06,3.2990975379943848
2017-02-07,3.2850208282470703
2017-02-08,3.2897143363952637
2017-02-09,3.2566263675689697
2017-02-10,3.2755329608917236
2017-02-13,3.2991652488708496
2017-02-14,3.247173547744751
2017-02-15,3.2660789489746094
2017-02-16,3.242447853088379
2017-02-17,3.23299503326416
2017-02-21,3.247173547744751
2017-02-22,3.2849855422973633
2017-02-23,3.2849855422973633
2017-02-24,3.2708075046539307
2017-02-27,3.223539352416992
2017-02-28,3.2377209663391113
2017-03-01,3.2566263675689697
2017-03-02,3.2140872478485107
2017-03-03,3.223539352416992
2017-03-06,3.1999075412750244
2017-03-07,3.1715478897094727
2017-03-08,3.1715478897094727
2017-03-09,3.1479148864746094
2017-03-10,3.1810011863708496
2017-03-13,3.1715478897094727
2017-03-14,3.1431877613067627
2017-03-15,3.219386577606201
2017-03-16,3.224148988723755
2017-03-17,3.271773338317871
2017-03-20,3.271773338317871
2017-03-21,3.2527225017547607
2017-03-22,3.276536226272583
2017-03-23,3.2479617595672607
2017-03-24,3.2622487545013428
2017-03-27,3.295586585998535
2017-03-28,3.276536226272583
2017-03-29,3.2908225059509277
2017-03-30,3.295586585998535
2017-03-31,3.305110454559326
2017-04-03,3.295586585998535
2017-04-04,3.309870958328247
2017-04-05,3.3241586685180664
2017-04-06,3.3241586685180664
2017-04-07,3.362257242202759
2017-04-10,3.3717846870422363
2017-04-11,3.410154104232788
2017-04-12,3.4197440147399902
2017-04-13,3.4197440147399902
2017-04-17,3.4005627632141113
2017-04-18,3.462912082672119
2017-04-19,3.395765542984009
2017-04-20,3.4389309883117676
2017-04-21,3.4341342449188232
2017-04-24,3.4005627632141113
2017-04-25,3.304636001586914
2017-04-26,3.3717851638793945
2017-04-27,3.3478009700775146
2017-04-28,3.3717851638793945
2017-05-01,3.3478009700775146
2017-05-02,3.362192153930664
2017-05-03,3.386171340942383
2017-05-04,3.3238208293914795
2017-05-05,3.3334124088287354
2017-05-08,3.3813765048980713
2017-05-09,3.3478009700775146
2017-05-10,3.3765792846679688
2017-05-11,3.4005627632141113
2017-05-12,3.3812403678894043
2017-05-15,3.3812403678894043
2017-05-16,3.38607120513916
2017-05-17,3.415051221847534
2017-05-18,3.38607120513916
2017-05-19,3.424713134765625
2017-05-22,3.429542303085327
2017-05-23,3.448864221572876
2017-05-24,3.468186616897583
2017-05-25,3.448864221572876
2017-05-26,3.4440340995788574
2017-05-30,3.3764114379882812
2017-05-31,3.395730972290039
2017-06-01,3.3909010887145996
2017-06-02,3.405391216278076
2017-06-05,3.3619191646575928
2017-06-06,3.395730972290039
2017-06-07,3.3425979614257812
2017-06-08,3.3184456825256348
2017-06-09,3.289463520050049
2017-06-12,3.3281054496765137
2017-06-13,3.3764114379882812
2017-06-14,3.3082985877990723
2017-06-15,3.2645111083984375
2017-06-16,3.283970832824707
2017-06-19,3.313162326812744
2017-06-20,3.2791075706481934
2017-06-21,3.2645111083984375
2017-06-22,3.3034329414367676
2017-06-23,3.3374884128570557
2017-06-26,3.3374884128570557
2017-06-27,3.322892665863037
2017-06-28,3.322892665863037
2017-06-29,3.3034329414367676
2017-06-30,3.288837432861328
2017-07-03,3.293701410293579
2017-07-05,3.288837432861328
2017-07-06,3.293701410293579
2017-07-07,3.2693755626678467
2017-07-10,3.3034329414367676
2017-07-11,3.283970832824707
2017-07-12,3.3082985877990723
2017-07-13,3.3082969188690186
2017-07-14,3.3230011463165283
2017-07-17,3.3230011463165283
2017-07-18,3.332803964614868
2017-07-19,3.3475067615509033
2017-07-20,3.3818161487579346
2017-07-21,3.4210245609283447
2017-07-24,3.3965187072753906
2017-07-25,3.4259285926818848
2017-07-26,3.4308292865753174
2017-07-27,3.4063198566436768
2017-07-28,3.3965187072753906
2017-07-31,3.416123151779175
2017-08-01,3.416123151779175
2017-08-02,3.3965187072753906
2017-08-03,3.4063198566436768
2017-08-04,3.3818161487579346
2017-08-07,3.372013568878174
2017-08-08,3.376912832260132
2017-08-09,3.3965187072753906
2017-08-10,3.4063198566436768
2017-08-11,3.4504315853118896
2017-08-14,3.4308292865753174
2017-08-15,3.406146287918091
2017-08-16,3.411081314086914
2017-08-17,3.425889015197754
2017-08-18,3.416018486022949
2017-08-21,3.4357645511627197
2017-08-22,3.411081314086914
2017-08-23,3.450573682785034
2017-08-24,3.4406979084014893
2017-08-25,3.4308271408081055
2017-08-28,3.4801907539367676
2017-08-29,3.490065097808838
2017-08-30,3.470318555831909
2017-08-31,3.475255250930786
2017-09-01,3.504873514175415
2017-09-05,3.490065097808838
2017-09-06,3.4555118083953857
2017-09-07,3.5295565128326416
2017-09-08,3.490065097808838
2017-09-11,3.4851274490356445
2017-09-12,3.51474666595459
2017-09-13,3.490065097808838
2017-09-14,3.529837131500244
2017-09-15,3.5049784183502197
2017-09-18,3.485093116760254
2017-09-19,3.5049784183502197
2017-09-20,3.495035171508789
2017-09-21,3.480123996734619
2017-09-22,3.480123996734619
2017-09-25,3.5099501609802246
2017-09-26,3.495035171508789
2017-09-27,3.495035171508789
2017-09-28,3.5198943614959717
2017-09-29,3.4751501083374023
2017-10-02,3.485093116760254
2017-10-03,3.495035171508789
2017-10-04,3.490065097808838
2017-10-05,3.485093116760254
2017-10-06,3.490065097808838
2017-10-09,3.524867534637451
2017-10-10,3.5000076293945312
2017-10-11,3.5099501609802246
2017-10-12,3.5198943614959717
2017-10-13,3.544752359390259
2017-10-16,3.5497589111328125
2017-10-17,3.5247256755828857
2017-10-18,3.529731035232544
2017-10-19,3.5147128105163574
2017-10-20,3.5046980381011963
2017-10-23,3.5347397327423096
2017-10-24,3.529731035232544
2017-10-25,3.499691963195801
2017-10-26,3.4646430015563965
2017-10-27,3.4646430015563965
2017-10-30,3.4646430015563965
2017-10-31,3.5347397327423096
2017-11-01,3.484670400619507
2017-11-02,3.474658250808716
2017-11-03,3.424591064453125
2017-11-06,3.4596383571624756
2017-11-07,3.469651222229004
2017-11-08,3.469651222229004
2017-11-09,3.494684934616089
2017-11-10,3.4596383571624756
2017-11-13,3.439612627029419
2017-11-14,3.424480676651001
2017-11-15,3.3740477561950684
2017-11-16,3.379089593887329
2017-11-17,3.424480676651001
2017-11-20,3.3740477561950684
2017-11-21,3.389176368713379
2017-11-22,3.4547412395477295
2017-11-24,3.46987247467041
2017-11-27,3.444654703140259
2017-11-28,3.4194371700286865
2017-11-29,3.379089593887329
2017-11-30,3.3841333389282227
2017-12-01,3.389176368713379
2017-12-04,3.3639590740203857
2017-12-05,3.3236122131347656
2017-12-06,3.303438425064087
2017-12-07,3.278026819229126
2017-12-08,3.2729458808898926
2017-12-11,3.278026819229126
2017-12-12,3.3390138149261475
2017-12-13,3.3745903968811035
2017-12-14,3.3542604446411133
2017-12-15,3.384753465652466
2017-12-18,3.3796732425689697
2017-12-19,3.3593435287475586
2017-12-20,3.3542604446411133
2017-12-21,3.3593435287475586
2017-12-22,3.3745903968811035
2017-12-26,3.3796732425689697
2017-12-27,3.384753465652466
2017-12-28,3.400000810623169
2017-12-29,3.4101662635803223
2018-01-02,3.4762332439422607
2018-01-03,3.466071367263794
2018-01-04,3.471151113510132
2018-01-05,3.4914817810058594
2018-01-08,3.4559037685394287
2018-01-09,3.4457411766052246
2018-01-10,3.4457411766052246
2018-01-11,3.466071367263794
2018-01-12,3.4914817810058594
2018-01-16,3.4761219024658203
2018-01-17,3.491481304168701
2018-01-18,3.450523614883423
2018-01-19,3.450523614883423
2018-01-22,3.4863617420196533
2018-01-23,3.506838798522949
2018-01-24,3.527317762374878
2018-01-25,3.5017199516296387
2018-01-26,3.496600866317749
2018-01-29,3.4607653617858887
2018-01-30,3.4812405109405518
2018-01-31,3.465883731842041
2018-02-01,3.4863617420196533
2018-02-02,3.3993303775787354
2018-02-05,3.353254556655884
2018-02-06,3.322537660598755
2018-02-07,3.2867019176483154
2018-02-08,3.291820526123047
2018-02-09,3.2867019176483154
2018-02-12,3.2557435035705566
2018-02-13,3.2660629749298096
2018-02-14,3.3486175537109375
2018-02-15,3.395055055618286
2018-02-16,3.353778123855591
2018-02-20,3.307340621948242
2018-02-21,3.317659616470337
2018-02-22,3.353778123855591
2018-02-23,3.353778123855591
2018-02-26,3.3331384658813477
2018-02-27,3.291861057281494
2018-02-28,3.26090407371521
2018-03-01,3.250584125518799
2018-03-02,3.26090407371521
2018-03-05,3.276381492614746
2018-03-06,3.3279781341552734
2018-03-07,3.2815425395965576
2018-03-08,3.2557435035705566
2018-03-09,3.2712228298187256
2018-03-12,3.276381492614746
2018-03-13,3.2712228298187256
2018-03-14,3.255620002746582
2018-03-15,3.22961688041687
2018-03-16,3.2348177433013916
2018-03-19,3.266021966934204
2018-03-20,3.3024258613586426
2018-03-21,3.3024258613586426
2018-03-22,3.2712221145629883
2018-03-23,3.3076274394989014
2018-03-26,3.292024612426758
2018-03-27,3.2972264289855957
2018-03-28,3.2972264289855957
2018-03-29,3.3128280639648438
2018-04-02,3.2816243171691895
2018-04-03,3.292024612426758
2018-04-04,3.286824941635132
2018-04-05,3.3076274394989014
2018-04-06,3.3128280639648438
2018-04-09,3.3024258613586426
2018-04-10,3.323228359222412
2018-04-11,3.37003493309021
2018-04-12,3.37003493309021
2018-04-13,3.3438286781311035
2018-04-16,3.3543124198913574
2018-04-17,3.3647942543029785
2018-04-18,3.401482105255127
2018-04-19,3.385758876800537
2018-04-20,3.375276803970337
2018-04-23,3.375276803970337
2018-04-24,3.391000747680664
2018-04-25,3.3805174827575684
2018-04-26,3.385758876800537
2018-04-27,3.3805174827575684
2018-04-30,3.385758876800537
2018-05-01,3.3647942543029785
2018-05-02,3.37003493309021
2018-05-03,3.37003493309021
2018-05-04,3.3647942543029785
2018-05-07,3.3805174827575684
2018-05-08,3.401482105255127
2018-05-09,3.37003493309021
2018-05-10,3.391000747680664
2018-05-11,3.385758876800537
2018-05-14,3.3805174827575684
2018-05-15,3.3752355575561523
2018-05-16,3.338261127471924
2018-05-17,3.348825693130493
2018-05-18,3.359389543533325
2018-05-21,3.3857996463775635
2018-05-22,3.4016451835632324
2018-05-23,3.4069271087646484
2018-05-24,3.3910820484161377
2018-05-25,3.3541078567504883
2018-05-29,3.332977771759033
2018-05-30,3.3541078567504883
2018-05-31,3.4069271087646484
2018-06-01,3.369955062866211
2018-06-04,3.359389543533325
2018-06-05,3.3646724224090576
2018-06-06,3.39636492729187
2018-06-07,3.4227731227874756
2018-06-08,3.4016451835632324
2018-06-11,3.3910820484161377
2018-06-12,3.39636492729187
2018-06-13,3.3805184364318848
2018-06-14,3.3911654949188232
2018-06-15,3.36987042427063
2018-06-18,3.36987042427063
2018-06-19,3.343252420425415
2018-06-20,3.321958065032959
2018-06-21,3.2953388690948486
2018-06-22,3.321958065032959
2018-06-25,3.327279806137085
2018-06-26,3.3006625175476074
2018-06-27,3.316633939743042
2018-06-28,3.327279806137085
2018-06-29,3.3805184364318848
2018-07-02,3.316633939743042
2018-07-03,3.327279806137085
2018-07-05,3.353898763656616
2018-07-06,3.353898763656616
2018-07-09,3.353898763656616
2018-07-10,3.3485758304595947
2018-07-11,3.316633939743042
2018-07-12,3.3113112449645996
2018-07-13,3.327279806137085
2018-07-16,3.3165488243103027
2018-07-17,3.3433804512023926
2018-07-18,3.3380143642425537
2018-07-19,3.2843499183654785
2018-07-20,3.300447702407837
2018-07-23,3.300447702407837
2018-07-24,3.3380143642425537
2018-07-25,3.407780647277832
2018-07-26,3.3541133403778076
2018-07-27,3.3272805213928223
2018-07-30,3.348747491836548
2018-07-31,3.332648992538452
2018-08-01,3.3272805213928223
2018-08-02,3.31118106842041
2018-08-03,3.3272805213928223
2018-08-06,3.3165488243103027
2018-08-07,3.3433804512023926
2018-08-08,3.3380143642425537
2018-08-09,3.3272805213928223
2018-08-10,3.31118106842041
2018-08-13,3.2950823307037354
2018-08-14,3.2789838314056396
2018-08-15,3.182382583618164
2018-08-16,3.1715590953826904
2018-08-17,3.2365057468414307
2018-08-20,3.1661477088928223
2018-08-21,3.1932077407836914
2018-08-22,3.2094438076019287
2018-08-23,3.1932077407836914
2018-08-24,3.231092691421509
2018-08-27,3.2527425289154053
2018-08-28,3.225682497024536
2018-08-29,3.2689785957336426
2018-08-30,3.258152484893799
2018-08-31,3.2473292350769043
2018-09-04,3.225682497024536
2018-09-05,3.1932077407836914
2018-09-06,3.112025260925293
2018-09-07,3.0957870483398438
2018-09-10,3.1012020111083984
2018-09-11,3.0849621295928955
2018-09-12,3.112025260925293
2018-09-13,3.101105213165283
2018-09-14,3.0901856422424316
2018-09-17,3.0901856422424316
2018-09-18,3.0956454277038574
2018-09-19,3.106565237045288
2018-09-20,3.150243043899536
2018-09-21,3.1611616611480713
2018-09-24,3.1939196586608887
2018-09-25,3.1993796825408936
2018-09-26,3.1884613037109375
2018-09-27,3.1611616611480713
2018-09-28,3.1939196586608887
2018-10-01,3.1939196586608887
2018-10-02,3.1939196586608887
2018-10-03,3.1939196586608887
2018-10-04,3.1884613037109375
2018-10-05,3.1830008029937744
2018-10-08,3.155703067779541
2018-10-09,3.101105213165283
2018-10-10,3.106565237045288
2018-10-11,3.068347930908203
2018-10-12,3.1174840927124023
2018-10-15,3.133864164352417
2018-10-16,3.144879102706909
2018-10-17,3.117339849472046
2018-10-18,3.144879102706909
2018-10-19,3.166910171508789
2018-10-22,3.1558949947357178
2018-10-23,3.1063244342803955
2018-10-24,3.089803695678711
2018-10-25,2.996171474456787
2018-10-26,2.9521119594573975
2018-10-29,2.9410951137542725
2018-10-30,2.930079698562622
2018-10-31,2.9245717525482178
2018-11-01,2.968632936477661
2018-11-02,2.985156536102295
2018-11-05,3.0126945972442627
2018-11-06,2.99066424369812
2018-11-07,3.0347254276275635
2018-11-08,3.0182032585144043
2018-11-09,3.0126945972442627
2018-11-12,2.968632936477661
2018-11-13,2.946604013442993
2018-11-14,2.991079807281494
2018-11-15,2.9855217933654785
2018-11-16,3.007758617401123
2018-11-19,3.007758617401123
2018-11-20,2.979961395263672
2018-11-21,3.0133187770843506
2018-11-23,2.974400281906128
2018-11-26,2.991079807281494
2018-11-27,2.929924726486206
2018-11-28,2.9410436153411865
2018-11-29,2.9632809162139893
2018-11-30,2.9632809162139893
2018-12-03,2.991079807281494
2018-12-04,2.9688401222229004
2018-12-06,2.9632298946380615
2018-12-07,2.9183311462402344
2018-12-10,2.9014952182769775
2018-12-11,2.879047393798828
2018-12-12,2.9127185344696045
2018-12-13,2.8958828449249268
2018-12-14,2.8397603034973145
2018-12-17,2.822924852371216
2018-12-18,2.800475835800171
2018-12-19,2.7387421131134033
2018-12-20,2.654560089111328
2018-12-21,2.6040494441986084
2018-12-24,2.620887279510498
2018-12-26,2.682620048522949
2018-12-27,2.699456214904785
2018-12-28,2.721905469894409
2018-12-31,2.778027296066284
2019-01-02,2.862210273742676
2019-01-03,2.8846585750579834
2019-01-04,2.8846585750579834
2019-01-07,2.923943042755127
2019-01-08,2.923943042755127
2019-01-09,2.968841552734375
2019-01-10,2.9856767654418945
2019-01-11,2.974454402923584
2019-01-14,3.002514123916626
2019-01-15,2.9798529148101807
2019-01-16,2.9855196475982666
2019-01-17,2.968524217605591
2019-01-18,3.0025155544281006
2019-01-22,3.0081796646118164
2019-01-23,2.991185188293457
2019-01-24,3.0138437747955322
2019-01-25,3.098820447921753
2019-01-28,3.0535011291503906
2019-01-29,3.0931568145751953
2019-01-30,3.1441428661346436
2019-01-31,3.1724677085876465
2019-02-01,3.1951282024383545
2019-02-04,3.1611392498016357
2019-02-05,3.18379807472229
2019-02-06,3.1158173084259033
2019-02-07,3.1158173084259033
2019-02-08,3.132812738418579
2019-02-11,3.138478994369507
2019-02-12,3.167062520980835
2019-02-13,3.1613452434539795
2019-02-14,3.167062520980835
2019-02-15,3.172778606414795
2019-02-19,3.212794542312622
2019-02-20,3.2242271900177
2019-02-21,3.212794542312622
2019-02-22,3.2470943927764893
2019-02-25,3.241379499435425
2019-02-26,3.2185113430023193
2019-02-27,3.189929485321045
2019-02-28,3.1613452434539795
2019-03-01,3.1384785175323486
2019-03-04,3.1499111652374268
2019-03-05,3.1613452434539795
2019-03-06,3.1098947525024414
2019-03-07,3.115609645843506
2019-03-08,3.121328115463257
2019-03-11,3.1441938877105713
2019-03-12,3.1384785175323486
2019-03-13,3.178494691848755
2019-03-14,3.143882989883423
2019-03-15,3.1496529579162598
2019-03-18,3.184262752532959
2019-03-19,3.184262752532959
2019-03-20,3.213104248046875
2019-03-21,3.21887469291687
2019-03-22,3.184262752532959
2019-03-25,3.21887469291687
2019-03-26,3.21887469291687
2019-03-27,3.195801019668579
2019-03-28,3.1784932613372803
2019-03-29,3.259255886077881
2019-04-01,3.195801019668579
2019-04-02,3.21887469291687
2019-04-03,3.21887469291687
2019-04-04,3.2534847259521484
2019-04-05,3.3227081298828125
2019-04-08,3.3457841873168945
2019-04-09,3.3169403076171875
2019-04-10,3.3227081298828125
2019-04-11,3.2823286056518555
2019-04-12,3.323065996170044
2019-04-15,3.288149356842041
2019-04-16,3.2008514404296875
2019-04-17,3.2008514404296875
2019-04-18,3.2066712379455566
2019-04-22,3.2066712379455566
2019-04-23,3.2183127403259277
2019-04-24,3.229952812194824
2019-04-25,3.212491989135742
2019-04-26,3.212491989135742
2019-04-29,3.171755075454712
2019-04-30,3.1775755882263184
2019-05-01,3.1601145267486572
2019-05-02,3.131016492843628
2019-05-03,3.1601145267486572
2019-05-06,3.165935516357422
2019-05-07,3.154294490814209
2019-05-08,3.1775755882263184
2019-05-09,3.1892123222351074
2019-05-10,3.2066712379455566
2019-05-13,3.1484758853912354
2019-05-14,3.1601145267486572
2019-05-15,3.148367404937744
2019-05-16,3.1424927711486816
2019-05-17,3.113125801086426
2019-05-20,3.1424927711486816
2019-05-21,3.1248703002929688
2019-05-22,3.118997573852539
2019-05-23,3.130744457244873
2019-05-24,3.171861171722412
2019-05-28,3.1659884452819824
2019-05-29,3.1072499752044678
2019-05-30,3.13661789894104
2019-05-31,3.130744457244873
2019-06-03,3.177736520767212
2019-06-04,3.1836092472076416
2019-06-05,3.2188520431518555
2019-06-06,3.2599709033966064
2019-06-07,3.3304550647735596
2019-06-10,3.248222827911377
2019-06-11,3.248222827911377
2019-06-12,3.306959867477417
2019-06-13,3.259547710418701
2019-06-14,3.283254861831665
2019-06-17,3.3247389793395996
2019-06-18,3.3306663036346436
2019-06-19,3.318812608718872
2019-06-20,3.3543717861175537
2019-06-21,3.3543717861175537
2019-06-24,3.348444938659668
2019-06-25,3.3721518516540527
2019-06-26,3.4254887104034424
2019-06-27,3.443267822265625
2019-06-28,3.449195384979248
2019-07-01,3.3662233352661133
2019-07-02,3.3840038776397705
2019-07-03,3.449195384979248
2019-07-05,3.4314143657684326
2019-07-08,3.4551198482513428
2019-07-09,3.449195384979248
2019-07-10,3.4669744968414307
2019-07-11,3.461048126220703
2019-07-12,3.4669744968414307
2019-07-15,3.502533197402954
2019-07-16,3.472649097442627
2019-07-17,3.5144882202148438
2019-07-18,3.472649097442627
2019-07-19,3.5383944511413574
2019-07-22,3.5144882202148438
2019-07-23,3.490579128265381
2019-07-24,3.502533197402954
2019-07-25,3.502533197402954
2019-07-26,3.496555805206299
2019-07-29,3.472649097442627
2019-07-30,3.490579128265381
2019-07-31,3.454716444015503
2019-08-01,3.4248321056365967
2019-08-02,3.490579128265381
2019-08-05,3.5144882202148438
2019-08-06,3.466670513153076
2019-08-07,3.4367873668670654
2019-08-08,3.4427623748779297
2019-08-09,3.496555805206299
2019-08-12,3.5383944511413574
2019-08-13,3.5264406204223633
2019-08-14,3.5623042583465576
2019-08-15,3.5562756061553955
2019-08-16,3.544220447540283
2019-08-19,3.508054494857788
2019-08-20,3.4417495727539062
2019-08-21,3.435724973678589
2019-08-22,3.4055838584899902
2019-08-23,3.423668384552002
2019-08-26,3.435724973678589
2019-08-27,3.423668384552002
2019-08-28,3.423668384552002
2019-08-29,3.4055838584899902
2019-08-30,3.423668384552002
2019-09-03,3.4055838584899902
2019-09-04,3.4055838584899902
2019-09-05,3.3754470348358154
2019-09-06,3.4055838584899902
2019-09-09,3.3995578289031982
2019-09-10,3.411611557006836
2019-09-11,3.477916717529297
2019-09-12,3.514082193374634
2019-09-13,3.5505611896514893
2019-09-16,3.629596710205078
2019-09-17,3.556640386581421
2019-09-18,3.526240825653076
2019-09-19,3.5383999347686768
2019-09-20,3.5687992572784424
2019-09-23,3.6356775760650635
2019-09-24,3.611358404159546
2019-09-25,3.5627200603485107
2019-09-26,3.5687992572784424
2019-09-27,3.5505611896514893
2019-09-30,3.4715240001678467
2019-10-01,3.5140814781188965
2019-10-02,3.5444812774658203
2019-10-03,3.5444812774658203
2019-10-04,3.5870399475097656
2019-10-07,3.6052772998809814
2019-10-08,3.580958366394043
2019-10-09,3.6052772998809814
2019-10-10,3.5991978645324707
2019-10-11,3.5687992572784424
2019-10-14,3.5687992572784424
2019-10-15,3.5870399475097656
2019-10-16,3.5931711196899414
2019-10-17,3.605433940887451
2019-10-18,3.605433940887451
2019-10-21,3.5870399475097656
2019-10-22,3.605433940887451
2019-10-23,3.5993030071258545
2019-10-24,3.629960060119629
2019-10-25,3.611564874649048
2019-10-28,3.629960060119629
2019-10-29,3.5993030071258545
2019-10-30,3.5993030071258545
2019-10-31,3.6544859409332275
2019-11-01,3.648355484008789
2019-11-04,3.629960060119629
2019-11-05,3.636091470718384
2019-11-06,3.629960060119629
2019-11-07,3.6176981925964355
2019-11-08,3.605433940887451
2019-11-11,3.6544859409332275
2019-11-12,3.6422243118286133
2019-11-13,3.592754602432251
2019-11-14,3.568021297454834
2019-11-15,3.592754602432251
2019-11-18,3.5865697860717773
2019-11-19,3.5803871154785156
2019-11-20,3.5742039680480957
2019-11-21,3.5123653411865234
2019-11-22,3.549467086791992
2019-11-25,3.5556528568267822
2019-11-26,3.592754602432251
2019-11-27,3.6607766151428223
2019-11-29,3.6731436252593994
2019-12-02,3.691694498062134
2019-12-03,3.7040624618530273
2019-12-04,3.7349796295166016
2019-12-05,3.7411630153656006
2019-12-06,3.772083282470703
2019-12-09,3.8153698444366455
2019-12-10,3.7164289951324463
2019-12-11,3.7844510078430176
2019-12-12,3.7969207763671875
2019-12-13,3.790684223175049
2019-12-16,3.6722252368927
2019-12-17,3.759511947631836
2019-12-18,3.690929651260376
2019-12-19,3.7408077716827393
2019-12-20,3.7033989429473877
2019-12-23,3.684695243835449
2019-12-24,3.697164535522461
2019-12-26,3.709634304046631
2019-12-27,3.75327730178833
2019-12-30,3.7158679962158203
2019-12-31,3.7158679962158203
2020-01-02,3.7158679962158203
2020-01-03,3.7221031188964844
2020-01-06,3.75327730178833
2020-01-07,3.8280937671661377
2020-01-08,3.815622329711914
2020-01-09,3.809389591217041
2020-01-10,3.8343279361724854
2020-01-13,3.8405611515045166
2020-01-14,3.8592653274536133
2020-01-15,3.834122896194458
2020-01-16,3.8026981353759766
2020-01-17,3.8215527534484863
2020-01-21,3.8089828491210938
2020-01-22,3.827840566635132
2020-01-23,3.8592653274536133
2020-01-24,3.865551471710205
2020-01-27,3.834122896194458
2020-01-28,3.7775559425354004
2020-01-29,3.796412229537964
2020-01-30,3.758700132369995
2020-01-31,3.7901272773742676
2020-02-03,3.7461276054382324
2020-02-04,3.7147014141082764
2020-02-05,3.7712697982788086
2020-02-06,3.7461276054382324
2020-02-07,3.739842653274536
2020-02-10,3.7649855613708496
2020-02-11,3.7775559425354004
2020-02-12,3.834599733352661
2020-02-13,3.8282599449157715
2020-02-14,3.7902305126190186
2020-02-18,3.777554988861084
2020-02-19,3.771216630935669
2020-02-20,3.7902305126190186
2020-02-21,3.8282599449157715
2020-02-24,3.7902305126190186
2020-02-25,3.695158004760742
2020-02-26,3.663468837738037
2020-02-27,3.276838541030884
2020-02-28,3.0550031661987305
2020-03-02,3.4162795543670654
2020-03-03,3.4859988689422607
2020-03-04,3.473323345184326
2020-03-05,3.4416325092315674
2020-03-06,3.4036033153533936
2020-03-09,3.0676798820495605
2020-03-10,3.0993716716766357
2020-03-11,2.769785165786743
2020-03-12,2.4338607788085938
2020-03-13,2.408508777618408
2020-03-16,2.2029829025268555
2020-03-17,2.2543647289276123
2020-03-18,1.5992496013641357
2020-03-19,1.8690032958984375
2020-03-20,1.9910333156585693
2020-03-23,1.9717655181884766
2020-03-24,2.222250461578369
2020-03-25,2.4598896503448486
2020-03-26,2.562652587890625
2020-03-27,2.4920032024383545
2020-03-30,2.5112721920013428
2020-03-31,2.4920032024383545
2020-04-01,2.4085092544555664
2020-04-02,2.5112721920013428
2020-04-03,2.4406213760375977
2020-04-06,2.6204569339752197
2020-04-07,2.6268796920776367
2020-04-08,2.716797113418579
2020-04-09,2.8837878704071045
2020-04-13,2.992973804473877
2020-04-14,2.9351696968078613
2020-04-15,2.88321852684021
2020-04-16,2.811788320541382
2020-04-17,2.837763786315918
2020-04-20,2.7403573989868164
2020-04-21,2.7338640689849854
2020-04-22,2.8767266273498535
2020-04-23,3.0001065731048584
2020-04-24,3.045562982559204
2020-04-27,3.0195884704589844
2020-04-28,3.0390684604644775
2020-04-29,3.0975124835968018
2020-04-30,3.052056074142456
2020-05-01,3.0001065731048584
2020-05-04,3.0260815620422363
2020-05-05,3.05855131149292
2020-05-06,3.0065999031066895
2020-05-07,3.1104986667633057
2020-05-08,3.1559555530548096
2020-05-11,3.1364731788635254
2020-05-12,3.1234867572784424
2020-05-13,3.038182020187378
2020-05-14,3.0578675270080566
2020-05-15,3.0578675270080566
2020-05-18,3.025057792663574
2020-05-19,3.038182020187378
2020-05-20,3.1038012504577637
2020-05-21,3.110363006591797
2020-05-22,3.1366117000579834
2020-05-26,3.0906784534454346
2020-05-27,3.1234874725341797
2020-05-28,3.1234874725341797
2020-05-29,3.1169261932373047
2020-06-01,3.1038012504577637
2020-06-02,3.1234874725341797
2020-06-03,3.0119354724884033
2020-06-04,3.06442928314209
2020-06-05,3.06442928314209
2020-06-08,3.0972402095794678
2020-06-09,3.1431713104248047
2020-06-10,3.169419765472412
2020-06-11,2.979123592376709
2020-06-12,3.025057792663574
2020-06-15,3.071495532989502
2020-06-16,3.058227777481079
2020-06-17,3.0383267402648926
2020-06-18,3.0184240341186523
2020-06-19,3.0781288146972656
2020-06-22,3.1245675086975098
2020-06-23,3.1710045337677
2020-06-24,3.1444690227508545
2020-06-25,3.084763526916504
2020-06-26,3.1112987995147705
2020-06-29,3.0980308055877686
2020-06-30,3.1909048557281494
2020-07-01,3.1511027812957764
2020-07-02,3.1710045337677
2020-07-06,3.237342357635498
2020-07-07,3.237342357635498
2020-07-08,3.2506103515625
2020-07-09,3.2108068466186523
2020-07-10,3.270512104034424
2020-07-13,3.2307090759277344
2020-07-14,3.283780336380005
2020-07-15,3.2904138565063477
2020-07-16,3.223670721054077
2020-07-17,3.263716697692871
2020-07-20,3.337135076522827
2020-07-21,3.410550832748413
2020-07-22,3.3771791458129883
2020-07-23,3.3705050945281982
2020-07-24,3.3905282020568848
2020-07-27,3.530688524246216
2020-07-28,3.5373637676239014
2020-07-29,3.510664463043213
2020-07-30,3.443923234939575
2020-07-31,3.450596809387207
2020-08-03,3.410550832748413
2020-08-04,3.437246799468994
2020-08-05,3.497316837310791
2020-08-06,3.530688524246216
2020-08-07,3.503990411758423
2020-08-10,3.517338514328003
2020-08-11,3.410550832748413
2020-08-12,3.3838534355163574
2020-08-13,3.4238996505737305
2020-08-14,3.4171862602233887
2020-08-17,3.531316041946411
2020-08-18,3.524601936340332
2020-08-19,3.4843215942382812
2020-08-20,3.5044608116149902
2020-08-21,3.4776082038879395
2020-08-24,3.4977498054504395
2020-08-25,3.4843215942382812
2020-08-26,3.4507527351379395
2020-08-27,3.4306132793426514
2020-08-28,3.5111756324768066
2020-08-31,3.4641809463500977
2020-09-01,3.4238975048065186
2020-09-02,3.4776082038879395
2020-09-03,3.4037585258483887
2020-09-04,3.4238975048065186
2020-09-08,3.3567652702331543
2020-09-09,3.4306132793426514
2020-09-10,3.383617401123047
2020-09-11,3.383617401123047
2020-09-14,3.4507527351379395
2020-09-15,3.430494546890259
2020-09-16,3.4710116386413574
2020-09-17,3.4845170974731445
2020-09-18,3.4169888496398926
2020-09-21,3.396730422973633
2020-09-22,3.396730422973633
2020-09-23,3.21440052986145
2020-09-24,3.2684247493743896
2020-09-25,3.308941125869751
2020-09-28,3.3697164058685303
2020-09-29,3.335954427719116
2020-09-30,3.335954427719116
2020-10-01,3.3899765014648438
2020-10-02,3.3629648685455322
2020-10-05,3.3899765014648438
2020-10-06,3.3156955242156982
2020-10-07,3.2954368591308594
2020-10-08,3.3764727115631104
2020-10-09,3.3899765014648438
2020-10-12,3.396730422973633
2020-10-13,3.430494546890259
2020-10-14,3.4439992904663086
2020-10-15,3.4304144382476807
2020-10-16,3.396451711654663
2020-10-19,3.3692784309387207
2020-10-20,3.3353145122528076
2020-10-21,3.3760716915130615
2020-10-22,3.3896567821502686
2020-10-23,3.3896567821502686
2020-10-26,3.3149354457855225
2020-10-27,3.2470076084136963
2020-10-28,3.158698320388794
2020-10-29,3.1858696937561035
2020-10-30,3.158698320388794
2020-11-02,3.267385721206665
2020-11-03,3.2470076084136963
2020-11-04,3.2402124404907227
2020-11-05,3.3488998413085938
2020-11-06,3.3896567821502686
2020-11-09,3.3896567821502686
2020-11-10,3.4032435417175293
2020-11-11,3.3556935787200928
2020-11-12,3.3215208053588867
2020-11-13,3.383030414581299
2020-11-16,3.410367965698242
2020-11-17,3.4240362644195557
2020-11-18,3.410367965698242
2020-11-19,3.369361400604248
2020-11-20,3.4035332202911377
2020-11-23,3.3761961460113525
2020-11-24,3.3761961460113525
2020-11-25,3.3488593101501465
2020-11-27,3.3761961460113525
2020-11-30,3.410367965698242
2020-12-01,3.4787120819091797
2020-12-02,3.506049633026123
2020-12-03,3.4923810958862305
2020-12-04,3.5128841400146484
2020-12-07,3.533388376235962
2020-12-08,3.5675580501556396
2020-12-09,3.533388376235962
2020-12-10,3.5333876609802246
2020-12-11,3.519639253616333
2020-12-14,3.4715189933776855
2020-12-15,3.4921412467956543
2020-12-16,3.4990155696868896
2020-12-17,3.5333876609802246
2020-12-18,3.5265133380889893
2020-12-21,3.505889415740967
2020-12-22,3.4715189933776855
2020-12-23,3.464644193649292
2020-12-24,3.4990155696868896
2020-12-28,3.4715189933776855
2020-12-29,3.464644193649292
2020-12-30,3.4990155696868896
2020-12-31,3.5127642154693604
2021-01-04,3.5402615070343018
2021-01-05,3.615879535675049
2021-01-06,3.6227521896362305
2021-01-07,3.6708743572235107
2021-01-08,3.567758560180664
2021-01-11,3.5265133380889893
2021-01-12,3.450894832611084
2021-01-13,3.4854736328125
2021-01-14,3.4993038177490234
2021-01-15,3.4716436862945557
2021-01-19,3.4923899173736572
2021-01-20,3.5407986640930176
2021-01-21,3.5407986640930176
2021-01-22,3.5338826179504395
2021-01-25,3.4854736328125
2021-01-26,3.4993038177490234
2021-01-27,3.4439804553985596
2021-01-28,3.4716436862945557
2021-01-29,3.464728355407715
2021-02-01,3.5407986640930176
2021-02-02,3.4993038177490234
2021-02-03,3.4923899173736572
2021-02-04,3.5062215328216553
2021-02-05,3.5131351947784424
2021-02-08,3.5753767490386963
2021-02-09,3.5822925567626953
2021-02-10,3.5614256858825684
2021-02-11,3.547513723373413
2021-02-12,3.568380832672119
2021-02-16,3.596205234527588
2021-02-17,3.568380832672119
2021-02-18,3.554468870162964
2021-02-19,3.5127339363098145
2021-02-22,3.582292079925537
2021-02-23,3.5336005687713623
2021-02-24,3.568380832672119
2021-02-25,3.477954626083374
2021-02-26,3.415351390838623
2021-03-01,3.443174362182617
2021-03-02,3.4709959030151367
2021-03-03,3.4362173080444336
2021-03-04,3.401439666748047
2021-03-05,3.477954626083374
2021-03-08,3.4640426635742188
2021-03-09,3.4570839405059814
2021-03-10,3.4849112033843994
2021-03-11,3.4849112033843994
2021-03-12,3.4918675422668457
2021-03-15,3.5405569076538086
2021-03-16,3.5125691890716553
2021-03-17,3.533559560775757
2021-03-18,3.498575448989868
2021-03-19,3.50557279586792
2021-03-22,3.498575448989868
2021-03-23,3.4286019802093506
2021-03-24,3.463587760925293
2021-03-25,3.442596673965454
2021-03-26,3.491575241088867
2021-03-29,3.50557279586792
2021-03-30,3.4705848693847656
2021-03-31,3.5125691890716553
2021-04-01,3.5685462951660156
2021-04-05,3.5615477561950684
2021-04-06,3.631521463394165
2021-04-07,3.631521463394165
2021-04-08,3.659507989883423
2021-04-09,3.694495439529419
2021-04-12,3.7154860496520996
2021-04-13,3.736475944519043
2021-04-14,3.750471830368042
2021-04-15,3.778618335723877
2021-04-16,3.8067626953125
2021-04-19,3.7926909923553467
2021-04-20,3.764544725418091
2021-04-21,3.764544725418091
2021-04-22,3.6941795349121094
2021-04-23,3.715289354324341
2021-04-26,3.7715811729431152
2021-04-27,3.7926909923553467
2021-04-28,3.8067626953125
2021-04-29,3.820836305618286
2021-04-30,3.8067626953125
2021-05-03,3.8841640949249268
2021-05-04,3.848982810974121
2021-05-05,3.905275344848633
2021-05-06,3.9334216117858887
2021-05-07,3.9756393432617188
2021-05-10,3.9686031341552734
2021-05-11,3.9474940299987793
2021-05-12,3.919349193572998
2021-05-13,3.9547204971313477
2021-05-14,4.0254669189453125
2021-05-17,4.053765773773193
2021-05-18,4.0325422286987305
2021-05-19,3.9688704013824463
2021-05-20,4.053765773773193
2021-05-21,4.053765773773193
2021-05-24,4.124512672424316
2021-05-25,4.117438316345215
2021-05-26,4.0608415603637695
2021-05-27,4.131587982177734
2021-05-28,4.089138984680176
2021-06-01,4.131587982177734
2021-06-02,4.209408283233643
2021-06-03,4.131587982177734
2021-06-04,4.159887313842773
2021-06-07,4.17403507232666
2021-06-08,4.195258617401123
2021-06-09,4.1881842613220215
2021-06-10,4.216480731964111
2021-06-11,4.1457366943359375
2021-06-14,4.152811527252197
2021-06-15,4.09592342376709
2021-06-16,4.010592937469482
2021-06-17,3.882594585418701
2021-06-18,3.7901527881622314
2021-06-21,3.903927803039551
2021-06-22,3.953701972961426
2021-06-23,4.003481388092041
2021-06-24,4.0248122215271
2021-06-25,3.9821486473083496
2021-06-28,3.939483404159546
2021-06-29,3.8968162536621094
2021-06-30,3.8897056579589844
2021-07-01,3.925260066986084
2021-07-02,3.967926025390625
2021-07-06,3.953701972961426
2021-07-07,3.93237042427063
2021-07-08,3.911038875579834
2021-07-09,3.967926025390625
2021-07-12,3.868374824523926
2021-07-13,3.8541502952575684
2021-07-14,3.911038875579834
2021-07-15,3.911038875579834
2021-07-16,3.8609867095947266
2021-07-19,3.739438772201538
2021-07-20,3.7465879917144775
2021-07-21,3.7680375576019287
2021-07-22,3.7680375576019287
2021-07-23,3.782336711883545
2021-07-26,3.775188684463501
2021-07-27,3.775188684463501
2021-07-28,3.8252384662628174
2021-07-29,3.875288486480713
2021-07-30,3.8895890712738037
2021-08-02,3.832388162612915
2021-08-03,3.882438898086548
2021-08-04,3.853839159011841
2021-08-05,3.853839159011841
2021-08-06,3.789489507675171
2021-08-09,3.7680375576019287
2021-08-10,3.7680375576019287
2021-08-11,3.789489507675171
2021-08-12,3.810939073562622
2021-08-13,3.8252384662628174
2021-08-16,3.803666591644287
2021-08-17,3.810858964920044
2021-08-18,3.796478748321533
2021-08-19,3.7173829078674316
2021-08-20,3.724573850631714
2021-08-23,3.7605249881744385
2021-08-24,3.8180456161499023
2021-08-25,3.803666591644287
2021-08-26,3.803666591644287
2021-08-27,3.846808910369873
2021-08-30,3.846808910369873
2021-08-31,3.846808910369873
2021-09-01,3.8539984226226807
2021-09-02,3.846808910369873
2021-09-03,3.882761240005493
2021-09-07,3.8396189212799072
2021-09-08,3.8539984226226807
2021-09-09,3.8180456161499023
2021-09-10,3.846808910369873
2021-09-13,3.8971405029296875
2021-09-14,3.832428216934204
2021-09-15,3.868584632873535
2021-09-16,3.7890424728393555
2021-09-17,3.7239625453948975
2021-09-20,3.6444218158721924
2021-09-21,3.6371915340423584
2021-09-22,3.702270984649658
2021-09-23,3.731194496154785
2021-09-24,3.702270984649658
2021-09-27,3.731194496154785
2021-09-28,3.702270984649658
2021-09-29,3.629960536956787
2021-09-30,3.666116714477539
2021-10-01,3.6805779933929443
2021-10-04,3.6733458042144775
2021-10-05,3.731194496154785
2021-10-06,3.7384250164031982
2021-10-07,3.7384250164031982
2021-10-08,3.7456560134887695
2021-10-11,3.817967176437378
2021-10-12,3.7890424728393555
2021-10-13,3.8107352256774902
2021-10-14,3.8616409301757812
2021-10-15,3.854370594024658
2021-10-18,3.825279712677002
2021-10-19,3.8616409301757812
2021-10-20,3.868915557861328
2021-10-21,3.832552909851074
2021-10-22,3.898003339767456
2021-10-25,3.9998178482055664
2021-10-26,3.9561827182769775
2021-10-27,3.934365749359131
2021-10-28,3.934365749359131
2021-10-29,3.905277729034424
2021-11-01,3.9198226928710938
2021-11-02,3.8470983505249023
2021-11-03,3.868915557861328
2021-11-04,3.868915557861328
2021-11-05,3.9198226928710938
2021-11-08,3.963456153869629
2021-11-09,3.934365749359131
2021-11-10,3.9707283973693848
2021-11-11,4.02890682220459
2021-11-12,4.028907299041748
2021-11-15,4.072780609130859
2021-11-16,4.072780609130859
2021-11-17,4.036218643188477
2021-11-18,4.036218643188477
2021-11-19,3.9265406131744385
2021-11-22,3.904602527618408
2021-11-23,3.8972911834716797
2021-11-24,3.9265406131744385
2021-11-26,3.8387951850891113
2021-11-29,3.8387951850891113
2021-11-30,3.8241703510284424
2021-12-01,3.7583630084991455
2021-12-02,3.751051902770996
2021-12-03,3.7364275455474854
2021-12-06,3.7437403202056885
2021-12-07,3.7949235439300537
2021-12-08,3.809546709060669
2021-12-09,3.787484645843506
2021-12-10,3.743359088897705
2021-12-13,3.758066177368164
2021-12-14,3.7286503314971924
2021-12-15,3.743359088897705
2021-12-16,3.787484645843506
2021-12-17,3.8095462322235107
2021-12-20,3.7654221057891846
2021-12-21,3.82425594329834
2021-12-22,3.8463194370269775
2021-12-23,3.927217721939087
2021-12-27,3.9345712661743164
2021-12-28,3.9345712661743164
2021-12-29,3.912508487701416
2021-12-30,3.9198622703552246
2021-12-31,3.9345712661743164
2022-01-03,3.9713447093963623
2022-01-04,3.9934072494506836
2022-01-05,3.978695869445801
2022-01-06,3.956634521484375
2022-01-07,3.956634521484375
2022-01-10,3.9860517978668213
2022-01-11,4.022822380065918
2022-01-12,4.022822380065918
2022-01-13,4.022822856903076
2022-01-14,3.9932451248168945
2022-01-18,3.9562699794769287
2022-01-19,3.9858486652374268
2022-01-20,3.926690101623535
2022-01-21,3.80837082862854
2022-01-24,3.79358172416687
2022-01-25,3.80837082862854
2022-01-26,3.7861852645874023
2022-01-27,3.800976037979126
2022-01-28,3.79358172416687
2022-01-31,3.823162078857422
2022-02-01,3.8749260902404785
2022-02-02,3.8971102237701416
2022-02-03,3.837951421737671
2022-02-04,3.845344305038452
2022-02-07,3.882319688796997
2022-02-08,3.9118998050689697
2022-02-09,3.9414782524108887
2022-02-10,3.911734104156494
2022-02-11,3.9786641597747803
2022-02-14,3.8968584537506104
2022-02-15,3.881986618041992
2022-02-16,3.9637887477874756
2022-02-17,4.0232834815979
2022-02-18,4.0084099769592285
2022-02-22,3.9340429306030273
2022-02-23,3.9712278842926025
2022-02-24,3.941479206085205
2022-02-25,3.9786641597747803
2022-02-28,4.000974178314209
2022-03-01,4.07534122467041
2022-03-02,4.08277702331543
2022-03-03,4.112526893615723
2022-03-04,4.224075794219971
2022-03-07,4.231513023376465
2022-03-08,4.149709224700928
2022-03-09,4.112526893615723
2022-03-10,4.134833812713623
2022-03-11,4.119960784912109
2022-03-14,3.9340429306030273
2022-03-15,3.9637887477874756
2022-03-16,4.016141414642334
2022-03-17,4.1731977462768555
2022-03-18,4.158238887786865
2022-03-21,4.225549221038818
2022-03-22,4.300336837768555
2022-03-23,4.2779011726379395
2022-03-24,4.262942790985107
2022-03-25,4.2853803634643555
2022-03-28,4.233026027679443
2022-03-29,4.2031121253967285
2022-03-30,4.2031121253967285
2022-03-31,4.18067741394043
2022-04-01,4.255465507507324
2022-04-04,4.2779011726379395
2022-04-05,4.262942790985107
2022-04-06,4.262942790985107
2022-04-07,4.270423412322998
2022-04-08,4.2928595542907715
2022-04-11,4.2779011726379395
2022-04-12,4.2928595542907715
2022-04-13,4.307895183563232
2022-04-14,4.307895183563232
2022-04-18,4.337968826293945
2022-04-19,4.353003025054932
2022-04-20,4.36052131652832
2022-04-21,4.330450057983398
2022-04-22,4.180086612701416
2022-04-25,4.074831962585449
2022-04-26,4.029724597930908
2022-04-27,4.022206783294678
2022-04-28,4.074831962585449
2022-04-29,4.029724597930908
2022-05-02,4.037242889404297
2022-05-03,4.052278518676758
2022-05-04,4.112422943115234
2022-05-05,4.059797763824463
2022-05-06,4.082350730895996
2022-05-09,3.8943984508514404
2022-05-10,3.841771125793457
2022-05-11,3.826735019683838
2022-05-12,3.8342511653900146
2022-05-13,3.8191280364990234
2022-05-16,3.841815233230591
2022-05-17,3.9250054359436035
2022-05-18,3.8569390773773193
2022-05-19,3.9174416065216064
2022-05-20,3.894754409790039
2022-05-23,3.9552559852600098
2022-05-24,3.9779443740844727
2022-05-25,3.9779443740844727
2022-05-26,3.9855058193206787
2022-05-27,4.023317337036133
2022-05-31,4.015754699707031
2022-06-01,4.023317337036133
2022-06-02,4.0686936378479
2022-06-03,4.030882358551025
2022-06-06,4.091380596160889
2022-06-07,4.098943710327148
2022-06-08,4.06113338470459
2022-06-09,4.030882358551025
2022-06-10,4.053569316864014
2022-06-13,3.8796277046203613
2022-06-14,3.833984851837158
2022-06-15,3.841593027114868
2022-06-16,3.7350924015045166
2022-06-17,3.704664707183838
2022-06-21,3.719878911972046
2022-06-22,3.6894493103027344
2022-06-23,3.5981650352478027
2022-06-24,3.643808603286743
2022-06-27,3.666630268096924
2022-06-28,3.6514151096343994
2022-06-29,3.643808603286743
2022-06-30,3.567737340927124
2022-07-01,3.5981650352478027
2022-07-05,3.5144855976104736
2022-07-06,3.4840588569641113
2022-07-07,3.5373077392578125
2022-07-08,3.5525238513946533
2022-07-11,3.5373077392578125
2022-07-12,3.506880521774292
2022-07-13,3.5144855976104736
2022-07-14,3.4455740451812744
2022-07-15,3.453232526779175
2022-07-18,3.476203203201294
2022-07-19,3.5068297386169434
2022-07-20,3.4838597774505615
2022-07-21,3.514486074447632
2022-07-22,3.499173641204834
2022-07-25,3.476203203201294
2022-07-26,3.460890054702759
2022-07-27,3.5297999382019043
2022-07-28,3.575741767883301
2022-07-29,3.6293394565582275
2022-08-01,3.6293394565582275
2022-08-02,3.6369950771331787
2022-08-03,3.621683120727539
2022-08-04,3.6293394565582275
2022-08-05,3.614025354385376
2022-08-08,3.6599647998809814
2022-08-09,3.6905946731567383
2022-08-10,3.721222400665283
2022-08-11,3.7518482208251953
2022-08-12,3.7748196125030518
2022-08-15,3.7365355491638184
2022-08-16,3.7519431114196777
2022-08-17,3.690309524536133
2022-08-18,3.690309524536133
2022-08-19,3.667198419570923
2022-08-22,3.644085168838501
2022-08-23,3.6826045513153076
2022-08-24,3.698014259338379
2022-08-25,3.7442383766174316
2022-08-26,3.6594936847686768
2022-08-29,3.644085168838501
2022-08-30,3.5439302921295166
2022-08-31,3.5362253189086914
2022-09-01,3.482297658920288
2022-09-02,3.520817756652832
2022-09-06,3.513113260269165
2022-09-07,3.513113260269165
2022-09-08,3.559337854385376
2022-09-09,3.6363813877105713
2022-09-12,3.667198419570923
2022-09-13,3.5747463703155518
2022-09-14,3.597860336303711
2022-09-15,3.535827398300171
2022-09-16,3.4970574378967285
2022-09-19,3.489302158355713
2022-09-20,3.4815492630004883
2022-09-21,3.442779541015625
2022-09-22,3.458287239074707
2022-09-23,3.310960531234741
2022-09-26,3.217913866043091
2022-09-27,3.2411742210388184
2022-09-28,3.318715810775757
2022-09-29,3.303208589553833
2022-09-30,3.194650888442993
2022-10-03,3.341977834701538
2022-10-04,3.442779541015625
2022-10-05,3.466041088104248
2022-10-06,3.473795175552368
2022-10-07,3.435025453567505
2022-10-10,3.411764144897461
2022-10-11,3.388500928878784
2022-10-12,3.3807475566864014
2022-10-13,3.3962559700012207
2022-10-14,3.310373067855835
2022-10-17,3.318180799484253
2022-10-18,3.333794355392456
2022-10-19,3.310373067855835
2022-10-20,3.318180799484253
2022-10-21,3.3806395530700684
2022-10-24,3.365025758743286
2022-10-25,3.466522216796875
2022-10-26,3.4509079456329346
2022-10-27,3.466522216796875
2022-10-28,3.466522216796875
2022-10-31,3.5055601596832275
2022-11-01,3.5445973873138428
2022-11-02,3.4821372032165527
2022-11-03,3.4977524280548096
2022-11-04,3.5758273601531982
2022-11-07,3.5680198669433594
2022-11-08,3.6304798126220703
2022-11-09,3.583634853363037
2022-11-10,3.6773245334625244
2022-11-11,3.7397842407226562
2022-11-14,3.716214895248413
2022-11-15,3.763355255126953
2022-11-16,3.7712130546569824
2022-11-17,3.755498170852661
2022-11-18,3.7712130546569824
2022-11-21,3.794780969619751
2022-11-22,3.841921091079712
2022-11-23,3.849778890609741
2022-11-25,3.8654918670654297
2022-11-28,3.810492992401123
2022-11-29,3.8890624046325684
2022-11-30,3.912632703781128
2022-12-01,4.022624969482422
2022-12-02,3.9833414554595947
2022-12-05,3.912632703781128
2022-12-06,3.9283456802368164
2022-12-07,4.030481338500977
2022-12-08,4.014675140380859
2022-12-09,3.975161552429199
2022-12-12,3.967259645462036
2022-12-13,4.046288013458252
2022-12-14,4.046288013458252
2022-12-15,4.014675140380859
2022-12-16,3.990966796875
2022-12-19,3.9593563079833984
2022-12-20,4.014675140380859
2022-12-21,4.014675140380859
2022-12-22,3.9514541625976562
2022-12-23,3.967259645462036
2022-12-27,4.014675140380859
2022-12-28,3.975161552429199
2022-12-29,3.9988694190979004
2022-12-30,4.046288013458252
2023-01-03,4.093704700469971
2023-01-04,4.101609706878662
2023-01-05,4.12531852722168
2023-01-06,4.243861198425293
2023-01-09,4.180638313293457
2023-01-10,4.204346656799316
2023-01-11,4.180638313293457
2023-01-12,4.196442604064941
2023-01-13,4.180548191070557
2023-01-17,4.148757457733154
2023-01-18,4.140809059143066
2023-01-19,4.156705856323242
2023-01-20,4.220287322998047
2023-01-23,4.204390525817871
2023-01-24,4.212338447570801
2023-01-25,4.212338447570801
2023-01-26,4.228234767913818
2023-01-27,4.18849515914917
2023-01-30,4.196442127227783
2023-01-31,4.212338447570801
2023-02-01,4.23618221282959
2023-02-02,4.180548191070557
2023-02-03,4.172599792480469
2023-02-06,4.101070404052734
2023-02-07,4.180548191070557
2023-02-08,4.124914646148682
2023-02-09,4.0931220054626465
2023-02-10,4.125100135803223
2023-02-13,4.125100135803223
2023-02-14,4.109111785888672
2023-02-15,4.101114749908447
2023-02-16,4.077134132385254
2023-02-17,4.037160873413086
2023-02-21,4.069138526916504
2023-02-22,4.013178825378418
2023-02-23,4.037160873413086
2023-02-24,4.005183219909668
2023-02-27,4.037160873413086
2023-02-28,4.053149223327637
2023-03-01,4.109111785888672
2023-03-02,4.093122482299805
2023-03-03,4.125100135803223
2023-03-06,4.085127830505371
2023-03-07,4.021172523498535
2023-03-08,4.021172523498535
2023-03-09,3.997189521789551
2023-03-10,3.997189521789551
2023-03-13,3.9572174549102783
2023-03-14,4.021172523498535
2023-03-15,3.9412293434143066
2023-03-16,3.9170989990234375
2023-03-17,3.981445550918579
2023-03-20,4.013617992401123
2023-03-21,4.005575180053711
2023-03-22,3.997530937194824
2023-03-23,4.005575180053711
2023-03-24,4.037749290466309
2023-03-27,4.037749290466309
2023-03-28,4.150356292724609
2023-03-29,4.118182182312012
2023-03-30,4.206659317016602
2023-03-31,4.17448616027832
2023-04-03,4.230788707733154
2023-04-04,4.230788707733154
2023-04-05,4.214702129364014
2023-04-06,4.206659317016602
2023-04-10,4.214702129364014
2023-04-11,4.246873378753662
2023-04-12,4.254917621612549
2023-04-13,4.335810661315918
2023-04-14,4.2791852951049805
2023-04-17,4.2872748374938965
2023-04-18,4.2872748374938965
2023-04-19,4.23874044418335
2023-04-20,4.2791852951049805
2023-04-21,4.230651378631592
2023-04-24,4.206381320953369
2023-04-25,4.165936470031738
2023-04-26,4.165936470031738
2023-04-27,4.222562313079834
2023-04-28,4.214473724365234
2023-05-01,4.1982951164245605
2023-05-02,4.190204620361328
2023-05-03,4.190204620361328
2023-05-04,4.214473724365234
2023-05-05,4.1982951164245605
2023-05-08,4.263007164001465
2023-05-09,4.254918098449707
2023-05-10,4.117402076721191
2023-05-11,4.141669273376465
2023-05-12,4.165936470031738
2023-05-15,4.206620693206787
2023-05-16,4.157800674438477
2023-05-17,4.174072742462158
2023-05-18,4.165936470031738
2023-05-19,4.182210922241211
2023-05-22,4.084571838378906
2023-05-23,4.052024841308594
2023-05-24,4.027616500854492
2023-05-25,3.978794813156128
2023-05-26,3.938112735748291
2023-05-30,3.8892924785614014
2023-05-31,3.8811559677124023
2023-06-01,3.929974317550659
2023-06-02,3.946247100830078
2023-06-05,3.962522506713867
2023-06-06,4.0113420486450195
2023-06-07,4.043888568878174
2023-06-08,4.084571838378906
2023-06-09,4.100844860076904
2023-06-12,4.1252546310424805
2023-06-13,4.182210922241211
2023-06-14,4.190395355224609
2023-06-15,4.198577880859375
2023-06-16,4.231316566467285
2023-06-20,4.059444904327393
2023-06-21,4.059444904327393
2023-06-22,4.051260948181152
2023-06-23,4.067629337310791
2023-06-26,4.0758137702941895
2023-06-27,4.067629337310791
2023-06-28,4.059444904327393
2023-06-29,4.100366115570068
2023-06-30,4.1085524559021
2023-07-03,4.1740264892578125
2023-07-05,4.1085524559021
2023-07-06,4.0348920822143555
2023-07-07,4.100366115570068
2023-07-10,4.0839972496032715
2023-07-11,4.1331048011779785
2023-07-12,4.1740264892578125
2023-07-13,4.214946746826172
2023-07-14,4.198483943939209
2023-07-17,4.223178863525391
2023-07-18,4.3055033683776855
2023-07-19,4.289039611816406
2023-07-20,4.256109714508057
2023-07-21,4.264340877532959
2023-07-24,4.2808051109313965
2023-07-25,4.354897499084473
2023-07-26,4.330201148986816
2023-07-27,4.256109714508057
2023-07-28,4.264340877532959
2023-07-31,4.354897499084473
2023-08-01,4.2725749015808105
2023-08-02,4.182018280029297
2023-08-03,4.21494722366333
2023-08-04,4.256109714508057
2023-08-07,4.231412887573242
2023-08-08,4.239644527435303
2023-08-09,4.264340877532959
2023-08-10,4.289039611816406
2023-08-11,4.2808051109313965
2023-08-14,4.297271251678467
2023-08-15,4.2478766441345215
2023-08-16,4.181632995605469
2023-08-17,4.165071964263916
2023-08-18,4.148510456085205
2023-08-21,4.181632995605469
2023-08-22,4.1981940269470215
2023-08-23,4.297560214996338
2023-08-24,4.148510456085205
2023-08-25,4.1981940269470215
2023-08-28,4.189912796020508
2023-08-29,4.280998229980469
2023-08-30,4.264437675476074
2023-08-31,4.239595890045166
2023-09-01,4.231315612792969
2023-09-05,4.22303581237793
2023-09-06,4.1981940269470215
2023-09-07,4.1733527183532715
2023-09-08,4.165071964263916
2023-09-11,4.22303581237793
2023-09-12,4.148510456085205
2023-09-13,4.1236701011657715
2023-09-14,4.165323734283447
2023-09-15,4.165323734283447
2023-09-18,4.156991958618164
2023-09-19,4.181985378265381
2023-09-20,4.165323734283447
2023-09-21,4.132000923156738
2023-09-22,4.156991958618164
2023-09-25,4.165323734283447
2023-09-26,4.073685169219971
2023-09-27,4.181985378265381
2023-09-28,4.115340709686279
2023-09-29,4.115340709686279
2023-10-02,4.040362358093262
2023-10-03,3.9487268924713135
2023-10-04,3.9154038429260254
2023-10-05,3.8820807933807373
2023-10-06,3.9570579528808594
2023-10-09,4.007040500640869
2023-10-10,4.040362358093262
2023-10-11,4.1070098876953125
2023-10-12,4.090346336364746
2023-10-13,4.156991958618164
2023-10-16,4.148612022399902
2023-10-17,4.1569929122924805
2023-10-18,4.1653733253479
2023-10-19,4.106706619262695
2023-10-20,4.106706619262695
2023-10-23,4.048038005828857
2023-10-24,4.05642032623291
2023-10-25,3.9977529048919678
2023-10-26,3.9390859603881836
2023-10-27,3.9390859603881836
2023-10-30,3.888798475265503
2023-10-31,3.855275869369507
2023-11-01,3.855275869369507
2023-11-02,3.9474663734436035
2023-11-03,4.006134033203125
2023-11-06,3.9809913635253906
2023-11-07,3.955848455429077
2023-11-08,3.9390859603881836
2023-11-09,3.92232346534729
2023-11-10,3.9390859603881836
2023-11-13,3.92232346534729
2023-11-14,4.107895374298096
2023-11-15,4.082590579986572
2023-11-16,4.057284832000732
2023-11-17,4.057284832000732
2023-11-20,4.065721035003662
2023-11-21,4.082590579986572
2023-11-22,4.0910258293151855
2023-11-24,4.124765872955322
2023-11-27,4.141636371612549
2023-11-28,4.234422206878662
2023-11-29,4.225986003875732
2023-11-30,4.259728908538818
2023-12-01,4.2765984535217285
2023-12-04,4.251291751861572
2023-12-05,4.183811187744141
2023-12-06,4.192246437072754
2023-12-07,4.183811187744141
2023-12-08,4.200682163238525
2023-12-11,4.192246437072754
2023-12-12,4.183811187744141
2023-12-13,4.242857933044434
2023-12-14,4.33620023727417
2023-12-15,4.302258014678955
2023-12-18,4.344686508178711
2023-12-19,4.370142936706543
2023-12-20,4.353172779083252
2023-12-21,4.361658096313477
2023-12-22,4.404087066650391
2023-12-26,4.421058177947998
2023-12-27,4.412571907043457
2023-12-28,4.421058177947998
2023-12-29,4.361658096313477
2024-01-02,4.370142936706543
2024-01-03,4.505914211273193
2024-01-04,4.522886753082275
2024-01-05,4.539857387542725
2024-01-08,4.446514129638672
2024-01-09,4.361658096313477
2024-01-10,4.353172779083252
2024-01-11,4.319228649139404
2024-01-12,4.353172779083252
2024-01-16,4.301957607269287
2024-01-17,4.250744342803955
2024-01-18,4.225137233734131
2024-01-19,4.2166008949279785
2024-01-22,4.190994739532471
2024-01-23,4.208066940307617
2024-01-24,4.225137233734131
2024-01-25,4.225137233734131
2024-01-26,4.242208003997803
2024-01-29,4.242208003997803
2024-01-30,4.225137233734131
2024-01-31,4.225137233734131
2024-02-01,4.276350975036621
2024-02-02,4.259279727935791
2024-02-05,4.2166008949279785
2024-02-06,4.199530601501465
2024-02-07,4.182459354400635
2024-02-08,4.182459354400635
2024-02-09,4.165389060974121
2024-02-12,4.225137233734131
2024-02-13,4.173611164093018
2024-02-14,4.242313385009766
2024-02-15,4.199374675750732
2024-02-16,4.199374675750732
2024-02-20,4.182198524475098
2024-02-21,4.199374675750732
2024-02-22,4.190786361694336
2024-02-23,4.182198524475098
2024-02-26,4.156436920166016
2024-02-27,4.156436920166016
2024-02-28,4.139260768890381
2024-02-29,4.182198524475098
2024-03-01,4.242313385009766
2024-03-04,4.276662349700928
2024-03-05,4.285250663757324
2024-03-06,4.302426338195801
2024-03-07,4.336777687072754
2024-03-08,4.336777687072754
2024-03-11,4.362540245056152
2024-03-12,4.371128559112549
2024-03-13,4.3970441818237305
2024-03-14,4.37976598739624
2024-03-15,4.37976598739624
2024-03-18,4.371127128601074
2024-03-19,4.353850364685059
2024-03-20,4.41431999206543
2024-03-21,4.422959804534912
2024-03-22,4.4056806564331055
2024-03-25,4.422959804534912
2024-03-26,4.41431999206543
2024-03-27,4.474790573120117
2024-03-28,4.500706195831299
2024-04-01,4.500706195831299
2024-04-02,4.5352606773376465
2024-04-03,4.569815158843994
2024-04-04,4.595730781555176
2024-04-05,4.638923168182373
2024-04-08,4.638923168182373
2024-04-09,4.638923168182373
2024-04-10,4.656200408935547
2024-04-11,4.664841175079346
2024-04-12,4.630285263061523
2024-04-15,4.552100658416748
2024-04-16,4.508663654327393
2024-04-17,4.560787200927734
2024-04-18,4.543414115905762
2024-04-19,4.578161716461182
2024-04-22,4.543414115905762
2024-04-23,4.560787200927734
2024-04-24,4.534724712371826
2024-04-25,4.578161716461182
2024-04-26,4.595536231994629
2024-04-29,4.586848735809326
2024-04-30,4.508663654327393
2024-05-01,4.569476127624512
2024-05-02,4.569476127624512
2024-05-03,4.578161716461182
2024-05-06,4.612910747528076
2024-05-07,4.604225158691406
2024-05-08,4.638972759246826
2024-05-09,4.699782371520996
2024-05-10,4.699782371520996
2024-05-13,4.665035247802734
2024-05-14,4.725844860076904
2024-05-15,4.743314743041992
2024-05-16,4.708373546600342
2024-05-17,4.795727729797363
2024-05-20,4.78699254989624
2024-05-21,4.778256893157959
2024-05-22,4.752050876617432
2024-05-23,4.725843906402588
2024-05-24,4.725843906402588
2024-05-28,4.78699254989624
2024-05-29,4.717109203338623
2024-05-30,4.795727729797363
2024-05-31,4.769522190093994
2024-06-03,4.795727729797363
2024-06-04,4.743314743041992
2024-06-05,4.778256893157959
2024-06-06,4.821933746337891
2024-06-07,4.821933746337891
2024-06-10,4.8044633865356445
2024-06-11,4.795727729797363
2024-06-12,4.78699254989624
2024-06-13,4.7694244384765625
2024-06-14,4.664022445678711
2024-06-17,4.655240535736084
2024-06-18,4.664022445678711
2024-06-20,4.743074893951416
2024-06-21,4.725508689880371
2024-06-24,4.795775890350342
2024-06-25,4.7694244384765625
2024-06-26,4.7606425285339355
2024-06-27,4.813342094421387
2024-06-28,4.8221259117126465
2024-07-01,4.857259273529053
2024-07-02,4.866043567657471
2024-07-03,4.945095062255859
2024-07-05,4.92752742767334
2024-07-08,4.936310768127441
2024-07-09,4.936310768127441
2024-07-10,4.936310768127441
2024-07-11,4.9626617431640625
2024-07-12,4.989010810852051
2024-07-15,4.989010810852051
2024-07-16,4.997796058654785
2024-07-17,5.006626605987549
2024-07-18,4.962474822998047
2024-07-19,4.9271559715271
2024-07-22,4.918326377868652
2024-07-23,4.891835689544678
2024-07-24,4.918326377868652
2024-07-25,4.891835689544678
2024-07-26,4.935986042022705
2024-07-29,4.891835689544678
2024-07-30,4.918326377868652
2024-07-31,4.944815635681152
2024-08-01,4.988965034484863
2024-08-02,4.865345001220703
2024-08-05,4.715234279632568
2024-08-06,4.794704437255859
2024-08-07,4.821194648742676
2024-08-08,4.865345001220703
2024-08-09,4.944815635681152
2024-08-12,4.944815635681152
2024-08-13,4.980135440826416
2024-08-14,4.971305847167969
2024-08-15,5.077265739440918
2024-08-16,5.050636291503906
2024-08-19,5.086142539978027
2024-08-20,5.068390369415283
2024-08-21,5.09501838684082
2024-08-22,5.077266693115234
2024-08-23,5.112771987915039
2024-08-26,5.157153129577637
2024-08-27,5.09501838684082
2024-08-28,5.059513092041016
2024-08-29,5.201534271240234
2024-08-30,5.183782577514648
2024-09-03,5.130523204803467
2024-09-04,5.130523204803467
2024-09-05,5.059513092041016
2024-09-06,5.050636291503906
2024-09-09,5.059513092041016
2024-09-10,5.024007320404053
2024-09-11,5.024007320404053
2024-09-12,5.09501838684082
2024-09-13,5.139400005340576
2024-09-16,5.210781574249268
2024-09-17,5.264315128326416
2024-09-18,5.291083812713623
2024-09-19,5.380309581756592
2024-09-20,5.3446197509765625
2024-09-23,5.3446197509765625
2024-09-24,5.407077312469482
2024-09-25,5.371387004852295
2024-09-26,5.255393981933594
2024-09-27,5.246471405029297
2024-09-30,5.237547874450684
2024-10-01,5.291083812713623
2024-10-02,5.291083812713623
2024-10-03,5.291083812713623
2024-10-04,5.317851543426514
2024-10-07,5.335696697235107
2024-10-08,5.487381458282471
2024-10-09,5.380309581756592
2024-10-10,5.416000843048096
2024-10-11,5.407077312469482
2024-10-14,5.3981547355651855
2024-10-15,5.362464904785156
2024-10-16,5.3981547355651855
2024-10-17,5.281390190124512
2024-10-18,5.389172554016113
2024-10-21,5.326299667358398
2024-10-22,5.380190849304199
2024-10-23,5.3352813720703125
2024-10-24,5.34426212310791
2024-10-25,5.299353122711182
2024-10-28,5.299353122711182
2024-10-29,5.263425350189209
2024-10-30,5.308334827423096
2024-10-31,5.245461940765381
2024-11-01,5.182587146759033
2024-11-04,5.245461940765381
2024-11-05,5.254443168640137
2024-11-06,5.317317008972168
2024-11-07,5.2274980545043945
2024-11-08,5.23647928237915
2024-11-11,5.182587146759033
2024-11-12,5.065823078155518
2024-11-13,5.047858715057373
2024-11-14,5.029765605926514
2024-11-15,5.102136135101318
2024-11-18,5.1745076179504395
2024-11-19,5.1564154624938965
2024-11-20,5.1745076179504395
2024-11-21,5.201646327972412
2024-11-22,5.264971733093262
2024-11-25,5.274017810821533
2024-11-26,5.264971733093262
2024-11-27,5.264971733093262
2024-11-29,5.33734130859375
2024-12-02,5.274017810821533
2024-12-03,5.264971733093262
2024-12-04,5.264971733093262
2024-12-05,5.201646327972412
2024-12-06,5.274017810821533
2024-12-09,5.274017810821533
2024-12-10,5.310202121734619
2024-12-11,5.33734130859375
2024-12-12,5.310202121734619
2024-12-13,5.328419208526611
2024-12-16,5.246443271636963
2024-12-17,5.03695011138916
2024-12-18,4.954975128173828
2024-12-19,4.900323390960693
2024-12-20,4.945865631103516
2024-12-23,4.891215801239014
2024-12-24,4.927649021148682
2024-12-26,4.936758041381836
2024-12-27,4.818348407745361
2024-12-30,4.791023254394531
2024-12-31,4.818348407745361
2025-01-02,4.891215801239014
2025-01-03,4.918541431427002
2025-01-06,4.964083671569824
2025-01-07,5.00962495803833
2025-01-08,5.000515937805176
2025-01-10,5.055167198181152
2025-01-13,5.11892557144165
2025-01-14,5.109817028045654
2025-01-15,5.228226661682129
2025-01-16,5.246571063995361
2025-01-17,5.301605224609375
2025-01-21,5.255743503570557
2025-01-22,5.283260822296143
2025-01-23,5.301605224609375
2025-01-24,5.329122066497803
2025-01-27,5.237399578094482
2025-01-28,5.264915466308594
2025-01-29,5.2098822593688965
2025-01-30,5.31077766418457
2025-01-31,5.274088382720947
2025-02-03,5.301605224609375
2025-02-04,5.31077766418457
2025-02-05,5.356639385223389
2025-02-06,5.374985218048096
2025-02-07,5.384156227111816
2025-02-10,5.39332914352417
2025-02-11,5.39332914352417
2025-02-12,5.384156227111816
2025-02-13,5.374921798706055
2025-02-14,5.4026265144348145
2025-02-18,5.411862850189209
2025-02-19,5.411862850189209
2025-02-20,5.448803424835205
2025-02-21,5.430332660675049
2025-02-24,5.4210968017578125
2025-02-25,5.374921798706055
2025-02-26,5.411862850189209
2025-02-27,5.35645055770874
2025-02-28,5.374921798706055
2025-03-03,5.374921798706055
2025-03-04,5.337980270385742
2025-03-05,5.374921798706055
2025-03-06,5.337980270385742
2025-03-07,5.430332660675049
2025-03-10,5.35645055770874
2025-03-11,5.393392086029053
2025-03-12,5.4026265144348145
2025-03-13,5.411862850189209
2025-03-14,5.458037376403809
2025-03-17,5.495230197906494
2025-03-18,5.495230197906494
2025-03-19,5.523126125335693
2025-03-20,5.504528999328613
2025-03-21,5.48593282699585
2025-03-24,5.532424449920654
2025-03-25,5.523126125335693
2025-03-26,5.560318470001221
2025-03-27,5.597511291503906
2025-03-28,5.61610746383667
2025-03-31,5.662599086761475
2025-04-01,5.6533002853393555
2025-04-02,5.662599086761475
2025-04-03,5.588212966918945
2025-04-04,5.151198387145996
2025-04-07,4.9466376304626465
2025-04-08,4.9466376304626465
2025-04-09,5.272074222564697
2025-04-10,5.272074222564697
2025-04-11,5.504528999328613
2025-04-14,5.523126125335693
2025-04-15,5.626099586486816
2025-04-16,5.626099586486816
2025-04-17,5.607376575469971
2025-04-21,5.569931507110596
2025-04-22,5.5792927742004395
2025-04-23,5.551209449768066
2025-04-24,5.598014831542969
2025-04-25,5.56057071685791
2025-04-28,5.616737365722656
2025-04-29,5.598014831542969
2025-04-30,5.56057071685791
2025-05-01,5.532486915588379
2025-05-02,5.5792927742004395
2025-05-05,5.588653564453125
2025-05-06,5.644822120666504
2025-05-07,5.626099586486816
2025-05-08,5.635460376739502
2025-05-09,5.7571563720703125
2025-05-12,5.6541829109191895
2025-05-13,5.738433837890625
2025-05-14,5.598014831542969
2025-05-15,5.682833194732666
2025-05-16,5.626287460327148
2025-05-19,5.701682090759277
2025-05-20,5.729955196380615
2025-05-21,5.76765251159668
2025-05-22,5.76765251159668
2025-05-23,5.852470874786377
2025-05-27,5.814774036407471
2025-05-28,5.814774036407471
2025-05-29,5.833621978759766
2025-05-30,5.843046188354492
2025-06-02,6.0221076011657715
2025-06-03,5.984410285949707
2025-06-04,6.050380229949951
2025-06-05,6.050380229949951
2025-06-06,5.984410285949707
2025-06-09,6.031531810760498
2025-06-10,6.031531810760498
2025-06-11,6.078652858734131
2025-06-12,6.182320594787598
2025-06-13,6.182320594787598
2025-06-16,6.17283821105957
2025-06-17,6.1443915367126465
2025-06-18,6.153873443603516
2025-06-20,6.12542724609375
2025-06-23,6.115945339202881
2025-06-24,5.964231967926025
2025-06-25,5.907339572906494
2025-06-26,5.992678165435791
2025-06-27,5.888375759124756
2025-06-30,5.964231967926025
2025-07-01,6.002160549163818
2025-07-02,6.153873443603516
2025-07-03,6.17283821105957
2025-07-07,6.10646390914917
2025-07-08,6.040088653564453
2025-07-09,6.10646390914917
2025-07-10,6.087498664855957
2025-07-11,6.115945339202881
2025-07-14,6.096981048583984
2025-07-15,6.040088653564453
2025-07-16,6.0495710372924805
2025-07-17,6.059112548828125
2025-07-18,6.040029048919678
2025-07-21,6.116364002227783
2025-07-22,6.173614978790283
2025-07-23,6.164073944091797
2025-07-24,6.144989967346191
2025-07-25,6.154531955718994
2025-07-28,6.0972795486450195
2025-07-29,6.1068220138549805
2025-07-30,6.020945072174072
2025-07-31,6.001861095428467
2025-08-01,5.982777118682861
2025-08-04,6.0686540603637695
2025-08-05,6.164073944091797
2025-08-06,6.183157444000244
2025-08-07,6.221324920654297
2025-08-08,6.230867385864258
2025-08-11,6.221324920654297
2025-08-12,6.230867385864258
2025-08-13,6.240408897399902
2025-08-14,6.221324920654297
2025-08-15,6.250127792358398
2025-08-18,6.2405266761779785
2025-08-19,6.202123641967773
2025-08-20,6.25972843170166
2025-08-21,6.298131942749023
2025-08-22,6.3845391273498535
2025-08-25,6.34613561630249
2025-08-26,6.403740406036377
2025-08-27,6.422942161560059
2025-08-28,6.422942161560059
2025-08-29,6.557353496551514
2025-09-02,6.586155891418457
2025-09-03,6.595756530761719
2025-09-04,6.595756530761719
2025-09-05,6.6149582862854
2025-09-08,6.682163238525391
2025-09-09,6.643760681152344
2025-09-10,6.672562599182129
2025-09-11,6.720567226409912
2025-09-12,6.730167865753174
2025-09-15,6.720567226409912
2025-09-16,6.681943416595459
2025-09-17,6.652975559234619
2025-09-18,6.652975559234619
2025-09-19,6.691599369049072
2025-09-22,6.759191513061523
2025-09-23,6.788159370422363
2025-09-24,6.788159370422363
2025-09-25,6.759191513061523
2025-09-26,6.759191513061523
2025-09-29,6.807471752166748
2025-09-30,6.788159370422363
2025-10-01,6.846095085144043
2025-10-02,6.797814846038818
2025-10-03,6.8654069900512695
2025-10-06,6.904031276702881
2025-10-07,6.8654069900512695
2025-10-08,6.952311038970947
2025-10-09,6.817127227783203
2025-10-10,6.768847465515137
2025-10-13,6.904031276702881
2025-10-14,6.83643913269043
2025-10-15,6.9619669914245605
2025-10-16,6.942654609680176
2025-10-17,6.709288120269775
2025-10-20,6.845418930053711
2025-10-21,6.6217756271362305
2025-10-22,6.650946617126465
2025-10-23,6.74818229675293
2025-10-24,6.72873592376709
2025-10-27,6.631499767303467
2025-10-28,6.670393943786621
2025-10-29,6.631499767303467
2025-10-30,6.670393943786621
2025-10-31,6.650946617126465
2025-11-03,6.709288120269775
2025-11-04,6.5537109375
2025-11-05,6.602328777313232
2025-11-06,6.56343412399292
2025-11-07,6.767629623413086
2025-11-10,6.9134840965271
2025-11-11,6.942654132843018
2025-11-12,7.039890766143799
2025-11-13,6.755945682525635
2025-11-14,6.844066143035889
2025-11-17,6.824483871459961
2025-11-18,6.9028143882751465
2025-11-19,6.8832316398620605
2025-11-20,6.746153831481934
2025-11-21,6.804901599884033
2025-11-24,6.912605285644531
2025-11-25,6.951769828796387
2025-11-26,7.0692644119262695
2025-11-28,7.098638534545898
2025-12-01,7.137803077697754
2025-12-02,7.0790557861328125
2025-12-03,7.128012180328369
2025-12-04,7.137803077697754
2025-12-05,7.128012180328369
2025-12-08,7.098638534545898
2025-12-09,7.235715389251709
2025-12-10,7.265089511871338
2025-12-11,7.421749114990234
2025-12-12,7.31333065032959
2025-12-15,7.32318639755249
2025-12-16,7.431604862213135
2025-12-17,7.638586044311523
2025-12-18,7.747004985809326
2025-12-19,7.737148761749268
2025-12-22,7.806142330169678
2025-12-23,7.815998077392578
2025-12-24,7.697723865509033
2025-12-26,7.678010940551758
2025-12-29,7.44146203994751
2025-12-30,7.421749114990234
2025-12-31,7.342898845672607
2026-01-02,7.352755546569824
2026-01-05,7.5400238037109375
2026-01-06,7.638586044311523
2026-01-07,7.6188740730285645
2026-01-08,7.628729820251465
2026-01-09,7.727292537689209
2026-01-12,7.904705047607422
2026-01-13,7.953985214233398
2026-01-14,7.953985214233398
2026-01-15,8.013566017150879
2026-01-16,8.013566017150879
2026-01-20,8.102936744689941
2026-01-21,8.202238082885742
2026-01-22,8.351188659667969
2026-01-23,8.520000457763672
2026-01-26,8.500140190124512
2026-01-27,8.351188659667969
2026-01-28,8.400838851928711
2026-01-29,8.351188659667969
2026-01-30,7.77524471282959
2026-02-02,7.8844757080078125
2026-02-03,8.152587890625
2026-02-04,8.09300708770752
2026-02-05,7.973845958709717
2026-02-06,8.083077430725098
2026-02-09,8.301538467407227
2026-02-10,8.440559387207031
2026-02-11,8.520000457763672
2026-02-12,8.399999618530273
2026-02-13,8.59000015258789
2026-02-17,8.420000076293945
2026-02-18,8.5600004196167
2026-02-19,8.699999809265137
2026-02-20,8.75
2026-02-23,8.979999542236328
2026-02-24,8.949999809265137
2026-02-25,8.970000267028809
2026-02-26,8.979999542236328
