Date,Close
1999-05-04,48.69654846191406
1999-05-05,47.83160400390625
1999-05-06,47.00993347167969
1999-05-07,51.2913932800293
1999-05-10,48.91281509399414
1999-05-11,48.86955261230469
1999-05-12,50.85890579223633
1999-05-13,50.64269256591797
1999-05-14,48.566810607910156
1999-05-17,47.485633850097656
1999-05-18,47.485633850097656
1999-05-19,47.96137237548828
1999-05-20,47.31263732910156
1999-05-21,46.70718002319336
1999-05-24,45.193511962890625
1999-05-25,44.631309509277344
1999-05-26,45.71249008178711
1999-05-27,46.88016128540039
1999-05-28,47.00993347167969
1999-06-01,44.415077209472656
1999-06-02,43.766361236572266
1999-06-03,44.02585220336914
1999-06-04,45.236785888671875
1999-06-07,45.62599563598633
1999-06-08,44.1123161315918
1999-06-09,45.3232536315918
1999-06-10,43.85285186767578
1999-06-11,43.766361236572266
1999-06-14,42.3824348449707
1999-06-15,43.42036437988281
1999-06-16,45.150272369384766
1999-06-17,44.97728729248047
1999-06-18,44.847557067871094
1999-06-21,48.091087341308594
1999-06-22,47.05315017700195
1999-06-23,44.97728729248047
1999-06-24,45.02053451538086
1999-06-25,45.84223937988281
1999-06-28,46.05845260620117
1999-06-29,46.88016128540039
1999-06-30,49.993988037109375
1999-07-01,48.999298095703125
1999-07-02,49.08580017089844
1999-07-06,48.783058166503906
1999-07-07,47.05315017700195
1999-07-08,46.53419876098633
1999-07-09,46.53419876098633
1999-07-12,47.31263732910156
1999-07-13,46.966670989990234
1999-07-14,46.793663024902344
1999-07-15,47.00993347167969
1999-07-16,47.096412658691406
1999-07-19,48.04783630371094
1999-07-20,47.1396598815918
1999-07-21,46.966670989990234
1999-07-22,46.01522445678711
1999-07-23,44.328575134277344
1999-07-26,43.766361236572266
1999-07-27,45.3232536315918
1999-07-28,45.71249008178711
1999-07-29,44.97728729248047
1999-07-30,44.50156021118164
1999-08-02,43.4636116027832
1999-08-03,42.079715728759766
1999-08-04,41.517478942871094
1999-08-05,40.99852752685547
1999-08-06,38.92264175415039
1999-08-09,38.619911193847656
1999-08-10,39.526611328125
1999-08-11,42.647117614746094
1999-08-12,42.083683013916016
1999-08-13,43.77396774291992
1999-08-16,43.60062789916992
1999-08-17,43.687313079833984
1999-08-18,43.21055221557617
1999-08-19,42.690467834472656
1999-08-20,43.21055221557617
1999-08-23,44.12070083618164
1999-08-24,43.99068832397461
1999-08-25,44.380733489990234
1999-08-26,43.51392364501953
1999-08-27,42.690467834472656
1999-08-30,41.130191802978516
1999-08-31,41.47692108154297
1999-09-01,41.823638916015625
1999-09-02,41.08686447143555
1999-09-03,43.77396774291992
1999-09-07,43.340576171875
1999-09-08,43.38389587402344
1999-09-09,42.820472717285156
1999-09-10,43.7523078918457
1999-09-13,43.080535888671875
1999-09-14,41.17353820800781
1999-09-15,40.43675231933594
1999-09-16,40.00334930419922
1999-09-17,41.65030288696289
1999-09-20,42.12702560424805
1999-09-21,41.00018310546875
1999-09-22,42.51709747314453
1999-09-23,42.170387268066406
1999-09-24,42.95050048828125
1999-09-27,42.690467834472656
1999-09-28,43.16721725463867
1999-09-29,42.6037712097168
1999-09-30,42.30039596557617
1999-10-01,41.04351806640625
1999-10-04,42.77714920043945
1999-10-05,43.16721725463867
1999-10-06,44.380733489990234
1999-10-07,43.81731414794922
1999-10-08,44.33740234375
1999-10-11,44.16404724121094
1999-10-12,43.64393997192383
1999-10-13,42.30039596557617
1999-10-14,42.993831634521484
1999-10-15,41.4335823059082
1999-10-18,41.08686447143555
1999-10-19,41.86698913574219
1999-10-20,42.820472717285156
1999-10-21,42.94727325439453
1999-10-22,45.509342193603516
1999-10-25,44.467166900634766
1999-10-26,42.94727325439453
1999-10-27,44.72770690917969
1999-10-28,50.025550842285156
1999-10-29,49.330753326416016
1999-11-01,48.201698303222656
1999-11-02,48.46226501464844
1999-11-03,47.7674446105957
1999-11-04,48.722816467285156
1999-11-05,51.19801330566406
1999-11-08,50.720359802246094
1999-11-09,49.938720703125
1999-11-10,49.98213195800781
1999-11-11,50.937461853027344
1999-11-12,55.41025161743164
1999-11-15,54.1943473815918
1999-11-16,57.53805160522461
1999-11-17,55.279972076416016
1999-11-18,55.71424102783203
1999-11-19,55.540523529052734
1999-11-22,55.36681365966797
1999-11-23,54.020687103271484
1999-11-24,53.58641052246094
1999-11-26,53.7166748046875
1999-11-29,51.762550354003906
1999-11-30,52.196800231933594
1999-12-01,52.93502426147461
1999-12-02,53.84691619873047
1999-12-03,54.93256378173828
1999-12-06,53.49958419799805
1999-12-07,56.23530197143555
1999-12-08,55.583953857421875
1999-12-09,55.583953857421875
1999-12-10,56.97353744506836
1999-12-13,57.0169792175293
1999-12-14,54.7154541015625
1999-12-15,55.193119049072266
1999-12-16,54.58517074584961
1999-12-17,55.71424102783203
1999-12-20,56.88671875
1999-12-21,56.23530197143555
1999-12-22,55.36681365966797
1999-12-23,56.278770446777344
1999-12-27,57.0169792175293
1999-12-28,59.057952880859375
1999-12-29,61.142333984375
1999-12-30,64.05179595947266
1999-12-31,65.44144439697266
2000-01-03,61.359439849853516
2000-01-04,57.494659423828125
2000-01-05,54.80232238769531
2000-01-06,57.14726638793945
2000-01-07,57.364383697509766
2000-01-10,58.62369155883789
2000-01-11,58.92765808105469
2000-01-12,58.62369155883789
2000-01-13,58.71056365966797
2000-01-14,59.49220275878906
2000-01-18,60.360721588134766
2000-01-19,60.83832550048828
2000-01-20,59.7912712097168
2000-01-21,59.61732864379883
2000-01-24,56.87779235839844
2000-01-25,58.35624313354492
2000-01-26,61.40019607543945
2000-01-27,61.92198181152344
2000-01-28,60.53048324584961
2000-01-31,63.74835968017578
2000-02-01,63.48744201660156
2000-02-02,63.40047836303711
2000-02-03,59.399898529052734
2000-02-04,58.92155838012695
2000-02-07,59.66080093383789
2000-02-08,62.22637176513672
2000-02-09,60.35658264160156
2000-02-10,60.26955795288086
2000-02-11,59.225955963134766
2000-02-14,60.182613372802734
2000-02-15,60.182613372802734
2000-02-16,57.704044342041016
2000-02-17,57.13869094848633
2000-02-18,56.22553634643555
2000-02-22,56.74732208251953
2000-02-23,59.66080093383789
2000-02-24,62.356876373291016
2000-02-25,62.095943450927734
2000-02-28,61.226234436035156
2000-02-29,64.35713958740234
2000-03-01,65.9225845336914
2000-03-02,66.96623229980469
2000-03-03,71.31468200683594
2000-03-06,72.14086151123047
2000-03-07,72.96710205078125
2000-03-08,70.79286193847656
2000-03-09,74.57600402832031
2000-03-10,78.09825134277344
2000-03-13,76.79374694824219
2000-03-14,72.88011932373047
2000-03-15,72.0539321899414
2000-03-16,71.87994384765625
2000-03-17,81.05522155761719
2000-03-20,78.92449951171875
2000-03-21,82.27276611328125
2000-03-22,81.51179504394531
2000-03-23,82.79458618164062
2000-03-24,84.40348815917969
2000-03-27,77.92434692382812
2000-03-28,78.79402923583984
2000-03-29,79.4462890625
2000-03-30,74.35855865478516
2000-03-31,73.22798919677734
2000-04-03,73.4019546508789
2000-04-04,68.35772705078125
2000-04-05,67.79240417480469
2000-04-06,73.74981689453125
2000-04-07,71.31468200683594
2000-04-10,74.48905944824219
2000-04-11,72.9236068725586
2000-04-12,67.18368530273438
2000-04-13,66.27044677734375
2000-04-14,57.57356262207031
2000-04-17,60.87834548950195
2000-04-18,65.22686004638672
2000-04-19,64.13483428955078
2000-04-20,61.87077713012695
2000-04-24,60.52101516723633
2000-04-25,67.61804962158203
2000-04-26,65.83289337158203
2000-04-27,66.31188201904297
2000-04-28,64.96209716796875
2000-05-01,67.57452392578125
2000-05-02,64.7879409790039
2000-05-03,63.48176574707031
2000-05-04,62.82862854003906
2000-05-05,62.61091995239258
2000-05-08,60.825748443603516
2000-05-09,59.650211334228516
2000-05-10,56.73298645019531
2000-05-11,56.341121673583984
2000-05-12,58.365779876708984
2000-05-15,60.651641845703125
2000-05-16,59.56315612792969
2000-05-17,58.997074127197266
2000-05-18,59.38893127441406
2000-05-19,58.909976959228516
2000-05-22,57.12487030029297
2000-05-23,57.69086456298828
2000-05-24,55.731563568115234
2000-05-25,50.85504150390625
2000-05-26,48.634525299072266
2000-05-30,50.15842056274414
2000-05-31,51.24692916870117
2000-06-01,53.20623779296875
2000-06-02,60.52101516723633
2000-06-05,58.86643981933594
2000-06-06,57.908565521240234
2000-06-07,60.390380859375
2000-06-08,59.25832748413086
2000-06-09,57.99563217163086
2000-06-12,58.039215087890625
2000-06-13,59.3018684387207
2000-06-14,62.65449142456055
2000-06-15,62.872169494628906
2000-06-16,62.65449142456055
2000-06-19,63.83007049560547
2000-06-20,62.00136184692383
2000-06-21,60.346832275390625
2000-06-22,58.69233322143555
2000-06-23,59.911441802978516
2000-06-26,61.13054275512695
2000-06-27,61.52239990234375
2000-06-28,62.61091995239258
2000-06-29,64.52671813964844
2000-06-30,66.02887725830078
2000-07-03,66.1376953125
2000-07-05,66.8343276977539
2000-07-06,64.91854095458984
2000-07-07,66.1376953125
2000-07-10,68.053466796875
2000-07-11,68.61949157714844
2000-07-12,71.01420593261719
2000-07-13,72.62519073486328
2000-07-14,72.58164978027344
2000-07-17,69.66443634033203
2000-07-18,72.36395263671875
2000-07-19,70.18697357177734
2000-07-20,72.31945037841797
2000-07-21,72.7118148803711
2000-07-24,73.49647521972656
2000-07-25,73.93236541748047
2000-07-26,73.88877868652344
2000-07-27,69.74751281738281
2000-07-28,68.70134735107422
2000-07-31,68.83208465576172
2000-08-01,70.1834487915039
2000-08-02,71.22967529296875
2000-08-03,73.67084503173828
2000-08-04,77.59412384033203
2000-08-07,79.5557861328125
2000-08-08,78.81472778320312
2000-08-09,80.16608428955078
2000-08-10,78.11724853515625
2000-08-11,83.60983276367188
2000-08-14,84.22014617919922
2000-08-15,82.432861328125
2000-08-16,78.81472778320312
2000-08-17,82.73802185058594
2000-08-18,81.6046142578125
2000-08-21,82.17131042480469
2000-08-22,83.60983276367188
2000-08-23,82.99955749511719
2000-08-24,82.47643280029297
2000-08-25,83.2611312866211
2000-08-28,85.39712524414062
2000-08-29,88.88453674316406
2000-08-30,86.26895904541016
2000-08-31,90.3230209350586
2000-09-01,90.41022491455078
2000-09-05,89.84356689453125
2000-09-06,89.36404418945312
2000-09-07,89.7563705444336
2000-09-08,86.66132354736328
2000-09-11,92.06673431396484
2000-09-12,91.58722686767578
2000-09-13,89.62557983398438
2000-09-14,89.97433471679688
2000-09-15,87.09722900390625
2000-09-18,82.6944580078125
2000-09-19,83.65345001220703
2000-09-20,82.30209350585938
2000-09-21,78.9891128540039
2000-09-22,80.12244415283203
2000-09-25,81.255859375
2000-09-26,77.33258056640625
2000-09-27,74.67343139648438
2000-09-28,78.81472778320312
2000-09-29,79.5557861328125
2000-10-02,80.4712142944336
2000-10-03,79.42500305175781
2000-10-04,76.32994842529297
2000-10-05,80.12244415283203
2000-10-06,75.93766021728516
2000-10-09,73.4093017578125
2000-10-10,71.62199401855469
2000-10-11,72.53744506835938
2000-10-12,65.78062438964844
2000-10-13,70.79376983642578
2000-10-16,72.27586364746094
2000-10-17,69.22444152832031
2000-10-18,68.35256958007812
2000-10-19,70.22583770751953
2000-10-20,73.28103637695312
2000-10-23,71.53523254394531
2000-10-24,70.61865997314453
2000-10-25,67.1706771850586
2000-10-26,64.90105438232422
2000-10-27,64.94474029541016
2000-10-30,67.38888549804688
2000-10-31,69.70213317871094
2000-11-01,67.51980590820312
2000-11-02,69.30931091308594
2000-11-03,70.13853454589844
2000-11-06,67.08338928222656
2000-11-07,65.46849822998047
2000-11-08,64.55193328857422
2000-11-09,64.15914916992188
2000-11-10,62.28236770629883
2000-11-13,60.318294525146484
2000-11-14,62.064117431640625
2000-11-15,62.89337158203125
2000-11-16,63.85359573364258
2000-11-17,61.496734619140625
2000-11-20,57.96140670776367
2000-11-21,58.79069137573242
2000-11-22,55.82276916503906
2000-11-24,56.9139404296875
2000-11-27,57.61226272583008
2000-11-28,56.215599060058594
2000-11-29,57.8741455078125
2000-11-30,57.35037612915039
2000-12-01,57.26309585571289
2000-12-04,57.088523864746094
2000-12-05,61.97685241699219
2000-12-06,61.27848434448242
2000-12-07,59.969139099121094
2000-12-08,64.15914916992188
2000-12-11,67.03972625732422
2000-12-12,64.55193328857422
2000-12-13,65.68669128417969
2000-12-14,61.060272216796875
2000-12-15,60.536521911621094
2000-12-18,60.012786865234375
2000-12-19,62.41325378417969
2000-12-20,62.8497428894043
2000-12-21,65.51211547851562
2000-12-22,69.00379180908203
2000-12-26,71.09877014160156
2000-12-27,71.14241790771484
2000-12-28,74.80862426757812
2000-12-29,74.67768859863281
2001-01-02,70.00764465332031
2001-01-03,80.65715026855469
2001-01-04,78.7367935180664
2001-01-05,75.3324203491211
2001-01-08,74.28490447998047
2001-01-09,73.15010833740234
2001-01-10,75.76884460449219
2001-01-11,77.16551971435547
2001-01-12,75.94345092773438
2001-01-16,76.81636047363281
2001-01-17,76.81636047363281
2001-01-18,75.15250396728516
2001-01-19,77.55565643310547
2001-01-22,79.08489990234375
2001-01-23,81.09477996826172
2001-01-24,82.40559387207031
2001-01-25,79.39073944091797
2001-01-26,80.1772232055664
2001-01-29,81.03185272216797
2001-01-30,82.92642211914062
2001-01-31,79.5218276977539
2001-02-01,82.63278198242188
2001-02-02,79.66867065429688
2001-02-05,78.36832427978516
2001-02-06,76.1661605834961
2001-02-07,73.5445556640625
2001-02-08,74.06891632080078
2001-02-09,75.32730102539062
2001-02-12,76.55068969726562
2001-02-13,74.03396606445312
2001-02-14,72.88045501708984
2001-02-15,74.9427719116211
2001-02-16,70.95795440673828
2001-02-20,67.1129379272461
2001-02-21,65.994384765625
2001-02-22,67.95182800292969
2001-02-23,67.14091491699219
2001-02-26,68.72085571289062
2001-02-27,68.74880981445312
2001-02-28,64.14179229736328
2001-03-01,64.0439453125
2001-03-02,63.897098541259766
2001-03-05,64.42144775390625
2001-03-06,66.65853881835938
2001-03-07,66.37887573242188
2001-03-08,64.14179229736328
2001-03-09,60.82110595703125
2001-03-12,57.668190002441406
2001-03-13,61.17761993408203
2001-03-14,58.660926818847656
2001-03-15,61.485233306884766
2001-03-16,61.205589294433594
2001-03-19,63.57548904418945
2001-03-20,60.86307144165039
2001-03-21,59.42290115356445
2001-03-22,60.05910110473633
2001-03-23,62.785545349121094
2001-03-26,62.387062072753906
2001-03-27,65.36520385742188
2001-03-28,60.995849609375
2001-03-29,61.59006881713867
2001-03-30,59.49285125732422
2001-04-02,58.83567810058594
2001-04-03,56.8432502746582
2001-04-04,54.200660705566406
2001-04-05,60.122005462646484
2001-04-06,58.86363220214844
2001-04-09,58.723812103271484
2001-04-10,61.387359619140625
2001-04-11,63.82717514038086
2001-04-12,65.71475982666016
2001-04-16,64.16275024414062
2001-04-17,65.0855712890625
2001-04-18,69.6646499633789
2001-04-19,68.29444122314453
2001-04-20,66.95751190185547
2001-04-23,65.06763458251953
2001-04-24,63.97566604614258
2001-04-25,64.96961212158203
2001-04-26,64.73867797851562
2001-04-27,65.0536117553711
2001-04-30,63.765724182128906
2001-05-01,64.85062408447266
2001-05-02,68.59536743164062
2001-05-03,67.1954574584961
2001-05-04,68.03543090820312
2001-05-07,67.20246887207031
2001-05-08,66.67053985595703
2001-05-09,66.25755310058594
2001-05-10,66.15254974365234
2001-05-11,64.99061584472656
2001-05-14,65.86554718017578
2001-05-15,66.3905258178711
2001-05-16,69.96027374267578
2001-05-17,68.56037902832031
2001-05-18,68.07044219970703
2001-05-21,71.3252182006836
2001-05-22,72.29814147949219
2001-05-23,69.5053482055664
2001-05-24,69.89030456542969
2001-05-25,68.56739044189453
2001-05-29,67.81144714355469
2001-05-30,66.32755279541016
2001-05-31,66.56552124023438
2001-06-01,67.68548583984375
2001-06-04,67.5525131225586
2001-06-05,68.14041137695312
2001-06-06,66.87347412109375
2001-06-07,67.82544708251953
2001-06-08,66.74749755859375
2001-06-11,64.40264892578125
2001-06-12,64.29769897460938
2001-06-13,62.4078254699707
2001-06-14,60.90291213989258
2001-06-15,62.49879837036133
2001-06-18,62.05083084106445
2001-06-19,61.721839904785156
2001-06-20,61.875858306884766
2001-06-21,65.09561920166016
2001-06-22,64.4656753540039
2001-06-25,63.66069412231445
2001-06-26,63.20575714111328
2001-06-27,61.245872497558594
2001-06-28,60.61592483520508
2001-06-29,60.055946350097656
2001-07-02,59.21602249145508
2001-07-03,58.796024322509766
2001-07-05,58.796024322509766
2001-07-06,58.16611099243164
2001-07-09,57.33314895629883
2001-07-10,57.11616516113281
2001-07-11,57.11616516113281
2001-07-12,60.58088684082031
2001-07-13,60.30094909667969
2001-07-16,58.3760871887207
2001-07-17,60.0909538269043
2001-07-18,58.796024322509766
2001-07-19,58.096107482910156
2001-07-20,58.061134338378906
2001-07-23,57.214149475097656
2001-07-24,57.29115676879883
2001-07-25,58.236083984375
2001-07-26,59.244022369384766
2001-07-27,59.45427703857422
2001-07-30,57.96128463745117
2001-07-31,58.29071807861328
2001-08-01,59.82577896118164
2001-08-02,60.49168395996094
2001-08-03,59.930946350097656
2001-08-06,58.84449768066406
2001-08-07,58.55708312988281
2001-08-08,57.33742141723633
2001-08-09,56.11078643798828
2001-08-10,56.636505126953125
2001-08-13,57.61777114868164
2001-08-14,56.9869499206543
2001-08-15,57.37250900268555
2001-08-16,56.8467903137207
2001-08-17,54.14811325073242
2001-08-20,54.56167984008789
2001-08-21,52.851375579833984
2001-08-22,54.323368072509766
2001-08-23,54.46355056762695
2001-08-24,56.9869499206543
2001-08-27,57.40755081176758
2001-08-28,56.81174087524414
2001-08-29,56.636505126953125
2001-08-30,55.80233383178711
2001-08-31,56.145809173583984
2001-09-04,55.80939865112305
2001-09-05,55.05937576293945
2001-09-06,54.04299545288086
2001-09-07,52.206512451171875
2001-09-10,53.412113189697266
2001-09-17,48.64570999145508
2001-09-18,47.31390380859375
2001-09-19,47.32090759277344
2001-09-20,46.087257385253906
2001-09-21,47.44709777832031
2001-09-24,49.42377471923828
2001-09-25,49.087310791015625
2001-09-26,48.961124420166016
2001-09-27,48.29523468017578
2001-09-28,50.012542724609375
2001-10-01,51.51958084106445
2001-10-02,51.58967208862305
2001-10-03,53.75558853149414
2001-10-04,55.37479019165039
2001-10-05,53.447181701660156
2001-10-08,52.78130340576172
2001-10-09,54.62478256225586
2001-10-10,56.57341766357422
2001-10-11,58.77439880371094
2001-10-12,58.038387298583984
2001-10-15,59.159889221191406
2001-10-16,59.05478286743164
2001-10-17,57.5267219543457
2001-10-18,57.06406784057617
2001-10-19,55.9005012512207
2001-10-22,57.19725036621094
2001-10-23,57.19725036621094
2001-10-24,56.42618942260742
2001-10-25,57.14221954345703
2001-10-26,58.34965515136719
2001-10-29,56.756141662597656
2001-10-30,56.194557189941406
2001-10-31,54.86777877807617
2001-11-01,56.65084457397461
2001-11-02,57.73895263671875
2001-11-05,59.4658088684082
2001-11-06,60.72243881225586
2001-11-07,61.42438888549805
2001-11-08,60.86283493041992
2001-11-09,60.97512435913086
2001-11-12,61.84560775756836
2001-11-13,63.916446685791016
2001-11-14,64.23237609863281
2001-11-15,62.26678466796875
2001-11-16,61.599876403808594
2001-11-19,63.56551742553711
2001-11-20,63.00389862060547
2001-11-21,61.88068389892578
2001-11-23,63.2846794128418
2001-11-26,64.19022369384766
2001-11-27,63.17938995361328
2001-11-28,60.94002914428711
2001-11-29,62.72309875488281
2001-11-30,62.477378845214844
2001-12-03,60.37844467163086
2001-12-04,61.1927375793457
2001-12-05,64.86421966552734
2001-12-06,65.91715240478516
2001-12-07,64.30960845947266
2001-12-10,64.12708282470703
2001-12-11,64.45701599121094
2001-12-12,65.0958480834961
2001-12-13,63.8813591003418
2001-12-14,62.940704345703125
2001-12-17,62.57568359375
2001-12-18,63.74100875854492
2001-12-19,66.27518463134766
2001-12-20,64.80099487304688
2001-12-21,64.80099487304688
2001-12-24,64.91332244873047
2001-12-26,65.14498138427734
2001-12-27,64.66759490966797
2001-12-28,65.47488403320312
2001-12-31,65.10984802246094
2002-01-02,63.930545806884766
2002-01-03,64.8992919921875
2002-01-04,67.91781616210938
2002-01-07,67.21582794189453
2002-01-08,64.93435668945312
2002-01-09,65.81187438964844
2002-01-10,65.28536224365234
2002-01-11,63.98666000366211
2002-01-14,63.15835189819336
2002-01-15,63.10920333862305
2002-01-16,62.21767807006836
2002-01-17,63.166603088378906
2002-01-18,62.70969009399414
2002-01-22,61.14216232299805
2002-01-23,61.33190155029297
2002-01-24,60.101783752441406
2002-01-25,61.36709976196289
2002-01-28,61.75371551513672
2002-01-29,59.384765625
2002-01-30,60.45326614379883
2002-01-31,61.14216232299805
2002-02-01,60.0315055847168
2002-02-04,57.99296188354492
2002-02-05,56.966644287109375
2002-02-06,57.57119369506836
2002-02-07,57.01584243774414
2002-02-08,58.90678024291992
2002-02-11,59.64486312866211
2002-02-12,58.695899963378906
2002-02-13,59.4550895690918
2002-02-14,59.8276252746582
2002-02-15,58.17570495605469
2002-02-19,55.19523620605469
2002-02-20,56.65734100341797
2002-02-21,55.86304473876953
2002-02-22,55.53268051147461
2002-02-25,57.613372802734375
2002-02-26,57.21969223022461
2002-02-27,56.86122131347656
2002-02-28,56.89635467529297
2002-03-01,58.674808502197266
2002-03-04,62.63240051269531
2002-03-05,62.92761993408203
2002-03-06,63.87660598754883
2002-03-07,63.23689651489258
2002-03-08,63.46889114379883
2002-03-11,63.75712203979492
2002-03-12,63.12443923950195
2002-03-13,61.85912322998047
2002-03-14,62.140316009521484
2002-03-15,63.265052795410156
2002-03-18,62.70262145996094
2002-03-19,64.00308990478516
2002-03-20,63.159576416015625
2002-03-21,63.51105499267578
2002-03-22,63.075233459472656
2002-03-25,61.880191802978516
2002-03-26,62.45665740966797
2002-03-27,62.772979736328125
2002-03-28,63.4407844543457
2002-04-01,62.189537048339844
2002-04-02,61.52876281738281
2002-04-03,60.776588439941406
2002-04-04,60.83988952636719
2002-04-05,60.558685302734375
2002-04-08,60.49543380737305
2002-04-09,59.469139099121094
2002-04-10,59.39178466796875
2002-04-11,57.10721969604492
2002-04-12,58.34441375732422
2002-04-15,57.360294342041016
2002-04-16,59.46208572387695
2002-04-17,59.78547286987305
2002-04-18,59.41290283203125
2002-04-19,60.671180725097656
2002-04-22,59.117652893066406
2002-04-23,57.360294342041016
2002-04-24,55.87710189819336
2002-04-25,54.27435302734375
2002-04-26,55.72468185424805
2002-04-29,55.267051696777344
2002-04-30,55.44306945800781
2002-05-01,55.76696014404297
2002-05-02,56.8230094909668
2002-05-03,55.30227279663086
2002-05-06,52.91559600830078
2002-05-07,52.69731521606445
2002-05-08,55.97111129760742
2002-05-09,55.365631103515625
2002-05-10,54.03502655029297
2002-05-13,54.99248123168945
2002-05-14,55.83030700683594
2002-05-15,55.942935943603516
2002-05-16,56.358341217041016
2002-05-17,56.67512893676758
2002-05-20,56.4920768737793
2002-05-21,55.7598991394043
2002-05-22,55.05583190917969
2002-05-23,55.738746643066406
2002-05-24,55.04882049560547
2002-05-28,54.1406135559082
2002-05-29,53.6125602722168
2002-05-30,52.8592643737793
2002-05-31,53.11977767944336
2002-06-03,51.9510383605957
2002-06-04,51.95809555053711
2002-06-05,53.330955505371094
2002-06-06,52.063716888427734
2002-06-07,52.063716888427734
2002-06-10,52.61988067626953
2002-06-11,50.76121139526367
2002-06-12,51.04283142089844
2002-06-13,50.19797897338867
2002-06-14,51.28925323486328
2002-06-17,53.042293548583984
2002-06-18,53.352073669433594
2002-06-19,52.41569900512695
2002-06-20,51.18366622924805
2002-06-21,49.66996765136719
2002-06-24,50.3035888671875
2002-06-25,50.233192443847656
2002-06-26,49.84596633911133
2002-06-27,51.39482879638672
2002-06-28,51.64126205444336
2002-07-01,50.085350036621094
2002-07-02,49.775569915771484
2002-07-03,49.42354202270508
2002-07-05,52.063716888427734
2002-07-08,51.8172607421875
2002-07-09,49.923423767089844
2002-07-10,50.373985290527344
2002-07-11,51.57086944580078
2002-07-12,51.500457763671875
2002-07-15,51.35965347290039
2002-07-16,51.14846420288086
2002-07-17,52.43682861328125
2002-07-18,53.2253303527832
2002-07-19,54.21100997924805
2002-07-22,50.69080352783203
2002-07-23,47.6845703125
2002-07-24,49.88115310668945
2002-07-25,48.796913146972656
2002-07-26,49.072017669677734
2002-07-29,51.27241897583008
2002-07-30,52.11872482299805
2002-07-31,51.58978271484375
2002-08-01,50.77168655395508
2002-08-02,49.71377182006836
2002-08-05,47.99294662475586
2002-08-06,49.29768753051758
2002-08-07,50.03820037841797
2002-08-08,52.400814056396484
2002-08-09,53.211883544921875
2002-08-12,53.1413459777832
2002-08-13,52.74639892578125
2002-08-14,55.362911224365234
2002-08-15,56.10343551635742
2002-08-16,56.08933639526367
2002-08-19,57.47870635986328
2002-08-20,56.780487060546875
2002-08-21,56.336181640625
2002-08-22,56.35731506347656
2002-08-23,55.22186279296875
2002-08-26,56.244476318359375
2002-08-27,55.78608703613281
2002-08-28,54.36144256591797
2002-08-29,54.573020935058594
2002-08-30,54.51661682128906
2002-09-03,52.012943267822266
2002-09-04,53.247135162353516
2002-09-05,51.40640640258789
2002-09-06,51.01854705810547
2002-09-09,52.400814056396484
2002-09-10,51.77314758300781
2002-09-11,51.970645904541016
2002-09-12,50.9197883605957
2002-09-13,51.48396301269531
2002-09-16,51.20187759399414
2002-09-17,49.98176574707031
2002-09-18,49.6573600769043
2002-09-19,47.35823059082031
2002-09-20,47.50634765625
2002-09-23,46.31442642211914
2002-09-24,46.76580047607422
2002-09-25,47.56980514526367
2002-09-26,47.98588943481445
2002-09-27,46.638858795166016
2002-09-30,46.568321228027344
2002-10-01,48.27505874633789
2002-10-02,46.22980880737305
2002-10-03,44.36084747314453
2002-10-04,43.76140594482422
2002-10-07,41.984130859375
2002-10-08,43.44401550292969
2002-10-09,41.80780792236328
2002-10-10,43.07728576660156
2002-10-11,45.2777099609375
2002-10-14,46.05348205566406
2002-10-15,49.368221282958984
2002-10-16,47.957706451416016
2002-10-17,51.11724853515625
2002-10-18,49.75611877441406
2002-10-21,52.68292999267578
2002-10-22,51.13136291503906
2002-10-23,52.37965774536133
2002-10-24,51.2141227722168
2002-10-25,52.26664733886719
2002-10-28,51.977027893066406
2002-10-29,51.122291564941406
2002-10-30,51.11521911621094
2002-10-31,50.578369140625
2002-11-01,51.88517761230469
2002-11-04,53.658260345458984
2002-11-05,54.20924758911133
2002-11-06,54.07506561279297
2002-11-07,52.30901336669922
2002-11-08,51.623836517333984
2002-11-11,50.70551681518555
2002-11-12,50.910343170166016
2002-11-13,51.207035064697266
2002-11-14,52.97303771972656
2002-11-15,53.15670394897461
2002-11-18,53.276817321777344
2002-11-19,53.036617279052734
2002-11-20,54.68254852294922
2002-11-21,56.4767951965332
2002-11-22,55.88341522216797
2002-11-25,55.80574035644531
2002-11-26,54.272830963134766
2002-11-27,56.257808685302734
2002-11-29,55.71389389038086
2002-12-02,55.65031051635742
2002-12-03,55.45249938964844
2002-12-04,53.9337272644043
2002-12-05,52.59157180786133
2002-12-06,52.626914978027344
2002-12-09,51.88517761230469
2002-12-10,52.273712158203125
2002-12-11,51.89931869506836
2002-12-12,52.43617630004883
2002-12-13,51.63792419433594
2002-12-16,52.64809799194336
2002-12-17,52.76112747192383
2002-12-18,52.061771392822266
2002-12-19,49.66001892089844
2002-12-20,50.76201248168945
2002-12-23,49.907283782958984
2002-12-24,49.00307083129883
2002-12-26,49.21534729003906
2002-12-27,48.061912536621094
2002-12-30,48.21762466430664
2002-12-31,48.189300537109375
2003-01-02,49.28614044189453
2003-01-03,49.80268096923828
2003-01-06,51.65666961669922
2003-01-07,51.44441223144531
2003-01-08,50.184810638427734
2003-01-09,52.166160583496094
2003-01-10,53.01530075073242
2003-01-13,52.661476135253906
2003-01-14,52.85963439941406
2003-01-15,52.017547607421875
2003-01-16,52.09541320800781
2003-01-17,51.35944366455078
2003-01-21,50.24139404296875
2003-01-22,49.710689544677734
2003-01-23,50.89244079589844
2003-01-24,49.01409149169922
2003-01-27,48.48248291015625
2003-01-28,48.9432258605957
2003-01-29,49.269283294677734
2003-01-30,47.77367401123047
2003-01-31,48.26982116699219
2003-02-03,49.08496856689453
2003-02-04,47.858734130859375
2003-02-05,47.78076171875
2003-02-06,47.242069244384766
2003-02-07,46.56869888305664
2003-02-10,46.5970458984375
2003-02-11,46.10797119140625
2003-02-12,45.57636642456055
2003-02-13,46.01581573486328
2003-02-14,47.27751922607422
2003-02-18,48.198951721191406
2003-02-19,48.361968994140625
2003-02-20,48.01465606689453
2003-02-21,48.55335235595703
2003-02-24,46.923095703125
2003-02-25,47.199554443359375
2003-02-26,47.12156677246094
2003-02-27,47.979251861572266
2003-02-28,49.226715087890625
2003-03-03,48.21312713623047
2003-03-04,46.561614990234375
2003-03-05,46.993995666503906
2003-03-06,46.49782180786133
2003-03-07,47.263343811035156
2003-03-10,45.604713439941406
2003-03-11,44.619483947753906
2003-03-12,44.54859161376953
2003-03-13,47.334205627441406
2003-03-14,47.22079086303711
2003-03-17,48.836891174316406
2003-03-18,49.318885803222656
2003-03-19,49.80793380737305
2003-03-20,49.67327880859375
2003-03-21,51.10506820678711
2003-03-24,49.559852600097656
2003-03-25,50.10566711425781
2003-03-26,50.36081314086914
2003-03-27,50.02766418457031
2003-03-28,49.69453811645508
2003-03-31,48.255680084228516
2003-04-01,49.347251892089844
2003-04-02,51.317726135253906
2003-04-03,51.28227996826172
2003-04-04,51.076690673828125
2003-04-07,51.25390625
2003-04-08,51.530372619628906
2003-04-09,50.970420837402344
2003-04-10,51.28227996826172
2003-04-11,51.33188247680664
2003-04-14,52.799102783203125
2003-04-15,54.25217819213867
2003-04-16,53.302371978759766
2003-04-17,53.94028854370117
2003-04-21,54.11747741699219
2003-04-22,55.52095031738281
2003-04-23,55.59181594848633
2003-04-24,54.826290130615234
2003-04-25,53.860836029052734
2003-04-28,54.315185546875
2003-04-29,54.272586822509766
2003-04-30,53.88213348388672
2003-05-01,53.47747802734375
2003-05-02,54.37907409667969
2003-05-05,54.300987243652344
2003-05-06,54.80501174926758
2003-05-07,54.80501174926758
2003-05-08,52.57590866088867
2003-05-09,53.24320983886719
2003-05-12,53.59104919433594
2003-05-13,53.207740783691406
2003-05-14,53.207740783691406
2003-05-15,54.024112701416016
2003-05-16,54.450069427490234
2003-05-19,52.781761169433594
2003-05-20,52.852752685546875
2003-05-21,53.314178466796875
2003-05-22,53.97439956665039
2003-05-23,54.05961608886719
2003-05-27,55.713714599609375
2003-05-28,56.721763610839844
2003-05-29,56.50172805786133
2003-05-30,57.85762023925781
2003-06-02,59.30583190917969
2003-06-03,58.922508239746094
2003-06-04,60.51982116699219
2003-06-05,61.97511291503906
2003-06-06,62.96897506713867
2003-06-09,62.1455078125
2003-06-10,62.96897506713867
2003-06-11,63.70726776123047
2003-06-12,64.14033508300781
2003-06-13,63.3026237487793
2003-06-16,64.95672607421875
2003-06-17,64.95672607421875
2003-06-18,63.11096954345703
2003-06-19,60.995399475097656
2003-06-20,61.22968673706055
2003-06-23,60.54111099243164
2003-06-24,61.47813415527344
2003-06-25,60.18613052368164
2003-06-26,59.73889923095703
2003-06-27,58.482357025146484
2003-06-30,59.454925537109375
2003-07-01,60.94574737548828
2003-07-02,60.626285552978516
2003-07-03,60.129337310791016
2003-07-07,62.28746795654297
2003-07-08,62.514644622802734
2003-07-09,62.635345458984375
2003-07-10,61.44268035888672
2003-07-11,61.98930358886719
2003-07-14,63.49431610107422
2003-07-15,62.48624801635742
2003-07-16,61.94672393798828
2003-07-17,61.36454772949219
2003-07-18,62.25197982788086
2003-07-21,60.83922576904297
2003-07-22,61.165836334228516
2003-07-23,61.12321853637695
2003-07-24,60.626285552978516
2003-07-25,61.53049850463867
2003-07-28,61.587486267089844
2003-07-29,61.82242202758789
2003-07-30,61.907875061035156
2003-07-31,62.04314422607422
2003-08-01,60.59064865112305
2003-08-04,60.2702751159668
2003-08-05,59.02427291870117
2003-08-06,59.84309768676758
2003-08-07,60.341461181640625
2003-08-08,61.103302001953125
2003-08-11,61.060604095458984
2003-08-12,62.427589416503906
2003-08-13,62.228271484375
2003-08-14,62.61985397338867
2003-08-15,62.484561920166016
2003-08-18,62.847686767578125
2003-08-19,63.38883590698242
2003-08-20,62.44184494018555
2003-08-21,62.726646423339844
2003-08-22,61.93633270263672
2003-08-25,61.75124740600586
2003-08-26,61.59459686279297
2003-08-27,61.210113525390625
2003-08-28,61.84377670288086
2003-08-29,63.00433349609375
2003-09-02,64.39987182617188
2003-09-03,64.66329193115234
2003-09-04,64.97655487060547
2003-09-05,64.7629623413086
2003-09-08,65.04061889648438
2003-09-09,65.35389709472656
2003-09-10,63.680728912353516
2003-09-11,63.965576171875
2003-09-12,64.59919738769531
2003-09-15,63.509857177734375
2003-09-16,64.7416000366211
2003-09-17,64.79141998291016
2003-09-18,66.39347076416016
2003-09-19,66.73517608642578
2003-09-22,65.97333526611328
2003-09-23,63.41014862060547
2003-09-24,61.103302001953125
2003-09-25,60.88970184326172
2003-09-26,60.305877685546875
2003-09-29,60.519474029541016
2003-09-30,59.73628234863281
2003-10-01,61.2314567565918
2003-10-02,61.20296859741211
2003-10-03,61.701385498046875
2003-10-06,61.744102478027344
2003-10-07,61.829559326171875
2003-10-08,61.41658020019531
2003-10-09,61.94343948364258
2003-10-10,61.900726318359375
2003-10-13,62.776485443115234
2003-10-14,63.11115264892578
2003-10-15,63.189456939697266
2003-10-16,62.648345947265625
2003-10-17,62.064510345458984
2003-10-20,61.95058059692383
2003-10-21,62.38490295410156
2003-10-22,61.56608581542969
2003-10-23,62.123050689697266
2003-10-24,61.280479431152344
2003-10-27,62.97280502319336
2003-10-28,65.87191009521484
2003-10-29,66.15750122070312
2003-10-30,66.71448516845703
2003-10-31,67.05003356933594
2003-11-03,68.68526458740234
2003-11-04,68.51390838623047
2003-11-05,68.1711654663086
2003-11-06,68.92806243896484
2003-11-07,69.24937438964844
2003-11-10,68.60670471191406
2003-11-11,68.62097930908203
2003-11-12,69.0494155883789
2003-11-13,68.56387329101562
2003-11-14,66.97868347167969
2003-11-17,67.29998779296875
2003-11-18,66.92866516113281
2003-11-19,67.07150268554688
2003-11-20,65.52198028564453
2003-11-21,66.38597106933594
2003-11-24,67.77838897705078
2003-11-25,68.72813415527344
2003-11-26,69.02801513671875
2003-11-28,68.60670471191406
2003-12-01,69.6064224243164
2003-12-02,69.5492935180664
2003-12-03,70.89886474609375
2003-12-04,70.49897766113281
2003-12-05,69.99913024902344
2003-12-08,70.54898071289062
2003-12-09,70.12052154541016
2003-12-10,69.69208526611328
2003-12-11,70.22048950195312
2003-12-12,70.79884338378906
2003-12-15,69.79920196533203
2003-12-16,69.63494873046875
2003-12-17,70.22765350341797
2003-12-18,69.51356506347656
2003-12-19,68.82096099853516
2003-12-22,70.08483123779297
2003-12-23,70.13481140136719
2003-12-24,69.65640258789062
2003-12-26,69.93489074707031
2003-12-29,71.10591888427734
2003-12-30,70.80603790283203
2003-12-31,70.49897766113281
2004-01-02,69.3564682006836
2004-01-05,69.3922119140625
2004-01-06,68.97803497314453
2004-01-07,70.42756652832031
2004-01-08,70.51322937011719
2004-01-09,69.62066650390625
2004-01-12,69.82058715820312
2004-01-13,69.74205780029297
2004-01-14,70.96311950683594
2004-01-15,72.21983337402344
2004-01-16,71.74859619140625
2004-01-20,71.69144439697266
2004-01-21,72.47693634033203
2004-01-22,71.89140319824219
2004-01-23,71.22566986083984
2004-01-26,73.21566009521484
2004-01-27,72.33521270751953
2004-01-28,70.36666870117188
2004-01-29,71.1540756225586
2004-01-30,71.26148223876953
2004-02-02,71.44758605957031
2004-02-03,72.40678405761719
2004-02-04,71.40461730957031
2004-02-05,70.75318145751953
2004-02-06,72.54278564453125
2004-02-09,72.92221069335938
2004-02-10,73.14411163330078
2004-02-11,76.65885925292969
2004-02-12,76.88076782226562
2004-02-13,75.77122497558594
2004-02-17,76.53713989257812
2004-02-18,76.52288055419922
2004-02-19,75.71395874023438
2004-02-20,76.25083923339844
2004-02-23,76.35820770263672
2004-02-24,74.67599487304688
2004-02-25,75.74976348876953
2004-02-26,76.08618927001953
2004-02-27,75.78553771972656
2004-03-01,76.84497833251953
2004-03-02,76.16495513916016
2004-03-03,76.2436752319336
2004-03-04,77.68250274658203
2004-03-05,78.0619125366211
2004-03-08,76.84497833251953
2004-03-09,75.70681762695312
2004-03-10,74.12481689453125
2004-03-11,73.72392272949219
2004-03-12,75.1126480102539
2004-03-15,73.60223388671875
2004-03-16,73.77404022216797
2004-03-17,74.45408630371094
2004-03-18,74.23220825195312
2004-03-19,73.48772430419922
2004-03-22,72.51417541503906
2004-03-23,72.57862854003906
2004-03-24,71.03954315185547
2004-03-25,72.90790557861328
2004-03-26,74.2679443359375
2004-03-29,74.60438537597656
2004-03-30,74.633056640625
2004-03-31,74.69749450683594
2004-04-01,75.87857818603516
2004-04-02,75.84281158447266
2004-04-05,75.66387176513672
2004-04-06,75.57794952392578
2004-04-07,75.34172058105469
2004-04-08,75.66387176513672
2004-04-12,75.74976348876953
2004-04-13,73.8169937133789
2004-04-14,72.59293365478516
2004-04-15,72.82199096679688
2004-04-16,73.98877716064453
2004-04-19,73.3588638305664
2004-04-20,71.51917266845703
2004-04-21,71.5836181640625
2004-04-22,72.87208557128906
2004-04-23,72.05402374267578
2004-04-26,72.58503723144531
2004-04-27,72.41283416748047
2004-04-28,70.6116714477539
2004-04-29,70.51119232177734
2004-04-30,69.42764282226562
2004-05-03,69.5495834350586
2004-05-04,69.87255096435547
2004-05-05,68.9970703125
2004-05-06,68.27947998046875
2004-05-07,66.76532745361328
2004-05-10,66.0907974243164
2004-05-11,66.81556701660156
2004-05-12,66.67919921875
2004-05-13,67.05953979492188
2004-05-14,67.46141052246094
2004-05-17,66.50699615478516
2004-05-18,66.95906066894531
2004-05-19,66.50699615478516
2004-05-20,66.3060531616211
2004-05-21,65.83244323730469
2004-05-24,65.82524108886719
2004-05-25,66.81556701660156
2004-05-26,67.0164794921875
2004-05-27,66.94470977783203
2004-05-28,67.3896484375
2004-06-01,66.73663330078125
2004-06-02,65.85397338867188
2004-06-03,64.97850799560547
2004-06-04,65.67459106445312
2004-06-07,67.15282440185547
2004-06-08,67.45423889160156
2004-06-09,66.73663330078125
2004-06-10,66.7437973022461
2004-06-14,65.68175506591797
2004-06-15,64.73451232910156
2004-06-16,64.56946563720703
2004-06-17,64.11019897460938
2004-06-18,63.995357513427734
2004-06-21,63.71554183959961
2004-06-22,65.014404296875
2004-06-23,65.8180923461914
2004-06-24,66.87297058105469
2004-06-25,67.84886932373047
2004-06-28,66.92320251464844
2004-06-29,67.45423889160156
2004-06-30,67.56902313232422
2004-07-01,67.20306396484375
2004-07-02,67.17436218261719
2004-07-06,66.16253662109375
2004-07-07,64.99285125732422
2004-07-08,64.58382415771484
2004-07-09,64.61971282958984
2004-07-12,65.05745697021484
2004-07-13,64.84212493896484
2004-07-14,64.50486755371094
2004-07-15,63.38543701171875
2004-07-16,62.61044692993164
2004-07-19,62.789817810058594
2004-07-20,64.36856079101562
2004-07-21,62.7324333190918
2004-07-22,62.97642135620117
2004-07-23,63.00521469116211
2004-07-26,62.631019592285156
2004-07-27,63.897560119628906
2004-07-28,63.83998489379883
2004-07-29,64.54525756835938
2004-07-30,63.46575927734375
2004-08-02,63.64572525024414
2004-08-03,63.09874725341797
2004-08-04,63.077144622802734
2004-08-05,61.74583053588867
2004-08-06,60.846248626708984
2004-08-09,60.846248626708984
2004-08-10,61.393211364746094
2004-08-11,60.91822814941406
2004-08-12,60.3497314453125
2004-08-13,60.63035583496094
2004-08-16,61.760196685791016
2004-08-17,62.17041015625
2004-08-18,62.926025390625
2004-08-19,62.321529388427734
2004-08-20,63.19229507446289
2004-08-23,62.96919631958008
2004-08-24,62.99076843261719
2004-08-25,64.78993225097656
2004-08-26,65.57433319091797
2004-08-27,65.11380004882812
2004-08-30,64.15663146972656
2004-08-31,64.51643371582031
2004-09-01,64.1854476928711
2004-09-02,65.53116607666016
2004-09-03,64.91223907470703
2004-09-07,66.3731689453125
2004-09-08,65.80463409423828
2004-09-09,66.11407470703125
2004-09-10,67.02085876464844
2004-09-13,67.35909271240234
2004-09-14,67.71890258789062
2004-09-15,66.50270080566406
2004-09-16,67.04241180419922
2004-09-17,66.2436294555664
2004-09-20,65.97734069824219
2004-09-21,68.29462432861328
2004-09-22,67.20793151855469
2004-09-23,66.9776611328125
2004-09-24,67.27268981933594
2004-09-27,66.74734497070312
2004-09-28,66.9704360961914
2004-09-29,67.12879180908203
2004-09-30,67.0999984741211
2004-10-01,67.58932495117188
2004-10-04,68.27302551269531
2004-10-05,67.69730377197266
2004-10-06,68.74799346923828
2004-10-07,68.25863647460938
2004-10-08,67.81964874267578
2004-10-11,67.7476577758789
2004-10-12,68.07147979736328
2004-10-13,68.16505432128906
2004-10-14,66.87689971923828
2004-10-15,67.76205444335938
2004-10-18,67.82684326171875
2004-10-19,66.9704360961914
2004-10-20,66.45230865478516
2004-10-21,67.44810485839844
2004-10-22,66.89247131347656
2004-10-25,66.6904525756836
2004-10-26,67.65740203857422
2004-10-27,69.3459243774414
2004-10-28,70.30565643310547
2004-10-29,70.99118041992188
2004-11-01,70.9478988647461
2004-11-02,71.11386108398438
2004-11-03,71.70555877685547
2004-11-04,72.16017150878906
2004-11-05,72.77352142333984
2004-11-08,72.31170654296875
2004-11-09,72.78797149658203
2004-11-10,72.70137023925781
2004-11-11,74.32496643066406
2004-11-12,75.52285766601562
2004-11-15,75.49400329589844
2004-11-16,74.84452819824219
2004-11-17,75.55892944335938
2004-11-18,75.64554595947266
2004-11-19,74.35385131835938
2004-11-22,74.6280517578125
2004-11-23,74.90945434570312
2004-11-24,75.76815795898438
2004-11-26,75.65271759033203
2004-11-29,75.82591247558594
2004-11-30,75.5949935913086
2004-12-01,76.48980712890625
2004-12-02,76.92272186279297
2004-12-03,76.82894897460938
2004-12-06,77.33405303955078
2004-12-07,76.5546875
2004-12-08,76.98045349121094
2004-12-09,77.56495666503906
2004-12-10,78.94325256347656
2004-12-13,79.700927734375
2004-12-14,79.28959655761719
2004-12-15,78.8349838256836
2004-12-16,76.05683135986328
2004-12-17,74.86617279052734
2004-12-20,74.89505004882812
2004-12-21,75.77539825439453
2004-12-22,75.33524322509766
2004-12-23,75.29914855957031
2004-12-27,75.19088745117188
2004-12-28,75.87645721435547
2004-12-29,75.51563262939453
2004-12-30,75.71045684814453
2004-12-31,75.07544708251953
2005-01-03,75.73210144042969
2005-01-04,75.24139404296875
2005-01-05,74.90225219726562
2005-01-06,75.9341812133789
2005-01-07,75.60945129394531
2005-01-10,75.75376892089844
2005-01-11,75.16924285888672
2005-01-12,74.5197982788086
2005-01-13,74.28168487548828
2005-01-14,75.205322265625
2005-01-18,75.76815795898438
2005-01-19,75.08987426757812
2005-01-20,74.6136245727539
2005-01-21,74.74383544921875
2005-01-24,74.67869567871094
2005-01-25,74.40386962890625
2005-01-26,74.69319915771484
2005-01-27,75.22846221923828
2005-01-28,76.76195526123047
2005-01-31,78.01338195800781
2005-02-01,78.41120910644531
2005-02-02,78.5486831665039
2005-02-03,78.65715789794922
2005-02-04,79.58306121826172
2005-02-07,79.27201080322266
2005-02-08,80.68978118896484
2005-02-09,80.61742401123047
2005-02-10,81.57225799560547
2005-02-11,81.57225799560547
2005-02-14,80.99358367919922
2005-02-15,81.52885437011719
2005-02-16,81.21057891845703
2005-02-17,80.00257873535156
2005-02-18,78.84522247314453
2005-02-22,78.02059936523438
2005-02-23,78.9248046875
2005-02-24,78.48357391357422
2005-02-25,79.64089965820312
2005-02-28,78.70056915283203
2005-03-01,79.58306121826172
2005-03-02,79.37326049804688
2005-03-03,79.14183044433594
2005-03-04,80.67530822753906
2005-03-07,81.59396362304688
2005-03-08,81.47100830078125
2005-03-09,80.19790649414062
2005-03-10,80.5306167602539
2005-03-11,79.2430648803711
2005-03-14,79.56856536865234
2005-03-15,79.95919036865234
2005-03-16,79.54686737060547
2005-03-17,79.59751892089844
2005-03-18,79.55410766601562
2005-03-21,79.27924346923828
2005-03-22,78.11466217041016
2005-03-23,78.16524505615234
2005-03-24,78.41120910644531
2005-03-28,79.33711242675781
2005-03-29,78.44738006591797
2005-03-30,79.42391967773438
2005-03-31,79.56137084960938
2005-04-01,79.06219482421875
2005-04-04,80.29192352294922
2005-04-05,79.995361328125
2005-04-06,81.37694549560547
2005-04-07,82.12200164794922
2005-04-08,81.68799591064453
2005-04-11,81.08039855957031
2005-04-12,80.84165954589844
2005-04-13,79.57581329345703
2005-04-14,78.476318359375
2005-04-15,77.02962493896484
2005-04-18,77.65166473388672
2005-04-19,77.17430877685547
2005-04-20,75.46717071533203
2005-04-21,76.03140258789062
2005-04-22,75.54562377929688
2005-04-25,76.66947174072266
2005-04-26,76.65493774414062
2005-04-27,78.13410949707031
2005-04-28,77.02477264404297
2005-04-29,77.43077850341797
2005-05-02,75.7413558959961
2005-05-03,75.67611694335938
2005-05-04,77.05374145507812
2005-05-05,76.35042572021484
2005-05-06,75.90087890625
2005-05-09,76.49542999267578
2005-05-10,74.03739929199219
2005-05-11,75.2265853881836
2005-05-12,72.66703796386719
2005-05-13,70.92687225341797
2005-05-16,71.36190032958984
2005-05-17,71.3111343383789
2005-05-18,72.2029800415039
2005-05-19,72.59453582763672
2005-05-20,73.29061889648438
2005-05-23,73.00785064697266
2005-05-24,72.2029800415039
2005-05-25,70.51356506347656
2005-05-26,70.04227447509766
2005-05-27,69.24470520019531
2005-05-31,70.6948471069336
2005-06-01,71.52140808105469
2005-06-02,70.818115234375
2005-06-03,70.54981231689453
2005-06-06,71.36190032958984
2005-06-07,71.34739685058594
2005-06-08,71.3111343383789
2005-06-09,72.47126007080078
2005-06-10,71.8187255859375
2005-06-13,71.9709701538086
2005-06-14,71.27488708496094
2005-06-15,71.92020416259766
2005-06-16,74.4289779663086
2005-06-17,75.26280212402344
2005-06-20,74.86402893066406
2005-06-21,74.42169189453125
2005-06-22,74.29846954345703
2005-06-23,73.9721908569336
2005-06-24,75.16854858398438
2005-06-27,74.82775115966797
2005-06-28,75.37884521484375
2005-06-29,74.53050231933594
2005-06-30,73.9721908569336
2005-07-01,74.47246551513672
2005-07-05,74.81328582763672
2005-07-06,75.08155059814453
2005-07-07,75.4803237915039
2005-07-08,76.60420989990234
2005-07-11,77.80783081054688
2005-07-12,77.75708770751953
2005-07-13,78.30811309814453
2005-07-14,78.70693969726562
2005-07-15,78.67069244384766
2005-07-18,78.48216247558594
2005-07-19,79.55525970458984
2005-07-20,79.47551727294922
2005-07-21,78.48943328857422
2005-07-22,79.31063079833984
2005-07-25,78.72193908691406
2005-07-26,78.285888671875
2005-07-27,79.32515716552734
2005-07-28,79.70305633544922
2005-07-29,78.11149597167969
2005-08-01,77.84986114501953
2005-08-02,79.59407043457031
2005-08-03,80.5751724243164
2005-08-04,79.3978500366211
2005-08-05,79.724853515625
2005-08-08,79.87753295898438
2005-08-09,81.01850128173828
2005-08-10,81.41822814941406
2005-08-11,82.95166778564453
2005-08-12,82.59554290771484
2005-08-15,83.33684539794922
2005-08-16,81.45454406738281
2005-08-17,80.7641372680664
2005-08-18,80.56062316894531
2005-08-19,80.86588287353516
2005-08-22,81.17839050292969
2005-08-23,81.25109100341797
2005-08-24,79.9356460571289
2005-08-25,80.30626678466797
2005-08-26,79.76124572753906
2005-08-29,80.05192565917969
2005-08-30,79.82659149169922
2005-08-31,80.80048370361328
2005-09-01,82.21036529541016
2005-09-02,82.27580261230469
2005-09-06,83.2786865234375
2005-09-07,83.51130676269531
2005-09-08,83.69297790527344
2005-09-09,84.4269790649414
2005-09-12,85.75694274902344
2005-09-13,85.1755142211914
2005-09-14,84.23075866699219
2005-09-15,84.2670669555664
2005-09-16,86.0476303100586
2005-09-19,85.96043395996094
2005-09-20,85.7932357788086
2005-09-21,84.07086181640625
2005-09-22,86.12030792236328
2005-09-23,86.8252944946289
2005-09-26,87.21041870117188
2005-09-27,86.9706039428711
2005-09-28,87.28311157226562
2005-09-29,88.09709167480469
2005-09-30,88.35871124267578
2005-10-03,88.40959167480469
2005-10-04,86.42554473876953
2005-10-05,85.57524108886719
2005-10-06,84.97931671142578
2005-10-07,85.44441223144531
2005-10-10,86.1275863647461
2005-10-11,85.42990112304688
2005-10-12,84.04908752441406
2005-10-13,82.25398254394531
2005-10-14,83.24962615966797
2005-10-17,85.06652069091797
2005-10-18,85.0956039428711
2005-10-19,88.0825424194336
2005-10-20,86.48037719726562
2005-10-21,86.49491882324219
2005-10-24,89.7939224243164
2005-10-25,89.97605895996094
2005-10-26,90.48576354980469
2005-10-27,89.1603775024414
2005-10-28,90.71151733398438
2005-10-31,92.0296859741211
2005-11-01,92.19717407226562
2005-11-02,94.0396499633789
2005-11-03,94.09062194824219
2005-11-04,95.37236785888672
2005-11-07,94.05424499511719
2005-11-08,92.8672103881836
2005-11-09,93.72650909423828
2005-11-10,94.73880004882812
2005-11-11,94.67323303222656
2005-11-14,94.11978149414062
2005-11-15,93.19490814208984
2005-11-16,93.34786224365234
2005-11-17,94.9718246459961
2005-11-18,95.82393646240234
2005-11-21,96.42835235595703
2005-11-22,96.56671142578125
2005-11-23,97.64453125
2005-11-25,97.67364501953125
2005-11-28,95.47431945800781
2005-11-29,95.0009994506836
2005-11-30,93.91585540771484
2005-12-01,94.87714385986328
2005-12-02,95.45973205566406
2005-12-05,96.89447021484375
2005-12-06,95.62726593017578
2005-12-07,94.59313201904297
2005-12-08,93.6828384399414
2005-12-09,94.4256591796875
2005-12-12,94.68055725097656
2005-12-13,95.86760711669922
2005-12-14,94.40382385253906
2005-12-15,93.4352035522461
2005-12-16,92.1243667602539
2005-12-19,91.12664031982422
2005-12-20,91.65829467773438
2005-12-21,92.71424865722656
2005-12-22,93.20946502685547
2005-12-23,93.29686737060547
2005-12-27,93.40609741210938
2005-12-28,93.2021713256836
2005-12-29,93.2313003540039
2005-12-30,93.00553894042969
2006-01-03,93.85030364990234
2006-01-04,92.55403900146484
2006-01-05,92.51760864257812
2006-01-06,93.82844543457031
2006-01-09,94.95731353759766
2006-01-10,96.1515884399414
2006-01-11,96.10791015625
2006-01-12,96.31179809570312
2006-01-13,97.04740142822266
2006-01-17,96.55940246582031
2006-01-18,96.39923095703125
2006-01-19,97.4551773071289
2006-01-20,95.90109252929688
2006-01-23,96.94447326660156
2006-01-24,97.0392837524414
2006-01-25,97.44791412353516
2006-01-26,100.2496337890625
2006-01-27,101.3732681274414
2006-01-30,102.05176544189453
2006-01-31,103.05868530273438
2006-02-01,103.39432525634766
2006-02-02,103.98524475097656
2006-02-03,104.14580535888672
2006-02-06,104.20416259765625
2006-02-07,101.76728057861328
2006-02-08,102.97837829589844
2006-02-09,102.76686096191406
2006-02-10,102.73761749267578
2006-02-13,101.89128112792969
2006-02-14,103.44538116455078
2006-02-15,105.89686584472656
2006-02-16,106.45136260986328
2006-02-17,106.18870544433594
2006-02-21,104.663818359375
2006-02-22,106.18146514892578
2006-02-23,105.03593444824219
2006-02-24,105.18183135986328
2006-02-27,104.93383026123047
2006-02-28,103.08782958984375
2006-03-01,104.4449691772461
2006-03-02,105.06511688232422
2006-03-03,106.52436065673828
2006-03-06,105.80937194824219
2006-03-07,105.26941680908203
2006-03-08,103.96338653564453
2006-03-09,103.38700103759766
2006-03-10,103.26294708251953
2006-03-13,102.67195129394531
2006-03-14,109.01963806152344
2006-03-15,108.71321105957031
2006-03-16,107.7574234008789
2006-03-17,109.70552825927734
2006-03-20,111.03340148925781
2006-03-21,109.00505828857422
2006-03-22,110.77070617675781
2006-03-23,110.66131591796875
2006-03-24,111.02611541748047
2006-03-27,113.0909423828125
2006-03-28,112.47809600830078
2006-03-29,114.47721099853516
2006-03-30,114.4114990234375
2006-03-31,114.52098083496094
2006-04-03,115.36740112304688
2006-04-04,117.46862030029297
2006-04-05,117.2862319946289
2006-04-06,118.22747039794922
2006-04-07,117.48324584960938
2006-04-10,118.53384399414062
2006-04-11,116.11886596679688
2006-04-12,116.38877868652344
2006-04-13,116.3231430053711
2006-04-17,118.15447235107422
2006-04-18,120.78833770751953
2006-04-19,121.88274383544922
2006-04-20,122.97728729248047
2006-04-21,121.28839111328125
2006-04-24,120.8935317993164
2006-04-25,119.02910614013672
2006-04-26,119.46771240234375
2006-04-27,119.88458251953125
2006-04-28,117.19401550292969
2006-05-01,114.3863754272461
2006-05-02,116.12647247314453
2006-05-03,116.36050415039062
2006-05-04,115.54888916015625
2006-05-05,120.19170379638672
2006-05-08,119.56282043457031
2006-05-09,121.18598175048828
2006-05-10,119.97230529785156
2006-05-11,116.45552825927734
2006-05-12,114.13777160644531
2006-05-15,111.96634674072266
2006-05-16,111.64466094970703
2006-05-17,108.36185455322266
2006-05-18,107.49905395507812
2006-05-19,109.2391586303711
2006-05-22,106.85564422607422
2006-05-23,105.06438446044922
2006-05-24,105.22527313232422
2006-05-25,107.71111297607422
2006-05-26,111.82008361816406
2006-05-30,109.54629516601562
2006-05-31,110.3651351928711
2006-06-01,112.26611328125
2006-06-02,112.66090393066406
2006-06-05,109.96299743652344
2006-06-06,109.11491394042969
2006-06-07,109.6340103149414
2006-06-08,109.4950942993164
2006-06-09,109.59014129638672
2006-06-12,106.0148696899414
2006-06-13,101.8108901977539
2006-06-14,101.2624740600586
2006-06-15,105.37149047851562
2006-06-16,105.28374481201172
2006-06-19,105.1009521484375
2006-06-20,106.20496368408203
2006-06-21,109.54629516601562
2006-06-22,108.4349136352539
2006-06-23,108.1497802734375
2006-06-26,109.59745788574219
2006-06-27,107.59410858154297
2006-06-28,107.10430145263672
2006-06-29,111.27904510498047
2006-06-30,109.98491668701172
2006-07-03,111.46183776855469
2006-07-05,110.3651351928711
2006-07-06,110.0946044921875
2006-07-07,108.58113861083984
2006-07-10,108.82975769042969
2006-07-11,108.6981201171875
2006-07-12,106.2122802734375
2006-07-13,104.22355651855469
2006-07-14,102.43229675292969
2006-07-17,102.99532318115234
2006-07-18,104.07000732421875
2006-07-19,107.45523071289062
2006-07-20,106.14643859863281
2006-07-21,104.1016845703125
2006-07-24,107.66360473632812
2006-07-25,108.82891082763672
2006-07-26,108.01541137695312
2006-07-27,108.66036224365234
2006-07-28,111.19623565673828
2006-07-31,111.95110321044922
2006-08-01,110.85903930664062
2006-08-02,109.86231994628906
2006-08-03,111.47472381591797
2006-08-04,112.12693786621094
2006-08-07,111.87783813476562
2006-08-08,110.99833679199219
2006-08-09,109.94292449951172
2006-08-10,111.13021850585938
2006-08-11,110.74910736083984
2006-08-14,110.2067642211914
2006-08-15,111.87783813476562
2006-08-16,113.59276580810547
2006-08-17,113.1970443725586
2006-08-18,113.36565399169922
2006-08-21,112.74260711669922
2006-08-22,112.9771499633789
2006-08-23,111.91444396972656
2006-08-24,110.96170806884766
2006-08-25,109.98690032958984
2006-08-28,109.59114837646484
2006-08-29,107.8028564453125
2006-08-30,107.78089141845703
2006-08-31,108.94615173339844
2006-09-01,109.30533599853516
2006-09-05,110.87372589111328
2006-09-06,110.42664337158203
2006-09-07,108.8875503540039
2006-09-08,109.78900909423828
2006-09-11,110.66853332519531
2006-09-12,116.01142883300781
2006-09-13,117.89492797851562
2006-09-14,119.1115493774414
2006-09-15,119.25082397460938
2006-09-18,119.62456512451172
2006-09-19,119.74922180175781
2006-09-20,122.101806640625
2006-09-21,122.50491333007812
2006-09-22,122.77606201171875
2006-09-25,123.63353729248047
2006-09-26,123.62625885009766
2006-09-27,123.86075592041016
2006-09-28,124.59368133544922
2006-09-29,123.98534393310547
2006-10-02,125.09939575195312
2006-10-03,127.6718978881836
2006-10-04,129.40151977539062
2006-10-05,128.62469482421875
2006-10-06,128.7345733642578
2006-10-09,130.0537872314453
2006-10-10,131.08721923828125
2006-10-11,131.16781616210938
2006-10-12,133.02943420410156
2006-10-13,134.7444305419922
2006-10-16,135.74850463867188
2006-10-17,134.1728057861328
2006-10-18,134.0994415283203
2006-10-19,132.21224975585938
2006-10-20,132.4693145751953
2006-10-23,135.6268310546875
2006-10-24,137.93252563476562
2006-10-25,138.4979705810547
2006-10-26,142.00062561035156
2006-10-27,138.54202270507812
2006-10-30,139.3350372314453
2006-10-31,139.36441040039062
2006-11-01,135.84707641601562
2006-11-02,137.60211181640625
2006-11-03,137.41114807128906
2006-11-06,139.5186309814453
2006-11-07,138.54933166503906
2006-11-08,138.61544799804688
2006-11-09,135.68553161621094
2006-11-10,137.35968017578125
2006-11-13,137.8517608642578
2006-11-14,139.78298950195312
2006-11-15,141.80238342285156
2006-11-16,144.4532470703125
2006-11-17,143.21954345703125
2006-11-20,144.98922729492188
2006-11-21,146.68544006347656
2006-11-22,148.54331970214844
2006-11-24,148.0366668701172
2006-11-27,141.80238342285156
2006-11-28,144.74691772460938
2006-11-29,144.08604431152344
2006-11-30,143.04331970214844
2006-12-01,142.82308959960938
2006-12-04,146.8984832763672
2006-12-05,148.04391479492188
2006-12-06,150.5332794189453
2006-12-07,147.0085906982422
2006-12-08,150.60671997070312
2006-12-11,148.71212768554688
2006-12-12,146.86167907714844
2006-12-13,145.6207275390625
2006-12-14,146.95713806152344
2006-12-15,146.74427795410156
2006-12-18,149.2409210205078
2006-12-19,147.7722625732422
2006-12-20,147.8677215576172
2006-12-21,145.46661376953125
2006-12-22,145.45924377441406
2006-12-26,146.75889587402344
2006-12-27,148.29367065429688
2006-12-28,147.44918823242188
2006-12-29,146.3844451904297
2007-01-03,147.39041137695312
2007-01-04,146.0172882080078
2007-01-05,146.1641387939453
2007-01-08,149.60072326660156
2007-01-09,149.85769653320312
2007-01-10,152.81698608398438
2007-01-11,155.58534240722656
2007-01-12,157.13473510742188
2007-01-16,156.84097290039062
2007-01-17,156.5765838623047
2007-01-18,153.96983337402344
2007-01-19,154.6759796142578
2007-01-22,156.64727783203125
2007-01-23,156.40444946289062
2007-01-24,161.8915557861328
2007-01-25,156.72073364257812
2007-01-26,157.03707885742188
2007-01-29,155.22755432128906
2007-01-30,153.56527709960938
2007-01-31,156.0513916015625
2007-02-01,155.9337158203125
2007-02-02,156.98550415039062
2007-02-05,156.3383331298828
2007-02-06,157.88291931152344
2007-02-07,157.07379150390625
2007-02-08,157.3312225341797
2007-02-09,156.87522888183594
2007-02-12,155.29385375976562
2007-02-13,156.32354736328125
2007-02-14,159.90560913085938
2007-02-15,159.47898864746094
2007-02-16,159.552490234375
2007-02-20,162.50941467285156
2007-02-21,161.92832946777344
2007-02-22,161.0604248046875
2007-02-23,159.24363708496094
2007-02-26,157.40481567382812
2007-02-27,144.1651611328125
2007-02-28,148.39450073242188
2007-03-01,146.857177734375
2007-03-02,143.9224395751953
2007-03-05,139.7519073486328
2007-03-06,145.17282104492188
2007-03-07,143.8635711669922
2007-03-08,147.06314086914062
2007-03-09,148.35769653320312
2007-03-12,149.0196990966797
2007-03-13,146.39381408691406
2007-03-14,147.21762084960938
2007-03-15,147.76193237304688
2007-03-16,146.37181091308594
2007-03-19,148.9020233154297
2007-03-20,150.04945373535156
2007-03-21,155.161376953125
2007-03-22,154.521484375
2007-03-23,155.85279846191406
2007-03-26,155.73509216308594
2007-03-27,154.36705017089844
2007-03-28,152.07952880859375
2007-03-29,152.40313720703125
2007-03-30,151.98387145996094
2007-04-02,151.26309204101562
2007-04-03,154.27879333496094
2007-04-04,153.5726776123047
2007-04-05,152.94012451171875
2007-04-09,153.6830291748047
2007-04-10,153.76388549804688
2007-04-11,152.20452880859375
2007-04-12,152.2928009033203
2007-04-13,151.8883056640625
2007-04-16,157.78726196289062
2007-04-17,158.0667724609375
2007-04-18,159.42752075195312
2007-04-19,161.29576110839844
2007-04-20,162.07666015625
2007-04-23,163.85951232910156
2007-04-24,162.60707092285156
2007-04-25,166.2023162841797
2007-04-26,165.6203155517578
2007-04-27,165.22982788085938
2007-04-30,161.0526885986328
2007-05-01,161.030517578125
2007-05-02,161.7009735107422
2007-05-03,163.22598266601562
2007-05-04,167.484130859375
2007-05-07,167.39578247070312
2007-05-08,165.72337341308594
2007-05-09,166.91685485839844
2007-05-10,164.3605499267578
2007-05-11,167.6020050048828
2007-05-14,166.62954711914062
2007-05-15,165.303466796875
2007-05-16,167.31471252441406
2007-05-17,167.5136260986328
2007-05-18,169.6942596435547
2007-05-21,168.8765106201172
2007-05-22,169.96688842773438
2007-05-23,168.36819458007812
2007-05-24,166.26121520996094
2007-05-25,166.15072631835938
2007-05-29,168.29452514648438
2007-05-30,170.91725158691406
2007-05-31,170.04786682128906
2007-06-01,169.96688842773438
2007-06-04,169.23020935058594
2007-06-05,168.9723663330078
2007-06-06,167.4915008544922
2007-06-07,162.11355590820312
2007-06-08,165.80445861816406
2007-06-11,167.3515625
2007-06-12,167.8599090576172
2007-06-13,172.12547302246094
2007-06-14,166.31275939941406
2007-06-15,166.63697814941406
2007-06-18,167.21156311035156
2007-06-19,169.0533447265625
2007-06-20,166.4158935546875
2007-06-21,167.1599884033203
2007-06-22,163.84478759765625
2007-06-25,159.6749725341797
2007-06-26,157.78163146972656
2007-06-27,161.58309936523438
2007-06-28,161.31056213378906
2007-06-29,159.682373046875
2007-07-02,161.47262573242188
2007-07-03,165.42869567871094
2007-07-05,163.04925537109375
2007-07-06,164.75836181640625
2007-07-09,164.5078582763672
2007-07-10,159.925537109375
2007-07-11,159.6602325439453
2007-07-12,162.29031372070312
2007-07-13,163.68270874023438
2007-07-16,162.37136840820312
2007-07-17,161.63467407226562
2007-07-18,158.3857879638672
2007-07-19,155.95460510253906
2007-07-20,151.7185516357422
2007-07-23,151.05548095703125
2007-07-24,145.9795684814453
2007-07-25,149.6704559326172
2007-07-26,143.74728393554688
2007-07-27,142.18264770507812
2007-07-30,144.46315002441406
2007-07-31,139.00173950195312
2007-08-01,139.48878479003906
2007-08-02,138.35223388671875
2007-08-03,132.6103515625
2007-08-06,138.59579467773438
2007-08-07,141.14942932128906
2007-08-08,142.66238403320312
2007-08-09,134.50711059570312
2007-08-10,133.2154541015625
2007-08-13,131.0013427734375
2007-08-14,125.28167724609375
2007-08-15,121.70216369628906
2007-08-16,125.35545349121094
2007-08-17,129.15631103515625
2007-08-20,127.50308990478516
2007-08-21,129.5105438232422
2007-08-22,131.28924560546875
2007-08-23,131.0013427734375
2007-08-24,132.6472625732422
2007-08-27,131.33355712890625
2007-08-28,126.16732788085938
2007-08-29,128.21160888671875
2007-08-30,126.4846420288086
2007-08-31,129.9017333984375
2007-09-04,133.4369354248047
2007-09-05,131.23019409179688
2007-09-06,132.24122619628906
2007-09-07,132.09373474121094
2007-09-10,135.5108184814453
2007-09-11,135.4295654296875
2007-09-12,134.7136688232422
2007-09-13,139.09764099121094
2007-09-14,140.66232299804688
2007-09-17,138.4629364013672
2007-09-18,147.97625732421875
2007-09-19,151.6664276123047
2007-09-20,150.21246337890625
2007-09-21,154.97286987304688
2007-09-24,155.304931640625
2007-09-25,155.65182495117188
2007-09-26,158.389892578125
2007-09-27,159.99148559570312
2007-09-28,159.96194458007812
2007-10-01,164.56729125976562
2007-10-02,168.28692626953125
2007-10-03,167.79248046875
2007-10-04,166.75926208496094
2007-10-05,168.6411895751953
2007-10-08,167.504638671875
2007-10-09,176.5382537841797
2007-10-10,174.1322479248047
2007-10-11,169.01759338378906
2007-10-12,172.37579345703125
2007-10-15,169.26116943359375
2007-10-16,165.93275451660156
2007-10-17,167.99183654785156
2007-10-18,168.16156005859375
2007-10-19,160.6630859375
2007-10-22,163.97679138183594
2007-10-23,165.14295959472656
2007-10-24,166.1466827392578
2007-10-25,167.54376220703125
2007-10-26,174.38861083984375
2007-10-29,180.2208251953125
2007-10-30,177.64837646484375
2007-10-31,183.25881958007812
2007-11-01,177.55972290039062
2007-11-02,169.71694946289062
2007-11-05,161.4307098388672
2007-11-06,164.95655822753906
2007-11-07,158.31874084472656
2007-11-08,155.18455505371094
2007-11-09,156.21205139160156
2007-11-12,158.7104949951172
2007-11-13,172.2598114013672
2007-11-14,172.45932006835938
2007-11-15,167.80987548828125
2007-11-16,166.50148010253906
2007-11-19,163.01992797851562
2007-11-20,160.7580108642578
2007-11-21,154.8592987060547
2007-11-23,160.01882934570312
2007-11-26,153.34400939941406
2007-11-27,157.6904296875
2007-11-28,168.17947387695312
2007-11-29,165.85836791992188
2007-11-30,167.52894592285156
2007-12-03,167.7137451171875
2007-12-04,159.08743286132812
2007-12-05,161.33457946777344
2007-12-06,164.47608947753906
2007-12-07,161.06109619140625
2007-12-10,165.7327117919922
2007-12-11,156.07894897460938
2007-12-12,157.13604736328125
2007-12-13,154.1053466796875
2007-12-14,155.72418212890625
2007-12-17,154.2162628173828
2007-12-18,148.95323181152344
2007-12-19,150.9120330810547
2007-12-20,149.8106689453125
2007-12-21,154.93328857421875
2007-12-24,158.4222412109375
2007-12-26,160.17404174804688
2007-12-27,156.67030334472656
2007-12-28,156.66293334960938
2007-12-31,158.96176147460938
2008-01-02,153.45489501953125
2008-01-03,151.41470336914062
2008-01-04,147.7853240966797
2008-01-07,143.9416046142578
2008-01-08,140.0756378173828
2008-01-09,141.73878479003906
2008-01-10,145.5530242919922
2008-01-11,146.9056854248047
2008-01-14,149.05667114257812
2008-01-15,142.87718200683594
2008-01-16,145.98907470703125
2008-01-17,141.1696014404297
2008-01-18,138.38284301757812
2008-01-22,140.9552001953125
2008-01-23,147.3861846923828
2008-01-24,147.24575805664062
2008-01-25,141.7068634033203
2008-01-28,145.3203582763672
2008-01-29,145.17239379882812
2008-01-30,147.02354431152344
2008-01-31,147.76406860351562
2008-02-01,153.85826110839844
2008-02-04,148.68972778320312
2008-02-05,140.58877563476562
2008-02-06,138.59686279296875
2008-02-07,141.0330352783203
2008-02-08,138.52281188964844
2008-02-11,137.63418579101562
2008-02-12,133.7688751220703
2008-02-13,133.4208526611328
2008-02-14,130.74024963378906
2008-02-15,132.1101837158203
2008-02-19,128.69651794433594
2008-02-20,131.25128173828125
2008-02-21,129.7109832763672
2008-02-22,131.5918426513672
2008-02-25,131.33270263671875
2008-02-26,127.88197326660156
2008-02-27,133.87991333007812
2008-02-28,130.8439483642578
2008-02-29,125.60871124267578
2008-03-03,122.23944091796875
2008-03-04,121.1435775756836
2008-03-05,122.1579818725586
2008-03-06,117.4781265258789
2008-03-07,118.52971649169922
2008-03-10,115.20484161376953
2008-03-11,120.75112915039062
2008-03-12,120.7066879272461
2008-03-13,122.50604248046875
2008-03-14,116.15265655517578
2008-03-17,111.82828521728516
2008-03-18,130.02197265625
2008-03-19,123.28357696533203
2008-03-20,133.01361083984375
2008-03-24,132.45826721191406
2008-03-25,133.01361083984375
2008-03-26,129.94056701660156
2008-03-27,124.50542449951172
2008-03-28,121.77299499511719
2008-03-31,122.46900939941406
2008-04-01,130.96246337890625
2008-04-02,130.96978759765625
2008-04-03,130.71807861328125
2008-04-04,129.88131713867188
2008-04-07,132.3471221923828
2008-04-08,132.47303771972656
2008-04-09,128.94830322265625
2008-04-10,126.28997039794922
2008-04-11,123.8833999633789
2008-04-14,121.13616943359375
2008-04-15,121.5879135131836
2008-04-16,125.17923736572266
2008-04-17,127.43773651123047
2008-04-18,133.23574829101562
2008-04-21,133.58370971679688
2008-04-22,133.1098175048828
2008-04-23,132.80615234375
2008-04-24,139.79649353027344
2008-04-25,142.4374237060547
2008-04-28,141.1318359375
2008-04-29,142.94187927246094
2008-04-30,141.97007751464844
2008-05-01,147.66751098632812
2008-05-02,148.57266235351562
2008-05-05,146.23577880859375
2008-05-06,146.59933471679688
2008-05-07,140.77566528320312
2008-05-08,139.26226806640625
2008-05-09,139.5367889404297
2008-05-12,142.49676513671875
2008-05-13,141.19857788085938
2008-05-14,141.05014038085938
2008-05-15,139.92994689941406
2008-05-16,138.83200073242188
2008-05-19,136.79928588867188
2008-05-20,135.33779907226562
2008-05-21,132.49649047851562
2008-05-22,131.45787048339844
2008-05-23,128.074951171875
2008-05-27,129.0246124267578
2008-05-28,129.69967651367188
2008-05-29,130.74574279785156
2008-05-30,130.871826171875
2008-06-02,127.85242462158203
2008-06-03,126.5467758178711
2008-06-04,127.67442321777344
2008-06-05,131.01283264160156
2008-06-06,125.7010498046875
2008-06-09,122.9710464477539
2008-06-10,124.04669952392578
2008-06-11,120.47836303710938
2008-06-12,123.70549774169922
2008-06-13,132.2665252685547
2008-06-16,135.08558654785156
2008-06-17,133.11962890625
2008-06-18,135.59002685546875
2008-06-19,138.6761932373047
2008-06-20,136.33197021484375
2008-06-23,132.4890594482422
2008-06-24,135.00393676757812
2008-06-25,136.24293518066406
2008-06-26,130.7605438232422
2008-06-27,129.49937438964844
2008-06-30,129.7516326904297
2008-07-01,130.07057189941406
2008-07-02,132.637451171875
2008-07-03,132.711669921875
2008-07-07,125.98301696777344
2008-07-08,129.7516326904297
2008-07-09,125.38953399658203
2008-07-10,126.23523712158203
2008-07-11,120.53765869140625
2008-07-14,117.71124267578125
2008-07-15,117.06578063964844
2008-07-16,128.23822021484375
2008-07-17,134.4550323486328
2008-07-18,135.64198303222656
2008-07-21,134.11378479003906
2008-07-22,139.49969482421875
2008-07-23,139.37356567382812
2008-07-24,133.7279815673828
2008-07-25,132.7988739013672
2008-07-28,128.51744079589844
2008-07-29,135.00650024414062
2008-07-30,138.381103515625
2008-07-31,136.79786682128906
2008-08-01,135.28146362304688
2008-08-04,132.20425415039062
2008-08-05,134.3672332763672
2008-08-06,133.46041870117188
2008-08-07,128.09373474121094
2008-08-08,130.78453063964844
2008-08-11,132.30825805664062
2008-08-12,124.35489654541016
2008-08-13,122.5710220336914
2008-08-14,123.8271484375
2008-08-15,121.29248046875
2008-08-18,118.95849609375
2008-08-19,117.44221496582031
2008-08-20,117.62806701660156
2008-08-21,116.26776885986328
2008-08-22,118.78759765625
2008-08-25,115.73999786376953
2008-08-26,115.88864135742188
2008-08-27,115.56900787353516
2008-08-28,120.2890396118164
2008-08-29,121.87973022460938
2008-09-02,122.88317108154297
2008-09-03,124.5853042602539
2008-09-04,119.59774780273438
2008-09-05,121.33707427978516
2008-09-08,126.1611328125
2008-09-09,120.17015075683594
2008-09-10,117.13740539550781
2008-09-11,116.7212142944336
2008-09-12,114.62503814697266
2008-09-15,100.71783447265625
2008-09-16,98.8669204711914
2008-09-17,85.10843658447266
2008-09-18,80.27692413330078
2008-09-19,96.4809799194336
2008-09-22,89.77640533447266
2008-09-23,92.9502944946289
2008-09-24,98.85956573486328
2008-09-25,100.71783447265625
2008-09-26,102.56866455078125
2008-09-29,89.71692657470703
2008-09-30,95.14300537109375
2008-10-01,99.97449493408203
2008-10-02,97.77435302734375
2008-10-03,95.14300537109375
2008-10-06,92.16983795166016
2008-10-07,85.4800796508789
2008-10-08,83.99346160888672
2008-10-09,75.33396911621094
2008-10-10,66.0054702758789
2008-10-13,82.5068588256836
2008-10-14,91.35218811035156
2008-10-15,84.10494995117188
2008-10-16,83.54747009277344
2008-10-17,84.95976257324219
2008-10-20,90.3115463256836
2008-10-21,90.2000503540039
2008-10-22,85.524658203125
2008-10-23,80.95433807373047
2008-10-24,74.85554504394531
2008-10-27,69.2488021850586
2008-10-28,69.76325988769531
2008-10-29,72.81265258789062
2008-10-30,67.92916107177734
2008-10-31,68.96548461914062
2008-11-03,66.42310333251953
2008-11-04,70.82945251464844
2008-11-05,65.18544006347656
2008-11-06,60.18264389038086
2008-11-07,57.99065399169922
2008-11-10,53.09221267700195
2008-11-11,55.67940139770508
2008-11-12,49.796810150146484
2008-11-13,52.182647705078125
2008-11-14,49.752079010009766
2008-11-17,46.590843200683594
2008-11-18,46.24789047241211
2008-11-19,41.140708923339844
2008-11-20,38.769779205322266
2008-11-21,39.7464714050293
2008-11-24,50.26652145385742
2008-11-25,53.517208099365234
2008-11-26,57.036312103271484
2008-11-28,58.89280319213867
2008-12-01,49.02888107299805
2008-12-02,48.46223831176758
2008-12-03,51.407249450683594
2008-12-04,50.34852981567383
2008-12-05,52.72690200805664
2008-12-08,57.52094268798828
2008-12-09,54.25532913208008
2008-12-10,53.33082962036133
2008-12-11,51.97389221191406
2008-12-12,50.50509262084961
2008-12-15,49.55074691772461
2008-12-16,56.66353988647461
2008-12-17,58.736228942871094
2008-12-18,59.68311309814453
2008-12-19,60.19008255004883
2008-12-22,57.409114837646484
2008-12-23,56.06707000732422
2008-12-24,56.9915771484375
2008-12-26,56.641178131103516
2008-12-29,57.08106231689453
2008-12-30,61.18171691894531
2008-12-31,62.91886520385742
2009-01-02,64.68592071533203
2009-01-05,66.19197845458984
2009-01-06,66.13976287841797
2009-01-07,63.00088882446289
2009-01-08,63.67938232421875
2009-01-09,62.56848907470703
2009-01-12,57.9086799621582
2009-01-13,58.095027923583984
2009-01-14,56.43241500854492
2009-01-15,55.0456428527832
2009-01-16,54.46409606933594
2009-01-20,44.13791275024414
2009-01-21,52.11555480957031
2009-01-22,52.958030700683594
2009-01-23,55.85089111328125
2009-01-26,55.321495056152344
2009-01-27,58.348548889160156
2009-01-28,65.38673400878906
2009-01-29,61.67378616333008
2009-01-30,60.19008255004883
2009-02-02,62.307525634765625
2009-02-03,61.74089050292969
2009-02-04,65.58805847167969
2009-02-05,69.22643280029297
2009-02-06,72.0
2009-02-09,72.98410034179688
2009-02-10,67.39974212646484
2009-02-11,70.61319732666016
2009-02-12,71.26187133789062
2009-02-13,71.9104995727539
2009-02-17,63.903018951416016
2009-02-18,63.00088882446289
2009-02-19,64.12669372558594
2009-02-20,63.412315368652344
2009-02-23,60.023929595947266
2009-02-24,69.70186614990234
2009-02-25,67.40788269042969
2009-02-26,69.07958984375
2009-02-27,68.2774887084961
2009-03-02,64.6717300415039
2009-03-03,61.74812316894531
2009-03-04,64.07201385498047
2009-03-05,61.260826110839844
2009-03-06,56.710506439208984
2009-03-09,55.436119079589844
2009-03-10,63.92957305908203
2009-03-11,69.25950622558594
2009-03-12,72.90276336669922
2009-03-13,74.06472778320312
2009-03-16,70.3914794921875
2009-03-17,74.20719146728516
2009-03-18,78.89994812011719
2009-03-19,74.43954467773438
2009-03-20,72.95526123046875
2009-03-23,83.90755462646484
2009-03-24,82.91053009033203
2009-03-25,84.67218780517578
2009-03-26,83.9525146484375
2009-03-27,81.02143096923828
2009-03-30,75.30916595458984
2009-03-31,79.47713470458984
2009-04-01,82.67814636230469
2009-04-02,85.62422943115234
2009-04-03,89.50739288330078
2009-04-06,87.44586181640625
2009-04-07,87.0185775756836
2009-04-08,86.02155303955078
2009-04-09,93.20315551757812
2009-04-13,97.56604766845703
2009-04-14,86.29142761230469
2009-04-15,90.84928131103516
2009-04-16,90.84928131103516
2009-04-17,90.4069595336914
2009-04-20,86.21648406982422
2009-04-21,90.22705841064453
2009-04-22,90.3244857788086
2009-04-23,92.06365966796875
2009-04-24,90.93171691894531
2009-04-27,90.63185119628906
2009-04-28,90.45941162109375
2009-04-29,95.33961486816406
2009-04-30,96.32914733886719
2009-05-01,95.26467895507812
2009-05-04,100.57207489013672
2009-05-05,101.35175323486328
2009-05-06,104.36531829833984
2009-05-07,100.24978637695312
2009-05-08,104.64268493652344
2009-05-11,101.7865982055664
2009-05-12,101.5091781616211
2009-05-13,96.89886474609375
2009-05-14,100.15234375
2009-05-15,100.75201416015625
2009-05-18,107.31140899658203
2009-05-19,105.8121337890625
2009-05-20,102.28133392333984
2009-05-21,103.08546447753906
2009-05-22,102.47667694091797
2009-05-26,106.76066589355469
2009-05-27,105.2274398803711
2009-05-28,108.71475982666016
2009-05-29,108.6546630859375
2009-06-01,108.47429656982422
2009-06-02,107.5724105834961
2009-06-03,106.83580780029297
2009-06-04,112.33734893798828
2009-06-05,111.99162292480469
2009-06-08,111.49555206298828
2009-06-09,112.21704864501953
2009-06-10,110.24044799804688
2009-06-11,109.0905532836914
2009-06-12,109.4588394165039
2009-06-15,107.4821548461914
2009-06-16,108.34648132324219
2009-06-17,105.01700592041016
2009-06-18,107.54235076904297
2009-06-19,107.5724105834961
2009-06-22,102.97277069091797
2009-06-23,106.11431121826172
2009-06-24,107.21161651611328
2009-06-25,108.54939270019531
2009-06-26,110.2854995727539
2009-06-29,112.25466918945312
2009-06-30,110.81159973144531
2009-07-01,110.72145080566406
2009-07-02,107.84294891357422
2009-07-06,110.0750961303711
2009-07-07,107.1289291381836
2009-07-08,104.13017272949219
2009-07-09,107.63253021240234
2009-07-10,106.62541198730469
2009-07-13,112.31474304199219
2009-07-14,112.4801254272461
2009-07-15,116.6889419555664
2009-07-16,117.87637329101562
2009-07-17,117.87637329101562
2009-07-20,120.27387237548828
2009-07-21,120.10108947753906
2009-07-22,120.59709930419922
2009-07-23,124.34735870361328
2009-07-24,123.7988052368164
2009-07-27,123.15990447998047
2009-07-28,120.65719604492188
2009-07-29,119.83052062988281
2009-07-30,122.07015991210938
2009-07-31,122.73152923583984
2009-08-03,123.33277893066406
2009-08-04,124.13697052001953
2009-08-05,126.74492645263672
2009-08-06,125.32451629638672
2009-08-07,122.9946060180664
2009-08-10,120.52191162109375
2009-08-11,119.66514587402344
2009-08-12,123.0772705078125
2009-08-13,123.618408203125
2009-08-14,122.30318450927734
2009-08-17,118.18455505371094
2009-08-18,120.61212921142578
2009-08-19,120.19876861572266
2009-08-20,122.00252532958984
2009-08-21,123.15489959716797
2009-08-24,122.45448303222656
2009-08-25,124.23196411132812
2009-08-26,124.99273681640625
2009-08-27,124.29222106933594
2009-08-28,123.84033203125
2009-08-31,124.62364959716797
2009-09-01,120.63921356201172
2009-09-02,119.41152954101562
2009-09-03,121.76153564453125
2009-09-04,122.7481460571289
2009-09-08,125.94930267333984
2009-09-09,128.24655151367188
2009-09-10,131.711181640625
2009-09-11,131.58316040039062
2009-09-14,133.8503875732422
2009-09-15,133.05947875976562
2009-09-16,135.47720336914062
2009-09-17,136.6747589111328
2009-09-18,137.9702911376953
2009-09-21,137.37525939941406
2009-09-22,139.7327423095703
2009-09-23,138.31671142578125
2009-09-24,137.87985229492188
2009-09-25,135.1985321044922
2009-09-28,137.45814514160156
2009-09-29,138.27159118652344
2009-09-30,138.85150146484375
2009-10-01,134.81436157226562
2009-10-02,135.28131103515625
2009-10-05,140.4483184814453
2009-10-06,140.83242797851562
2009-10-07,143.46864318847656
2009-10-08,141.72866821289062
2009-10-09,142.579833984375
2009-10-12,143.22003173828125
2009-10-13,141.02066040039062
2009-10-14,144.82432556152344
2009-10-15,142.0751495361328
2009-10-16,138.86656188964844
2009-10-19,139.7176513671875
2009-10-20,139.31094360351562
2009-10-21,135.01773071289062
2009-10-22,138.35433959960938
2009-10-23,135.8463134765625
2009-10-26,135.1005859375
2009-10-27,134.52821350097656
2009-10-28,129.6700897216797
2009-10-29,134.505615234375
2009-10-30,128.17120361328125
2009-11-02,128.55538940429688
2009-11-03,129.2557830810547
2009-11-04,127.66654205322266
2009-11-05,130.60400390625
2009-11-06,129.3838653564453
2009-11-09,132.99168395996094
2009-11-10,132.94642639160156
2009-11-11,135.46214294433594
2009-11-12,134.4302215576172
2009-11-13,133.13473510742188
2009-11-16,133.50389099121094
2009-11-17,133.0142059326172
2009-11-18,133.240234375
2009-11-19,130.1747283935547
2009-11-20,128.0507049560547
2009-11-23,129.5495147705078
2009-11-24,128.89422607421875
2009-11-25,127.22967529296875
2009-11-27,123.64450073242188
2009-11-30,128.0601348876953
2009-12-01,126.52783203125
2009-12-02,125.7956771850586
2009-12-03,124.01433563232422
2009-12-04,126.23345184326172
2009-12-07,123.67466735839844
2009-12-08,122.15754699707031
2009-12-09,125.62960052490234
2009-12-10,125.8485336303711
2009-12-11,125.29756927490234
2009-12-14,125.37298583984375
2009-12-15,122.83678436279297
2009-12-16,124.53517150878906
2009-12-17,121.47062683105469
2009-12-18,123.17643737792969
2009-12-21,124.8823471069336
2009-12-22,124.24082946777344
2009-12-23,123.50870513916016
2009-12-24,123.76527404785156
2009-12-28,123.60674285888672
2009-12-29,123.87846374511719
2009-12-30,125.82588958740234
2009-12-31,127.44116973876953
2010-01-04,130.64157104492188
2010-01-05,132.95118713378906
2010-01-06,131.53219604492188
2010-01-07,134.1060791015625
2010-01-08,131.56996154785156
2010-01-11,129.4942626953125
2010-01-12,126.67133331298828
2010-01-13,127.6147232055664
2010-01-14,127.2071762084961
2010-01-15,124.70121002197266
2010-01-19,125.9466781616211
2010-01-20,126.64859771728516
2010-01-21,121.4253921508789
2010-01-22,116.33045196533203
2010-01-25,116.97954559326172
2010-01-26,113.8848648071289
2010-01-27,114.35282897949219
2010-01-28,115.70399475097656
2010-01-29,112.25447845458984
2010-02-01,115.58319854736328
2010-02-02,118.4589614868164
2010-02-03,118.67791748046875
2010-02-04,113.73392486572266
2010-02-05,116.36067199707031
2010-02-08,114.05091094970703
2010-02-09,115.10012817382812
2010-02-10,115.96063232421875
2010-02-11,116.2776107788086
2010-02-12,116.18704986572266
2010-02-16,118.80622100830078
2010-02-17,118.70054626464844
2010-02-18,117.545654296875
2010-02-19,117.88529205322266
2010-02-22,118.28536987304688
2010-02-23,118.27782440185547
2010-02-24,119.5081558227539
2010-02-25,118.08158111572266
2010-02-26,118.27827453613281
2010-03-01,118.4219970703125
2010-03-02,120.0938949584961
2010-03-03,119.31463623046875
2010-03-04,123.77043151855469
2010-03-05,126.47117614746094
2010-03-08,128.48342895507812
2010-03-09,127.73444366455078
2010-03-10,130.0720977783203
2010-03-11,131.2598114013672
2010-03-12,132.35667419433594
2010-03-15,131.27493286132812
2010-03-16,133.2871856689453
2010-03-17,133.6275634765625
2010-03-18,134.2404022216797
2010-03-19,134.58082580566406
2010-03-22,133.26443481445312
2010-03-23,132.25831604003906
2010-03-24,131.94058227539062
2010-03-25,132.3112335205078
2010-03-26,130.7755889892578
2010-03-29,131.66830444335938
2010-03-30,129.64842224121094
2010-03-31,129.08102416992188
2010-04-01,128.77088928222656
2010-04-05,130.99502563476562
2010-04-06,130.7982940673828
2010-04-07,133.415771484375
2010-04-08,135.7911834716797
2010-04-09,135.50367736816406
2010-04-12,134.53541564941406
2010-04-13,135.60206604003906
2010-04-14,139.89138793945312
2010-04-15,139.399658203125
2010-04-16,121.56902313232422
2010-04-19,123.55107879638672
2010-04-20,121.02438354492188
2010-04-21,120.23003387451172
2010-04-22,120.32078552246094
2010-04-23,119.07260131835938
2010-04-26,115.01019287109375
2010-04-27,115.7742691040039
2010-04-28,118.77754974365234
2010-04-29,121.22108459472656
2010-04-30,109.8433609008789
2010-05-03,113.09622955322266
2010-05-04,113.05846405029297
2010-05-05,112.10523223876953
2010-05-06,107.66460418701172
2010-05-07,108.17150115966797
2010-05-10,108.80695343017578
2010-05-11,107.39986419677734
2010-05-12,111.35633850097656
2010-05-13,109.42726135253906
2010-05-14,108.35304260253906
2010-05-17,107.90669250488281
2010-05-18,103.91239166259766
2010-05-19,105.98518371582031
2010-05-20,102.959228515625
2010-05-21,106.37859344482422
2010-05-24,103.4055404663086
2010-05-25,107.84619140625
2010-05-26,106.13651275634766
2010-05-27,109.92848205566406
2010-05-28,109.40513610839844
2010-06-01,107.58500671386719
2010-06-02,109.83744812011719
2010-06-03,109.23831939697266
2010-06-04,107.88079833984375
2010-06-07,105.1733169555664
2010-06-08,104.49078369140625
2010-06-09,103.74757385253906
2010-06-10,101.44967651367188
2010-06-11,102.86782836914062
2010-06-14,101.19942474365234
2010-06-15,103.82342529296875
2010-06-16,103.94476318359375
2010-06-17,104.1419448852539
2010-06-18,104.79415893554688
2010-06-21,104.46046447753906
2010-06-22,102.22322082519531
2010-06-23,102.43559265136719
2010-06-24,102.36729431152344
2010-06-25,105.91654205322266
2010-06-28,103.64138793945312
2010-06-29,101.44205474853516
2010-06-30,99.55370330810547
2010-07-01,99.45509338378906
2010-07-02,99.40957641601562
2010-07-06,100.30447387695312
2010-07-07,103.01192474365234
2010-07-08,102.73133850097656
2010-07-09,104.703125
2010-07-12,104.08888244628906
2010-07-13,106.36399841308594
2010-07-14,105.4615707397461
2010-07-15,110.13318634033203
2010-07-16,110.85364532470703
2010-07-19,110.48204803466797
2010-07-20,112.93173217773438
2010-07-21,111.4755859375
2010-07-22,111.14189147949219
2010-07-23,111.7713394165039
2010-07-26,112.39319610595703
2010-07-27,111.65755462646484
2010-07-28,111.63479614257812
2010-07-29,115.71489715576172
2010-07-30,114.38020324707031
2010-08-02,115.83625030517578
2010-08-03,116.17759704589844
2010-08-04,118.61957550048828
2010-08-05,118.24799346923828
2010-08-06,117.68673706054688
2010-08-09,117.85362243652344
2010-08-10,116.71601867675781
2010-08-11,113.18950653076172
2010-08-12,113.31843566894531
2010-08-13,112.30220794677734
2010-08-16,112.05950164794922
2010-08-17,112.6889877319336
2010-08-18,113.15156555175781
2010-08-19,111.52104187011719
2010-08-20,112.42354583740234
2010-08-23,111.28595733642578
2010-08-24,109.17005920410156
2010-08-25,109.72366333007812
2010-08-26,107.54708862304688
2010-08-27,105.98484802246094
2010-08-30,103.90161895751953
2010-08-31,104.10688018798828
2010-09-01,106.24330139160156
2010-09-02,106.27371978759766
2010-09-03,111.98352813720703
2010-09-07,110.40213012695312
2010-09-08,112.17357635498047
2010-09-09,113.39007568359375
2010-09-10,114.34040832519531
2010-09-13,117.36640167236328
2010-09-14,115.96748352050781
2010-09-15,115.99026489257812
2010-09-16,115.7393569946289
2010-09-17,114.78898620605469
2010-09-20,115.48851776123047
2010-09-21,115.1083755493164
2010-09-22,112.57662963867188
2010-09-23,110.17403411865234
2010-09-24,111.97599029541016
2010-09-27,111.00276184082031
2010-09-28,110.25005340576172
2010-09-29,109.80146789550781
2010-09-30,109.92315673828125
2010-10-01,112.29525756835938
2010-10-04,111.43611907958984
2010-10-05,113.71703338623047
2010-10-06,114.68256378173828
2010-10-07,114.88785552978516
2010-10-08,116.0663070678711
2010-10-11,115.71659851074219
2010-10-12,118.00505065917969
2010-10-13,117.64018249511719
2010-10-14,115.25277709960938
2010-10-15,114.56849670410156
2010-10-18,116.85697937011719
2010-10-19,119.15313720703125
2010-10-20,121.3427505493164
2010-10-21,121.1146469116211
2010-10-22,119.94377899169922
2010-10-25,119.6624984741211
2010-10-26,120.34674072265625
2010-10-27,121.7608642578125
2010-10-28,124.11019134521484
2010-10-29,122.50598907470703
2010-11-01,122.84051513671875
2010-11-02,123.79087829589844
2010-11-03,123.6464614868164
2010-11-04,126.50515747070312
2010-11-05,130.06333923339844
2010-11-08,128.64154052734375
2010-11-09,126.6268310546875
2010-11-10,127.13616943359375
2010-11-11,127.5087661743164
2010-11-12,126.07929229736328
2010-11-15,127.13616943359375
2010-11-16,125.52432250976562
2010-11-17,125.36470794677734
2010-11-18,127.2350082397461
2010-11-19,126.71804809570312
2010-11-22,122.44522094726562
2010-11-23,119.95899963378906
2010-11-24,121.8445053100586
2010-11-26,120.29351043701172
2010-11-29,121.09939575195312
2010-11-30,118.9735336303711
2010-12-01,120.73369598388672
2010-12-02,123.81965637207031
2010-12-03,123.67488098144531
2010-12-06,123.93399047851562
2010-12-07,123.12627410888672
2010-12-08,126.59326934814453
2010-12-09,126.82942962646484
2010-12-10,128.36859130859375
2010-12-13,129.1381378173828
2010-12-14,127.49996948242188
2010-12-15,125.88457489013672
2010-12-16,125.31309509277344
2010-12-17,124.99308013916016
2010-12-20,126.524658203125
2010-12-21,128.1857452392578
2010-12-22,129.2296600341797
2010-12-23,127.70573425292969
2010-12-27,129.40489196777344
2010-12-28,128.91722106933594
2010-12-29,127.728515625
2010-12-30,127.73623657226562
2010-12-31,128.13246154785156
2011-01-03,131.85838317871094
2011-01-04,131.88125610351562
2011-01-05,132.58229064941406
2011-01-06,131.2183074951172
2011-01-07,130.06019592285156
2011-01-10,129.35154724121094
2011-01-11,129.0467071533203
2011-01-12,130.8068389892578
2011-01-13,130.73074340820312
2011-01-14,133.34422302246094
2011-01-18,133.10037231445312
2011-01-19,126.85994720458984
2011-01-20,126.25032806396484
2011-01-21,126.63896179199219
2011-01-24,126.71516418457031
2011-01-25,123.42340850830078
2011-01-26,122.91291046142578
2011-01-27,124.9854965209961
2011-01-28,123.26342010498047
2011-01-31,124.67312622070312
2011-02-01,125.97604370117188
2011-02-02,125.76264190673828
2011-02-03,125.45028686523438
2011-02-04,125.5950698852539
2011-02-07,127.34757232666016
2011-02-08,128.4295196533203
2011-02-09,126.49417877197266
2011-02-10,125.98365020751953
2011-02-11,126.98944854736328
2011-02-14,127.6447525024414
2011-02-15,127.94188690185547
2011-02-16,128.62770080566406
2011-02-17,127.37041473388672
2011-02-18,128.0409393310547
2011-02-22,124.15492248535156
2011-02-23,124.26917266845703
2011-02-24,124.53587341308594
2011-02-25,125.8159408569336
2011-02-28,125.06004333496094
2011-03-01,123.17399597167969
2011-03-02,123.46417236328125
2011-03-03,125.60221099853516
2011-03-04,122.93730163574219
2011-03-07,121.5246353149414
2011-03-08,123.16639709472656
2011-03-09,123.96815490722656
2011-03-10,122.37992095947266
2011-03-11,122.69288635253906
2011-03-14,120.97490692138672
2011-03-15,120.0738525390625
2011-03-16,117.88235473632812
2011-03-17,118.92842864990234
2011-03-18,122.14315795898438
2011-03-21,122.33404541015625
2011-03-22,122.77693939208984
2011-03-23,121.81480407714844
2011-03-24,122.10497283935547
2011-03-25,120.62364196777344
2011-03-28,119.4782485961914
2011-03-29,121.00540161132812
2011-03-30,121.46357727050781
2011-03-31,121.104736328125
2011-04-01,122.34935760498047
2011-04-04,121.33378601074219
2011-04-05,121.3413314819336
2011-04-06,123.61689758300781
2011-04-07,124.00630187988281
2011-04-08,122.90673828125
2011-04-11,123.29619598388672
2011-04-12,122.49441528320312
2011-04-13,122.30351257324219
2011-04-14,118.958984375
2011-04-15,118.45499420166016
2011-04-18,117.42423248291016
2011-04-19,115.95813751220703
2011-04-20,116.59955596923828
2011-04-21,117.218017578125
2011-04-25,116.2100830078125
2011-04-26,117.0347900390625
2011-04-27,116.72173309326172
2011-04-28,114.99603271484375
2011-04-29,115.30904388427734
2011-05-02,115.53050231933594
2011-05-03,115.96577453613281
2011-05-04,115.69850158691406
2011-05-05,114.8509521484375
2011-05-06,114.61421966552734
2011-05-09,113.86589813232422
2011-05-10,114.84321594238281
2011-05-11,112.9190444946289
2011-05-12,109.00186157226562
2011-05-13,108.01685333251953
2011-05-16,107.36016082763672
2011-05-17,107.52049255371094
2011-05-18,107.54339599609375
2011-05-19,106.39801788330078
2011-05-20,103.07645416259766
2011-05-23,103.72544860839844
2011-05-24,104.1072769165039
2011-05-25,104.03093719482422
2011-05-26,104.0461654663086
2011-05-27,106.15144348144531
2011-05-31,107.73615264892578
2011-06-01,104.24523162841797
2011-06-02,102.8749008178711
2011-06-03,103.60213470458984
2011-06-06,102.50740814208984
2011-06-07,101.81079864501953
2011-06-08,100.739013671875
2011-06-09,102.2241439819336
2011-06-10,104.05387115478516
2011-06-13,105.286376953125
2011-06-14,104.95719146728516
2011-06-15,103.23469543457031
2011-06-16,104.18399047851562
2011-06-17,105.05672454833984
2011-06-20,103.45672607421875
2011-06-21,104.08444213867188
2011-06-22,102.98206329345703
2011-06-23,101.32850646972656
2011-06-24,100.21846008300781
2011-06-27,100.06531524658203
2011-06-28,98.95523834228516
2011-06-29,101.45860290527344
2011-06-30,101.88735961914062
2011-07-01,104.6126937866211
2011-07-05,102.96673583984375
2011-07-06,102.49978637695312
2011-07-07,103.35719299316406
2011-07-08,102.64523315429688
2011-07-11,101.06818389892578
2011-07-12,99.75910186767578
2011-07-13,99.46052551269531
2011-07-14,99.43758392333984
2011-07-15,99.64425659179688
2011-07-18,99.00885772705078
2011-07-19,98.36582946777344
2011-07-20,101.62706756591797
2011-07-21,103.79354095458984
2011-07-22,103.72463989257812
2011-07-25,104.76577758789062
2011-07-26,105.3399658203125
2011-07-27,103.13516998291016
2011-07-28,103.99256896972656
2011-07-29,103.32657623291016
2011-08-01,102.69878387451172
2011-08-02,100.46338653564453
2011-08-03,101.1141128540039
2011-08-04,96.63565063476562
2011-08-05,95.8318099975586
2011-08-08,90.0748519897461
2011-08-09,93.95623016357422
2011-08-10,84.47100830078125
2011-08-11,90.41169738769531
2011-08-12,89.16384887695312
2011-08-15,91.2001953125
2011-08-16,89.47007751464844
2011-08-17,89.76097869873047
2011-08-18,86.61456298828125
2011-08-19,85.55809020996094
2011-08-22,81.5389404296875
2011-08-23,81.806884765625
2011-08-24,84.44806671142578
2011-08-25,84.0882339477539
2011-08-26,85.55043029785156
2011-08-29,88.8576431274414
2011-08-30,88.44297790527344
2011-08-31,89.24156188964844
2011-09-01,86.12403106689453
2011-09-02,82.20793151855469
2011-09-06,80.28824615478516
2011-09-07,83.19076538085938
2011-09-08,80.46484375
2011-09-09,78.51445007324219
2011-09-12,79.02893829345703
2011-09-13,79.92733764648438
2011-09-14,80.2728500366211
2011-09-15,82.90664672851562
2011-09-16,82.53804779052734
2011-09-19,80.48020935058594
2011-09-20,78.79088592529297
2011-09-21,75.14352416992188
2011-09-22,72.16417694091797
2011-09-23,73.08563232421875
2011-09-26,76.12640380859375
2011-09-27,76.44122314453125
2011-09-28,73.96099090576172
2011-09-29,76.68695068359375
2011-09-30,72.60185241699219
2011-10-03,69.16951751708984
2011-10-04,72.62491607666016
2011-10-05,72.4022216796875
2011-10-06,75.19728088378906
2011-10-07,71.17366790771484
2011-10-10,73.82278442382812
2011-10-11,74.25277709960938
2011-10-12,76.10336303710938
2011-10-13,73.83048248291016
2011-10-14,74.27584838867188
2011-10-17,74.40636444091797
2011-10-18,78.51445007324219
2011-10-19,77.39337921142578
2011-10-20,77.44711303710938
2011-10-21,78.39158630371094
2011-10-24,79.8428726196289
2011-10-25,77.1246109008789
2011-10-26,81.64737701416016
2011-10-27,89.37977600097656
2011-10-28,88.96512603759766
2011-10-31,84.119873046875
2011-11-01,79.50502014160156
2011-11-02,81.49378967285156
2011-11-03,82.6839599609375
2011-11-04,80.65680694580078
2011-11-07,81.06378173828125
2011-11-08,83.37509155273438
2011-11-09,76.53336334228516
2011-11-10,76.4028091430664
2011-11-11,78.0614242553711
2011-11-14,76.2415542602539
2011-11-15,76.59479522705078
2011-11-16,73.40814971923828
2011-11-17,70.9125747680664
2011-11-18,70.57470703125
2011-11-21,70.10629272460938
2011-11-22,68.6473388671875
2011-11-23,67.48786926269531
2011-11-25,68.14825439453125
2011-11-28,69.70701599121094
2011-11-29,68.45826721191406
2011-11-30,73.89265441894531
2011-12-01,72.7903823852539
2011-12-02,74.96412658691406
2011-12-05,76.94522094726562
2011-12-06,77.97811889648438
2011-12-07,81.03836822509766
2011-12-08,77.02228546142578
2011-12-09,78.20166778564453
2011-12-12,75.5654067993164
2011-12-13,73.26060485839844
2011-12-14,71.88079833984375
2011-12-15,70.84013366699219
2011-12-16,69.45262908935547
2011-12-19,67.60262298583984
2011-12-20,70.13097381591797
2011-12-21,70.91722869873047
2011-12-22,72.78264617919922
2011-12-23,72.29702758789062
2011-12-27,70.84013366699219
2011-12-28,69.46804809570312
2011-12-29,70.15409851074219
2011-12-30,69.70701599121094
2012-01-03,73.50724029541016
2012-01-04,73.02932739257812
2012-01-05,72.90601348876953
2012-01-06,72.0118408203125
2012-01-09,72.99077606201172
2012-01-10,75.79666137695312
2012-01-11,76.89892578125
2012-01-12,78.01666259765625
2012-01-13,76.28225708007812
2012-01-17,75.29557800292969
2012-01-18,80.40626525878906
2012-01-19,83.00395965576172
2012-01-20,83.8210678100586
2012-01-23,83.39713287353516
2012-01-24,83.9212875366211
2012-01-25,83.45880889892578
2012-01-26,83.68234252929688
2012-01-27,86.15672302246094
2012-01-30,84.58422088623047
2012-01-31,85.92545318603516
2012-02-01,87.45172882080078
2012-02-02,87.40547180175781
2012-02-03,90.59672546386719
2012-02-06,90.48887634277344
2012-02-07,89.4019546508789
2012-02-08,89.53298950195312
2012-02-09,89.32489013671875
2012-02-10,87.96821594238281
2012-02-13,88.28421783447266
2012-02-14,87.00462341308594
2012-02-15,87.23590850830078
2012-02-16,88.44612884521484
2012-02-17,89.34800720214844
2012-02-21,89.90302276611328
2012-02-22,88.1531753540039
2012-02-23,89.26319885253906
2012-02-24,89.31716918945312
2012-02-27,89.59466552734375
2012-02-28,90.54566192626953
2012-02-29,89.02252960205078
2012-03-01,93.65380096435547
2012-03-02,92.74919128417969
2012-03-05,91.72087860107422
2012-03-06,87.8859634399414
2012-03-07,89.99671936035156
2012-03-08,90.5920639038086
2012-03-09,90.68484497070312
2012-03-12,90.452880859375
2012-03-13,96.29032135009766
2012-03-14,93.06616973876953
2012-03-15,95.14599609375
2012-03-16,95.0455093383789
2012-03-19,96.10475158691406
2012-03-20,97.43458557128906
2012-03-21,97.41141510009766
2012-03-22,96.44496154785156
2012-03-23,97.55830383300781
2012-03-26,99.01960754394531
2012-03-27,97.6742935180664
2012-03-28,97.69747161865234
2012-03-29,95.687255859375
2012-03-30,96.15889739990234
2012-04-02,96.56865692138672
2012-04-03,94.87540435791016
2012-04-04,92.74919128417969
2012-04-05,91.23377990722656
2012-04-09,90.47610473632812
2012-04-10,88.5740966796875
2012-04-11,89.63336944580078
2012-04-12,93.08167266845703
2012-04-13,88.98387145996094
2012-04-16,91.02503967285156
2012-04-17,90.35236358642578
2012-04-18,89.16942596435547
2012-04-19,87.83185577392578
2012-04-20,86.93499755859375
2012-04-23,86.40150451660156
2012-04-24,88.2261734008789
2012-04-25,88.12564849853516
2012-04-26,88.5740966796875
2012-04-27,88.4581298828125
2012-04-30,89.0302505493164
2012-05-01,89.16942596435547
2012-05-02,87.96326446533203
2012-05-03,86.23139190673828
2012-05-04,84.26754760742188
2012-05-07,85.07938385009766
2012-05-08,84.56134033203125
2012-05-09,82.95316314697266
2012-05-10,82.20319366455078
2012-05-11,78.963623046875
2012-05-14,77.13895416259766
2012-05-15,77.21626281738281
2012-05-16,75.92505645751953
2012-05-17,75.05911254882812
2012-05-18,73.82980346679688
2012-05-21,74.61839294433594
2012-05-22,75.40703582763672
2012-05-23,75.80133819580078
2012-05-24,74.88900756835938
2012-05-25,74.76529693603516
2012-05-29,76.0238265991211
2012-05-30,73.4990234375
2012-05-31,74.3458251953125
2012-06-01,71.96859741210938
2012-06-04,70.69454956054688
2012-06-05,71.63455963134766
2012-06-06,73.77095031738281
2012-06-07,73.02513122558594
2012-06-08,73.44463348388672
2012-06-11,72.0928955078125
2012-06-12,73.05619049072266
2012-06-13,72.03076934814453
2012-06-14,72.88532257080078
2012-06-15,74.31474304199219
2012-06-18,72.73770141601562
2012-06-19,74.86636352539062
2012-06-20,75.00614166259766
2012-06-21,72.94746398925781
2012-06-22,72.73770141601562
2012-06-25,70.86546325683594
2012-06-26,70.71786499023438
2012-06-27,72.45804595947266
2012-06-28,72.62895965576172
2012-06-29,74.47010803222656
2012-07-02,75.45674133300781
2012-07-03,76.59872436523438
2012-07-05,74.5167236328125
2012-07-06,74.16712951660156
2012-07-09,73.39022827148438
2012-07-10,73.2193603515625
2012-07-11,73.90301513671875
2012-07-12,73.04067993164062
2012-07-13,75.68978118896484
2012-07-16,75.88397979736328
2012-07-17,76.1170425415039
2012-07-18,74.97506713867188
2012-07-19,73.802001953125
2012-07-20,73.14944458007812
2012-07-23,72.37259674072266
2012-07-24,73.39022827148438
2012-07-25,74.54779052734375
2012-07-26,76.17920684814453
2012-07-27,78.96035766601562
2012-07-30,78.3699722290039
2012-07-31,78.38548278808594
2012-08-01,77.75624084472656
2012-08-02,75.98502349853516
2012-08-03,78.44764709472656
2012-08-06,79.25556182861328
2012-08-07,80.20335388183594
2012-08-08,79.62849426269531
2012-08-09,80.48301696777344
2012-08-10,80.03244018554688
2012-08-13,80.49081420898438
2012-08-14,80.21892547607422
2012-08-15,80.11788177490234
2012-08-16,80.39756774902344
2012-08-17,80.48301696777344
2012-08-20,81.7881851196289
2012-08-21,81.81919860839844
2012-08-22,81.31429290771484
2012-08-23,80.85589599609375
2012-08-24,81.53954315185547
2012-08-27,81.66387176513672
2012-08-28,81.95257568359375
2012-08-29,82.34272766113281
2012-08-30,81.71067810058594
2012-08-31,82.490966796875
2012-09-04,83.02932739257812
2012-09-05,85.7837142944336
2012-09-06,88.59274291992188
2012-09-07,90.76972198486328
2012-09-10,89.48226165771484
2012-09-11,91.05058288574219
2012-09-12,92.26001739501953
2012-09-13,94.1561279296875
2012-09-14,94.69451141357422
2012-09-17,93.55528259277344
2012-09-18,93.53968048095703
2012-09-19,92.86864471435547
2012-09-20,91.78408813476562
2012-09-21,91.0739974975586
2012-09-24,90.9803695678711
2012-09-25,88.5615005493164
2012-09-26,88.23379516601562
2012-09-27,89.91138458251953
2012-09-28,88.70197296142578
2012-10-01,91.18321228027344
2012-10-02,91.487548828125
2012-10-03,92.0025405883789
2012-10-04,93.55528259277344
2012-10-05,93.09490203857422
2012-10-08,93.21196746826172
2012-10-09,93.34461975097656
2012-10-10,93.69577026367188
2012-10-11,95.18608856201172
2012-10-12,93.78936767578125
2012-10-15,97.14458465576172
2012-10-16,96.14582824707031
2012-10-17,97.47227478027344
2012-10-18,97.6517562866211
2012-10-19,96.45793151855469
2012-10-22,95.79468536376953
2012-10-23,92.85303497314453
2012-10-24,93.45384979248047
2012-10-25,93.41483306884766
2012-10-26,93.19633483886719
2012-10-31,95.49821472167969
2012-11-01,97.41767120361328
2012-11-02,96.1692123413086
2012-11-05,96.81684112548828
2012-11-06,98.51006317138672
2012-11-07,92.05715942382812
2012-11-08,89.942626953125
2012-11-09,90.62925720214844
2012-11-12,91.4797592163086
2012-11-13,90.87890625
2012-11-14,89.138916015625
2012-11-15,90.07524871826172
2012-11-16,90.38735961914062
2012-11-19,92.30685424804688
2012-11-20,92.14298248291016
2012-11-21,91.83871459960938
2012-11-23,93.87521362304688
2012-11-26,94.36677551269531
2012-11-27,92.39269256591797
2012-11-28,93.50537872314453
2012-11-29,93.03524780273438
2012-11-30,92.29864501953125
2012-12-03,92.776611328125
2012-12-04,91.35053253173828
2012-12-05,91.781494140625
2012-12-06,91.8363265991211
2012-12-07,91.34265899658203
2012-12-10,91.68746185302734
2012-12-11,93.1370849609375
2012-12-12,92.53370666503906
2012-12-13,92.85498809814453
2012-12-14,93.52890014648438
2012-12-17,96.76509094238281
2012-12-18,100.11881256103516
2012-12-19,99.71138000488281
2012-12-20,101.6468276977539
2012-12-21,100.64385223388672
2012-12-24,99.93861389160156
2012-12-26,99.64089965820312
2012-12-27,99.25688934326172
2012-12-28,98.35579681396484
2012-12-31,99.95428466796875
2013-01-02,103.16696166992188
2013-01-03,102.60282135009766
2013-01-04,105.40023803710938
2013-01-07,105.20429992675781
2013-01-08,104.25621795654297
2013-01-09,105.25135803222656
2013-01-10,107.64127349853516
2013-01-11,107.45323944091797
2013-01-14,106.66963958740234
2013-01-15,106.24646759033203
2013-01-16,110.55623626708984
2013-01-17,110.49353790283203
2013-01-18,113.18907928466797
2013-01-22,114.36447143554688
2013-01-23,114.0588150024414
2013-01-24,113.58867645263672
2013-01-25,113.19696044921875
2013-01-28,112.95401000976562
2013-01-29,115.26559448242188
2013-01-30,115.30473327636719
2013-01-31,115.86107635498047
2013-02-01,117.45963287353516
2013-02-04,115.59468841552734
2013-02-05,117.89055633544922
2013-02-06,118.41555786132812
2013-02-07,117.74176025390625
2013-02-08,118.7917251586914
2013-02-11,119.29325103759766
2013-02-12,120.75846862792969
2013-02-13,121.07975769042969
2013-02-14,122.18465423583984
2013-02-15,121.44806671142578
2013-02-19,124.3160171508789
2013-02-20,121.59697723388672
2013-02-21,118.22753143310547
2013-02-22,120.74281311035156
2013-02-25,115.69657135009766
2013-02-26,116.36486053466797
2013-02-27,119.2346420288086
2013-02-28,117.7486572265625
2013-03-01,118.35408782958984
2013-03-04,119.65138244628906
2013-03-05,120.2646484375
2013-03-06,121.18456268310547
2013-03-07,123.14230346679688
2013-03-08,120.28038787841797
2013-03-11,120.53196716308594
2013-03-12,119.39192199707031
2013-03-13,119.43904876708984
2013-03-14,121.09809875488281
2013-03-15,121.74281311035156
2013-03-18,119.47052764892578
2013-03-19,117.02527618408203
2013-03-20,118.03954315185547
2013-03-21,114.30488586425781
2013-03-22,115.2641372680664
2013-03-25,114.87879943847656
2013-03-26,115.2169189453125
2013-03-27,116.23905944824219
2013-03-28,115.69652557373047
2013-04-01,114.82383728027344
2013-04-02,115.32698059082031
2013-04-03,112.7559585571289
2013-04-04,112.42578887939453
2013-04-05,112.97611236572266
2013-04-08,113.0783462524414
2013-04-09,115.20125579833984
2013-04-10,117.51280212402344
2013-04-11,117.20613098144531
2013-04-12,117.2454605102539
2013-04-15,115.15401458740234
2013-04-16,113.29849243164062
2013-04-17,110.5466537475586
2013-04-18,108.97409057617188
2013-04-19,109.06847381591797
2013-04-22,109.69746398925781
2013-04-23,112.38642120361328
2013-04-24,113.164794921875
2013-04-25,113.8174819946289
2013-04-26,113.30634307861328
2013-04-29,114.09259033203125
2013-04-30,114.847412109375
2013-05-01,112.12694549560547
2013-05-02,112.96039581298828
2013-05-03,114.29700469970703
2013-05-06,116.71867370605469
2013-05-07,117.40272521972656
2013-05-08,118.14183044433594
2013-05-09,116.78941345214844
2013-05-10,117.22977447509766
2013-05-13,117.64644622802734
2013-05-14,121.49117279052734
2013-05-15,122.34819793701172
2013-05-16,121.45191192626953
2013-05-17,124.3688735961914
2013-05-20,124.9349136352539
2013-05-21,126.37382507324219
2013-05-22,125.2808837890625
2013-05-23,123.76347351074219
2013-05-24,124.79341888427734
2013-05-28,126.74951171875
2013-05-29,128.46109008789062
2013-05-30,129.62840270996094
2013-05-31,127.83795928955078
2013-06-03,129.0052490234375
2013-06-04,127.52239227294922
2013-06-05,124.85649108886719
2013-06-06,125.94495391845703
2013-06-07,130.9376678466797
2013-06-10,132.10499572753906
2013-06-11,128.80809020996094
2013-06-12,127.66450500488281
2013-06-13,130.78785705566406
2013-06-14,128.50050354003906
2013-06-17,129.43905639648438
2013-06-18,129.4705810546875
2013-06-19,127.42784118652344
2013-06-20,122.57707214355469
2013-06-21,121.66214752197266
2013-06-24,118.92530059814453
2013-06-25,120.72356414794922
2013-06-26,119.61930847167969
2013-06-27,121.07852172851562
2013-06-28,119.29601287841797
2013-07-01,119.69029998779297
2013-07-02,119.03570556640625
2013-07-03,118.64921569824219
2013-07-05,120.86554718017578
2013-07-08,121.31511688232422
2013-07-09,123.78382873535156
2013-07-10,122.90840148925781
2013-07-11,124.39118957519531
2013-07-12,126.28414916992188
2013-07-15,128.56358337402344
2013-07-16,126.38672637939453
2013-07-17,127.38046264648438
2013-07-18,129.39964294433594
2013-07-19,129.63629150390625
2013-07-22,131.12696838378906
2013-07-23,131.13479614257812
2013-07-24,130.17257690429688
2013-07-25,130.8588409423828
2013-07-26,130.34608459472656
2013-07-29,128.6977081298828
2013-07-30,128.11398315429688
2013-07-31,129.3759765625
2013-08-01,132.10499572753906
2013-08-02,132.20748901367188
2013-08-05,132.75961303710938
2013-08-06,129.96755981445312
2013-08-07,128.91851806640625
2013-08-08,128.43736267089844
2013-08-09,127.87736511230469
2013-08-12,127.53036499023438
2013-08-13,129.1235809326172
2013-08-14,128.83177185058594
2013-08-15,126.78894805908203
2013-08-16,126.71792602539062
2013-08-19,125.11685943603516
2013-08-20,125.85037994384766
2013-08-21,123.91791534423828
2013-08-22,125.73200225830078
2013-08-23,125.13261413574219
2013-08-26,124.54104614257812
2013-08-27,120.85768127441406
2013-08-28,121.0475845336914
2013-08-29,121.5698471069336
2013-08-30,120.38288116455078
2013-09-03,122.46397399902344
2013-09-04,123.23954010009766
2013-09-05,123.57974243164062
2013-09-06,123.96754455566406
2013-09-09,126.20698547363281
2013-09-10,130.67784118652344
2013-09-11,130.61456298828125
2013-09-12,129.26145935058594
2013-09-13,129.77577209472656
2013-09-16,132.1735076904297
2013-09-17,132.4821014404297
2013-09-18,132.9885711669922
2013-09-19,132.76693725585938
2013-09-20,134.32589721679688
2013-09-23,130.7649383544922
2013-09-24,128.960693359375
2013-09-25,128.4384765625
2013-09-26,128.42259216308594
2013-09-27,126.49187469482422
2013-09-30,125.19407653808594
2013-10-01,125.81922912597656
2013-10-02,125.55813598632812
2013-10-03,124.11788940429688
2013-10-04,123.8804931640625
2013-10-07,122.06048583984375
2013-10-08,121.11085510253906
2013-10-09,122.21080780029297
2013-10-10,125.03582000732422
2013-10-11,126.61051940917969
2013-10-14,126.1832504272461
2013-10-15,124.73515319824219
2013-10-16,128.39097595214844
2013-10-17,125.28112030029297
2013-10-18,125.57389068603516
2013-10-21,126.42853546142578
2013-10-22,126.01705932617188
2013-10-23,124.82211303710938
2013-10-24,126.57886505126953
2013-10-25,128.2643585205078
2013-10-28,127.7579345703125
2013-10-29,128.28013610839844
2013-10-30,128.23272705078125
2013-10-31,127.29103088378906
2013-11-01,128.23272705078125
2013-11-04,129.111083984375
2013-11-05,128.153564453125
2013-11-06,129.3959503173828
2013-11-07,126.32563018798828
2013-11-08,129.1190185546875
2013-11-11,129.6492156982422
2013-11-12,128.8974151611328
2013-11-13,128.93701171875
2013-11-14,129.14276123046875
2013-11-15,130.09231567382812
2013-11-18,131.1051788330078
2013-11-19,131.83319091796875
2013-11-20,130.5670928955078
2013-11-21,132.20513916015625
2013-11-22,133.020263671875
2013-11-25,134.11227416992188
2013-11-26,132.97274780273438
2013-11-27,133.55224609375
2013-11-29,134.1239013671875
2013-12-02,134.7430877685547
2013-12-03,133.41729736328125
2013-12-04,133.93328857421875
2013-12-05,131.44044494628906
2013-12-06,132.75038146972656
2013-12-09,133.1156005859375
2013-12-10,134.7510528564453
2013-12-11,133.0600128173828
2013-12-12,133.63958740234375
2013-12-13,133.68722534179688
2013-12-16,135.71963500976562
2013-12-17,135.35450744628906
2013-12-18,138.80799865722656
2013-12-19,138.75242614746094
2013-12-20,139.06199645996094
2013-12-23,140.10202026367188
2013-12-24,139.85597229003906
2013-12-26,140.08616638183594
2013-12-27,140.0067901611328
2013-12-30,139.51455688476562
2013-12-31,140.7292022705078
2014-01-02,140.43548583984375
2014-01-03,141.43588256835938
2014-01-06,142.40440368652344
2014-01-07,141.54696655273438
2014-01-08,141.66604614257812
2014-01-09,140.8404083251953
2014-01-10,141.6263885498047
2014-01-13,139.63363647460938
2014-01-14,140.20529174804688
2014-01-15,141.9121551513672
2014-01-16,139.06991577148438
2014-01-17,139.9512481689453
2014-01-21,137.50592041015625
2014-01-22,137.88705444335938
2014-01-23,135.56088256835938
2014-01-24,133.091796875
2014-01-27,130.74977111816406
2014-01-28,131.98825073242188
2014-01-29,130.12254333496094
2014-01-30,131.6627197265625
2014-01-31,130.29721069335938
2014-02-03,126.88340759277344
2014-02-04,128.42356872558594
2014-02-05,127.35978698730469
2014-02-06,128.41561889648438
2014-02-07,128.55848693847656
2014-02-10,127.8201904296875
2014-02-11,130.5115966796875
2014-02-12,129.8050079345703
2014-02-13,130.2495880126953
2014-02-14,129.97962951660156
2014-02-18,130.71795654296875
2014-02-19,129.61441040039062
2014-02-20,130.5989227294922
2014-02-21,130.5989227294922
2014-02-24,132.2184600830078
2014-02-25,129.7891082763672
2014-02-26,129.6855926513672
2014-02-27,131.74075317382812
2014-02-28,132.59310913085938
2014-03-03,131.23092651367188
2014-03-04,134.40936279296875
2014-03-05,136.93450927734375
2014-03-06,137.49217224121094
2014-03-07,138.81451416015625
2014-03-10,138.217041015625
2014-03-11,135.33340454101562
2014-03-12,135.1979522705078
2014-03-13,132.79225158691406
2014-03-14,131.7168426513672
2014-03-17,132.9037628173828
2014-03-18,133.8995361328125
2014-03-19,133.97125244140625
2014-03-20,134.79969787597656
2014-03-21,132.99134826660156
2014-03-24,132.01161193847656
2014-03-25,130.0440216064453
2014-03-26,128.83319091796875
2014-03-27,129.27923583984375
2014-03-28,129.2872314453125
2014-03-31,130.52198791503906
2014-04-01,132.17088317871094
2014-04-02,133.246337890625
2014-04-03,132.30636596679688
2014-04-04,130.03610229492188
2014-04-07,126.30796813964844
2014-04-08,124.71483612060547
2014-04-09,125.9893569946289
2014-04-10,124.25281524658203
2014-04-11,121.6559066772461
2014-04-14,123.2650146484375
2014-04-15,123.40839385986328
2014-04-16,125.24050903320312
2014-04-17,125.41585540771484
2014-04-21,125.70257568359375
2014-04-22,127.82150268554688
2014-04-23,127.81358337402344
2014-04-24,128.13221740722656
2014-04-25,126.05310821533203
2014-04-28,124.69889068603516
2014-04-29,126.05310821533203
2014-04-30,127.31169891357422
2014-05-01,127.74981689453125
2014-05-02,126.56291198730469
2014-05-05,124.54749298095703
2014-05-06,123.105712890625
2014-05-07,123.8863754272461
2014-05-08,125.38390350341797
2014-05-09,125.224609375
2014-05-12,127.09661102294922
2014-05-13,127.67813873291016
2014-05-14,127.01697540283203
2014-05-15,124.77853393554688
2014-05-16,124.61124420166016
2014-05-19,125.5990219116211
2014-05-20,124.54749298095703
2014-05-21,126.93728637695312
2014-05-22,127.33564758300781
2014-05-23,127.58257293701172
2014-05-27,128.86505126953125
2014-05-28,128.8411102294922
2014-05-29,128.48138427734375
2014-05-30,127.73807525634766
2014-06-02,127.91389465332031
2014-06-03,129.3286590576172
2014-06-04,129.8002471923828
2014-06-05,129.95211791992188
2014-06-06,132.83761596679688
2014-06-09,132.68577575683594
2014-06-10,132.97349548339844
2014-06-11,132.23016357421875
2014-06-12,132.65383911132812
2014-06-13,132.59783935546875
2014-06-16,132.56591796875
2014-06-17,134.46026611328125
2014-06-18,135.77105712890625
2014-06-19,135.6671600341797
2014-06-20,135.7552032470703
2014-06-23,136.07485961914062
2014-06-24,134.4682159423828
2014-06-25,134.58811950683594
2014-06-26,134.29238891601562
2014-06-27,133.30923461914062
2014-06-30,133.83676147460938
2014-07-01,133.33322143554688
2014-07-02,133.3971405029297
2014-07-03,135.45135498046875
2014-07-07,134.10848999023438
2014-07-08,131.8145294189453
2014-07-09,131.62266540527344
2014-07-10,130.62355041503906
2014-07-11,131.72654724121094
2014-07-14,133.48509216308594
2014-07-15,135.21954345703125
2014-07-16,136.25868225097656
2014-07-17,135.994873046875
2014-07-18,137.05799865722656
2014-07-21,137.2578582763672
2014-07-22,139.89559936523438
2014-07-23,141.33432006835938
2014-07-24,140.8866729736328
2014-07-25,140.19935607910156
2014-07-28,140.63894653320312
2014-07-29,140.3112030029297
2014-07-30,140.4871063232422
2014-07-31,138.17701721191406
2014-08-01,136.0828094482422
2014-08-04,137.23382568359375
2014-08-05,135.41941833496094
2014-08-06,135.6751708984375
2014-08-07,135.16366577148438
2014-08-08,137.689453125
2014-08-11,137.8493194580078
2014-08-12,137.74537658691406
2014-08-13,137.77737426757812
2014-08-14,138.0651092529297
2014-08-15,137.40167236328125
2014-08-18,139.51992797851562
2014-08-19,139.04830932617188
2014-08-20,139.104248046875
2014-08-21,139.99948120117188
2014-08-22,140.25523376464844
2014-08-25,142.173583984375
2014-08-26,142.19760131835938
2014-08-27,142.56639099121094
2014-08-28,142.43807983398438
2014-08-29,143.6087188720703
2014-09-02,144.13792419433594
2014-09-03,144.0016326904297
2014-09-04,144.38645935058594
2014-09-05,144.12193298339844
2014-09-08,144.41050720214844
2014-09-09,142.23765563964844
2014-09-10,144.21807861328125
2014-09-11,145.1241455078125
2014-09-12,146.8640594482422
2014-09-15,147.51344299316406
2014-09-16,147.56158447265625
2014-09-17,148.1869354248047
2014-09-18,150.64846801757812
2014-09-19,149.29339599609375
2014-09-22,148.56382751464844
2014-09-23,148.4033966064453
2014-09-24,150.58433532714844
2014-09-25,147.6016387939453
2014-09-26,148.42750549316406
2014-09-29,147.39317321777344
2014-09-30,147.18472290039062
2014-10-01,144.88352966308594
2014-10-02,146.6314697265625
2014-10-03,150.7928009033203
2014-10-06,150.31971740722656
2014-10-07,147.36915588378906
2014-10-08,149.64622497558594
2014-10-09,145.34059143066406
2014-10-10,144.6270294189453
2014-10-13,143.33616638183594
2014-10-14,143.27999877929688
2014-10-15,142.10946655273438
2014-10-16,138.37303161621094
2014-10-17,141.84486389160156
2014-10-20,142.59046936035156
2014-10-21,144.46665954589844
2014-10-22,141.7806396484375
2014-10-23,144.37045288085938
2014-10-24,147.0083770751953
2014-10-27,147.45738220214844
2014-10-28,149.38966369628906
2014-10-29,149.1972198486328
2014-10-30,149.9108123779297
2014-10-31,152.33221435546875
2014-11-03,153.0056915283203
2014-11-04,152.5567169189453
2014-11-05,152.21189880371094
2014-11-06,153.14202880859375
2014-11-07,152.9095458984375
2014-11-10,153.78343200683594
2014-11-11,153.84759521484375
2014-11-12,152.4845733642578
2014-11-13,152.53271484375
2014-11-14,152.32420349121094
2014-11-17,152.28408813476562
2014-11-18,152.05157470703125
2014-11-19,151.6907501220703
2014-11-20,152.1397705078125
2014-11-21,152.01148986816406
2014-11-24,152.39634704589844
2014-11-25,151.42620849609375
2014-11-26,151.1536102294922
2014-11-28,151.54771423339844
2014-12-01,151.37879943847656
2014-12-02,152.9794921875
2014-12-03,153.59078979492188
2014-12-04,154.3950958251953
2014-12-05,157.21035766601562
2014-12-08,158.15142822265625
2014-12-09,158.3686065673828
2014-12-10,154.4353790283203
2014-12-11,155.67401123046875
2014-12-12,151.87750244140625
2014-12-15,149.23924255371094
2014-12-16,147.44557189941406
2014-12-17,148.82899475097656
2014-12-18,154.1216583251953
2014-12-19,155.46495056152344
2014-12-22,156.39796447753906
2014-12-23,157.2506103515625
2014-12-24,157.5642852783203
2014-12-26,157.21035766601562
2014-12-29,157.80555725097656
2014-12-30,157.41949462890625
2014-12-31,155.90728759765625
2015-01-02,156.37379455566406
2015-01-05,151.4914093017578
2015-01-06,148.4268341064453
2015-01-07,150.63877868652344
2015-01-08,153.04383850097656
2015-01-09,150.69509887695312
2015-01-12,148.86119079589844
2015-01-13,148.74859619140625
2015-01-14,144.96810913085938
2015-01-15,143.5685272216797
2015-01-16,142.55508422851562
2015-01-20,141.2681121826172
2015-01-21,142.49072265625
2015-01-22,146.42401123046875
2015-01-23,145.17726135253906
2015-01-26,145.1209259033203
2015-01-27,141.95980834960938
2015-01-28,139.1929168701172
2015-01-29,141.5576629638672
2015-01-30,138.67813110351562
2015-02-02,141.155517578125
2015-02-03,144.9761505126953
2015-02-04,143.8018035888672
2015-02-05,145.40249633789062
2015-02-06,147.5420379638672
2015-02-09,146.56878662109375
2015-02-10,148.45098876953125
2015-02-11,150.93641662597656
2015-02-12,152.6497039794922
2015-02-13,152.02230834960938
2015-02-17,152.84274291992188
2015-02-18,151.7568359375
2015-02-19,152.11074829101562
2015-02-20,154.0411834716797
2015-02-23,153.0759735107422
2015-02-24,154.6123504638672
2015-02-25,154.21006774902344
2015-02-26,155.08152770996094
2015-02-27,153.13694763183594
2015-03-02,154.75071716308594
2015-03-03,154.33114624023438
2015-03-04,153.04014587402344
2015-03-05,153.37095642089844
2015-03-06,150.81320190429688
2015-03-09,151.63616943359375
2015-03-10,147.42431640625
2015-03-11,148.61036682128906
2015-03-12,153.2660675048828
2015-03-13,152.7738494873047
2015-03-16,154.8394317626953
2015-03-17,153.76637268066406
2015-03-18,155.1783447265625
2015-03-19,153.28224182128906
2015-03-20,155.8319549560547
2015-03-23,154.8878936767578
2015-03-24,154.33926391601562
2015-03-25,151.168212890625
2015-03-26,151.0794677734375
2015-03-27,151.74102783203125
2015-03-30,154.12942504882812
2015-03-31,151.6685028076172
2015-04-01,155.1057586669922
2015-04-02,154.55706787109375
2015-04-06,154.96046447753906
2015-04-07,155.23487854003906
2015-04-08,155.37200927734375
2015-04-09,157.25204467773438
2015-04-10,157.85719299316406
2015-04-13,157.80882263183594
2015-04-14,159.5355224609375
2015-04-15,162.26275634765625
2015-04-16,161.54469299316406
2015-04-17,159.23692321777344
2015-04-20,159.8421630859375
2015-04-21,158.82540893554688
2015-04-22,160.01963806152344
2015-04-23,160.8184356689453
2015-04-24,159.75331115722656
2015-04-27,158.56727600097656
2015-04-28,159.3499298095703
2015-04-29,160.2133026123047
2015-04-30,158.486572265625
2015-05-01,159.3822021484375
2015-05-04,160.8103790283203
2015-05-05,159.18858337402344
2015-05-06,158.3494110107422
2015-05-07,159.2692413330078
2015-05-08,161.77859497070312
2015-05-11,162.77105712890625
2015-05-12,161.80284118652344
2015-05-13,162.5290069580078
2015-05-14,163.48916625976562
2015-05-15,163.77162170410156
2015-05-18,165.13522338867188
2015-05-19,165.73226928710938
2015-05-20,165.47413635253906
2015-05-21,165.36923217773438
2015-05-22,167.66880798339844
2015-05-26,166.5230255126953
2015-05-27,168.68545532226562
2015-05-28,168.74215698242188
2015-05-29,166.88861083984375
2015-06-01,168.19981384277344
2015-06-02,167.0828857421875
2015-06-03,168.58831787109375
2015-06-04,169.0578155517578
2015-06-05,170.3366241455078
2015-06-08,169.8024444580078
2015-06-09,169.17916870117188
2015-06-10,172.50579833984375
2015-06-11,173.16143798828125
2015-06-12,172.44918823242188
2015-06-15,171.39691162109375
2015-06-16,172.85386657714844
2015-06-17,172.34388732910156
2015-06-18,173.6956024169922
2015-06-19,172.55435180664062
2015-06-22,175.24154663085938
2015-06-23,176.7712860107422
2015-06-24,173.55801391601562
2015-06-25,172.2548828125
2015-06-26,172.53817749023438
2015-06-29,168.07037353515625
2015-06-30,168.99310302734375
2015-07-01,169.9238739013672
2015-07-02,169.3249053955078
2015-07-06,168.38597106933594
2015-07-07,168.52365112304688
2015-07-08,165.16464233398438
2015-07-09,165.7716522216797
2015-07-10,167.69802856445312
2015-07-13,170.06951904296875
2015-07-14,171.720703125
2015-07-15,172.36825561523438
2015-07-16,170.9275360107422
2015-07-17,171.9635009765625
2015-07-20,171.90684509277344
2015-07-21,171.18646240234375
2015-07-22,172.6029510498047
2015-07-23,170.82223510742188
2015-07-24,167.82757568359375
2015-07-27,165.94163513183594
2015-07-28,166.92910766601562
2015-07-29,167.41473388671875
2015-07-30,167.7061004638672
2015-07-31,165.98211669921875
2015-08-03,165.6745147705078
2015-08-04,166.06301879882812
2015-08-05,166.49205017089844
2015-08-06,165.99826049804688
2015-08-07,164.6627960205078
2015-08-10,166.71055603027344
2015-08-11,163.25445556640625
2015-08-12,162.79310607910156
2015-08-13,162.47744750976562
2015-08-14,163.51344299316406
2015-08-17,163.9586944580078
2015-08-18,162.83355712890625
2015-08-19,162.6473846435547
2015-08-20,159.2479705810547
2015-08-21,151.95535278320312
2015-08-24,145.25357055664062
2015-08-25,144.24990844726562
2015-08-26,149.25196838378906
2015-08-27,153.14517211914062
2015-08-28,152.4872589111328
2015-08-31,153.17762756347656
2015-09-01,147.91461181640625
2015-09-02,149.85580444335938
2015-09-03,150.302490234375
2015-09-04,146.5015106201172
2015-09-08,150.96849060058594
2015-09-09,150.8061065673828
2015-09-10,150.9927978515625
2015-09-11,150.4730682373047
2015-09-14,149.39285278320312
2015-09-15,152.24359130859375
2015-09-16,153.21009826660156
2015-09-17,151.43141174316406
2015-09-18,146.95631408691406
2015-09-21,148.91371154785156
2015-09-22,145.9654541015625
2015-09-23,145.71368408203125
2015-09-24,143.68324279785156
2015-09-25,146.0547637939453
2015-09-28,140.5238800048828
2015-09-29,139.58169555664062
2015-09-30,141.12484741210938
2015-10-01,142.9603729248047
2015-10-02,143.76443481445312
2015-10-05,146.76138305664062
2015-10-06,146.4527587890625
2015-10-07,148.00401306152344
2015-10-08,147.0619659423828
2015-10-09,145.53497314453125
2015-10-12,146.37965393066406
2015-10-13,146.98065185546875
2015-10-14,145.79490661621094
2015-10-15,150.2212371826172
2015-10-16,150.39991760253906
2015-10-19,150.85479736328125
2015-10-20,150.66796875
2015-10-21,145.94924926757812
2015-10-22,149.084228515625
2015-10-23,150.65982055664062
2015-10-26,151.88624572753906
2015-10-27,151.31773376464844
2015-10-28,155.3867645263672
2015-10-29,154.22532653808594
2015-10-30,152.28421020507812
2015-11-02,154.05477905273438
2015-11-03,154.87509155273438
2015-11-04,155.65480041503906
2015-11-05,155.95526123046875
2015-11-06,161.7623748779297
2015-11-09,159.80499267578125
2015-11-10,160.6578369140625
2015-11-11,160.3166961669922
2015-11-12,156.5643768310547
2015-11-13,154.6314239501953
2015-11-16,156.06895446777344
2015-11-17,154.77760314941406
2015-11-18,157.2872314453125
2015-11-19,156.77557373046875
2015-11-20,155.50860595703125
2015-11-23,153.65679931640625
2015-11-24,153.2344970703125
2015-11-25,153.6243133544922
2015-11-27,154.6964111328125
2015-11-30,154.8594207763672
2015-12-01,157.34503173828125
2015-12-02,155.05502319335938
2015-12-03,150.9312744140625
2015-12-04,154.83497619628906
2015-12-07,151.16758728027344
2015-12-08,149.0731658935547
2015-12-09,147.27210998535156
2015-12-10,148.41297912597656
2015-12-11,143.88999938964844
2015-12-14,143.75958251953125
2015-12-15,148.33155822753906
2015-12-16,151.75439453125
2015-12-17,148.82052612304688
2015-12-18,143.01791381835938
2015-12-21,144.85975646972656
2015-12-22,146.73422241210938
2015-12-23,149.0976104736328
2015-12-24,148.70645141601562
2015-12-28,148.0137176513672
2015-12-29,149.57029724121094
2015-12-30,148.33155822753906
2015-12-31,146.8809051513672
2016-01-04,144.3626708984375
2016-01-05,141.87705993652344
2016-01-06,138.4134063720703
2016-01-07,134.1593780517578
2016-01-08,133.60511779785156
2016-01-11,135.06393432617188
2016-01-12,135.04763793945312
2016-01-13,129.571044921875
2016-01-14,131.5269775390625
2016-01-15,126.8165054321289
2016-01-19,127.80264282226562
2016-01-20,125.30062866210938
2016-01-21,123.58924865722656
2016-01-22,127.83522033691406
2016-01-25,123.15736389160156
2016-01-26,125.87113189697266
2016-01-27,125.27618408203125
2016-01-28,127.99817657470703
2016-01-29,131.66555786132812
2016-02-01,130.1089630126953
2016-02-02,123.62994384765625
2016-02-03,124.42864990234375
2016-02-04,127.53365325927734
2016-02-05,127.51737976074219
2016-02-08,121.63336181640625
2016-02-09,120.81837463378906
2016-02-10,119.98710632324219
2016-02-11,114.65724182128906
2016-02-12,119.09066009521484
2016-02-16,121.44588470458984
2016-02-17,123.01065826416016
2016-02-18,120.39459228515625
2016-02-19,119.7262954711914
2016-02-22,121.2584457397461
2016-02-23,118.09638977050781
2016-02-24,118.6260986328125
2016-02-25,120.81837463378906
2016-02-26,122.44833374023438
2016-02-29,122.3909683227539
2016-03-01,126.58172607421875
2016-03-02,126.21342468261719
2016-03-03,127.13833618164062
2016-03-04,128.374267578125
2016-03-07,127.15469360351562
2016-03-08,124.08531188964844
2016-03-09,122.7020034790039
2016-03-10,123.61061096191406
2016-03-11,126.00061798095703
2016-03-14,125.6323013305664
2016-03-15,124.4372329711914
2016-03-16,123.21768188476562
2016-03-17,125.15753173828125
2016-03-18,128.99632263183594
2016-03-21,127.92411804199219
2016-03-22,126.21342468261719
2016-03-23,126.11516571044922
2016-03-24,125.231201171875
2016-03-28,125.9187240600586
2016-03-29,126.89276885986328
2016-03-30,128.09593200683594
2016-03-31,128.48886108398438
2016-04-01,130.81341552734375
2016-04-04,129.13546752929688
2016-04-05,127.15469360351562
2016-04-06,127.02374267578125
2016-04-07,123.11127471923828
2016-04-08,123.00482940673828
2016-04-11,124.57643127441406
2016-04-12,126.3034439086914
2016-04-13,130.83798217773438
2016-04-14,131.70558166503906
2016-04-15,129.74937438964844
2016-04-18,130.15858459472656
2016-04-19,133.12974548339844
2016-04-20,136.6739044189453
2016-04-21,135.3151397705078
2016-04-22,136.48562622070312
2016-04-25,135.1268768310547
2016-04-26,135.7407989501953
2016-04-27,136.62478637695312
2016-04-28,134.4720916748047
2016-04-29,134.32481384277344
2016-05-02,136.0190887451172
2016-05-03,133.5308074951172
2016-05-04,131.0180206298828
2016-05-05,130.5760498046875
2016-05-06,130.0194549560547
2016-05-09,128.92266845703125
2016-05-10,132.1230010986328
2016-05-11,130.4860076904297
2016-05-12,129.3810272216797
2016-05-13,127.14649963378906
2016-05-16,127.17925262451172
2016-05-17,126.58172607421875
2016-05-18,130.91162109375
2016-05-19,126.6226577758789
2016-05-20,126.46715545654297
2016-05-23,127.23651885986328
2016-05-24,128.9881591796875
2016-05-25,131.98387145996094
2016-05-26,130.3223114013672
2016-05-27,131.1112823486328
2016-05-31,131.07017517089844
2016-06-01,131.47291564941406
2016-06-02,130.90576171875
2016-06-03,127.93888854980469
2016-06-06,129.08128356933594
2016-06-07,127.52799987792969
2016-06-08,127.09239959716797
2016-06-09,125.88427734375
2016-06-10,123.18851470947266
2016-06-13,122.15302276611328
2016-06-14,120.14769744873047
2016-06-15,120.12301635742188
2016-06-16,120.50930786132812
2016-06-17,119.69566345214844
2016-06-20,121.42979431152344
2016-06-21,121.92290496826172
2016-06-22,121.75029754638672
2016-06-23,125.46511840820312
2016-06-24,116.58903503417969
2016-06-27,114.65763092041016
2016-06-28,117.04106140136719
2016-06-29,119.58059692382812
2016-06-30,122.11194610595703
2016-07-01,121.8406753540039
2016-07-05,118.71762084960938
2016-07-06,119.64631652832031
2016-07-07,120.81339263916016
2016-07-08,123.59126281738281
2016-07-11,125.07881927490234
2016-07-12,128.9662628173828
2016-07-13,129.7880401611328
2016-07-14,133.58511352539062
2016-07-15,132.8454132080078
2016-07-18,134.23431396484375
2016-07-19,132.6564178466797
2016-07-20,132.95223999023438
2016-07-21,131.53866577148438
2016-07-22,131.8345184326172
2016-07-25,131.91676330566406
2016-07-26,132.450927734375
2016-07-27,132.3112335205078
2016-07-28,131.93312072753906
2016-07-29,130.51953125
2016-08-01,130.0017852783203
2016-08-02,128.2594451904297
2016-08-03,130.13323974609375
2016-08-04,129.8949432373047
2016-08-05,133.2152557373047
2016-08-08,133.8234100341797
2016-08-09,134.32476806640625
2016-08-10,133.29742431640625
2016-08-11,134.66998291015625
2016-08-12,134.16859436035156
2016-08-15,136.05886840820312
2016-08-16,136.1409912109375
2016-08-17,136.15753173828125
2016-08-18,136.47799682617188
2016-08-19,136.61773681640625
2016-08-22,136.64239501953125
2016-08-23,136.49449157714844
2016-08-24,135.85340881347656
2016-08-25,136.34652709960938
2016-08-26,136.40411376953125
2016-08-29,137.1437530517578
2016-08-30,139.74270629882812
2016-08-31,139.8169708251953
2016-09-01,139.0331573486328
2016-09-02,139.58590698242188
2016-09-06,139.70970153808594
2016-09-07,139.990234375
2016-09-08,141.6321563720703
2016-09-09,139.08270263671875
2016-09-12,141.13706970214844
2016-09-13,137.7872772216797
2016-09-14,137.09423828125
2016-09-15,138.6783905029297
2016-09-16,136.96217346191406
2016-09-19,137.13551330566406
2016-09-20,137.3499755859375
2016-09-21,137.81204223632812
2016-09-22,138.62887573242188
2016-09-23,136.24440002441406
2016-09-26,133.23289489746094
2016-09-27,134.39627075195312
2016-09-28,134.85824584960938
2016-09-29,131.14544677734375
2016-09-30,133.0596160888672
2016-10-03,132.89459228515625
2016-10-04,133.88470458984375
2016-10-05,137.29225158691406
2016-10-06,137.91104125976562
2016-10-07,140.12225341796875
2016-10-10,141.12057495117188
2016-10-11,139.47044372558594
2016-10-12,139.68492126464844
2016-10-13,138.1338653564453
2016-10-14,140.69154357910156
2016-10-17,139.43740844726562
2016-10-18,142.43246459960938
2016-10-19,143.9835662841797
2016-10-20,143.9835662841797
2016-10-21,144.1156005859375
2016-10-24,144.48692321777344
2016-10-25,144.84164428710938
2016-10-26,146.09579467773438
2016-10-27,146.65684509277344
2016-10-28,146.15354919433594
2016-10-31,147.06112670898438
2016-11-01,146.91256713867188
2016-11-02,145.6915283203125
2016-11-03,145.38619995117188
2016-11-04,145.14698791503906
2016-11-07,149.734375
2016-11-08,150.09739685058594
2016-11-09,158.9339599609375
2016-11-10,165.73255920410156
2016-11-11,168.26548767089844
2016-11-14,172.5888671875
2016-11-15,174.24729919433594
2016-11-16,170.17967224121094
2016-11-17,172.960205078125
2016-11-18,173.55426025390625
2016-11-21,174.15652465820312
2016-11-22,174.18124389648438
2016-11-23,175.17138671875
2016-11-25,174.40403747558594
2016-11-28,173.55426025390625
2016-11-29,175.25083923339844
2016-11-30,181.4911651611328
2016-12-01,187.56605529785156
2016-12-02,184.85968017578125
2016-12-05,189.1550750732422
2016-12-06,191.49725341796875
2016-12-07,194.95675659179688
2016-12-08,199.8314971923828
2016-12-09,200.16256713867188
2016-12-12,196.2892303466797
2016-12-13,197.431396484375
2016-12-14,198.57350158691406
2016-12-15,201.1143341064453
2016-12-16,197.72108459472656
2016-12-19,197.86175537109375
2016-12-20,201.18882751464844
2016-12-21,199.82327270507812
2016-12-22,198.73072814941406
2016-12-23,199.43423461914062
2016-12-27,199.92251586914062
2016-12-28,199.16943359375
2016-12-29,197.12518310546875
2016-12-30,198.17628479003906
2017-01-03,199.93081665039062
2017-01-04,201.22193908691406
2017-01-05,199.72396850585938
2017-01-06,202.6868438720703
2017-01-09,201.02328491210938
2017-01-10,200.75845336914062
2017-01-11,203.39859008789062
2017-01-12,201.80958557128906
2017-01-13,202.19029235839844
2017-01-17,195.10572814941406
2017-01-18,193.9056854248047
2017-01-19,191.5221405029297
2017-01-20,192.1759033203125
2017-01-23,192.56491088867188
2017-01-24,193.4008026123047
2017-01-25,196.35545349121094
2017-01-26,198.28384399414062
2017-01-27,196.107177734375
2017-01-30,193.5828857421875
2017-01-31,189.79232788085938
2017-02-01,190.90966796875
2017-02-02,190.6944580078125
2017-02-03,199.4176788330078
2017-02-06,198.61488342285156
2017-02-07,198.3169403076172
2017-02-08,196.75270080566406
2017-02-09,199.91429138183594
2017-02-10,200.8826141357422
2017-02-13,203.82070922851562
2017-02-14,206.4608612060547
2017-02-15,207.3546905517578
2017-02-16,206.44427490234375
2017-02-17,207.22225952148438
2017-02-21,208.36439514160156
2017-02-22,208.33956909179688
2017-02-23,207.8926239013672
2017-02-24,204.71456909179688
2017-02-27,206.3532257080078
2017-02-28,205.83877563476562
2017-03-01,209.6973419189453
2017-03-02,208.32814025878906
2017-03-03,209.84669494628906
2017-03-06,209.11648559570312
2017-03-07,208.1953582763672
2017-03-08,207.6477508544922
2017-03-09,207.59796142578125
2017-03-10,206.10430908203125
2017-03-13,205.92173767089844
2017-03-14,205.55665588378906
2017-03-15,204.7766571044922
2017-03-16,205.97154235839844
2017-03-17,202.42007446289062
2017-03-20,200.92637634277344
2017-03-21,193.34207153320312
2017-03-22,191.7405548095703
2017-03-23,192.42930603027344
2017-03-24,189.53334045410156
2017-03-27,187.1020050048828
2017-03-28,190.2967071533203
2017-03-29,189.56651306152344
2017-03-30,191.86502075195312
2017-03-31,190.62034606933594
2017-04-03,189.9897003173828
2017-04-04,190.23861694335938
2017-04-05,188.91099548339844
2017-04-06,189.72422790527344
2017-04-07,189.09349060058594
2017-04-10,189.93161010742188
2017-04-11,188.97740173339844
2017-04-12,187.32608032226562
2017-04-13,185.3096923828125
2017-04-17,187.74925231933594
2017-04-18,178.89535522460938
2017-04-19,177.6506805419922
2017-04-20,180.94493103027344
2017-04-21,179.94918823242188
2017-04-24,185.2266387939453
2017-04-25,188.0562744140625
2017-04-26,187.69944763183594
2017-04-27,187.37582397460938
2017-04-28,185.70799255371094
2017-05-01,186.57928466796875
2017-05-02,186.8032989501953
2017-05-03,187.79078674316406
2017-05-04,188.02304077148438
2017-05-05,188.2554473876953
2017-05-08,186.72862243652344
2017-05-09,185.6747589111328
2017-05-10,186.60411071777344
2017-05-11,186.50454711914062
2017-05-12,184.89479064941406
2017-05-15,186.8032989501953
2017-05-16,187.20159912109375
2017-05-17,177.34364318847656
2017-05-18,178.53857421875
2017-05-19,178.72938537597656
2017-05-22,179.25216674804688
2017-05-23,182.25604248046875
2017-05-24,185.73287963867188
2017-05-25,184.60435485839844
2017-05-26,185.48391723632812
2017-05-30,181.85385131835938
2017-05-31,175.89251708984375
2017-06-01,179.0147247314453
2017-06-02,177.59930419921875
2017-06-05,178.16546630859375
2017-06-06,178.61509704589844
2017-06-07,179.6558380126953
2017-06-08,182.13694763183594
2017-06-09,185.2008514404297
2017-06-12,184.7595977783203
2017-06-13,186.6661834716797
2017-06-14,188.5894775390625
2017-06-15,185.85853576660156
2017-06-16,184.67633056640625
2017-06-19,188.27308654785156
2017-06-20,187.41552734375
2017-06-21,185.24252319335938
2017-06-22,182.97784423828125
2017-06-23,180.8297882080078
2017-06-26,183.53567504882812
2017-06-27,183.40243530273438
2017-06-28,185.85023498535156
2017-06-29,186.84103393554688
2017-06-30,184.75125122070312
2017-07-03,189.23060607910156
2017-07-05,189.86337280273438
2017-07-06,188.7393341064453
2017-07-07,187.5654296875
2017-07-10,188.0316162109375
2017-07-11,188.95579528808594
2017-07-12,189.32217407226562
2017-07-13,191.82823181152344
2017-07-14,190.32958984375
2017-07-17,190.87908935546875
2017-07-18,185.9252166748047
2017-07-19,185.5588836669922
2017-07-20,185.08425903320312
2017-07-21,183.31919860839844
2017-07-24,181.654052734375
2017-07-25,184.48480224609375
2017-07-26,185.0426483154297
2017-07-27,184.40158081054688
2017-07-28,186.17498779296875
2017-07-31,187.60699462890625
2017-08-01,188.9974822998047
2017-08-02,188.38966369628906
2017-08-03,186.4913330078125
2017-08-04,191.3203887939453
2017-08-07,193.92630004882812
2017-08-08,193.20199584960938
2017-08-09,192.33607482910156
2017-08-10,187.74855041503906
2017-08-11,186.6245574951172
2017-08-14,189.29714965820312
2017-08-15,189.48866271972656
2017-08-16,187.84011840820312
2017-08-17,184.3516082763672
2017-08-18,184.9593963623047
2017-08-21,183.8271026611328
2017-08-22,186.1500244140625
2017-08-23,185.4506378173828
2017-08-24,185.65878295898438
2017-08-25,185.22584533691406
2017-08-28,183.4607391357422
2017-08-29,183.76150512695312
2017-08-30,185.81663513183594
2017-08-31,186.91940307617188
2017-09-01,188.70721435546875
2017-09-05,181.94024658203125
2017-09-06,182.8174591064453
2017-09-07,180.31947326660156
2017-09-08,181.4640655517578
2017-09-11,184.6804656982422
2017-09-12,188.76573181152344
2017-09-13,189.2753448486328
2017-09-14,189.5176239013672
2017-09-15,188.15591430664062
2017-09-18,190.08572387695312
2017-09-19,191.23861694335938
2017-09-20,191.9738006591797
2017-09-21,193.22691345214844
2017-09-22,193.00965881347656
2017-09-25,192.3663787841797
2017-09-26,192.09910583496094
2017-09-27,196.12583923339844
2017-09-28,196.7190399169922
2017-09-29,198.15599060058594
2017-10-02,201.0465545654297
2017-10-03,201.85694885253906
2017-10-04,200.7624969482422
2017-10-05,205.5662384033203
2017-10-06,205.53280639648438
2017-10-09,202.8427276611328
2017-10-10,202.67564392089844
2017-10-11,202.50856018066406
2017-10-12,200.33642578125
2017-10-13,199.27545166015625
2017-10-16,202.51693725585938
2017-10-17,197.23699951171875
2017-10-18,202.1995086669922
2017-10-19,200.49517822265625
2017-10-20,204.45513916015625
2017-10-23,202.28302001953125
2017-10-24,204.54701232910156
2017-10-25,201.93215942382812
2017-10-26,201.94049072265625
2017-10-27,201.93215942382812
2017-10-30,201.2471160888672
2017-10-31,202.575439453125
2017-11-01,204.06246948242188
2017-11-02,206.2513427734375
2017-11-03,204.179443359375
2017-11-06,203.419189453125
2017-11-07,200.34478759765625
2017-11-08,201.54783630371094
2017-11-09,201.16351318359375
2017-11-10,200.62884521484375
2017-11-13,200.72911071777344
2017-11-14,198.19776916503906
2017-11-15,198.50685119628906
2017-11-16,199.97720336914062
2017-11-17,198.8494110107422
2017-11-20,198.94129943847656
2017-11-21,198.8494110107422
2017-11-22,197.52102661132812
2017-11-24,197.12001037597656
2017-11-27,196.41830444335938
2017-11-28,200.01058959960938
2017-11-29,202.27337646484375
2017-11-30,207.536376953125
2017-12-01,208.63421630859375
2017-12-04,210.05892944335938
2017-12-05,208.11468505859375
2017-12-06,206.12005615234375
2017-12-07,208.30743408203125
2017-12-08,209.80751037597656
2017-12-11,209.62313842773438
2017-12-12,215.95042419433594
2017-12-13,214.1737823486328
2017-12-14,214.1067352294922
2017-12-15,215.52308654785156
2017-12-18,217.9115447998047
2017-12-19,214.94480895996094
2017-12-20,213.8552703857422
2017-12-21,218.7412109375
2017-12-22,217.03155517578125
2017-12-26,215.98402404785156
2017-12-27,214.50062561035156
2017-12-28,214.9615478515625
2017-12-29,213.5033416748047
2018-01-02,214.26597595214844
2018-01-03,212.27139282226562
2018-01-04,215.23809814453125
2018-01-05,214.14028930664062
2018-01-08,211.03111267089844
2018-01-09,212.8161163330078
2018-01-10,213.14295959472656
2018-01-11,213.81346130371094
2018-01-12,215.4057159423828
2018-01-16,216.60414123535156
2018-01-17,212.5730743408203
2018-01-18,210.3270721435547
2018-01-19,214.64312744140625
2018-01-22,219.1685791015625
2018-01-23,217.97015380859375
2018-01-24,222.6549530029297
2018-01-25,225.46240234375
2018-01-26,224.71653747558594
2018-01-29,228.35372924804688
2018-01-30,225.38699340820312
2018-01-31,224.50709533691406
2018-02-01,228.14419555664062
2018-02-02,217.92831420898438
2018-02-05,208.7683563232422
2018-02-06,216.80526733398438
2018-02-07,215.4644317626953
2018-02-08,206.45533752441406
2018-02-09,208.92752075195312
2018-02-12,212.16246032714844
2018-02-13,214.1486358642578
2018-02-14,220.05690002441406
2018-02-15,224.33099365234375
2018-02-16,224.28076171875
2018-02-20,221.99285888671875
2018-02-21,220.74415588378906
2018-02-22,219.0931854248047
2018-02-23,223.56842041015625
2018-02-26,227.33132934570312
2018-02-27,224.54052734375
2018-02-28,220.9687957763672
2018-03-01,215.80026245117188
2018-03-02,216.9264373779297
2018-03-05,221.12847900390625
2018-03-06,224.33042907714844
2018-03-07,223.00262451171875
2018-03-08,223.83462524414062
2018-03-09,227.55758666992188
2018-03-12,229.75106811523438
2018-03-13,225.6751251220703
2018-03-14,222.22938537597656
2018-03-15,224.06149291992188
2018-03-16,224.8935546875
2018-03-19,220.63265991210938
2018-03-20,221.1873016357422
2018-03-21,220.0611572265625
2018-03-22,212.28736877441406
2018-03-23,206.11875915527344
2018-03-26,214.20350646972656
2018-03-27,207.79959106445312
2018-03-28,209.5728302001953
2018-03-29,211.6654815673828
2018-04-02,207.875244140625
2018-04-03,210.58978271484375
2018-04-04,212.30419921875
2018-04-05,214.9850616455078
2018-04-06,210.07705688476562
2018-04-09,211.9427947998047
2018-04-10,215.62379455566406
2018-04-11,212.57310485839844
2018-04-12,218.1618194580078
2018-04-13,215.07754516601562
2018-04-16,216.72476196289062
2018-04-17,213.15301513671875
2018-04-18,213.4639892578125
2018-04-19,213.6068572998047
2018-04-20,211.74949645996094
2018-04-23,207.3037567138672
2018-04-24,203.7908477783203
2018-04-25,201.0511016845703
2018-04-26,201.7738494873047
2018-04-27,201.5301513671875
2018-04-30,200.29473876953125
2018-05-01,198.89968872070312
2018-05-02,196.6977996826172
2018-05-03,196.15994262695312
2018-05-04,197.44573974609375
2018-05-07,199.3450927734375
2018-05-08,199.17701721191406
2018-05-09,203.15213012695312
2018-05-10,204.58924865722656
2018-05-11,204.15220642089844
2018-05-14,204.98423767089844
2018-05-15,203.00930786132812
2018-05-16,202.50503540039062
2018-05-17,200.9418487548828
2018-05-18,199.17701721191406
2018-05-21,199.7652587890625
2018-05-22,200.0174102783203
2018-05-23,199.85777282714844
2018-05-24,198.4206085205078
2018-05-25,197.50457763671875
2018-05-29,190.79812622070312
2018-05-30,193.2692413330078
2018-05-31,190.50296020507812
2018-06-01,192.5861053466797
2018-06-04,193.8848876953125
2018-06-05,192.5776824951172
2018-06-06,195.85841369628906
2018-06-07,196.8873291015625
2018-06-08,196.8367156982422
2018-06-11,197.42709350585938
2018-06-12,196.1957244873047
2018-06-13,197.20774841308594
2018-06-14,197.05596923828125
2018-06-15,195.59695434570312
2018-06-18,195.14993286132812
2018-06-19,192.56077575683594
2018-06-20,192.1390838623047
2018-06-21,191.43067932128906
2018-06-22,190.62098693847656
2018-06-25,186.84263610839844
2018-06-26,186.8763885498047
2018-06-27,185.69564819335938
2018-06-28,188.42820739746094
2018-06-29,186.02456665039062
2018-07-02,188.2932586669922
2018-07-03,185.86434936523438
2018-07-05,186.16796875
2018-07-06,187.05349731445312
2018-07-09,192.28248596191406
2018-07-10,191.32098388671875
2018-07-11,190.31735229492188
2018-07-12,191.633056640625
2018-07-13,190.94989013671875
2018-07-16,195.192138671875
2018-07-17,194.83790588378906
2018-07-18,195.02342224121094
2018-07-19,193.66563415527344
2018-07-20,195.40298461914062
2018-07-23,197.1488037109375
2018-07-24,198.93675231933594
2018-07-25,199.619873046875
2018-07-26,199.97409057617188
2018-07-27,200.4210968017578
2018-07-30,201.5259246826172
2018-07-31,200.24400329589844
2018-08-01,199.07167053222656
2018-08-02,197.34275817871094
2018-08-03,197.42709350585938
2018-08-06,198.9788818359375
2018-08-07,200.58132934570312
2018-08-08,199.34999084472656
2018-08-09,197.1656036376953
2018-08-10,193.64871215820312
2018-08-13,191.3294677734375
2018-08-14,193.60655212402344
2018-08-15,193.3450927734375
2018-08-16,196.50787353515625
2018-08-17,196.8283233642578
2018-08-20,198.85244750976562
2018-08-21,201.2729034423828
2018-08-22,201.85484313964844
2018-08-23,199.32472229003906
2018-08-24,198.287353515625
2018-08-27,204.604248046875
2018-08-28,204.41029357910156
2018-08-29,204.2664337158203
2018-08-30,202.57411193847656
2018-08-31,201.2287139892578
2018-09-04,201.10171508789062
2018-09-05,201.01710510253906
2018-09-06,198.4447479248047
2018-09-07,197.92855834960938
2018-09-10,196.23626708984375
2018-09-11,194.79776000976562
2018-09-12,193.0546417236328
2018-09-13,193.20692443847656
2018-09-14,193.97695922851562
2018-09-17,192.8345947265625
2018-09-18,193.6808319091797
2018-09-19,199.3417205810547
2018-09-20,200.88172912597656
2018-09-21,199.1386260986328
2018-09-24,197.07395935058594
2018-09-25,196.7354736328125
2018-09-26,193.67233276367188
2018-09-27,192.70770263671875
2018-09-28,189.74607849121094
2018-10-01,190.66836547851562
2018-10-02,191.2945556640625
2018-10-03,192.7415771484375
2018-10-04,192.4876708984375
2018-10-05,190.98995971679688
2018-10-08,190.68533325195312
2018-10-09,188.6206817626953
2018-10-10,181.83433532714844
2018-10-11,180.20970153808594
2018-10-12,180.97125244140625
2018-10-15,182.11361694335938
2018-10-16,187.5968017578125
2018-10-17,193.1646270751953
2018-10-18,190.3468475341797
2018-10-19,192.0476837158203
2018-10-22,187.51219177246094
2018-10-23,184.9398193359375
2018-10-24,177.00274658203125
2018-10-25,181.08973693847656
2018-10-26,179.69351196289062
2018-10-29,181.49591064453125
2018-10-30,185.54905700683594
2018-10-31,190.70225524902344
2018-11-01,192.05613708496094
2018-11-02,194.3577423095703
2018-11-05,193.5369415283203
2018-11-06,193.09693908691406
2018-11-07,195.70314025878906
2018-11-08,196.01625061035156
2018-11-09,188.40065002441406
2018-11-12,174.3542022705078
2018-11-13,173.5079803466797
2018-11-14,171.34181213378906
2018-11-15,172.3995361328125
2018-11-16,171.02871704101562
2018-11-19,167.72860717773438
2018-11-20,161.90696716308594
2018-11-21,162.97312927246094
2018-11-23,160.01153564453125
2018-11-26,164.44544982910156
2018-11-27,163.86160278320312
2018-11-28,167.83863830566406
2018-11-29,165.54470825195312
2018-11-30,162.0104217529297
2018-12-03,162.80905151367188
2018-12-04,156.5898895263672
2018-12-06,156.4029998779297
2018-12-07,152.64772033691406
2018-12-10,151.93409729003906
2018-12-11,150.2093963623047
2018-12-12,150.1244354248047
2018-12-13,149.46176147460938
2018-12-14,146.7855224609375
2018-12-17,142.74142456054688
2018-12-18,145.70652770996094
2018-12-19,143.79493713378906
2018-12-20,143.0812530517578
2018-12-21,135.97857666015625
2018-12-24,132.8351287841797
2018-12-26,138.42543029785156
2018-12-27,140.53244018554688
2018-12-28,138.5103759765625
2018-12-31,141.92581176757812
2019-01-02,146.15684509277344
2019-01-03,144.0157928466797
2019-01-04,148.72259521484375
2019-01-07,149.54672241210938
2019-01-08,148.99447631835938
2019-01-09,149.9290771484375
2019-01-10,149.52976989746094
2019-01-11,150.31985473632812
2019-01-14,151.8406524658203
2019-01-15,152.85166931152344
2019-01-16,167.4393310546875
2019-01-17,169.14700317382812
2019-01-18,172.07814025878906
2019-01-22,167.94908142089844
2019-01-23,167.286376953125
2019-01-24,168.051025390625
2019-01-25,170.54885864257812
2019-01-28,169.6822509765625
2019-01-29,170.34498596191406
2019-01-30,172.02716064453125
2019-01-31,168.22943115234375
2019-02-01,166.98046875
2019-02-04,167.9830780029297
2019-02-05,168.22943115234375
2019-02-06,167.04849243164062
2019-02-07,164.03244018554688
2019-02-08,162.84298706054688
2019-02-11,162.55413818359375
2019-02-12,165.23887634277344
2019-02-13,165.4088134765625
2019-02-14,163.57363891601562
2019-02-15,168.64572143554688
2019-02-19,168.79019165039062
2019-02-20,168.73069763183594
2019-02-21,166.82760620117188
2019-02-22,166.52174377441406
2019-02-25,168.77320861816406
2019-02-26,168.9856414794922
2019-02-27,168.985595703125
2019-02-28,167.7913360595703
2019-03-01,169.07089233398438
2019-03-04,167.17715454101562
2019-03-05,167.19422912597656
2019-03-06,166.11941528320312
2019-03-07,164.43893432617188
2019-03-08,166.54592895507812
2019-03-11,167.1686248779297
2019-03-12,167.7316436767578
2019-03-13,168.26051330566406
2019-03-14,168.4481658935547
2019-03-15,169.12208557128906
2019-03-18,172.7133331298828
2019-03-19,171.5617218017578
2019-03-20,165.76112365722656
2019-03-21,165.9829559326172
2019-03-22,161.18887329101562
2019-03-25,160.80506896972656
2019-03-26,162.6646728515625
2019-03-27,162.1016082763672
2019-03-28,163.08265686035156
2019-03-29,163.7735595703125
2019-04-01,167.82546997070312
2019-04-02,168.47381591796875
2019-04-03,171.33998107910156
2019-04-04,172.5086212158203
2019-04-05,172.63656616210938
2019-04-08,172.7730712890625
2019-04-09,171.13525390625
2019-04-10,173.1483917236328
2019-04-11,173.0204620361328
2019-04-12,177.29415893554688
2019-04-15,170.5296173095703
2019-04-16,172.1759490966797
2019-04-17,177.34530639648438
2019-04-18,175.64776611328125
2019-04-22,174.53033447265625
2019-04-23,174.13792419433594
2019-04-24,171.06698608398438
2019-04-25,171.8006134033203
2019-04-26,173.2336883544922
2019-04-29,176.5093536376953
2019-04-30,175.65631103515625
2019-05-01,174.64120483398438
2019-05-02,174.8629913330078
2019-05-03,177.02117919921875
2019-05-06,176.09132385253906
2019-05-07,172.84983825683594
2019-05-08,171.416748046875
2019-05-09,171.996826171875
2019-05-10,172.3551025390625
2019-05-13,166.31564331054688
2019-05-14,167.4330596923828
2019-05-15,167.5354461669922
2019-05-16,169.8727569580078
2019-05-17,168.41409301757812
2019-05-20,168.2519989013672
2019-05-21,169.84718322753906
2019-05-22,166.7847900390625
2019-05-23,163.75653076171875
2019-05-24,164.63514709472656
2019-05-28,161.59835815429688
2019-05-29,161.13560485839844
2019-05-30,160.5529022216797
2019-05-31,156.37142944335938
2019-06-03,156.97122192382812
2019-06-04,162.70372009277344
2019-06-05,161.46983337402344
2019-06-06,162.6437225341797
2019-06-07,162.6437225341797
2019-06-10,166.33685302734375
2019-06-11,166.85952758789062
2019-06-12,162.9950714111328
2019-06-13,164.04901123046875
2019-06-14,164.2289581298828
2019-06-17,163.5177459716797
2019-06-18,167.07383728027344
2019-06-19,167.63931274414062
2019-06-20,167.69073486328125
2019-06-21,167.8964080810547
2019-06-24,169.22454833984375
2019-06-25,167.99923706054688
2019-06-26,168.81326293945312
2019-06-27,170.79266357421875
2019-06-28,175.31695556640625
2019-07-01,177.2534942626953
2019-07-02,176.4994354248047
2019-07-03,176.55084228515625
2019-07-05,178.14462280273438
2019-07-08,176.30233764648438
2019-07-09,178.03318786621094
2019-07-10,176.49082946777344
2019-07-11,181.100830078125
2019-07-12,183.3201904296875
2019-07-15,181.2979278564453
2019-07-16,184.6740264892578
2019-07-17,182.77175903320312
2019-07-18,183.81716918945312
2019-07-19,182.9602508544922
2019-07-22,183.37158203125
2019-07-23,188.0244598388672
2019-07-24,190.25228881835938
2019-07-25,188.4957275390625
2019-07-26,190.34652709960938
2019-07-29,188.78704833984375
2019-07-30,189.71243286132812
2019-07-31,188.624267578125
2019-08-01,181.3151092529297
2019-08-02,179.40426635742188
2019-08-05,172.8148193359375
2019-08-06,176.52513122558594
2019-08-07,176.29376220703125
2019-08-08,177.3734130859375
2019-08-09,177.28775024414062
2019-08-12,172.6778106689453
2019-08-13,174.8970947265625
2019-08-14,167.5707550048828
2019-08-15,168.10202026367188
2019-08-16,170.87832641601562
2019-08-19,173.2604217529297
2019-08-20,171.35813903808594
2019-08-21,171.95799255371094
2019-08-22,173.44891357421875
2019-08-23,168.11917114257812
2019-08-26,171.07534790039062
2019-08-27,169.72158813476562
2019-08-28,171.73521423339844
2019-08-29,175.4169921875
2019-08-30,175.82228088378906
2019-09-03,171.56272888183594
2019-09-04,173.9425506591797
2019-09-05,178.52978515625
2019-09-06,178.66770935058594
2019-09-09,182.78065490722656
2019-09-10,185.9279022216797
2019-09-11,186.9367218017578
2019-09-12,188.60952758789062
2019-09-13,189.60975646972656
2019-09-16,187.29888916015625
2019-09-17,186.16932678222656
2019-09-18,187.1781768798828
2019-09-19,185.5829620361328
2019-09-20,184.2982635498047
2019-09-23,184.05679321289062
2019-09-24,179.13336181640625
2019-09-25,181.0992431640625
2019-09-26,179.5386199951172
2019-09-27,180.1852569580078
2019-09-30,178.68499755859375
2019-10-01,174.7703094482422
2019-10-02,170.94192504882812
2019-10-03,170.07106018066406
2019-10-04,173.1406707763672
2019-10-07,172.79580688476562
2019-10-08,170.18312072753906
2019-10-09,169.73475646972656
2019-10-10,172.33876037597656
2019-10-11,176.4862060546875
2019-10-14,177.4691925048828
2019-10-15,178.02105712890625
2019-10-16,178.84877014160156
2019-10-17,178.02105712890625
2019-10-18,178.07278442382812
2019-10-21,180.4267120361328
2019-10-22,180.72850036621094
2019-10-23,182.21160888671875
2019-10-24,181.978759765625
2019-10-25,184.7207489013672
2019-10-28,187.75584411621094
2019-10-29,187.66102600097656
2019-10-30,186.08311462402344
2019-10-31,183.98785400390625
2019-11-01,187.44546508789062
2019-11-04,189.5838623046875
2019-11-05,188.5233154296875
2019-11-06,188.33355712890625
2019-11-07,192.5327606201172
2019-11-08,192.205078125
2019-11-11,188.8595733642578
2019-11-12,190.0495147705078
2019-11-13,189.10963439941406
2019-11-14,189.2044677734375
2019-11-15,189.91151428222656
2019-11-18,189.463134765625
2019-11-19,189.73043823242188
2019-11-20,187.89382934570312
2019-11-21,188.16973876953125
2019-11-22,189.93736267089844
2019-11-25,192.06716918945312
2019-11-26,191.80848693847656
2019-11-27,192.23960876464844
2019-11-29,191.9360809326172
2019-12-02,188.7191162109375
2019-12-03,184.03671264648438
2019-12-04,187.24502563476562
2019-12-05,188.28553771972656
2019-12-06,194.76292419433594
2019-12-09,192.33499145507812
2019-12-10,192.39572143554688
2019-12-11,191.79734802246094
2019-12-12,196.01156616210938
2019-12-13,195.10110473632812
2019-12-16,197.73712158203125
2019-12-17,200.433837890625
2019-12-18,199.82687377929688
2019-12-19,199.38461303710938
2019-12-20,198.50885009765625
2019-12-23,198.64759826660156
2019-12-24,199.35862731933594
2019-12-26,200.48590087890625
2019-12-27,200.0089874267578
2019-12-30,199.2632293701172
2019-12-31,199.37596130371094
2020-01-02,203.1826171875
2020-01-03,200.80670166015625
2020-01-06,202.86175537109375
2020-01-07,204.19717407226562
2020-01-08,206.16546630859375
2020-01-09,210.36233520507812
2020-01-10,209.9374237060547
2020-01-13,212.62547302246094
2020-01-14,213.01571655273438
2020-01-15,212.62547302246094
2020-01-16,216.53622436523438
2020-01-17,216.31072998046875
2020-01-21,213.05038452148438
2020-01-22,214.22096252441406
2020-01-23,212.94630432128906
2020-01-24,209.77267456054688
2020-01-27,206.49497985839844
2020-01-28,210.344970703125
2020-01-29,208.21189880371094
2020-01-30,211.6890411376953
2020-01-31,206.1568145751953
2020-02-03,207.24940490722656
2020-02-04,209.79005432128906
2020-02-05,211.83642578125
2020-02-06,209.68597412109375
2020-02-07,206.37356567382812
2020-02-10,205.81863403320312
2020-02-11,205.03823852539062
2020-02-12,206.937255859375
2020-02-13,206.67709350585938
2020-02-14,205.57586669921875
2020-02-18,202.22012329101562
2020-02-19,205.7926483154297
2020-02-20,201.80392456054688
2020-02-21,199.9742431640625
2020-02-24,194.70220947265625
2020-02-25,188.6930694580078
2020-02-26,187.10629272460938
2020-02-27,178.3570556640625
2020-02-28,175.15533447265625
2020-03-02,182.74533081054688
2020-03-03,177.47593688964844
2020-03-04,182.10845947265625
2020-03-05,173.4279022216797
2020-03-06,168.24578857421875
2020-03-09,150.7625274658203
2020-03-10,160.83021545410156
2020-03-11,149.95989990234375
2020-03-12,131.45590209960938
2020-03-13,154.56626892089844
2020-03-16,134.9281005859375
2020-03-17,138.42652893066406
2020-03-18,122.15592956542969
2020-03-19,130.41775512695312
2020-03-20,120.75133514404297
2020-03-23,117.75019073486328
2020-03-24,134.00335693359375
2020-03-25,135.3381805419922
2020-03-26,144.63816833496094
2020-03-27,138.1386260986328
2020-03-30,139.2552947998047
2020-03-31,134.86708068847656
2020-04-01,126.75358581542969
2020-04-02,130.8015899658203
2020-04-03,128.184326171875
2020-04-06,138.0426483154297
2020-04-07,144.8387908935547
2020-04-08,154.38304138183594
2020-04-09,160.751708984375
2020-04-13,156.31982421875
2020-04-14,155.4910125732422
2020-04-15,155.74400329589844
2020-04-16,154.45281982421875
2020-04-17,160.07992553710938
2020-04-20,157.38414001464844
2020-04-21,151.63490295410156
2020-04-22,153.52804565429688
2020-04-23,152.71669006347656
2020-04-24,154.41795349121094
2020-04-27,160.12351989746094
2020-04-28,163.1508026123047
2020-04-29,165.78558349609375
2020-04-30,160.01885986328125
2020-05-01,154.50518798828125
2020-05-04,153.5717010498047
2020-05-05,155.55210876464844
2020-05-06,154.34814453125
2020-05-07,159.05918884277344
2020-05-08,161.73751831054688
2020-05-11,159.79205322265625
2020-05-12,154.6011505126953
2020-05-13,149.88137817382812
2020-05-14,152.19325256347656
2020-05-15,149.9424285888672
2020-05-18,158.6753387451172
2020-05-19,155.14205932617188
2020-05-20,158.29147338867188
2020-05-21,157.12245178222656
2020-05-22,156.97413635253906
2020-05-26,171.04620361328125
2020-05-27,182.91107177734375
2020-05-28,175.54788208007812
2020-05-29,172.49293518066406
2020-06-01,175.5127410888672
2020-06-02,179.20860290527344
2020-06-03,184.85333251953125
2020-06-04,188.5843048095703
2020-06-05,191.3056640625
2020-06-08,193.84275817871094
2020-06-09,191.46371459960938
2020-06-10,187.4430694580078
2020-06-11,170.421142578125
2020-06-12,177.13685607910156
2020-06-15,181.11361694335938
2020-06-16,183.99302673339844
2020-06-17,181.00823974609375
2020-06-18,178.9452667236328
2020-06-19,177.0051727294922
2020-06-22,178.5765380859375
2020-06-23,179.7704620361328
2020-06-24,173.83609008789062
2020-06-25,181.80711364746094
2020-06-26,166.08447265625
2020-06-29,169.84173583984375
2020-06-30,173.48486328125
2020-07-01,173.44100952148438
2020-07-02,173.291748046875
2020-07-06,182.03538513183594
2020-07-07,175.01239013671875
2020-07-08,177.54942321777344
2020-07-09,172.79141235351562
2020-07-10,180.4552001953125
2020-07-13,183.36972045898438
2020-07-14,187.8732452392578
2020-07-15,190.41024780273438
2020-07-16,188.4525909423828
2020-07-17,185.5907440185547
2020-07-20,185.85411071777344
2020-07-21,186.12625122070312
2020-07-22,180.84146118164062
2020-07-23,178.22543334960938
2020-07-24,176.86471557617188
2020-07-27,178.22543334960938
2020-07-28,176.99636840820312
2020-07-29,177.83917236328125
2020-07-30,175.16165161132812
2020-07-31,173.78335571289062
2020-08-03,175.03875732421875
2020-08-04,177.013916015625
2020-08-05,179.54220581054688
2020-08-06,179.30517578125
2020-08-07,182.83421325683594
2020-08-10,183.80862426757812
2020-08-11,185.28350830078125
2020-08-12,186.2228240966797
2020-08-13,182.93955993652344
2020-08-14,182.57086181640625
2020-08-17,178.26930236816406
2020-08-18,176.72422790527344
2020-08-19,178.22543334960938
2020-08-20,177.19833374023438
2020-08-21,177.7074432373047
2020-08-24,182.017822265625
2020-08-25,180.84146118164062
2020-08-26,181.9124755859375
2020-08-27,184.48458862304688
2020-08-28,182.34262084960938
2020-08-31,180.93833923339844
2020-09-01,181.45944213867188
2020-09-02,185.50439453125
2020-09-03,183.3141326904297
2020-09-04,186.29925537109375
2020-09-08,178.82754516601562
2020-09-09,178.59791564941406
2020-09-10,176.6460723876953
2020-09-11,177.44976806640625
2020-09-14,177.8206787109375
2020-09-15,174.87088012695312
2020-09-16,177.23779296875
2020-09-17,172.07118225097656
2020-09-18,172.0976104736328
2020-09-21,171.33810424804688
2020-09-22,169.2361297607422
2020-09-23,164.3785858154297
2020-09-24,172.3184814453125
2020-09-25,172.17715454101562
2020-09-28,175.81588745117188
2020-09-29,173.80218505859375
2020-09-30,177.49388122558594
2020-10-01,175.35665893554688
2020-10-02,176.54891967773438
2020-10-05,178.22694396972656
2020-10-06,177.59991455078125
2020-10-07,179.81671142578125
2020-10-08,183.68502807617188
2020-10-09,183.29641723632812
2020-10-12,189.10781860351562
2020-10-13,186.1844482421875
2020-10-14,186.55540466308594
2020-10-15,184.2326202392578
2020-10-16,182.12184143066406
2020-10-19,181.6625518798828
2020-10-20,183.72921752929688
2020-10-21,179.2073211669922
2020-10-22,181.4064178466797
2020-10-23,181.08848571777344
2020-10-26,177.64407348632812
2020-10-27,172.8218536376953
2020-10-28,167.6022186279297
2020-10-29,167.75238037109375
2020-10-30,166.95750427246094
2020-11-02,167.9820098876953
2020-11-03,174.8090362548828
2020-11-04,174.75604248046875
2020-11-05,179.25146484375
2020-11-06,177.7500457763672
2020-11-09,189.82321166992188
2020-11-10,192.06651306152344
2020-11-11,192.57870483398438
2020-11-12,189.45223999023438
2020-11-13,193.48843383789062
2020-11-16,196.4029541015625
2020-11-17,198.4077606201172
2020-11-18,198.09864807128906
2020-11-19,198.33712768554688
2020-11-20,197.25962829589844
2020-11-23,202.0994873046875
2020-11-24,209.75669860839844
2020-11-25,208.90887451171875
2020-11-27,207.9019775390625
2020-11-30,203.64508056640625
2020-12-01,206.0870361328125
2020-12-02,211.03323364257812
2020-12-03,209.0973663330078
2020-12-04,212.74710083007812
2020-12-07,211.74366760253906
2020-12-08,212.08995056152344
2020-12-09,215.62416076660156
2020-12-10,217.0272216796875
2020-12-11,213.1111602783203
2020-12-14,211.1575469970703
2020-12-15,215.27784729003906
2020-12-16,216.4677734375
2020-12-17,217.0538330078125
2020-12-18,215.011474609375
2020-12-21,228.1982879638672
2020-12-22,222.07994079589844
2020-12-23,227.72763061523438
2020-12-24,227.47010803222656
2020-12-28,230.5159454345703
2020-12-29,229.11289978027344
2020-12-30,230.39163208007812
2020-12-31,234.1744842529297
2021-01-04,235.32008361816406
2021-01-05,240.58584594726562
2021-01-06,253.56842041015625
2021-01-07,258.9852294921875
2021-01-08,257.5910339355469
2021-01-11,260.92108154296875
2021-01-12,268.3625183105469
2021-01-13,269.0107727050781
2021-01-14,273.38861083984375
2021-01-15,267.296875
2021-01-19,261.2496643066406
2021-01-20,257.9374084472656
2021-01-21,256.96063232421875
2021-01-22,256.97833251953125
2021-01-25,251.3395233154297
2021-01-26,250.2029266357422
2021-01-27,242.7169952392578
2021-01-28,244.21778869628906
2021-01-29,240.79901123046875
2021-02-01,243.9603271484375
2021-02-02,254.82937622070312
2021-02-03,256.23236083984375
2021-02-04,260.85009765625
2021-02-05,260.6280212402344
2021-02-08,266.53326416015625
2021-02-09,266.8085021972656
2021-02-10,270.2006530761719
2021-02-11,268.4601135253906
2021-02-12,272.0122375488281
2021-02-16,277.0205383300781
2021-02-17,277.71307373046875
2021-02-18,275.1912841796875
2021-02-19,280.27069091796875
2021-02-22,281.3805236816406
2021-02-23,283.4585266113281
2021-02-24,293.60845947265625
2021-02-25,291.0509033203125
2021-02-26,283.6982421875
2021-03-01,294.1197814941406
2021-03-02,295.02911376953125
2021-03-03,298.1402893066406
2021-03-04,293.5581359863281
2021-03-05,291.8464660644531
2021-03-08,297.9264221191406
2021-03-09,294.7170715332031
2021-03-10,304.90673828125
2021-03-11,304.9780578613281
2021-03-12,310.9599609375
2021-03-15,308.49945068359375
2021-03-16,304.63037109375
2021-03-17,307.5188293457031
2021-03-18,310.2378845214844
2021-03-19,306.8501892089844
2021-03-22,302.5086364746094
2021-03-23,295.76904296875
2021-03-24,292.9876403808594
2021-03-25,294.681396484375
2021-03-26,291.8642883300781
2021-03-29,290.3844299316406
2021-03-30,295.9829406738281
2021-03-31,291.51666259765625
2021-04-01,292.087158203125
2021-04-05,288.43212890625
2021-04-06,291.57012939453125
2021-04-07,291.11541748046875
2021-04-08,295.2074279785156
2021-04-09,294.9132080078125
2021-04-12,295.8313903808594
2021-04-13,292.1228332519531
2021-04-14,298.9605407714844
2021-04-15,301.81329345703125
2021-04-16,305.1652526855469
2021-04-19,305.8606872558594
2021-04-20,295.8670654296875
2021-04-21,298.8891906738281
2021-04-22,294.94879150390625
2021-04-23,302.5265197753906
2021-04-26,306.2440185546875
2021-04-27,309.01654052734375
2021-04-28,310.3359680175781
2021-04-29,314.6685485839844
2021-04-30,310.6390686035156
2021-05-03,312.1634521484375
2021-05-04,311.87823486328125
2021-05-05,318.8139343261719
2021-05-06,326.2579345703125
2021-05-07,330.6440734863281
2021-05-10,328.6739196777344
2021-05-11,320.86444091796875
2021-05-12,315.9433898925781
2021-05-13,319.87481689453125
2021-05-14,328.7540283203125
2021-05-17,329.18206787109375
2021-05-18,325.00091552734375
2021-05-19,319.4914855957031
2021-05-20,320.7395935058594
2021-05-21,326.5164794921875
2021-05-24,328.3262023925781
2021-05-25,324.9563293457031
2021-05-26,327.5327453613281
2021-05-27,331.07196044921875
2021-05-28,332.771484375
2021-06-01,342.0921630859375
2021-06-02,342.9866638183594
2021-06-03,347.7096252441406
2021-06-04,350.151611328125
2021-06-07,347.2087097167969
2021-06-08,344.1138000488281
2021-06-09,342.3963623046875
2021-06-10,334.4889831542969
2021-06-11,338.1653137207031
2021-06-14,333.5766296386719
2021-06-15,332.1274719238281
2021-06-16,331.85919189453125
2021-06-17,323.3614501953125
2021-06-18,312.0281066894531
2021-06-21,319.8191833496094
2021-06-22,319.8102722167969
2021-06-23,322.9588928222656
2021-06-24,329.84649658203125
2021-06-25,329.86444091796875
2021-06-28,329.8106689453125
2021-06-29,333.3082275390625
2021-06-30,339.4892578125
2021-07-01,335.4281005859375
2021-07-02,334.68572998046875
2021-07-06,330.8393859863281
2021-07-07,328.8804931640625
2021-07-08,321.07147216796875
2021-07-09,332.5389099121094
2021-07-12,340.35687255859375
2021-07-13,336.3137512207031
2021-07-14,334.9003601074219
2021-07-15,333.96124267578125
2021-07-16,326.313232421875
2021-07-19,317.2967224121094
2021-07-20,326.2774658203125
2021-07-21,334.0953674316406
2021-07-22,333.38873291015625
2021-07-23,334.5873107910156
2021-07-26,336.2421569824219
2021-07-27,335.29400634765625
2021-07-28,334.7483825683594
2021-07-29,337.718017578125
2021-07-30,335.329833984375
2021-08-02,338.29058837890625
2021-08-03,340.23162841796875
2021-08-04,337.995361328125
2021-08-05,343.75592041015625
2021-08-06,355.9122009277344
2021-08-09,357.69232177734375
2021-08-10,364.9287414550781
2021-08-11,370.2242126464844
2021-08-12,371.2171325683594
2021-08-13,367.4422912597656
2021-08-16,365.2685852050781
2021-08-17,362.2452392578125
2021-08-18,356.72613525390625
2021-08-19,352.0479736328125
2021-08-20,354.10528564453125
2021-08-23,359.0965881347656
2021-08-24,365.4565124511719
2021-08-25,369.5354309082031
2021-08-26,368.90032958984375
2021-08-27,375.4122619628906
2021-08-30,369.96478271484375
2021-08-31,371.6815490722656
2021-09-01,371.81646728515625
2021-09-02,372.5714111328125
2021-09-03,369.7041320800781
2021-09-07,368.8142395019531
2021-09-08,364.0323791503906
2021-09-09,363.6549072265625
2021-09-10,362.6661682128906
2021-09-13,367.8614807128906
2021-09-14,362.85491943359375
2021-09-15,361.2909240722656
2021-09-16,356.55401611328125
2021-09-17,351.8620910644531
2021-09-20,339.8804016113281
2021-09-21,337.8220520019531
2021-09-22,346.4779357910156
2021-09-23,352.2215270996094
2021-09-24,351.313720703125
2021-09-27,359.3673400878906
2021-09-28,350.1003112792969
2021-09-29,345.95660400390625
2021-09-30,339.79052734375
2021-10-01,341.5612487792969
2021-10-04,336.30303955078125
2021-10-05,346.7835998535156
2021-10-06,348.7970275878906
2021-10-07,351.10699462890625
2021-10-08,353.07550048828125
2021-10-11,346.27117919921875
2021-10-12,347.4307861328125
2021-10-13,347.23297119140625
2021-10-14,351.6283264160156
2021-10-15,364.99420166015625
2021-10-18,371.8433837890625
2021-10-19,370.4681091308594
2021-10-20,366.63006591796875
2021-10-21,366.3604431152344
2021-10-22,372.40966796875
2021-10-25,372.7961120605469
2021-10-26,375.3668518066406
2021-10-27,369.41650390625
2021-10-28,372.8591003417969
2021-10-29,371.5377502441406
2021-11-01,374.54888916015625
2021-11-02,380.9756774902344
2021-11-03,375.6274719238281
2021-11-04,366.7918395996094
2021-11-05,365.9020080566406
2021-11-08,367.03460693359375
2021-11-09,364.34698486328125
2021-11-10,358.7471923828125
2021-11-11,361.6414489746094
2021-11-12,363.95147705078125
2021-11-15,363.8616943359375
2021-11-16,362.3156433105469
2021-11-17,351.9429016113281
2021-11-18,351.7810974121094
2021-11-19,348.20379638671875
2021-11-22,356.0866394042969
2021-11-23,365.23687744140625
2021-11-24,358.81011962890625
2021-11-26,350.00146484375
2021-11-29,347.439697265625
2021-11-30,342.4511413574219
2021-12-01,340.1831359863281
2021-12-02,350.17681884765625
2021-12-03,345.83056640625
2021-12-06,351.7671203613281
2021-12-07,361.5349426269531
2021-12-08,359.013916015625
2021-12-09,358.2638854980469
2021-12-10,353.3575134277344
2021-12-13,347.556396484375
2021-12-14,351.3334655761719
2021-12-15,352.318359375
2021-12-16,359.0591125488281
2021-12-17,344.990234375
2021-12-20,335.78265380859375
2021-12-21,343.6529235839844
2021-12-22,345.4690856933594
2021-12-23,347.9178161621094
2021-12-27,350.6286315917969
2021-12-28,350.24005126953125
2021-12-29,348.966064453125
2021-12-30,348.35150146484375
2021-12-31,345.66796875
2022-01-03,357.2157897949219
2022-01-04,368.1943664550781
2022-01-05,360.1976623535156
2022-01-06,358.66143798828125
2022-01-07,359.1856384277344
2022-01-10,360.685546875
2022-01-11,364.1914978027344
2022-01-12,352.6797790527344
2022-01-13,353.1224670410156
2022-01-14,344.21307373046875
2022-01-18,320.23187255859375
2022-01-19,313.8344421386719
2022-01-20,314.539306640625
2022-01-21,310.7532653808594
2022-01-24,310.2834167480469
2022-01-25,308.62066650390625
2022-01-26,309.6418151855469
2022-01-27,308.15087890625
2022-01-28,313.5544128417969
2022-01-31,320.48492431640625
2022-02-01,328.96051025390625
2022-02-02,328.0570373535156
2022-02-03,324.2799377441406
2022-02-04,332.1593017578125
2022-02-07,332.6562194824219
2022-02-08,334.4181823730469
2022-02-09,338.421142578125
2022-02-10,334.8429260253906
2022-02-11,328.0570373535156
2022-02-14,325.5088806152344
2022-02-15,328.8521423339844
2022-02-16,325.337158203125
2022-02-17,315.4067077636719
2022-02-18,312.67791748046875
2022-02-22,311.07855224609375
2022-02-23,308.2955322265625
2022-02-24,307.39190673828125
2022-02-25,316.3644714355469
2022-02-28,308.3858642578125
2022-03-01,298.30596923828125
2022-03-02,305.74090576171875
2022-03-03,303.0505676269531
2022-03-04,299.64208984375
2022-03-07,292.5706787109375
2022-03-08,292.09808349609375
2022-03-09,303.2049865722656
2022-03-10,299.8511047363281
2022-03-11,297.2152404785156
2022-03-14,295.3792724609375
2022-03-15,299.1784973144531
2022-03-16,309.7219543457031
2022-03-17,312.00335693359375
2022-03-18,313.921142578125
2022-03-21,308.1222229003906
2022-03-22,311.7669982910156
2022-03-23,305.04095458984375
2022-03-24,305.6045227050781
2022-03-25,306.749755859375
2022-03-28,304.7591552734375
2022-03-29,308.7220458984375
2022-03-30,305.02276611328125
2022-03-31,300.0329284667969
2022-04-01,300.14202880859375
2022-04-04,298.3150329589844
2022-04-05,294.4521484375
2022-04-06,287.4534912109375
2022-04-07,285.5357360839844
2022-04-08,292.11627197265625
2022-04-11,291.5436096191406
2022-04-12,290.6529235839844
2022-04-13,292.6434631347656
2022-04-14,292.34344482421875
2022-04-18,299.8329162597656
2022-04-19,305.3500061035156
2022-04-20,309.99462890625
2022-04-21,303.850341796875
2022-04-22,290.643798828125
2022-04-25,292.1435241699219
2022-04-26,284.5994567871094
2022-04-27,284.6995544433594
2022-04-28,289.40765380859375
2022-04-29,277.66448974609375
2022-05-02,282.1454162597656
2022-05-03,285.999267578125
2022-05-04,294.5884704589844
2022-05-05,284.5541076660156
2022-05-06,284.45404052734375
2022-05-09,280.7548522949219
2022-05-10,277.2737121582031
2022-05-11,274.0833435058594
2022-05-12,272.1382751464844
2022-05-13,279.0278015136719
2022-05-16,275.8012390136719
2022-05-17,284.4631652832031
2022-05-18,278.7916564941406
2022-05-19,280.1276550292969
2022-05-20,278.85516357421875
2022-05-23,287.7716064453125
2022-05-24,285.3538818359375
2022-05-25,286.21734619140625
2022-05-26,294.1521911621094
2022-05-27,298.65130615234375
2022-05-31,298.89825439453125
2022-06-01,294.3258361816406
2022-06-02,296.5205993652344
2022-06-03,291.4268798828125
2022-06-06,293.1004333496094
2022-06-07,294.01495361328125
2022-06-08,287.76904296875
2022-06-09,278.20355224609375
2022-06-10,262.4744567871094
2022-06-13,259.09088134765625
2022-06-14,258.37762451171875
2022-06-15,265.263671875
2022-06-16,260.6089172363281
2022-06-17,255.86277770996094
2022-06-21,260.4534912109375
2022-06-22,260.20660400390625
2022-06-23,261.6971740722656
2022-06-24,276.8592529296875
2022-06-27,275.0577087402344
2022-06-28,273.8780212402344
2022-06-29,277.34393310546875
2022-06-30,271.6192932128906
2022-07-01,273.6402587890625
2022-07-05,271.783935546875
2022-07-06,268.6380310058594
2022-07-07,273.0641174316406
2022-07-08,271.1163330078125
2022-07-11,268.10760498046875
2022-07-12,267.5133056640625
2022-07-13,265.33673095703125
2022-07-14,257.5088195800781
2022-07-15,268.73870849609375
2022-07-18,275.4966735839844
2022-07-19,290.850830078125
2022-07-20,293.9600830078125
2022-07-21,298.6148376464844
2022-07-22,296.22796630859375
2022-07-25,296.4017333984375
2022-07-26,291.30804443359375
2022-07-27,296.7858581542969
2022-07-28,300.96502685546875
2022-07-29,304.8790283203125
2022-08-01,303.68096923828125
2022-08-02,299.8401794433594
2022-08-03,304.6778259277344
2022-08-04,303.4889831542969
2022-08-05,306.0495300292969
2022-08-08,306.0586242675781
2022-08-09,307.832763671875
2022-08-10,318.1572570800781
2022-08-11,321.60479736328125
2022-08-12,323.56182861328125
2022-08-15,325.4182434082031
2022-08-16,324.6134948730469
2022-08-17,323.4886779785156
2022-08-18,324.2019348144531
2022-08-19,319.4010009765625
2022-08-22,313.13677978515625
2022-08-23,311.0882873535156
2022-08-24,312.69781494140625
2022-08-25,316.858642578125
2022-08-26,307.631591796875
2022-08-29,305.36370849609375
2022-08-30,305.09844970703125
2022-08-31,306.5174255371094
2022-09-01,307.2821350097656
2022-09-02,305.4208984375
2022-09-06,300.8232421875
2022-09-07,304.5732727050781
2022-09-08,309.01434326171875
2022-09-09,313.3633117675781
2022-09-12,315.6483154296875
2022-09-13,302.5738830566406
2022-09-14,301.5326843261719
2022-09-15,305.5499267578125
2022-09-16,300.565185546875
2022-09-19,302.8226623535156
2022-09-20,297.8471984863281
2022-09-21,295.49761962890625
2022-09-22,288.32000732421875
2022-09-23,278.2308654785156
2022-09-26,271.4586486816406
2022-09-27,268.473388671875
2022-09-28,277.14361572265625
2022-09-29,272.8315124511719
2022-09-30,270.0121154785156
2022-10-03,275.6325378417969
2022-10-04,290.11669921875
2022-10-05,284.70819091796875
2022-10-06,280.7185363769531
2022-10-07,277.41082763671875
2022-10-10,276.9132995605469
2022-10-11,271.0809020996094
2022-10-12,272.09442138671875
2022-10-13,282.92987060546875
2022-10-14,276.40643310546875
2022-10-17,282.59820556640625
2022-10-18,289.1768798828125
2022-10-19,287.2511901855469
2022-10-20,286.3758544921875
2022-10-21,299.54248046875
2022-10-24,302.8594970703125
2022-10-25,306.2685852050781
2022-10-26,309.29998779296875
2022-10-27,310.6728210449219
2022-10-28,314.9480895996094
2022-10-31,317.42657470703125
2022-11-01,321.1766357421875
2022-11-02,322.29150390625
2022-11-03,321.44384765625
2022-11-04,329.7731018066406
2022-11-07,334.0576171875
2022-11-08,335.40277099609375
2022-11-09,333.5415954589844
2022-11-10,348.56939697265625
2022-11-11,354.89007568359375
2022-11-14,352.3009948730469
2022-11-15,352.78021240234375
2022-11-16,352.2733459472656
2022-11-17,349.923828125
2022-11-18,349.3894958496094
2022-11-21,350.3199768066406
2022-11-22,353.6923522949219
2022-11-23,355.88525390625
2022-11-25,358.2900390625
2022-11-28,352.3009948730469
2022-11-29,353.544921875
2022-11-30,358.1263732910156
2022-12-01,355.9562072753906
2022-12-02,352.96063232421875
2022-12-05,344.57666015625
2022-12-06,336.5729675292969
2022-12-07,333.79998779296875
2022-12-08,332.0934753417969
2022-12-09,333.0765380859375
2022-12-12,336.8233337402344
2022-12-13,341.93353271484375
2022-12-14,334.2265319824219
2022-12-15,324.44219970703125
2022-12-16,321.2147216796875
2022-12-19,319.60101318359375
2022-12-20,319.48968505859375
2022-12-21,324.7482604980469
2022-12-22,320.5006103515625
2022-12-23,320.4356689453125
2022-12-27,317.1526184082031
2022-12-28,316.1324462890625
2022-12-29,318.50665283203125
2022-12-30,318.4603271484375
2023-01-03,321.09423828125
2023-01-04,322.466796875
2023-01-05,318.812744140625
2023-01-06,322.81915283203125
2023-01-09,327.3821105957031
2023-01-10,331.42572021484375
2023-01-11,338.0290222167969
2023-01-12,343.0928039550781
2023-01-13,346.858154296875
2023-01-17,324.52569580078125
2023-01-18,323.75592041015625
2023-01-19,325.29547119140625
2023-01-20,317.03204345703125
2023-01-23,323.80224609375
2023-01-24,323.051025390625
2023-01-25,324.2567138671875
2023-01-26,329.2091979980469
2023-01-27,328.0313720703125
2023-01-30,331.5184326171875
2023-01-31,339.2624816894531
2023-02-01,339.1697692871094
2023-02-02,342.6568603515625
2023-02-03,343.10205078125
2023-02-06,343.8903503417969
2023-02-07,347.2291259765625
2023-02-08,347.87835693359375
2023-02-09,341.2842712402344
2023-02-10,344.3355407714844
2023-02-13,346.8766784667969
2023-02-14,344.7992248535156
2023-02-15,347.1734924316406
2023-02-16,343.3339538574219
2023-02-17,341.7572937011719
2023-02-21,334.9128723144531
2023-02-22,334.6995849609375
2023-02-23,337.1572265625
2023-02-24,337.4447021484375
2023-02-27,339.00286865234375
2023-02-28,326.1300964355469
2023-03-01,323.40264892578125
2023-03-02,326.0834655761719
2023-03-03,333.5466613769531
2023-03-06,333.5092468261719
2023-03-07,323.26251220703125
2023-03-08,326.2608947753906
2023-03-09,319.53564453125
2023-03-10,306.06634521484375
2023-03-13,294.7080383300781
2023-03-14,300.9102478027344
2023-03-15,291.60699462890625
2023-03-16,294.3157653808594
2023-03-17,283.5272216796875
2023-03-20,289.122314453125
2023-03-21,296.3613586425781
2023-03-22,292.98931884765625
2023-03-23,294.0915832519531
2023-03-24,291.9618835449219
2023-03-27,297.5289611816406
2023-03-28,297.4448547363281
2023-03-29,299.5745544433594
2023-03-30,299.9669189453125
2023-03-31,305.5432434082031
2023-04-03,304.9921875
2023-04-04,301.3773193359375
2023-04-05,300.33111572265625
2023-04-06,301.1437683105469
2023-04-10,303.5350036621094
2023-04-11,305.78607177734375
2023-04-12,308.4668884277344
2023-04-13,310.2322692871094
2023-04-14,314.7064514160156
2023-04-17,317.28448486328125
2023-04-18,311.8949279785156
2023-04-19,314.678466796875
2023-04-20,316.3784484863281
2023-04-21,319.13397216796875
2023-04-24,321.28228759765625
2023-04-25,317.0976867675781
2023-04-26,314.3701477050781
2023-04-27,319.0779113769531
2023-04-28,320.79656982421875
2023-05-01,318.11578369140625
2023-05-02,311.3905334472656
2023-05-03,306.9817199707031
2023-05-04,300.0789489746094
2023-05-05,305.45916748046875
2023-05-08,304.9828186035156
2023-05-09,303.3575744628906
2023-05-10,301.2839050292969
2023-05-11,299.5745544433594
2023-05-12,298.43505859375
2023-05-15,300.8355407714844
2023-05-16,299.65863037109375
2023-05-17,308.4107971191406
2023-05-18,307.8503723144531
2023-05-19,304.6465148925781
2023-05-22,303.4976501464844
2023-05-23,302.2366638183594
2023-05-24,298.7245788574219
2023-05-25,302.5262145996094
2023-05-26,310.1202392578125
2023-05-30,309.0179748535156
2023-05-31,304.8485412597656
2023-06-01,297.7896728515625
2023-06-02,304.6131896972656
2023-06-05,302.8814697265625
2023-06-06,307.577880859375
2023-06-07,316.00152587890625
2023-06-08,315.7380065917969
2023-06-09,316.2556457519531
2023-06-12,319.5215148925781
2023-06-13,322.3545227050781
2023-06-14,318.5145263671875
2023-06-15,319.75689697265625
2023-06-16,318.4110107421875
2023-06-20,311.26739501953125
2023-06-21,305.94976806640625
2023-06-22,300.7826232910156
2023-06-23,296.1990966796875
2023-06-26,293.9872741699219
2023-06-27,295.0132141113281
2023-06-28,295.2108459472656
2023-06-29,304.0862121582031
2023-06-30,303.5685119628906
2023-07-03,307.3991394042969
2023-07-05,301.2250061035156
2023-07-06,294.5896911621094
2023-07-07,296.6320495605469
2023-07-10,297.85552978515625
2023-07-11,302.0061950683594
2023-07-12,307.2015075683594
2023-07-13,309.3473815917969
2023-07-14,307.0038146972656
2023-07-17,307.9544677734375
2023-07-18,317.43212890625
2023-07-19,320.5191955566406
2023-07-20,330.2227783203125
2023-07-21,331.258056640625
2023-07-24,337.8180847167969
2023-07-25,333.8368835449219
2023-07-26,336.5286560058594
2023-07-27,333.65802001953125
2023-07-28,332.4533996582031
2023-07-31,334.9380798339844
2023-08-01,336.6792907714844
2023-08-02,330.44866943359375
2023-08-03,332.3874816894531
2023-08-04,332.4439697265625
2023-08-07,334.6463317871094
2023-08-08,327.77569580078125
2023-08-09,322.5333557128906
2023-08-10,320.3780517578125
2023-08-11,320.68865966796875
2023-08-14,317.8744812011719
2023-08-15,312.6697998046875
2023-08-16,309.7521057128906
2023-08-17,308.2555847167969
2023-08-18,305.81793212890625
2023-08-21,303.11676025390625
2023-08-22,300.0390930175781
2023-08-23,303.370849609375
2023-08-24,301.1402893066406
2023-08-25,301.319091796875
2023-08-28,306.7967529296875
2023-08-29,312.98968505859375
2023-08-30,311.8319091796875
2023-08-31,311.0062255859375
2023-09-01,310.7120666503906
2023-09-05,307.2481384277344
2023-09-06,304.7616882324219
2023-09-07,305.54937744140625
2023-09-08,308.9278869628906
2023-09-11,308.10223388671875
2023-09-12,314.0337219238281
2023-09-13,317.90570068359375
2023-09-14,327.0069274902344
2023-09-15,325.0804138183594
2023-09-18,325.82061767578125
2023-09-19,324.46356201171875
2023-09-20,319.5380859375
2023-09-21,313.4073486328125
2023-09-22,311.17706298828125
2023-09-25,312.0786437988281
2023-09-26,307.3145751953125
2023-09-27,305.53985595703125
2023-09-28,308.62420654296875
2023-09-29,307.07733154296875
2023-10-02,302.2657165527344
2023-10-03,290.5167541503906
2023-10-04,292.870361328125
2023-10-05,294.6734924316406
2023-10-06,296.5525817871094
2023-10-09,296.6759033203125
2023-10-10,298.725830078125
2023-10-11,297.0650329589844
2023-10-12,294.056640625
2023-10-13,293.53466796875
2023-10-16,298.365234375
2023-10-17,293.5915832519531
2023-10-18,286.56878662109375
2023-10-19,283.93994140625
2023-10-20,284.75616455078125
2023-10-23,283.9684753417969
2023-10-24,283.9305114746094
2023-10-25,281.6338806152344
2023-10-26,281.85211181640625
2023-10-27,275.1330261230469
2023-10-30,285.4963684082031
2023-10-31,288.1346130371094
2023-11-01,291.5037536621094
2023-11-02,297.767333984375
2023-11-03,310.92083740234375
2023-11-06,307.4000244140625
2023-11-07,307.4379577636719
2023-11-08,308.016845703125
2023-11-09,304.42950439453125
2023-11-10,308.91845703125
2023-11-13,310.2470703125
2023-11-14,321.45513916015625
2023-11-15,320.3921813964844
2023-11-16,319.5096130371094
2023-11-17,321.9011535644531
2023-11-20,322.14788818359375
2023-11-21,317.896240234375
2023-11-22,321.37921142578125
2023-11-24,321.8631286621094
2023-11-27,320.49658203125
2023-11-28,320.43963623046875
2023-11-29,325.5682067871094
2023-11-30,326.79296875
2023-12-01,333.38543701171875
2023-12-04,334.303955078125
2023-12-05,326.9938659667969
2023-12-06,327.20440673828125
2023-12-07,329.7399597167969
2023-12-08,335.68182373046875
2023-12-11,336.5716857910156
2023-12-12,337.38494873046875
2023-12-13,347.0679931640625
2023-12-14,366.9124755859375
2023-12-15,364.0802917480469
2023-12-18,360.14776611328125
2023-12-19,365.9365234375
2023-12-20,361.21942138671875
2023-12-21,364.1376953125
2023-12-22,364.2142639160156
2023-12-26,365.1327819824219
2023-12-27,367.8788757324219
2023-12-28,369.7255554199219
2023-12-29,369.1131896972656
2024-01-02,371.5339050292969
2024-01-03,365.30499267578125
2024-01-04,366.4149475097656
2024-01-05,369.7542419433594
2024-01-08,372.06976318359375
2024-01-09,367.1708068847656
2024-01-10,365.46771240234375
2024-01-11,363.3530578613281
2024-01-12,361.439453125
2024-01-16,364.0229187011719
2024-01-17,360.8940124511719
2024-01-18,360.6357421875
2024-01-19,365.6973571777344
2024-01-22,369.29498291015625
2024-01-23,364.3290710449219
2024-01-24,363.0181884765625
2024-01-25,366.1757507324219
2024-01-26,361.4777526855469
2024-01-29,364.12811279296875
2024-01-30,370.16571044921875
2024-01-31,367.4291687011719
2024-02-01,367.27606201171875
2024-02-02,371.1129455566406
2024-02-05,366.4819030761719
2024-02-06,368.3667907714844
2024-02-07,369.9647521972656
2024-02-08,368.41473388671875
2024-02-09,367.6683654785156
2024-02-12,375.6865539550781
2024-02-13,362.39630126953125
2024-02-14,361.7169189453125
2024-02-15,368.7782897949219
2024-02-16,367.84063720703125
2024-02-20,367.91717529296875
2024-02-21,371.5052490234375
2024-02-22,373.6102294921875
2024-02-23,374.1651916503906
2024-02-26,373.3709716796875
2024-02-27,373.935546875
2024-02-28,378.86920166015625
2024-02-29,374.8895568847656
2024-03-01,373.9740905761719
2024-03-04,377.9730529785156
2024-03-05,376.68182373046875
2024-03-06,375.3905944824219
2024-03-07,374.2921142578125
2024-03-08,372.9045104980469
2024-03-11,372.104736328125
2024-03-12,374.0511779785156
2024-03-13,378.0308837890625
2024-03-14,374.4655456542969
2024-03-15,373.11651611328125
2024-03-18,370.3798828125
2024-03-19,374.5137023925781
2024-03-20,382.0394592285156
2024-03-21,398.6519775390625
2024-03-22,392.01275634765625
2024-03-25,390.201171875
2024-03-26,391.39605712890625
2024-03-27,400.1358947753906
2024-03-28,402.4870910644531
2024-04-01,398.4592590332031
2024-04-02,395.2215576171875
2024-04-03,398.931396484375
2024-04-04,391.4635009765625
2024-04-05,393.2172546386719
2024-04-08,395.59735107421875
2024-04-09,395.7611389160156
2024-04-10,386.17333984375
2024-04-11,383.0127258300781
2024-04-12,375.3135070800781
2024-04-15,386.2889709472656
2024-04-16,382.4152526855469
2024-04-17,389.2086486816406
2024-04-18,388.43780517578125
2024-04-19,389.29541015625
2024-04-22,402.1595153808594
2024-04-23,408.5674133300781
2024-04-24,407.64239501953125
2024-04-25,404.76116943359375
2024-04-26,412.00750732421875
2024-04-29,415.1295471191406
2024-04-30,411.1788330078125
2024-05-01,411.41009521484375
2024-05-02,416.82550048828125
2024-05-03,422.2312927246094
2024-05-06,427.5215148925781
2024-05-07,427.646728515625
2024-05-08,430.6820983886719
2024-05-09,438.9787292480469
2024-05-10,438.1789245605469
2024-05-13,437.051513671875
2024-05-14,441.7828063964844
2024-05-15,449.1254577636719
2024-05-16,447.6126403808594
2024-05-17,450.6961364746094
2024-05-20,446.0901184082031
2024-05-21,453.2882385253906
2024-05-22,445.5505065917969
2024-05-23,441.4744567871094
2024-05-24,444.3941955566406
2024-05-28,443.07403564453125
2024-05-29,440.5301208496094
2024-05-30,436.46820068359375
2024-05-31,442.5659484863281
2024-06-03,441.0730285644531
2024-06-04,441.3831787109375
2024-06-05,447.56817626953125
2024-06-06,444.09765625
2024-06-07,441.005126953125
2024-06-10,439.6866760253906
2024-06-11,430.6903381347656
2024-06-12,434.9849853515625
2024-06-13,432.706787109375
2024-06-14,432.8134460449219
2024-06-17,436.4197082519531
2024-06-18,443.4481201171875
2024-06-20,444.0491638183594
2024-06-21,436.4197082519531
2024-06-24,447.9656677246094
2024-06-25,443.3996276855469
2024-06-26,441.9261169433594
2024-06-27,432.32867431640625
2024-06-28,438.4942932128906
2024-07-01,449.4877014160156
2024-07-02,451.3780822753906
2024-07-03,453.6174621582031
2024-07-05,450.54437255859375
2024-07-08,450.61224365234375
2024-07-09,458.37738037109375
2024-07-10,464.2521667480469
2024-07-11,464.5817565917969
2024-07-12,465.2119140625
2024-07-15,477.1844177246094
2024-07-16,487.6445617675781
2024-07-17,486.8302307128906
2024-07-18,471.348388671875
2024-07-19,470.1075744628906
2024-07-22,472.1531066894531
2024-07-23,477.1068420410156
2024-07-24,471.823486328125
2024-07-25,476.6802978515625
2024-07-26,483.7765808105469
2024-07-29,477.6594543457031
2024-07-30,490.2135925292969
2024-07-31,493.47088623046875
2024-08-01,484.8332214355469
2024-08-02,456.25433349609375
2024-08-05,444.989501953125
2024-08-06,455.8471984863281
2024-08-07,458.5519104003906
2024-08-08,470.9218444824219
2024-08-09,475.2746276855469
2024-08-12,470.6601257324219
2024-08-13,476.90325927734375
2024-08-14,483.4566650390625
2024-08-15,483.766845703125
2024-08-16,488.8466796875
2024-08-19,489.2538757324219
2024-08-20,482.1382141113281
2024-08-21,481.28509521484375
2024-08-22,482.5356750488281
2024-08-23,493.8490295410156
2024-08-26,492.3463439941406
2024-08-27,491.7550354003906
2024-08-28,487.94512939453125
2024-08-29,494.5081481933594
2024-08-30,497.5799865722656
2024-09-03,475.3558349609375
2024-09-04,478.4569091796875
2024-09-05,475.7654724121094
2024-09-06,467.7008056640625
2024-09-09,476.4383239746094
2024-09-10,455.53070068359375
2024-09-11,459.47039794921875
2024-09-12,462.28857421875
2024-09-13,467.09619140625
2024-09-16,473.1130065917969
2024-09-17,473.3372497558594
2024-09-18,472.5473327636719
2024-09-19,491.3193664550781
2024-09-20,486.053466796875
2024-09-23,485.05877685546875
2024-09-24,485.65362548828125
2024-09-25,478.94451904296875
2024-09-26,484.58099365234375
2024-09-27,486.1314697265625
2024-09-30,482.8158874511719
2024-10-01,477.99859619140625
2024-10-02,479.77337646484375
2024-10-03,474.0296325683594
2024-10-04,482.8646545410156
2024-10-07,482.3380432128906
2024-10-08,484.2396545410156
2024-10-09,492.6358337402344
2024-10-10,491.21209716796875
2024-10-11,503.479736328125
2024-10-14,509.7696533203125
2024-10-15,509.40875244140625
2024-10-16,516.7030029296875
2024-10-17,515.8643798828125
2024-10-18,515.3768310546875
2024-10-21,504.9424743652344
2024-10-22,505.4300231933594
2024-10-23,504.3574523925781
2024-10-24,511.4761047363281
2024-10-25,499.87158203125
2024-10-28,510.5790100097656
2024-10-29,511.26165771484375
2024-10-30,511.3786315917969
2024-10-31,504.9327697753906
2024-11-01,506.4539489746094
2024-11-04,498.7696533203125
2024-11-05,513.875
2024-11-06,581.1812133789062
2024-11-07,567.714111328125
2024-11-08,574.6280517578125
2024-11-11,587.38330078125
2024-11-12,577.8754272460938
2024-11-13,579.4649047851562
2024-11-14,573.9942016601562
2024-11-15,578.8016967773438
2024-11-18,573.3895874023438
2024-11-19,566.9437866210938
2024-11-20,567.4801025390625
2024-11-21,581.3079223632812
2024-11-22,587.8123779296875
2024-11-25,588.0562133789062
2024-11-26,590.46484375
2024-11-27,590.3965454101562
2024-11-29,593.4585571289062
2024-12-02,589.67578125
2024-12-03,590.0383911132812
2024-12-04,586.7357788085938
2024-12-05,584.8639526367188
2024-12-06,587.6864013671875
2024-12-09,582.2376098632812
2024-12-10,573.3294067382812
2024-12-11,580.7088012695312
2024-12-12,579.7777709960938
2024-12-13,573.7703857421875
2024-12-16,574.6033935546875
2024-12-17,563.1863403320312
2024-12-18,539.2449951171875
2024-12-19,542.9102172851562
2024-12-20,554.7779541015625
2024-12-23,559.3644409179688
2024-12-24,571.1341552734375
2024-12-26,569.6053466796875
2024-12-27,564.6563110351562
2024-12-30,562.0790405273438
2024-12-31,561.1675415039062
2025-01-02,563.4705200195312
2025-01-03,568.5274047851562
2025-01-06,571.7222290039062
2025-01-07,568.517578125
2025-01-08,568.4196166992188
2025-01-10,548.7999877929688
2025-01-13,551.6910400390625
2025-01-14,560.099365234375
2025-01-15,593.8016357421875
2025-01-16,600.7301635742188
2025-01-17,613.4212036132812
2025-01-21,622.045166015625
2025-01-22,620.0753173828125
2025-01-23,626.7100830078125
2025-01-24,624.1620483398438
2025-01-27,620.6143798828125
2025-01-28,625.0440063476562
2025-01-29,624.6323852539062
2025-01-30,632.7859497070312
2025-01-31,627.5921020507812
2025-02-03,619.7225952148438
2025-02-04,621.4963989257812
2025-02-05,632.541015625
2025-02-06,645.0556030273438
2025-02-07,642.781982421875
2025-02-10,637.5194091796875
2025-02-11,634.295166015625
2025-02-12,636.0199584960938
2025-02-13,635.970947265625
2025-02-14,647.3389282226562
2025-02-18,658.7461547851562
2025-02-19,654.7870483398438
2025-02-20,629.414794921875
2025-02-21,613.0879516601562
2025-02-24,613.6171875
2025-02-25,602.6117553710938
2025-02-26,605.4146118164062
2025-02-27,595.8399658203125
2025-02-28,612.8682250976562
2025-03-03,596.0960693359375
2025-03-04,572.3412475585938
2025-03-05,584.090576171875
2025-03-06,559.0751342773438
2025-03-07,551.1963500976562
2025-03-10,523.6103515625
2025-03-11,523.3838500976562
2025-03-12,527.59912109375
2025-03-13,516.8640747070312
2025-03-14,533.2127075195312
2025-03-17,542.9924926757812
2025-03-18,543.42578125
2025-03-19,548.901611328125
2025-03-20,554.16064453125
2025-03-21,556.5835571289062
2025-03-24,571.31689453125
2025-03-25,577.0685424804688
2025-03-26,565.2305297851562
2025-03-27,550.4576416015625
2025-03-28,534.8968505859375
2025-03-31,538.0188598632812
2025-04-01,540.1461791992188
2025-04-02,554.5743408203125
2025-04-03,503.48968505859375
2025-04-04,463.6816711425781
2025-04-07,458.4619445800781
2025-04-08,455.22174072265625
2025-04-09,509.0443115234375
2025-04-10,482.3841552734375
2025-04-11,486.95391845703125
2025-04-14,496.3494567871094
2025-04-15,500.2002868652344
2025-04-16,491.4941101074219
2025-04-17,501.7760314941406
2025-04-21,493.7691345214844
2025-04-22,512.1170654296875
2025-04-23,521.2958984375
2025-04-24,537.11279296875
2025-04-25,536.6105346679688
2025-04-28,538.1272583007812
2025-04-29,540.6090698242188
2025-04-30,539.259765625
2025-05-01,545.4447631835938
2025-05-02,557.5288696289062
2025-05-05,551.0879516601562
2025-05-06,541.0424194335938
2025-05-07,543.5635986328125
2025-05-08,557.135009765625
2025-05-09,558.5137939453125
2025-05-12,582.3867797851562
2025-05-13,594.66796875
2025-05-14,602.340087890625
2025-05-15,606.574951171875
2025-05-16,609.6575927734375
2025-05-19,603.0294799804688
2025-05-20,597.3369750976562
2025-05-21,584.4747314453125
2025-05-22,589.1724243164062
2025-05-23,589.4777221679688
2025-05-27,606.4075317382812
2025-05-28,599.2279052734375
2025-05-29,595.7020874023438
2025-05-30,594.3065795898438
2025-06-02,592.59423828125
2025-06-03,597.6519775390625
2025-06-04,593.0792236328125
2025-06-05,599.6809692382812
2025-06-06,607.7178955078125
2025-06-09,607.2427978515625
2025-06-10,608.5789794921875
2025-06-11,617.7838134765625
2025-06-12,618.7142333984375
2025-06-13,607.2625732421875
2025-06-16,621.4261474609375
2025-06-17,618.2490844726562
2025-06-18,628.7406005859375
2025-06-20,634.24365234375
2025-06-23,640.261474609375
2025-06-24,655.3356323242188
2025-06-25,663.0162353515625
2025-06-26,680.1293334960938
2025-06-27,683.7420043945312
2025-06-30,700.5086669921875
2025-07-01,699.23193359375
2025-07-02,708.5653686523438
2025-07-03,716.2756958007812
2025-07-07,703.6561279296875
2025-07-08,690.1458740234375
2025-07-09,689.4331665039062
2025-07-10,701.8646850585938
2025-07-11,697.7373657226562
2025-07-14,706.0018920898438
2025-07-15,695.3223266601562
2025-07-16,701.5677490234375
2025-07-17,698.6182861328125
2025-07-18,701.0134887695312
2025-07-21,698.776611328125
2025-07-22,693.2437744140625
2025-07-23,710.1787719726562
2025-07-24,711.82177734375
2025-07-25,721.5214233398438
2025-07-28,716.2460327148438
2025-07-29,724.4907836914062
2025-07-30,723.2733154296875
2025-07-31,716.1866455078125
2025-08-01,702.31005859375
2025-08-04,718.6016845703125
2025-08-05,713.5340576171875
2025-08-06,717.3248291015625
2025-08-07,712.3759765625
2025-08-08,713.890380859375
2025-08-11,711.8811645507812
2025-08-12,735.774169921875
2025-08-13,737.0707397460938
2025-08-14,739.5550537109375
2025-08-15,723.24365234375
2025-08-18,723.481201171875
2025-08-19,713.999267578125
2025-08-20,713.306396484375
2025-08-21,708.6248168945312
2025-08-22,734.2993774414062
2025-08-25,731.2310791015625
2025-08-26,741.287109375
2025-08-27,741.999755859375
2025-08-28,743.5338745117188
2025-08-29,741.5736083984375
2025-09-02,727.24462890625
2025-09-03,726.9561157226562
2025-09-04,745.2056274414062
2025-09-05,734.568359375
2025-09-08,738.1903686523438
2025-09-09,760.1515502929688
2025-09-10,765.7836303710938
2025-09-11,780.85888671875
2025-09-12,776.2119140625
2025-09-15,782.87890625
2025-09-16,781.6549682617188
2025-09-17,790.3020629882812
2025-09-18,800.34228515625
2025-09-19,801.0288696289062
2025-09-22,801.5861206054688
2025-09-23,802.3424072265625
2025-09-24,788.5208740234375
2025-09-25,790.8394165039062
2025-09-26,798.5512084960938
2025-09-29,800.1531982421875
2025-09-30,792.4215087890625
2025-10-01,781.6350708007812
2025-10-02,775.5352783203125
2025-10-03,786.0829467773438
2025-10-06,792.8494873046875
2025-10-07,785.754638671875
2025-10-08,772.679443359375
2025-10-09,776.1124267578125
2025-10-10,760.58935546875
2025-10-13,782.8988037109375
2025-10-14,766.9578247070312
2025-10-15,764.1417236328125
2025-10-16,754.350341796875
2025-10-17,747.06640625
2025-10-20,759.5545043945312
2025-10-21,755.2359008789062
2025-10-22,740.9268188476562
2025-10-23,747.076416015625
2025-10-24,780.0130615234375
2025-10-27,786.0928955078125
2025-10-28,788.1826171875
2025-10-29,779.1971435546875
2025-10-30,786.2620849609375
2025-10-31,785.4760131835938
2025-11-03,781.64501953125
2025-11-04,786.9288330078125
2025-11-05,789.1776733398438
2025-11-06,783.69482421875
2025-11-07,782.4609375
2025-11-10,793.2673950195312
2025-11-11,806.3126831054688
2025-11-12,834.831298828125
2025-11-13,801.5264282226562
2025-11-14,787.0083618164062
2025-11-17,771.734130859375
2025-11-18,772.470458984375
2025-11-19,782.1126708984375
2025-11-20,769.88330078125
2025-11-21,770.211669921875
2025-11-24,786.8093872070312
2025-11-25,798.3621215820312
2025-11-26,811.9845581054688
2025-11-28,821.965087890625
2025-12-01,806.8599853515625
2025-12-02,815.2100219726562
2025-12-03,836.5700073242188
2025-12-04,837.8300170898438
2025-12-05,854.5599975585938
2025-12-08,866.6900024414062
2025-12-09,876.5800170898438
2025-12-10,889.239990234375
2025-12-11,911.030029296875
2025-12-12,887.9600219726562
2025-12-15,889.5900268554688
2025-12-16,879.1500244140625
2025-12-17,872.3300170898438
2025-12-18,876.2999877929688
2025-12-19,893.47998046875
2025-12-22,899.0
2025-12-23,901.7100219726562
2025-12-24,910.780029296875
2025-12-26,907.0399780273438
2025-12-29,892.1799926757812
2025-12-30,884.4199829101562
2025-12-31,879.0
2026-01-02,914.3400268554688
2026-01-05,948.4400024414062
2026-01-06,955.469970703125
2026-01-07,941.02001953125
2026-01-08,934.8300170898438
2026-01-09,938.97998046875
2026-01-12,949.5499877929688
2026-01-13,938.1500244140625
2026-01-14,932.6699829101562
2026-01-15,975.8599853515625
2026-01-16,962.0
2026-01-20,943.3699951171875
2026-01-21,953.010009765625
2026-01-22,954.6500244140625
2026-01-23,918.8800048828125
2026-01-26,931.8599853515625
2026-01-27,929.719970703125
2026-01-28,936.8099975585938
2026-01-29,940.1199951171875
2026-01-30,935.4099731445312
2026-02-02,946.3300170898438
2026-02-03,938.989990234375
2026-02-04,913.2999877929688
2026-02-05,890.4099731445312
2026-02-06,928.75
2026-02-09,943.6199951171875
2026-02-10,948.989990234375
2026-02-11,944.5900268554688
2026-02-12,904.5499877929688
2026-02-13,905.1400146484375
2026-02-17,916.0399780273438
2026-02-18,933.72998046875
2026-02-19,916.6500244140625
2026-02-20,922.239990234375
2026-02-23,892.3099975585938
2026-02-24,902.27001953125
2026-02-25,921.3800048828125
2026-02-26,929.8599853515625
