Date,Close
2003-04-23,19.218902587890625
2003-04-24,18.902034759521484
2003-04-25,18.451406478881836
2003-04-28,18.711929321289062
2003-04-29,18.65913200378418
2003-04-30,18.85274887084961
2003-05-01,18.50870704650879
2003-05-02,18.593223571777344
2003-05-05,18.734079360961914
2003-05-06,18.357290267944336
2003-05-07,19.103839874267578
2003-05-08,19.31511878967285
2003-05-09,19.87503433227539
2003-05-12,20.32225227355957
2003-05-13,20.27294921875
2003-05-14,20.0898380279541
2003-05-15,20.60045051574707
2003-05-16,20.473670959472656
2003-05-19,20.241262435913086
2003-05-20,20.107452392578125
2003-05-21,20.079275131225586
2003-05-22,21.037109375
2003-05-23,21.53362464904785
2003-05-27,21.551237106323242
2003-05-28,22.502025604248047
2003-05-29,22.378772735595703
2003-05-30,22.942214965820312
2003-06-02,22.801347732543945
2003-06-03,22.9105167388916
2003-06-04,23.628889083862305
2003-06-05,24.29092025756836
2003-06-06,23.857784271240234
2003-06-09,23.12531852722168
2003-06-10,23.896520614624023
2003-06-11,25.776981353759766
2003-06-12,25.70654296875
2003-06-13,25.70654296875
2003-06-16,26.55872917175293
2003-06-17,26.30870819091797
2003-06-18,25.96712875366211
2003-06-19,25.86501121520996
2003-06-20,24.93182373046875
2003-06-23,25.231149673461914
2003-06-24,25.40018653869629
2003-06-25,24.783916473388672
2003-06-26,25.354402542114258
2003-06-27,25.107892990112305
2003-06-30,24.192319869995117
2003-07-01,24.650102615356445
2003-07-02,24.89661407470703
2003-07-03,24.92478370666504
2003-07-07,25.44243049621582
2003-07-08,25.72416114807129
2003-07-09,25.294540405273438
2003-07-10,24.720537185668945
2003-07-11,24.438823699951172
2003-07-14,25.033946990966797
2003-07-15,23.95989990234375
2003-07-16,24.297964096069336
2003-07-17,23.523250579833984
2003-07-18,23.012638092041016
2003-07-21,22.325956344604492
2003-07-22,23.047849655151367
2003-07-23,22.85064697265625
2003-07-24,22.790786743164062
2003-07-25,22.87529945373535
2003-07-28,22.431596755981445
2003-07-29,22.431596755981445
2003-07-30,22.625272750854492
2003-07-31,21.88578224182129
2003-08-01,21.238746643066406
2003-08-04,21.590972900390625
2003-08-05,21.140125274658203
2003-08-06,22.18621826171875
2003-08-07,22.30245018005371
2003-08-08,22.63001251220703
2003-08-11,22.53139305114746
2003-08-12,22.63001251220703
2003-08-13,21.735368728637695
2003-08-14,21.869230270385742
2003-08-15,22.066465377807617
2003-08-18,22.09111976623535
2003-08-19,22.880090713500977
2003-08-20,22.637054443359375
2003-08-21,23.15834617614746
2003-08-22,22.78850746154785
2003-08-25,22.999839782714844
2003-08-26,23.013938903808594
2003-08-27,22.707504272460938
2003-08-28,23.17595672607422
2003-08-29,22.80612564086914
2003-09-02,22.654672622680664
2003-09-03,23.503509521484375
2003-09-04,24.162160873413086
2003-09-05,23.809946060180664
2003-09-08,24.144546508789062
2003-09-09,24.038888931274414
2003-09-10,22.964624404907227
2003-09-11,23.45420265197754
2003-09-12,23.971965789794922
2003-09-15,24.479164123535156
2003-09-16,25.225860595703125
2003-09-17,25.095537185668945
2003-09-18,25.440710067749023
2003-09-19,25.33505630493164
2003-09-22,24.880687713623047
2003-09-23,25.246990203857422
2003-09-24,25.743614196777344
2003-09-25,25.676694869995117
2003-09-26,25.65908432006836
2003-09-29,25.94792366027832
2003-09-30,26.40931510925293
2003-10-01,27.87805938720703
2003-10-02,27.89215660095215
2003-10-03,27.87805938720703
2003-10-06,28.2655029296875
2003-10-07,28.258455276489258
2003-10-08,28.512035369873047
2003-10-09,28.48035430908203
2003-10-10,28.540224075317383
2003-10-13,29.286914825439453
2003-10-14,29.220012664794922
2003-10-15,28.03655433654785
2003-10-16,28.163368225097656
2003-10-17,27.966115951538086
2003-10-20,28.107009887695312
2003-10-21,28.57193946838379
2003-10-22,28.547283172607422
2003-10-23,28.984031677246094
2003-10-24,28.659975051879883
2003-10-27,29.234102249145508
2003-10-28,29.674365997314453
2003-10-29,30.91771125793457
2003-10-30,30.46687126159668
2003-10-31,30.590158462524414
2003-11-03,30.949399948120117
2003-11-04,30.70635986328125
2003-11-05,31.86850929260254
2003-11-06,31.8508243560791
2003-11-07,30.568607330322266
2003-11-10,29.82330322265625
2003-11-11,30.14473533630371
2003-11-12,30.80881118774414
2003-11-13,31.172651290893555
2003-11-14,30.833524703979492
2003-11-17,30.798229217529297
2003-11-18,30.861797332763672
2003-11-19,30.978349685668945
2003-11-20,31.08433723449707
2003-11-21,31.30687713623047
2003-11-24,32.5361213684082
2003-11-25,32.995304107666016
2003-11-26,32.73746109008789
2003-11-28,32.93526840209961
2003-12-01,34.033817291259766
2003-12-02,33.81834030151367
2003-12-03,32.99177932739258
2003-12-04,33.027095794677734
2003-12-05,32.60322952270508
2003-12-08,33.17192840576172
2003-12-09,31.985069274902344
2003-12-10,30.58980369567871
2003-12-11,31.094942092895508
2003-12-12,31.225622177124023
2003-12-15,30.713438034057617
2003-12-16,30.61806869506836
2003-12-17,31.614192962646484
2003-12-18,32.15462875366211
2003-12-19,32.16168212890625
2003-12-22,32.931724548339844
2003-12-23,33.28142547607422
2003-12-24,33.15073013305664
2003-12-26,33.327362060546875
2003-12-29,33.27438735961914
2003-12-30,32.65620422363281
2003-12-31,32.28532028198242
2004-01-02,31.66716957092285
2004-01-05,31.260942459106445
2004-01-06,31.7907772064209
2004-01-07,31.437549591064453
2004-01-08,30.141210556030273
2004-01-09,30.90418815612793
2004-01-12,30.1906681060791
2004-01-13,29.530107498168945
2004-01-14,30.11294937133789
2004-01-15,30.452051162719727
2004-01-16,30.607454299926758
2004-01-20,30.501501083374023
2004-01-21,31.352792739868164
2004-01-22,31.6918888092041
2004-01-23,31.45875358581543
2004-01-26,31.239757537841797
2004-01-27,31.331586837768555
2004-01-28,29.38176155090332
2004-01-29,29.650218963623047
2004-01-30,29.593700408935547
2004-02-02,29.52305793762207
2004-02-03,30.010499954223633
2004-02-04,29.291337966918945
2004-02-05,29.08585548400879
2004-02-06,30.290386199951172
2004-02-09,30.467531204223633
2004-02-10,30.467531204223633
2004-02-11,31.509092330932617
2004-02-12,31.565759658813477
2004-02-13,31.55158233642578
2004-02-17,32.217620849609375
2004-02-18,31.976743698120117
2004-02-19,31.438232421875
2004-02-20,31.31069564819336
2004-02-23,30.928083419799805
2004-02-24,31.147722244262695
2004-02-25,31.140661239624023
2004-02-26,32.196388244628906
2004-02-27,33.322967529296875
2004-03-01,35.1510124206543
2004-03-02,34.98804473876953
2004-03-03,35.01639175415039
2004-03-04,35.866661071777344
2004-03-05,37.34042739868164
2004-03-08,37.7159423828125
2004-03-09,37.33333206176758
2004-03-10,36.34846115112305
2004-03-11,36.61061477661133
2004-03-12,37.48213195800781
2004-03-15,37.84348678588867
2004-03-16,37.80806350708008
2004-03-17,36.206764221191406
2004-03-18,36.45473861694336
2004-03-19,35.817047119140625
2004-03-22,35.696598052978516
2004-03-23,35.85247802734375
2004-03-24,35.639915466308594
2004-03-25,35.923336029052734
2004-03-26,35.90208053588867
2004-03-29,35.639915466308594
2004-03-30,36.31303024291992
2004-03-31,36.072113037109375
2004-04-01,36.17131042480469
2004-04-02,34.895931243896484
2004-04-05,34.1448860168457
2004-04-06,34.39287185668945
2004-04-07,34.208648681640625
2004-04-08,33.599308013916016
2004-04-12,33.039546966552734
2004-04-13,32.55066680908203
2004-04-14,32.444366455078125
2004-04-15,32.515220642089844
2004-04-16,32.69237518310547
2004-04-19,32.13969421386719
2004-04-20,31.424072265625
2004-04-21,31.88463020324707
2004-04-22,32.6994514465332
2004-04-23,32.32392120361328
2004-04-26,32.30975341796875
2004-04-27,32.89784622192383
2004-04-28,31.835018157958984
2004-04-29,31.105220794677734
2004-04-30,31.105220794677734
2004-05-03,31.381547927856445
2004-05-04,31.282350540161133
2004-05-05,31.64116668701172
2004-05-06,30.93060874938965
2004-05-07,29.5165958404541
2004-05-10,28.77763557434082
2004-05-11,28.962383270263672
2004-05-12,28.962383270263672
2004-05-13,29.019216537475586
2004-05-14,29.338972091674805
2004-05-17,28.67815399169922
2004-05-18,28.564464569091797
2004-05-19,27.69046974182129
2004-05-20,27.818376541137695
2004-05-21,28.031543731689453
2004-05-24,28.749216079711914
2004-05-25,29.964248657226562
2004-05-26,29.77241325378418
2004-05-27,30.30532455444336
2004-05-28,30.42612648010254
2004-06-01,30.056652069091797
2004-06-02,29.7510929107666
2004-06-03,29.45975685119629
2004-06-04,29.317663192749023
2004-06-07,30.63930320739746
2004-06-08,29.87190818786621
2004-06-09,29.218183517456055
2004-06-10,29.196868896484375
2004-06-14,28.6284122467041
2004-06-15,28.76341438293457
2004-06-16,28.202072143554688
2004-06-17,28.6639404296875
2004-06-18,28.962383270263672
2004-06-21,28.9339599609375
2004-06-22,28.919755935668945
2004-06-23,29.16843605041504
2004-06-24,29.957155227661133
2004-06-25,30.106395721435547
2004-06-28,29.28924560546875
2004-06-29,28.841581344604492
2004-06-30,29.438444137573242
2004-07-01,29.14712905883789
2004-07-02,29.743989944458008
2004-07-06,29.246599197387695
2004-07-07,29.275022506713867
2004-07-08,27.633623123168945
2004-07-09,27.95337677001953
2004-07-12,28.031543731689453
2004-07-13,28.742103576660156
2004-07-14,28.287342071533203
2004-07-15,28.202072143554688
2004-07-16,28.45078468322754
2004-07-19,27.92496109008789
2004-07-20,27.704694747924805
2004-07-21,27.342304229736328
2004-07-22,27.875221252441406
2004-07-23,27.62652587890625
2004-07-26,27.022541046142578
2004-07-27,27.17886734008789
2004-07-28,27.399150848388672
2004-07-29,28.045757293701172
2004-07-30,28.202072143554688
2004-08-02,28.23049545288086
2004-08-03,27.92496109008789
2004-08-04,28.03545379638672
2004-08-05,27.971282958984375
2004-08-06,27.942777633666992
2004-08-09,27.757442474365234
2004-08-10,28.384733200073242
2004-08-11,28.120988845825195
2004-08-12,27.8643741607666
2004-08-13,28.10673713684082
2004-08-16,28.691240310668945
2004-08-17,29.354158401489258
2004-08-18,29.625049591064453
2004-08-19,29.404075622558594
2004-08-20,29.731969833374023
2004-08-23,30.002849578857422
2004-08-24,29.9244441986084
2004-08-25,29.867412567138672
2004-08-26,29.9244441986084
2004-08-27,30.031349182128906
2004-08-30,29.546648025512695
2004-08-31,30.259458541870117
2004-09-01,30.815473556518555
2004-09-02,30.829730987548828
2004-09-03,30.63013458251953
2004-09-07,31.442758560180664
2004-09-08,30.872488021850586
2004-09-09,30.972288131713867
2004-09-10,30.75843620300293
2004-09-13,30.90813636779785
2004-09-14,31.121978759765625
2004-09-15,30.943771362304688
2004-09-16,31.25029182434082
2004-09-17,31.357213973999023
2004-09-20,30.36638832092285
2004-09-21,31.257421493530273
2004-09-22,31.83482551574707
2004-09-23,31.342973709106445
2004-09-24,31.29304313659668
2004-09-27,31.856185913085938
2004-09-28,31.36433219909668
2004-09-29,30.958053588867188
2004-09-30,31.221769332885742
2004-10-01,31.342973709106445
2004-10-04,29.93869400024414
2004-10-05,29.439743041992188
2004-10-06,29.7105770111084
2004-10-07,28.60570526123047
2004-10-08,28.76253890991211
2004-10-11,28.555803298950195
2004-10-12,28.81241798400879
2004-10-13,28.263538360595703
2004-10-14,28.142366409301758
2004-10-15,28.170894622802734
2004-10-18,28.085344314575195
2004-10-19,27.907140731811523
2004-10-20,27.921411514282227
2004-10-21,28.263538360595703
2004-10-22,28.120988845825195
2004-10-25,28.79816246032715
2004-10-26,29.660673141479492
2004-10-27,29.58228302001953
2004-10-28,29.439743041992188
2004-10-29,29.42545509338379
2004-11-01,29.55377197265625
2004-11-02,29.98146629333496
2004-11-03,29.715410232543945
2004-11-04,29.50087547302246
2004-11-05,29.000242233276367
2004-11-08,28.857223510742188
2004-11-09,29.21480369567871
2004-11-10,29.250566482543945
2004-11-11,29.03599739074707
2004-11-12,30.53786277770996
2004-11-15,31.746505737304688
2004-11-16,31.188674926757812
2004-11-17,31.531953811645508
2004-11-18,31.5963191986084
2004-11-19,30.680896759033203
2004-11-22,30.788171768188477
2004-11-23,30.43058967590332
2004-11-24,30.97412872314453
2004-11-26,30.881141662597656
2004-11-29,29.99433708190918
2004-11-30,29.85846519470215
2004-12-01,30.47351837158203
2004-12-02,29.67965316772461
2004-12-03,30.39484977722168
2004-12-06,30.516420364379883
2004-12-07,29.808382034301758
2004-12-08,29.257705688476562
2004-12-09,31.16720962524414
2004-12-10,33.005218505859375
2004-12-13,33.30559158325195
2004-12-14,33.52729797363281
2004-12-15,37.081695556640625
2004-12-16,36.25924301147461
2004-12-17,36.1162109375
2004-12-20,36.22349548339844
2004-12-21,35.97317123413086
2004-12-22,36.60967254638672
2004-12-23,36.37366485595703
2004-12-27,35.68709945678711
2004-12-28,36.58107376098633
2004-12-29,36.75987243652344
2004-12-30,37.1174430847168
2004-12-31,37.33917236328125
2005-01-03,36.767032623291016
2005-01-04,35.19364929199219
2005-01-05,34.9933967590332
2005-01-06,35.31523132324219
2005-01-07,35.494022369384766
2005-01-10,36.194889068603516
2005-01-11,36.20201873779297
2005-01-12,36.302162170410156
2005-01-13,36.84569549560547
2005-01-14,37.85407257080078
2005-01-18,37.989967346191406
2005-01-19,37.761112213134766
2005-01-20,36.40944290161133
2005-01-21,36.08045959472656
2005-01-24,35.7872428894043
2005-01-25,36.1376838684082
2005-01-26,37.203285217285156
2005-01-27,36.767032623291016
2005-01-28,36.967262268066406
2005-01-31,37.053077697753906
2005-02-01,37.55369567871094
2005-02-02,37.989967346191406
2005-02-03,37.70888137817383
2005-02-04,39.12145233154297
2005-02-07,38.569339752197266
2005-02-08,39.18596649169922
2005-02-09,38.3972282409668
2005-02-10,38.50479507446289
2005-02-11,37.794918060302734
2005-02-14,37.73039627075195
2005-02-15,37.16393280029297
2005-02-16,37.94551467895508
2005-02-17,38.25383377075195
2005-02-18,37.931156158447266
2005-02-22,36.60464096069336
2005-02-23,36.748046875
2005-02-24,38.626678466796875
2005-02-25,41.086116790771484
2005-02-28,40.03925323486328
2005-03-01,40.4407958984375
2005-03-02,39.33656311035156
2005-03-03,39.142940521240234
2005-03-04,40.85666275024414
2005-03-07,40.627220153808594
2005-03-08,39.35090637207031
2005-03-09,38.10325622558594
2005-03-10,37.751914978027344
2005-03-11,37.572654724121094
2005-03-14,37.751914978027344
2005-03-15,37.75907516479492
2005-03-16,37.39339828491211
2005-03-17,36.70502853393555
2005-03-18,36.482765197753906
2005-03-21,36.33216857910156
2005-03-22,36.94166564941406
2005-03-23,36.58313751220703
2005-03-24,37.35036849975586
2005-03-28,37.78776550292969
2005-03-29,37.608497619628906
2005-03-30,37.51528549194336
2005-03-31,37.794918060302734
2005-04-01,38.00285339355469
2005-04-04,38.490447998046875
2005-04-05,38.440250396728516
2005-04-06,37.830787658691406
2005-04-07,38.36854934692383
2005-04-08,38.010032653808594
2005-04-11,38.081748962402344
2005-04-12,38.86332702636719
2005-04-13,37.97418975830078
2005-04-14,36.56881332397461
2005-04-15,35.38570022583008
2005-04-18,35.500423431396484
2005-04-19,35.615142822265625
2005-04-20,34.955474853515625
2005-04-21,35.38570022583008
2005-04-22,34.91243362426758
2005-04-25,36.00233459472656
2005-04-26,35.80157470703125
2005-04-27,35.536285400390625
2005-04-28,34.216922760009766
2005-04-29,34.353153228759766
2005-05-02,34.43204879760742
2005-05-03,33.70783615112305
2005-05-04,34.6556510925293
2005-05-05,35.18781661987305
2005-05-06,35.59776306152344
2005-05-09,36.13709259033203
2005-05-10,35.60493469238281
2005-05-11,35.64088821411133
2005-05-12,34.69880676269531
2005-05-13,34.39677429199219
2005-05-16,35.590553283691406
2005-05-17,35.770347595214844
2005-05-18,37.03603744506836
2005-05-19,37.244598388671875
2005-05-20,37.03603744506836
2005-05-23,37.27336502075195
2005-05-24,37.323692321777344
2005-05-25,36.9641227722168
2005-05-26,38.35926055908203
2005-05-27,38.42397689819336
2005-05-31,38.646934509277344
2005-06-01,39.049644470214844
2005-06-02,39.43080520629883
2005-06-03,39.373260498046875
2005-06-06,39.73282241821289
2005-06-07,39.984527587890625
2005-06-08,39.46676254272461
2005-06-09,39.747222900390625
2005-06-10,39.373260498046875
2005-06-13,39.747222900390625
2005-06-14,40.164329528808594
2005-06-15,40.94100570678711
2005-06-16,41.4012565612793
2005-06-17,42.1563606262207
2005-06-20,41.29338836669922
2005-06-21,42.28580856323242
2005-06-22,41.99815368652344
2005-06-23,41.552268981933594
2005-06-24,40.98415756225586
2005-06-27,41.91184997558594
2005-06-28,42.400875091552734
2005-06-29,42.10603332519531
2005-06-30,42.300201416015625
2005-07-01,42.1347770690918
2005-07-05,42.84674072265625
2005-07-06,42.63821029663086
2005-07-07,43.50835418701172
2005-07-08,43.77445602416992
2005-07-11,44.5223388671875
2005-07-12,44.15559387207031
2005-07-13,44.34974670410156
2005-07-14,43.9614372253418
2005-07-15,44.659000396728516
2005-07-18,44.26346969604492
2005-07-19,44.874755859375
2005-07-20,45.284645080566406
2005-07-21,44.12681579589844
2005-07-22,44.26346969604492
2005-07-25,43.501163482666016
2005-07-26,43.839176177978516
2005-07-27,44.162784576416016
2005-07-28,45.680179595947266
2005-07-29,45.01137161254883
2005-08-01,45.21992874145508
2005-08-02,44.98261260986328
2005-08-03,44.43339920043945
2005-08-04,44.3685188293457
2005-08-05,42.30004119873047
2005-08-08,41.269386291503906
2005-08-09,41.3198356628418
2005-08-10,41.34865951538086
2005-08-11,41.9829216003418
2005-08-12,41.94685745239258
2005-08-15,41.990135192871094
2005-08-16,41.3342399597168
2005-08-17,40.8369255065918
2005-08-18,40.685585021972656
2005-08-19,40.32521438598633
2005-08-22,40.21708679199219
2005-08-23,39.57563781738281
2005-08-24,40.31801223754883
2005-08-25,39.89997863769531
2005-08-26,39.33779525756836
2005-08-29,39.280147552490234
2005-08-30,39.87837219238281
2005-08-31,41.5144157409668
2005-09-01,41.22612762451172
2005-09-02,40.728824615478516
2005-09-06,41.50000762939453
2005-09-07,41.608116149902344
2005-09-08,40.64236068725586
2005-09-09,41.730648040771484
2005-09-12,41.69461441040039
2005-09-13,41.3342399597168
2005-09-14,41.42073440551758
2005-09-15,41.73786544799805
2005-09-16,40.86575698852539
2005-09-19,39.654930114746094
2005-09-20,36.5629768371582
2005-09-21,36.044036865234375
2005-09-22,38.36480712890625
2005-09-23,37.75218963623047
2005-09-26,38.090911865234375
2005-09-27,38.24949264526367
2005-09-28,37.88190460205078
2005-09-29,38.95581817626953
2005-09-30,39.93601608276367
2005-10-03,41.15406036376953
2005-10-04,39.4603271484375
2005-10-05,38.38642883300781
2005-10-06,38.134178161621094
2005-10-07,38.552188873291016
2005-10-10,36.887298583984375
2005-10-11,37.204437255859375
2005-10-12,36.55575180053711
2005-10-13,36.937740325927734
2005-10-14,37.384605407714844
2005-10-17,37.64406204223633
2005-10-18,36.361148834228516
2005-10-19,37.71614074707031
2005-10-20,37.57199478149414
2005-10-21,37.399024963378906
2005-10-24,38.73957824707031
2005-10-25,38.2999382019043
2005-10-26,37.36298370361328
2005-10-27,35.98636245727539
2005-10-28,37.03144836425781
2005-10-31,37.22606658935547
2005-11-01,38.11255645751953
2005-11-02,39.35222244262695
2005-11-03,38.932952880859375
2005-11-04,39.0413818359375
2005-11-07,39.38835525512695
2005-11-08,37.36436080932617
2005-11-09,36.81498718261719
2005-11-10,37.848670959472656
2005-11-11,37.711334228515625
2005-11-14,37.25593566894531
2005-11-15,36.98847198486328
2005-11-16,37.320987701416016
2005-11-17,38.49201583862305
2005-11-18,38.137813568115234
2005-11-21,38.41972732543945
2005-11-22,39.45341873168945
2005-11-23,39.57630157470703
2005-11-25,39.691951751708984
2005-11-28,38.60044479370117
2005-11-29,38.528141021728516
2005-11-30,38.73778533935547
2005-12-01,39.14982986450195
2005-12-02,39.51123046875
2005-12-05,38.969112396240234
2005-12-06,39.077518463134766
2005-12-07,37.87036895751953
2005-12-08,38.43418502807617
2005-12-09,38.752254486083984
2005-12-12,38.976322174072266
2005-12-13,39.71364974975586
2005-12-14,40.602760314941406
2005-12-15,41.846073150634766
2005-12-16,42.19304275512695
2005-12-19,41.238861083984375
2005-12-20,41.491859436035156
2005-12-21,41.22441101074219
2005-12-22,41.66533660888672
2005-12-23,41.2099494934082
2005-12-27,41.238861083984375
2005-12-28,40.870208740234375
2005-12-29,41.13043975830078
2005-12-30,40.97864532470703
2006-01-03,42.05569076538086
2006-01-04,41.578609466552734
2006-01-05,42.127967834472656
2006-01-06,41.860538482666016
2006-01-09,43.68210983276367
2006-01-10,44.00739669799805
2006-01-11,43.91343688964844
2006-01-12,43.479713439941406
2006-01-13,42.6122932434082
2006-01-17,42.33761215209961
2006-01-18,42.1424446105957
2006-01-19,41.60028839111328
2006-01-20,41.15932846069336
2006-01-23,40.89911651611328
2006-01-24,41.853294372558594
2006-01-25,40.942501068115234
2006-01-26,41.92558670043945
2006-01-27,42.27977752685547
2006-01-30,42.05569076538086
2006-01-31,41.773780822753906
2006-02-01,41.065391540527344
2006-02-02,40.35698318481445
2006-02-03,40.7846794128418
2006-02-06,40.29171371459961
2006-02-07,38.82737350463867
2006-02-08,38.943359375
2006-02-09,38.675140380859375
2006-02-10,38.20394515991211
2006-02-13,37.638492584228516
2006-02-14,38.21841812133789
2006-02-15,38.76211929321289
2006-02-16,39.25509262084961
2006-02-17,38.87813949584961
2006-02-21,39.363834381103516
2006-02-22,40.8934211730957
2006-02-23,40.828189849853516
2006-02-24,40.7049446105957
2006-02-27,40.60346984863281
2006-02-28,40.1612434387207
2006-03-01,39.632057189941406
2006-03-02,39.6900520324707
2006-03-03,39.00136184692383
2006-03-06,38.370662689208984
2006-03-07,37.76172637939453
2006-03-08,37.79072570800781
2006-03-09,37.02229309082031
2006-03-10,37.69647979736328
2006-03-13,38.189430236816406
2006-03-14,39.40006637573242
2006-03-15,39.32757568359375
2006-03-16,40.01626205444336
2006-03-17,40.262733459472656
2006-03-20,39.363834381103516
2006-03-21,38.493919372558594
2006-03-22,38.283668518066406
2006-03-23,39.827789306640625
2006-03-24,40.13951873779297
2006-03-27,40.31348419189453
2006-03-28,40.92967987060547
2006-03-29,40.84992218017578
2006-03-30,40.48746109008789
2006-03-31,40.443965911865234
2006-04-03,39.88578414916992
2006-04-04,39.914772033691406
2006-04-05,41.719852447509766
2006-04-06,41.038421630859375
2006-04-07,41.09642028808594
2006-04-10,40.83544158935547
2006-04-11,40.7846794128418
2006-04-12,40.05251693725586
2006-04-13,39.81326675415039
2006-04-17,38.70414733886719
2006-04-18,39.85679244995117
2006-04-19,38.805625915527344
2006-04-20,38.39966583251953
2006-04-21,37.8559684753418
2006-04-24,37.15277862548828
2006-04-25,36.86280822753906
2006-04-26,37.783477783203125
2006-04-27,37.26878356933594
2006-04-28,36.89906311035156
2006-05-01,36.5583381652832
2006-05-02,35.724666595458984
2006-05-03,35.9210319519043
2006-05-04,35.43372344970703
2006-05-05,36.80105972290039
2006-05-08,36.146488189697266
2006-05-09,35.382843017578125
2006-05-10,35.85557556152344
2006-05-11,34.46645736694336
2006-05-12,33.971885681152344
2006-05-15,33.56461715698242
2006-05-16,32.89549255371094
2006-05-17,32.29911422729492
2006-05-18,32.997318267822266
2006-05-19,32.74276351928711
2006-05-22,32.342742919921875
2006-05-23,32.45184326171875
2006-05-24,32.619136810302734
2006-05-25,32.69910430908203
2006-05-26,32.80093765258789
2006-05-30,32.00818634033203
2006-05-31,32.073638916015625
2006-06-01,32.619136810302734
2006-06-02,32.23365783691406
2006-06-05,31.1427059173584
2006-06-06,30.10270118713379
2006-06-07,29.702665328979492
2006-06-08,29.76814079284668
2006-06-09,30.277236938476562
2006-06-12,28.291719436645508
2006-06-13,28.146265029907227
2006-06-14,29.091737747192383
2006-06-15,30.219043731689453
2006-06-16,29.95722007751465
2006-06-19,29.346302032470703
2006-06-20,28.800825119018555
2006-06-21,30.06632423400879
2006-06-22,29.877235412597656
2006-06-23,29.85540199279785
2006-06-26,30.55361557006836
2006-06-27,29.40450096130371
2006-06-28,29.03355598449707
2006-06-29,29.819047927856445
2006-06-30,29.666297912597656
2006-07-03,29.506317138671875
2006-07-05,29.513566970825195
2006-07-06,29.4844913482666
2006-07-07,29.637208938598633
2006-07-10,29.43358039855957
2006-07-11,28.895376205444336
2006-07-12,28.00079345703125
2006-07-13,27.637161254882812
2006-07-14,27.055322647094727
2006-07-17,27.528066635131836
2006-07-18,27.23714256286621
2006-07-19,28.633546829223633
2006-07-20,28.03716278076172
2006-07-21,28.829919815063477
2006-07-24,30.189966201782227
2006-07-25,30.5390625
2006-07-26,30.546350479125977
2006-07-27,29.9354190826416
2006-07-28,30.69906997680664
2006-07-31,30.299043655395508
2006-08-01,30.5754451751709
2006-08-02,30.58272933959961
2006-08-03,31.882266998291016
2006-08-04,31.663244247436523
2006-08-07,32.145084381103516
2006-08-08,31.422304153442383
2006-08-09,30.151975631713867
2006-08-10,30.298002243041992
2006-08-11,29.57523536682129
2006-08-14,29.13718605041504
2006-08-15,29.82344627380371
2006-08-16,30.772533416748047
2006-08-17,31.210586547851562
2006-08-18,31.327404022216797
2006-08-21,30.852863311767578
2006-08-22,30.706844329833984
2006-08-23,30.10819435119629
2006-08-24,30.53892707824707
2006-08-25,30.502426147460938
2006-08-28,30.852863311767578
2006-08-29,30.93317222595215
2006-08-30,30.385602951049805
2006-08-31,30.407514572143555
2006-09-01,30.47321891784668
2006-09-05,30.254196166992188
2006-09-06,29.597135543823242
2006-09-07,29.524124145507812
2006-09-08,29.232097625732422
2006-09-11,29.40730857849121
2006-09-12,30.93317222595215
2006-09-13,30.728740692138672
2006-09-14,30.787153244018555
2006-09-15,31.561019897460938
2006-09-18,31.48801040649414
2006-09-19,31.247100830078125
2006-09-20,31.013471603393555
2006-09-21,30.699541091918945
2006-09-22,31.064563751220703
2006-09-25,31.823854446411133
2006-09-26,31.81653594970703
2006-09-27,31.23980140686035
2006-09-28,30.96965789794922
2006-09-29,30.677640914916992
2006-10-02,30.962373733520508
2006-10-03,30.327198028564453
2006-10-04,31.035364151000977
2006-10-05,31.00617790222168
2006-10-06,30.560821533203125
2006-10-09,31.451513290405273
2006-10-10,31.896846771240234
2006-10-11,31.539127349853516
2006-10-12,32.4589958190918
2006-10-13,31.436906814575195
2006-10-16,31.94795799255371
2006-10-17,31.626720428466797
2006-10-18,31.217880249023438
2006-10-19,31.429607391357422
2006-10-20,31.415002822875977
2006-10-23,30.984270095825195
2006-10-24,31.546409606933594
2006-10-25,32.45172119140625
2006-10-26,32.80946350097656
2006-10-27,32.356807708740234
2006-10-30,32.48822784423828
2006-10-31,32.49551773071289
2006-11-01,32.15113830566406
2006-11-02,31.770130157470703
2006-11-03,31.667577743530273
2006-11-06,31.850723266601562
2006-11-07,31.242591857910156
2006-11-08,30.942176818847656
2006-11-09,30.649099349975586
2006-11-10,31.60894012451172
2006-11-13,31.63092041015625
2006-11-14,32.971763610839844
2006-11-15,33.47733688354492
2006-11-16,33.6458625793457
2006-11-17,33.63120651245117
2006-11-20,33.56525802612305
2006-11-21,33.93162155151367
2006-11-22,34.832847595214844
2006-11-24,34.75225067138672
2006-11-27,34.378578186035156
2006-11-28,33.90962219238281
2006-11-29,34.05618667602539
2006-11-30,35.75605773925781
2006-12-01,35.697418212890625
2006-12-04,35.499595642089844
2006-12-05,36.29094696044922
2006-12-06,36.8331298828125
2006-12-07,36.26895523071289
2006-12-08,35.55089569091797
2006-12-11,35.55820846557617
2006-12-12,35.44831848144531
2006-12-13,35.63883590698242
2006-12-14,35.96121597290039
2006-12-15,36.217655181884766
2006-12-18,35.80734634399414
2006-12-19,35.125919342041016
2006-12-20,35.125919342041016
2006-12-21,34.994056701660156
2006-12-22,34.67897415161133
2006-12-26,35.09661865234375
2006-12-27,35.92457962036133
2006-12-28,35.76336669921875
2006-12-29,35.99052810668945
2007-01-03,34.70094299316406
2007-01-04,34.327266693115234
2007-01-05,33.946266174316406
2007-01-08,33.345458984375
2007-01-09,33.55060577392578
2007-01-10,33.63120651245117
2007-01-11,34.18073272705078
2007-01-12,34.22469711303711
2007-01-16,34.004886627197266
2007-01-17,35.404380798339844
2007-01-18,35.484954833984375
2007-01-19,36.45212173461914
2007-01-22,36.54738998413086
2007-01-23,36.35689163208008
2007-01-24,36.59867477416992
2007-01-25,35.455665588378906
2007-01-26,35.287132263183594
2007-01-29,35.37506103515625
2007-01-30,35.462974548339844
2007-01-31,37.04561996459961
2007-02-01,37.471927642822266
2007-02-02,38.265750885009766
2007-02-05,37.81005859375
2007-02-06,37.69243621826172
2007-02-07,37.48662567138672
2007-02-08,36.38408660888672
2007-02-09,35.82545852661133
2007-02-12,35.46529006958008
2007-02-13,35.97980880737305
2007-02-14,36.00921630859375
2007-02-15,36.27383804321289
2007-02-16,36.08272933959961
2007-02-20,36.21501541137695
2007-02-21,35.95777130126953
2007-02-22,35.421199798583984
2007-02-23,34.89932632446289
2007-02-26,34.90667724609375
2007-02-27,34.09079360961914
2007-02-28,33.73797607421875
2007-03-01,33.965843200683594
2007-03-02,33.52480697631836
2007-03-05,32.2752685546875
2007-03-06,32.797142028808594
2007-03-07,33.083797454833984
2007-03-08,33.20874786376953
2007-03-09,33.05438232421875
2007-03-12,31.496129989624023
2007-03-13,30.158349990844727
2007-03-14,30.871362686157227
2007-03-15,31.282960891723633
2007-03-16,31.09186363220215
2007-03-19,31.268259048461914
2007-03-20,31.19477081298828
2007-03-21,32.04740524291992
2007-03-22,31.599031448364258
2007-03-23,31.150653839111328
2007-03-26,30.621427536010742
2007-03-27,30.61408042907715
2007-03-28,29.981958389282227
2007-03-29,29.607091903686523
2007-03-30,28.982311248779297
2007-04-02,28.636856079101562
2007-04-03,28.835309982299805
2007-04-04,28.761804580688477
2007-04-05,29.283668518066406
2007-04-09,29.46006965637207
2007-04-10,29.121971130371094
2007-04-11,28.232585906982422
2007-04-12,28.57805061340332
2007-04-13,28.335493087768555
2007-04-16,28.570703506469727
2007-04-17,29.320432662963867
2007-04-18,30.033422470092773
2007-04-19,30.026044845581055
2007-04-20,30.327434539794922
2007-04-23,29.702648162841797
2007-04-24,29.768798828125
2007-04-25,29.768798828125
2007-04-26,30.430320739746094
2007-04-27,29.680578231811523
2007-04-30,29.40863037109375
2007-05-01,29.84229850769043
2007-05-02,30.292444229125977
2007-05-03,30.248172760009766
2007-05-04,29.768508911132812
2007-05-07,29.613548278808594
2007-05-08,29.857067108154297
2007-05-09,29.75374412536621
2007-05-10,29.148637771606445
2007-05-11,29.104360580444336
2007-05-14,29.126502990722656
2007-05-15,29.15601921081543
2007-05-16,29.80541229248047
2007-05-17,30.74257469177246
2007-05-18,30.713075637817383
2007-05-21,31.177978515625
2007-05-22,31.915916442871094
2007-05-23,31.709287643432617
2007-05-24,31.340320587158203
2007-05-25,31.163204193115234
2007-05-29,31.31819725036621
2007-05-30,31.731428146362305
2007-05-31,31.28868293762207
2007-06-01,30.934457778930664
2007-06-04,31.229625701904297
2007-06-05,31.11894416809082
2007-06-06,30.668800354003906
2007-06-07,29.724233627319336
2007-06-08,30.27031898498535
2007-06-11,30.144847869873047
2007-06-12,29.42168426513672
2007-06-13,29.34050750732422
2007-06-14,29.28146743774414
2007-06-15,29.104360580444336
2007-06-18,28.587797164916992
2007-06-19,29.089603424072266
2007-06-20,28.764904022216797
2007-06-21,28.145036697387695
2007-06-22,27.805580139160156
2007-06-25,27.311174392700195
2007-06-26,26.46992301940918
2007-06-27,26.669166564941406
2007-06-28,26.278060913085938
2007-06-29,25.945980072021484
2007-07-02,25.385143280029297
2007-07-03,25.01616859436035
2007-07-05,25.481077194213867
2007-07-06,26.226396560668945
2007-07-09,25.584396362304688
2007-07-10,24.75052261352539
2007-07-11,24.588167190551758
2007-07-12,24.82431411743164
2007-07-13,25.835289001464844
2007-07-16,24.994035720825195
2007-07-17,24.484853744506836
2007-07-18,24.329898834228516
2007-07-19,24.219192504882812
2007-07-20,23.503398895263672
2007-07-23,22.979455947875977
2007-07-24,22.588348388671875
2007-07-25,22.58096694946289
2007-07-26,22.241519927978516
2007-07-27,22.03489875793457
2007-07-30,21.924198150634766
2007-07-31,21.6290283203125
2007-08-01,21.554826736450195
2007-08-02,22.497150421142578
2007-08-03,22.081645965576172
2007-08-06,22.601036071777344
2007-08-07,24.033077239990234
2007-08-08,25.26477813720703
2007-08-09,25.65803337097168
2007-08-10,24.634084701538086
2007-08-13,23.023971557617188
2007-08-14,22.074220657348633
2007-08-15,20.88703727722168
2007-08-16,21.554826736450195
2007-08-17,21.376752853393555
2007-08-20,21.013172149658203
2007-08-21,20.76831817626953
2007-08-22,20.694124221801758
2007-08-23,21.079957962036133
2007-08-24,21.102210998535156
2007-08-27,20.137630462646484
2007-08-28,19.232398986816406
2007-08-29,19.714693069458008
2007-08-30,19.37337875366211
2007-08-31,19.922447204589844
2007-09-04,19.877927780151367
2007-09-05,19.343698501586914
2007-09-06,19.224979400634766
2007-09-07,18.609130859375
2007-09-10,18.178768157958984
2007-09-11,18.03037452697754
2007-09-12,17.622278213500977
2007-09-13,17.68906021118164
2007-09-14,18.134246826171875
2007-09-17,17.91907501220703
2007-09-18,18.2974910736084
2007-09-19,18.794626235961914
2007-09-20,17.80777359008789
2007-09-21,17.637115478515625
2007-09-24,16.798677444458008
2007-09-25,16.175399780273438
2007-09-26,15.515028953552246
2007-09-27,15.678267478942871
2007-09-28,15.767305374145508
2007-10-01,16.257017135620117
2007-10-02,17.15482521057129
2007-10-03,17.815196990966797
2007-10-04,16.887712478637695
2007-10-05,17.318063735961914
2007-10-08,16.999013900756836
2007-10-09,17.266122817993164
2007-10-10,17.414525985717773
2007-10-11,17.55549430847168
2007-10-12,16.67994499206543
2007-10-15,16.331214904785156
2007-10-16,15.841501235961914
2007-10-17,15.359201431274414
2007-10-18,14.995624542236328
2007-10-19,14.609796524047852
2007-10-22,15.596649169921875
2007-10-23,15.477930068969727
2007-10-24,15.6040678024292
2007-10-25,16.019577026367188
2007-10-26,16.724472045898438
2007-10-29,16.895126342773438
2007-10-30,16.97675132751465
2007-10-31,15.804401397705078
2007-11-01,14.787657737731934
2007-11-02,14.660558700561523
2007-11-05,14.7278470993042
2007-11-06,14.825043678283691
2007-11-07,14.137235641479492
2007-11-08,13.808290481567383
2007-11-09,13.785865783691406
2007-11-12,13.800817489624023
2007-11-13,14.645606994628906
2007-11-14,14.578319549560547
2007-11-15,13.898005485534668
2007-11-16,13.344775199890137
2007-11-19,12.126177787780762
2007-11-20,10.982340812683105
2007-11-21,10.316969871520996
2007-11-23,10.765534400939941
2007-11-26,10.100167274475098
2007-11-27,10.122593879699707
2007-11-28,10.51882553100586
2007-11-29,10.272113800048828
2007-11-30,10.94495677947998
2007-12-03,11.64023494720459
2007-12-04,10.892627716064453
2007-12-05,11.229048728942871
2007-12-06,13.02330207824707
2007-12-07,12.701835632324219
2007-12-10,13.225163459777832
2007-12-11,11.80471134185791
2007-12-12,11.767327308654785
2007-12-13,12.223367691040039
2007-12-14,11.90937328338623
2007-12-17,11.587899208068848
2007-12-18,11.78227710723877
2007-12-19,11.602851867675781
2007-12-20,11.90937328338623
2007-12-21,11.857039451599121
2007-12-24,12.387840270996094
2007-12-26,12.552315711975098
2007-12-27,12.268220901489258
2007-12-28,12.148609161376953
2007-12-31,12.41026496887207
2008-01-02,11.857039451599121
2008-01-03,11.550521850585938
2008-01-04,10.900104522705078
2008-01-07,10.877674102783203
2008-01-08,10.055303573608398
2008-01-09,9.502079010009766
2008-01-10,10.10764217376709
2008-01-11,9.868404388427734
2008-01-14,10.287064552307129
2008-01-15,9.666552543640137
2008-01-16,9.823549270629883
2008-01-17,9.599270820617676
2008-01-18,8.941374778747559
2008-01-22,9.060991287231445
2008-01-23,10.35434627532959
2008-01-24,11.214098930358887
2008-01-25,11.64023494720459
2008-01-28,12.77659797668457
2008-01-29,12.978447914123535
2008-01-30,12.612122535705566
2008-01-31,14.368995666503906
2008-02-01,14.832513809204102
2008-02-04,13.815762519836426
2008-02-05,13.412060737609863
2008-02-06,13.389434814453125
2008-02-07,13.291370391845703
2008-02-08,13.54784107208252
2008-02-11,13.894835472106934
2008-02-12,13.6383638381958
2008-02-13,13.842033386230469
2008-02-14,13.344176292419434
2008-02-15,13.13295841217041
2008-02-19,12.80104923248291
2008-02-20,13.344176292419434
2008-02-21,12.846309661865234
2008-02-22,12.69544506072998
2008-02-25,13.125414848327637
2008-02-26,14.294632911682129
2008-02-27,14.867927551269531
2008-02-28,13.434693336486816
2008-02-29,12.95945930480957
2008-03-03,11.601663589477539
2008-03-04,11.888304710388184
2008-03-05,11.744979858398438
2008-03-06,11.186777114868164
2008-03-07,10.937843322753906
2008-03-10,10.326836585998535
2008-03-11,11.013278007507324
2008-03-12,10.621023178100586
2008-03-13,11.081167221069336
2008-03-14,10.771891593933105
2008-03-17,9.723367691040039
2008-03-18,11.081167221069336
2008-03-19,11.088709831237793
2008-03-20,12.250388145446777
2008-03-24,13.004724502563477
2008-03-25,13.057526588439941
2008-03-26,12.122152328491211
2008-03-27,12.280560493469238
2008-03-28,12.325822830200195
2008-03-31,13.01226806640625
2008-04-01,14.860379219055176
2008-04-02,14.754779815673828
2008-04-03,15.064054489135742
2008-04-04,14.965989112854004
2008-04-07,15.079133987426758
2008-04-08,13.842033386230469
2008-04-09,12.80104923248291
2008-04-10,12.95945930480957
2008-04-11,12.567204475402832
2008-04-14,11.827960014343262
2008-04-15,12.167407035827637
2008-04-16,12.793506622314453
2008-04-17,12.78596305847168
2008-04-18,12.921741485595703
2008-04-21,12.635101318359375
2008-04-22,12.257930755615234
2008-04-23,11.654460906982422
2008-04-24,12.499321937561035
2008-04-25,12.944374084472656
2008-04-28,13.351715087890625
2008-04-29,13.78923225402832
2008-04-30,12.635101318359375
2008-05-01,13.404325485229492
2008-05-02,13.198687553405762
2008-05-05,13.343389511108398
2008-05-06,13.747044563293457
2008-05-07,12.924509048461914
2008-05-08,12.627479553222656
2008-05-09,12.635101318359375
2008-05-12,12.7188720703125
2008-05-13,12.81788444519043
2008-05-14,13.617569923400879
2008-05-15,14.028841018676758
2008-05-16,13.731813430786133
2008-05-19,13.267231941223145
2008-05-20,12.810263633728027
2008-05-21,11.934416770935059
2008-05-22,11.782093048095703
2008-05-23,11.60692310333252
2008-05-27,11.98773193359375
2008-05-28,11.995345115661621
2008-05-29,11.820178031921387
2008-05-30,11.530766487121582
2008-06-02,11.287050247192383
2008-06-03,11.675470352172852
2008-06-04,11.256587028503418
2008-06-05,11.195658683776855
2008-06-06,10.441664695739746
2008-06-09,10.365501403808594
2008-06-10,10.624446868896484
2008-06-11,10.015161514282227
2008-06-12,10.205564498901367
2008-06-13,10.418816566467285
2008-06-16,10.76915168762207
2008-06-17,10.373115539550781
2008-06-18,10.731072425842285
2008-06-19,10.70822525024414
2008-06-20,10.350271224975586
2008-06-23,9.550581932067871
2008-06-24,9.999930381774902
2008-06-25,9.832374572753906
2008-06-26,9.063146591186523
2008-06-27,8.461481094360352
2008-06-30,8.453864097595215
2008-07-01,8.0730562210083
2008-07-02,7.806499004364014
2008-07-03,7.867425441741943
2008-07-07,7.410460472106934
2008-07-08,8.49956226348877
2008-07-09,7.9968953132629395
2008-07-10,7.517082691192627
2008-07-11,7.044882774353027
2008-07-14,6.999189376831055
2008-07-15,7.128663539886475
2008-07-16,8.012130737304688
2008-07-17,8.415781021118164
2008-07-18,8.263458251953125
2008-07-21,8.392932891845703
2008-07-22,9.003469467163086
2008-07-23,9.382156372070312
2008-07-24,7.674200534820557
2008-07-25,7.967878818511963
2008-07-28,7.442354202270508
2008-07-29,8.191998481750488
2008-07-30,8.076067924499512
2008-07-31,8.462486267089844
2008-08-01,8.261556625366211
2008-08-04,8.068345069885254
2008-08-05,8.431574821472168
2008-08-06,8.740706443786621
2008-08-07,8.485672950744629
2008-08-08,8.570687294006348
2008-08-11,8.709792137145996
2008-08-12,7.666475772857666
2008-08-13,7.442354202270508
2008-08-14,7.7128424644470215
2008-08-15,7.72830057144165
2008-08-18,7.202775478363037
2008-08-19,6.878187656402588
2008-08-20,7.0713911056518555
2008-08-21,7.310973644256592
2008-08-22,7.480993270874023
2008-08-25,7.2955145835876465
2008-08-26,6.986382961273193
2008-08-27,7.627831935882568
2008-08-28,8.470216751098633
2008-08-29,8.717523574829102
2008-09-02,8.964826583862305
2008-09-03,9.165763854980469
2008-09-04,8.431574821472168
2008-09-05,9.103937149047852
2008-09-08,10.031333923339844
2008-09-09,8.964826583862305
2008-09-10,9.065295219421387
2008-09-11,9.335783004760742
2008-09-12,9.652647018432617
2008-09-15,9.080755233764648
2008-09-16,9.567635536193848
2008-09-17,8.516584396362305
2008-09-18,9.923140525817871
2008-09-19,11.090110778808594
2008-09-22,8.578412055969238
2008-09-23,7.9137797355651855
2008-09-24,9.343510627746582
2008-09-25,9.513533592224121
2008-09-26,9.614006996154785
2008-09-29,8.408391952514648
2008-09-30,9.413073539733887
2008-10-01,9.320329666137695
2008-10-02,8.269278526306152
2008-10-03,7.040480136871338
2008-10-06,6.870458602905273
2008-10-07,5.912152290344238
2008-10-08,5.935336112976074
2008-10-09,5.007939338684082
2008-10-10,5.533463478088379
2008-10-13,5.579832077026367
2008-10-14,5.100677490234375
2008-10-15,4.7683610916137695
2008-10-16,4.953841686248779
2008-10-17,4.992480754852295
2008-10-20,5.386624336242676
2008-10-21,4.928023815155029
2008-10-22,4.539378643035889
2008-10-23,3.7309951782226562
2008-10-24,3.3345773220062256
2008-10-27,3.210210084915161
2008-10-28,3.046980381011963
2008-10-29,3.3889877796173096
2008-10-30,3.855363130569458
2008-10-31,4.586015224456787
2008-11-03,4.5626959800720215
2008-11-04,5.246711730957031
2008-11-05,5.052391529083252
2008-11-06,4.749244689941406
2008-11-07,4.360602855682373
2008-11-10,4.150732517242432
2008-11-11,4.057458877563477
2008-11-12,3.552218198776245
2008-11-13,3.7931790351867676
2008-11-14,3.692131280899048
2008-11-17,3.4045324325561523
2008-11-18,3.2723934650421143
2008-11-19,2.611696720123291
2008-11-20,2.03650164604187
2008-11-21,1.9121347665786743
2008-11-24,2.339644432067871
2008-11-25,3.163573980331421
2008-11-26,4.251780033111572
2008-11-28,4.010821342468262
2008-12-01,3.497809648513794
2008-12-02,4.181825160980225
2008-12-03,4.399466037750244
2008-12-04,4.75701904296875
2008-12-05,4.966888904571533
2008-12-08,5.4721269607543945
2008-12-09,5.1301188468933105
2008-12-10,5.6353583335876465
2008-12-11,5.145664691925049
2008-12-12,5.549856185913086
2008-12-15,5.029070854187012
2008-12-16,5.666449546813965
2008-12-17,5.829681396484375
2008-12-18,5.853001594543457
2008-12-19,5.674220085144043
2008-12-22,4.928023815155029
2008-12-23,4.8192033767700195
2008-12-24,4.5626959800720215
2008-12-26,4.74147367477417
2008-12-29,4.5082855224609375
2008-12-30,4.663743019104004
2008-12-31,5.036844730377197
2009-01-02,5.363306999206543
2009-01-05,5.876318454742432
2009-01-06,6.60697078704834
2009-01-07,6.140594959259033
2009-01-08,6.925662517547607
2009-01-09,5.332214832305908
2009-01-12,4.858066558837891
2009-01-13,5.091253280639648
2009-01-14,4.570469379425049
2009-01-15,4.399466037750244
2009-01-16,4.632651329040527
2009-01-20,3.8864543437957764
2009-01-21,4.080777645111084
2009-01-22,3.7309951782226562
2009-01-23,4.003048419952393
2009-01-26,4.5160603523254395
2009-01-27,4.5549235343933105
2009-01-28,5.270031452178955
2009-01-29,4.795884132385254
2009-01-30,4.6081156730651855
2009-02-02,4.553351879119873
2009-02-03,5.132298946380615
2009-02-04,4.772411823272705
2009-02-05,4.881943702697754
2009-02-06,5.617366790771484
2009-02-09,5.163593292236328
2009-02-10,4.318639755249023
2009-02-11,4.4985857009887695
2009-02-12,4.2638773918151855
2009-02-13,4.475114822387695
2009-02-17,4.334291458129883
2009-02-18,4.060463905334473
2009-02-19,3.3328654766082764
2009-02-20,3.3641598224639893
2009-02-23,3.6692819595336914
2009-02-24,4.318639755249023
2009-02-25,4.302993297576904
2009-02-26,4.310819625854492
2009-02-27,3.888343095779419
2009-03-02,3.786635160446167
2009-03-03,3.55975079536438
2009-03-04,3.8726956844329834
2009-03-05,3.6301629543304443
2009-03-06,3.5988683700561523
2009-03-09,3.645810842514038
2009-03-10,4.537704944610596
2009-03-11,4.647236347198486
2009-03-12,5.2418317794799805
2009-03-13,5.194889068603516
2009-03-16,4.795883655548096
2009-03-17,5.14012336730957
2009-03-18,5.633012771606445
2009-03-19,5.101006031036377
2009-03-20,4.835000514984131
2009-03-23,5.930309772491455
2009-03-24,5.703423976898193
2009-03-25,5.7581915855407715
2009-03-26,6.329314708709717
2009-03-27,6.243256092071533
2009-03-30,5.257478713989258
2009-03-31,4.4516448974609375
2009-04-01,4.232580661773682
2009-04-02,4.43599796295166
2009-04-03,4.631587028503418
2009-04-06,4.522055149078369
2009-04-07,4.28734827041626
2009-04-08,4.529881000518799
2009-04-09,4.788061141967773
2009-04-13,4.866296291351318
2009-04-14,4.529881000518799
2009-04-15,5.069709300994873
2009-04-16,5.101006031036377
2009-04-17,5.586069107055664
2009-04-20,4.420352458953857
2009-04-21,4.694178581237793
2009-04-22,4.741118907928467
2009-04-23,5.2496538162231445
2009-04-24,6.2510786056518555
2009-04-27,6.2510786056518555
2009-04-28,6.2119598388671875
2009-04-29,6.2510786056518555
2009-04-30,6.047664165496826
2009-05-01,5.976883888244629
2009-05-04,6.5037946701049805
2009-05-05,6.621757507324219
2009-05-06,6.606029033660889
2009-05-07,6.126307487487793
2009-05-08,6.464474201202393
2009-05-11,6.118443965911865
2009-05-12,5.874650001525879
2009-05-13,5.269097328186035
2009-05-14,5.505023956298828
2009-05-15,5.3556036949157715
2009-05-18,6.197085857391357
2009-05-19,6.094849586486816
2009-05-20,6.055530071258545
2009-05-21,5.772412300109863
2009-05-22,5.764547824859619
2009-05-26,5.921833038330078
2009-05-27,5.638718128204346
2009-05-28,5.316281318664551
2009-05-29,5.654448986053467
2009-06-01,5.88251256942749
2009-06-02,5.984748363494873
2009-06-03,5.552210330963135
2009-06-04,5.46570348739624
2009-06-05,5.143265724182129
2009-06-08,5.363465785980225
2009-06-09,5.363465785980225
2009-06-10,5.214042663574219
2009-06-11,4.978115081787109
2009-06-12,4.868014812469482
2009-06-15,4.592763423919678
2009-06-16,4.632084846496582
2009-06-17,4.663541793823242
2009-06-18,4.451206684112549
2009-06-19,4.6163554191589355
2009-06-22,4.459072589874268
2009-06-23,4.521985054016113
2009-06-24,4.734321594238281
2009-06-25,5.53648042678833
2009-06-26,5.591533184051514
2009-06-29,5.953290939331055
2009-06-30,5.976883888244629
2009-07-01,5.780277252197266
2009-07-02,5.497161865234375
2009-07-06,5.387062072753906
2009-07-07,5.127538681030273
2009-07-08,4.907337188720703
2009-07-09,5.041029453277588
2009-07-10,4.938793659210205
2009-07-13,5.033167362213135
2009-07-14,5.245501518249512
2009-07-15,5.46570348739624
2009-07-16,5.756683826446533
2009-07-17,5.874650001525879
2009-07-20,5.969529151916504
2009-07-21,5.993248462677002
2009-07-22,6.499274730682373
2009-07-23,6.855072021484375
2009-07-24,6.744381904602051
2009-07-27,7.250406265258789
2009-07-28,7.092273712158203
2009-07-29,7.1634345054626465
2009-07-30,7.1001787185668945
2009-07-31,7.202967166900635
2009-08-03,7.39272403717041
2009-08-04,7.685274600982666
2009-08-05,7.748525619506836
2009-08-06,7.606207847595215
2009-08-07,8.191300392150879
2009-08-10,7.79596471786499
2009-08-11,7.890849590301514
2009-08-12,8.278270721435547
2009-08-13,8.483847618103027
2009-08-14,8.175487518310547
2009-08-17,7.772244453430176
2009-08-18,8.009445190429688
2009-08-19,8.222926139831543
2009-08-20,8.610352516174316
2009-08-21,8.887085914611816
2009-08-24,8.934524536132812
2009-08-25,9.203351020812988
2009-08-26,9.685657501220703
2009-08-27,9.472177505493164
2009-08-28,9.646127700805664
2009-08-31,9.377296447753906
2009-09-01,8.784296989440918
2009-09-02,8.507563591003418
2009-09-03,8.744770050048828
2009-09-04,9.092655181884766
2009-09-08,9.234977722167969
2009-09-09,9.36938762664795
2009-09-10,9.606592178344727
2009-09-11,9.661940574645996
2009-09-14,9.606592178344727
2009-09-15,10.080987930297852
2009-09-16,10.78468132019043
2009-09-17,10.41307544708252
2009-09-18,10.357725143432617
2009-09-21,10.001924514770508
2009-09-22,9.994020462036133
2009-09-23,9.812165260314941
2009-09-24,9.321953773498535
2009-09-25,9.108470916748047
2009-09-28,9.179633140563965
2009-09-29,9.179633140563965
2009-09-30,8.934524536132812
2009-10-01,8.215017318725586
2009-10-02,7.938286781311035
2009-10-05,8.120140075683594
2009-10-06,8.396872520446777
2009-10-07,7.985724449157715
2009-10-08,8.752673149108887
2009-10-09,8.744770050048828
2009-10-12,8.784296989440918
2009-10-13,9.306138038635254
2009-10-14,9.393111228942871
2009-10-15,9.282416343688965
2009-10-16,9.068937301635742
2009-10-19,8.847553253173828
2009-10-20,8.64197826385498
2009-10-21,8.348357200622559
2009-10-22,9.014957427978516
2009-10-23,8.467391967773438
2009-10-26,8.149961471557617
2009-10-27,8.276937484741211
2009-10-28,7.586531162261963
2009-10-29,7.911893844604492
2009-10-30,7.673823833465576
2009-11-02,7.530979633331299
2009-11-03,7.86428165435791
2009-11-04,8.237258911132812
2009-11-05,8.213449478149414
2009-11-06,8.713398933410645
2009-11-09,8.9911470413208
2009-11-10,8.88798999786377
2009-11-11,9.364127159118652
2009-11-12,9.070508003234863
2009-11-13,9.022890090942383
2009-11-16,9.110183715820312
2009-11-17,8.999088287353516
2009-11-18,8.9911470413208
2009-11-19,8.713398933410645
2009-11-20,8.284872055053711
2009-11-23,8.237258911132812
2009-11-24,7.872220039367676
2009-11-25,7.919834136962891
2009-11-27,7.697629928588867
2009-11-30,7.6182732582092285
2009-12-01,7.784919261932373
2009-12-02,7.737310409545898
2009-12-03,7.411944389343262
2009-12-04,7.483370304107666
2009-12-07,7.165938854217529
2009-12-08,7.070712089538574
2009-12-09,7.0151591300964355
2009-12-10,6.872315883636475
2009-12-11,6.9913506507873535
2009-12-14,7.308781147003174
2009-12-15,7.205617904663086
2009-12-16,7.57065486907959
2009-12-17,7.435752868652344
2009-12-18,7.435752868652344
2009-12-21,7.792861461639404
2009-12-22,8.110286712646484
2009-12-23,8.054733276367188
2009-12-24,8.14202880859375
2009-12-28,7.919834136962891
2009-12-29,7.8325395584106445
2009-12-30,7.8563408851623535
2009-12-31,7.8087310791015625
2010-01-04,7.903956890106201
2010-01-05,8.229323387145996
2010-01-06,8.300741195678711
2010-01-07,9.594265937805176
2010-01-08,9.927565574645996
2010-01-11,10.18943977355957
2010-01-12,10.014852523803711
2010-01-13,10.118017196655273
2010-01-14,10.229121208190918
2010-01-15,9.95930290222168
2010-01-19,10.18943977355957
2010-01-20,9.840267181396484
2010-01-21,9.387930870056152
2010-01-22,9.109244346618652
2010-01-25,9.037580490112305
2010-01-26,8.973881721496582
2010-01-27,9.316269874572754
2010-01-28,9.58699893951416
2010-01-29,9.706437110900879
2010-02-01,9.59496021270752
2010-02-02,10.415112495422363
2010-02-03,10.247897148132324
2010-02-04,9.59496021270752
2010-02-05,9.109244346618652
2010-02-08,9.58699893951416
2010-02-09,9.73829174041748
2010-02-10,9.73829174041748
2010-02-11,10.773428916931152
2010-02-12,10.717691421508789
2010-02-16,11.044160842895508
2010-02-17,10.988421440124512
2010-02-18,10.845097541809082
2010-02-19,11.020270347595215
2010-02-22,10.876945495605469
2010-02-23,10.295673370361328
2010-02-24,10.303634643554688
2010-02-25,10.295673370361328
2010-02-26,10.39122200012207
2010-03-01,10.534551620483398
2010-03-02,10.534551620483398
2010-03-03,10.685842514038086
2010-03-04,10.614175796508789
2010-03-05,10.908798217773438
2010-03-08,11.044160842895508
2010-03-09,11.068049430847168
2010-03-10,10.876945495605469
2010-03-11,10.669916152954102
2010-03-12,10.502696990966797
2010-03-15,10.271784782409668
2010-03-16,10.70973014831543
2010-03-17,10.653995513916016
2010-03-18,10.669916152954102
2010-03-19,10.375298500061035
2010-03-22,10.431037902832031
2010-03-23,10.988421440124512
2010-03-24,11.346741676330566
2010-03-25,11.681171417236328
2010-03-26,11.816532135009766
2010-03-29,11.760798454284668
2010-03-30,11.6254301071167
2010-03-31,11.107864379882812
2010-04-01,11.08397388458252
2010-04-05,11.418403625488281
2010-04-06,11.2432279586792
2010-04-07,11.585615158081055
2010-04-08,11.2432279586792
2010-04-09,11.442288398742676
2010-04-12,11.227299690246582
2010-04-13,11.322854042053223
2010-04-14,12.023564338684082
2010-04-15,11.673211097717285
2010-04-16,11.235262870788574
2010-04-19,11.2432279586792
2010-04-20,11.880233764648438
2010-04-21,12.23059368133545
2010-04-22,13.018890380859375
2010-04-23,13.464798927307129
2010-04-26,13.233880996704102
2010-04-27,12.350031852722168
2010-04-28,12.596875190734863
2010-04-29,13.313507080078125
2010-04-30,13.138335227966309
2010-05-03,13.633213996887207
2010-05-04,12.962726593017578
2010-05-05,12.555642127990723
2010-05-06,12.020853996276855
2010-05-07,11.35834789276123
2010-05-10,12.811071395874023
2010-05-11,12.627487182617188
2010-05-12,12.643449783325195
2010-05-13,12.348113059997559
2010-05-14,12.188478469848633
2010-05-17,12.156547546386719
2010-05-18,12.020853996276855
2010-05-19,11.941031455993652
2010-05-20,11.438170433044434
2010-05-21,11.438170433044434
2010-05-24,11.342388153076172
2010-05-25,11.238618850708008
2010-05-26,11.35834789276123
2010-05-27,11.605791091918945
2010-05-28,11.414225578308105
2010-06-01,10.7597017288208
2010-06-02,10.847505569458008
2010-06-03,10.679885864257812
2010-06-04,9.993430137634277
2010-06-07,9.546441078186035
2010-06-08,9.514514923095703
2010-06-09,9.330931663513184
2010-06-10,10.097199440002441
2010-06-11,10.089217185974121
2010-06-14,9.745991706848145
2010-06-15,10.113162994384766
2010-06-16,10.10517692565918
2010-06-17,10.049307823181152
2010-06-18,9.642224311828613
2010-06-21,9.490565299987793
2010-06-22,9.259089469909668
2010-06-23,9.58635139465332
2010-06-24,9.394783020019531
2010-06-25,9.442672729492188
2010-06-28,9.338910102844238
2010-06-29,9.059542655944824
2010-06-30,9.043574333190918
2010-07-01,8.963759422302246
2010-07-02,9.163305282592773
2010-07-06,8.76420783996582
2010-07-07,9.09945297241211
2010-07-08,9.02761459350586
2010-07-09,9.314966201782227
2010-07-12,9.458638191223145
2010-07-13,9.769939422607422
2010-07-14,9.330931663513184
2010-07-15,9.666173934936523
2010-07-16,9.083487510681152
2010-07-19,8.915273666381836
2010-07-20,9.54006576538086
2010-07-21,9.251700401306152
2010-07-22,9.556082725524902
2010-07-23,9.708273887634277
2010-07-26,9.964603424072266
2010-07-27,9.708273887634277
2010-07-28,9.427919387817383
2010-07-29,9.612154006958008
2010-07-30,10.13281536102295
2010-08-02,9.996644973754883
2010-08-03,9.684247970581055
2010-08-04,9.467973709106445
2010-08-05,9.427919387817383
2010-08-06,9.259711265563965
2010-08-09,9.451950073242188
2010-08-10,8.995377540588379
2010-08-11,8.69099235534668
2010-08-12,8.602883338928223
2010-08-13,8.554817199707031
2010-08-16,8.378597259521484
2010-08-17,8.514768600463867
2010-08-18,8.658947944641113
2010-08-19,8.24242115020752
2010-08-20,8.13028335571289
2010-08-23,8.034162521362305
2010-08-24,8.194360733032227
2010-08-25,8.506757736206055
2010-08-26,8.306506156921387
2010-08-27,8.514768600463867
2010-08-30,8.370585441589355
2010-08-31,8.474717140197754
2010-09-01,8.77910041809082
2010-09-02,8.883232116699219
2010-09-03,9.139555931091309
2010-09-07,8.915273666381836
2010-09-08,9.043435096740723
2010-09-09,9.211647987365723
2010-09-10,9.267721176147461
2010-09-13,9.500009536743164
2010-09-14,9.371853828430176
2010-09-15,9.203635215759277
2010-09-16,8.923283576965332
2010-09-17,8.971348762512207
2010-09-20,9.6602144241333
2010-09-21,9.620168685913086
2010-09-22,9.259711265563965
2010-09-23,9.123540878295898
2010-09-24,9.564096450805664
2010-09-27,9.708273887634277
2010-09-28,9.884499549865723
2010-09-29,9.684247970581055
2010-09-30,9.868478775024414
2010-10-01,9.956591606140137
2010-10-04,9.884499549865723
2010-10-05,10.028684616088867
2010-10-06,9.796390533447266
2010-10-07,9.748329162597656
2010-10-08,10.212915420532227
2010-10-11,10.357097625732422
2010-10-12,10.445481300354004
2010-10-13,10.188359260559082
2010-10-14,10.525827407836914
2010-10-15,9.995523452758789
2010-10-18,9.810722351074219
2010-10-19,9.561633110046387
2010-10-20,9.344693183898926
2010-10-21,9.585740089416504
2010-10-22,9.6259126663208
2010-10-25,9.786612510681152
2010-10-26,9.7142972946167
2010-10-27,9.690193176269531
2010-10-28,9.521456718444824
2010-10-29,9.577704429626465
2010-11-01,9.59377384185791
2010-11-02,10.525827407836914
2010-11-03,10.188359260559082
2010-11-04,10.525827407836914
2010-11-05,10.61422061920166
2010-11-08,10.790986061096191
2010-11-09,10.726710319519043
2010-11-10,10.823123931884766
2010-11-11,10.855266571044922
2010-11-12,10.582077026367188
2010-11-15,10.445481300354004
2010-11-16,10.405306816101074
2010-11-17,10.059804916381836
2010-11-18,10.212470054626465
2010-11-19,10.148187637329102
2010-11-22,9.955344200134277
2010-11-23,9.690193176269531
2010-11-24,9.931241035461426
2010-11-26,9.802685737609863
2010-11-29,9.738401412963867
2010-11-30,9.963382720947266
2010-12-01,10.445481300354004
2010-12-02,11.128457069396973
2010-12-03,11.44985294342041
2010-12-06,11.56234359741211
2010-12-07,11.682868957519531
2010-12-08,11.72304630279541
2010-12-09,11.795357704162598
2010-12-10,11.891777992248535
2010-12-13,11.779291152954102
2010-12-14,11.44985294342041
2010-12-15,11.168631553649902
2010-12-16,11.224872589111328
2010-12-17,11.417715072631836
2010-12-20,12.012303352355957
2010-12-21,12.148900032043457
2010-12-22,12.55064868927002
2010-12-23,12.03641128540039
2010-12-27,12.349775314331055
2010-12-28,12.189074516296387
2010-12-29,12.293527603149414
2010-12-30,12.333702087402344
2010-12-31,12.510469436645508
2011-01-03,12.66313648223877
2011-01-04,12.132829666137695
2011-01-05,12.582789421081543
2011-01-06,12.614925384521484
2011-01-07,12.8399076461792
2011-01-10,12.406021118164062
2011-01-11,13.322006225585938
2011-01-12,13.595193862915039
2011-01-13,13.418429374694824
2011-01-14,13.779998779296875
2011-01-18,13.683577537536621
2011-01-19,13.169342994689941
2011-01-20,13.129167556762695
2011-01-21,13.016400337219238
2011-01-24,13.113058090209961
2011-01-25,13.080840110778809
2011-01-26,13.499680519104004
2011-01-27,13.45135498046875
2011-01-28,13.096948623657227
2011-01-31,12.782814979553223
2011-02-01,13.29831600189209
2011-02-02,13.088896751403809
2011-02-03,13.10500431060791
2011-02-04,12.927801132202148
2011-02-07,13.024456977844238
2011-02-08,13.548012733459473
2011-02-09,13.741329193115234
2011-02-10,13.620504379272461
2011-02-11,13.709105491638184
2011-02-14,13.443300247192383
2011-02-15,13.306371688842773
2011-02-16,13.572172164916992
2011-02-17,13.902416229248047
2011-02-18,13.717157363891602
2011-02-22,13.056676864624023
2011-02-23,12.951966285705566
2011-02-24,13.056676864624023
2011-02-25,13.322482109069824
2011-02-28,13.217769622802734
2011-03-01,12.968071937561035
2011-03-02,13.217769622802734
2011-03-03,13.362754821777344
2011-03-04,12.951966285705566
2011-03-07,12.726428985595703
2011-03-08,13.217769622802734
2011-03-09,13.330535888671875
2011-03-10,12.968071937561035
2011-03-11,12.960015296936035
2011-03-14,12.670049667358398
2011-03-15,12.87946891784668
2011-03-16,12.533113479614258
2011-03-17,12.55728530883789
2011-03-18,12.782814979553223
2011-03-21,12.839200973510742
2011-03-22,12.629772186279297
2011-03-23,12.678102493286133
2011-03-24,12.750596046447754
2011-03-25,12.960015296936035
2011-03-28,12.742541313171387
2011-03-29,12.33174991607666
2011-03-30,11.792082786560059
2011-03-31,11.816251754760742
2011-04-01,11.929018020629883
2011-04-04,11.800142288208008
2011-04-05,11.89680004119873
2011-04-06,11.88874340057373
2011-04-07,11.961235046386719
2011-04-08,11.945122718811035
2011-04-11,11.743759155273438
2011-04-12,11.759865760803223
2011-04-13,11.671268463134766
2011-04-14,11.711538314819336
2011-04-15,11.88068675994873
2011-04-18,11.784032821655273
2011-04-19,11.977341651916504
2011-04-20,12.186768531799316
2011-04-21,12.065950393676758
2011-04-25,12.292084693908691
2011-04-26,12.292084693908691
2011-04-27,12.324384689331055
2011-04-28,12.267851829528809
2011-04-29,12.324384689331055
2011-05-02,11.839811325073242
2011-05-03,11.920571327209473
2011-05-04,11.993257522583008
2011-05-05,12.146709442138672
2011-05-06,12.082096099853516
2011-05-09,11.872113227844238
2011-05-10,12.009408950805664
2011-05-11,11.710589408874512
2011-05-12,11.500612258911133
2011-05-13,11.427921295166016
2011-05-16,11.484457969665527
2011-05-17,11.363310813903809
2011-05-18,11.621749877929688
2011-05-19,11.645978927612305
2011-05-20,11.678285598754883
2011-05-23,11.61367416381836
2011-05-24,11.605597496032715
2011-05-25,11.759048461914062
2011-05-26,12.049790382385254
2011-05-27,12.259777069091797
2011-05-31,12.324384689331055
2011-06-01,12.106325149536133
2011-06-02,11.831735610961914
2011-06-03,11.694438934326172
2011-06-06,11.33100414276123
2011-06-07,11.04833698272705
2011-06-08,10.757590293884277
2011-06-09,10.94334888458252
2011-06-10,10.797972679138184
2011-06-13,10.983725547790527
2011-06-14,11.250244140625
2011-06-15,10.9998779296875
2011-06-16,11.266398429870605
2011-06-17,11.395614624023438
2011-06-20,11.532910346984863
2011-06-21,11.686365127563477
2011-06-22,11.912496566772461
2011-06-23,12.146709442138672
2011-06-24,11.84788703918457
2011-06-27,11.985184669494629
2011-06-28,12.009408950805664
2011-06-29,12.025562286376953
2011-06-30,11.855962753295898
2011-07-01,12.195169448852539
2011-07-05,12.025114059448242
2011-07-06,12.097996711730957
2011-07-07,12.405709266662598
2011-07-08,12.276145935058594
2011-07-11,11.895546913146973
2011-07-12,11.846967697143555
2011-07-13,11.78217601776123
2011-07-14,11.66071605682373
2011-07-15,11.66071605682373
2011-07-18,11.312516212463379
2011-07-19,11.992727279663086
2011-07-20,11.976530075073242
2011-07-21,12.073698997497559
2011-07-22,12.03321361541748
2011-07-25,11.871258735656738
2011-07-26,11.628324508666992
2011-07-27,11.22343921661377
2011-07-28,11.272026062011719
2011-07-29,11.417783737182617
2011-08-01,11.255831718444824
2011-08-02,10.834749221801758
2011-08-03,10.802361488342285
2011-08-04,10.008779525756836
2011-08-05,9.749650955200195
2011-08-08,8.923686027526855
2011-08-09,9.158522605895996
2011-08-10,8.340655326843262
2011-08-11,8.713146209716797
2011-08-12,8.705049514770508
2011-08-15,9.174715995788574
2011-08-16,9.150422096252441
2011-08-17,8.93178653717041
2011-08-18,8.186798095703125
2011-08-19,7.773812770843506
2011-08-22,7.7576141357421875
2011-08-23,7.660441875457764
2011-08-24,7.976255893707275
2011-08-25,8.211087226867676
2011-08-26,8.259676933288574
2011-08-29,8.777929306030273
2011-08-30,8.95607852935791
2011-08-31,9.126131057739258
2011-09-01,8.947979927062988
2011-09-02,8.49450397491455
2011-09-06,8.413531303405762
2011-09-07,8.786026954650879
2011-09-08,8.551194190979004
2011-09-09,8.146305084228516
2011-09-12,8.122014999389648
2011-09-13,8.06533145904541
2011-09-14,8.38113784790039
2011-09-15,8.405435562133789
2011-09-16,8.348751068115234
2011-09-19,8.858904838562012
2011-09-20,8.664559364318848
2011-09-21,8.526900291442871
2011-09-22,8.000547409057617
2011-09-23,8.105818748474121
2011-09-26,8.437821388244629
2011-09-27,8.340655326843262
2011-09-28,8.081526756286621
2011-09-29,8.62407112121582
2011-09-30,8.275869369506836
2011-10-03,7.709033012390137
2011-10-04,7.806202411651611
2011-10-05,8.211087226867676
2011-10-06,8.437821388244629
2011-10-07,8.421626091003418
2011-10-10,8.899395942687988
2011-10-11,8.947979927062988
2011-10-12,9.215205192565918
2011-10-13,9.142325401306152
2011-10-14,9.279990196228027
2011-10-17,8.898058891296387
2011-10-18,9.791932106018066
2011-10-19,9.588780403137207
2011-10-20,9.8488130569458
2011-10-21,10.36075496673584
2011-10-24,10.612665176391602
2011-10-25,9.930072784423828
2011-10-26,10.21448802947998
2011-10-27,10.702054023742676
2011-10-28,10.580157279968262
2011-10-31,10.344503402709961
2011-11-01,9.645660400390625
2011-11-02,10.07634449005127
2011-11-03,10.30387020111084
2011-11-04,10.433891296386719
2011-11-07,10.767060279846191
2011-11-08,11.189616203308105
2011-11-09,10.572035789489746
2011-11-10,10.897078514099121
2011-11-11,11.1489839553833
2011-11-14,11.035218238830566
2011-11-15,11.197742462158203
2011-11-16,11.368391990661621
2011-11-17,11.197742462158203
2011-11-18,10.85644817352295
2011-11-21,10.653292655944824
2011-11-22,10.474520683288574
2011-11-23,10.181981086730957
2011-11-25,10.190107345581055
2011-11-28,10.385132789611816
2011-11-29,10.474520683288574
2011-11-30,11.417149543762207
2011-12-01,11.311504364013672
2011-12-02,11.400894165039062
2011-12-05,11.953469276428223
2011-12-06,12.03472900390625
2011-12-07,12.270386695861816
2011-12-08,11.904716491699219
2011-12-09,12.408529281616211
2011-12-12,12.172871589660645
2011-12-13,11.953469276428223
2011-12-14,11.61217212677002
2011-12-15,11.758443832397461
2011-12-16,12.018473625183105
2011-12-19,11.872209548950195
2011-12-20,12.69294261932373
2011-12-21,12.709196090698242
2011-12-22,12.579178810119629
2011-12-23,12.449158668518066
2011-12-27,12.416655540466309
2011-12-28,12.197245597839355
2011-12-29,12.497919082641602
2011-12-30,12.66043472290039
2012-01-03,12.806708335876465
2012-01-04,12.985482215881348
2012-01-05,13.28614616394043
2012-01-06,13.017983436584473
2012-01-09,13.180509567260742
2012-01-10,13.20488452911377
2012-01-11,14.106881141662598
2012-01-12,14.375043869018555
2012-01-13,14.261273384094238
2012-01-17,14.407548904418945
2012-01-18,15.008871078491211
2012-01-19,14.878856658935547
2012-01-20,14.545692443847656
2012-01-23,14.269402503967285
2012-01-24,14.472558975219727
2012-01-25,14.847193717956543
2012-01-26,14.50513744354248
2012-01-27,14.6354398727417
2012-01-30,14.537708282470703
2012-01-31,14.016467094421387
2012-02-01,14.358532905578613
2012-02-02,14.309663772583008
2012-02-03,15.458025932312012
2012-02-06,14.9286470413208
2012-02-07,14.87977123260498
2012-02-08,15.270699501037598
2012-02-09,15.490602493286133
2012-02-10,15.164823532104492
2012-02-13,15.653487205505371
2012-02-14,15.620904922485352
2012-02-15,15.401013374328613
2012-02-16,15.319563865661621
2012-02-17,15.189257621765137
2012-02-21,14.684306144714355
2012-02-22,14.43183422088623
2012-02-23,14.773892402648926
2012-02-24,14.643588066101074
2012-02-27,14.953072547912598
2012-02-28,14.822758674621582
2012-02-29,15.246271133422852
2012-03-01,15.229982376098633
2012-03-02,15.018228530883789
2012-03-05,14.944923400878906
2012-03-06,14.69245433807373
2012-03-07,15.563899040222168
2012-03-08,16.272462844848633
2012-03-09,16.940303802490234
2012-03-12,17.046180725097656
2012-03-13,17.779170989990234
2012-03-14,17.518552780151367
2012-03-15,17.83617401123047
2012-03-16,17.657005310058594
2012-03-19,17.67328643798828
2012-03-20,17.681442260742188
2012-03-21,17.74658966064453
2012-03-22,17.485973358154297
2012-03-23,17.298648834228516
2012-03-26,17.54297637939453
2012-03-27,18.422578811645508
2012-03-28,18.479589462280273
2012-03-29,18.129383087158203
2012-03-30,18.20267677307129
2012-04-02,17.819889068603516
2012-04-03,17.942060470581055
2012-04-04,17.86876678466797
2012-04-05,17.551124572753906
2012-04-09,17.608137130737305
2012-04-10,16.28875160217285
2012-04-11,17.062475204467773
2012-04-12,17.559274673461914
2012-04-13,17.298648834228516
2012-04-16,17.152050018310547
2012-04-17,17.095046997070312
2012-04-18,16.875146865844727
2012-04-19,16.443492889404297
2012-04-20,16.932153701782227
2012-04-23,16.37727165222168
2012-04-24,16.6220760345459
2012-04-25,17.070877075195312
2012-04-26,18.180646896362305
2012-04-27,18.874250411987305
2012-04-30,18.466251373291016
2012-05-01,18.84161376953125
2012-05-02,19.24961280822754
2012-05-03,18.874250411987305
2012-05-04,18.629451751708984
2012-05-07,18.73552894592285
2012-05-08,18.3846492767334
2012-05-09,18.95585823059082
2012-05-10,18.580490112304688
2012-05-11,18.694725036621094
2012-05-14,18.68657112121582
2012-05-15,19.10273551940918
2012-05-16,19.15169334411621
2012-05-17,17.38912010192871
2012-05-18,16.981115341186523
2012-05-21,17.47071647644043
2012-05-22,17.878725051879883
2012-05-23,18.417293548583984
2012-05-24,18.26224708557129
2012-05-25,18.156171798706055
2012-05-29,18.613128662109375
2012-05-30,17.340160369873047
2012-05-31,17.601276397705078
2012-06-01,15.928466796875
2012-06-04,14.932939529418945
2012-06-05,16.067184448242188
2012-06-06,16.768957138061523
2012-06-07,16.67102813720703
2012-06-08,17.005598068237305
2012-06-11,16.12429428100586
2012-06-12,16.18958282470703
2012-06-13,15.585737228393555
2012-06-14,16.132465362548828
2012-06-15,16.271190643310547
2012-06-18,16.997434616088867
2012-06-19,17.062715530395508
2012-06-20,17.02191925048828
2012-06-21,16.418067932128906
2012-06-22,16.662872314453125
2012-06-25,16.793441772460938
2012-06-26,17.242233276367188
2012-06-27,18.11536407470703
2012-06-28,18.49888038635254
2012-06-29,19.608661651611328
2012-07-02,19.943222045898438
2012-07-03,19.894258499145508
2012-07-05,20.057470321655273
2012-07-06,20.196184158325195
2012-07-09,20.07358169555664
2012-07-10,19.509626388549805
2012-07-11,19.035581588745117
2012-07-12,19.607709884643555
2012-07-13,19.583181381225586
2012-07-16,19.795690536499023
2012-07-17,19.59136390686035
2012-07-18,19.21538543701172
2012-07-19,19.150005340576172
2012-07-20,19.56683921813965
2012-07-23,19.632230758666992
2012-07-24,19.231733322143555
2012-07-25,18.479793548583984
2012-07-26,19.248085021972656
2012-07-27,19.272602081298828
2012-07-30,18.790380477905273
2012-07-31,18.553354263305664
2012-08-01,18.398059844970703
2012-08-02,18.765857696533203
2012-08-03,19.26443099975586
2012-08-06,18.896631240844727
2012-08-07,19.427894592285156
2012-08-08,19.754823684692383
2012-08-09,20.441383361816406
2012-08-10,20.408689498901367
2012-08-13,20.310606002807617
2012-08-14,20.392343521118164
2012-08-15,20.50676918029785
2012-08-16,21.176977157592773
2012-08-17,21.40583038330078
2012-08-20,20.85821533203125
2012-08-21,20.326953887939453
2012-08-22,21.046205520629883
2012-08-23,20.841876983642578
2012-08-24,21.250537872314453
2012-08-27,20.82553482055664
2012-08-28,21.029857635498047
2012-08-29,20.98899269104004
2012-08-30,20.93994903564453
2012-08-31,21.144285202026367
2012-09-04,21.176977157592773
2012-09-05,21.250537872314453
2012-09-06,21.99430274963379
2012-09-07,21.879880905151367
2012-09-10,21.37312889099121
2012-09-11,21.29957389831543
2012-09-12,22.313058853149414
2012-09-13,22.787118911743164
2012-09-14,23.465503692626953
2012-09-17,23.203950881958008
2012-09-18,22.885196685791016
2012-09-19,23.326549530029297
2012-09-20,23.653491973876953
2012-09-21,24.029449462890625
2012-09-24,23.56357765197754
2012-09-25,23.228466033935547
2012-09-26,22.0515193939209
2012-09-27,22.30489158630371
2012-09-28,22.018821716308594
2012-10-01,21.700071334838867
2012-10-02,22.10055923461914
2012-10-03,23.637134552001953
2012-10-04,23.75973129272461
2012-10-05,23.988595962524414
2012-10-08,23.84963607788086
2012-10-09,23.261165618896484
2012-10-10,23.195781707763672
2012-10-11,22.43459129333496
2012-10-12,22.483701705932617
2012-10-15,23.302183151245117
2012-10-16,23.416767120361328
2012-10-17,23.916044235229492
2012-10-18,24.284364700317383
2012-10-19,24.3743953704834
2012-10-22,24.038814544677734
2012-10-23,23.60501480102539
2012-10-24,23.883298873901367
2012-10-25,23.310365676879883
2012-10-26,23.032081604003906
2012-10-31,23.228517532348633
2012-11-01,24.341650009155273
2012-11-02,23.58864402770996
2012-11-05,25.10283660888672
2012-11-06,25.42204475402832
2012-11-07,25.52845001220703
2012-11-08,25.10283660888672
2012-11-09,24.857297897338867
2012-11-12,23.744157791137695
2012-11-13,23.57227897644043
2012-11-14,22.811092376708984
2012-11-15,22.631025314331055
2012-11-16,23.5395450592041
2012-11-19,23.8669376373291
2012-11-20,24.742713928222656
2012-11-21,24.93096160888672
2012-11-23,25.192874908447266
2012-11-26,25.09465789794922
2012-11-27,25.037357330322266
2012-11-28,24.947328567504883
2012-11-29,24.939146041870117
2012-11-30,24.89822006225586
2012-12-03,24.685415267944336
2012-12-04,24.67722511291504
2012-12-05,23.858747482299805
2012-12-06,23.686870574951172
2012-12-07,23.96514892578125
2012-12-10,23.875118255615234
2012-12-11,23.711423873901367
2012-12-12,24.70996856689453
2012-12-13,24.12066078186035
2012-12-14,24.112472534179688
2012-12-17,25.119213104248047
2012-12-18,25.798545837402344
2012-12-19,25.536640167236328
2012-12-20,25.471158981323242
2012-12-21,24.840923309326172
2012-12-24,24.816368103027344
2012-12-26,24.554466247558594
2012-12-27,24.5380916595459
2012-12-28,24.2025089263916
2012-12-31,24.99643898010254
2013-01-02,25.847660064697266
2013-01-03,25.91314125061035
2013-01-04,26.322376251220703
2013-01-07,27.173603057861328
2013-01-08,27.083568572998047
2013-01-09,27.337295532226562
2013-01-10,27.18996810913086
2013-01-11,26.9853515625
2013-01-14,27.01808738708496
2013-01-15,27.01808738708496
2013-01-16,26.960792541503906
2013-01-17,27.902048110961914
2013-01-18,27.87748908996582
2013-01-22,27.779272079467773
2013-01-23,28.09029769897461
2013-01-24,28.016637802124023
2013-01-25,28.515907287597656
2013-01-28,27.55828857421875
2013-01-29,27.902048110961914
2013-01-30,27.098995208740234
2013-01-31,27.082597732543945
2013-02-01,26.60733413696289
2013-02-04,26.263160705566406
2013-02-05,26.345104217529297
2013-02-06,26.107471466064453
2013-02-07,25.763303756713867
2013-02-08,25.640378952026367
2013-02-11,25.140527725219727
2013-02-12,26.20580291748047
2013-02-13,26.197603225708008
2013-02-14,26.025524139404297
2013-02-15,25.67316246032715
2013-02-19,25.501081466674805
2013-02-20,23.558998107910156
2013-02-21,23.927751541137695
2013-02-22,24.001501083374023
2013-02-25,23.2885799407959
2013-02-26,24.165388107299805
2013-02-27,24.738996505737305
2013-02-28,24.435802459716797
2013-03-01,24.550521850585938
2013-03-04,25.369972229003906
2013-03-05,26.000944137573242
2013-03-06,26.49260711669922
2013-03-07,26.427047729492188
2013-03-08,26.689285278320312
2013-03-11,26.697463989257812
2013-03-12,26.17302703857422
2013-03-13,26.197603225708008
2013-03-14,26.836776733398438
2013-03-15,26.541765213012695
2013-03-18,26.46802520751953
2013-03-19,26.20580291748047
2013-03-20,27.566083908081055
2013-03-21,26.869543075561523
2013-03-22,26.599136352539062
2013-03-25,26.377883911132812
2013-03-26,26.43524742126465
2013-03-27,26.697463989257812
2013-03-28,26.43524742126465
2013-04-01,25.927188873291016
2013-04-02,25.476491928100586
2013-04-03,24.640661239624023
2013-04-04,24.632465362548828
2013-04-05,24.935659408569336
2013-04-08,25.714130401611328
2013-04-09,25.20608139038086
2013-04-10,25.15691375732422
2013-04-11,24.779972076416016
2013-04-12,25.80426597595215
2013-04-15,23.870386123657227
2013-04-16,24.45219612121582
2013-04-17,24.362049102783203
2013-04-18,23.608169555664062
2013-04-19,24.444000244140625
2013-04-22,24.72298240661621
2013-04-23,26.388689041137695
2013-04-24,26.339452743530273
2013-04-25,26.89742660522461
2013-04-26,27.291278839111328
2013-04-29,26.839988708496094
2013-04-30,26.757930755615234
2013-05-01,26.405099868774414
2013-05-02,27.17640495300293
2013-05-03,27.143585205078125
2013-05-06,27.381540298461914
2013-05-07,27.422569274902344
2013-05-08,27.283082962036133
2013-05-09,27.365127563476562
2013-05-10,27.512834548950195
2013-05-13,27.84105110168457
2013-05-14,28.341575622558594
2013-05-15,28.161060333251953
2013-05-16,27.619503021240234
2013-05-17,28.24311065673828
2013-05-20,27.87387466430664
2013-05-21,27.537446975708008
2013-05-22,27.34051513671875
2013-05-23,28.05439567565918
2013-05-24,27.758996963500977
2013-05-28,27.373340606689453
2013-05-29,26.085084915161133
2013-05-30,25.85533332824707
2013-05-31,25.346603393554688
2013-06-03,25.231718063354492
2013-06-04,24.370149612426758
2013-06-05,23.951669692993164
2013-06-06,24.5096435546875
2013-06-07,24.517847061157227
2013-06-10,23.85320472717285
2013-06-11,23.508577346801758
2013-06-12,23.393701553344727
2013-06-13,24.665544509887695
2013-06-14,24.903499603271484
2013-06-17,25.1496639251709
2013-06-18,25.21530532836914
2013-06-19,24.345537185668945
2013-06-20,22.466489791870117
2013-06-21,22.7126522064209
2013-06-24,22.491107940673828
2013-06-25,22.745468139648438
2013-06-26,23.098302841186523
2013-06-27,24.033729553222656
2013-06-28,23.262414932250977
2013-07-01,22.819316864013672
2013-07-02,22.6716251373291
2013-07-03,22.778291702270508
2013-07-05,21.965961456298828
2013-07-08,21.45645523071289
2013-07-09,22.631589889526367
2013-07-10,22.442581176757812
2013-07-11,24.143651962280273
2013-07-12,23.88068389892578
2013-07-15,23.280786514282227
2013-07-16,23.21504783630371
2013-07-17,23.346529006958008
2013-07-18,22.894563674926758
2013-07-19,23.165742874145508
2013-07-22,22.804166793823242
2013-07-23,23.256139755249023
2013-07-24,22.294668197631836
2013-07-25,22.17140007019043
2013-07-26,22.13031578063965
2013-07-29,22.015260696411133
2013-07-30,22.048141479492188
2013-07-31,22.393281936645508
2013-08-01,22.65625
2013-08-02,23.0178279876709
2013-08-05,22.721988677978516
2013-08-06,22.426151275634766
2013-08-07,21.735857009887695
2013-08-08,21.76873016357422
2013-08-09,21.916654586791992
2013-08-12,21.892000198364258
2013-08-13,21.4235782623291
2013-08-14,21.267452239990234
2013-08-15,21.859132766723633
2013-08-16,22.031694412231445
2013-08-19,21.152402877807617
2013-08-20,21.72764015197754
2013-08-21,21.481107711791992
2013-08-22,21.957731246948242
2013-08-23,21.629024505615234
2013-08-26,21.69476890563965
2013-08-27,21.357845306396484
2013-08-28,21.168840408325195
2013-08-29,21.744077682495117
2013-08-30,21.30854034423828
2013-09-03,21.135969161987305
2013-09-04,21.218141555786133
2013-09-05,21.10310173034668
2013-09-06,21.497547149658203
2013-09-09,22.450807571411133
2013-09-10,22.13031578063965
2013-09-11,22.77951431274414
2013-09-12,23.0424747467041
2013-09-13,22.689123153686523
2013-09-16,22.927427291870117
2013-09-17,23.091785430908203
2013-09-18,24.554536819458008
2013-09-19,23.708112716674805
2013-09-20,23.21504783630371
2013-09-23,22.804166793823242
2013-09-24,23.576627731323242
2013-09-25,23.897125244140625
2013-09-26,24.003950119018555
2013-09-27,23.716331481933594
2013-09-30,23.543758392333984
2013-10-01,24.020383834838867
2013-10-02,24.447710037231445
2013-10-03,24.439489364624023
2013-10-04,23.535539627075195
2013-10-07,23.412269592285156
2013-10-08,22.845252990722656
2013-10-09,22.713769912719727
2013-10-10,22.8616886138916
2013-10-11,23.601287841796875
2013-10-14,23.412269592285156
2013-10-15,22.75486183166504
2013-10-16,22.87830352783203
2013-10-17,23.832944869995117
2013-10-18,23.651884078979492
2013-10-21,23.487295150756836
2013-10-22,24.343175888061523
2013-10-23,24.43369483947754
2013-10-24,25.050920486450195
2013-10-25,25.075603485107422
2013-10-28,24.9686222076416
2013-10-29,25.264881134033203
2013-10-30,25.075603485107422
2013-10-31,24.25265121459961
2013-11-01,23.939918518066406
2013-11-04,24.030441284179688
2013-11-05,23.363847732543945
2013-11-06,23.56958770751953
2013-11-07,23.199254989624023
2013-11-08,22.53266143798828
2013-11-11,22.499736785888672
2013-11-12,22.73016929626465
2013-11-13,22.87830352783203
2013-11-14,23.248634338378906
2013-11-15,23.31446647644043
2013-11-18,23.495519638061523
2013-11-19,23.388532638549805
2013-11-20,23.5284423828125
2013-11-21,24.079822540283203
2013-11-22,23.80824851989746
2013-11-25,23.627197265625
2013-11-26,24.672351837158203
2013-11-27,24.58183479309082
2013-11-29,24.40900993347168
2013-12-02,24.376087188720703
2013-12-03,24.343175888061523
2013-12-04,23.93169403076172
2013-12-05,23.63542938232422
2013-12-06,23.948150634765625
2013-12-09,24.2197322845459
2013-12-10,24.49953842163086
2013-12-11,24.120975494384766
2013-12-12,24.022218704223633
2013-12-13,24.343175888061523
2013-12-16,24.285564422607422
2013-12-17,24.5159912109375
2013-12-18,26.342958450317383
2013-12-19,25.980867385864258
2013-12-20,26.227746963500977
2013-12-23,27.289369583129883
2013-12-24,27.272912979125977
2013-12-26,27.4951114654541
2013-12-27,27.70084571838379
2013-12-30,27.783143997192383
2013-12-31,27.750234603881836
2014-01-02,27.618553161621094
2014-01-03,27.42104148864746
2014-01-06,26.976646423339844
2014-01-07,27.04248046875
2014-01-08,27.083627700805664
2014-01-09,27.05071449279785
2014-01-10,27.453962326049805
2014-01-13,26.894350051879883
2014-01-14,26.73798370361328
2014-01-15,26.589845657348633
2014-01-16,26.680383682250977
2014-01-17,25.766889572143555
2014-01-21,25.70928192138672
2014-01-22,25.758665084838867
2014-01-23,25.997318267822266
2014-01-24,25.190818786621094
2014-01-27,25.15789794921875
2014-01-28,26.03961753845215
2014-01-29,26.336273193359375
2014-01-30,26.270355224609375
2014-01-31,26.979026794433594
2014-02-03,26.27859115600586
2014-02-04,26.616443634033203
2014-02-05,26.352760314941406
2014-02-06,27.910194396972656
2014-02-07,27.786592483520508
2014-02-10,27.39104652404785
2014-02-11,27.588809967041016
2014-02-12,27.25919532775879
2014-02-13,27.761857986450195
2014-02-14,27.926666259765625
2014-02-18,27.794830322265625
2014-02-19,27.522899627685547
2014-02-20,27.901945114135742
2014-02-21,28.223329544067383
2014-02-24,28.3798885345459
2014-02-25,28.627105712890625
2014-02-26,29.63243293762207
2014-02-27,30.06917381286621
2014-02-28,29.84668731689453
2014-03-03,29.665390014648438
2014-03-04,29.566511154174805
2014-03-05,29.088573455810547
2014-03-06,28.915515899658203
2014-03-07,28.388132095336914
2014-03-10,27.868986129760742
2014-03-11,27.910194396972656
2014-03-12,28.182126998901367
2014-03-13,27.761857986450195
2014-03-14,27.39104652404785
2014-03-17,27.4816837310791
2014-03-18,27.819547653198242
2014-03-19,28.27276611328125
2014-03-20,27.28392219543457
2014-03-21,26.38571548461914
2014-03-24,26.781253814697266
2014-03-25,26.64116859436035
2014-03-26,26.525806427001953
2014-03-27,26.62468910217285
2014-03-28,26.855417251586914
2014-03-31,26.896623611450195
2014-04-01,27.366323471069336
2014-04-02,27.687698364257812
2014-04-03,27.770099639892578
2014-04-04,27.60529136657715
2014-04-07,27.011985778808594
2014-04-08,27.316877365112305
2014-04-09,27.415767669677734
2014-04-10,27.110877990722656
2014-04-11,26.830705642700195
2014-04-14,26.979026794433594
2014-04-15,26.69062042236328
2014-04-16,26.90486717224121
2014-04-17,26.58348846435547
2014-04-21,26.5009822845459
2014-04-22,26.814510345458984
2014-04-23,26.542234420776367
2014-04-24,27.392047882080078
2014-04-25,26.674240112304688
2014-04-28,26.847503662109375
2014-04-29,26.855758666992188
2014-04-30,26.831012725830078
2014-05-01,27.227033615112305
2014-05-02,27.713823318481445
2014-05-05,27.260040283203125
2014-05-06,26.88875389099121
2014-05-07,26.897014617919922
2014-05-08,26.864013671875
2014-05-09,26.690746307373047
2014-05-12,27.43330192565918
2014-05-13,27.86233901977539
2014-05-14,27.053773880004883
2014-05-15,26.822755813598633
2014-05-16,26.94651222229004
2014-05-19,26.690746307373047
2014-05-20,26.591737747192383
2014-05-21,26.674240112304688
2014-05-22,27.070274353027344
2014-05-23,28.01083755493164
2014-05-27,28.019100189208984
2014-05-28,27.845836639404297
2014-05-29,28.19236183166504
2014-05-30,28.439876556396484
2014-06-02,28.29961395263672
2014-06-03,28.23360824584961
2014-06-04,28.08510398864746
2014-06-05,28.538883209228516
2014-06-06,29.03392219543457
2014-06-09,29.08342742919922
2014-06-10,29.009172439575195
2014-06-11,28.481130599975586
2014-06-12,28.068601608276367
2014-06-13,28.035600662231445
2014-06-16,28.241857528686523
2014-06-17,28.604894638061523
2014-06-18,28.695646286010742
2014-06-19,28.42337417602539
2014-06-20,28.35737419128418
2014-06-23,28.159353256225586
2014-06-24,28.59663963317871
2014-06-25,28.976160049438477
2014-06-26,28.769895553588867
2014-06-27,29.009172439575195
2014-06-30,29.31443977355957
2014-07-01,29.669227600097656
2014-07-02,29.09992790222168
2014-07-03,29.108169555664062
2014-07-07,28.547136306762695
2014-07-08,28.332372665405273
2014-07-09,28.414974212646484
2014-07-10,28.167165756225586
2014-07-11,27.894580841064453
2014-07-14,27.67155647277832
2014-07-15,27.679811477661133
2014-07-16,28.09282684326172
2014-07-17,27.200721740722656
2014-07-18,27.32463264465332
2014-07-21,27.126379013061523
2014-07-22,27.67155647277832
2014-07-23,27.894580841064453
2014-07-24,27.101604461669922
2014-07-25,26.696861267089844
2014-07-28,26.209505081176758
2014-07-29,26.060819625854492
2014-07-30,25.763458251953125
2014-07-31,25.276111602783203
2014-08-01,25.17698097229004
2014-08-04,25.342187881469727
2014-08-05,25.152206420898438
2014-08-06,24.987003326416016
2014-08-07,25.020042419433594
2014-08-08,25.152206420898438
2014-08-11,25.23480987548828
2014-08-12,25.044822692871094
2014-08-13,25.003520965576172
2014-08-14,25.300888061523438
2014-08-15,25.020042419433594
2014-08-18,25.416536331176758
2014-08-19,26.110383987426758
2014-08-20,26.176464080810547
2014-08-21,26.283843994140625
2014-08-22,26.25080680847168
2014-08-25,26.201251983642578
2014-08-26,26.259069442749023
2014-08-27,26.25080680847168
2014-08-28,26.110383987426758
2014-08-29,26.217769622802734
2014-09-02,26.15167999267578
2014-09-03,25.86256980895996
2014-09-04,26.23428726196289
2014-09-05,26.416006088256836
2014-09-08,26.556428909301758
2014-09-09,26.50687026977539
2014-09-10,26.639041900634766
2014-09-11,26.853801727294922
2014-09-12,26.399494171142578
2014-09-15,26.5894775390625
2014-09-16,26.655555725097656
2014-09-17,28.32410430908203
2014-09-18,28.299327850341797
2014-09-19,27.88631820678711
2014-09-22,27.035526275634766
2014-09-23,27.299848556518555
2014-09-24,27.17595100402832
2014-09-25,26.837276458740234
2014-09-26,27.035526275634766
2014-09-29,26.762935638427734
2014-09-30,26.4407901763916
2014-10-01,26.176464080810547
2014-10-02,26.432531356811523
2014-10-03,27.027263641357422
2014-10-06,27.481565475463867
2014-10-07,27.200721740722656
2014-10-08,27.754154205322266
2014-10-09,27.225507736206055
2014-10-10,26.391233444213867
2014-10-13,25.74693489074707
2014-10-14,26.069087982177734
2014-10-15,26.82171630859375
2014-10-16,26.82171630859375
2014-10-17,28.15328598022461
2014-10-20,29.079599380493164
2014-10-21,29.079599380493164
2014-10-22,28.972087860107422
2014-10-23,29.26155662536621
2014-10-24,29.443506240844727
2014-10-27,29.501401901245117
2014-10-28,29.5179443359375
2014-10-29,29.278093338012695
2014-10-30,29.120954513549805
2014-10-31,29.03824234008789
2014-11-03,29.23674964904785
2014-11-04,28.591630935668945
2014-11-05,28.393136978149414
2014-11-06,29.26155662536621
2014-11-07,29.675079345703125
2014-11-10,30.23748779296875
2014-11-11,31.056289672851562
2014-11-12,30.510427474975586
2014-11-13,30.32847023010254
2014-11-14,30.394622802734375
2014-11-17,30.196134567260742
2014-11-18,30.270580291748047
2014-11-19,30.427715301513672
2014-11-20,31.11418914794922
2014-11-21,31.345767974853516
2014-11-24,31.47809410095215
2014-11-25,31.296131134033203
2014-11-26,31.13898468017578
2014-11-28,31.296131134033203
2014-12-01,30.59312629699707
2014-12-02,30.84124755859375
2014-12-03,30.568313598632812
2014-12-04,30.245758056640625
2014-12-05,29.939733505249023
2014-12-08,30.146512985229492
2014-12-09,30.229211807250977
2014-12-10,28.848026275634766
2014-12-11,28.6164493560791
2014-12-12,27.888622283935547
2014-12-15,27.5743465423584
2014-12-16,27.20216178894043
2014-12-17,28.401411056518555
2014-12-18,28.823211669921875
2014-12-19,27.08637809753418
2014-12-22,28.89764404296875
2014-12-23,28.732240676879883
2014-12-24,28.947263717651367
2014-12-26,29.203662872314453
2014-12-29,29.402158737182617
2014-12-30,29.493131637573242
2014-12-31,29.865312576293945
2015-01-02,29.5510311126709
2015-01-05,29.25328254699707
2015-01-06,29.09613609313965
2015-01-07,30.38636016845703
2015-01-08,31.287878036499023
2015-01-09,31.172073364257812
2015-01-12,31.445003509521484
2015-01-13,30.64275360107422
2015-01-14,30.402908325195312
2015-01-15,27.91343879699707
2015-01-16,28.401411056518555
2015-01-20,27.7066707611084
2015-01-21,28.34351348876953
2015-01-22,28.823211669921875
2015-01-23,28.690887451171875
2015-01-26,29.575841903686523
2015-01-27,29.55927276611328
2015-01-28,29.52615737915039
2015-01-29,30.743301391601562
2015-01-30,29.898754119873047
2015-02-02,29.666921615600586
2015-02-03,30.24651336669922
2015-02-04,30.834396362304688
2015-02-05,30.999988555908203
2015-02-06,31.99358367919922
2015-02-09,32.44895553588867
2015-02-10,32.920936584472656
2015-02-11,32.8381233215332
2015-02-12,33.32663345336914
2015-02-13,33.2190055847168
2015-02-17,33.39288330078125
2015-02-18,33.19415283203125
2015-02-19,33.301788330078125
2015-02-20,33.26040267944336
2015-02-23,32.96232223510742
2015-02-24,33.881378173828125
2015-02-25,33.57503128051758
2015-02-26,33.351470947265625
2015-02-27,33.351470947265625
2015-03-02,33.28523635864258
2015-03-03,32.96232223510742
2015-03-04,33.119632720947266
2015-03-05,33.276947021484375
2015-03-06,32.20057678222656
2015-03-09,32.30820846557617
2015-03-10,32.026695251464844
2015-03-11,32.01011657714844
2015-03-12,32.93747329711914
2015-03-13,32.53176498413086
2015-03-16,32.821563720703125
2015-03-17,32.26680374145508
2015-03-18,32.87125015258789
2015-03-19,32.9292106628418
2015-03-20,33.2190055847168
2015-03-23,32.95402526855469
2015-03-24,33.47566604614258
2015-03-25,32.98716735839844
2015-03-26,32.70563888549805
2015-03-27,33.28523635864258
2015-03-30,33.64128875732422
2015-03-31,34.030426025390625
2015-04-01,33.99732208251953
2015-04-02,35.015743255615234
2015-04-06,34.212581634521484
2015-04-07,33.351470947265625
2015-04-08,33.61642074584961
2015-04-09,33.12791442871094
2015-04-10,33.1776008605957
2015-04-13,33.15274429321289
2015-04-14,33.38459777832031
2015-04-15,33.839996337890625
2015-04-16,33.0285530090332
2015-04-17,31.902477264404297
2015-04-20,31.5958251953125
2015-04-21,32.31691360473633
2015-04-22,31.81960678100586
2015-04-23,30.808412551879883
2015-04-24,31.189674377441406
2015-04-27,30.53489112854004
2015-04-28,30.733814239501953
2015-04-29,30.576335906982422
2015-04-30,30.277944564819336
2015-05-01,30.866437911987305
2015-05-04,30.750375747680664
2015-05-05,30.21991729736328
2015-05-06,30.360820770263672
2015-05-07,31.032203674316406
2015-05-08,31.894207000732422
2015-05-11,31.58753204345703
2015-05-12,31.877634048461914
2015-05-13,31.769872665405273
2015-05-14,32.325218200683594
2015-05-15,32.582157135009766
2015-05-18,33.22035598754883
2015-05-19,33.551902770996094
2015-05-20,33.543601989746094
2015-05-21,33.30323791503906
2015-05-22,33.46902084350586
2015-05-26,32.449527740478516
2015-05-27,32.52413558959961
2015-05-28,32.449527740478516
2015-05-29,31.943939208984375
2015-06-01,32.12628173828125
2015-06-02,32.19259262084961
2015-06-03,32.30033493041992
2015-06-04,31.628971099853516
2015-06-05,31.736732482910156
2015-06-08,31.479778289794922
2015-06-09,31.512929916381836
2015-06-10,32.14286422729492
2015-06-11,32.001956939697266
2015-06-12,32.27547836303711
2015-06-15,32.37493896484375
2015-06-16,32.250606536865234
2015-06-17,31.811325073242188
2015-06-18,31.861045837402344
2015-06-19,33.079471588134766
2015-06-22,33.42758560180664
2015-06-23,33.43586730957031
2015-06-24,34.902931213378906
2015-06-25,35.300785064697266
2015-06-26,35.83124542236328
2015-06-29,35.27591323852539
2015-06-30,35.74005889892578
2015-07-01,35.82295608520508
2015-07-02,35.63232421875
2015-07-06,35.40831756591797
2015-07-07,36.395572662353516
2015-07-08,36.33750534057617
2015-07-09,36.71084213256836
2015-07-10,37.1588249206543
2015-07-13,37.233489990234375
2015-07-14,37.233489990234375
2015-07-15,36.901641845703125
2015-07-16,36.83527755737305
2015-07-17,36.47854232788086
2015-07-20,36.08031463623047
2015-07-21,36.013954162597656
2015-07-22,36.79379653930664
2015-07-23,36.586387634277344
2015-07-24,35.29218292236328
2015-07-27,35.267295837402344
2015-07-28,35.350250244140625
2015-07-29,35.96417999267578
2015-07-30,36.179866790771484
2015-07-31,36.387264251708984
2015-08-03,36.3043212890625
2015-08-04,35.740169525146484
2015-08-05,35.242401123046875
2015-08-06,34.89394760131836
2015-08-07,34.786109924316406
2015-08-10,35.4332275390625
2015-08-11,35.814842224121094
2015-08-12,36.038818359375
2015-08-13,36.41215896606445
2015-08-14,36.36238098144531
2015-08-17,36.51171875
2015-08-18,38.005043029785156
2015-08-19,38.12947463989258
2015-08-20,37.581947326660156
2015-08-21,37.16712951660156
2015-08-24,34.85247802734375
2015-08-25,33.44212341308594
2015-08-26,34.42936706542969
2015-08-27,35.32535171508789
2015-08-28,34.844181060791016
2015-08-31,35.441505432128906
2015-09-01,34.36299133300781
2015-09-02,35.1594352722168
2015-09-03,35.565956115722656
2015-09-04,34.85247802734375
2015-09-08,35.61573791503906
2015-09-09,35.035003662109375
2015-09-10,34.802703857421875
2015-09-11,35.30046463012695
2015-09-14,36.130104064941406
2015-09-15,36.461952209472656
2015-09-16,36.71084213256836
2015-09-17,37.11735153198242
2015-09-18,36.00566101074219
2015-09-21,35.690391540527344
2015-09-22,34.23855972290039
2015-09-23,34.42936706542969
2015-09-24,34.53721618652344
2015-09-25,34.694854736328125
2015-09-28,32.4963493347168
2015-09-29,31.998577117919922
2015-09-30,32.85308837890625
2015-10-01,33.04389572143555
2015-10-02,33.209815979003906
2015-10-05,34.354705810546875
2015-10-06,33.54166793823242
2015-10-07,34.42106246948242
2015-10-08,35.00180435180664
2015-10-09,34.993526458740234
2015-10-12,35.026702880859375
2015-10-13,34.7197380065918
2015-10-14,33.6080436706543
2015-10-15,33.749080657958984
2015-10-16,33.78226089477539
2015-10-19,34.22197341918945
2015-10-20,35.235084533691406
2015-10-21,35.35135269165039
2015-10-22,35.326419830322266
2015-10-23,35.517433166503906
2015-10-26,35.15205001831055
2015-10-27,34.662086486816406
2015-10-28,35.010860443115234
2015-10-29,33.72370529174805
2015-10-30,34.412967681884766
2015-11-02,34.67869186401367
2015-11-03,34.82818603515625
2015-11-04,34.537532806396484
2015-11-05,33.89808654785156
2015-11-06,33.624061584472656
2015-11-09,33.14241027832031
2015-11-10,34.03096389770508
2015-11-11,34.52092361450195
2015-11-12,33.44135665893555
2015-11-13,33.125789642333984
2015-11-16,33.74862289428711
2015-11-17,33.84827423095703
2015-11-18,34.54583740234375
2015-11-19,34.42127227783203
2015-11-20,34.74513244628906
2015-11-23,34.75345230102539
2015-11-24,34.952720642089844
2015-11-25,35.13545227050781
2015-11-27,35.044090270996094
2015-11-30,34.54583740234375
2015-12-01,35.293209075927734
2015-12-02,34.72022247314453
2015-12-03,33.773529052734375
2015-12-04,34.62057113647461
2015-12-07,34.52092361450195
2015-12-08,33.69049835205078
2015-12-09,33.01784133911133
2015-12-10,33.39153289794922
2015-12-11,32.635841369628906
2015-12-14,32.968021392822266
2015-12-15,33.59084701538086
2015-12-16,34.288394927978516
2015-12-17,33.09257125854492
2015-12-18,32.27876281738281
2015-12-21,32.677371978759766
2015-12-22,33.2752685546875
2015-12-23,33.13408660888672
2015-12-24,33.2752685546875
2015-12-28,33.39153289794922
2015-12-29,33.707096099853516
2015-12-30,33.44135665893555
2015-12-31,33.366607666015625
2016-01-04,31.390199661254883
2016-01-05,31.631032943725586
2016-01-06,30.684337615966797
2016-01-07,29.505128860473633
2016-01-08,28.857393264770508
2016-01-11,29.048389434814453
2016-01-12,29.41378402709961
2016-01-13,28.425569534301758
2016-01-14,28.209659576416016
2016-01-15,28.0435791015625
2016-01-19,28.00205421447754
2016-01-20,27.777833938598633
2016-01-21,28.168140411376953
2016-01-22,28.832489013671875
2016-01-25,27.661575317382812
2016-01-26,28.933666229248047
2016-01-27,28.526260375976562
2016-01-28,28.143808364868164
2016-01-29,28.808948516845703
2016-02-01,28.143808364868164
2016-02-02,27.087892532348633
2016-02-03,27.1627254486084
2016-02-04,27.42877960205078
2016-02-05,26.838462829589844
2016-02-08,26.09018325805664
2016-02-09,25.948837280273438
2016-02-10,26.09018325805664
2016-02-11,25.350215911865234
2016-02-12,26.589038848876953
2016-02-16,27.279123306274414
2016-02-17,27.395519256591797
2016-02-18,27.19597625732422
2016-02-19,27.220918655395508
2016-02-22,27.57843589782715
2016-02-23,27.753034591674805
2016-02-24,27.78628921508789
2016-02-25,28.359973907470703
2016-02-26,28.143808364868164
2016-02-29,28.02741050720215
2016-03-01,29.14982795715332
2016-03-02,29.681949615478516
2016-03-03,30.41360092163086
2016-03-04,30.214054107666016
2016-03-07,30.48011589050293
2016-03-08,29.60712432861328
2016-03-09,30.105974197387695
2016-03-10,29.856548309326172
2016-03-11,30.72122573852539
2016-03-14,30.56325340270996
2016-03-15,30.438541412353516
2016-03-16,30.962339401245117
2016-03-17,31.294912338256836
2016-03-18,31.469514846801758
2016-03-21,31.170209884643555
2016-03-22,30.987281799316406
2016-03-23,30.41360092163086
2016-03-24,30.638090133666992
2016-03-28,30.84593963623047
2016-03-29,31.760517120361328
2016-03-30,31.5277042388916
2016-03-31,32.18454360961914
2016-04-01,31.594228744506836
2016-04-04,30.929088592529297
2016-04-05,30.962339401245117
2016-04-06,31.594228744506836
2016-04-07,31.427942276000977
2016-04-08,31.818706512451172
2016-04-11,31.727252960205078
2016-04-12,31.793771743774414
2016-04-13,32.46723175048828
2016-04-14,32.22611618041992
2016-04-15,31.901853561401367
2016-04-18,31.860286712646484
2016-04-19,31.427942276000977
2016-04-20,31.95174217224121
2016-04-21,32.07646942138672
2016-04-22,31.48613929748535
2016-04-25,31.427881240844727
2016-04-26,31.62764549255371
2016-04-27,31.486143112182617
2016-04-28,30.187734603881836
2016-04-29,29.929729461669922
2016-05-02,30.12116813659668
2016-05-03,29.397050857543945
2016-05-04,29.372089385986328
2016-05-05,28.980894088745117
2016-05-06,28.797792434692383
2016-05-09,28.980894088745117
2016-05-10,29.31382942199707
2016-05-11,29.155685424804688
2016-05-12,28.93096923828125
2016-05-13,28.74785804748535
2016-05-16,28.980894088745117
2016-05-17,28.964258193969727
2016-05-18,28.872713088989258
2016-05-19,28.67294692993164
2016-05-20,29.213945388793945
2016-05-23,28.939285278320312
2016-05-24,30.295948028564453
2016-05-25,30.187734603881836
2016-05-26,30.112838745117188
2016-05-27,30.462411880493164
2016-05-31,30.462411880493164
2016-06-01,30.562280654907227
2016-06-02,30.57892608642578
2016-06-03,30.495691299438477
2016-06-06,30.670482635498047
2016-06-07,31.3279972076416
2016-06-08,31.89396858215332
2016-06-09,31.877344131469727
2016-06-10,31.153226852416992
2016-06-13,30.570594787597656
2016-06-14,30.187734603881836
2016-06-15,30.337562561035156
2016-06-16,30.237688064575195
2016-06-17,30.48737335205078
2016-06-20,30.895206451416016
2016-06-21,30.545635223388672
2016-06-22,30.470726013183594
2016-06-23,31.03669548034668
2016-06-24,29.929729461669922
2016-06-27,29.31382942199707
2016-06-28,30.27097511291504
2016-06-29,30.9201717376709
2016-06-30,31.00339698791504
2016-07-01,31.228134155273438
2016-07-05,31.336326599121094
2016-07-06,31.73626136779785
2016-07-07,31.93622398376465
2016-07-08,32.836055755615234
2016-07-11,32.81107711791992
2016-07-12,32.75275421142578
2016-07-13,32.5111083984375
2016-07-14,32.794410705566406
2016-07-15,32.58611297607422
2016-07-18,32.80274200439453
2016-07-19,32.60277557373047
2016-07-20,32.81941223144531
2016-07-21,32.74441909790039
2016-07-22,32.54445266723633
2016-07-25,32.861061096191406
2016-07-26,32.96938705444336
2016-07-27,32.71942138671875
2016-07-28,32.34449005126953
2016-07-29,31.278003692626953
2016-08-01,31.2613468170166
2016-08-02,30.344831466674805
2016-08-03,30.71976089477539
2016-08-04,30.536466598510742
2016-08-05,31.24466896057129
2016-08-08,31.061372756958008
2016-08-09,31.253013610839844
2016-08-10,31.386322021484375
2016-08-11,31.41131591796875
2016-08-12,31.053041458129883
2016-08-15,31.527969360351562
2016-08-16,31.427980422973633
2016-08-17,31.28634262084961
2016-08-18,31.144689559936523
2016-08-19,30.778085708618164
2016-08-22,30.928068161010742
2016-08-23,31.9528865814209
2016-08-24,31.427980422973633
2016-08-25,31.361312866210938
2016-08-26,30.75308609008789
2016-08-29,31.128028869628906
2016-08-30,31.594602584838867
2016-08-31,31.652942657470703
2016-09-01,31.094709396362305
2016-09-02,31.01971435546875
2016-09-06,30.936391830444336
2016-09-07,31.602949142456055
2016-09-08,31.186357498168945
2016-09-09,29.928232192993164
2016-09-12,30.528125762939453
2016-09-13,29.253353118896484
2016-09-14,29.461652755737305
2016-09-15,29.711605072021484
2016-09-16,29.328340530395508
2016-09-19,29.98655128479004
2016-09-20,28.728435516357422
2016-09-21,28.82842254638672
2016-09-22,28.99506378173828
2016-09-23,28.586793899536133
2016-09-26,28.3868350982666
2016-09-27,28.278518676757812
2016-09-28,28.778432846069336
2016-09-29,28.02022361755371
2016-09-30,27.970233917236328
2016-10-03,27.936870574951172
2016-10-04,27.694950103759766
2016-10-05,28.03697395324707
2016-10-06,28.15376091003418
2016-10-07,27.611541748046875
2016-10-10,27.886821746826172
2016-10-11,27.703292846679688
2016-10-12,28.087018966674805
2016-10-13,27.694950103759766
2016-10-14,28.061992645263672
2016-10-17,28.09536361694336
2016-10-18,28.39566993713379
2016-10-19,28.420698165893555
2016-10-20,27.861787796020508
2016-10-21,27.74500846862793
2016-10-24,28.137075424194336
2016-10-25,27.803394317626953
2016-10-26,27.753339767456055
2016-10-27,27.152732849121094
2016-10-28,27.81174087524414
2016-10-31,27.96189308166504
2016-11-01,27.786718368530273
2016-11-02,27.4196720123291
2016-11-03,27.4196720123291
2016-11-04,27.97857666015625
2016-11-07,28.228832244873047
2016-11-08,27.77003288269043
2016-11-09,27.42801284790039
2016-11-10,27.97023582458496
2016-11-11,27.453039169311523
2016-11-14,28.445722579956055
2016-11-15,28.2622013092041
2016-11-16,28.228832244873047
2016-11-17,28.87949562072754
2016-11-18,29.11307144165039
2016-11-21,29.163114547729492
2016-11-22,29.08804702758789
2016-11-23,29.3299560546875
2016-11-25,29.538511276245117
2016-11-28,29.246538162231445
2016-11-29,29.34664535522461
2016-11-30,28.270540237426758
2016-12-01,28.028627395629883
2016-12-02,27.853445053100586
2016-12-05,28.33727264404297
2016-12-06,29.03799819946289
2016-12-07,29.980627059936523
2016-12-08,30.53952407836914
2016-12-09,29.88886260986328
2016-12-12,30.53952407836914
2016-12-13,30.75640869140625
2016-12-14,29.83047866821289
2016-12-15,28.896175384521484
2016-12-16,29.01296615600586
2016-12-19,28.896175384521484
2016-12-20,28.737682342529297
2016-12-21,29.08804702758789
2016-12-22,28.79607582092285
2016-12-23,28.595869064331055
2016-12-27,29.0546817779541
2016-12-28,28.929550170898438
2016-12-29,28.779396057128906
2016-12-30,28.779396057128906
2017-01-03,28.846128463745117
2017-01-04,29.680316925048828
2017-01-05,29.880523681640625
2017-01-06,29.47176170349121
2017-01-09,29.371671676635742
2017-01-10,29.363330841064453
2017-01-11,29.73870849609375
2017-01-12,30.0723819732666
2017-01-13,29.872177124023438
2017-01-17,29.83047866821289
2017-01-18,29.955598831176758
2017-01-19,29.463424682617188
2017-01-20,29.53016471862793
2017-01-23,29.521821975708008
2017-01-24,31.156824111938477
2017-01-25,31.424041748046875
2017-01-26,31.18186378479004
2017-01-27,30.563915252685547
2017-01-30,30.547208786010742
2017-01-31,30.02945899963379
2017-02-01,30.16307258605957
2017-02-02,30.204837799072266
2017-02-03,30.463706970214844
2017-02-06,30.071212768554688
2017-02-07,30.07956886291504
2017-02-08,30.555553436279297
2017-02-09,30.472061157226562
2017-02-10,31.691265106201172
2017-02-13,31.49085235595703
2017-02-14,31.173513412475586
2017-02-15,31.699628829956055
2017-02-16,31.248682022094727
2017-02-17,31.50756072998047
2017-02-21,31.699628829956055
2017-02-22,32.11716079711914
2017-02-23,31.791492462158203
2017-02-24,32.300899505615234
2017-02-27,32.726776123046875
2017-02-28,32.82698440551758
2017-03-01,33.929290771484375
2017-03-02,33.528446197509766
2017-03-03,33.57855987548828
2017-03-06,33.67876434326172
2017-03-07,33.98774337768555
2017-03-08,34.756004333496094
2017-03-09,34.45538330078125
2017-03-10,34.82282638549805
2017-03-13,34.47208786010742
2017-03-14,34.11300277709961
2017-03-15,34.47208786010742
2017-03-16,35.148494720458984
2017-03-17,35.07334518432617
2017-03-20,35.11508560180664
2017-03-21,33.88752365112305
2017-03-22,33.670406341552734
2017-03-23,33.61195373535156
2017-03-24,33.71216583251953
2017-03-27,33.72886657714844
2017-03-28,34.05454635620117
2017-03-29,34.563961029052734
2017-03-30,34.53054428100586
2017-03-31,34.90632247924805
2017-04-03,35.31552505493164
2017-04-04,34.90632247924805
2017-04-05,35.16520309448242
2017-04-06,35.39901351928711
2017-04-07,35.265411376953125
2017-04-10,35.69129943847656
2017-04-11,36.22574996948242
2017-04-12,35.649539947509766
2017-04-13,35.975223541259766
2017-04-17,36.40946960449219
2017-04-18,36.4011116027832
2017-04-19,36.61823654174805
2017-04-20,36.12553024291992
2017-04-21,36.07544708251953
2017-04-24,35.975223541259766
2017-04-25,35.36561965942383
2017-04-26,35.73305892944336
2017-04-27,35.95853805541992
2017-04-28,35.61582565307617
2017-05-01,35.48208999633789
2017-05-02,35.23133850097656
2017-05-03,34.963863372802734
2017-05-04,35.013999938964844
2017-05-05,35.047447204589844
2017-05-08,35.222984313964844
2017-05-09,35.45701217651367
2017-05-10,35.365074157714844
2017-05-11,35.67433547973633
2017-05-12,35.222984313964844
2017-05-15,36.067195892333984
2017-05-16,36.217647552490234
2017-05-17,35.35671615600586
2017-05-18,35.85822677612305
2017-05-19,36.56034469604492
2017-05-22,36.760955810546875
2017-05-23,35.983604431152344
2017-05-24,36.25943374633789
2017-05-25,36.42660140991211
2017-05-26,36.10899353027344
2017-05-30,36.23436737060547
2017-05-31,35.88330078125
2017-06-01,36.90304946899414
2017-06-02,37.33769989013672
2017-06-05,37.25410461425781
2017-06-06,36.91141128540039
2017-06-07,37.02006149291992
2017-06-08,36.98663330078125
2017-06-09,36.51020050048828
2017-06-12,36.89469528198242
2017-06-13,37.95621871948242
2017-06-14,38.70849609375
2017-06-15,37.847572326660156
2017-06-16,37.354408264160156
2017-06-19,37.513221740722656
2017-06-20,37.97294235229492
2017-06-21,37.69710922241211
2017-06-22,37.128726959228516
2017-06-23,36.64393997192383
2017-06-26,37.20396423339844
2017-06-27,36.9615592956543
2017-06-28,37.25410461425781
2017-06-29,37.14543914794922
2017-06-30,37.58844757080078
2017-07-03,37.22902297973633
2017-07-05,37.09529495239258
2017-07-06,36.602142333984375
2017-07-07,37.57172393798828
2017-07-10,38.11503601074219
2017-07-11,37.56289291381836
2017-07-12,37.713470458984375
2017-07-13,38.16523361206055
2017-07-14,38.173587799072266
2017-07-17,37.847328186035156
2017-07-18,37.47923278808594
2017-07-19,37.68836975097656
2017-07-20,37.604713439941406
2017-07-21,37.81386947631836
2017-07-24,37.897518157958984
2017-07-25,38.031375885009766
2017-07-26,37.571250915527344
2017-07-27,37.571250915527344
2017-07-28,37.04419708251953
2017-07-31,37.203163146972656
2017-08-01,38.1234016418457
2017-08-02,38.25727081298828
2017-08-03,38.67555618286133
2017-08-04,39.13568115234375
2017-08-07,38.85960006713867
2017-08-08,38.901424407958984
2017-08-09,38.775936126708984
2017-08-10,37.74693298339844
2017-08-11,37.78877258300781
2017-08-14,38.2823600769043
2017-08-15,38.173587799072266
2017-08-16,38.39110565185547
2017-08-17,37.889163970947266
2017-08-18,36.809959411621094
2017-08-21,36.93545150756836
2017-08-22,36.56733703613281
2017-08-23,35.96500778198242
2017-08-24,35.814422607421875
2017-08-25,35.92316818237305
2017-08-28,35.54670715332031
2017-08-29,34.99456024169922
2017-08-30,35.396121978759766
2017-08-31,35.99845886230469
2017-09-01,36.1657829284668
2017-09-05,35.605262756347656
2017-09-06,35.22880554199219
2017-09-07,34.952728271484375
2017-09-08,35.10331726074219
2017-09-11,36.098854064941406
2017-09-12,36.52552032470703
2017-09-13,35.77257537841797
2017-09-14,35.88133239746094
2017-09-15,35.88133239746094
2017-09-18,36.50041580200195
2017-09-19,36.31637191772461
2017-09-20,35.52161407470703
2017-09-21,35.85625076293945
2017-09-22,35.65546417236328
2017-09-25,35.688926696777344
2017-09-26,36.35820388793945
2017-09-27,36.33310317993164
2017-09-28,37.31191635131836
2017-09-29,37.713470458984375
2017-10-02,37.79713439941406
2017-10-03,39.436851501464844
2017-10-04,40.06428527832031
2017-10-05,39.880252838134766
2017-10-06,39.788211822509766
2017-10-09,39.79657745361328
2017-10-10,39.67108917236328
2017-10-11,40.055938720703125
2017-10-12,39.512149810791016
2017-10-13,39.37828826904297
2017-10-16,39.11058807373047
2017-10-17,39.34482192993164
2017-10-18,39.67975616455078
2017-10-19,40.30772399902344
2017-10-20,40.642642974853516
2017-10-23,40.44169616699219
2017-10-24,41.21200942993164
2017-10-25,41.05292892456055
2017-10-26,41.75625228881836
2017-10-27,41.54692840576172
2017-10-30,39.90581512451172
2017-10-31,40.14863586425781
2017-11-01,41.11152267456055
2017-11-02,39.13550567626953
2017-11-03,39.30295944213867
2017-11-06,40.51705551147461
2017-11-07,40.74311828613281
2017-11-08,41.78975296020508
2017-11-09,42.59991455078125
2017-11-10,42.318084716796875
2017-11-13,41.64339065551758
2017-11-14,41.720245361328125
2017-11-15,41.361549377441406
2017-11-16,41.16511154174805
2017-11-17,41.609222412109375
2017-11-20,41.84834289550781
2017-11-21,42.7536506652832
2017-11-22,42.72803497314453
2017-11-24,43.231903076171875
2017-11-27,43.231903076171875
2017-11-28,43.41981506347656
2017-11-29,43.86391830444336
2017-11-30,43.82974624633789
2017-12-01,43.300235748291016
2017-12-04,43.71017074584961
2017-12-05,43.36002731323242
2017-12-06,42.02771759033203
2017-12-07,42.66824722290039
2017-12-08,42.7536506652832
2017-12-11,42.352237701416016
2017-12-12,42.09601974487305
2017-12-13,41.48965835571289
2017-12-14,41.46402359008789
2017-12-15,41.720245361328125
2017-12-18,42.24976348876953
2017-12-19,41.86542510986328
2017-12-20,42.41203689575195
2017-12-21,43.001319885253906
2017-12-22,43.48812484741211
2017-12-26,43.599143981933594
2017-12-27,43.74435043334961
2017-12-28,44.00909423828125
2017-12-29,44.13720703125
2018-01-02,44.93147659301758
2018-01-03,46.82746505737305
2018-01-04,46.272335052490234
2018-01-05,46.767677307128906
2018-01-08,46.53708267211914
2018-01-09,45.88800048828125
2018-01-10,46.69935607910156
2018-01-11,47.9120979309082
2018-01-12,47.69004821777344
2018-01-16,47.17760467529297
2018-01-17,48.569725036621094
2018-01-18,48.39035415649414
2018-01-19,49.41522216796875
2018-01-22,49.577491760253906
2018-01-23,49.346900939941406
2018-01-24,49.5262451171875
2018-01-25,48.01354217529297
2018-01-26,46.93669509887695
2018-01-29,44.936851501464844
2018-01-30,44.176212310791016
2018-01-31,43.27884292602539
2018-02-01,43.18484115600586
2018-02-02,40.97133255004883
2018-02-05,39.168052673339844
2018-02-06,41.073875427246094
2018-02-07,41.800315856933594
2018-02-08,40.25343704223633
2018-02-09,39.962860107421875
2018-02-12,40.01414108276367
2018-02-13,40.373069763183594
2018-02-14,41.54393005371094
2018-02-15,41.27899169921875
2018-02-16,41.68067932128906
2018-02-20,40.43291091918945
2018-02-21,40.18505859375
2018-02-22,40.056861877441406
2018-02-23,40.526920318603516
2018-02-26,40.877323150634766
2018-02-27,39.595367431640625
2018-02-28,38.766357421875
2018-03-01,39.236419677734375
2018-03-02,39.12531280517578
2018-03-05,39.71500778198242
2018-03-06,40.569644927978516
2018-03-07,40.54401397705078
2018-03-08,40.1081428527832
2018-03-09,40.85167694091797
2018-03-12,41.33028793334961
2018-03-13,41.42428207397461
2018-03-14,40.885868072509766
2018-03-15,40.227806091308594
2018-03-16,40.48419189453125
2018-03-19,40.586753845214844
2018-03-20,40.569644927978516
2018-03-21,41.287540435791016
2018-03-22,40.586753845214844
2018-03-23,40.26198196411133
2018-03-26,41.321739196777344
2018-03-27,40.646568298339844
2018-03-28,40.552555084228516
2018-03-29,40.75767135620117
2018-04-02,39.00566482543945
2018-04-03,39.492801666259766
2018-04-04,43.33867263793945
2018-04-05,44.27024459838867
2018-04-06,42.509681701660156
2018-04-09,42.12508010864258
2018-04-10,41.70631408691406
2018-04-11,40.167964935302734
2018-04-12,39.04839324951172
2018-04-13,39.27060317993164
2018-04-16,39.27060317993164
2018-04-17,39.69791030883789
2018-04-18,39.86030197143555
2018-04-19,38.586883544921875
2018-04-20,37.92026901245117
2018-04-23,37.74934005737305
2018-04-24,37.141998291015625
2018-04-25,37.16766357421875
2018-04-26,37.5611572265625
2018-04-27,37.81776428222656
2018-04-30,36.51755142211914
2018-05-01,37.15910339355469
2018-05-02,36.15827178955078
2018-05-03,36.15827178955078
2018-05-04,36.808387756347656
2018-05-07,36.6544189453125
2018-05-08,36.58596420288086
2018-05-09,36.329349517822266
2018-05-10,36.91104507446289
2018-05-11,37.31309127807617
2018-05-14,37.3387565612793
2018-05-15,35.26864242553711
2018-05-16,35.01201629638672
2018-05-17,35.23444366455078
2018-05-18,35.79900360107422
2018-05-21,36.00429916381836
2018-05-22,35.12322235107422
2018-05-23,35.66213607788086
2018-05-24,35.491065979003906
2018-05-25,36.85972213745117
2018-05-29,36.75706481933594
2018-05-30,36.021419525146484
2018-05-31,35.3969612121582
2018-06-01,35.33707809448242
2018-06-04,35.54237365722656
2018-06-05,35.550933837890625
2018-06-06,35.96152877807617
2018-06-07,35.8759880065918
2018-06-08,36.91958999633789
2018-06-11,36.59453201293945
2018-06-12,37.32163619995117
2018-06-13,36.175384521484375
2018-06-14,36.44056701660156
2018-06-15,36.15827178955078
2018-06-18,35.491065979003906
2018-06-19,36.15827178955078
2018-06-20,36.14971923828125
2018-06-21,35.76478958129883
2018-06-22,35.66213607788086
2018-06-25,34.3961296081543
2018-06-26,35.952980041503906
2018-06-27,35.568031311035156
2018-06-28,36.03851318359375
2018-06-29,36.51755142211914
2018-07-02,36.389244079589844
2018-07-03,36.53465270996094
2018-07-05,36.91104507446289
2018-07-06,37.19333267211914
2018-07-09,37.997413635253906
2018-07-10,38.0230712890625
2018-07-11,37.85183334350586
2018-07-12,37.68917465209961
2018-07-13,37.74909210205078
2018-07-16,37.84327697753906
2018-07-17,38.836448669433594
2018-07-18,38.699459075927734
2018-07-19,38.77652359008789
2018-07-20,38.44260787963867
2018-07-23,38.348411560058594
2018-07-24,37.0898323059082
2018-07-25,36.43913269042969
2018-07-26,37.18402099609375
2018-07-27,36.78160858154297
2018-07-30,36.6617431640625
2018-07-31,36.987098693847656
2018-08-01,36.60182189941406
2018-08-02,35.95112228393555
2018-08-03,36.43913269042969
2018-08-06,36.558998107910156
2018-08-07,37.432315826416016
2018-08-08,37.60354995727539
2018-08-09,37.80046081542969
2018-08-10,37.59498596191406
2018-08-13,36.028167724609375
2018-08-14,36.08810043334961
2018-08-15,35.42884826660156
2018-08-16,35.40316390991211
2018-08-17,35.360347747802734
2018-08-20,35.942562103271484
2018-08-21,37.51792907714844
2018-08-22,37.064151763916016
2018-08-23,36.2850227355957
2018-08-24,36.2850227355957
2018-08-27,36.875797271728516
2018-08-28,36.918609619140625
2018-08-29,36.85867691040039
2018-08-30,36.259334564208984
2018-08-31,36.11378860473633
2018-09-04,35.95968246459961
2018-09-05,36.45626449584961
2018-09-06,36.370643615722656
2018-09-07,35.04355239868164
2018-09-10,35.25761413574219
2018-09-11,35.351783752441406
2018-09-12,36.165157318115234
2018-09-13,36.01961135864258
2018-09-14,36.156593322753906
2018-09-17,35.31753158569336
2018-09-18,35.514469146728516
2018-09-19,35.44597244262695
2018-09-20,35.13774108886719
2018-09-21,34.71820831298828
2018-09-24,34.12744903564453
2018-09-25,34.16169357299805
2018-09-26,33.65654373168945
2018-09-27,33.48531723022461
2018-09-28,32.9630241394043
2018-10-01,33.10858917236328
2018-10-02,33.1342658996582
2018-10-03,32.68905258178711
2018-10-04,31.93561553955078
2018-10-05,32.06404113769531
2018-10-08,32.54351043701172
2018-10-09,31.721569061279297
2018-10-10,31.5246524810791
2018-10-11,31.327730178833008
2018-10-12,30.985254287719727
2018-10-15,31.05375099182129
2018-10-16,31.593149185180664
2018-10-17,30.788339614868164
2018-10-18,30.256912231445312
2018-10-19,29.211198806762695
2018-10-22,28.482633590698242
2018-10-23,29.2026309967041
2018-10-24,27.968358993530273
2018-10-25,28.928348541259766
2018-10-26,29.948341369628906
2018-10-29,29.296913146972656
2018-10-30,30.796903610229492
2018-10-31,30.659748077392578
2018-11-01,31.345474243164062
2018-11-02,30.754043579101562
2018-11-05,31.43974494934082
2018-11-06,31.15690803527832
2018-11-07,30.634050369262695
2018-11-08,29.776906967163086
2018-11-09,29.63119888305664
2018-11-12,28.774063110351562
2018-11-13,29.091205596923828
2018-11-14,29.01405906677246
2018-11-15,28.148353576660156
2018-11-16,29.228349685668945
2018-11-19,29.41691017150879
2018-11-20,29.622623443603516
2018-11-21,29.982620239257812
2018-11-23,29.888341903686523
2018-11-26,29.751205444335938
2018-11-27,29.931194305419922
2018-11-28,30.411195755004883
2018-11-29,29.89691734313965
2018-11-30,29.622623443603516
2018-12-03,30.008344650268555
2018-12-04,28.45692253112793
2018-12-06,29.37405776977539
2018-12-07,28.996915817260742
2018-12-10,28.39691925048828
2018-12-11,27.95978546142578
2018-12-12,28.414066314697266
2018-12-13,28.362638473510742
2018-12-14,27.71978187561035
2018-12-17,27.43692970275879
2018-12-18,28.148353576660156
2018-12-19,28.302637100219727
2018-12-20,28.13121223449707
2018-12-21,26.751220703125
2018-12-24,26.108369827270508
2018-12-26,26.974079132080078
2018-12-27,27.10264778137207
2018-12-28,27.025508880615234
2018-12-31,26.85407829284668
2019-01-02,27.496925354003906
2019-01-03,27.35978889465332
2019-01-04,28.516918182373047
2019-01-07,29.3654842376709
2019-01-08,29.68262481689453
2019-01-09,32.082603454589844
2019-01-10,31.131195068359375
2019-01-11,31.894044876098633
2019-01-14,31.199764251708984
2019-01-15,31.5768985748291
2019-01-16,31.259750366210938
2019-01-17,30.985469818115234
2019-01-18,30.39405059814453
2019-01-22,29.965476989746094
2019-01-23,30.214054107666016
2019-01-24,31.0979061126709
2019-01-25,30.82330894470215
2019-01-28,30.72891616821289
2019-01-29,31.921693801879883
2019-01-30,32.08473205566406
2019-01-31,32.71115493774414
2019-02-01,32.5995979309082
2019-02-04,32.47087860107422
2019-02-05,32.69398880004883
2019-02-06,32.007503509521484
2019-02-07,32.196285247802734
2019-02-08,31.990341186523438
2019-02-11,31.964599609375
2019-02-12,33.76661682128906
2019-02-13,33.37189865112305
2019-02-14,33.30324935913086
2019-02-15,33.74087905883789
2019-02-19,33.97256851196289
2019-02-20,33.697975158691406
2019-02-21,33.86101150512695
2019-02-22,34.62473678588867
2019-02-25,34.20426559448242
2019-02-26,34.12702941894531
2019-02-27,33.63791275024414
2019-02-28,33.01148986816406
2019-03-01,32.3764762878418
2019-03-04,32.831298828125
2019-03-05,31.895936965942383
2019-03-06,31.707164764404297
2019-03-07,32.73689651489258
2019-03-08,32.839874267578125
2019-03-11,33.28608322143555
2019-03-12,33.28608322143555
2019-03-13,32.88277816772461
2019-03-14,32.839874267578125
2019-03-15,32.73689651489258
2019-03-18,32.77981185913086
2019-03-19,32.007503509521484
2019-03-20,31.792964935302734
2019-03-21,32.79696273803711
2019-03-22,32.839874267578125
2019-03-25,33.981163024902344
2019-03-26,33.99830627441406
2019-03-27,35.07095718383789
2019-03-28,34.02406311035156
2019-03-29,33.56926345825195
2019-04-01,33.57783889770508
2019-04-02,33.62932586669922
2019-04-03,34.11845779418945
2019-04-04,34.80493927001953
2019-04-05,35.439937591552734
2019-04-08,35.21682357788086
2019-04-09,34.33297348022461
2019-04-10,34.736289978027344
2019-04-11,35.06237030029297
2019-04-12,34.80493927001953
2019-04-15,34.78778839111328
2019-04-16,34.985145568847656
2019-04-17,35.3198127746582
2019-04-18,35.95480728149414
2019-04-22,35.52576446533203
2019-04-23,36.05829620361328
2019-04-24,36.17854690551758
2019-04-25,35.47421646118164
2019-04-26,35.7662467956543
2019-04-29,35.843563079833984
2019-04-30,35.83497619628906
2019-05-01,35.946632385253906
2019-05-02,36.015350341796875
2019-05-03,35.946632385253906
2019-05-06,35.70613479614258
2019-05-07,35.59446334838867
2019-05-08,35.13063049316406
2019-05-09,35.57728958129883
2019-05-10,35.68895721435547
2019-05-13,35.388328552246094
2019-05-14,36.29879379272461
2019-05-15,36.36750793457031
2019-05-16,36.87428283691406
2019-05-17,36.487762451171875
2019-05-20,35.61164474487305
2019-05-21,35.938053131103516
2019-05-22,35.628822326660156
2019-05-23,35.104881286621094
2019-05-24,35.620235443115234
2019-05-28,35.122039794921875
2019-05-29,34.50361633300781
2019-05-30,34.34040832519531
2019-05-31,33.93671417236328
2019-06-03,34.54655838012695
2019-06-04,35.182167053222656
2019-06-05,35.534339904785156
2019-06-06,35.87791061401367
2019-06-07,36.43622970581055
2019-06-10,36.13560104370117
2019-06-11,35.61164474487305
2019-06-12,35.65459442138672
2019-06-13,36.22149658203125
2019-06-14,36.59942626953125
2019-06-17,36.41905212402344
2019-06-18,36.18712615966797
2019-06-19,35.800621032714844
2019-06-20,36.29021453857422
2019-06-21,35.33678436279297
2019-06-24,35.388328552246094
2019-06-25,33.06059265136719
2019-06-26,32.407798767089844
2019-06-27,33.086360931396484
2019-06-28,33.07777404785156
2019-07-01,32.87162780761719
2019-07-02,33.46430206298828
2019-07-03,33.962493896484375
2019-07-05,33.240970611572266
2019-07-08,33.275325775146484
2019-07-09,32.622535705566406
2019-07-10,33.32759475708008
2019-07-11,32.880489349365234
2019-07-12,32.94926834106445
2019-07-15,32.622535705566406
2019-07-16,32.8632926940918
2019-07-17,32.269996643066406
2019-07-18,32.184017181396484
2019-07-19,31.719690322875977
2019-07-22,31.625118255615234
2019-07-23,31.418750762939453
2019-07-24,32.08942413330078
2019-07-25,32.69992446899414
2019-07-26,32.6053466796875
2019-07-29,32.880489349365234
2019-07-30,33.20722961425781
2019-07-31,32.67411422729492
2019-08-01,33.3534049987793
2019-08-02,32.914886474609375
2019-08-05,32.76871109008789
2019-08-06,32.96647644042969
2019-08-07,34.135860443115234
2019-08-08,34.96990966796875
2019-08-09,34.204647064208984
2019-08-12,33.525367736816406
2019-08-13,34.282039642333984
2019-08-14,33.757545471191406
2019-08-15,33.16423416137695
2019-08-16,33.68014144897461
2019-08-19,34.247650146484375
2019-08-20,34.84953689575195
2019-08-21,35.27085494995117
2019-08-22,35.5890007019043
2019-08-23,34.9957160949707
2019-08-26,34.8237419128418
2019-08-27,34.58298110961914
2019-08-28,34.307830810546875
2019-08-29,34.944122314453125
2019-08-30,34.83234405517578
2019-09-03,34.7635612487793
2019-09-04,35.37403869628906
2019-09-05,35.15049362182617
2019-09-06,35.38264083862305
2019-09-09,35.88994598388672
2019-09-10,36.28547668457031
2019-09-11,36.7841911315918
2019-09-12,37.291500091552734
2019-09-13,36.43165588378906
2019-09-16,36.448848724365234
2019-09-17,36.14790344238281
2019-09-18,36.77558898925781
2019-09-19,36.457462310791016
2019-09-20,36.921756744384766
2019-09-23,37.317291259765625
2019-09-24,37.40327072143555
2019-09-25,37.738616943359375
2019-09-26,37.816001892089844
2019-09-27,37.37748718261719
2019-09-30,38.151336669921875
2019-10-01,37.9019775390625
2019-10-02,39.40672302246094
2019-10-03,39.74204635620117
2019-10-04,40.61048889160156
2019-10-07,40.55030822753906
2019-10-08,40.34395217895508
2019-10-09,40.35254669189453
2019-10-10,40.21497344970703
2019-10-11,40.10319900512695
2019-10-14,40.37833786010742
2019-10-15,40.756675720214844
2019-10-16,41.63371276855469
2019-10-17,41.7111701965332
2019-10-18,42.12423324584961
2019-10-21,41.719764709472656
2019-10-22,42.07259750366211
2019-10-23,42.07259750366211
2019-10-24,42.201683044433594
2019-10-25,42.089813232421875
2019-10-28,41.06575393676758
2019-10-29,40.506385803222656
2019-10-30,40.90224075317383
2019-10-31,40.463356018066406
2019-11-01,41.513248443603516
2019-11-04,40.37730407714844
2019-11-05,39.740501403808594
2019-11-06,40.26543045043945
2019-11-07,39.06065368652344
2019-11-08,39.344635009765625
2019-11-11,40.2568244934082
2019-11-12,39.79212188720703
2019-11-13,40.31706237792969
2019-11-14,40.704322814941406
2019-11-15,40.3084602355957
2019-11-18,40.876426696777344
2019-11-19,40.609657287597656
2019-11-20,40.60103988647461
2019-11-21,40.196598052978516
2019-11-22,39.80933380126953
2019-11-25,40.463356018066406
2019-11-26,41.07435607910156
2019-11-27,40.704322814941406
2019-11-29,40.592445373535156
2019-12-02,39.955631256103516
2019-12-03,40.11913299560547
2019-12-04,40.09331512451172
2019-12-05,40.988304138183594
2019-12-06,40.2396125793457
2019-12-09,40.609657287597656
2019-12-10,40.43754959106445
2019-12-11,40.90224075317383
2019-12-12,39.63722610473633
2019-12-13,39.79212188720703
2019-12-16,39.473716735839844
2019-12-17,39.00041580200195
2019-12-18,38.587345123291016
2019-12-19,37.92472457885742
2019-12-20,39.02622985839844
2019-12-23,38.174278259277344
2019-12-24,39.08646011352539
2019-12-26,38.587345123291016
2019-12-27,38.6131706237793
2019-12-30,38.53570556640625
2019-12-31,38.46687698364258
2020-01-02,38.39801788330078
2020-01-03,38.83690643310547
2020-01-06,39.97284698486328
2020-01-07,39.29300308227539
2020-01-08,39.62001419067383
2020-01-09,39.628623962402344
2020-01-10,40.885032653808594
2020-01-13,41.642330169677734
2020-01-14,42.2877311706543
2020-01-15,43.225746154785156
2020-01-16,43.483909606933594
2020-01-17,43.432281494140625
2020-01-21,44.688697814941406
2020-01-22,45.11896514892578
2020-01-23,46.2533073425293
2020-01-24,45.69260787963867
2020-01-27,46.0549201965332
2020-01-28,46.322322845458984
2020-01-29,46.21880340576172
2020-01-30,45.87376022338867
2020-01-31,45.295806884765625
2020-02-03,45.33893585205078
2020-02-04,44.84724807739258
2020-02-05,46.2274284362793
2020-02-06,46.24468231201172
2020-02-07,47.05553436279297
2020-02-10,47.780128479003906
2020-02-11,48.48747634887695
2020-02-12,47.918155670166016
2020-02-13,47.60759735107422
2020-02-14,48.03891372680664
2020-02-18,47.94403076171875
2020-02-19,48.064788818359375
2020-02-20,48.38396072387695
2020-02-21,47.969905853271484
2020-02-24,47.081417083740234
2020-02-25,45.09740447998047
2020-02-26,44.148529052734375
2020-02-27,42.923622131347656
2020-02-28,41.24152755737305
2020-03-02,42.647579193115234
2020-03-03,43.68272018432617
2020-03-04,45.35618209838867
2020-03-05,43.95012664794922
2020-03-06,42.45779800415039
2020-03-09,37.40290069580078
2020-03-10,39.86134338378906
2020-03-11,35.7639274597168
2020-03-12,30.812538146972656
2020-03-13,30.7694034576416
2020-03-16,24.351566314697266
2020-03-17,22.2122859954834
2020-03-18,19.158634185791016
2020-03-19,20.633703231811523
2020-03-20,21.806861877441406
2020-03-23,18.813587188720703
2020-03-24,22.798860549926758
2020-03-25,26.214805603027344
2020-03-26,27.64674186706543
2020-03-27,26.068161010742188
2020-03-30,26.249313354492188
2020-03-31,24.946762084960938
2020-04-01,22.42793846130371
2020-04-02,21.76372718811035
2020-04-03,21.565319061279297
2020-04-06,25.326311111450195
2020-04-07,25.265928268432617
2020-04-08,28.121183395385742
2020-04-09,29.13906478881836
2020-04-13,27.08604621887207
2020-04-14,28.060802459716797
2020-04-15,25.93876838684082
2020-04-16,26.827260971069336
2020-04-17,28.250577926635742
2020-04-20,26.21999168395996
2020-04-21,26.497089385986328
2020-04-22,27.0599365234375
2020-04-23,27.163843154907227
2020-04-24,28.315519332885742
2020-04-27,29.92612648010254
2020-04-28,32.53253173828125
2020-04-29,34.93979263305664
2020-04-30,33.03477096557617
2020-05-01,32.575828552246094
2020-05-04,32.671085357666016
2020-05-05,33.49370574951172
2020-05-06,33.30320739746094
2020-05-07,33.25125503540039
2020-05-08,35.251522064208984
2020-05-11,34.532806396484375
2020-05-12,33.18197250366211
2020-05-13,31.995677947998047
2020-05-14,31.883106231689453
2020-05-15,33.18197250366211
2020-05-18,37.243133544921875
2020-05-19,38.19563293457031
2020-05-20,37.37301254272461
2020-05-21,38.412113189697266
2020-05-22,39.000938415527344
2020-05-26,39.944793701171875
2020-05-27,41.979705810546875
2020-05-28,38.65457534790039
2020-05-29,38.862403869628906
2020-06-01,38.619937896728516
2020-06-02,38.74116134643555
2020-06-03,41.16575241088867
2020-06-04,39.81490707397461
2020-06-05,41.39087677001953
2020-06-08,40.810707092285156
2020-06-09,40.810707092285156
2020-06-10,40.95792007446289
2020-06-11,37.364356994628906
2020-06-12,38.92300796508789
2020-06-15,41.468814849853516
2020-06-16,41.806514739990234
2020-06-17,41.46015548706055
2020-06-18,40.187252044677734
2020-06-19,39.07021713256836
2020-06-22,39.858211517333984
2020-06-23,39.8928337097168
2020-06-24,38.0311164855957
2020-06-25,38.53334426879883
2020-06-26,38.091732025146484
2020-06-29,39.39927291870117
2020-06-30,39.9101676940918
2020-07-01,38.71519470214844
2020-07-02,38.89703369140625
2020-07-06,40.26518249511719
2020-07-07,40.568267822265625
2020-07-08,42.759033203125
2020-07-09,41.148677825927734
2020-07-10,42.43348693847656
2020-07-13,40.775390625
2020-07-14,43.17138671875
2020-07-15,44.369388580322266
2020-07-16,45.44584274291992
2020-07-17,45.16805648803711
2020-07-20,44.64719009399414
2020-07-21,44.369388580322266
2020-07-22,46.140342712402344
2020-07-23,45.37639617919922
2020-07-24,45.332984924316406
2020-07-27,47.43383026123047
2020-07-28,45.46320724487305
2020-07-29,47.14735412597656
2020-07-30,46.7740592956543
2020-07-31,46.765377044677734
2020-08-03,47.82448196411133
2020-08-04,47.23416519165039
2020-08-05,48.11963653564453
2020-08-06,48.258541107177734
2020-08-07,48.006797790527344
2020-08-10,49.76905822753906
2020-08-11,48.970401763916016
2020-08-12,49.6041259765625
2020-08-13,50.116310119628906
2020-08-14,50.090267181396484
2020-08-17,52.27791976928711
2020-08-18,52.32132339477539
2020-08-19,52.26923751831055
2020-08-20,52.52967071533203
2020-08-21,54.63050842285156
2020-08-24,54.38743209838867
2020-08-25,53.89261245727539
2020-08-26,52.94636917114258
2020-08-27,52.0088005065918
2020-08-28,52.017486572265625
2020-08-31,51.479248046875
2020-09-01,53.58877182006836
2020-09-02,53.76240158081055
2020-09-03,51.939353942871094
2020-09-04,50.741355895996094
2020-09-08,50.60245132446289
2020-09-09,52.04352569580078
2020-09-10,51.939353942871094
2020-09-11,53.736358642578125
2020-09-14,54.430843353271484
2020-09-15,52.31264114379883
2020-09-16,54.64786911010742
2020-09-17,54.074913024902344
2020-09-18,54.821495056152344
2020-09-21,52.859561920166016
2020-09-22,55.48994827270508
2020-09-23,52.425498962402344
2020-09-24,53.36306381225586
2020-09-25,52.989776611328125
2020-09-28,55.238182067871094
2020-09-29,54.63918685913086
2020-09-30,57.00047302246094
2020-10-01,57.80781936645508
2020-10-02,58.710655212402344
2020-10-05,58.22450637817383
2020-10-06,56.4969596862793
2020-10-07,56.40147399902344
2020-10-08,59.188106536865234
2020-10-09,59.283607482910156
2020-10-12,59.075260162353516
2020-10-13,58.250545501708984
2020-10-14,58.55438995361328
2020-10-15,59.87883377075195
2020-10-16,59.782981872558594
2020-10-19,58.13615417480469
2020-10-20,58.92034912109375
2020-10-21,56.64615249633789
2020-10-22,54.197669982910156
2020-10-23,55.26941680908203
2020-10-26,52.847076416015625
2020-10-27,51.191532135009766
2020-10-28,50.93012237548828
2020-10-29,50.13719940185547
2020-10-30,49.570823669433594
2020-11-02,51.38322067260742
2020-11-03,52.646671295166016
2020-11-04,55.6789436340332
2020-11-05,55.21714401245117
2020-11-06,53.16949462890625
2020-11-09,49.53596496582031
2020-11-10,53.09105682373047
2020-11-11,53.796852111816406
2020-11-12,52.11515808105469
2020-11-13,53.50059127807617
2020-11-16,53.58772659301758
2020-11-17,53.32632064819336
2020-11-18,53.45702362060547
2020-11-19,53.44831466674805
2020-11-20,53.02135467529297
2020-11-23,54.77275466918945
2020-11-24,53.378604888916016
2020-11-25,53.65742874145508
2020-11-27,53.9362678527832
2020-11-30,52.890655517578125
2020-12-01,51.078250885009766
2020-12-02,49.71023178100586
2020-12-03,52.56824493408203
2020-12-04,51.696903228759766
2020-12-07,52.995208740234375
2020-12-08,50.668724060058594
2020-12-09,50.63386154174805
2020-12-10,50.5031623840332
2020-12-11,50.886558532714844
2020-12-14,52.00187301635742
2020-12-15,51.57491683959961
2020-12-16,51.9495964050293
2020-12-17,55.8880729675293
2020-12-18,56.40217208862305
2020-12-21,55.57439041137695
2020-12-22,56.17562484741211
2020-12-23,54.93830871582031
2020-12-24,56.14076614379883
2020-12-28,54.72047424316406
2020-12-29,54.38064956665039
2020-12-30,54.30223083496094
2020-12-31,53.32632064819336
2021-01-04,52.06287384033203
2021-01-05,51.531341552734375
2021-01-06,51.29608154296875
2021-01-07,53.18690872192383
2021-01-08,51.540061950683594
2021-01-11,53.03877639770508
2021-01-12,53.78813171386719
2021-01-13,53.561588287353516
2021-01-14,52.70766830444336
2021-01-15,53.86656188964844
2021-01-19,54.947021484375
2021-01-20,58.275569915771484
2021-01-21,58.580528259277344
2021-01-22,59.38217544555664
2021-01-25,60.6717643737793
2021-01-26,60.244808197021484
2021-01-27,59.28632736206055
2021-01-28,59.365028381347656
2021-01-29,58.54296112060547
2021-02-01,59.46998596191406
2021-02-02,60.1084098815918
2021-02-03,60.09965896606445
2021-02-04,61.14912796020508
2021-02-05,63.8165283203125
2021-02-08,66.77255249023438
2021-02-09,65.54814910888672
2021-02-10,65.89800262451172
2021-02-11,66.74630737304688
2021-02-12,65.38199615478516
2021-02-16,63.04692459106445
2021-02-17,62.66212844848633
2021-02-18,61.848777770996094
2021-02-19,62.74958038330078
2021-02-22,60.300804138183594
2021-02-23,60.23959732055664
2021-02-24,60.53692626953125
2021-02-25,56.7238655090332
2021-02-26,57.86079025268555
2021-03-01,58.04444885253906
2021-03-02,59.111412048339844
2021-03-03,56.43526077270508
2021-03-04,56.234107971191406
2021-03-05,60.1084098815918
2021-03-08,61.498966217041016
2021-03-09,62.60090637207031
2021-03-10,64.51618957519531
2021-03-11,64.38499450683594
2021-03-12,62.137386322021484
2021-03-15,63.869014739990234
2021-03-16,63.073150634765625
2021-03-17,71.42517852783203
2021-03-18,67.131103515625
2021-03-19,67.21855926513672
2021-03-22,68.44293212890625
2021-03-23,67.39347076416016
2021-03-24,66.8600082397461
2021-03-25,70.46320343017578
2021-03-26,72.51840209960938
2021-03-29,70.38446044921875
2021-03-30,72.52714538574219
2021-03-31,72.01114654541016
2021-04-01,73.28800964355469
2021-04-05,74.02262115478516
2021-04-06,73.90895080566406
2021-04-07,72.91194915771484
2021-04-08,72.26476287841797
2021-04-09,74.72228240966797
2021-04-12,74.40744018554688
2021-04-13,73.55035400390625
2021-04-14,72.9819107055664
2021-04-15,72.78948211669922
2021-04-16,74.60858917236328
2021-04-19,72.93817138671875
2021-04-20,70.50836944580078
2021-04-21,70.79784393310547
2021-04-22,70.04346466064453
2021-04-23,70.70135498046875
2021-04-26,71.78030395507812
2021-04-27,71.48204803466797
2021-04-28,71.166259765625
2021-04-29,72.21012115478516
2021-04-30,70.675048828125
2021-05-03,72.63117980957031
2021-05-04,73.49958801269531
2021-05-05,72.49957275390625
2021-05-06,72.49957275390625
2021-05-07,73.94695281982422
2021-05-10,73.82414245605469
2021-05-11,71.51714324951172
2021-05-12,66.12244415283203
2021-05-13,67.78909301757812
2021-05-14,68.73645782470703
2021-05-17,67.59610748291016
2021-05-18,65.8592758178711
2021-05-19,65.43821716308594
2021-05-20,66.40311431884766
2021-05-21,66.27156066894531
2021-05-24,66.98207092285156
2021-05-25,67.57858276367188
2021-05-26,68.46453094482422
2021-05-27,69.0083999633789
2021-05-28,68.69258880615234
2021-06-01,68.420654296875
2021-06-02,66.82418823242188
2021-06-03,65.54350280761719
2021-06-04,66.84172821044922
2021-06-07,65.99960327148438
2021-06-08,67.12242126464844
2021-06-09,65.30664825439453
2021-06-10,64.21015930175781
2021-06-11,65.23646545410156
2021-06-14,64.35928344726562
2021-06-15,65.1048812866211
2021-06-16,64.51717376708984
2021-06-17,66.87682342529297
2021-06-18,69.14871215820312
2021-06-21,70.06102752685547
2021-06-22,70.69258117675781
2021-06-23,69.3066177368164
2021-06-24,68.80663299560547
2021-06-25,68.34172821044922
2021-06-28,69.6838150024414
2021-06-29,70.56977844238281
2021-06-30,71.44695281982422
2021-07-01,73.3475341796875
2021-07-02,72.59961700439453
2021-07-06,71.33259582519531
2021-07-07,73.10995483398438
2021-07-08,70.19751739501953
2021-07-09,70.8574447631836
2021-07-12,70.62866973876953
2021-07-13,68.79850006103516
2021-07-14,68.97447204589844
2021-07-15,69.18565368652344
2021-07-16,68.69290161132812
2021-07-19,68.68411254882812
2021-07-20,70.65507507324219
2021-07-21,72.08927917480469
2021-07-22,71.85171508789062
2021-07-23,74.13062286376953
2021-07-26,72.75802612304688
2021-07-27,73.54110717773438
2021-07-28,72.56441497802734
2021-07-29,76.69110107421875
2021-07-30,75.97837829589844
2021-08-02,76.55033111572266
2021-08-03,77.56219482421875
2021-08-04,76.13676452636719
2021-08-05,75.99600219726562
2021-08-06,75.0017318725586
2021-08-09,75.08971405029297
2021-08-10,76.47112274169922
2021-08-11,78.53009033203125
2021-08-12,77.56219482421875
2021-08-13,78.10772705078125
2021-08-16,78.27490234375
2021-08-17,75.31847381591797
2021-08-18,74.94891357421875
2021-08-19,74.82573699951172
2021-08-20,76.083984375
2021-08-23,75.47686004638672
2021-08-24,77.38622283935547
2021-08-25,77.9493637084961
2021-08-26,76.2951431274414
2021-08-27,77.8349609375
2021-08-30,77.76457214355469
2021-08-31,77.00785064697266
2021-09-01,77.8613510131836
2021-09-02,77.43022155761719
2021-09-03,76.03998565673828
2021-09-07,75.32728576660156
2021-09-08,73.73467254638672
2021-09-09,73.20675659179688
2021-09-10,72.52043151855469
2021-09-13,71.90450286865234
2021-09-14,71.32377624511719
2021-09-15,71.8077392578125
2021-09-16,72.89879608154297
2021-09-17,74.113037109375
2021-09-20,71.90450286865234
2021-09-21,71.29740905761719
2021-09-22,71.45575714111328
2021-09-23,72.11567687988281
2021-09-24,72.13326263427734
2021-09-27,72.81958770751953
2021-09-28,69.98634338378906
2021-09-29,70.23270416259766
2021-09-30,68.27057647705078
2021-10-01,68.12098693847656
2021-10-04,67.0123291015625
2021-10-05,66.83635711669922
2021-10-06,67.97139739990234
2021-10-07,68.47294616699219
2021-10-08,67.997802734375
2021-10-11,67.4610595703125
2021-10-12,68.09458923339844
2021-10-13,68.92436981201172
2021-10-14,71.21949005126953
2021-10-15,70.37207794189453
2021-10-18,72.35824584960938
2021-10-19,72.1816635131836
2021-10-20,73.744140625
2021-10-21,73.42636108398438
2021-10-22,72.79959106445312
2021-10-25,72.74663543701172
2021-10-26,72.39354705810547
2021-10-27,71.8991928100586
2021-10-28,72.73780059814453
2021-10-29,72.45532989501953
2021-11-01,73.22330474853516
2021-11-02,72.30525207519531
2021-11-03,73.76178741455078
2021-11-04,73.47930908203125
2021-11-05,75.49195098876953
2021-11-08,75.6067123413086
2021-11-09,77.94598388671875
2021-11-10,76.20697784423828
2021-11-11,77.17799377441406
2021-11-12,78.5020980834961
2021-11-15,77.34571838378906
2021-11-16,78.37850189208984
2021-11-17,79.8791732788086
2021-11-18,80.25875091552734
2021-11-19,80.70011901855469
2021-11-22,79.67613220214844
2021-11-23,79.79973602294922
2021-11-24,79.01410675048828
2021-11-26,77.0279312133789
2021-11-29,77.35453796386719
2021-11-30,75.72146606445312
2021-12-01,78.39617919921875
2021-12-02,81.6093521118164
2021-12-03,80.88549041748047
2021-12-06,82.88932800292969
2021-12-07,82.85399627685547
2021-12-08,83.55137634277344
2021-12-09,83.47193908691406
2021-12-10,83.01289367675781
2021-12-13,80.9207992553711
2021-12-14,79.82621002197266
2021-12-15,82.006591796875
2021-12-16,78.53742980957031
2021-12-17,76.5865478515625
2021-12-20,76.60419464111328
2021-12-21,78.67864227294922
2021-12-22,81.35334014892578
2021-12-23,81.09735107421875
2021-12-27,82.19195556640625
2021-12-28,82.94226837158203
2021-12-29,84.21341705322266
2021-12-30,83.27772521972656
2021-12-31,84.4076156616211
2022-01-03,81.41513061523438
2022-01-04,82.23609924316406
2022-01-05,80.7442626953125
2022-01-06,78.92581176757812
2022-01-07,75.1830062866211
2022-01-10,76.19815063476562
2022-01-11,78.749267578125
2022-01-12,78.96995544433594
2022-01-13,79.72027587890625
2022-01-14,79.17298889160156
2022-01-18,74.21197509765625
2022-01-19,71.09590148925781
2022-01-20,70.26612854003906
2022-01-21,70.48680877685547
2022-01-24,73.50578308105469
2022-01-25,72.07575225830078
2022-01-26,69.21578979492188
2022-01-27,68.453125
2022-01-28,69.4906997680664
2022-01-31,71.59243774414062
2022-02-01,70.96280670166016
2022-02-02,72.39056396484375
2022-02-03,70.44844055175781
2022-02-04,67.4155502319336
2022-02-07,68.92314147949219
2022-02-08,70.24449157714844
2022-02-09,72.04470825195312
2022-02-10,68.05404663085938
2022-02-11,68.02743530273438
2022-02-14,67.39781188964844
2022-02-15,68.29349517822266
2022-02-16,68.54180908203125
2022-02-17,66.75043487548828
2022-02-18,67.39781188964844
2022-02-22,64.45359802246094
2022-02-23,62.14787673950195
2022-02-24,65.57984161376953
2022-02-25,67.51309967041016
2022-02-28,66.95440673828125
2022-03-01,66.74156951904297
2022-03-02,68.16934967041016
2022-03-03,66.51099395751953
2022-03-04,66.17401885986328
2022-03-07,61.766544342041016
2022-03-08,61.97938919067383
2022-03-09,64.80831909179688
2022-03-10,64.80831909179688
2022-03-11,63.9658203125
2022-03-14,61.56257629394531
2022-03-15,63.94809341430664
2022-03-16,65.88135528564453
2022-03-17,66.23609161376953
2022-03-18,68.03631591796875
2022-03-21,65.26945495605469
2022-03-22,65.50003051757812
2022-03-23,63.034698486328125
2022-03-24,62.40504455566406
2022-03-25,61.89070129394531
2022-03-28,61.6512565612793
2022-03-29,64.03678131103516
2022-03-30,62.65336990356445
2022-03-31,60.613685607910156
2022-04-01,61.69561004638672
2022-04-04,61.926170349121094
2022-04-05,59.389888763427734
2022-04-06,57.43889617919922
2022-04-07,56.6230354309082
2022-04-08,57.52758026123047
2022-04-11,58.19268798828125
2022-04-12,58.00645446777344
2022-04-13,59.15045166015625
2022-04-14,57.99759292602539
2022-04-18,57.4477653503418
2022-04-19,60.09047317504883
2022-04-20,60.321041107177734
2022-04-21,59.52290725708008
2022-04-22,58.183815002441406
2022-04-25,60.382381439208984
2022-04-26,58.67884063720703
2022-04-27,57.61745834350586
2022-04-28,59.99885559082031
2022-04-29,58.152610778808594
2022-05-02,59.19614791870117
2022-05-03,59.98994064331055
2022-05-04,62.924320220947266
2022-05-05,59.222904205322266
2022-05-06,58.86613845825195
2022-05-09,58.152610778808594
2022-05-10,57.180423736572266
2022-05-11,53.77332305908203
2022-05-12,56.0744514465332
2022-05-13,57.52827072143555
2022-05-16,56.743385314941406
2022-05-17,58.38449478149414
2022-05-18,55.08443069458008
2022-05-19,55.378761291503906
2022-05-20,56.23500061035156
2022-05-23,56.03877639770508
2022-05-24,54.35305404663086
2022-05-25,56.770137786865234
2022-05-26,58.794776916503906
2022-05-27,60.58751678466797
2022-05-31,59.90966796875
2022-06-01,59.48155212402344
2022-06-02,60.03453826904297
2022-06-03,59.936431884765625
2022-06-06,60.54292297363281
2022-06-07,60.632118225097656
2022-06-08,59.044517517089844
2022-06-09,58.59856414794922
2022-06-10,55.673091888427734
2022-06-13,52.025177001953125
2022-06-14,51.65949249267578
2022-06-15,51.90031051635742
2022-06-16,48.22562789916992
2022-06-17,47.97589874267578
2022-06-21,49.224578857421875
2022-06-22,50.64271545410156
2022-06-23,52.68518829345703
2022-06-24,53.47006607055664
2022-06-27,53.43439483642578
2022-06-28,51.90031051635742
2022-06-29,51.80220031738281
2022-06-30,52.36410140991211
2022-07-01,55.38767623901367
2022-07-05,57.05555725097656
2022-07-06,56.72808074951172
2022-07-07,57.50862503051758
2022-07-08,57.66114807128906
2022-07-11,57.50862503051758
2022-07-12,56.6473388671875
2022-07-13,57.149749755859375
2022-07-14,56.45893478393555
2022-07-15,56.584537506103516
2022-07-18,55.543819427490234
2022-07-19,57.060035705566406
2022-07-20,56.8806037902832
2022-07-21,59.024845123291016
2022-07-22,59.823326110839844
2022-07-25,58.585227966308594
2022-07-26,58.34299087524414
2022-07-27,59.93996047973633
2022-07-28,61.10627746582031
2022-07-29,60.89992904663086
2022-08-01,61.07038879394531
2022-08-02,58.36989974975586
2022-08-03,58.863346099853516
2022-08-04,60.657691955566406
2022-08-05,59.84126663208008
2022-08-08,61.08832931518555
2022-08-09,59.42857360839844
2022-08-10,61.59074783325195
2022-08-11,61.850929260253906
2022-08-12,62.42512512207031
2022-08-15,62.676334381103516
2022-08-16,62.8647346496582
2022-08-17,61.46514129638672
2022-08-18,61.68046569824219
2022-08-19,60.21807861328125
2022-08-22,58.93511962890625
2022-08-23,58.77363204956055
2022-08-24,59.823326110839844
2022-08-25,60.59489059448242
2022-08-26,57.374053955078125
2022-08-29,56.737056732177734
2022-08-30,56.06418228149414
2022-08-31,55.33747100830078
2022-09-01,54.924774169921875
2022-09-02,55.23877716064453
2022-09-06,54.305728912353516
2022-09-07,55.525882720947266
2022-09-08,55.80400085449219
2022-09-09,56.755008697509766
2022-09-12,57.338165283203125
2022-09-13,53.0137939453125
2022-09-14,52.31401443481445
2022-09-15,52.40372085571289
2022-09-16,53.89303207397461
2022-09-19,54.96065902709961
2022-09-20,53.92891311645508
2022-09-21,53.26500701904297
2022-09-22,54.70048141479492
2022-09-23,54.2608757019043
2022-09-26,52.30503463745117
2022-09-27,52.12560272216797
2022-09-28,54.987579345703125
2022-09-29,53.83022689819336
2022-09-30,53.39060974121094
2022-10-03,55.71428680419922
2022-10-04,57.84058380126953
2022-10-05,57.176666259765625
2022-10-06,57.391998291015625
2022-10-07,55.87577438354492
2022-10-10,56.18081283569336
2022-10-11,56.27052688598633
2022-10-12,55.48078918457031
2022-10-13,55.03852081298828
2022-10-14,53.323646545410156
2022-10-17,53.982521057128906
2022-10-18,55.65226745605469
2022-10-19,52.890419006347656
2022-10-20,52.276676177978516
2022-10-21,53.17021179199219
2022-10-24,53.97349548339844
2022-10-25,57.26785659790039
2022-10-26,57.285911560058594
2022-10-27,57.7552490234375
2022-10-28,59.93043518066406
2022-10-31,58.86540222167969
2022-11-01,60.08387756347656
2022-11-02,58.603660583496094
2022-11-03,57.881614685058594
2022-11-04,58.6487922668457
2022-11-07,58.26068878173828
2022-11-08,57.21371078491211
2022-11-09,57.50252914428711
2022-11-10,65.12921905517578
2022-11-11,65.05702209472656
2022-11-14,63.423370361328125
2022-11-15,64.77722930908203
2022-11-16,64.1815185546875
2022-11-17,63.026248931884766
2022-11-18,62.908912658691406
2022-11-21,61.91607666015625
2022-11-22,63.09844207763672
2022-11-23,64.23567962646484
2022-11-25,64.31690979003906
2022-11-28,63.44141387939453
2022-11-29,64.2176284790039
2022-11-30,65.53536987304688
2022-12-01,66.28451538085938
2022-12-02,65.69784545898438
2022-12-05,65.04798889160156
2022-12-06,64.10028839111328
2022-12-07,66.58235168457031
2022-12-08,66.43793487548828
2022-12-09,65.51731872558594
2022-12-12,66.2123031616211
2022-12-13,66.78993225097656
2022-12-14,67.05168151855469
2022-12-15,70.1655502319336
2022-12-16,68.80266571044922
2022-12-19,67.06070709228516
2022-12-20,66.28451538085938
2022-12-21,67.50296020507812
2022-12-22,68.03549194335938
2022-12-23,67.78276824951172
2022-12-27,67.71958923339844
2022-12-28,65.76102447509766
2022-12-29,67.57518005371094
2022-12-30,67.49395751953125
2023-01-03,68.71241760253906
2023-01-04,70.1655502319336
2023-01-05,70.14749145507812
2023-01-06,71.48330688476562
2023-01-09,70.84246063232422
2023-01-10,71.59159851074219
2023-01-11,73.82093048095703
2023-01-12,74.07366180419922
2023-01-13,73.79386138916016
2023-01-17,73.82093048095703
2023-01-18,73.00863647460938
2023-01-19,71.60063171386719
2023-01-20,72.74687957763672
2023-01-23,73.3786849975586
2023-01-24,74.5971450805664
2023-01-25,74.5881118774414
2023-01-26,75.83480834960938
2023-01-27,76.6689453125
2023-01-30,75.98893737792969
2023-01-31,78.30097961425781
2023-02-01,79.42526245117188
2023-02-02,81.011962890625
2023-02-03,78.97193145751953
2023-02-06,77.7479019165039
2023-02-07,78.34632873535156
2023-02-08,76.57829284667969
2023-02-09,76.55108642578125
2023-02-10,77.72975158691406
2023-02-13,79.58846282958984
2023-02-14,79.3255386352539
2023-02-15,79.08979034423828
2023-02-16,77.72071075439453
2023-02-17,76.06148529052734
2023-02-21,73.74944305419922
2023-02-22,74.29344940185547
2023-02-23,74.63800811767578
2023-02-24,73.54996490478516
2023-02-27,73.62250518798828
2023-02-28,74.03958892822266
2023-03-01,72.90621948242188
2023-03-02,73.17822265625
2023-03-03,74.71052551269531
2023-03-06,74.11211395263672
2023-03-07,74.11211395263672
2023-03-08,75.55374908447266
2023-03-09,75.11852264404297
2023-03-10,74.12117004394531
2023-03-13,74.955322265625
2023-03-14,76.6054916381836
2023-03-15,75.78948211669922
2023-03-16,79.37086486816406
2023-03-17,79.00819396972656
2023-03-20,77.95643615722656
2023-03-21,78.89031982421875
2023-03-22,78.59114074707031
2023-03-23,79.17139434814453
2023-03-24,79.31646728515625
2023-03-27,78.40071868896484
2023-03-28,77.99270629882812
2023-03-29,79.3617935180664
2023-03-30,79.1351318359375
2023-03-31,80.97570037841797
2023-04-03,80.86689758300781
2023-04-04,79.84234619140625
2023-04-05,79.9964828491211
2023-04-06,78.61832427978516
2023-04-10,79.02632141113281
2023-04-11,81.90956115722656
2023-04-12,81.7373046875
2023-04-13,81.57408905029297
2023-04-14,82.28131103515625
2023-04-17,82.9522705078125
2023-04-18,85.6541519165039
2023-04-19,85.55441284179688
2023-04-20,87.80301666259766
2023-04-21,87.3315200805664
2023-04-24,87.87553405761719
2023-04-25,87.2065200805664
2023-04-26,86.00505828857422
2023-04-27,88.46261596679688
2023-04-28,89.03604125976562
2023-05-01,89.35462188720703
2023-05-02,90.54698181152344
2023-05-03,91.89407348632812
2023-05-04,89.78241729736328
2023-05-05,90.70171356201172
2023-05-08,91.50269317626953
2023-05-09,91.22962188720703
2023-05-10,91.16593170166016
2023-05-11,91.083984375
2023-05-12,90.70171356201172
2023-05-15,91.02027893066406
2023-05-16,91.13860321044922
2023-05-17,91.80307006835938
2023-05-18,92.84068298339844
2023-05-19,91.18412780761719
2023-05-22,88.69927215576172
2023-05-23,85.86853790283203
2023-05-24,86.17800903320312
2023-05-25,86.85154724121094
2023-05-26,86.2599105834961
2023-05-30,87.16102600097656
2023-05-31,86.0596694946289
2023-06-01,86.57849884033203
2023-06-02,90.2284164428711
2023-06-05,90.1738052368164
2023-06-06,93.18656158447266
2023-06-07,92.1944580078125
2023-06-08,90.84735107421875
2023-06-09,91.34796142578125
2023-06-12,92.32186889648438
2023-06-13,92.33097076416016
2023-06-14,90.52877807617188
2023-06-15,94.90685272216797
2023-06-16,96.22663116455078
2023-06-20,97.17325592041016
2023-06-21,97.57374572753906
2023-06-22,98.11986541748047
2023-06-23,99.58529663085938
2023-06-26,98.29281616210938
2023-06-27,102.45243835449219
2023-06-28,101.88809967041016
2023-06-29,102.02462005615234
2023-06-30,102.834716796875
2023-07-03,104.49128723144531
2023-07-05,102.80741882324219
2023-07-06,99.6978530883789
2023-07-07,98.63848876953125
2023-07-10,100.86678314208984
2023-07-11,103.20466613769531
2023-07-12,106.08136749267578
2023-07-13,108.40098571777344
2023-07-14,110.41922760009766
2023-07-17,107.83477020263672
2023-07-18,107.66126251220703
2023-07-19,107.3690185546875
2023-07-20,103.83480072021484
2023-07-21,104.72977447509766
2023-07-24,105.7251968383789
2023-07-25,106.05396270751953
2023-07-26,105.55168151855469
2023-07-27,103.94438934326172
2023-07-28,105.86217498779297
2023-07-31,104.93981170654297
2023-08-01,105.64301300048828
2023-08-02,103.95352172851562
2023-08-03,101.82568359375
2023-08-04,104.51058959960938
2023-08-07,105.31424713134766
2023-08-08,104.94896697998047
2023-08-09,103.68868255615234
2023-08-10,102.29142761230469
2023-08-11,101.90787506103516
2023-08-14,102.96722412109375
2023-08-15,104.97634887695312
2023-08-16,101.99006652832031
2023-08-17,97.06773376464844
2023-08-18,97.30517578125
2023-08-21,95.95358276367188
2023-08-22,96.42845916748047
2023-08-23,96.3736801147461
2023-08-24,95.38738250732422
2023-08-25,94.13624572753906
2023-08-28,94.26410675048828
2023-08-29,96.46500396728516
2023-08-30,97.93531036376953
2023-08-31,97.40562438964844
2023-09-01,98.64762878417969
2023-09-05,93.70703125
2023-09-06,96.3188705444336
2023-09-07,97.08598327636719
2023-09-08,97.32344055175781
2023-09-11,97.91703033447266
2023-09-12,95.36910247802734
2023-09-13,95.1042709350586
2023-09-14,96.52892303466797
2023-09-15,93.17735290527344
2023-09-18,95.83486938476562
2023-09-19,96.08145141601562
2023-09-20,95.89878845214844
2023-09-21,93.38739013671875
2023-09-22,93.8988037109375
2023-09-25,93.93533325195312
2023-09-26,92.88512420654297
2023-09-27,92.85771942138672
2023-09-28,95.20474243164062
2023-09-29,93.3599853515625
2023-10-02,92.80290985107422
2023-10-03,90.9216537475586
2023-10-04,91.78923034667969
2023-10-05,91.45133209228516
2023-10-06,92.675048828125
2023-10-09,94.87596893310547
2023-10-10,96.35541534423828
2023-10-11,96.78158569335938
2023-10-12,92.50155639648438
2023-10-13,93.23475646972656
2023-10-16,93.5830307006836
2023-10-17,94.0595932006836
2023-10-18,91.93333435058594
2023-10-19,89.50463104248047
2023-10-20,88.01991271972656
2023-10-23,89.10137939453125
2023-10-24,88.72561645507812
2023-10-25,86.90180206298828
2023-10-26,87.58916473388672
2023-10-27,87.17675018310547
2023-10-30,88.27652740478516
2023-10-31,90.37529754638672
2023-11-01,93.92212677001953
2023-11-02,98.21131134033203
2023-11-03,101.25406646728516
2023-11-06,100.24591827392578
2023-11-07,102.24385833740234
2023-11-08,102.0605697631836
2023-11-09,101.36402893066406
2023-11-10,103.40780639648438
2023-11-13,103.47197723388672
2023-11-14,108.17356872558594
2023-11-15,106.62471008300781
2023-11-16,107.67866516113281
2023-11-17,108.45768737792969
2023-11-20,108.33853149414062
2023-11-21,106.71635437011719
2023-11-22,107.15625762939453
2023-11-24,106.97297668457031
2023-11-27,105.83651733398438
2023-11-28,104.9383544921875
2023-11-29,105.84568786621094
2023-11-30,105.15830993652344
2023-12-01,110.35482788085938
2023-12-04,109.924072265625
2023-12-05,110.8497314453125
2023-12-06,113.42508697509766
2023-12-07,115.06558990478516
2023-12-08,119.82218170166016
2023-12-11,118.4841079711914
2023-12-12,118.70406341552734
2023-12-13,121.45354461669922
2023-12-14,128.11642456054688
2023-12-15,123.97389221191406
2023-12-18,122.39754486083984
2023-12-19,122.96576690673828
2023-12-20,120.90364837646484
2023-12-21,121.78347778320312
2023-12-22,121.22442626953125
2023-12-26,122.00343322753906
2023-12-27,123.47900390625
2023-12-28,123.03907775878906
2023-12-29,122.85578155517578
2024-01-02,121.81096649169922
2024-01-03,121.26109313964844
2024-01-04,121.17858123779297
2024-01-05,122.24172973632812
2024-01-08,123.64395141601562
2024-01-09,122.99325561523438
2024-01-10,127.74067687988281
2024-01-11,129.5644989013672
2024-01-12,127.65821075439453
2024-01-16,127.08081817626953
2024-01-17,125.2661361694336
2024-01-18,126.25596618652344
2024-01-19,128.0339813232422
2024-01-22,130.67343139648438
2024-01-23,123.66522216796875
2024-01-24,122.19366455078125
2024-01-25,125.54144287109375
2024-01-26,125.09077453613281
2024-01-29,126.56232452392578
2024-01-30,128.12583923339844
2024-01-31,127.61077117919922
2024-02-01,130.79299926757812
2024-02-02,131.2804718017578
2024-02-05,130.78379821777344
2024-02-06,129.70773315429688
2024-02-07,130.61827087402344
2024-02-08,130.79299926757812
2024-02-09,131.62998962402344
2024-02-12,135.36399841308594
2024-02-13,129.91006469726562
2024-02-14,131.9610595703125
2024-02-15,132.30136108398438
2024-02-16,128.92596435546875
2024-02-20,129.35824584960938
2024-02-21,130.2411651611328
2024-02-22,131.2988739013672
2024-02-23,132.54966735839844
2024-02-26,132.1909942626953
2024-02-27,130.4527130126953
2024-02-28,131.89669799804688
2024-02-29,135.5387725830078
2024-03-01,137.884033203125
2024-03-04,136.65162658691406
2024-03-05,134.87657165527344
2024-03-06,135.9710235595703
2024-03-07,138.76698303222656
2024-03-08,137.79208374023438
2024-03-11,137.01031494140625
2024-03-12,138.02198791503906
2024-03-13,138.31629943847656
2024-03-14,128.02467346191406
2024-03-15,129.5513916015625
2024-03-18,129.76292419433594
2024-03-19,132.18179321289062
2024-03-20,135.5387725830078
2024-03-21,136.64244079589844
2024-03-22,136.6975860595703
2024-03-25,137.23101806640625
2024-03-26,137.30459594726562
2024-03-27,139.19923400878906
2024-03-28,141.8020477294922
2024-04-01,139.40158081054688
2024-04-02,134.54544067382812
2024-04-03,136.9091339111328
2024-04-04,135.6675262451172
2024-04-05,138.12315368652344
2024-04-08,138.07717895507812
2024-04-09,138.5646209716797
2024-04-10,130.885009765625
2024-04-11,132.84400939941406
2024-04-12,132.8623809814453
2024-04-15,130.09400939941406
2024-04-16,127.6659927368164
2024-04-17,127.1325454711914
2024-04-18,128.02467346191406
2024-04-19,126.05646514892578
2024-04-22,128.2729949951172
2024-04-23,131.96511840820312
2024-04-24,130.7836151123047
2024-04-25,129.74058532714844
2024-04-26,131.88201904296875
2024-04-29,133.1465606689453
2024-04-30,129.58367919921875
2024-05-01,130.75592041015625
2024-05-02,132.4635467529297
2024-05-03,134.8080291748047
2024-05-06,137.4570770263672
2024-05-07,138.31552124023438
2024-05-08,135.65719604492188
2024-05-09,138.23243713378906
2024-05-10,140.04156494140625
2024-05-13,139.0723876953125
2024-05-14,139.4508514404297
2024-05-15,146.65968322753906
2024-05-16,141.33380126953125
2024-05-17,142.34913635253906
2024-05-20,140.2538604736328
2024-05-21,138.51856994628906
2024-05-22,132.98040771484375
2024-05-23,131.89125061035156
2024-05-24,133.5803985595703
2024-05-28,131.9466552734375
2024-05-29,130.84823608398438
2024-05-30,133.82037353515625
2024-05-31,135.00184631347656
2024-06-03,135.07568359375
2024-06-04,132.64813232421875
2024-06-05,134.03268432617188
2024-06-06,132.0389404296875
2024-06-07,129.87904357910156
2024-06-10,131.06973266601562
2024-06-11,128.328369140625
2024-06-12,131.71591186523438
2024-06-13,132.07586669921875
2024-06-14,131.61434936523438
2024-06-17,131.99281311035156
2024-06-18,126.92536163330078
2024-06-20,126.44538879394531
2024-06-21,128.5591278076172
2024-06-24,128.85450744628906
2024-06-25,127.41458892822266
2024-06-26,127.26689910888672
2024-06-27,127.90377807617188
2024-06-28,128.69760131835938
2024-07-01,125.69773864746094
2024-07-02,123.639404296875
2024-07-03,123.67631530761719
2024-07-05,123.57440185546875
2024-07-08,124.13029479980469
2024-07-09,124.67692565917969
2024-07-10,127.48416137695312
2024-07-11,136.26722717285156
2024-07-12,138.87063598632812
2024-07-15,138.4073944091797
2024-07-16,147.96871948242188
2024-07-17,144.75381469726562
2024-07-18,147.07005310058594
2024-07-19,146.85694885253906
2024-07-22,148.65431213378906
2024-07-23,149.07122802734375
2024-07-24,145.6525115966797
2024-07-25,147.8946075439453
2024-07-26,152.91615295410156
2024-07-29,154.0093994140625
2024-07-30,155.90869140625
2024-07-31,152.832763671875
2024-08-01,151.25775146484375
2024-08-02,150.1366729736328
2024-08-05,146.94033813476562
2024-08-06,147.9779815673828
2024-08-07,143.4011688232422
2024-08-08,145.77297973632812
2024-08-09,145.7822265625
2024-08-12,144.4758758544922
2024-08-13,146.67164611816406
2024-08-14,145.2633819580078
2024-08-15,146.6438446044922
2024-08-16,147.8760528564453
2024-08-19,150.89642333984375
2024-08-20,149.96994018554688
2024-08-21,153.8333740234375
2024-08-22,153.2496795654297
2024-08-23,159.1513671875
2024-08-26,157.3169403076172
2024-08-27,155.9272003173828
2024-08-28,154.80618286132812
2024-08-29,154.7228240966797
2024-08-30,156.41824340820312
2024-09-03,152.4250946044922
2024-09-04,152.46214294433594
2024-09-05,151.6375732421875
2024-09-06,152.7308349609375
2024-09-09,152.90687561035156
2024-09-10,153.3330535888672
2024-09-11,151.57273864746094
2024-09-12,154.07424926757812
2024-09-13,158.04885864257812
2024-09-16,159.3644561767578
2024-09-17,160.46697998046875
2024-09-18,159.90182495117188
2024-09-19,163.663330078125
2024-09-20,154.65794372558594
2024-09-23,157.900634765625
2024-09-24,157.42813110351562
2024-09-25,155.2971954345703
2024-09-26,155.28793334960938
2024-09-27,159.4849090576172
2024-09-30,160.22608947753906
2024-10-01,160.88392639160156
2024-10-02,160.07786560058594
2024-10-03,159.54049682617188
2024-10-04,155.74191284179688
2024-10-07,155.63075256347656
2024-10-08,154.04647827148438
2024-10-09,154.7805938720703
2024-10-10,152.59678649902344
2024-10-11,152.89414978027344
2024-10-14,155.84925842285156
2024-10-15,158.98092651367188
2024-10-16,162.4285430908203
2024-10-17,160.1425018310547
2024-10-18,163.50650024414062
2024-10-21,156.3975372314453
2024-10-22,150.5244903564453
2024-10-23,150.5895538330078
2024-10-24,152.5688934326172
2024-10-25,150.41299438476562
2024-10-28,152.18789672851562
2024-10-29,148.77745056152344
2024-10-30,150.0041046142578
2024-10-31,148.9818878173828
2024-11-01,148.76812744140625
2024-11-04,151.8347930908203
2024-11-05,155.5332794189453
2024-11-06,146.64010620117188
2024-11-07,150.626708984375
2024-11-08,152.0299072265625
2024-11-11,153.01495361328125
2024-11-12,146.14759826660156
2024-11-13,146.5657501220703
2024-11-14,149.00045776367188
2024-11-15,148.24777221679688
2024-11-18,147.73666381835938
2024-11-19,148.06192016601562
2024-11-20,147.6158447265625
2024-11-21,147.91322326660156
2024-11-22,149.13986206054688
2024-11-25,156.3603515625
2024-11-26,152.04849243164062
2024-11-27,152.7454833984375
2024-11-29,153.1729278564453
2024-12-02,152.0299072265625
2024-12-03,152.7547607421875
2024-12-04,147.40211486816406
2024-12-05,145.28334045410156
2024-12-06,143.93589782714844
2024-12-09,146.74234008789062
2024-12-10,144.07528686523438
2024-12-11,141.1759490966797
2024-12-12,138.73194885253906
2024-12-13,137.19863891601562
2024-12-16,135.08917236328125
2024-12-17,135.1542205810547
2024-12-18,129.4949188232422
2024-12-19,124.35601043701172
2024-12-20,124.10511779785156
2024-12-23,124.34672546386719
2024-12-24,124.68126678466797
2024-12-26,125.01580810546875
2024-12-27,123.84490966796875
2024-12-30,122.70189666748047
2024-12-31,122.80412292480469
2025-01-02,121.25222778320312
2025-01-03,122.56250762939453
2025-01-06,121.65181732177734
2025-01-07,120.36012268066406
2025-01-08,119.43083953857422
2025-01-10,115.53716278076172
2025-01-13,116.6894760131836
2025-01-14,119.73751068115234
2025-01-15,122.90634155273438
2025-01-16,125.29459381103516
2025-01-17,125.93579864501953
2025-01-21,123.24612426757812
2025-01-22,126.28644561767578
2025-01-23,125.36752319335938
2025-01-24,123.51985168457031
2025-01-27,128.19277954101562
2025-01-28,126.3451156616211
2025-01-29,123.2242660522461
2025-01-30,127.05172729492188
2025-01-31,123.44998931884766
2025-02-03,119.7991943359375
2025-02-04,120.89836883544922
2025-02-05,119.68142700195312
2025-02-06,118.53318786621094
2025-02-07,115.52030181884766
2025-02-10,116.16802215576172
2025-02-11,118.28783416748047
2025-02-12,116.34468078613281
2025-02-13,118.04249572753906
2025-02-14,118.05230712890625
2025-02-18,116.29560089111328
2025-02-19,114.7449951171875
2025-02-20,116.29560089111328
2025-02-21,113.93043518066406
2025-02-24,113.54768371582031
2025-02-25,117.66956329345703
2025-02-26,114.95108032226562
2025-02-27,113.47899627685547
2025-02-28,113.54768371582031
2025-03-03,111.7713623046875
2025-03-04,112.49759674072266
2025-03-05,115.37308502197266
2025-03-06,118.86686706542969
2025-03-07,117.62049865722656
2025-03-10,117.12979125976562
2025-03-11,114.08746337890625
2025-03-12,111.25122833251953
2025-03-13,108.41498565673828
2025-03-14,109.71041870117188
2025-03-17,110.8586654663086
2025-03-18,110.35813903808594
2025-03-19,112.20317840576172
2025-03-20,110.99605560302734
2025-03-21,107.19805908203125
2025-03-24,109.64173126220703
2025-03-25,110.13243865966797
2025-03-26,110.06372833251953
2025-03-27,110.06372833251953
2025-03-28,106.3147964477539
2025-03-31,107.04103088378906
2025-04-01,106.35404968261719
2025-04-02,107.62005615234375
2025-04-03,100.49510192871094
2025-04-04,103.41967010498047
2025-04-07,99.65110778808594
2025-04-08,95.99048614501953
2025-04-09,101.90831756591797
2025-04-10,97.03076934814453
2025-04-11,98.45379638671875
2025-04-14,99.02301788330078
2025-04-15,98.39491271972656
2025-04-16,96.50082397460938
2025-04-17,97.77662658691406
2025-04-21,96.61858367919922
2025-04-22,100.22030639648438
2025-04-23,100.60494232177734
2025-04-24,101.94622039794922
2025-04-25,100.01321411132812
2025-04-28,100.77259826660156
2025-04-29,100.20059204101562
2025-04-30,101.94622039794922
2025-05-01,101.22626495361328
2025-05-02,103.00148010253906
2025-05-05,101.679931640625
2025-05-06,99.85541534423828
2025-05-07,101.66020965576172
2025-05-08,102.56754302978516
2025-05-09,101.88703918457031
2025-05-12,105.85166931152344
2025-05-13,106.22643280029297
2025-05-14,102.95215606689453
2025-05-15,105.05282592773438
2025-05-16,107.00555419921875
2025-05-19,105.76290893554688
2025-05-20,103.52417755126953
2025-05-21,99.93431091308594
2025-05-22,99.28339385986328
2025-05-23,99.42147064208984
2025-05-27,102.26180267333984
2025-05-28,99.3228530883789
2025-05-29,100.2696304321289
2025-05-30,99.90472412109375
2025-06-02,98.91850280761719
2025-06-03,100.59507751464844
2025-06-04,104.5794448852539
2025-06-05,103.84962463378906
2025-06-06,102.8732681274414
2025-06-09,104.38218688964844
2025-06-10,107.3704605102539
2025-06-11,105.43745422363281
2025-06-12,106.15739440917969
2025-06-13,102.55767059326172
2025-06-16,103.21845245361328
2025-06-17,99.41161346435547
2025-06-18,97.98158264160156
2025-06-20,99.94416809082031
2025-06-23,104.09618377685547
2025-06-24,105.15144348144531
2025-06-25,102.60697937011719
2025-06-26,102.91271209716797
2025-06-27,103.8693618774414
2025-06-30,103.8003158569336
2025-07-01,108.78076934814453
2025-07-02,108.96814727783203
2025-07-03,104.63874816894531
2025-07-07,103.06351470947266
2025-07-08,104.07404327392578
2025-07-09,109.45359802246094
2025-07-10,109.76071166992188
2025-07-11,107.75947570800781
2025-07-14,106.38238525390625
2025-07-15,101.62699127197266
2025-07-16,103.88580322265625
2025-07-17,103.95515441894531
2025-07-18,103.68766784667969
2025-07-21,102.9050064086914
2025-07-22,112.34646606445312
2025-07-23,111.62323760986328
2025-07-24,107.779296875
2025-07-25,109.80034637451172
2025-07-28,110.7117919921875
2025-07-29,110.0381088256836
2025-07-30,106.29322814941406
2025-07-31,106.18424987792969
2025-08-01,110.40467834472656
2025-08-04,112.26720428466797
2025-08-05,114.06038665771484
2025-08-06,112.72293090820312
2025-08-07,113.35698699951172
2025-08-08,114.7737045288086
2025-08-11,114.5656509399414
2025-08-12,118.07276916503906
2025-08-13,124.59163665771484
2025-08-14,122.17430877685547
2025-08-15,124.32414245605469
2025-08-18,124.65107727050781
2025-08-19,127.18730163574219
2025-08-20,123.21454620361328
2025-08-21,121.8572769165039
2025-08-22,128.6931610107422
2025-08-25,127.80152893066406
2025-08-26,126.28575134277344
2025-08-27,126.41454315185547
2025-08-28,125.919189453125
2025-08-29,125.99844360351562
2025-09-02,125.67150115966797
2025-09-03,126.95941925048828
2025-09-04,130.83311462402344
2025-09-05,134.8751983642578
2025-09-08,135.25167846679688
2025-09-09,129.82257080078125
2025-09-10,129.20834350585938
2025-09-11,133.17117309570312
2025-09-12,129.8820343017578
2025-09-15,126.74147033691406
2025-09-16,126.33528137207031
2025-09-17,125.55261993408203
2025-09-18,124.88884735107422
2025-09-19,120.1334457397461
2025-09-22,114.26844024658203
2025-09-23,116.14088439941406
2025-09-24,118.10248565673828
2025-09-25,116.56688690185547
2025-09-26,118.62755584716797
2025-09-29,119.93529510498047
2025-09-30,118.87523651123047
2025-10-01,120.83684539794922
2025-10-02,121.70866394042969
2025-10-03,122.59040069580078
2025-10-06,118.8058853149414
2025-10-07,114.2783432006836
2025-10-08,112.61395263671875
2025-10-09,110.26597595214844
2025-10-10,110.89293670654297
2025-10-13,110.48490905761719
2025-10-14,114.22679138183594
2025-10-15,114.5551986694336
2025-10-16,113.97798919677734
2025-10-17,116.7645034790039
2025-10-20,117.07300567626953
2025-10-21,119.46144104003906
2025-10-22,117.96866607666016
2025-10-23,118.84442138671875
2025-10-24,119.09321594238281
2025-10-27,119.97892761230469
2025-10-28,120.38695526123047
2025-10-29,117.01329803466797
2025-10-30,118.13784790039062
2025-10-31,117.48103332519531
2025-11-03,114.21683502197266
2025-11-04,114.18698120117188
2025-11-05,112.43547058105469
2025-11-06,112.76387023925781
2025-11-07,113.89837646484375
2025-11-10,114.39596557617188
2025-11-11,116.60527038574219
2025-11-12,115.88874053955078
2025-11-13,113.38088989257812
2025-11-14,112.7937240600586
2025-11-17,106.31510925292969
2025-11-18,107.74816131591797
2025-11-19,106.77288818359375
2025-11-20,107.61878967285156
2025-11-21,114.63481903076172
2025-11-24,114.0177993774414
2025-11-25,121.51150512695312
2025-11-26,122.9047622680664
2025-11-28,122.99432373046875
2025-12-01,121.04376983642578
2025-12-02,120.6158447265625
2025-12-03,124.8752212524414
2025-12-04,118.52596282958984
2025-12-05,116.3863296508789
2025-12-08,113.68939208984375
2025-12-09,111.14173126220703
2025-12-10,112.89324951171875
2025-12-11,112.28618621826172
2025-12-12,112.57479095458984
2025-12-15,112.20657348632812
2025-12-16,109.59919738769531
2025-12-17,105.67819213867188
2025-12-18,100.71223449707031
2025-12-19,97.77645874023438
2025-12-22,97.6072769165039
2025-12-23,96.12445831298828
2025-12-24,97.30872344970703
2025-12-26,96.93055725097656
2025-12-29,95.6368179321289
2025-12-30,95.66667175292969
2025-12-31,94.66154479980469
2026-01-02,95.12928009033203
2026-01-05,97.23905944824219
2026-01-06,97.5575180053711
2026-01-07,95.73633575439453
2026-01-08,100.44354248046875
2026-01-09,107.71830749511719
2026-01-12,109.00209045410156
2026-01-13,110.59437561035156
2026-01-14,109.20113372802734
2026-01-15,110.4052963256836
2026-01-16,106.6534652709961
2026-01-20,104.85218811035156
2026-01-21,107.6685562133789
2026-01-22,105.48910522460938
2026-01-23,103.92667388916016
2026-01-26,103.18029022216797
2026-01-27,101.5680923461914
2026-01-28,101.92636108398438
2026-01-29,104.10580444335938
2026-01-30,100.77195739746094
2026-02-02,101.020751953125
2026-02-03,103.23999786376953
2026-02-04,107.5
2026-02-05,106.45999908447266
2026-02-06,106.66999816894531
2026-02-09,106.4000015258789
2026-02-10,111.0
2026-02-11,112.12999725341797
2026-02-12,111.81999969482422
2026-02-13,114.25
2026-02-17,113.98999786376953
2026-02-18,113.44999694824219
2026-02-19,108.63999938964844
2026-02-20,108.62000274658203
2026-02-23,107.7300033569336
2026-02-24,108.33999633789062
2026-02-25,104.12000274658203
2026-02-26,104.62000274658203
