Date,Close
1982-09-20,0.8826972246170044
1982-09-21,0.9086587429046631
1982-09-22,0.9605816602706909
1982-09-23,0.9605816602706909
1982-09-24,0.9281295537948608
1982-09-27,0.9281295537948608
1982-09-28,0.9086587429046631
1982-09-29,0.9086587429046631
1982-09-30,0.8891873955726624
1982-10-01,0.8891873955726624
1982-10-04,0.8891873955726624
1982-10-05,0.8891873955726624
1982-10-06,0.8891873955726624
1982-10-07,0.8891873955726624
1982-10-08,0.8891873955726624
1982-10-11,0.8956778049468994
1982-10-12,0.8956778049468994
1982-10-13,0.8956778049468994
1982-10-14,0.9216389656066895
1982-10-15,0.9216389656066895
1982-10-18,0.9216389656066895
1982-10-19,0.9346206188201904
1982-10-20,0.856735348701477
1982-10-21,0.8177930116653442
1982-10-22,0.8177930116653442
1982-10-25,0.7788504362106323
1982-10-26,0.7918307185173035
1982-10-27,0.7788504362106323
1982-10-28,0.8048120141029358
1982-10-29,0.8048120141029358
1982-11-01,0.8177930116653442
1982-11-02,0.8177930116653442
1982-11-03,0.8826972246170044
1982-11-04,0.8697161674499512
1982-11-05,0.8437545895576477
1982-11-08,0.8307737112045288
1982-11-09,0.8307737112045288
1982-11-10,0.856735348701477
1982-11-11,0.856735348701477
1982-11-12,0.856735348701477
1982-11-15,0.8437545895576477
1982-11-16,0.856735348701477
1982-11-17,0.8437545895576477
1982-11-18,0.8372640013694763
1982-11-19,0.856735348701477
1982-11-22,0.856735348701477
1982-11-23,0.8437545895576477
1982-11-24,0.8437545895576477
1982-11-26,0.8437545895576477
1982-11-29,0.856735348701477
1982-11-30,0.8437545895576477
1982-12-01,0.8437545895576477
1982-12-02,0.8437545895576477
1982-12-03,0.8307737112045288
1982-12-06,0.8307737112045288
1982-12-07,0.8372640013694763
1982-12-08,0.8437545895576477
1982-12-09,0.8437545895576477
1982-12-10,0.8437545895576477
1982-12-13,0.8437545895576477
1982-12-14,0.856735348701477
1982-12-15,0.8372640013694763
1982-12-16,0.8502448201179504
1982-12-17,0.8502448201179504
1982-12-20,0.8502448201179504
1982-12-21,0.8502448201179504
1982-12-22,0.8697161674499512
1982-12-23,0.8697161674499512
1982-12-27,0.8502448201179504
1982-12-28,0.8697161674499512
1982-12-29,0.863225519657135
1982-12-30,0.856735348701477
1982-12-31,0.856735348701477
1983-01-03,0.856735348701477
1983-01-04,0.8826972246170044
1983-01-05,0.9021679759025574
1983-01-06,0.9021679759025574
1983-01-07,0.8956778049468994
1983-01-10,0.8956778049468994
1983-01-11,0.8956778049468994
1983-01-12,0.9216389656066895
1983-01-13,0.9086587429046631
1983-01-14,0.9086587429046631
1983-01-17,0.9086587429046631
1983-01-18,0.9086587429046631
1983-01-19,0.9086587429046631
1983-01-20,0.8956778049468994
1983-01-21,0.8826972246170044
1983-01-24,0.8826972246170044
1983-01-25,0.856735348701477
1983-01-26,0.8826972246170044
1983-01-27,0.8891873955726624
1983-01-28,0.9216389656066895
1983-01-31,0.9216389656066895
1983-02-01,0.9086587429046631
1983-02-02,0.9086587429046631
1983-02-03,0.9086587429046631
1983-02-04,0.9086587429046631
1983-02-07,0.9021679759025574
1983-02-08,0.8956778049468994
1983-02-09,0.8956778049468994
1983-02-10,0.8956778049468994
1983-02-11,0.9086587429046631
1983-02-14,0.9086587429046631
1983-02-15,0.9086587429046631
1983-02-16,0.9151485562324524
1983-02-17,0.9021679759025574
1983-02-18,0.9021679759025574
1983-02-22,0.9021679759025574
1983-02-23,0.8891873955726624
1983-02-24,0.8826972246170044
1983-02-25,0.863225519657135
1983-02-28,0.863225519657135
1983-03-01,0.863225519657135
1983-03-02,0.8762063384056091
1983-03-03,0.8762063384056091
1983-03-04,0.8956778049468994
1983-03-07,0.8826972246170044
1983-03-08,0.9086587429046631
1983-03-09,0.9216389656066895
1983-03-10,0.9605816602706909
1983-03-11,0.9605816602706909
1983-03-14,0.9605816602706909
1983-03-15,0.9605816602706909
1983-03-16,0.9605816602706909
1983-03-17,0.9605816602706909
1983-03-18,0.9605816602706909
1983-03-21,0.9605816602706909
1983-03-22,0.9605816602706909
1983-03-23,0.9346206188201904
1983-03-24,0.9346206188201904
1983-03-25,0.9346206188201904
1983-03-28,0.856735348701477
1983-03-29,0.9021679759025574
1983-03-30,0.9021679759025574
1983-03-31,0.9021679759025574
1983-04-04,0.8891873955726624
1983-04-05,0.8891873955726624
1983-04-06,0.8891873955726624
1983-04-07,0.9021679759025574
1983-04-08,0.9281295537948608
1983-04-11,0.9281295537948608
1983-04-12,0.9086587429046631
1983-04-13,0.9216389656066895
1983-04-14,0.9346206188201904
1983-04-15,0.9605816602706909
1983-04-18,0.9865434765815735
1983-04-19,0.9995245337486267
1983-04-20,0.9865434765815735
1983-04-21,0.9605816602706909
1983-04-22,0.9995245337486267
1983-04-25,1.025485873222351
1983-04-26,1.018996000289917
1983-04-27,1.018996000289917
1983-04-28,1.0319766998291016
1983-04-29,1.051447868347168
1983-05-02,1.0449572801589966
1983-05-03,1.0579376220703125
1983-05-04,1.0644290447235107
1983-05-05,1.0774093866348267
1983-05-06,1.0903900861740112
1983-05-09,1.0774093866348267
1983-05-10,1.0644290447235107
1983-05-11,1.051447868347168
1983-05-12,1.0449572801589966
1983-05-13,1.1293330192565918
1983-05-16,1.1423137187957764
1983-05-17,1.1488044261932373
1983-05-18,1.1423137187957764
1983-05-19,1.1293330192565918
1983-05-20,1.0903900861740112
1983-05-23,1.083899974822998
1983-05-24,1.0903900861740112
1983-05-25,1.0903900861740112
1983-05-26,1.0903900861740112
1983-05-27,1.103371262550354
1983-05-31,1.103371262550354
1983-06-01,1.1098616123199463
1983-06-02,1.1163517236709595
1983-06-03,1.1228429079055786
1983-06-06,1.1228429079055786
1983-06-07,1.1488044261932373
1983-06-08,1.1293330192565918
1983-06-09,1.1163517236709595
1983-06-10,1.1163517236709595
1983-06-13,1.1293330192565918
1983-06-14,1.1293330192565918
1983-06-15,1.1423137187957764
1983-06-16,1.1942368745803833
1983-06-17,1.3110647201538086
1983-06-20,1.3110647201538086
1983-06-21,1.291593313217163
1983-06-22,1.2656316757202148
1983-06-23,1.2461600303649902
1983-06-24,1.259141445159912
1983-06-27,1.259141445159912
1983-06-28,1.2656316757202148
1983-06-29,1.2396705150604248
1983-06-30,1.213708519935608
1983-07-01,1.213708519935608
1983-07-05,1.213708519935608
1983-07-06,1.200727105140686
1983-07-07,1.2072184085845947
1983-07-08,1.1942368745803833
1983-07-11,1.200727105140686
1983-07-12,1.2331795692443848
1983-07-13,1.2331795692443848
1983-07-14,1.2331795692443848
1983-07-15,1.2331795692443848
1983-07-18,1.2331795692443848
1983-07-19,1.252650499343872
1983-07-20,1.2461600303649902
1983-07-21,1.2331795692443848
1983-07-22,1.2396705150604248
1983-07-25,1.2396705150604248
1983-07-26,1.259141445159912
1983-07-27,1.2461600303649902
1983-07-28,1.2331795692443848
1983-07-29,1.2331795692443848
1983-08-01,1.2331795692443848
1983-08-02,1.2331795692443848
1983-08-03,1.2266887426376343
1983-08-04,1.2072184085845947
1983-08-05,1.2072184085845947
1983-08-08,1.2072184085845947
1983-08-09,1.1942368745803833
1983-08-10,1.1942368745803833
1983-08-11,1.1942368745803833
1983-08-12,1.1942368745803833
1983-08-15,1.2072184085845947
1983-08-16,1.200727105140686
1983-08-17,1.2072184085845947
1983-08-18,1.2072184085845947
1983-08-19,1.200727105140686
1983-08-22,1.200727105140686
1983-08-23,1.2072184085845947
1983-08-24,1.2072184085845947
1983-08-25,1.1812562942504883
1983-08-26,1.168274998664856
1983-08-29,1.1423137187957764
1983-08-30,1.1293330192565918
1983-08-31,1.1942368745803833
1983-09-01,1.200727105140686
1983-09-02,1.2072184085845947
1983-09-06,1.2072184085845947
1983-09-07,1.252650499343872
1983-09-08,1.2721221446990967
1983-09-09,1.2331795692443848
1983-09-12,1.2461600303649902
1983-09-13,1.2461600303649902
1983-09-14,1.252650499343872
1983-09-15,1.1942368745803833
1983-09-16,1.2072184085845947
1983-09-19,1.213708519935608
1983-09-20,1.1942368745803833
1983-09-21,1.168274998664856
1983-09-22,1.200727105140686
1983-09-23,1.1942368745803833
1983-09-26,1.2072184085845947
1983-09-27,1.2201989889144897
1983-09-28,1.2201989889144897
1983-09-29,1.2201989889144897
1983-09-30,1.2396705150604248
1983-10-03,1.2201989889144897
1983-10-04,1.2461600303649902
1983-10-05,1.2721221446990967
1983-10-06,1.2656316757202148
1983-10-07,1.259141445159912
1983-10-10,1.259141445159912
1983-10-11,1.252650499343872
1983-10-12,1.2461600303649902
1983-10-13,1.259141445159912
1983-10-14,1.259141445159912
1983-10-17,1.2721221446990967
1983-10-18,1.2851027250289917
1983-10-19,1.330536127090454
1983-10-20,1.4278923273086548
1983-10-21,1.4149105548858643
1983-10-24,1.3889495134353638
1983-10-25,1.4278923273086548
1983-10-26,1.4408729076385498
1983-10-27,1.4538536071777344
1983-10-28,1.4798150062561035
1983-10-31,1.4668344259262085
1983-11-01,1.4538536071777344
1983-11-02,1.447363018989563
1983-11-03,1.447363018989563
1983-11-04,1.4538536071777344
1983-11-07,1.4603443145751953
1983-11-08,1.4408729076385498
1983-11-09,1.4538536071777344
1983-11-10,1.50577712059021
1983-11-11,1.5577008724212646
1983-11-14,1.5577008724212646
1983-11-15,1.5577008724212646
1983-11-16,1.5577008724212646
1983-11-17,1.538228988647461
1983-11-18,1.50577712059021
1983-11-21,1.538228988647461
1983-11-22,1.5577008724212646
1983-11-23,1.531739354133606
1983-11-25,1.538228988647461
1983-11-28,1.5447196960449219
1983-11-29,1.5447196960449219
1983-11-30,1.5577008724212646
1983-12-01,1.5447196960449219
1983-12-02,1.531739354133606
1983-12-05,1.531739354133606
1983-12-06,1.5577008724212646
1983-12-07,1.5577008724212646
1983-12-08,1.5577008724212646
1983-12-09,1.5512093305587769
1983-12-12,1.538228988647461
1983-12-13,1.5447196960449219
1983-12-14,1.538228988647461
1983-12-15,1.5512093305587769
1983-12-16,1.531739354133606
1983-12-19,1.531739354133606
1983-12-20,1.4863048791885376
1983-12-21,1.4408729076385498
1983-12-22,1.447363018989563
1983-12-23,1.4798150062561035
1983-12-27,1.4927964210510254
1983-12-28,1.4927964210510254
1983-12-29,1.4863048791885376
1983-12-30,1.4798150062561035
1984-01-03,1.4733251333236694
1984-01-04,1.4733251333236694
1984-01-05,1.4733251333236694
1984-01-06,1.4668344259262085
1984-01-09,1.4733251333236694
1984-01-10,1.4798150062561035
1984-01-11,1.4668344259262085
1984-01-12,1.4408729076385498
1984-01-13,1.408420443534851
1984-01-16,1.434382677078247
1984-01-17,1.4927964210510254
1984-01-18,1.4798150062561035
1984-01-19,1.5577008724212646
1984-01-20,1.5577008724212646
1984-01-23,1.49928617477417
1984-01-24,1.4863048791885376
1984-01-25,1.5122674703598022
1984-01-26,1.50577712059021
1984-01-27,1.50577712059021
1984-01-30,1.4668344259262085
1984-01-31,1.4538536071777344
1984-02-01,1.4603443145751953
1984-02-02,1.434382677078247
1984-02-03,1.4278923273086548
1984-02-06,1.3824585676193237
1984-02-07,1.3370263576507568
1984-02-08,1.324044942855835
1984-02-09,1.298083782196045
1984-02-10,1.324044942855835
1984-02-13,1.3370263576507568
1984-02-14,1.3370263576507568
1984-02-15,1.3500070571899414
1984-02-16,1.3500070571899414
1984-02-17,1.3500070571899414
1984-02-21,1.3500070571899414
1984-02-22,1.3500070571899414
1984-02-23,1.324044942855835
1984-02-24,1.324044942855835
1984-02-27,1.4149105548858643
1984-02-28,1.3889495134353638
1984-02-29,1.3889495134353638
1984-03-01,1.3759688138961792
1984-03-02,1.3629881143569946
1984-03-05,1.3694783449172974
1984-03-06,1.3500070571899414
1984-03-07,1.324044942855835
1984-03-08,1.3500070571899414
1984-03-09,1.3500070571899414
1984-03-12,1.324044942855835
1984-03-13,1.3500070571899414
1984-03-14,1.3500070571899414
1984-03-15,1.3629881143569946
1984-03-16,1.3889495134353638
1984-03-19,1.3759688138961792
1984-03-20,1.3759688138961792
1984-03-21,1.3759688138961792
1984-03-22,1.3759688138961792
1984-03-23,1.3759688138961792
1984-03-26,1.3759688138961792
1984-03-27,1.3629881143569946
1984-03-28,1.3759688138961792
1984-03-29,1.3629881143569946
1984-03-30,1.3629881143569946
1984-04-02,1.3629881143569946
1984-04-03,1.3629881143569946
1984-04-04,1.3629881143569946
1984-04-05,1.3629881143569946
1984-04-06,1.3629881143569946
1984-04-09,1.3435163497924805
1984-04-10,1.3500070571899414
1984-04-11,1.3500070571899414
1984-04-12,1.3500070571899414
1984-04-13,1.3370263576507568
1984-04-16,1.3370263576507568
1984-04-17,1.3370263576507568
1984-04-18,1.3435163497924805
1984-04-19,1.330536127090454
1984-04-23,1.291593313217163
1984-04-24,1.298083782196045
1984-04-25,1.3110647201538086
1984-04-26,1.298083782196045
1984-04-27,1.324044942855835
1984-04-30,1.324044942855835
1984-05-01,1.4538536071777344
1984-05-02,1.447363018989563
1984-05-03,1.3889495134353638
1984-05-04,1.3889495134353638
1984-05-07,1.3500070571899414
1984-05-08,1.3629881143569946
1984-05-09,1.4019297361373901
1984-05-10,1.3759688138961792
1984-05-11,1.3759688138961792
1984-05-14,1.3759688138961792
1984-05-15,1.3759688138961792
1984-05-16,1.3694783449172974
1984-05-17,1.3889495134353638
1984-05-18,1.4149105548858643
1984-05-21,1.4408729076385498
1984-05-22,1.4408729076385498
1984-05-23,1.4408729076385498
1984-05-24,1.4149105548858643
1984-05-25,1.3759688138961792
1984-05-29,1.3500070571899414
1984-05-30,1.3629881143569946
1984-05-31,1.3694783449172974
1984-06-01,1.4149105548858643
1984-06-04,1.408420443534851
1984-06-05,1.4408729076385498
1984-06-06,1.4538536071777344
1984-06-07,1.4798150062561035
1984-06-08,1.4798150062561035
1984-06-11,1.4668344259262085
1984-06-12,1.4927964210510254
1984-06-13,1.4927964210510254
1984-06-14,1.4927964210510254
1984-06-15,1.4733251333236694
1984-06-18,1.4863048791885376
1984-06-19,1.5122674703598022
1984-06-20,1.531739354133606
1984-06-21,1.5447196960449219
1984-06-22,1.518757939338684
1984-06-25,1.518757939338684
1984-06-26,1.518757939338684
1984-06-27,1.518757939338684
1984-06-28,1.50577712059021
1984-06-29,1.531739354133606
1984-07-02,1.518757939338684
1984-07-03,1.518757939338684
1984-07-05,1.50577712059021
1984-07-06,1.50577712059021
1984-07-09,1.50577712059021
1984-07-10,1.4798150062561035
1984-07-11,1.4798150062561035
1984-07-12,1.4668344259262085
1984-07-13,1.4668344259262085
1984-07-16,1.4538536071777344
1984-07-17,1.4668344259262085
1984-07-18,1.5966434478759766
1984-07-19,1.518757939338684
1984-07-20,1.5447196960449219
1984-07-23,1.518757939338684
1984-07-24,1.5447196960449219
1984-07-25,1.531739354133606
1984-07-26,1.5577008724212646
1984-07-27,1.5966434478759766
1984-07-30,1.6226047277450562
1984-07-31,1.5966434478759766
1984-08-01,1.6096240282058716
1984-08-02,1.5966434478759766
1984-08-03,1.6355860233306885
1984-08-06,1.6810177564620972
1984-08-07,1.6745280027389526
1984-08-08,1.6875091791152954
1984-08-09,1.7524126768112183
1984-08-10,1.8043359518051147
1984-08-13,1.843277931213379
1984-08-14,1.8173174858093262
1984-08-15,1.7783747911453247
1984-08-16,1.7913556098937988
1984-08-17,1.7394323348999023
1984-08-20,1.7394323348999023
1984-08-21,1.7589030265808105
1984-08-22,1.7653944492340088
1984-08-23,1.7653944492340088
1984-08-24,1.7653944492340088
1984-08-27,1.7783747911453247
1984-08-28,1.7783747911453247
1984-08-29,1.7524126768112183
1984-08-30,1.7524126768112183
1984-08-31,1.7783747911453247
1984-09-04,1.7524126768112183
1984-09-05,1.72645103931427
1984-09-06,1.72645103931427
1984-09-07,1.72645103931427
1984-09-10,1.713470697402954
1984-09-11,1.7394323348999023
1984-09-12,1.7394323348999023
1984-09-13,1.7394323348999023
1984-09-14,1.7394323348999023
1984-09-17,1.72645103931427
1984-09-18,1.72645103931427
1984-09-19,1.7394323348999023
1984-09-20,1.7199608087539673
1984-09-21,1.713470697402954
1984-09-24,1.72645103931427
1984-09-25,1.7394323348999023
1984-09-26,1.7783747911453247
1984-09-27,1.8043359518051147
1984-09-28,1.8043359518051147
1984-10-01,1.7783747911453247
1984-10-02,1.7783747911453247
1984-10-03,1.7524126768112183
1984-10-04,1.7524126768112183
1984-10-05,1.72645103931427
1984-10-08,1.7394323348999023
1984-10-09,1.7004896402359009
1984-10-10,1.7004896402359009
1984-10-11,1.7004896402359009
1984-10-12,1.7004896402359009
1984-10-15,1.713470697402954
1984-10-16,1.713470697402954
1984-10-17,1.7524126768112183
1984-10-18,1.7524126768112183
1984-10-19,1.7783747911453247
1984-10-22,1.7913556098937988
1984-10-23,1.7783747911453247
1984-10-24,1.7524126768112183
1984-10-25,1.7653944492340088
1984-10-26,1.7524126768112183
1984-10-29,1.7524126768112183
1984-10-30,1.7653944492340088
1984-10-31,1.7653944492340088
1984-11-01,1.7913556098937988
1984-11-02,1.7913556098937988
1984-11-05,1.8173174858093262
1984-11-06,1.8367878198623657
1984-11-07,1.843277931213379
1984-11-08,1.843277931213379
1984-11-09,1.843277931213379
1984-11-12,1.8692412376403809
1984-11-13,1.8692412376403809
1984-11-14,1.8562591075897217
1984-11-15,1.843277931213379
1984-11-16,1.843277931213379
1984-11-19,1.843277931213379
1984-11-20,1.843277931213379
1984-11-21,1.8692412376403809
1984-11-23,1.8497692346572876
1984-11-26,1.8692412376403809
1984-11-27,1.8562591075897217
1984-11-28,1.8627492189407349
1984-11-29,1.8692412376403809
1984-11-30,1.8562591075897217
1984-12-03,1.843277931213379
1984-12-04,1.8367878198623657
1984-12-05,1.8367878198623657
1984-12-06,1.8367878198623657
1984-12-07,1.8367878198623657
1984-12-10,1.8367878198623657
1984-12-11,1.8367878198623657
1984-12-12,1.8367878198623657
1984-12-13,1.8367878198623657
1984-12-14,1.843277931213379
1984-12-17,1.8367878198623657
1984-12-18,1.8367878198623657
1984-12-19,1.843277931213379
1984-12-20,1.843277931213379
1984-12-21,1.843277931213379
1984-12-24,1.8562591075897217
1984-12-26,1.843277931213379
1984-12-27,1.8302971124649048
1984-12-28,1.8367878198623657
1984-12-31,1.8562591075897217
1985-01-02,1.8562591075897217
1985-01-03,1.8692412376403809
1985-01-04,1.8562591075897217
1985-01-07,1.8497692346572876
1985-01-08,1.88222074508667
1985-01-09,1.8692412376403809
1985-01-10,1.9211633205413818
1985-01-11,1.914673924446106
1985-01-14,1.9211633205413818
1985-01-15,1.947124719619751
1985-01-16,1.986067771911621
1985-01-17,2.0769331455230713
1985-01-18,2.1548187732696533
1985-01-21,2.232703447341919
1985-01-22,2.2846274375915527
1985-01-23,2.2976088523864746
1985-01-24,2.310589075088501
1985-01-25,2.349531412124634
1985-01-28,2.3430421352386475
1985-01-29,2.3430421352386475
1985-01-30,2.349531412124634
1985-01-31,2.3625125885009766
1985-02-01,2.3625125885009766
1985-02-04,2.3560214042663574
1985-02-05,2.3625125885009766
1985-02-06,2.349531412124634
1985-02-07,2.3884737491607666
1985-02-08,2.401454210281372
1985-02-11,2.401454210281372
1985-02-12,2.401454210281372
1985-02-13,2.401454210281372
1985-02-14,2.427417039871216
1985-02-15,2.427417039871216
1985-02-19,2.557225227355957
1985-02-20,2.557225227355957
1985-02-21,2.5442442893981934
1985-02-22,2.557225227355957
1985-02-25,2.5442442893981934
1985-02-26,2.5312633514404297
1985-02-27,2.5442442893981934
1985-02-28,2.5702054500579834
1985-03-01,2.6351096630096436
1985-03-04,2.64808988571167
1985-03-05,2.64808988571167
1985-03-06,2.6351096630096436
1985-03-07,2.64808988571167
1985-03-08,2.64808988571167
1985-03-11,2.5442442893981934
1985-03-12,2.505300998687744
1985-03-13,2.4403979778289795
1985-03-14,2.3625125885009766
1985-03-15,2.3754937648773193
1985-03-18,2.3754937648773193
1985-03-19,2.3625125885009766
1985-03-20,2.3235700130462646
1985-03-21,2.336549997329712
1985-03-22,2.349531412124634
1985-03-25,2.3625125885009766
1985-03-26,2.349531412124634
1985-03-27,2.3754937648773193
1985-03-28,2.3884737491607666
1985-03-29,2.401454210281372
1985-04-01,2.3884737491607666
1985-04-02,2.3884737491607666
1985-04-03,2.4144368171691895
1985-04-04,2.4144368171691895
1985-04-08,2.427417039871216
1985-04-09,2.427417039871216
1985-04-10,2.4533774852752686
1985-04-11,2.4533774852752686
1985-04-12,2.4533774852752686
1985-04-15,2.4533774852752686
1985-04-16,2.427417039871216
1985-04-17,2.427417039871216
1985-04-18,2.4663591384887695
1985-04-19,2.4825844764709473
1985-04-22,2.4501328468322754
1985-04-23,2.5312633514404297
1985-04-24,2.563715934753418
1985-04-25,2.563715934753418
1985-04-26,2.612394332885742
1985-04-29,2.628620147705078
1985-04-30,2.628620147705078
1985-05-01,2.628620147705078
1985-05-02,2.579942226409912
1985-05-03,2.563715934753418
1985-05-06,2.4176816940307617
1985-05-07,2.401454210281372
1985-05-08,2.385228157043457
1985-05-09,2.4339065551757812
1985-05-10,2.5474889278411865
1985-05-13,2.5474889278411865
1985-05-14,2.4339065551757812
1985-05-15,2.4663591384887695
1985-05-16,2.4663591384887695
1985-05-17,2.4176816940307617
1985-05-20,2.3690025806427
1985-05-21,2.3690025806427
1985-05-22,2.385228157043457
1985-05-23,2.3690025806427
1985-05-24,2.401454210281372
1985-05-28,2.3527755737304688
1985-05-29,2.3690025806427
1985-05-30,2.336549997329712
1985-05-31,2.336549997329712
1985-06-03,2.3040974140167236
1985-06-04,2.271646022796631
1985-06-05,2.239194631576538
1985-06-06,2.239194631576538
1985-06-07,2.2554194927215576
1985-06-10,2.2554194927215576
1985-06-11,2.3040974140167236
1985-06-12,2.336549997329712
1985-06-13,2.3040974140167236
1985-06-14,2.287872314453125
1985-06-17,2.336549997329712
1985-06-18,2.3690025806427
1985-06-19,2.4176816940307617
1985-06-20,2.385228157043457
1985-06-21,2.401454210281372
1985-06-24,2.401454210281372
1985-06-25,2.385228157043457
1985-06-26,2.3690025806427
1985-06-27,2.401454210281372
1985-06-28,2.4825844764709473
1985-07-01,2.498810291290283
1985-07-02,2.498810291290283
1985-07-03,2.4339065551757812
1985-07-05,2.4339065551757812
1985-07-08,2.401454210281372
1985-07-09,2.401454210281372
1985-07-10,2.320323944091797
1985-07-11,2.320323944091797
1985-07-12,2.3527755737304688
1985-07-15,2.336549997329712
1985-07-16,2.271646022796631
1985-07-17,2.320323944091797
1985-07-18,2.3040974140167236
1985-07-19,2.3040974140167236
1985-07-22,2.320323944091797
1985-07-23,2.336549997329712
1985-07-24,2.336549997329712
1985-07-25,2.3690025806427
1985-07-26,2.336549997329712
1985-07-29,2.3690025806427
1985-07-30,2.3690025806427
1985-07-31,2.336549997329712
1985-08-01,2.401454210281372
1985-08-02,2.401454210281372
1985-08-05,2.401454210281372
1985-08-06,2.3527755737304688
1985-08-07,2.3040974140167236
1985-08-08,2.320323944091797
1985-08-09,2.320323944091797
1985-08-12,2.3040974140167236
1985-08-13,2.336549997329712
1985-08-14,2.3040974140167236
1985-08-15,2.287872314453125
1985-08-16,2.287872314453125
1985-08-19,2.320323944091797
1985-08-20,2.320323944091797
1985-08-21,2.3040974140167236
1985-08-22,2.3040974140167236
1985-08-23,2.271646022796631
1985-08-26,2.2554194927215576
1985-08-27,2.3040974140167236
1985-08-28,2.271646022796631
1985-08-29,2.239194631576538
1985-08-30,2.239194631576538
1985-09-03,2.2554194927215576
1985-09-04,2.239194631576538
1985-09-05,2.239194631576538
1985-09-06,2.239194631576538
1985-09-09,2.206742525100708
1985-09-10,2.206742525100708
1985-09-11,2.206742525100708
1985-09-12,2.206742525100708
1985-09-13,2.174290418624878
1985-09-16,2.174290418624878
1985-09-17,2.1580634117126465
1985-09-18,2.174290418624878
1985-09-19,2.1905155181884766
1985-09-20,2.1418378353118896
1985-09-23,2.1580634117126465
1985-09-24,2.1905155181884766
1985-09-25,2.174290418624878
1985-09-26,2.1418378353118896
1985-09-30,2.1580634117126465
1985-10-01,2.1905155181884766
1985-10-02,2.222968339920044
1985-10-03,2.2554194927215576
1985-10-04,2.222968339920044
1985-10-07,2.206742525100708
1985-10-08,2.206742525100708
1985-10-09,2.206742525100708
1985-10-10,2.206742525100708
1985-10-11,2.206742525100708
1985-10-14,2.222968339920044
1985-10-15,2.222968339920044
1985-10-16,2.239194631576538
1985-10-17,2.271646022796631
1985-10-18,2.2554194927215576
1985-10-21,2.271646022796631
1985-10-22,2.239194631576538
1985-10-23,2.3690025806427
1985-10-24,2.4176816940307617
1985-10-25,2.3690025806427
1985-10-28,2.385228157043457
1985-10-29,2.401454210281372
1985-10-30,2.3690025806427
1985-10-31,2.385228157043457
1985-11-01,2.4501328468322754
1985-11-04,2.4339065551757812
1985-11-05,2.498810291290283
1985-11-06,2.4663591384887695
1985-11-07,2.4663591384887695
1985-11-08,2.4339065551757812
1985-11-11,2.4339065551757812
1985-11-12,2.4663591384887695
1985-11-13,2.4501328468322754
1985-11-14,2.4825844764709473
1985-11-15,2.498810291290283
1985-11-18,2.498810291290283
1985-11-19,2.4501328468322754
1985-11-20,2.515037775039673
1985-11-21,2.498810291290283
1985-11-22,2.5312633514404297
1985-11-25,2.59616756439209
1985-11-26,2.59616756439209
1985-11-27,2.59616756439209
1985-11-29,2.59616756439209
1985-12-02,2.6448452472686768
1985-12-03,2.612394332885742
1985-12-04,2.6448452472686768
1985-12-05,2.7259762287139893
1985-12-06,2.6935245990753174
1985-12-09,2.661072254180908
1985-12-10,2.7259762287139893
1985-12-11,2.709749460220337
1985-12-12,2.758427858352661
1985-12-13,2.7908802032470703
1985-12-16,2.7908802032470703
1985-12-17,2.8233325481414795
1985-12-18,2.807105779647827
1985-12-19,2.8557846546173096
1985-12-20,2.9206886291503906
1985-12-23,2.9693665504455566
1985-12-24,2.9206886291503906
1985-12-26,2.9206886291503906
1985-12-27,2.888235330581665
1985-12-30,2.9531409740448
1985-12-31,3.0180435180664062
1986-01-02,3.0991737842559814
1986-01-03,3.1803061962127686
1986-01-06,3.2127575874328613
1986-01-07,3.1640784740448
1986-01-08,3.0504965782165527
1986-01-09,3.0829482078552246
1986-01-10,3.1154017448425293
1986-01-13,3.0504965782165527
1986-01-14,3.0180435180664062
1986-01-15,2.904461145401001
1986-01-16,3.0180435180664062
1986-01-17,3.1803061962127686
1986-01-20,3.1478519439697266
1986-01-21,3.0829482078552246
1986-01-22,3.1154017448425293
1986-01-23,3.1478519439697266
1986-01-24,3.2127575874328613
1986-01-27,3.2776618003845215
1986-01-28,3.2452094554901123
1986-01-29,3.2127575874328613
1986-01-30,3.2452094554901123
1986-01-31,3.3101143836975098
1986-02-03,3.342564821243286
1986-02-04,3.3101143836975098
1986-02-05,3.3101143836975098
1986-02-06,3.2776618003845215
1986-02-07,3.293887138366699
1986-02-10,3.261436700820923
1986-02-11,3.1803061962127686
1986-02-12,3.22898268699646
1986-02-13,3.261436700820923
1986-02-14,3.2452094554901123
1986-02-18,3.22898268699646
1986-02-19,3.261436700820923
1986-02-20,3.2452094554901123
1986-02-21,3.2452094554901123
1986-02-24,3.2452094554901123
1986-02-25,3.2452094554901123
1986-02-26,3.22898268699646
1986-02-27,3.1803061962127686
1986-02-28,3.196531057357788
1986-03-03,3.196531057357788
1986-03-04,3.2452094554901123
1986-03-05,3.2452094554901123
1986-03-06,3.2127575874328613
1986-03-07,3.2127575874328613
1986-03-10,3.2452094554901123
1986-03-11,3.2452094554901123
1986-03-12,3.2776618003845215
1986-03-13,3.3101143836975098
1986-03-14,3.2776618003845215
1986-03-17,3.3101143836975098
1986-03-18,3.2776618003845215
1986-03-19,3.342564821243286
1986-03-20,3.4723730087280273
1986-03-21,3.699538469314575
1986-03-24,3.6021816730499268
1986-03-25,3.569730043411255
1986-03-26,3.6021816730499268
1986-03-27,3.618408441543579
1986-03-31,3.6021816730499268
1986-04-01,3.6021816730499268
1986-04-02,3.569730043411255
1986-04-03,3.569730043411255
1986-04-04,3.537278652191162
1986-04-07,3.5048253536224365
1986-04-08,3.4399216175079346
1986-04-09,3.537278652191162
1986-04-10,3.537278652191162
1986-04-11,3.5048253536224365
1986-04-14,3.537278652191162
1986-04-15,3.5048253536224365
1986-04-16,3.5048253536224365
1986-04-17,3.5210511684417725
1986-04-18,3.488600730895996
1986-04-21,3.488600730895996
1986-04-22,3.456148147583008
1986-04-23,3.4399216175079346
1986-04-24,3.4399216175079346
1986-04-25,3.4399216175079346
1986-04-28,3.4399216175079346
1986-04-29,3.4399216175079346
1986-04-30,3.375018358230591
1986-05-01,3.407470464706421
1986-05-02,3.342564821243286
1986-05-05,3.375018358230591
1986-05-06,3.342564821243286
1986-05-07,3.2776618003845215
1986-05-08,3.2776618003845215
1986-05-09,3.342564821243286
1986-05-12,3.3101143836975098
1986-05-13,3.3101143836975098
1986-05-14,3.537278652191162
1986-05-15,3.537278652191162
1986-05-16,3.342564821243286
1986-05-19,3.4399216175079346
1986-05-20,3.4723730087280273
1986-05-21,3.407470464706421
1986-05-22,3.5048253536224365
1986-05-23,3.5048253536224365
1986-05-27,3.537278652191162
1986-05-28,3.5048253536224365
1986-05-29,3.569730043411255
1986-05-30,3.6021816730499268
1986-06-02,3.569730043411255
1986-06-03,3.6346349716186523
1986-06-04,3.569730043411255
1986-06-05,3.537278652191162
1986-06-06,3.569730043411255
1986-06-09,3.5048253536224365
1986-06-10,3.5048253536224365
1986-06-11,3.5048253536224365
1986-06-12,3.5048253536224365
1986-06-13,3.4723730087280273
1986-06-16,3.4723730087280273
1986-06-17,3.407470464706421
1986-06-18,3.407470464706421
1986-06-19,3.342564821243286
1986-06-20,3.2776618003845215
1986-06-23,3.2776618003845215
1986-06-24,3.3263401985168457
1986-06-25,3.342564821243286
1986-06-26,3.3101143836975098
1986-06-27,3.342564821243286
1986-06-30,3.375018358230591
1986-07-01,3.5535051822662354
1986-07-02,3.537278652191162
1986-07-03,3.537278652191162
1986-07-07,3.537278652191162
1986-07-08,3.456148147583008
1986-07-09,3.4723730087280273
1986-07-10,3.4723730087280273
1986-07-11,3.4723730087280273
1986-07-14,3.537278652191162
1986-07-15,3.4723730087280273
1986-07-16,3.537278652191162
1986-07-17,3.375018358230591
1986-07-18,3.407470464706421
1986-07-21,3.2127575874328613
1986-07-22,3.1154017448425293
1986-07-23,3.0504965782165527
1986-07-24,3.0342695713043213
1986-07-25,3.1154017448425293
1986-07-28,3.1154017448425293
1986-07-29,3.1154017448425293
1986-07-30,3.1154017448425293
1986-07-31,3.1154017448425293
1986-08-01,3.1478519439697266
1986-08-04,3.1154017448425293
1986-08-05,3.2127575874328613
1986-08-06,3.1478519439697266
1986-08-07,3.1803061962127686
1986-08-08,3.2127575874328613
1986-08-11,3.1640784740448
1986-08-12,3.1478519439697266
1986-08-13,3.2127575874328613
1986-08-14,3.2452094554901123
1986-08-15,3.2452094554901123
1986-08-18,3.2452094554901123
1986-08-19,3.3101143836975098
1986-08-20,3.2776618003845215
1986-08-21,3.3101143836975098
1986-08-22,3.2776618003845215
1986-08-25,3.342564821243286
1986-08-26,3.3101143836975098
1986-08-27,3.342564821243286
1986-08-28,3.3101143836975098
1986-08-29,3.3101143836975098
1986-09-02,3.2776618003845215
1986-09-03,3.2776618003845215
1986-09-04,3.342564821243286
1986-09-05,3.2776618003845215
1986-09-08,3.2776618003845215
1986-09-09,3.2776618003845215
1986-09-10,3.2776618003845215
1986-09-11,3.261436700820923
1986-09-12,3.22898268699646
1986-09-15,3.1803061962127686
1986-09-16,3.0829482078552246
1986-09-17,3.1154017448425293
1986-09-18,3.1154017448425293
1986-09-19,3.1154017448425293
1986-09-22,3.0829482078552246
1986-09-23,3.1478519439697266
1986-09-24,3.1316261291503906
1986-09-25,3.1803061962127686
1986-09-26,3.2127575874328613
1986-09-29,3.22898268699646
1986-09-30,3.22898268699646
1986-10-01,3.2127575874328613
1986-10-02,3.2452094554901123
1986-10-03,3.2127575874328613
1986-10-06,3.2127575874328613
1986-10-07,3.22898268699646
1986-10-08,3.2127575874328613
1986-10-09,3.22898268699646
1986-10-10,3.2127575874328613
1986-10-13,3.196531057357788
1986-10-14,3.2127575874328613
1986-10-15,3.2452094554901123
1986-10-16,3.2452094554901123
1986-10-17,3.2452094554901123
1986-10-20,3.2452094554901123
1986-10-21,3.2127575874328613
1986-10-22,3.2452094554901123
1986-10-23,3.2452094554901123
1986-10-24,3.2452094554901123
1986-10-27,3.2776618003845215
1986-10-28,3.2452094554901123
1986-10-29,3.2452094554901123
1986-10-30,3.2452094554901123
1986-10-31,3.2776618003845215
1986-11-03,3.2452094554901123
1986-11-04,3.2452094554901123
1986-11-05,3.2776618003845215
1986-11-06,3.342564821243286
1986-11-07,3.407470464706421
1986-11-10,3.3101143836975098
1986-11-11,3.3101143836975098
1986-11-12,3.2776618003845215
1986-11-13,3.2452094554901123
1986-11-14,3.2776618003845215
1986-11-17,3.2452094554901123
1986-11-18,3.2127575874328613
1986-11-19,3.2127575874328613
1986-11-20,3.2127575874328613
1986-11-21,3.22898268699646
1986-11-24,3.22898268699646
1986-11-25,3.2776618003845215
1986-11-26,3.2127575874328613
1986-11-28,3.2452094554901123
1986-12-01,3.2127575874328613
1986-12-02,3.2776618003845215
1986-12-03,3.2452094554901123
1986-12-04,3.3101143836975098
1986-12-05,3.2452094554901123
1986-12-08,3.2452094554901123
1986-12-09,3.261436700820923
1986-12-10,3.261436700820923
1986-12-11,3.2452094554901123
1986-12-12,3.2452094554901123
1986-12-15,3.2776618003845215
1986-12-16,3.2776618003845215
1986-12-17,3.22898268699646
1986-12-18,3.2127575874328613
1986-12-19,3.3263401985168457
1986-12-22,3.342564821243286
1986-12-23,3.3101143836975098
1986-12-24,3.375018358230591
1986-12-26,3.3263401985168457
1986-12-29,3.3101143836975098
1986-12-30,3.3101143836975098
1986-12-31,3.375018358230591
1987-01-02,3.407470464706421
1987-01-05,3.4236960411071777
1987-01-06,3.4723730087280273
1987-01-07,3.667086362838745
1987-01-08,3.6346349716186523
1987-01-09,3.667086362838745
1987-01-12,3.667086362838745
1987-01-13,3.699538469314575
1987-01-14,3.6346349716186523
1987-01-15,3.6346349716186523
1987-01-16,3.667086362838745
1987-01-19,3.699538469314575
1987-01-20,3.715764284133911
1987-01-21,3.73199200630188
1987-01-22,3.76444149017334
1987-01-23,3.9591541290283203
1987-01-26,3.894249439239502
1987-01-27,3.894249439239502
1987-01-28,3.894249439239502
1987-01-29,3.9591541290283203
1987-01-30,3.9916062355041504
1987-02-02,3.9267024993896484
1987-02-03,3.9429280757904053
1987-02-04,3.9591541290283203
1987-02-05,3.9591541290283203
1987-02-06,3.9591541290283203
1987-02-09,3.9429280757904053
1987-02-10,3.9429280757904053
1987-02-11,3.9591541290283203
1987-02-12,3.975381851196289
1987-02-13,4.121415138244629
1987-02-17,4.153866291046143
1987-02-18,4.088963031768799
1987-02-19,4.081128120422363
1987-02-20,4.081128120422363
1987-02-23,4.048477649688721
1987-02-24,4.048477649688721
1987-02-25,4.064802169799805
1987-02-26,4.081128120422363
1987-02-27,4.146424293518066
1987-03-02,4.146424293518066
1987-03-03,4.113775730133057
1987-03-04,4.113775730133057
1987-03-05,4.146424293518066
1987-03-06,4.179074287414551
1987-03-09,4.113775730133057
1987-03-10,4.097453594207764
1987-03-11,3.9831790924072266
1987-03-12,3.9831790924072266
1987-03-13,3.9831790924072266
1987-03-16,3.9831790924072266
1987-03-17,4.0158305168151855
1987-03-18,4.0158305168151855
1987-03-19,3.9831790924072266
1987-03-20,4.048477649688721
1987-03-23,3.9831790924072266
1987-03-24,4.048477649688721
1987-03-25,4.048477649688721
1987-03-26,4.081128120422363
1987-03-27,4.081128120422363
1987-03-30,4.113775730133057
1987-03-31,4.179074287414551
1987-04-01,4.146424293518066
1987-04-02,4.146424293518066
1987-04-03,4.146424293518066
1987-04-06,4.211724758148193
1987-04-07,4.211724758148193
1987-04-08,4.179074287414551
1987-04-09,4.211724758148193
1987-04-10,4.179074287414551
1987-04-13,4.179074287414551
1987-04-14,4.113775730133057
1987-04-15,4.146424293518066
1987-04-16,4.146424293518066
1987-04-20,4.146424293518066
1987-04-21,4.146424293518066
1987-04-22,4.179074287414551
1987-04-23,4.146424293518066
1987-04-24,4.146424293518066
1987-04-27,4.179074287414551
1987-04-28,4.146424293518066
1987-04-29,4.179074287414551
1987-04-30,4.211724758148193
1987-05-01,4.146424293518066
1987-05-04,4.146424293518066
1987-05-05,4.146424293518066
1987-05-06,4.211724758148193
1987-05-07,4.2280497550964355
1987-05-08,4.3749680519104
1987-05-11,4.472918510437012
1987-05-12,4.472918510437012
1987-05-13,4.407620429992676
1987-05-14,4.472918510437012
1987-05-15,4.440264701843262
1987-05-18,4.440264701843262
1987-05-19,4.440264701843262
1987-05-20,4.469182014465332
1987-05-21,4.469182014465332
1987-05-22,4.534908771514893
1987-05-26,4.534908771514893
1987-05-27,4.469182014465332
1987-05-28,4.469182014465332
1987-05-29,4.502048969268799
1987-06-01,4.600632667541504
1987-06-02,4.403461456298828
1987-06-03,4.469182014465332
1987-06-04,4.469182014465332
1987-06-05,4.534908771514893
1987-06-08,4.534908771514893
1987-06-09,4.567768573760986
1987-06-10,4.633495330810547
1987-06-11,4.567768573760986
1987-06-12,4.600632667541504
1987-06-15,4.600632667541504
1987-06-16,4.567768573760986
1987-06-17,4.567768573760986
1987-06-18,4.567768573760986
1987-06-19,4.666353225708008
1987-06-22,4.567768573760986
1987-06-23,4.600632667541504
1987-06-24,4.567768573760986
1987-06-25,4.567768573760986
1987-06-26,4.567768573760986
1987-06-29,4.567768573760986
1987-06-30,4.403461456298828
1987-07-01,4.304876327514648
1987-07-02,4.33773946762085
1987-07-06,4.272014617919922
1987-07-07,4.173428058624268
1987-07-08,4.206291198730469
1987-07-09,4.206291198730469
1987-07-10,4.206291198730469
1987-07-13,4.206291198730469
1987-07-14,4.272014617919922
1987-07-15,4.534908771514893
1987-07-16,4.764939785003662
1987-07-17,4.896384239196777
1987-07-20,4.797801494598389
1987-07-21,4.764939785003662
1987-07-22,4.797801494598389
1987-07-23,4.896384239196777
1987-07-24,4.92924690246582
1987-07-27,4.9949727058410645
1987-07-28,5.027834892272949
1987-07-29,4.9949727058410645
1987-07-30,5.027834892272949
1987-07-31,4.9949727058410645
1987-08-03,5.027834892272949
1987-08-04,5.027834892272949
1987-08-05,5.027834892272949
1987-08-06,4.962108612060547
1987-08-07,4.92924690246582
1987-08-10,4.92924690246582
1987-08-11,4.978540420532227
1987-08-12,4.896384239196777
1987-08-13,4.896384239196777
1987-08-14,4.863524436950684
1987-08-17,4.896384239196777
1987-08-18,4.797801494598389
1987-08-19,4.92924690246582
1987-08-20,5.222782135009766
1987-08-21,5.55333948135376
1987-08-24,5.55333948135376
1987-08-25,5.619450569152832
1987-08-26,5.817783355712891
1987-08-27,5.68556022644043
1987-08-28,5.75167179107666
1987-08-31,5.817783355712891
1987-09-01,5.950005054473877
1987-09-02,5.8838911056518555
1987-09-03,5.950005054473877
1987-09-04,6.016115188598633
1987-09-08,5.817783355712891
1987-09-09,5.817783355712891
1987-09-10,5.68556022644043
1987-09-11,5.75167179107666
1987-09-14,5.55333948135376
1987-09-15,5.55333948135376
1987-09-16,5.421115398406982
1987-09-17,5.421115398406982
1987-09-18,5.421115398406982
1987-09-21,5.222782135009766
1987-09-22,5.355005264282227
1987-09-23,5.355005264282227
1987-09-24,5.487229824066162
1987-09-25,5.487229824066162
1987-09-28,5.487229824066162
1987-09-29,5.421115398406982
1987-09-30,5.55333948135376
1987-10-01,5.421115398406982
1987-10-02,5.487229824066162
1987-10-05,5.68556022644043
1987-10-06,5.619450569152832
1987-10-07,5.68556022644043
1987-10-08,5.55333948135376
1987-10-09,5.487229824066162
1987-10-12,5.487229824066162
1987-10-13,5.421115398406982
1987-10-14,5.487229824066162
1987-10-15,5.15667200088501
1987-10-16,4.627781867980957
1987-10-19,4.231114387512207
1987-10-20,4.297224521636963
1987-10-21,4.991392612457275
1987-10-22,4.892225742340088
1987-10-23,4.627781867980957
1987-10-26,4.561670303344727
1987-10-27,4.561670303344727
1987-10-28,4.297224521636963
1987-10-29,4.198057174682617
1987-10-30,4.297224521636963
1987-11-02,4.231114387512207
1987-11-03,4.165002346038818
1987-11-04,4.098891258239746
1987-11-05,4.363336563110352
1987-11-06,4.297224521636963
1987-11-09,4.297224521636963
1987-11-10,4.165002346038818
1987-11-11,4.165002346038818
1987-11-12,4.363336563110352
1987-11-13,4.363336563110352
1987-11-16,4.363336563110352
1987-11-17,4.363336563110352
1987-11-18,4.297224521636963
1987-11-19,4.393075466156006
1987-11-20,4.259950637817383
1987-11-23,4.326512813568115
1987-11-24,4.326512813568115
1987-11-25,4.326512813568115
1987-11-27,4.326512813568115
1987-11-30,4.126826763153076
1987-12-01,4.193388938903809
1987-12-02,3.9937055110931396
1987-12-03,4.126826763153076
1987-12-04,3.927142381668091
1987-12-07,3.9937055110931396
1987-12-08,3.9937055110931396
1987-12-09,3.9937055110931396
1987-12-10,3.860581159591675
1987-12-11,3.927142381668091
1987-12-14,3.9604249000549316
1987-12-15,3.9937055110931396
1987-12-16,3.9937055110931396
1987-12-17,4.193388938903809
1987-12-18,4.193388938903809
1987-12-21,4.193388938903809
1987-12-22,4.193388938903809
1987-12-23,4.459634780883789
1987-12-24,4.426354885101318
1987-12-28,4.326512813568115
1987-12-29,4.259950637817383
1987-12-30,4.393075466156006
1987-12-31,4.326512813568115
1988-01-04,4.52619743347168
1988-01-05,4.459634780883789
1988-01-06,4.459634780883789
1988-01-07,4.65932035446167
1988-01-08,4.52619743347168
1988-01-11,4.52619743347168
1988-01-12,4.52619743347168
1988-01-13,4.459634780883789
1988-01-14,4.459634780883789
1988-01-15,4.5927605628967285
1988-01-18,4.459634780883789
1988-01-19,4.393075466156006
1988-01-20,4.326512813568115
1988-01-21,4.193388938903809
1988-01-22,4.459634780883789
1988-01-25,4.459634780883789
1988-01-26,4.326512813568115
1988-01-27,4.259950637817383
1988-01-28,4.326512813568115
1988-01-29,4.193388938903809
1988-02-01,4.326512813568115
1988-02-02,4.193388938903809
1988-02-03,4.126826763153076
1988-02-04,4.06026554107666
1988-02-05,4.126826763153076
1988-02-08,4.126826763153076
1988-02-09,3.9937055110931396
1988-02-10,4.06026554107666
1988-02-11,3.9937055110931396
1988-02-12,3.9937055110931396
1988-02-16,3.927142381668091
1988-02-17,3.927142381668091
1988-02-18,3.9937055110931396
1988-02-19,3.860581159591675
1988-02-22,3.9937055110931396
1988-02-23,3.889101505279541
1988-02-24,4.0232062339782715
1988-02-25,4.090261459350586
1988-02-26,3.9561543464660645
1988-02-29,4.224367618560791
1988-03-01,4.291420936584473
1988-03-02,4.2578959465026855
1988-03-03,4.49258279800415
1988-03-04,4.7607951164245605
1988-03-07,4.827851295471191
1988-03-08,4.827851295471191
1988-03-09,4.827851295471191
1988-03-10,4.827851295471191
1988-03-11,4.7607951164245605
1988-03-14,4.827851295471191
1988-03-15,4.827851295471191
1988-03-16,4.894903182983398
1988-03-17,4.827851295471191
1988-03-18,4.7607951164245605
1988-03-21,4.827851295471191
1988-03-22,4.827851295471191
1988-03-23,4.894903182983398
1988-03-24,4.827851295471191
1988-03-25,4.894903182983398
1988-03-28,4.894903182983398
1988-03-29,4.7607951164245605
1988-03-30,4.7607951164245605
1988-03-31,4.827851295471191
1988-04-04,4.7607951164245605
1988-04-05,4.693741798400879
1988-04-06,4.727268695831299
1988-04-07,4.7607951164245605
1988-04-08,4.693741798400879
1988-04-11,4.827851295471191
1988-04-12,4.894903182983398
1988-04-13,4.827851295471191
1988-04-14,4.827851295471191
1988-04-15,4.794321060180664
1988-04-18,4.7607951164245605
1988-04-19,4.693741798400879
1988-04-20,4.7607951164245605
1988-04-21,4.62669038772583
1988-04-22,4.660216331481934
1988-04-25,4.7607951164245605
1988-04-26,4.7607951164245605
1988-04-27,4.62669038772583
1988-04-28,4.62669038772583
1988-04-29,4.7607951164245605
1988-05-02,4.62669038772583
1988-05-03,4.693741798400879
1988-05-04,4.7607951164245605
1988-05-05,4.7607951164245605
1988-05-06,4.794321060180664
1988-05-09,4.827851295471191
1988-05-10,4.894903182983398
1988-05-11,4.727268695831299
1988-05-12,4.894903182983398
1988-05-13,4.894903182983398
1988-05-16,4.894903182983398
1988-05-17,4.961956024169922
1988-05-18,4.961956024169922
1988-05-19,4.827851295471191
1988-05-20,4.827851295471191
1988-05-23,4.827851295471191
1988-05-24,4.827851295471191
1988-05-25,4.862973213195801
1988-05-26,4.862973213195801
1988-05-27,4.930513381958008
1988-05-31,4.998054027557373
1988-06-01,5.13313627243042
1988-06-02,5.13313627243042
1988-06-03,5.0655951499938965
1988-06-06,4.998054027557373
1988-06-07,5.13313627243042
1988-06-08,4.998054027557373
1988-06-09,4.998054027557373
1988-06-10,4.862973213195801
1988-06-13,4.930513381958008
1988-06-14,4.998054027557373
1988-06-15,4.998054027557373
1988-06-16,4.930513381958008
1988-06-17,4.862973213195801
1988-06-20,4.862973213195801
1988-06-21,4.930513381958008
1988-06-22,4.930513381958008
1988-06-23,4.862973213195801
1988-06-24,4.795429706573486
1988-06-27,4.660346508026123
1988-06-28,4.592804908752441
1988-06-29,4.660346508026123
1988-06-30,4.795429706573486
1988-07-01,4.660346508026123
1988-07-05,4.727888107299805
1988-07-06,4.660346508026123
1988-07-07,4.457722187042236
1988-07-08,4.525264739990234
1988-07-11,4.592804908752441
1988-07-12,4.592804908752441
1988-07-13,4.592804908752441
1988-07-14,4.525264739990234
1988-07-15,4.525264739990234
1988-07-18,4.592804908752441
1988-07-19,4.592804908752441
1988-07-20,4.592804908752441
1988-07-21,4.592804908752441
1988-07-22,4.457722187042236
1988-07-25,4.457722187042236
1988-07-26,4.457722187042236
1988-07-27,4.559035778045654
1988-07-28,4.457722187042236
1988-07-29,4.457722187042236
1988-08-01,4.592804908752441
1988-08-02,4.626575946807861
1988-08-03,4.626575946807861
1988-08-04,4.660346508026123
1988-08-05,4.660346508026123
1988-08-08,4.626575946807861
1988-08-09,4.626575946807861
1988-08-10,4.626575946807861
1988-08-11,4.626575946807861
1988-08-12,4.626575946807861
1988-08-15,4.626575946807861
1988-08-16,4.626575946807861
1988-08-17,4.592804908752441
1988-08-18,4.592804908752441
1988-08-19,4.660346508026123
1988-08-22,4.626575946807861
1988-08-23,4.559035778045654
1988-08-24,4.594428539276123
1988-08-25,4.6284613609313965
1988-08-26,4.424264430999756
1988-08-29,4.424264430999756
1988-08-30,4.492330551147461
1988-08-31,4.492330551147461
1988-09-01,4.356199741363525
1988-09-02,4.424264430999756
1988-09-06,4.356199741363525
1988-09-07,4.356199741363525
1988-09-08,4.356199741363525
1988-09-09,4.492330551147461
1988-09-12,4.560396671295166
1988-09-13,4.560396671295166
1988-09-14,4.4582977294921875
1988-09-15,4.4582977294921875
1988-09-16,4.560396671295166
1988-09-19,4.492330551147461
1988-09-20,4.492330551147461
1988-09-21,4.492330551147461
1988-09-22,4.526363849639893
1988-09-23,4.492330551147461
1988-09-26,4.492330551147461
1988-09-27,4.4582977294921875
1988-09-28,4.4582977294921875
1988-09-29,4.526363849639893
1988-09-30,4.560396671295166
1988-10-03,4.492330551147461
1988-10-04,4.560396671295166
1988-10-05,4.4582977294921875
1988-10-06,4.390233516693115
1988-10-07,4.492330551147461
1988-10-10,4.356199741363525
1988-10-11,4.288131237030029
1988-10-12,4.356199741363525
1988-10-13,4.322166919708252
1988-10-14,4.424264430999756
1988-10-17,4.424264430999756
1988-10-18,4.424264430999756
1988-10-19,4.322166919708252
1988-10-20,4.288131237030029
1988-10-21,4.15200138092041
1988-10-24,4.220068454742432
1988-10-25,4.15200138092041
1988-10-26,4.083937168121338
1988-10-27,4.186033725738525
1988-10-28,4.083937168121338
1988-10-31,4.083937168121338
1988-11-01,4.015871524810791
1988-11-02,4.083937168121338
1988-11-03,3.947805166244507
1988-11-04,3.8797409534454346
1988-11-07,3.8797409534454346
1988-11-08,3.947805166244507
1988-11-09,3.947805166244507
1988-11-10,3.8797409534454346
1988-11-11,3.947805166244507
1988-11-14,3.8797409534454346
1988-11-15,4.015871524810791
1988-11-16,4.015871524810791
1988-11-17,4.015871524810791
1988-11-18,3.981839656829834
1988-11-21,3.981839656829834
1988-11-22,4.017550945281982
1988-11-23,4.017550945281982
1988-11-25,4.017550945281982
1988-11-28,4.017550945281982
1988-11-29,3.98321270942688
1988-11-30,4.0862274169921875
1988-12-01,4.12056303024292
1988-12-02,4.051889896392822
1988-12-05,4.12056303024292
1988-12-06,4.22357702255249
1988-12-07,4.1892409324646
1988-12-08,4.1892409324646
1988-12-09,4.1892409324646
1988-12-12,4.257915019989014
1988-12-13,4.257915019989014
1988-12-14,4.257915019989014
1988-12-15,4.257915019989014
1988-12-16,4.257915019989014
1988-12-19,4.395268440246582
1988-12-20,4.395268440246582
1988-12-21,4.257915019989014
1988-12-22,4.257915019989014
1988-12-23,4.257915019989014
1988-12-27,4.292253494262695
1988-12-28,4.326590538024902
1988-12-29,4.360930442810059
1988-12-30,4.257915019989014
1989-01-03,4.257915019989014
1989-01-04,4.257915019989014
1989-01-05,4.326590538024902
1989-01-06,4.395268440246582
1989-01-09,4.326590538024902
1989-01-10,4.326590538024902
1989-01-11,4.326590538024902
1989-01-12,4.4639434814453125
1989-01-13,4.395268440246582
1989-01-16,4.326590538024902
1989-01-17,4.360930442810059
1989-01-18,4.326590538024902
1989-01-19,4.257915019989014
1989-01-20,4.326590538024902
1989-01-23,4.395268440246582
1989-01-24,4.395268440246582
1989-01-25,4.4639434814453125
1989-01-26,4.429605007171631
1989-01-27,4.326590538024902
1989-01-30,4.326590538024902
1989-01-31,4.326590538024902
1989-02-01,4.532619476318359
1989-02-02,4.4639434814453125
1989-02-03,4.4639434814453125
1989-02-06,4.4639434814453125
1989-02-07,4.532619476318359
1989-02-08,4.532619476318359
1989-02-09,4.532619476318359
1989-02-10,4.738649368286133
1989-02-13,4.704310894012451
1989-02-14,4.807323932647705
1989-02-15,4.807323932647705
1989-02-16,4.841662883758545
1989-02-17,4.841662883758545
1989-02-21,4.843045711517334
1989-02-22,4.7046732902526855
1989-02-23,4.843045711517334
1989-02-24,4.773860931396484
1989-02-27,4.773860931396484
1989-02-28,4.843045711517334
1989-03-01,4.843045711517334
1989-03-02,4.912233352661133
1989-03-03,4.843045711517334
1989-03-06,4.912233352661133
1989-03-07,4.843045711517334
1989-03-08,4.912233352661133
1989-03-09,4.843045711517334
1989-03-10,4.843045711517334
1989-03-13,4.912233352661133
1989-03-14,4.98142147064209
1989-03-15,4.912233352661133
1989-03-16,4.98142147064209
1989-03-17,4.912233352661133
1989-03-20,4.946824550628662
1989-03-21,4.912233352661133
1989-03-22,4.843045711517334
1989-03-23,4.843045711517334
1989-03-27,4.843045711517334
1989-03-28,4.8776397705078125
1989-03-29,4.8776397705078125
1989-03-30,4.843045711517334
1989-03-31,4.843045711517334
1989-04-03,4.8776397705078125
1989-04-04,4.843045711517334
1989-04-05,4.912233352661133
1989-04-06,4.843045711517334
1989-04-07,4.946824550628662
1989-04-10,4.912233352661133
1989-04-11,4.912233352661133
1989-04-12,4.912233352661133
1989-04-13,4.912233352661133
1989-04-14,4.946824550628662
1989-04-17,4.912233352661133
1989-04-18,4.843045711517334
1989-04-19,4.912233352661133
1989-04-20,4.912233352661133
1989-04-21,4.912233352661133
1989-04-24,5.016011714935303
1989-04-25,5.050605297088623
1989-04-26,4.912233352661133
1989-04-27,4.98142147064209
1989-04-28,4.98142147064209
1989-05-01,4.912233352661133
1989-05-02,4.912233352661133
1989-05-03,4.98142147064209
1989-05-04,4.912233352661133
1989-05-05,5.08519983291626
1989-05-08,5.119792461395264
1989-05-09,5.2581658363342285
1989-05-10,5.361944198608398
1989-05-11,5.327352046966553
1989-05-12,5.327352046966553
1989-05-15,5.46572732925415
1989-05-16,5.396536350250244
1989-05-17,5.396536350250244
1989-05-18,5.327352046966553
1989-05-19,5.396536350250244
1989-05-22,5.46572732925415
1989-05-23,5.327352046966553
1989-05-24,5.369190216064453
1989-05-25,5.438917636871338
1989-05-26,5.438917636871338
1989-05-30,5.438917636871338
1989-05-31,5.438917636871338
1989-06-01,5.578378677368164
1989-06-02,5.578378677368164
1989-06-05,5.578378677368164
1989-06-06,5.508650302886963
1989-06-07,5.71783971786499
1989-06-08,5.578378677368164
1989-06-09,5.64810848236084
1989-06-12,5.64810848236084
1989-06-13,5.508650302886963
1989-06-14,5.438917636871338
1989-06-15,5.264593601226807
1989-06-16,5.299459457397461
1989-06-19,5.299459457397461
1989-06-20,5.299459457397461
1989-06-21,5.194863796234131
1989-06-22,5.264593601226807
1989-06-23,5.229731559753418
1989-06-26,5.299459457397461
1989-06-27,5.369190216064453
1989-06-28,5.334323883056641
1989-06-29,5.299459457397461
1989-06-30,5.334323883056641
1989-07-03,5.369190216064453
1989-07-05,5.369190216064453
1989-07-06,5.229731559753418
1989-07-07,5.229731559753418
1989-07-10,5.334323883056641
1989-07-11,5.299459457397461
1989-07-12,5.334323883056641
1989-07-13,5.334323883056641
1989-07-14,5.334323883056641
1989-07-17,5.369190216064453
1989-07-18,5.438917636871338
1989-07-19,5.160001277923584
1989-07-20,5.160001277923584
1989-07-21,5.229731559753418
1989-07-24,5.160001277923584
1989-07-25,5.160001277923584
1989-07-26,5.160001277923584
1989-07-27,5.299459457397461
1989-07-28,5.369190216064453
1989-07-31,5.578378677368164
1989-08-01,5.438917636871338
1989-08-02,5.438917636871338
1989-08-03,5.508650302886963
1989-08-04,5.508650302886963
1989-08-07,5.578378677368164
1989-08-08,5.64810848236084
1989-08-09,5.71783971786499
1989-08-10,5.787569522857666
1989-08-11,5.64810848236084
1989-08-14,5.71783971786499
1989-08-15,5.64810848236084
1989-08-16,5.64810848236084
1989-08-17,5.64810848236084
1989-08-18,5.64810848236084
1989-08-21,5.508650302886963
1989-08-22,5.64810848236084
1989-08-23,5.6200079917907715
1989-08-24,5.690258979797363
1989-08-25,5.690258979797363
1989-08-28,5.760510444641113
1989-08-29,5.971258640289307
1989-08-30,5.830761909484863
1989-08-31,5.9010090827941895
1989-09-01,5.795633792877197
1989-09-05,5.795633792877197
1989-09-06,5.830761909484863
1989-09-07,5.830761909484863
1989-09-08,5.830761909484863
1989-09-11,5.795633792877197
1989-09-12,5.830761909484863
1989-09-13,5.830761909484863
1989-09-14,5.795633792877197
1989-09-15,5.795633792877197
1989-09-18,5.971258640289307
1989-09-19,5.9010090827941895
1989-09-20,5.865883827209473
1989-09-21,5.830761909484863
1989-09-22,5.865883827209473
1989-09-25,5.865883827209473
1989-09-26,5.865883827209473
1989-09-27,5.865883827209473
1989-09-28,5.9010090827941895
1989-09-29,5.936135292053223
1989-10-02,5.936135292053223
1989-10-03,5.9010090827941895
1989-10-04,5.936135292053223
1989-10-05,6.041508197784424
1989-10-06,6.182010650634766
1989-10-09,6.182010650634766
1989-10-10,6.076636791229248
1989-10-11,6.076636791229248
1989-10-12,6.041508197784424
1989-10-13,5.9010090827941895
1989-10-16,5.6200079917907715
1989-10-17,5.5848846435546875
1989-10-18,5.409257888793945
1989-10-19,5.479508399963379
1989-10-20,5.479508399963379
1989-10-23,5.549760341644287
1989-10-24,5.33900785446167
1989-10-25,5.268759250640869
1989-10-26,5.33900785446167
1989-10-27,5.198507308959961
1989-10-30,5.198507308959961
1989-10-31,5.374131679534912
1989-11-01,5.409257888793945
1989-11-02,5.268759250640869
1989-11-03,5.303883075714111
1989-11-06,5.268759250640869
1989-11-07,5.33900785446167
1989-11-08,5.33900785446167
1989-11-09,5.33900785446167
1989-11-10,5.33900785446167
1989-11-13,5.33900785446167
1989-11-14,5.33900785446167
1989-11-15,5.33900785446167
1989-11-16,5.268759250640869
1989-11-17,5.268759250640869
1989-11-20,5.303883075714111
1989-11-21,5.310964584350586
1989-11-22,5.310964584350586
1989-11-24,5.381776809692383
1989-11-27,5.310964584350586
1989-11-28,5.310964584350586
1989-11-29,5.381776809692383
1989-11-30,5.381776809692383
1989-12-01,5.381776809692383
1989-12-04,5.381776809692383
1989-12-05,5.381776809692383
1989-12-06,5.310964584350586
1989-12-07,5.381776809692383
1989-12-08,5.310964584350586
1989-12-11,5.381776809692383
1989-12-12,5.310964584350586
1989-12-13,5.346368789672852
1989-12-14,5.310964584350586
1989-12-15,5.310964584350586
1989-12-18,5.310964584350586
1989-12-19,5.240150451660156
1989-12-20,5.275555610656738
1989-12-21,5.310964584350586
1989-12-22,5.240150451660156
1989-12-26,5.240150451660156
1989-12-27,5.275555610656738
1989-12-28,5.310964584350586
1989-12-29,5.346368789672852
1990-01-02,5.310964584350586
1990-01-03,5.275555610656738
1990-01-04,5.275555610656738
1990-01-05,5.240150451660156
1990-01-08,5.240150451660156
1990-01-09,5.275555610656738
1990-01-10,5.240150451660156
1990-01-11,5.240150451660156
1990-01-12,5.310964584350586
1990-01-15,5.240150451660156
1990-01-16,5.240150451660156
1990-01-17,5.346368789672852
1990-01-18,5.310964584350586
1990-01-19,5.346368789672852
1990-01-22,5.310964584350586
1990-01-23,5.346368789672852
1990-01-24,5.240150451660156
1990-01-25,5.275555610656738
1990-01-26,5.275555610656738
1990-01-29,5.240150451660156
1990-01-30,5.310964584350586
1990-01-31,5.240150451660156
1990-02-01,5.310964584350586
1990-02-02,5.240150451660156
1990-02-05,5.275555610656738
1990-02-06,5.275555610656738
1990-02-07,5.310964584350586
1990-02-08,5.381776809692383
1990-02-09,5.381776809692383
1990-02-12,5.346368789672852
1990-02-13,5.452589511871338
1990-02-14,5.381776809692383
1990-02-15,5.346368789672852
1990-02-16,5.346368789672852
1990-02-20,5.496269702911377
1990-02-21,5.3891987800598145
1990-02-22,5.496269702911377
1990-02-23,5.460580348968506
1990-02-26,5.353507041931152
1990-02-27,5.353507041931152
1990-02-28,5.424887657165527
1990-03-01,5.353507041931152
1990-03-02,5.424887657165527
1990-03-05,5.353507041931152
1990-03-06,5.424887657165527
1990-03-07,5.424887657165527
1990-03-08,5.460580348968506
1990-03-09,5.424887657165527
1990-03-12,5.424887657165527
1990-03-13,5.424887657165527
1990-03-14,5.3891987800598145
1990-03-15,5.3891987800598145
1990-03-16,5.424887657165527
1990-03-19,5.424887657165527
1990-03-20,5.424887657165527
1990-03-21,5.460580348968506
1990-03-22,5.460580348968506
1990-03-23,5.424887657165527
1990-03-26,5.496269702911377
1990-03-27,5.460580348968506
1990-03-28,5.496269702911377
1990-03-29,5.460580348968506
1990-03-30,5.496269702911377
1990-04-02,5.460580348968506
1990-04-03,5.460580348968506
1990-04-04,5.460580348968506
1990-04-05,5.460580348968506
1990-04-06,5.496269702911377
1990-04-09,5.460580348968506
1990-04-10,5.460580348968506
1990-04-11,5.460580348968506
1990-04-12,5.424887657165527
1990-04-16,5.424887657165527
1990-04-17,5.424887657165527
1990-04-18,5.496269702911377
1990-04-19,5.424887657165527
1990-04-20,5.353507041931152
1990-04-23,5.353507041931152
1990-04-24,5.353507041931152
1990-04-25,5.353507041931152
1990-04-26,5.353507041931152
1990-04-27,5.353507041931152
1990-04-30,5.353507041931152
1990-05-01,5.424887657165527
1990-05-02,5.3891987800598145
1990-05-03,5.3178181648254395
1990-05-04,5.424887657165527
1990-05-07,5.424887657165527
1990-05-08,5.460580348968506
1990-05-09,5.460580348968506
1990-05-10,5.424887657165527
1990-05-11,5.424887657165527
1990-05-14,5.460580348968506
1990-05-15,5.460580348968506
1990-05-16,5.460580348968506
1990-05-17,5.460580348968506
1990-05-18,5.460580348968506
1990-05-21,5.460580348968506
1990-05-22,5.460580348968506
1990-05-23,5.509554862976074
1990-05-24,5.617583751678467
1990-05-25,5.545562744140625
1990-05-29,5.761623859405518
1990-05-30,5.545562744140625
1990-05-31,5.689604759216309
1990-06-01,5.689604759216309
1990-06-04,5.617583751678467
1990-06-05,5.617583751678467
1990-06-06,5.725612163543701
1990-06-07,5.689604759216309
1990-06-08,5.725612163543701
1990-06-11,5.833642959594727
1990-06-12,5.905664920806885
1990-06-13,5.977685451507568
1990-06-14,6.049705505371094
1990-06-15,6.049705505371094
1990-06-18,5.905664920806885
1990-06-19,5.833642959594727
1990-06-20,5.977685451507568
1990-06-21,5.833642959594727
1990-06-22,5.689604759216309
1990-06-25,5.725612163543701
1990-06-26,5.761623859405518
1990-06-27,5.833642959594727
1990-06-28,5.761623859405518
1990-06-29,5.833642959594727
1990-07-02,5.905664920806885
1990-07-03,5.833642959594727
1990-07-05,5.833642959594727
1990-07-06,5.833642959594727
1990-07-09,5.977685451507568
1990-07-10,5.869653701782227
1990-07-11,5.869653701782227
1990-07-12,5.977685451507568
1990-07-13,6.049705505371094
1990-07-16,6.40980863571167
1990-07-17,6.553849697113037
1990-07-18,6.337786674499512
1990-07-19,6.40980863571167
1990-07-20,6.40980863571167
1990-07-23,6.40980863571167
1990-07-24,6.40980863571167
1990-07-25,6.40980863571167
1990-07-26,6.40980863571167
1990-07-27,6.553849697113037
1990-07-30,6.40980863571167
1990-07-31,6.481826305389404
1990-08-01,6.481826305389404
1990-08-02,6.481826305389404
1990-08-03,6.337786674499512
1990-08-06,6.265766620635986
1990-08-07,6.049705505371094
1990-08-08,6.049705505371094
1990-08-09,5.977685451507568
1990-08-10,5.689604759216309
1990-08-13,5.905664920806885
1990-08-14,5.905664920806885
1990-08-15,5.905664920806885
1990-08-16,5.977685451507568
1990-08-17,5.833642959594727
1990-08-20,5.833642959594727
1990-08-21,5.617583751678467
1990-08-22,5.666988849639893
1990-08-23,5.013103485107422
1990-08-24,5.158411026000977
1990-08-27,5.2310662269592285
1990-08-28,5.303717136383057
1990-08-29,5.303717136383057
1990-08-30,5.2310662269592285
1990-08-31,5.303717136383057
1990-09-04,5.2310662269592285
1990-09-05,5.2310662269592285
1990-09-06,5.2310662269592285
1990-09-07,5.2310662269592285
1990-09-10,5.2310662269592285
1990-09-11,5.2310662269592285
1990-09-12,5.449026107788086
1990-09-13,5.449026107788086
1990-09-14,5.376372337341309
1990-09-17,5.340045928955078
1990-09-18,5.376372337341309
1990-09-19,5.376372337341309
1990-09-20,5.303717136383057
1990-09-21,5.303717136383057
1990-09-24,5.376372337341309
1990-09-25,5.303717136383057
1990-09-26,5.2310662269592285
1990-09-27,5.2310662269592285
1990-09-28,5.2310662269592285
1990-10-01,5.267390727996826
1990-10-02,5.340045928955078
1990-10-03,5.303717136383057
1990-10-04,5.2310662269592285
1990-10-05,5.303717136383057
1990-10-08,5.303717136383057
1990-10-09,5.303717136383057
1990-10-10,5.1220855712890625
1990-10-11,5.158411026000977
1990-10-12,5.1220855712890625
1990-10-15,5.2310662269592285
1990-10-16,5.303717136383057
1990-10-17,5.158411026000977
1990-10-18,5.2310662269592285
1990-10-19,5.303717136383057
1990-10-22,5.2310662269592285
1990-10-23,5.2310662269592285
1990-10-24,5.303717136383057
1990-10-25,5.2310662269592285
1990-10-26,5.303717136383057
1990-10-29,5.267390727996826
1990-10-30,5.303717136383057
1990-10-31,5.2310662269592285
1990-11-01,5.303717136383057
1990-11-02,5.303717136383057
1990-11-05,5.303717136383057
1990-11-06,5.267390727996826
1990-11-07,5.267390727996826
1990-11-08,5.267390727996826
1990-11-09,5.376372337341309
1990-11-12,5.449026107788086
1990-11-13,5.521679878234863
1990-11-14,5.521679878234863
1990-11-15,5.449026107788086
1990-11-16,5.449026107788086
1990-11-19,5.340045928955078
1990-11-20,5.353243350982666
1990-11-21,5.353243350982666
1990-11-23,5.353243350982666
1990-11-26,5.426577568054199
1990-11-27,5.353243350982666
1990-11-28,5.573242664337158
1990-11-29,5.426577568054199
1990-11-30,5.573242664337158
1990-12-03,5.426577568054199
1990-12-04,5.426577568054199
1990-12-05,5.573242664337158
1990-12-06,5.573242664337158
1990-12-07,5.646575450897217
1990-12-10,5.4999098777771
1990-12-11,5.536576271057129
1990-12-12,5.4999098777771
1990-12-13,5.4999098777771
1990-12-14,5.389912128448486
1990-12-17,5.353243350982666
1990-12-18,5.426577568054199
1990-12-19,5.573242664337158
1990-12-20,5.463243007659912
1990-12-21,5.4999098777771
1990-12-24,5.573242664337158
1990-12-26,5.463243007659912
1990-12-27,5.426577568054199
1990-12-28,5.573242664337158
1990-12-31,5.573242664337158
1991-01-02,5.536576271057129
1991-01-03,5.426577568054199
1991-01-04,5.426577568054199
1991-01-07,5.426577568054199
1991-01-08,5.426577568054199
1991-01-09,5.353243350982666
1991-01-10,5.389912128448486
1991-01-11,5.426577568054199
1991-01-14,5.426577568054199
1991-01-15,5.279913902282715
1991-01-16,5.1332478523254395
1991-01-17,5.09658145904541
1991-01-18,4.9865851402282715
1991-01-21,4.619925022125244
1991-01-22,4.729923248291016
1991-01-23,4.8032546043396
1991-01-24,5.169915676116943
1991-01-25,5.353243350982666
1991-01-28,5.279913902282715
1991-01-29,5.426577568054199
1991-01-30,5.279913902282715
1991-01-31,5.316578388214111
1991-02-01,5.353243350982666
1991-02-04,5.316578388214111
1991-02-05,5.4999098777771
1991-02-06,5.426577568054199
1991-02-07,5.719907760620117
1991-02-08,5.719907760620117
1991-02-11,5.719907760620117
1991-02-12,5.719907760620117
1991-02-13,5.793242454528809
1991-02-14,5.793242454528809
1991-02-15,5.793242454528809
1991-02-19,5.769567966461182
1991-02-20,5.769567966461182
1991-02-21,5.843539237976074
1991-02-22,5.769567966461182
1991-02-25,5.769567966461182
1991-02-26,5.769567966461182
1991-02-27,5.769567966461182
1991-02-28,5.917505741119385
1991-03-01,5.769567966461182
1991-03-04,5.917505741119385
1991-03-05,5.917505741119385
1991-03-06,5.769567966461182
1991-03-07,5.917505741119385
1991-03-08,5.843539237976074
1991-03-11,5.917505741119385
1991-03-12,5.917505741119385
1991-03-13,5.843539237976074
1991-03-14,5.917505741119385
1991-03-15,5.88052225112915
1991-03-18,5.843539237976074
1991-03-19,5.769567966461182
1991-03-20,5.769567966461182
1991-03-21,5.769567966461182
1991-03-22,5.732588291168213
1991-03-25,5.843539237976074
1991-03-26,5.695598602294922
1991-03-27,5.843539237976074
1991-03-28,5.917505741119385
1991-04-01,5.917505741119385
1991-04-02,5.917505741119385
1991-04-03,5.917505741119385
1991-04-04,5.843539237976074
1991-04-05,5.843539237976074
1991-04-08,5.843539237976074
1991-04-09,5.917505741119385
1991-04-10,5.843539237976074
1991-04-11,5.954493999481201
1991-04-12,5.88052225112915
1991-04-15,5.9914751052856445
1991-04-16,5.9914751052856445
1991-04-17,5.917505741119385
1991-04-18,6.065445899963379
1991-04-19,5.917505741119385
1991-04-22,6.028458118438721
1991-04-23,5.954493999481201
1991-04-24,5.954493999481201
1991-04-25,5.9914751052856445
1991-04-26,6.028458118438721
1991-04-29,6.028458118438721
1991-04-30,6.065445899963379
1991-05-01,5.954493999481201
1991-05-02,6.028458118438721
1991-05-03,5.917505741119385
1991-05-06,5.954493999481201
1991-05-07,6.065445899963379
1991-05-08,5.9914751052856445
1991-05-09,6.065445899963379
1991-05-10,6.065445899963379
1991-05-13,5.917505741119385
1991-05-14,5.917505741119385
1991-05-15,5.843539237976074
1991-05-16,5.843539237976074
1991-05-17,5.954493999481201
1991-05-20,5.954493999481201
1991-05-21,6.065445899963379
1991-05-22,5.9914751052856445
1991-05-23,6.010890483856201
1991-05-24,6.010890483856201
1991-05-28,5.973554611206055
1991-05-29,6.122894763946533
1991-05-30,6.1602301597595215
1991-05-31,6.272231578826904
1991-06-03,6.122894763946533
1991-06-04,6.272231578826904
1991-06-05,6.720248222351074
1991-06-06,6.794919967651367
1991-06-07,6.645580768585205
1991-06-10,6.645580768585205
1991-06-11,6.496243476867676
1991-06-12,6.272231578826904
1991-06-13,6.309566020965576
1991-06-14,6.272231578826904
1991-06-17,6.272231578826904
1991-06-18,6.272231578826904
1991-06-19,6.197564601898193
1991-06-20,6.197564601898193
1991-06-21,6.122894763946533
1991-06-24,6.197564601898193
1991-06-25,6.197564601898193
1991-06-26,6.122894763946533
1991-06-27,6.197564601898193
1991-06-28,6.122894763946533
1991-07-01,6.272231578826904
1991-07-02,6.1602301597595215
1991-07-03,6.197564601898193
1991-07-05,6.272231578826904
1991-07-08,6.272231578826904
1991-07-09,6.085558891296387
1991-07-10,6.272231578826904
1991-07-11,6.197564601898193
1991-07-12,6.122894763946533
1991-07-15,6.272231578826904
1991-07-16,6.122894763946533
1991-07-17,6.085558891296387
1991-07-18,6.048223495483398
1991-07-19,6.197564601898193
1991-07-22,6.34690523147583
1991-07-23,6.272231578826904
1991-07-24,6.309566020965576
1991-07-25,6.421572208404541
1991-07-26,6.34690523147583
1991-07-29,6.570913314819336
1991-07-30,6.34690523147583
1991-07-31,6.421572208404541
1991-08-01,6.869588375091553
1991-08-02,6.794919967651367
1991-08-05,6.645580768585205
1991-08-06,6.720248222351074
1991-08-07,6.682916164398193
1991-08-08,6.794919967651367
1991-08-09,6.720248222351074
1991-08-12,6.720248222351074
1991-08-13,6.720248222351074
1991-08-14,6.794919967651367
1991-08-15,6.869588375091553
1991-08-16,6.720248222351074
1991-08-19,6.570913314819336
1991-08-20,6.570913314819336
1991-08-21,6.854113578796387
1991-08-22,6.8917694091796875
1991-08-23,6.8917694091796875
1991-08-26,6.9294328689575195
1991-08-27,6.9294328689575195
1991-08-28,6.854113578796387
1991-08-29,6.778792858123779
1991-08-30,6.8917694091796875
1991-09-03,6.778792858123779
1991-09-04,6.778792858123779
1991-09-05,6.778792858123779
1991-09-06,6.9294328689575195
1991-09-09,6.854113578796387
1991-09-10,6.854113578796387
1991-09-11,6.778792858123779
1991-09-12,6.778792858123779
1991-09-13,6.967092514038086
1991-09-16,6.854113578796387
1991-09-17,6.8917694091796875
1991-09-18,6.854113578796387
1991-09-19,6.854113578796387
1991-09-20,6.9294328689575195
1991-09-23,6.854113578796387
1991-09-24,6.9294328689575195
1991-09-25,6.854113578796387
1991-09-26,6.9294328689575195
1991-09-27,6.854113578796387
1991-09-30,7.004752159118652
1991-10-01,6.8917694091796875
1991-10-02,7.004752159118652
1991-10-03,6.9294328689575195
1991-10-04,6.816452980041504
1991-10-07,6.70347261428833
1991-10-08,6.70347261428833
1991-10-09,6.70347261428833
1991-10-10,6.70347261428833
1991-10-11,6.9294328689575195
1991-10-14,6.70347261428833
1991-10-15,6.70347261428833
1991-10-16,6.778792858123779
1991-10-17,6.6281538009643555
1991-10-18,6.854113578796387
1991-10-21,6.6281538009643555
1991-10-22,6.854113578796387
1991-10-23,6.6281538009643555
1991-10-24,7.004752159118652
1991-10-25,7.230714321136475
1991-10-28,7.080074787139893
1991-10-29,7.230714321136475
1991-10-30,7.531991481781006
1991-10-31,7.682631015777588
1991-11-01,8.059231758117676
1991-11-04,8.134552955627441
1991-11-05,8.285191535949707
1991-11-06,8.285191535949707
1991-11-07,8.32285213470459
1991-11-08,8.134552955627441
1991-11-11,8.059231758117676
1991-11-12,8.059231758117676
1991-11-13,8.134552955627441
1991-11-14,7.908590316772461
1991-11-15,7.230714321136475
1991-11-18,7.306033134460449
1991-11-19,7.230714321136475
1991-11-20,7.440254211425781
1991-11-21,7.4022955894470215
1991-11-22,7.516171932220459
1991-11-25,7.2884135246276855
1991-11-26,7.971700668334961
1991-11-27,8.351308822631836
1991-11-29,8.654989242553711
1991-12-02,8.351308822631836
1991-12-03,8.389267921447754
1991-12-04,8.351308822631836
1991-12-05,8.199463844299316
1991-12-06,8.351308822631836
1991-12-09,8.047623634338379
1991-12-10,7.743937969207764
1991-12-11,7.516171932220459
1991-12-12,7.364336013793945
1991-12-13,7.212491035461426
1991-12-16,7.440254211425781
1991-12-17,7.212491035461426
1991-12-18,7.060649394989014
1991-12-19,6.45328426361084
1991-12-20,6.45328426361084
1991-12-23,6.37736177444458
1991-12-24,6.415320873260498
1991-12-26,6.529202938079834
1991-12-27,6.756966590881348
1991-12-30,6.832887172698975
1991-12-31,7.364336013793945
1992-01-02,7.2884135246276855
1992-01-03,7.364336013793945
1992-01-06,7.440254211425781
1992-01-07,7.743937969207764
1992-01-08,7.819858551025391
1992-01-09,8.047623634338379
1992-01-10,7.895779609680176
1992-01-13,7.743937969207764
1992-01-14,7.743937969207764
1992-01-15,7.592098712921143
1992-01-16,7.743937969207764
1992-01-17,7.70597505569458
1992-01-20,7.743937969207764
1992-01-21,7.743937969207764
1992-01-22,7.819858551025391
1992-01-23,7.895779609680176
1992-01-24,7.895779609680176
1992-01-27,8.047623634338379
1992-01-28,7.819858551025391
1992-01-29,7.743937969207764
1992-01-30,8.047623634338379
1992-01-31,7.743937969207764
1992-02-03,7.933739185333252
1992-02-04,8.579068183898926
1992-02-05,8.958673477172852
1992-02-06,8.654989242553711
1992-02-07,8.579068183898926
1992-02-10,8.80683422088623
1992-02-11,8.80683422088623
1992-02-12,8.50314712524414
1992-02-13,8.80683422088623
1992-02-14,8.654989242553711
1992-02-18,8.483787536621094
1992-02-19,8.483787536621094
1992-02-20,9.171659469604492
1992-02-21,9.018799781799316
1992-02-24,9.018799781799316
1992-02-25,9.018799781799316
1992-02-26,9.248086929321289
1992-02-27,9.324522018432617
1992-02-28,9.095229148864746
1992-03-02,9.248086929321289
1992-03-03,9.286306381225586
1992-03-04,9.248086929321289
1992-03-05,9.477381706237793
1992-03-06,9.324522018432617
1992-03-09,9.171659469604492
1992-03-10,9.783102035522461
1992-03-11,9.553810119628906
1992-03-12,9.630242347717285
1992-03-13,9.477381706237793
1992-03-16,9.477381706237793
1992-03-17,9.171659469604492
1992-03-18,9.171659469604492
1992-03-19,9.477381706237793
1992-03-20,9.553810119628906
1992-03-23,9.515594482421875
1992-03-24,9.783102035522461
1992-03-25,9.706676483154297
1992-03-26,9.859535217285156
1992-03-27,10.394548416137695
1992-03-30,10.623839378356934
1992-03-31,10.700271606445312
1992-04-01,10.470977783203125
1992-04-02,10.088823318481445
1992-04-03,10.088823318481445
1992-04-06,10.241687774658203
1992-04-07,9.630242347717285
1992-04-08,9.018799781799316
1992-04-09,9.248086929321289
1992-04-10,9.018799781799316
1992-04-13,9.171659469604492
1992-04-14,9.248086929321289
1992-04-15,9.897750854492188
1992-04-16,10.012394905090332
1992-04-20,9.935962677001953
1992-04-21,9.553810119628906
1992-04-22,9.171659469604492
1992-04-23,9.706676483154297
1992-04-24,9.592029571533203
1992-04-27,9.515594482421875
1992-04-28,9.248086929321289
1992-04-29,9.706676483154297
1992-04-30,9.630242347717285
1992-05-01,10.470977783203125
1992-05-04,11.311713218688965
1992-05-05,11.00599479675293
1992-05-06,11.00599479675293
1992-05-07,11.00599479675293
1992-05-08,11.044203758239746
1992-05-11,11.082418441772461
1992-05-12,11.082418441772461
1992-05-13,10.776702880859375
1992-05-14,10.891348838806152
1992-05-15,10.814911842346191
1992-05-18,10.700271606445312
1992-05-19,11.311713218688965
1992-05-20,11.23528003692627
1992-05-21,11.23528003692627
1992-05-22,11.19707202911377
1992-05-26,11.082418441772461
1992-05-27,11.00599479675293
1992-05-28,11.224328994750977
1992-05-29,11.378085136413574
1992-06-01,11.1090087890625
1992-06-02,11.14744758605957
1992-06-03,10.9168119430542
1992-06-04,10.993691444396973
1992-06-05,10.993691444396973
1992-06-08,11.14744758605957
1992-06-09,11.301206588745117
1992-06-10,11.14744758605957
1992-06-11,11.224328994750977
1992-06-12,11.301206588745117
1992-06-15,11.301206588745117
1992-06-16,10.839935302734375
1992-06-17,10.071141242980957
1992-06-18,9.994261741638184
1992-06-19,9.802064895629883
1992-06-22,9.53299331665039
1992-06-23,9.840507507324219
1992-06-24,9.763628959655762
1992-06-25,9.802064895629883
1992-06-26,9.686749458312988
1992-06-29,8.99483585357666
1992-06-30,8.687324523925781
1992-07-01,8.91795825958252
1992-07-02,9.14859676361084
1992-07-06,9.14859676361084
1992-07-07,9.14859676361084
1992-07-08,9.14859676361084
1992-07-09,8.99483585357666
1992-07-10,8.91795825958252
1992-07-13,9.0717191696167
1992-07-14,9.686749458312988
1992-07-15,10.14802074432373
1992-07-16,10.301779747009277
1992-07-17,9.686749458312988
1992-07-20,9.917387008666992
1992-07-21,9.917387008666992
1992-07-22,9.763628959655762
1992-07-23,9.840507507324219
1992-07-24,9.994261741638184
1992-07-27,9.763628959655762
1992-07-28,10.071141242980957
1992-07-29,9.994261741638184
1992-07-30,10.14802074432373
1992-07-31,9.840507507324219
1992-08-03,10.14802074432373
1992-08-04,10.14802074432373
1992-08-05,9.763628959655762
1992-08-06,9.840507507324219
1992-08-07,9.840507507324219
1992-08-10,9.917387008666992
1992-08-11,9.994261741638184
1992-08-12,9.994261741638184
1992-08-13,10.14802074432373
1992-08-14,10.14802074432373
1992-08-17,10.224902153015137
1992-08-18,9.917387008666992
1992-08-19,10.29191780090332
1992-08-20,10.29191780090332
1992-08-21,10.369298934936523
1992-08-24,10.214532852172852
1992-08-25,10.214532852172852
1992-08-26,9.750239372253418
1992-08-27,10.214532852172852
1992-08-28,10.059772491455078
1992-08-31,10.214532852172852
1992-09-01,10.059772491455078
1992-09-02,10.059772491455078
1992-09-03,9.827621459960938
1992-09-04,10.137152671813965
1992-09-08,10.137152671813965
1992-09-09,9.866312980651855
1992-09-10,10.137152671813965
1992-09-11,10.137152671813965
1992-09-14,10.137152671813965
1992-09-15,10.137152671813965
1992-09-16,10.059772491455078
1992-09-17,9.59547233581543
1992-09-18,9.750239372253418
1992-09-21,9.750239372253418
1992-09-22,9.750239372253418
1992-09-23,9.59547233581543
1992-09-24,9.59547233581543
1992-09-25,9.285945892333984
1992-09-28,9.208560943603516
1992-09-29,8.899029731750488
1992-09-30,8.899029731750488
1992-10-01,8.899029731750488
1992-10-02,8.782954216003418
1992-10-05,8.976409912109375
1992-10-06,9.053792953491211
1992-10-07,8.744263648986816
1992-10-08,8.976409912109375
1992-10-09,8.744263648986816
1992-10-12,8.976409912109375
1992-10-13,8.93772029876709
1992-10-14,9.13117504119873
1992-10-15,9.518088340759277
1992-10-16,9.59547233581543
1992-10-19,9.634164810180664
1992-10-20,9.711546897888184
1992-10-21,9.672856330871582
1992-10-22,9.750239372253418
1992-10-23,9.750239372253418
1992-10-26,10.214532852172852
1992-10-27,10.021078109741211
1992-10-28,9.905003547668457
1992-10-29,9.982386589050293
1992-10-30,10.059772491455078
1992-11-02,9.982386589050293
1992-11-03,9.59547233581543
1992-11-04,9.788928031921387
1992-11-05,9.827621459960938
1992-11-06,9.827621459960938
1992-11-09,9.982386589050293
1992-11-10,10.601449012756348
1992-11-11,10.6788330078125
1992-11-12,10.6788330078125
1992-11-13,10.833599090576172
1992-11-16,10.369298934936523
1992-11-17,10.833599090576172
1992-11-18,10.898987770080566
1992-11-19,11.054691314697266
1992-11-20,11.24931526184082
1992-11-23,10.976838111877441
1992-11-24,11.210391998291016
1992-11-25,11.210391998291016
1992-11-27,11.210391998291016
1992-11-30,11.210391998291016
1992-12-01,11.054691314697266
1992-12-02,11.132540702819824
1992-12-03,11.132540702819824
1992-12-04,11.171469688415527
1992-12-07,11.171469688415527
1992-12-08,11.288240432739258
1992-12-09,11.366087913513184
1992-12-10,11.366087913513184
1992-12-11,11.366087913513184
1992-12-14,11.366087913513184
1992-12-15,11.366087913513184
1992-12-16,11.210391998291016
1992-12-17,11.482864379882812
1992-12-18,11.521797180175781
1992-12-21,11.599642753601074
1992-12-22,11.443939208984375
1992-12-23,11.521797180175781
1992-12-24,11.521797180175781
1992-12-28,11.521797180175781
1992-12-29,11.521797180175781
1992-12-30,11.210391998291016
1992-12-31,11.755340576171875
1993-01-04,11.794269561767578
1993-01-05,11.833189964294434
1993-01-06,11.521797180175781
1993-01-07,11.833189964294434
1993-01-08,11.833189964294434
1993-01-11,11.833189964294434
1993-01-12,11.521797180175781
1993-01-13,11.521797180175781
1993-01-14,11.210391998291016
1993-01-15,11.132540702819824
1993-01-18,10.976838111877441
1993-01-19,11.210391998291016
1993-01-20,11.366087913513184
1993-01-21,11.833189964294434
1993-01-22,12.300293922424316
1993-01-25,12.300293922424316
1993-01-26,12.144590377807617
1993-01-27,12.144590377807617
1993-01-28,12.144590377807617
1993-01-29,12.144590377807617
1993-02-01,11.833189964294434
1993-02-02,11.872117042541504
1993-02-03,12.144590377807617
1993-02-04,12.222437858581543
1993-02-05,11.9888916015625
1993-02-08,12.222437858581543
1993-02-09,12.300293922424316
1993-02-10,12.37813949584961
1993-02-11,12.7673921585083
1993-02-12,12.61169147491455
1993-02-16,12.533841133117676
1993-02-17,11.755340576171875
1993-02-18,12.37813949584961
1993-02-19,12.105668067932129
1993-02-22,12.533841133117676
1993-02-23,12.677833557128906
1993-02-24,12.443059921264648
1993-02-25,12.443059921264648
1993-02-26,12.677833557128906
1993-03-01,13.616936683654785
1993-03-02,14.556037902832031
1993-03-03,13.92996597290039
1993-03-04,13.616936683654785
1993-03-05,13.303906440734863
1993-03-08,12.99087142944336
1993-03-09,12.834352493286133
1993-03-10,13.147387504577637
1993-03-11,12.834352493286133
1993-03-12,13.147387504577637
1993-03-15,12.99087142944336
1993-03-16,13.147387504577637
1993-03-17,12.834352493286133
1993-03-18,12.834352493286133
1993-03-19,13.069137573242188
1993-03-22,12.834352493286133
1993-03-23,12.834352493286133
1993-03-24,12.677833557128906
1993-03-25,12.208285331726074
1993-03-26,12.521318435668945
1993-03-29,12.521318435668945
1993-03-30,12.286541938781738
1993-03-31,12.36480712890625
1993-04-01,12.208285331726074
1993-04-02,12.208285331726074
1993-04-05,12.521318435668945
1993-04-06,12.208285331726074
1993-04-07,12.834352493286133
1993-04-08,12.99087142944336
1993-04-12,12.99087142944336
1993-04-13,13.303906440734863
1993-04-14,13.303906440734863
1993-04-15,13.616936683654785
1993-04-16,13.147387504577637
1993-04-19,13.147387504577637
1993-04-20,13.069137573242188
1993-04-21,13.147387504577637
1993-04-22,12.99087142944336
1993-04-23,12.99087142944336
1993-04-26,12.36480712890625
1993-04-27,12.521318435668945
1993-04-28,12.443059921264648
1993-04-29,12.208285331726074
1993-04-30,12.521318435668945
1993-05-03,12.521318435668945
1993-05-04,12.834352493286133
1993-05-05,12.99087142944336
1993-05-06,12.99087142944336
1993-05-07,12.99087142944336
1993-05-10,13.147387504577637
1993-05-11,12.521318435668945
1993-05-12,12.36480712890625
1993-05-13,12.834352493286133
1993-05-14,12.834352493286133
1993-05-17,13.147387504577637
1993-05-18,12.99087142944336
1993-05-19,13.460419654846191
1993-05-20,13.460419654846191
1993-05-21,13.460419654846191
1993-05-24,13.773458480834961
1993-05-25,13.845833778381348
1993-05-26,14.160506248474121
1993-05-27,14.317845344543457
1993-05-28,14.160506248474121
1993-06-01,13.767158508300781
1993-06-02,14.003168106079102
1993-06-03,13.767158508300781
1993-06-04,14.003168106079102
1993-06-07,13.531147003173828
1993-06-08,12.74445629119873
1993-06-09,12.901793479919434
1993-06-10,13.059135437011719
1993-06-11,13.059135437011719
1993-06-14,12.587120056152344
1993-06-15,12.587120056152344
1993-06-16,12.587120056152344
1993-06-17,12.74445629119873
1993-06-18,12.351112365722656
1993-06-21,12.901793479919434
1993-06-22,13.216472625732422
1993-06-23,13.688488006591797
1993-06-24,13.767158508300781
1993-06-25,13.845833778381348
1993-06-28,13.845833778381348
1993-06-29,13.845833778381348
1993-06-30,13.531147003173828
1993-07-01,13.609819412231445
1993-07-02,13.373812675476074
1993-07-06,13.373812675476074
1993-07-07,12.901793479919434
1993-07-08,12.980466842651367
1993-07-09,13.216472625732422
1993-07-12,13.059135437011719
1993-07-13,13.216472625732422
1993-07-14,12.901793479919434
1993-07-15,12.901793479919434
1993-07-16,13.216472625732422
1993-07-19,12.980466842651367
1993-07-20,12.901793479919434
1993-07-21,12.980466842651367
1993-07-22,12.74445629119873
1993-07-23,12.901793479919434
1993-07-26,12.901793479919434
1993-07-27,12.74445629119873
1993-07-28,12.901793479919434
1993-07-29,12.901793479919434
1993-07-30,12.429780006408691
1993-08-02,12.74445629119873
1993-08-03,12.587120056152344
1993-08-04,12.587120056152344
1993-08-05,13.059135437011719
1993-08-06,12.823125839233398
1993-08-09,12.901793479919434
1993-08-10,12.980466842651367
1993-08-11,13.059135437011719
1993-08-12,12.901793479919434
1993-08-13,12.901793479919434
1993-08-16,13.059135437011719
1993-08-17,12.901793479919434
1993-08-18,13.059135437011719
1993-08-19,13.216472625732422
1993-08-20,12.901793479919434
1993-08-23,12.901793479919434
1993-08-24,13.291032791137695
1993-08-25,13.449260711669922
1993-08-26,13.607481002807617
1993-08-27,13.291032791137695
1993-08-30,13.291032791137695
1993-08-31,14.240392684936523
1993-09-01,14.082165718078613
1993-09-02,14.3986177444458
1993-09-03,14.240392684936523
1993-09-07,14.3986177444458
1993-09-08,14.319507598876953
1993-09-09,14.082165718078613
1993-09-10,14.873297691345215
1993-09-13,14.715071678161621
1993-09-14,14.477728843688965
1993-09-15,14.715071678161621
1993-09-16,14.715071678161621
1993-09-17,14.240392684936523
1993-09-20,14.240392684936523
1993-09-21,14.556845664978027
1993-09-22,14.715071678161621
1993-09-23,14.715071678161621
1993-09-24,14.715071678161621
1993-09-27,15.110640525817871
1993-09-28,15.189751625061035
1993-09-29,15.822657585144043
1993-09-30,15.980880737304688
1993-10-01,15.980880737304688
1993-10-04,16.05999755859375
1993-10-05,16.13911247253418
1993-10-06,16.13911247253418
1993-10-07,15.506204605102539
1993-10-08,15.585315704345703
1993-10-11,15.822657585144043
1993-10-12,15.980880737304688
1993-10-13,15.03152084350586
1993-10-14,14.873297691345215
1993-10-15,14.715071678161621
1993-10-18,14.715071678161621
1993-10-19,14.715071678161621
1993-10-20,14.873297691345215
1993-10-21,15.822657585144043
1993-10-22,15.901766777038574
1993-10-25,15.822657585144043
1993-10-26,15.980880737304688
1993-10-27,15.980880737304688
1993-10-28,16.613786697387695
1993-10-29,16.297330856323242
1993-11-01,16.534671783447266
1993-11-02,16.77201271057129
1993-11-03,16.77201271057129
1993-11-04,16.613786697387695
1993-11-05,16.93024253845215
1993-11-08,17.088468551635742
1993-11-09,17.246692657470703
1993-11-10,17.484037399291992
1993-11-11,17.246692657470703
1993-11-12,17.563142776489258
1993-11-15,17.563142776489258
1993-11-16,17.879596710205078
1993-11-17,17.563142776489258
1993-11-18,17.879596710205078
1993-11-19,17.563142776489258
1993-11-22,17.159576416015625
1993-11-23,16.36515998840332
1993-11-24,16.36515998840332
1993-11-26,16.206266403198242
1993-11-29,15.491290092468262
1993-11-30,15.570727348327637
1993-12-01,16.841814041137695
1993-12-02,16.841814041137695
1993-12-03,17.318466186523438
1993-12-06,17.477352142333984
1993-12-07,17.795114517211914
1993-12-08,17.953998565673828
1993-12-09,18.27177619934082
1993-12-10,18.58954429626465
1993-12-13,18.430662155151367
1993-12-14,18.11288833618164
1993-12-15,18.430662155151367
1993-12-16,18.430662155151367
1993-12-17,18.907312393188477
1993-12-20,18.98676109313965
1993-12-21,19.225088119506836
1993-12-22,18.748428344726562
1993-12-23,19.066198348999023
1993-12-27,18.98676109313965
1993-12-28,17.636234283447266
1993-12-29,17.795114517211914
1993-12-30,18.11288833618164
1993-12-31,18.11288833618164
1994-01-03,17.715675354003906
1994-01-04,17.795114517211914
1994-01-05,18.11288833618164
1994-01-06,18.11288833618164
1994-01-07,18.11288833618164
1994-01-10,18.907312393188477
1994-01-11,19.225088119506836
1994-01-12,19.225088119506836
1994-01-13,19.542856216430664
1994-01-14,19.860628128051758
1994-01-17,19.860628128051758
1994-01-18,19.066198348999023
1994-01-19,19.066198348999023
1994-01-20,18.58954429626465
1994-01-21,18.11288833618164
1994-01-24,18.27177619934082
1994-01-25,17.953998565673828
1994-01-26,18.27177619934082
1994-01-27,18.58954429626465
1994-01-28,18.907312393188477
1994-01-31,18.748428344726562
1994-02-01,19.066198348999023
1994-02-02,19.383974075317383
1994-02-03,19.066198348999023
1994-02-04,18.58954429626465
1994-02-07,18.430662155151367
1994-02-08,18.27177619934082
1994-02-09,18.27177619934082
1994-02-10,18.11288833618164
1994-02-11,17.953998565673828
1994-02-14,18.11288833618164
1994-02-15,18.11288833618164
1994-02-16,18.11288833618164
1994-02-17,17.953998565673828
1994-02-18,18.11288833618164
1994-02-22,18.02674102783203
1994-02-23,17.54816246032715
1994-02-24,17.867210388183594
1994-02-25,17.867210388183594
1994-02-28,17.38863182067871
1994-03-01,17.54816246032715
1994-03-02,16.98980712890625
1994-03-03,16.98980712890625
1994-03-04,17.54816246032715
1994-03-07,17.54816246032715
1994-03-08,17.867210388183594
1994-03-09,17.867210388183594
1994-03-10,18.02674102783203
1994-03-11,18.505332946777344
1994-03-14,18.824386596679688
1994-03-15,18.18627166748047
1994-03-16,18.345802307128906
1994-03-17,18.18627166748047
1994-03-18,18.345802307128906
1994-03-21,18.345802307128906
1994-03-22,17.867210388183594
1994-03-23,18.02674102783203
1994-03-24,17.867210388183594
1994-03-25,17.707685470581055
1994-03-28,16.91004753112793
1994-03-29,16.590988159179688
1994-03-30,16.112403869628906
1994-03-31,16.43146324157715
1994-04-04,15.79334545135498
1994-04-05,16.590988159179688
1994-04-06,16.590988159179688
1994-04-07,17.38863182067871
1994-04-08,16.91004753112793
1994-04-11,17.149335861206055
1994-04-12,17.38863182067871
1994-04-13,17.069578170776367
1994-04-14,17.069578170776367
1994-04-15,16.590988159179688
1994-04-18,16.590988159179688
1994-04-19,15.79334545135498
1994-04-20,15.79334545135498
1994-04-21,15.873104095458984
1994-04-22,15.633811950683594
1994-04-25,15.47429084777832
1994-04-26,15.952873229980469
1994-04-28,15.952873229980469
1994-04-29,16.27192497253418
1994-05-02,16.590988159179688
1994-05-03,16.112403869628906
1994-05-04,16.43146324157715
1994-05-05,19.063684463500977
1994-05-06,17.707685470581055
1994-05-09,17.22909927368164
1994-05-10,18.10651206970215
1994-05-11,17.867210388183594
1994-05-12,18.02674102783203
1994-05-13,17.54816246032715
1994-05-16,17.54816246032715
1994-05-17,17.627931594848633
1994-05-18,18.02674102783203
1994-05-19,17.707685470581055
1994-05-20,17.308860778808594
1994-05-23,17.149335861206055
1994-05-24,17.0723934173584
1994-05-25,17.312847137451172
1994-05-26,17.312847137451172
1994-05-27,16.831933975219727
1994-05-31,16.952163696289062
1994-06-01,16.671634674072266
1994-06-02,17.633460998535156
1994-06-03,17.15254020690918
1994-06-06,17.79376220703125
1994-06-07,17.79376220703125
1994-06-08,17.312847137451172
1994-06-09,17.312847137451172
1994-06-10,16.99223518371582
1994-06-13,17.15254020690918
1994-06-14,17.312847137451172
1994-06-15,17.15254020690918
1994-06-16,17.312847137451172
1994-06-17,16.99223518371582
1994-06-20,17.0723934173584
1994-06-21,16.671634674072266
1994-06-22,16.671634674072266
1994-06-23,16.831933975219727
1994-06-24,16.671634674072266
1994-06-27,16.671634674072266
1994-06-28,16.591480255126953
1994-06-29,16.51133155822754
1994-06-30,16.19072723388672
1994-07-01,16.51133155822754
1994-07-05,16.19072723388672
1994-07-06,15.870112419128418
1994-07-07,16.19072723388672
1994-07-08,15.870112419128418
1994-07-11,16.110563278198242
1994-07-12,16.43117904663086
1994-07-13,16.471250534057617
1994-07-14,16.591480255126953
1994-07-15,16.99223518371582
1994-07-18,17.473148345947266
1994-07-19,17.473148345947266
1994-07-20,17.95406723022461
1994-07-21,18.114368438720703
1994-07-22,18.43497657775879
1994-07-25,17.95406723022461
1994-07-26,17.95406723022461
1994-07-27,17.633460998535156
1994-07-28,17.232696533203125
1994-07-29,17.232696533203125
1994-08-01,17.95406723022461
1994-08-02,17.95406723022461
1994-08-03,17.95406723022461
1994-08-04,18.03421974182129
1994-08-05,17.99414825439453
1994-08-08,17.95406723022461
1994-08-09,17.79376220703125
1994-08-10,17.95406723022461
1994-08-11,17.79376220703125
1994-08-12,18.114368438720703
1994-08-15,18.43497657775879
1994-08-16,18.43497657775879
1994-08-17,18.43497657775879
1994-08-18,18.114368438720703
1994-08-19,18.43497657775879
1994-08-22,18.114368438720703
1994-08-23,18.198108673095703
1994-08-24,17.87602424621582
1994-08-25,18.198108673095703
1994-08-26,18.198108673095703
1994-08-29,18.03706932067871
1994-08-30,18.520206451416016
1994-08-31,18.198108673095703
1994-09-01,18.520206451416016
1994-09-02,18.359155654907227
1994-09-06,17.87602424621582
1994-09-07,17.87602424621582
1994-09-08,18.198108673095703
1994-09-09,18.198108673095703
1994-09-12,17.87602424621582
1994-09-13,18.198108673095703
1994-09-14,18.198108673095703
1994-09-15,17.714982986450195
1994-09-16,17.87602424621582
1994-09-19,17.553930282592773
1994-09-20,17.392885208129883
1994-09-21,16.748706817626953
1994-09-22,16.909748077392578
1994-09-23,16.34609031677246
1994-09-26,16.668184280395508
1994-09-27,16.26557731628418
1994-09-28,16.909748077392578
1994-09-29,17.392885208129883
1994-09-30,17.714982986450195
1994-10-03,17.553930282592773
1994-10-04,17.553930282592773
1994-10-05,17.312362670898438
1994-10-06,17.392885208129883
1994-10-07,17.87602424621582
1994-10-10,18.11759376525879
1994-10-11,17.87602424621582
1994-10-12,17.795507431030273
1994-10-13,18.03706932067871
1994-10-14,18.359155654907227
1994-10-17,18.359155654907227
1994-10-18,18.600725173950195
1994-10-19,19.325428009033203
1994-10-20,19.325428009033203
1994-10-21,19.00333595275879
1994-10-24,19.325428009033203
1994-10-25,19.00333595275879
1994-10-26,19.16438102722168
1994-10-27,19.244909286499023
1994-10-28,18.76176643371582
1994-10-31,18.84229278564453
1994-11-01,18.96307945251465
1994-11-02,19.16438102722168
1994-11-03,19.48647689819336
1994-11-04,19.728042602539062
1994-11-07,19.808563232421875
1994-11-08,19.969606399536133
1994-11-09,20.050125122070312
1994-11-10,19.969606399536133
1994-11-11,19.889083862304688
1994-11-14,19.16438102722168
1994-11-15,19.647525787353516
1994-11-16,19.647525787353516
1994-11-17,19.325428009033203
1994-11-18,19.16438102722168
1994-11-21,18.92499351501465
1994-11-22,17.95448112487793
1994-11-23,17.30746841430664
1994-11-25,17.630970001220703
1994-11-28,17.95448112487793
1994-11-29,17.95448112487793
1994-11-30,17.792734146118164
1994-12-01,17.469223022460938
1994-12-02,17.792734146118164
1994-12-05,18.277978897094727
1994-12-06,18.439733505249023
1994-12-07,18.116233825683594
1994-12-08,18.277978897094727
1994-12-09,17.792734146118164
1994-12-12,17.95448112487793
1994-12-13,18.116233825683594
1994-12-14,17.95448112487793
1994-12-15,17.469223022460938
1994-12-16,17.30746841430664
1994-12-19,17.630970001220703
1994-12-20,17.630970001220703
1994-12-21,17.30746841430664
1994-12-22,17.226594924926758
1994-12-23,17.95448112487793
1994-12-27,18.116233825683594
1994-12-28,18.116233825683594
1994-12-29,18.601490020751953
1994-12-30,18.601490020751953
1995-01-03,18.277978897094727
1995-01-04,18.601490020751953
1995-01-05,17.792734146118164
1995-01-06,18.277978897094727
1995-01-09,18.116233825683594
1995-01-10,18.682361602783203
1995-01-11,18.439733505249023
1995-01-12,17.95448112487793
1995-01-13,17.711849212646484
1995-01-16,17.792734146118164
1995-01-17,18.277978897094727
1995-01-18,18.439733505249023
1995-01-19,18.763240814208984
1995-01-20,18.92499351501465
1995-01-23,18.92499351501465
1995-01-24,19.248491287231445
1995-01-25,19.0058650970459
1995-01-26,18.92499351501465
1995-01-27,19.41024398803711
1995-01-30,19.41024398803711
1995-01-31,19.167619705200195
1995-02-01,18.92499351501465
1995-02-02,18.601490020751953
1995-02-03,18.601490020751953
1995-02-06,18.763240814208984
1995-02-07,18.277978897094727
1995-02-08,18.116233825683594
1995-02-09,18.277978897094727
1995-02-10,18.439733505249023
1995-02-13,18.116233825683594
1995-02-14,18.439733505249023
1995-02-15,18.844112396240234
1995-02-16,18.439733505249023
1995-02-17,18.92499351501465
1995-02-21,19.009479522705078
1995-02-22,19.496898651123047
1995-02-23,19.984323501586914
1995-02-24,19.821855545043945
1995-02-27,19.821855545043945
1995-02-28,21.284116744995117
1995-03-01,20.30927276611328
1995-03-02,20.30927276611328
1995-03-03,20.471752166748047
1995-03-06,20.146793365478516
1995-03-07,20.146793365478516
1995-03-08,20.349891662597656
1995-03-09,20.634220123291016
1995-03-10,20.471752166748047
1995-03-13,20.95916748046875
1995-03-14,21.284116744995117
1995-03-15,21.771535873413086
1995-03-16,21.527828216552734
1995-03-17,21.771535873413086
1995-03-20,21.284116744995117
1995-03-21,20.95916748046875
1995-03-22,20.552976608276367
1995-03-23,21.24349021911621
1995-03-24,21.121639251708984
1995-03-27,21.6903076171875
1995-03-28,22.583904266357422
1995-03-29,21.6903076171875
1995-03-30,22.09648323059082
1995-03-31,21.771535873413086
1995-04-03,22.25895881652832
1995-04-04,21.771535873413086
1995-04-05,21.771535873413086
1995-04-06,21.3653507232666
1995-04-07,21.60906219482422
1995-04-10,21.284116744995117
1995-04-11,20.796693801879883
1995-04-12,20.95916748046875
1995-04-13,20.796693801879883
1995-04-17,20.95916748046875
1995-04-18,21.040401458740234
1995-04-19,21.202878952026367
1995-04-20,21.649688720703125
1995-04-21,21.934011459350586
1995-04-24,21.568445205688477
1995-04-25,21.60906219482422
1995-04-26,21.446590423583984
1995-04-27,21.60906219482422
1995-04-28,22.015243530273438
1995-05-01,22.746381759643555
1995-05-02,22.746381759643555
1995-05-03,23.23380470275879
1995-05-04,23.23380470275879
1995-05-05,23.55875015258789
1995-05-08,23.071331024169922
1995-05-09,23.396276473999023
1995-05-10,22.583904266357422
1995-05-11,22.908859252929688
1995-05-12,23.721229553222656
1995-05-15,24.046180725097656
1995-05-16,24.20865249633789
1995-05-17,24.696086883544922
1995-05-18,24.85854148864746
1995-05-19,25.02102279663086
1995-05-22,25.102251052856445
1995-05-23,24.629240036010742
1995-05-24,24.629240036010742
1995-05-25,24.955463409423828
1995-05-26,24.384586334228516
1995-05-30,24.30303192138672
1995-05-31,24.629240036010742
1995-06-01,24.343807220458984
1995-06-02,24.384586334228516
1995-06-05,24.30303192138672
1995-06-06,24.09914779663086
1995-06-07,23.650596618652344
1995-06-08,23.32438087463379
1995-06-09,22.835063934326172
1995-06-12,22.671951293945312
1995-06-13,22.508846282958984
1995-06-14,22.34573745727539
1995-06-15,23.07971954345703
1995-06-16,23.813711166381836
1995-06-19,23.895265579223633
1995-06-20,24.629240036010742
1995-06-21,25.444772720336914
1995-06-22,25.24090576171875
1995-06-23,25.281673431396484
1995-06-26,25.118572235107422
1995-06-27,24.7923583984375
1995-06-28,24.955463409423828
1995-06-29,24.629240036010742
1995-06-30,23.976810455322266
1995-07-03,23.44670867919922
1995-07-05,24.139923095703125
1995-07-06,24.139923095703125
1995-07-07,25.444772720336914
1995-07-10,24.955463409423828
1995-07-11,25.526336669921875
1995-07-12,25.77100372314453
1995-07-13,26.015655517578125
1995-07-14,26.09721565246582
1995-07-17,26.26032066345215
1995-07-18,26.178773880004883
1995-07-19,21.774866104125977
1995-07-20,22.182626724243164
1995-07-21,22.34573745727539
1995-07-24,21.04088020324707
1995-07-25,21.04088020324707
1995-07-26,20.3068904876709
1995-07-27,19.899133682250977
1995-07-28,20.388446807861328
1995-07-31,20.388446807861328
1995-08-01,20.633106231689453
1995-08-02,21.530197143554688
1995-08-03,21.203981399536133
1995-08-04,21.203981399536133
1995-08-07,21.04088020324707
1995-08-08,20.2253360748291
1995-08-09,20.388446807861328
1995-08-10,20.714662551879883
1995-08-11,20.551555633544922
1995-08-14,20.714662551879883
1995-08-15,20.551555633544922
1995-08-16,20.551555633544922
1995-08-17,21.04088020324707
1995-08-18,20.2253360748291
1995-08-21,19.980669021606445
1995-08-22,19.980669021606445
1995-08-23,20.2253360748291
1995-08-24,19.176374435424805
1995-08-25,19.422231674194336
1995-08-28,19.01247215270996
1995-08-29,19.340272903442383
1995-08-30,19.422231674194336
1995-08-31,19.83197593688965
1995-09-01,20.81538200378418
1995-09-05,20.651485443115234
1995-09-06,20.856359481811523
1995-09-07,20.81538200378418
1995-09-08,20.651485443115234
1995-09-11,20.979278564453125
1995-09-12,20.81538200378418
1995-09-13,20.487579345703125
1995-09-14,20.24172592163086
1995-09-15,20.81538200378418
1995-09-18,20.36465835571289
1995-09-19,19.995885848999023
1995-09-20,19.995885848999023
1995-09-21,19.995885848999023
1995-09-22,19.627107620239258
1995-09-25,18.848575592041016
1995-09-26,19.09442710876465
1995-09-27,19.340272903442383
1995-09-28,19.176374435424805
1995-09-29,18.684669494628906
1995-10-02,19.176374435424805
1995-10-03,19.340272903442383
1995-10-04,19.586132049560547
1995-10-05,19.504179000854492
1995-10-06,19.01247215270996
1995-10-09,19.01247215270996
1995-10-10,19.01247215270996
1995-10-11,19.09442710876465
1995-10-12,18.930522918701172
1995-10-13,19.01247215270996
1995-10-16,18.602724075317383
1995-10-17,18.848575592041016
1995-10-18,18.848575592041016
1995-10-19,18.35687255859375
1995-10-20,18.35687255859375
1995-10-23,18.35687255859375
1995-10-24,18.192970275878906
1995-10-25,18.274921417236328
1995-10-26,17.865175247192383
1995-10-27,17.537370681762695
1995-10-30,17.701269149780273
1995-10-31,18.029067993164062
1995-11-01,18.397844314575195
1995-11-02,18.438823699951172
1995-11-03,18.602724075317383
1995-11-06,18.684669494628906
1995-11-07,18.848575592041016
1995-11-08,18.848575592041016
1995-11-09,19.01247215270996
1995-11-10,19.176374435424805
1995-11-13,19.01247215270996
1995-11-14,19.176374435424805
1995-11-15,19.01247215270996
1995-11-16,19.46320343017578
1995-11-17,20.15977668762207
1995-11-20,20.323680877685547
1995-11-21,19.995885848999023
1995-11-22,20.094711303710938
1995-11-24,20.424121856689453
1995-11-27,20.424121856689453
1995-11-28,20.259408950805664
1995-11-29,20.34177017211914
1995-11-30,20.424121856689453
1995-12-01,20.094711303710938
1995-12-04,20.17705535888672
1995-12-05,20.424121856689453
1995-12-06,20.259408950805664
1995-12-07,20.835899353027344
1995-12-08,20.424121856689453
1995-12-11,20.259408950805664
1995-12-12,20.259408950805664
1995-12-13,20.34177017211914
1995-12-14,20.259408950805664
1995-12-15,19.27115249633789
1995-12-18,19.106433868408203
1995-12-19,19.27115249633789
1995-12-20,18.941730499267578
1995-12-21,15.976935386657715
1995-12-22,15.81223201751709
1995-12-26,15.976935386657715
1995-12-27,15.81223201751709
1995-12-28,15.935763359069824
1995-12-29,15.81223201751709
1996-01-02,16.14165496826172
1996-01-03,16.471065521240234
1996-01-04,16.471065521240234
1996-01-05,16.9652042388916
1996-01-08,17.088741302490234
1996-01-09,17.04755973815918
1996-01-10,16.9652042388916
1996-01-11,16.635786056518555
1996-01-12,16.635786056518555
1996-01-15,16.471065521240234
1996-01-16,15.318097114562988
1996-01-17,14.988673210144043
1996-01-18,15.482808113098145
1996-01-19,15.81223201751709
1996-01-22,16.30636215209961
1996-01-23,16.30636215209961
1996-01-24,16.30636215209961
1996-01-25,16.471065521240234
1996-01-26,16.471065521240234
1996-01-29,16.553428649902344
1996-01-30,16.800491333007812
1996-01-31,16.635786056518555
1996-02-01,16.635786056518555
1996-02-02,16.67695426940918
1996-02-05,16.635786056518555
1996-02-06,15.482808113098145
1996-02-07,16.14165496826172
1996-02-08,16.9652042388916
1996-02-09,16.9652042388916
1996-02-12,16.9652042388916
1996-02-13,16.553428649902344
1996-02-14,16.635786056518555
1996-02-15,16.635786056518555
1996-02-16,16.635786056518555
1996-02-20,16.7181339263916
1996-02-21,16.800491333007812
1996-02-22,16.899904251098633
1996-02-23,16.899904251098633
1996-02-26,16.15432357788086
1996-02-27,15.905797958374023
1996-02-28,15.574420928955078
1996-02-29,15.574420928955078
1996-03-01,14.911680221557617
1996-03-04,15.243051528930664
1996-03-05,14.911680221557617
1996-03-06,15.243051528930664
1996-03-07,15.4915771484375
1996-03-08,15.408736228942871
1996-03-11,16.071475982666016
1996-03-12,16.23716926574707
1996-03-13,16.361427307128906
1996-03-14,16.56852912902832
1996-03-15,16.40285301208496
1996-03-18,16.734224319458008
1996-03-19,17.562641143798828
1996-03-20,17.23126983642578
1996-03-21,17.23126983642578
1996-03-22,17.3969669342041
1996-03-25,17.23126983642578
1996-03-26,17.23126983642578
1996-03-27,17.065589904785156
1996-03-28,17.107006072998047
1996-03-29,17.562641143798828
1996-04-01,17.728330612182617
1996-04-02,17.3969669342041
1996-04-03,17.728330612182617
1996-04-04,17.894020080566406
1996-04-08,17.562641143798828
1996-04-09,17.894020080566406
1996-04-10,17.562641143798828
1996-04-11,17.562641143798828
1996-04-12,17.23126983642578
1996-04-15,17.23126983642578
1996-04-16,17.23126983642578
1996-04-17,16.899904251098633
1996-04-18,17.148433685302734
1996-04-19,17.3969669342041
1996-04-22,17.562641143798828
1996-04-23,17.562641143798828
1996-04-24,17.894020080566406
1996-04-25,18.722440719604492
1996-04-26,19.053808212280273
1996-04-29,18.722440719604492
1996-04-30,18.059703826904297
1996-05-01,17.3969669342041
1996-05-02,16.817060470581055
1996-05-03,17.728330612182617
1996-05-06,17.31412124633789
1996-05-07,17.065589904785156
1996-05-08,17.065589904785156
1996-05-09,17.728330612182617
1996-05-10,17.728330612182617
1996-05-13,17.728330612182617
1996-05-14,18.059703826904297
1996-05-15,18.55675506591797
1996-05-16,18.55675506591797
1996-05-17,18.722440719604492
1996-05-20,18.639602661132812
1996-05-21,18.55675506591797
1996-05-22,18.722440719604492
1996-05-23,18.002357482910156
1996-05-24,17.502286911010742
1996-05-28,17.4189395904541
1996-05-29,17.002216339111328
1996-05-30,16.83553123474121
1996-05-31,16.83553123474121
1996-06-03,16.83553123474121
1996-06-04,17.668970108032227
1996-06-05,17.502286911010742
1996-06-06,17.314756393432617
1996-06-07,17.16890525817871
1996-06-10,17.16890525817871
1996-06-11,17.002216339111328
1996-06-12,17.33559226989746
1996-06-13,16.83553123474121
1996-06-14,17.16890525817871
1996-06-17,17.002216339111328
1996-06-18,17.16890525817871
1996-06-19,16.83553123474121
1996-06-20,16.502153396606445
1996-06-21,16.502153396606445
1996-06-24,17.002216339111328
1996-06-25,16.83553123474121
1996-06-26,16.752185821533203
1996-06-27,17.502286911010742
1996-06-28,17.668970108032227
1996-07-01,17.83565902709961
1996-07-02,17.83565902709961
1996-07-03,17.16890525817871
1996-07-05,17.002216339111328
1996-07-08,16.83553123474121
1996-07-09,17.25225067138672
1996-07-10,17.33559226989746
1996-07-11,16.752185821533203
1996-07-12,17.16890525817871
1996-07-15,17.33559226989746
1996-07-16,17.4189395904541
1996-07-17,17.4189395904541
1996-07-18,18.002357482910156
1996-07-19,17.668970108032227
1996-07-22,18.002357482910156
1996-07-23,18.16904067993164
1996-07-24,18.16904067993164
1996-07-25,17.83565902709961
1996-07-26,17.502286911010742
1996-07-29,17.502286911010742
1996-07-30,17.33559226989746
1996-07-31,17.502286911010742
1996-08-01,17.33559226989746
1996-08-02,17.33559226989746
1996-08-05,17.668970108032227
1996-08-06,18.252389907836914
1996-08-07,18.335729598999023
1996-08-08,17.83565902709961
1996-08-09,17.668970108032227
1996-08-12,18.16904067993164
1996-08-13,17.16890525817871
1996-08-14,17.33559226989746
1996-08-15,17.668970108032227
1996-08-16,18.002357482910156
1996-08-19,18.002357482910156
1996-08-20,17.668970108032227
1996-08-21,17.668970108032227
1996-08-22,17.9508113861084
1996-08-23,18.118587493896484
1996-08-26,17.61528968811035
1996-08-27,17.279756546020508
1996-08-28,17.447521209716797
1996-08-29,17.53140640258789
1996-08-30,17.279756546020508
1996-09-03,17.447521209716797
1996-09-04,17.783048629760742
1996-09-05,17.9508113861084
1996-09-06,18.286344528198242
1996-09-09,18.20246124267578
1996-09-10,17.783048629760742
1996-09-11,17.61528968811035
1996-09-12,17.9508113861084
1996-09-13,17.866933822631836
1996-09-16,18.286344528198242
1996-09-17,18.286344528198242
1996-09-18,18.034700393676758
1996-09-19,17.9508113861084
1996-09-20,18.034700393676758
1996-09-23,18.034700393676758
1996-09-24,18.034700393676758
1996-09-25,17.9508113861084
1996-09-26,18.118587493896484
1996-09-27,17.61528968811035
1996-09-30,17.447521209716797
1996-10-01,17.61528968811035
1996-10-02,17.9508113861084
1996-10-03,18.118587493896484
1996-10-04,18.286344528198242
1996-10-07,18.118587493896484
1996-10-08,17.9508113861084
1996-10-09,18.286344528198242
1996-10-10,18.286344528198242
1996-10-11,18.118587493896484
1996-10-14,17.9508113861084
1996-10-15,18.286344528198242
1996-10-16,18.286344528198242
1996-10-17,17.99275779724121
1996-10-18,18.118587493896484
1996-10-21,18.034700393676758
1996-10-22,18.034700393676758
1996-10-23,18.118587493896484
1996-10-24,17.61528968811035
1996-10-25,17.279756546020508
1996-10-28,16.94423484802246
1996-10-29,16.776460647583008
1996-10-30,16.524818420410156
1996-10-31,16.608699798583984
1996-11-01,16.776460647583008
1996-11-04,16.692581176757812
1996-11-05,16.81840705871582
1996-11-06,16.776460647583008
1996-11-07,16.27317237854004
1996-11-08,16.18928337097168
1996-11-11,16.18928337097168
1996-11-12,16.440933227539062
1996-11-13,16.105405807495117
1996-11-14,16.27317237854004
1996-11-15,16.27317237854004
1996-11-18,16.27317237854004
1996-11-19,16.776460647583008
1996-11-20,16.440933227539062
1996-11-21,16.893688201904297
1996-11-22,16.809219360351562
1996-11-25,16.893688201904297
1996-11-26,16.893688201904297
1996-11-27,16.893688201904297
1996-11-29,16.809219360351562
1996-12-02,16.724742889404297
1996-12-03,16.724742889404297
1996-12-04,16.724742889404297
1996-12-05,16.9781494140625
1996-12-06,16.893688201904297
1996-12-09,16.640275955200195
1996-12-10,16.809219360351562
1996-12-11,17.062623977661133
1996-12-12,17.1470890045166
1996-12-13,16.809219360351562
1996-12-16,16.724742889404297
1996-12-17,16.555816650390625
1996-12-18,16.386877059936523
1996-12-19,16.9781494140625
1996-12-20,16.893688201904297
1996-12-23,16.9781494140625
1996-12-24,17.062623977661133
1996-12-26,17.907304763793945
1996-12-27,17.907304763793945
1996-12-30,18.234615325927734
1996-12-31,18.07624053955078
1997-01-02,17.40049171447754
1997-01-03,17.738372802734375
1997-01-06,17.442731857299805
1997-01-07,17.484968185424805
1997-01-08,17.40049171447754
1997-01-09,17.23155403137207
1997-01-10,17.062623977661133
1997-01-13,17.23155403137207
1997-01-14,17.569435119628906
1997-01-15,17.062623977661133
1997-01-16,17.569435119628906
1997-01-17,18.24517822265625
1997-01-20,17.907304763793945
1997-01-21,18.24517822265625
1997-01-22,17.907304763793945
1997-01-23,18.414108276367188
1997-01-24,18.07624053955078
1997-01-27,18.583053588867188
1997-01-28,18.92092514038086
1997-01-29,18.87869644165039
1997-01-30,18.583053588867188
1997-01-31,19.258798599243164
1997-02-03,19.258798599243164
1997-02-04,19.089862823486328
1997-02-05,19.089862823486328
1997-02-06,19.427732467651367
1997-02-07,19.258798599243164
1997-02-10,19.17432975769043
1997-02-11,19.385501861572266
1997-02-12,19.469968795776367
1997-02-13,19.5966739654541
1997-02-14,19.343263626098633
1997-02-18,19.427732467651367
1997-02-19,19.427732467651367
1997-02-20,19.713241577148438
1997-02-21,19.543298721313477
1997-02-24,19.713241577148438
1997-02-25,19.628267288208008
1997-02-26,19.45832633972168
1997-02-27,18.8635311126709
1997-02-28,18.69359588623047
1997-03-03,18.35370445251465
1997-03-04,18.35370445251465
1997-03-05,18.35370445251465
1997-03-06,18.69359588623047
1997-03-07,18.778562545776367
1997-03-10,18.8635311126709
1997-03-11,18.523643493652344
1997-03-12,18.183759689331055
1997-03-13,17.758907318115234
1997-03-14,17.92884635925293
1997-03-17,17.843881607055664
1997-03-18,17.503995895385742
1997-03-19,17.503995895385742
1997-03-20,17.673938751220703
1997-03-21,17.164112091064453
1997-03-24,16.824230194091797
1997-03-25,16.824230194091797
1997-03-26,17.164112091064453
1997-03-27,16.994171142578125
1997-03-31,16.6542911529541
1997-04-01,16.994171142578125
1997-04-02,16.951684951782227
1997-04-03,17.079143524169922
1997-04-04,16.824230194091797
1997-04-07,16.824230194091797
1997-04-08,16.994171142578125
1997-04-09,17.164112091064453
1997-04-10,17.164112091064453
1997-04-11,17.206602096557617
1997-04-14,16.994171142578125
1997-04-15,17.079143524169922
1997-04-16,17.164112091064453
1997-04-17,17.079143524169922
1997-04-18,17.376543045043945
1997-04-21,17.334049224853516
1997-04-22,17.503995895385742
1997-04-23,18.183759689331055
1997-04-24,17.843881607055664
1997-04-25,18.01382064819336
1997-04-28,17.843881607055664
1997-04-29,17.843881607055664
1997-04-30,18.183759689331055
1997-05-01,18.14128303527832
1997-05-02,18.01382064819336
1997-05-05,19.37335205078125
1997-05-06,19.628267288208008
1997-05-07,19.713241577148438
1997-05-08,18.523643493652344
1997-05-09,18.48116111755371
1997-05-12,18.523643493652344
1997-05-13,18.69359588623047
1997-05-14,18.523643493652344
1997-05-15,18.523643493652344
1997-05-16,19.033470153808594
1997-05-19,19.28838348388672
1997-05-20,19.45832633972168
1997-05-21,19.798208236694336
1997-05-22,19.799917221069336
1997-05-23,20.184797286987305
1997-05-27,19.500566482543945
1997-05-28,20.184797286987305
1997-05-29,19.757156372070312
1997-05-30,20.013742446899414
1997-06-02,19.671630859375
1997-06-03,20.184797286987305
1997-06-04,20.013742446899414
1997-06-05,20.099271774291992
1997-06-06,20.013742446899414
1997-06-09,20.355857849121094
1997-06-10,20.184797286987305
1997-06-11,19.842683792114258
1997-06-12,19.842683792114258
1997-06-13,20.013742446899414
1997-06-16,19.799917221069336
1997-06-17,19.671630859375
1997-06-18,20.013742446899414
1997-06-19,20.27033042907715
1997-06-20,20.184797286987305
1997-06-23,20.184797286987305
1997-06-24,19.671630859375
1997-06-25,19.671630859375
1997-06-26,20.013742446899414
1997-06-27,19.842683792114258
1997-06-30,20.355857849121094
1997-07-01,20.013742446899414
1997-07-02,19.671630859375
1997-07-03,20.184797286987305
1997-07-07,20.612442016601562
1997-07-08,20.355857849121094
1997-07-09,20.27033042907715
1997-07-10,20.95456314086914
1997-07-11,20.869029998779297
1997-07-14,20.869029998779297
1997-07-15,20.69797134399414
1997-07-16,21.382198333740234
1997-07-17,21.382198333740234
1997-07-18,21.6387939453125
1997-07-21,20.441381454467773
1997-07-22,20.52691650390625
1997-07-23,20.869029998779297
1997-07-24,21.211143493652344
1997-07-25,21.125612258911133
1997-07-28,20.612442016601562
1997-07-29,20.52691650390625
1997-07-30,20.869029998779297
1997-07-31,21.382198333740234
1997-08-01,21.6387939453125
1997-08-04,21.382198333740234
1997-08-05,21.467731475830078
1997-08-06,21.98090362548828
1997-08-07,21.6387939453125
1997-08-08,21.040088653564453
1997-08-11,21.16838264465332
1997-08-12,20.95456314086914
1997-08-13,20.99732208251953
1997-08-14,21.211143493652344
1997-08-15,20.869029998779297
1997-08-18,21.040088653564453
1997-08-19,21.211143493652344
1997-08-20,21.211143493652344
1997-08-21,21.34193992614746
1997-08-22,21.514066696166992
1997-08-25,21.34193992614746
1997-08-26,21.255891799926758
1997-08-27,21.255891799926758
1997-08-28,21.083782196044922
1997-08-29,21.083782196044922
1997-09-02,21.255891799926758
1997-09-03,21.255891799926758
1997-09-04,21.772226333618164
1997-09-05,22.030399322509766
1997-09-08,22.116464614868164
1997-09-09,22.46068572998047
1997-09-10,22.28856658935547
1997-09-11,22.718847274780273
1997-09-12,23.92363929748535
1997-09-15,23.450332641601562
1997-09-16,23.751522064208984
1997-09-17,24.00969123840332
1997-09-18,24.00969123840332
1997-09-19,23.837581634521484
1997-09-22,24.00969123840332
1997-09-23,24.00969123840332
1997-09-24,23.751522064208984
1997-09-25,23.751522064208984
1997-09-26,24.00969123840332
1997-09-29,23.92363929748535
1997-09-30,24.00969123840332
1997-10-01,24.00969123840332
1997-10-02,24.117271423339844
1997-10-03,24.095752716064453
1997-10-06,24.181812286376953
1997-10-07,24.12802505493164
1997-10-08,24.138782501220703
1997-10-09,24.095752716064453
1997-10-10,24.181812286376953
1997-10-13,24.267864227294922
1997-10-14,24.181812286376953
1997-10-15,24.353912353515625
1997-10-16,24.439971923828125
1997-10-17,24.267864227294922
1997-10-20,24.095752716064453
1997-10-21,24.69814682006836
1997-10-22,24.483007431030273
1997-10-23,23.92363929748535
1997-10-24,23.92363929748535
1997-10-27,23.751522064208984
1997-10-28,23.450332641601562
1997-10-29,23.579418182373047
1997-10-30,23.493364334106445
1997-10-31,23.450332641601562
1997-11-03,23.450332641601562
1997-11-04,23.493364334106445
1997-11-05,23.665470123291016
1997-11-06,23.92363929748535
1997-11-07,23.579418182373047
1997-11-10,23.493364334106445
1997-11-11,23.579418182373047
1997-11-12,23.493364334106445
1997-11-13,23.536394119262695
1997-11-14,23.493364334106445
1997-11-17,23.450332641601562
1997-11-18,23.450332641601562
1997-11-19,23.364274978637695
1997-11-20,23.2362003326416
1997-11-21,23.53908348083496
1997-11-24,23.53908348083496
1997-11-25,23.45254135131836
1997-11-26,23.53908348083496
1997-11-28,23.495817184448242
1997-12-01,23.53908348083496
1997-12-02,23.668901443481445
1997-12-03,23.668901443481445
1997-12-04,23.582361221313477
1997-12-05,23.582361221313477
1997-12-08,23.53908348083496
1997-12-09,23.53908348083496
1997-12-10,23.53908348083496
1997-12-11,23.45254135131836
1997-12-12,22.97657012939453
1997-12-15,23.2362003326416
1997-12-16,23.625625610351562
1997-12-17,23.625625610351562
1997-12-18,23.495817184448242
1997-12-19,24.491031646728516
1997-12-22,24.274686813354492
1997-12-23,23.712169647216797
1997-12-24,23.603984832763672
1997-12-26,23.53908348083496
1997-12-29,23.53908348083496
1997-12-30,23.53908348083496
1997-12-31,23.625625610351562
1998-01-02,23.582361221313477
1998-01-05,23.712169647216797
1998-01-06,23.582361221313477
1998-01-07,23.53908348083496
1998-01-08,23.53908348083496
1998-01-09,23.2362003326416
1998-01-12,22.846757888793945
1998-01-13,23.10638427734375
1998-01-14,23.582361221313477
1998-01-15,23.495817184448242
1998-01-16,23.53908348083496
1998-01-20,23.755434036254883
1998-01-21,23.495817184448242
1998-01-22,23.668901443481445
1998-01-23,23.647266387939453
1998-01-26,23.798704147338867
1998-01-27,24.577573776245117
1998-01-28,23.928525924682617
1998-01-29,23.885244369506836
1998-01-30,24.144865036010742
1998-02-02,24.577573776245117
1998-02-03,24.058330535888672
1998-02-04,24.01506233215332
1998-02-05,23.885244369506836
1998-02-06,23.885244369506836
1998-02-09,23.53908348083496
1998-02-10,23.495817184448242
1998-02-11,23.53908348083496
1998-02-12,23.53908348083496
1998-02-13,23.10638427734375
1998-02-17,22.652040481567383
1998-02-18,23.01983642578125
1998-02-19,23.326217651367188
1998-02-20,23.76140785217285
1998-02-23,23.891956329345703
1998-02-24,24.109560012817383
1998-02-25,24.196598052978516
1998-02-26,24.544750213623047
1998-02-27,24.37067222595215
1998-03-02,24.718820571899414
1998-03-03,24.80586814880371
1998-03-04,24.50123405456543
1998-03-05,23.891956329345703
1998-03-06,23.935483932495117
1998-03-09,23.76140785217285
1998-03-10,24.02251434326172
1998-03-11,23.891956329345703
1998-03-12,23.804929733276367
1998-03-13,23.674367904663086
1998-03-16,23.696121215820312
1998-03-17,23.674367904663086
1998-03-18,23.282697677612305
1998-03-19,23.674367904663086
1998-03-20,23.935483932495117
1998-03-23,24.02251434326172
1998-03-24,24.37067222595215
1998-03-25,24.283632278442383
1998-03-26,24.50123405456543
1998-03-27,24.414196014404297
1998-03-30,23.935483932495117
1998-03-31,24.196598052978516
1998-04-01,24.196598052978516
1998-04-02,24.0660457611084
1998-04-03,24.0660457611084
1998-04-06,24.457719802856445
1998-04-07,24.37067222595215
1998-04-08,24.283632278442383
1998-04-09,24.327146530151367
1998-04-13,24.153074264526367
1998-04-14,24.37067222595215
1998-04-15,24.479469299316406
1998-04-16,24.50123405456543
1998-04-17,24.67530632019043
1998-04-20,24.414196014404297
1998-04-21,24.631784439086914
1998-04-22,25.066978454589844
1998-04-23,24.80586814880371
1998-04-24,24.762346267700195
1998-04-27,24.50123405456543
1998-04-28,24.718820571899414
1998-04-29,24.892902374267578
1998-04-30,25.89383888244629
1998-05-01,25.241050720214844
1998-05-04,24.762346267700195
1998-05-05,24.457719802856445
1998-05-06,24.718820571899414
1998-05-07,24.718820571899414
1998-05-08,24.718820571899414
1998-05-11,24.544750213623047
1998-05-12,24.414196014404297
1998-05-13,24.414196014404297
1998-05-14,24.544750213623047
1998-05-15,24.02251434326172
1998-05-18,23.587331771850586
1998-05-19,23.674367904663086
1998-05-20,24.196598052978516
1998-05-21,24.56262969970703
1998-05-22,24.343708038330078
1998-05-26,23.730741500854492
1998-05-27,22.898855209350586
1998-05-28,23.730741500854492
1998-05-29,23.81830406188965
1998-06-01,23.424253463745117
1998-06-02,23.424253463745117
1998-06-03,23.46803855895996
1998-06-04,23.38046646118164
1998-06-05,23.993444442749023
1998-06-08,25.044248580932617
1998-06-09,25.131818771362305
1998-06-10,23.862092971801758
1998-06-11,24.03721809387207
1998-06-12,23.24911880493164
1998-06-15,23.336679458618164
1998-06-16,24.081008911132812
1998-06-17,25.56964683532715
1998-06-18,25.044248580932617
1998-06-19,24.518842697143555
1998-06-22,25.131818771362305
1998-06-23,25.044248580932617
1998-06-24,25.30695152282715
1998-06-25,25.482086181640625
1998-06-26,24.737760543823242
1998-06-29,25.219383239746094
1998-06-30,24.25614356994629
1998-07-01,24.25614356994629
1998-07-02,23.81830406188965
1998-07-06,24.299924850463867
1998-07-07,24.168569564819336
1998-07-08,24.475051879882812
1998-07-09,24.86910629272461
1998-07-10,25.044248580932617
1998-07-13,24.518842697143555
1998-07-14,24.343708038330078
1998-07-15,24.212364196777344
1998-07-16,24.781543731689453
1998-07-17,24.475051879882812
1998-07-20,24.081008911132812
1998-07-21,23.949661254882812
1998-07-22,24.03721809387207
1998-07-23,23.599388122558594
1998-07-24,23.38046646118164
1998-07-27,23.730741500854492
1998-07-28,23.29290008544922
1998-07-29,23.62128257751465
1998-07-30,23.774524688720703
1998-07-31,23.38046646118164
1998-08-03,23.0739803314209
1998-08-04,22.855064392089844
1998-08-05,22.964523315429688
1998-08-06,22.679929733276367
1998-08-07,24.168569564819336
1998-08-10,23.905874252319336
1998-08-11,22.898855209350586
1998-08-12,23.424253463745117
1998-08-13,23.81830406188965
1998-08-14,23.46803855895996
1998-08-17,22.72371482849121
1998-08-18,22.986412048339844
1998-08-19,21.10371971130371
1998-08-20,21.163686752319336
1998-08-21,21.075502395629883
1998-08-24,21.51641273498535
1998-08-25,21.736865997314453
1998-08-26,21.340044021606445
1998-08-27,20.325952529907227
1998-08-28,20.149585723876953
1998-08-31,19.620502471923828
1998-09-01,20.546405792236328
1998-09-02,22.089588165283203
1998-09-03,21.163686752319336
1998-09-04,21.69277572631836
1998-09-08,22.927322387695312
1998-09-09,21.075502395629883
1998-09-10,20.810955047607422
1998-09-11,22.398229598999023
1998-09-14,21.251867294311523
1998-09-15,21.69277572631836
1998-09-16,21.472322463989258
1998-09-17,20.810955047607422
1998-09-18,21.4282283782959
1998-09-21,21.560503005981445
1998-09-22,22.618684768676758
1998-09-23,22.221872329711914
1998-09-24,21.51641273498535
1998-09-25,21.340044021606445
1998-09-28,22.045495986938477
1998-09-29,21.163686752319336
1998-09-30,20.45822525024414
1998-10-01,19.664588928222656
1998-10-02,19.79686164855957
1998-10-05,19.135499954223633
1998-10-06,19.664588928222656
1998-10-07,19.752771377563477
1998-10-08,19.92913055419922
1998-10-09,19.620502471923828
1998-10-12,19.92913055419922
1998-10-13,18.870952606201172
1998-10-14,19.554363250732422
1998-10-15,19.752771377563477
1998-10-16,18.959135055541992
1998-10-19,19.2457218170166
1998-10-20,20.5023136138916
1998-10-21,21.4282283782959
1998-10-22,22.133684158325195
1998-10-23,22.133684158325195
1998-10-26,22.750961303710938
1998-10-27,22.883230209350586
1998-10-28,22.66277503967285
1998-10-29,22.310041427612305
1998-10-30,23.103689193725586
1998-11-02,22.927322387695312
1998-11-03,21.869142532348633
1998-11-04,22.706867218017578
1998-11-05,25.705053329467773
1998-11-06,26.454608917236328
1998-11-09,26.6309757232666
1998-11-10,26.586875915527344
1998-11-11,26.454608917236328
1998-11-12,26.498701095581055
1998-11-13,26.454608917236328
1998-11-16,26.807327270507812
1998-11-17,26.807327270507812
1998-11-18,26.6309757232666
1998-11-19,26.691265106201172
1998-11-20,26.646934509277344
1998-11-23,26.425243377685547
1998-11-24,26.46958351135254
1998-11-25,26.247892379760742
1998-11-27,26.336566925048828
1998-11-30,25.8931884765625
1998-12-01,25.804513931274414
1998-12-02,25.627166748046875
1998-12-03,25.449810028076172
1998-12-04,25.449810028076172
1998-12-07,25.02860450744629
1998-12-08,24.873430252075195
1998-12-09,25.02860450744629
1998-12-10,24.917768478393555
1998-12-11,24.784748077392578
1998-12-14,24.82908821105957
1998-12-15,24.385705947875977
1998-12-16,24.651731491088867
1998-12-17,23.587629318237305
1998-12-18,23.18859100341797
1998-12-21,24.474376678466797
1998-12-22,24.0310115814209
1998-12-23,24.917768478393555
1998-12-24,24.82908821105957
1998-12-28,24.917768478393555
1998-12-29,25.316804885864258
1998-12-30,25.183786392211914
1998-12-31,25.715831756591797
1999-01-04,26.757770538330078
1999-01-05,25.095111846923828
1999-01-06,25.095111846923828
1999-01-07,25.36113739013672
1999-01-08,24.29703712463379
1999-01-11,24.164024353027344
1999-01-12,24.075340270996094
1999-01-13,24.0310115814209
1999-01-14,22.080148696899414
1999-01-15,24.29703712463379
1999-01-19,24.11968231201172
1999-01-20,23.587629318237305
1999-01-21,23.49895477294922
1999-01-22,22.745214462280273
1999-01-25,22.213159561157227
1999-01-26,21.459423065185547
1999-01-27,21.725448608398438
1999-01-28,21.104721069335938
1999-01-29,20.395315170288086
1999-02-01,21.282075881958008
1999-02-02,22.1688232421875
1999-02-03,21.991479873657227
1999-02-04,21.326414108276367
1999-02-05,21.104721069335938
1999-02-08,20.97170639038086
1999-02-09,20.705686569213867
1999-02-10,20.483993530273438
1999-02-11,20.328813552856445
1999-02-12,20.21796417236328
1999-02-16,20.129289627075195
1999-02-17,20.04061508178711
1999-02-18,19.92269515991211
1999-02-19,18.04656410217285
1999-02-22,19.65467071533203
1999-02-23,19.65467071533203
1999-02-24,19.565336227416992
1999-02-25,19.475990295410156
1999-02-26,20.01202964782715
1999-03-01,20.01202964782715
1999-03-02,20.01202964782715
1999-03-03,20.146032333374023
1999-03-04,20.637405395507812
1999-03-05,21.296289443969727
1999-03-08,21.084104537963867
1999-03-09,20.72674560546875
1999-03-10,20.548065185546875
1999-03-11,20.81608772277832
1999-03-12,20.72674560546875
1999-03-15,20.81608772277832
1999-03-16,20.637405395507812
1999-03-17,20.548065185546875
1999-03-18,20.101364135742188
1999-03-19,20.458724975585938
1999-03-22,20.280044555664062
1999-03-23,19.65467071533203
1999-03-24,19.610000610351562
1999-03-25,18.939960479736328
1999-03-26,19.386655807495117
1999-03-29,19.900360107421875
1999-03-30,20.324716567993164
1999-03-31,20.056697845458984
1999-04-01,19.386655807495117
1999-04-05,19.96735954284668
1999-04-06,21.262781143188477
1999-04-07,20.86075782775879
1999-04-08,20.950092315673828
1999-04-09,20.369384765625
1999-04-12,20.548065185546875
1999-04-13,19.0739688873291
1999-04-14,19.297311782836914
1999-04-15,20.101364135742188
1999-04-16,20.01202964782715
1999-04-19,20.749082565307617
1999-04-20,20.905426025390625
1999-04-21,21.039432525634766
1999-04-22,21.084104537963867
1999-04-23,20.905426025390625
1999-04-26,20.81608772277832
1999-04-27,20.81608772277832
1999-04-28,21.262781143188477
1999-04-29,21.575471878051758
1999-04-30,22.334854125976562
1999-05-03,22.24551773071289
1999-05-04,22.51353645324707
1999-05-05,23.362258911132812
1999-05-06,22.870887756347656
1999-05-07,22.91556167602539
1999-05-10,23.00489616394043
1999-05-11,23.22825050354004
1999-05-12,23.585603713989258
1999-05-13,23.49626922607422
1999-05-14,23.49626922607422
1999-05-17,23.764284133911133
1999-05-18,23.674942016601562
1999-05-19,23.54093360900879
1999-05-20,23.764284133911133
1999-05-21,23.22825050354004
1999-05-24,23.54093360900879
1999-05-25,24.032306671142578
1999-05-26,22.353748321533203
1999-05-27,22.84849739074707
1999-05-28,23.118362426757812
1999-06-01,23.208322525024414
1999-06-02,22.84849739074707
1999-06-03,22.84849739074707
1999-06-04,23.208322525024414
1999-06-07,23.748044967651367
1999-06-08,22.938453674316406
1999-06-09,22.466197967529297
1999-06-10,22.128864288330078
1999-06-11,21.858997344970703
1999-06-14,22.218820571899414
1999-06-15,21.903976440429688
1999-06-16,21.72406768798828
1999-06-17,22.2637996673584
1999-06-18,22.03890609741211
1999-06-21,22.398727416992188
1999-06-22,22.48868179321289
1999-06-23,22.57863426208496
1999-06-24,21.409223556518555
1999-06-25,21.409223556518555
1999-06-28,21.544164657592773
1999-06-29,22.758541107177734
1999-06-30,23.433208465576172
1999-07-01,23.073387145996094
1999-07-02,23.208322525024414
1999-07-06,23.658092498779297
1999-07-07,23.950443267822266
1999-07-08,24.19782257080078
1999-07-09,24.37773323059082
1999-07-12,24.467687606811523
1999-07-13,24.19782257080078
1999-07-14,24.467687606811523
1999-07-15,23.703065872192383
1999-07-16,23.343252182006836
1999-07-19,23.523160934448242
1999-07-20,23.927955627441406
1999-07-21,23.38823127746582
1999-07-22,24.467687606811523
1999-07-23,23.38823127746582
1999-07-26,22.938453674316406
1999-07-27,23.83799934387207
1999-07-28,23.433208465576172
1999-07-29,23.275785446166992
1999-07-30,23.050891876220703
1999-08-02,22.893476486206055
1999-08-03,23.343252182006836
1999-08-04,22.71356773376465
1999-08-05,22.398727416992188
1999-08-06,22.623613357543945
1999-08-09,22.84849739074707
1999-08-10,22.533655166625977
1999-08-11,23.028406143188477
1999-08-12,23.028406143188477
1999-08-13,22.983434677124023
1999-08-16,23.253293991088867
1999-08-17,22.983434677124023
1999-08-18,22.48868179321289
1999-08-19,22.474184036254883
1999-08-20,21.65858268737793
1999-08-23,21.56796646118164
1999-08-24,21.56796646118164
1999-08-25,22.06637954711914
1999-08-26,22.474184036254883
1999-08-27,22.1117000579834
1999-08-30,21.749210357666016
1999-08-31,21.56796646118164
1999-09-01,21.454687118530273
1999-09-02,21.522655487060547
1999-09-03,21.36406707763672
1999-09-07,20.480504989624023
1999-09-08,20.389881134033203
1999-09-09,20.661746978759766
1999-09-10,20.253952026367188
1999-09-13,20.118013381958008
1999-09-14,19.846149444580078
1999-09-15,19.664915084838867
1999-09-16,19.34773063659668
1999-09-17,19.030559539794922
1999-09-20,18.713382720947266
1999-09-21,18.21495819091797
1999-09-22,18.260278701782227
1999-09-23,18.033723831176758
1999-09-24,17.988407135009766
1999-09-27,17.94309425354004
1999-09-28,17.444677352905273
1999-09-29,16.946250915527344
1999-09-30,16.90094757080078
1999-10-01,16.90094757080078
1999-10-04,17.036880493164062
1999-10-05,17.21812629699707
1999-10-06,17.35405731201172
1999-10-07,17.62592124938965
1999-10-08,17.58060646057129
1999-10-11,17.35405731201172
1999-10-12,17.399370193481445
1999-10-13,16.855634689331055
1999-10-14,16.946250915527344
1999-10-15,16.810327529907227
1999-10-18,16.765010833740234
1999-10-19,16.71969985961914
1999-10-20,17.422021865844727
1999-10-21,16.99156951904297
1999-10-22,16.765010833740234
1999-10-25,16.855634689331055
1999-10-26,17.036880493164062
1999-10-27,17.12749481201172
1999-10-28,17.693883895874023
1999-10-29,18.033723831176758
1999-11-01,17.761850357055664
1999-11-02,17.58060646057129
1999-11-03,17.58060646057129
1999-11-04,17.85247230529785
1999-11-05,18.668073654174805
1999-11-08,18.758689880371094
1999-11-09,18.93993377685547
1999-11-10,19.21180534362793
1999-11-11,19.664915084838867
1999-11-12,19.57428741455078
1999-11-15,19.57428741455078
1999-11-16,19.461013793945312
1999-11-17,19.57428741455078
1999-11-18,19.71961212158203
1999-11-19,19.605363845825195
1999-11-22,19.651065826416016
1999-11-23,19.23975944519043
1999-11-24,18.965560913085938
1999-11-26,20.245166778564453
1999-11-29,19.696758270263672
1999-11-30,20.656465530395508
1999-12-01,20.473665237426758
1999-12-02,21.204872131347656
1999-12-03,20.42796516418457
1999-12-06,20.199466705322266
1999-12-07,19.833866119384766
1999-12-08,19.651065826416016
1999-12-09,19.33116340637207
1999-12-10,19.33116340637207
1999-12-13,18.965560913085938
1999-12-14,18.874162673950195
1999-12-15,18.91986083984375
1999-12-16,19.28546142578125
1999-12-17,18.965560913085938
1999-12-20,19.102657318115234
1999-12-21,19.194059371948242
1999-12-22,18.965560913085938
1999-12-23,19.102657318115234
1999-12-27,18.965560913085938
1999-12-28,18.942707061767578
1999-12-29,18.91986083984375
1999-12-30,18.828462600708008
1999-12-31,18.28005599975586
2000-01-03,18.097259521484375
2000-01-04,17.640260696411133
2000-01-05,18.16580581665039
2000-01-06,18.371458053588867
2000-01-07,17.960161209106445
2000-01-10,18.097259521484375
2000-01-11,18.28005599975586
2000-01-12,18.051559448242188
2000-01-13,18.691362380981445
2000-01-14,18.599960327148438
2000-01-18,18.46286392211914
2000-01-19,18.28005599975586
2000-01-20,18.737060546875
2000-01-21,17.640260696411133
2000-01-24,17.59455680847168
2000-01-25,17.45745849609375
2000-01-26,18.50855827331543
2000-01-27,18.55426025390625
2000-01-28,17.22895622253418
2000-01-31,18.097259521484375
2000-02-01,17.914457321166992
2000-02-02,17.61740493774414
2000-02-03,17.45745849609375
2000-02-04,17.45745849609375
2000-02-07,17.823057174682617
2000-02-08,18.097259521484375
2000-02-09,18.50855827331543
2000-02-10,18.55426025390625
2000-02-11,18.50855827331543
2000-02-14,18.234363555908203
2000-02-15,18.234363555908203
2000-02-16,17.59455680847168
2000-02-17,17.685958862304688
2000-02-18,17.59455680847168
2000-02-22,17.503154754638672
2000-02-23,17.373029708862305
2000-02-24,17.073095321655273
2000-02-25,16.750093460083008
2000-02-28,15.781086921691895
2000-02-29,16.842382431030273
2000-03-01,16.888519287109375
2000-03-02,16.61166000366211
2000-03-03,16.61166000366211
2000-03-06,16.427085876464844
2000-03-07,16.565521240234375
2000-03-08,16.93467140197754
2000-03-09,17.811397552490234
2000-03-10,17.672964096069336
2000-03-13,16.657806396484375
2000-03-14,17.349960327148438
2000-03-15,17.303813934326172
2000-03-16,18.411264419555664
2000-03-17,17.62682342529297
2000-03-20,17.488391876220703
2000-03-21,17.442245483398438
2000-03-22,17.8575382232666
2000-03-23,17.949825286865234
2000-03-24,18.272830963134766
2000-03-27,17.811397552490234
2000-03-28,17.62682342529297
2000-03-29,17.995967864990234
2000-03-30,17.18845558166504
2000-03-31,18.54969024658203
2000-04-03,19.057270050048828
2000-04-04,18.54969024658203
2000-04-05,16.61166000366211
2000-04-06,18.134401321411133
2000-04-07,18.411264419555664
2000-04-10,17.90367889404297
2000-04-11,18.272830963134766
2000-04-12,18.82655143737793
2000-04-13,19.19569969177246
2000-04-14,18.734264373779297
2000-04-17,18.872697830200195
2000-04-18,18.411264419555664
2000-04-19,18.134401321411133
2000-04-20,18.1805419921875
2000-04-24,15.781086921691895
2000-04-25,18.457401275634766
2000-04-26,17.488391876220703
2000-04-27,18.226688385009766
2000-04-28,16.288663864135742
2000-05-01,17.488391876220703
2000-05-02,17.119243621826172
2000-05-03,16.288663864135742
2000-05-04,16.98080825805664
2000-05-05,17.119243621826172
2000-05-08,16.150230407714844
2000-05-09,16.334802627563477
2000-05-10,15.873368263244629
2000-05-11,15.965653419494629
2000-05-12,16.19637107849121
2000-05-15,16.380949020385742
2000-05-16,16.70395278930664
2000-05-17,16.057939529418945
2000-05-18,16.057939529418945
2000-05-19,15.965653419494629
2000-05-22,15.3196439743042
2000-05-23,14.858213424682617
2000-05-24,14.996637344360352
2000-05-25,15.27695369720459
2000-05-26,15.347029685974121
2000-05-30,15.510543823242188
2000-05-31,15.04336166381836
2000-06-01,15.697418212890625
2000-06-02,15.20687484741211
2000-06-05,15.230230331420898
2000-06-06,15.09007740020752
2000-06-07,16.0711669921875
2000-06-08,15.977731704711914
2000-06-09,16.398195266723633
2000-06-12,16.49163818359375
2000-06-13,17.192407608032227
2000-06-14,19.575056076049805
2000-06-15,20.556137084960938
2000-06-16,20.322547912597656
2000-06-19,20.13567543029785
2000-06-20,20.229114532470703
2000-06-21,20.556137084960938
2000-06-22,20.24079132080078
2000-06-23,20.229114532470703
2000-06-26,20.743017196655273
2000-06-27,20.3692684173584
2000-06-28,20.64958381652832
2000-06-29,20.462709426879883
2000-06-30,20.182395935058594
2000-07-03,20.556137084960938
2000-07-05,19.434898376464844
2000-07-06,20.883174896240234
2000-07-07,19.808643341064453
2000-07-10,20.3692684173584
2000-07-11,20.08895492553711
2000-07-12,20.182395935058594
2000-07-13,20.462709426879883
2000-07-14,20.3692684173584
2000-07-17,20.929887771606445
2000-07-18,20.929887771606445
2000-07-19,20.929887771606445
2000-07-20,20.556137084960938
2000-07-21,20.275835037231445
2000-07-24,20.322547912597656
2000-07-25,20.322547912597656
2000-07-26,19.995521545410156
2000-07-27,19.855365753173828
2000-07-28,19.691848754882812
2000-07-31,20.182395935058594
2000-08-01,19.575056076049805
2000-08-02,19.948802947998047
2000-08-03,20.08895492553711
2000-08-04,20.3692684173584
2000-08-07,20.743017196655273
2000-08-08,20.929887771606445
2000-08-09,20.743017196655273
2000-08-10,20.64958381652832
2000-08-11,20.929887771606445
2000-08-14,21.63067054748535
2000-08-15,20.50942611694336
2000-08-16,22.05113410949707
2000-08-17,22.144569396972656
2000-08-18,21.864259719848633
2000-08-21,21.95769691467285
2000-08-22,21.58395004272461
2000-08-23,21.58395004272461
2000-08-24,22.055217742919922
2000-08-25,21.86670684814453
2000-08-28,22.055217742919922
2000-08-29,21.772457122802734
2000-08-30,21.67820930480957
2000-08-31,21.20693588256836
2000-09-01,21.67820930480957
2000-09-05,22.055217742919922
2000-09-06,22.573604583740234
2000-09-07,22.432228088378906
2000-09-08,22.337974548339844
2000-09-11,22.38510513305664
2000-09-12,22.432228088378906
2000-09-13,21.890270233154297
2000-09-14,22.102336883544922
2000-09-15,22.008087158203125
2000-09-18,21.15981101989746
2000-09-19,20.9713077545166
2000-09-20,22.008087158203125
2000-09-21,21.58395004272461
2000-09-22,22.055217742919922
2000-09-25,21.86670684814453
2000-09-26,21.124465942382812
2000-09-27,21.725330352783203
2000-09-28,21.913837432861328
2000-09-29,21.242286682128906
2000-10-02,20.78280258178711
2000-10-03,21.018428802490234
2000-10-04,22.008087158203125
2000-10-05,21.536823272705078
2000-10-06,20.68855094909668
2000-10-09,21.67820930480957
2000-10-10,20.68855094909668
2000-10-11,20.170154571533203
2000-10-12,19.4632568359375
2000-10-13,20.405784606933594
2000-10-16,20.594295501708984
2000-10-17,19.227619171142578
2000-10-18,19.60463523864746
2000-10-19,20.735675811767578
2000-10-20,20.87705421447754
2000-10-23,20.31153106689453
2000-10-24,20.170154571533203
2000-10-25,20.9713077545166
2000-10-26,21.15981101989746
2000-10-27,21.20693588256836
2000-10-30,21.15981101989746
2000-10-31,19.88739776611328
2000-11-01,21.536823272705078
2000-11-02,21.819583892822266
2000-11-03,21.442575454711914
2000-11-06,20.841707229614258
2000-11-07,21.395444869995117
2000-11-08,21.442575454711914
2000-11-09,21.772457122802734
2000-11-10,20.78280258178711
2000-11-13,21.819583892822266
2000-11-14,21.819583892822266
2000-11-15,21.86670684814453
2000-11-16,20.735675811767578
2000-11-17,21.065563201904297
2000-11-20,20.31153106689453
2000-11-21,20.501806259155273
2000-11-22,20.549373626708984
2000-11-24,20.73964500427246
2000-11-27,20.454240798950195
2000-11-28,19.645587921142578
2000-11-29,20.501806259155273
2000-11-30,20.787214279174805
2000-12-01,19.59801483154297
2000-12-04,18.170976638793945
2000-12-05,18.741790771484375
2000-12-06,18.503948211669922
2000-12-07,18.361249923706055
2000-12-08,19.027202606201172
2000-12-11,18.932056427001953
2000-12-12,18.075834274291992
2000-12-13,15.507161140441895
2000-12-14,15.9828462600708
2000-12-15,15.768792152404785
2000-12-18,15.69743537902832
2000-12-19,15.9828462600708
2000-12-20,15.07905101776123
2000-12-21,15.69743537902832
2000-12-22,15.9828462600708
2000-12-26,15.459598541259766
2000-12-27,15.221756935119629
2000-12-28,15.756896018981934
2000-12-29,15.792576789855957
2001-01-02,16.07798957824707
2001-01-03,17.83799171447754
2001-01-04,17.933137893676758
2001-01-05,16.030412673950195
2001-01-08,17.219615936279297
2001-01-09,18.135297775268555
2001-01-10,19.027202606201172
2001-01-11,18.836923599243164
2001-01-12,19.07476234436035
2001-01-16,19.027202606201172
2001-01-17,17.695293426513672
2001-01-18,18.5515193939209
2001-01-19,18.123409271240234
2001-01-22,17.933137893676758
2001-01-23,17.88556671142578
2001-01-24,18.741790771484375
2001-01-25,17.79042625427246
2001-01-26,18.932056427001953
2001-01-29,19.027202606201172
2001-01-30,19.455307006835938
2001-01-31,19.550443649291992
2001-02-01,19.978559494018555
2001-02-02,19.50287437438965
2001-02-05,19.312604904174805
2001-02-06,21.12018585205078
2001-02-07,19.455307006835938
2001-02-08,19.8834171295166
2001-02-09,19.93098258972168
2001-02-12,20.26396942138672
2001-02-13,21.262895584106445
2001-02-14,21.2153263092041
2001-02-15,20.929916381835938
2001-02-16,19.8834171295166
2001-02-20,21.167755126953125
2001-02-21,19.407739639282227
2001-02-22,19.936174392700195
2001-02-23,20.032249450683594
2001-02-26,19.936174392700195
2001-02-27,19.40774154663086
2001-02-28,20.416563034057617
2001-03-01,20.908954620361328
2001-03-02,20.2123966217041
2001-03-05,19.744016647338867
2001-03-06,19.984207153320312
2001-03-07,19.936174392700195
2001-03-08,19.936174392700195
2001-03-09,19.287639617919922
2001-03-12,19.40774154663086
2001-03-13,19.37171173095703
2001-03-14,18.44696044921875
2001-03-15,17.72637939453125
2001-03-16,17.87049674987793
2001-03-19,19.131515502929688
2001-03-20,17.486181259155273
2001-03-21,17.582260131835938
2001-03-22,18.434953689575195
2001-03-23,18.15872573852539
2001-03-26,19.8400936126709
2001-03-27,19.647933959960938
2001-03-28,19.551860809326172
2001-03-29,18.783239364624023
2001-03-30,19.792051315307617
2001-04-02,19.8400936126709
2001-04-03,19.16754913330078
2001-04-04,19.695974349975586
2001-04-05,20.176366806030273
2001-04-06,19.647933959960938
2001-04-09,19.984207153320312
2001-04-10,20.560672760009766
2001-04-11,19.646013259887695
2001-04-12,19.830482482910156
2001-04-16,20.03801155090332
2001-04-17,20.137937545776367
2001-04-18,20.48381805419922
2001-04-19,20.944992065429688
2001-04-20,21.129457473754883
2001-04-23,20.330093383789062
2001-04-24,21.50608253479004
2001-04-25,21.521453857421875
2001-04-26,22.20552635192871
2001-04-27,21.905763626098633
2001-04-30,21.42922019958496
2001-05-01,21.898080825805664
2001-05-02,21.821218490600586
2001-05-03,21.421537399291992
2001-05-04,22.29007911682129
2001-05-07,21.19862937927246
2001-05-08,21.406158447265625
2001-05-09,20.89118194580078
2001-05-10,19.638324737548828
2001-05-11,19.13872528076172
2001-05-14,20.24554443359375
2001-05-15,19.984207153320312
2001-05-16,20.87581443786621
2001-05-17,19.968839645385742
2001-05-18,20.376209259033203
2001-05-21,21.475339889526367
2001-05-22,20.70671844482422
2001-05-23,20.19942283630371
2001-05-24,20.60294532775879
2001-05-25,20.921104431152344
2001-05-29,20.152862548828125
2001-05-30,20.137344360351562
2001-05-31,19.749345779418945
2001-06-01,19.78813934326172
2001-06-04,20.370145797729492
2001-06-05,20.370145797729492
2001-06-06,20.564146041870117
2001-06-07,20.789186477661133
2001-06-08,20.471023559570312
2001-06-11,20.40894317626953
2001-06-12,20.346864700317383
2001-06-13,20.39342498779297
2001-06-14,20.005420684814453
2001-06-15,20.02869987487793
2001-06-18,19.431177139282227
2001-06-19,19.485498428344727
2001-06-20,19.594139099121094
2001-06-21,19.780380249023438
2001-06-22,20.1761417388916
2001-06-25,20.207181930541992
2001-06-26,20.214948654174805
2001-06-27,20.331348419189453
2001-06-28,21.32463264465332
2001-06-29,21.40222930908203
2001-07-02,21.704872131347656
2001-07-03,21.627277374267578
2001-07-05,21.720399856567383
2001-07-06,21.38671112060547
2001-07-09,21.712635040283203
2001-07-10,21.69711685180664
2001-07-11,22.038557052612305
2001-07-12,22.44208335876465
2001-07-13,22.488637924194336
2001-07-16,23.109445571899414
2001-07-17,23.272409439086914
2001-07-18,22.94648551940918
2001-07-19,23.272409439086914
2001-07-20,24.133777618408203
2001-07-23,24.14153289794922
2001-07-24,24.32001495361328
2001-07-25,24.498498916625977
2001-07-26,24.78561782836914
2001-07-27,24.250171661376953
2001-07-30,23.435365676879883
2001-07-31,22.768007278442383
2001-08-01,22.915441513061523
2001-08-02,23.334484100341797
2001-08-03,22.52744483947754
2001-08-06,22.178237915039062
2001-08-07,22.193758010864258
2001-08-08,21.64279556274414
2001-08-09,21.76695442199707
2001-08-10,21.728153228759766
2001-08-13,21.409992218017578
2001-08-14,21.161666870117188
2001-08-15,21.10735511779785
2001-08-16,20.95215606689453
2001-08-17,20.696069717407227
2001-08-20,20.1761417388916
2001-08-21,20.1761417388916
2001-08-22,22.722646713256836
2001-08-23,22.330881118774414
2001-08-24,23.14575958251953
2001-08-27,22.385723114013672
2001-08-28,21.657033920288086
2001-08-29,23.459177017211914
2001-08-30,22.087982177734375
2001-08-31,22.464080810546875
2001-09-04,22.393558502197266
2001-09-05,22.28386688232422
2001-09-06,22.213342666625977
2001-09-07,21.359289169311523
2001-09-10,20.912675857543945
2001-09-17,18.240806579589844
2001-09-18,18.671743392944336
2001-09-19,18.562053680419922
2001-09-20,16.611038208007812
2001-09-21,16.3367977142334
2001-09-24,17.535612106323242
2001-09-25,18.5933895111084
2001-09-26,18.22513198852539
2001-09-27,18.507204055786133
2001-09-28,19.2593994140625
2001-10-01,18.18595314025879
2001-10-02,18.491535186767578
2001-10-03,18.8441219329834
2001-10-04,19.196720123291016
2001-10-05,18.828458786010742
2001-10-08,18.789278030395508
2001-10-09,18.726593017578125
2001-10-10,19.588491439819336
2001-10-11,19.588491439819336
2001-10-12,19.5101318359375
2001-10-15,19.541473388671875
2001-10-16,20.1761417388916
2001-10-17,18.98516273498535
2001-10-18,16.007715225219727
2001-10-19,16.25844955444336
2001-10-22,16.29762077331543
2001-10-23,16.29762077331543
2001-10-24,15.905854225158691
2001-10-25,16.14092254638672
2001-10-26,16.148752212524414
2001-10-29,16.023386001586914
2001-10-30,16.133079528808594
2001-10-31,16.25844955444336
2001-11-01,16.266284942626953
2001-11-02,16.203598022460938
2001-11-05,16.219268798828125
2001-11-06,16.18008804321289
2001-11-07,16.164419174194336
2001-11-08,16.446495056152344
2001-11-09,16.407320022583008
2001-11-12,16.41515350341797
2001-11-13,16.399477005004883
2001-11-14,16.470003128051758
2001-11-15,16.470003128051758
2001-11-16,16.46216583251953
2001-11-19,16.57969856262207
2001-11-20,16.952363967895508
2001-11-21,16.76206398010254
2001-11-23,17.087154388427734
2001-11-26,17.087154388427734
2001-11-27,16.99201202392578
2001-11-28,16.968223571777344
2001-11-29,17.087154388427734
2001-11-30,17.055444717407227
2001-12-03,16.968223571777344
2001-12-04,17.80870246887207
2001-12-05,18.39546012878418
2001-12-06,18.6809024810791
2001-12-07,18.173437118530273
2001-12-10,17.848352432250977
2001-12-11,17.610475540161133
2001-12-12,17.182310104370117
2001-12-13,17.063369750976562
2001-12-14,17.42017936706543
2001-12-17,17.761131286621094
2001-12-18,17.91178321838379
2001-12-19,18.47474479675293
2001-12-20,18.236873626708984
2001-12-21,18.990137100219727
2001-12-24,19.465883255004883
2001-12-26,18.974279403686523
2001-12-27,19.672035217285156
2001-12-28,18.672977447509766
2001-12-31,18.49853515625
2002-01-02,18.966352462768555
2002-01-03,20.06056022644043
2002-01-04,19.925765991210938
2002-01-07,19.09321403503418
2002-01-08,19.822690963745117
2002-01-09,19.339017868041992
2002-01-10,18.736408233642578
2002-01-11,18.823623657226562
2002-01-14,18.3320255279541
2002-01-15,18.720550537109375
2002-01-16,18.062435150146484
2002-01-17,18.672977447509766
2002-01-18,18.41131591796875
2002-01-22,18.054508209228516
2002-01-23,18.300310134887695
2002-01-24,18.141721725463867
2002-01-25,18.625402450561523
2002-01-28,19.17250633239746
2002-01-29,19.426237106323242
2002-01-30,20.655244827270508
2002-01-31,20.100204467773438
2002-02-01,20.020915985107422
2002-02-04,19.58481788635254
2002-02-05,19.814760208129883
2002-02-06,19.822690963745117
2002-02-07,19.822690963745117
2002-02-08,20.2667179107666
2002-02-11,20.457014083862305
2002-02-12,20.464942932128906
2002-02-13,20.679033279418945
2002-02-14,20.877254486083984
2002-02-15,21.273712158203125
2002-02-19,21.186492919921875
2002-02-20,21.397598266601562
2002-02-21,21.349803924560547
2002-02-22,21.795913696289062
2002-02-25,21.588794708251953
2002-02-26,21.142677307128906
2002-02-27,21.46133041381836
2002-02-28,21.501163482666016
2002-03-01,21.716257095336914
2002-03-04,22.297794342041016
2002-03-05,22.24203109741211
2002-03-06,22.44915199279785
2002-03-07,23.062564849853516
2002-03-08,22.688148498535156
2002-03-11,22.704078674316406
2002-03-12,22.919174194335938
2002-03-13,22.767810821533203
2002-03-14,22.951032638549805
2002-03-15,22.767810821533203
2002-03-18,22.751874923706055
2002-03-19,23.038667678833008
2002-03-20,22.026941299438477
2002-03-21,21.349803924560547
2002-03-22,21.31793785095215
2002-03-25,20.39383888244629
2002-03-26,21.16657257080078
2002-03-27,21.254209518432617
2002-03-28,21.501163482666016
2002-04-01,20.553165435791016
2002-04-02,20.35400390625
2002-04-03,20.11501693725586
2002-04-04,20.11501693725586
2002-04-05,19.979585647583008
2002-04-08,20.162813186645508
2002-04-09,20.824024200439453
2002-04-10,22.098634719848633
2002-04-11,22.011005401611328
2002-04-12,22.385427474975586
2002-04-15,22.409318923950195
2002-04-16,23.150192260742188
2002-04-17,23.317487716674805
2002-04-18,23.309518814086914
2002-04-19,23.09442901611328
2002-04-22,22.7996768951416
2002-04-23,22.96696662902832
2002-04-24,22.919174194335938
2002-04-25,22.65628433227539
2002-04-26,21.83574676513672
2002-04-29,21.923377990722656
2002-04-30,23.436981201171875
2002-05-01,23.7795352935791
2002-05-02,23.835302352905273
2002-05-03,23.38918685913086
2002-05-06,23.134258270263672
2002-05-07,23.09442901611328
2002-05-08,23.67597198486328
2002-05-09,23.118330001831055
2002-05-10,22.12253761291504
2002-05-13,22.704078674316406
2002-05-14,23.699871063232422
2002-05-15,23.277658462524414
2002-05-16,22.61644744873047
2002-05-17,22.80763816833496
2002-05-20,22.162372589111328
2002-05-21,21.74015235900879
2002-05-22,21.580827713012695
2002-05-23,21.816923141479492
2002-05-24,21.344724655151367
2002-05-28,22.329130172729492
2002-05-29,22.12104034423828
2002-05-30,22.153059005737305
2002-05-31,22.609243392944336
2002-06-03,21.33672332763672
2002-06-04,21.040607452392578
2002-06-05,21.080617904663086
2002-06-06,20.5203914642334
2002-06-07,21.320716857910156
2002-06-10,21.232683181762695
2002-06-11,20.72847557067871
2002-06-12,20.736478805541992
2002-06-13,20.000179290771484
2002-06-14,19.439952850341797
2002-06-17,19.688053131103516
2002-06-18,19.84011459350586
2002-06-19,19.191848754882812
2002-06-20,18.66362762451172
2002-06-21,18.471553802490234
2002-06-24,18.95975112915039
2002-06-25,18.119407653808594
2002-06-26,19.399930953979492
2002-06-27,20.296300888061523
2002-06-28,19.672039031982422
2002-07-01,19.35991668701172
2002-07-02,18.51156997680664
2002-07-03,18.119407653808594
2002-07-05,19.31189727783203
2002-07-08,18.87972068786621
2002-07-09,19.087806701660156
2002-07-10,18.327497482299805
2002-07-11,16.998950958251953
2002-07-12,17.48714828491211
2002-07-15,17.311077117919922
2002-07-16,16.558773040771484
2002-07-17,17.183025360107422
2002-07-18,16.38269805908203
2002-07-19,16.230636596679688
2002-07-22,16.08657455444336
2002-07-23,15.142192840576172
2002-07-24,17.21504020690918
2002-07-25,17.82328987121582
2002-07-26,17.703237533569336
2002-07-29,19.02378273010254
2002-07-30,18.999774932861328
2002-07-31,18.807693481445312
2002-08-01,18.75967025756836
2002-08-02,17.399110794067383
2002-08-05,16.646804809570312
2002-08-06,17.927331924438477
2002-08-07,18.44754409790039
2002-08-08,18.871719360351562
2002-08-09,19.127819061279297
2002-08-12,17.76726531982422
2002-08-13,16.854887008666992
2002-08-14,16.75885009765625
2002-08-15,16.630800247192383
2002-08-16,16.702829360961914
2002-08-19,17.21504020690918
2002-08-20,17.327083587646484
2002-08-21,17.709449768066406
2002-08-22,17.806045532226562
2002-08-23,17.009122848510742
2002-08-26,17.797996520996094
2002-08-27,16.976919174194336
2002-08-28,16.630783081054688
2002-08-29,17.145963668823242
2002-08-30,16.47783660888672
2002-09-03,16.220245361328125
2002-09-04,17.31501007080078
2002-09-05,16.413440704345703
2002-09-06,16.984968185424805
2002-09-09,17.65310287475586
2002-09-10,17.427705764770508
2002-09-11,16.840076446533203
2002-09-12,16.6871280670166
2002-09-13,16.993024826049805
2002-09-16,16.799823760986328
2002-09-17,16.002901077270508
2002-09-18,16.316844940185547
2002-09-19,15.519914627075195
2002-09-20,15.648711204528809
2002-09-23,14.561999320983887
2002-09-24,14.787391662597656
2002-09-25,15.616512298583984
2002-09-26,16.558334350585938
2002-09-27,15.64066219329834
2002-09-30,15.310622215270996
2002-10-01,15.697010040283203
2002-10-02,14.787391662597656
2002-10-03,14.980585098266602
2002-10-04,14.513697624206543
2002-10-07,14.095108032226562
2002-10-08,13.55577564239502
2002-10-09,12.726653099060059
2002-10-10,13.652373313903809
2002-10-11,14.054862022399902
2002-10-14,13.12109088897705
2002-10-15,14.384900093078613
2002-10-16,13.507478713989258
2002-10-17,14.570050239562988
2002-10-18,14.248054504394531
2002-10-21,14.44124984741211
2002-10-22,13.926064491271973
2002-10-23,13.78921890258789
2002-10-24,13.668472290039062
2002-10-25,13.732872009277344
2002-10-28,13.16133975982666
2002-10-29,13.12109088897705
2002-10-30,13.467232704162598
2002-10-31,14.079014778137207
2002-11-01,14.787391662597656
2002-11-04,14.771288871765137
2002-11-05,14.594198226928711
2002-11-06,15.37502384185791
2002-11-07,15.181828498840332
2002-11-08,14.851790428161621
2002-11-11,14.489544868469238
2002-11-12,14.682741165161133
2002-11-13,15.246228218078613
2002-11-14,15.80165958404541
2002-11-15,16.131696701049805
2002-11-18,15.576265335083008
2002-11-19,15.721159934997559
2002-11-20,15.830533981323242
2002-11-21,15.757615089416504
2002-11-22,15.563177108764648
2002-11-25,15.790024757385254
2002-11-26,15.02037239074707
2002-11-27,16.041173934936523
2002-11-29,15.425455093383789
2002-12-02,15.401148796081543
2002-12-03,14.866439819335938
2002-12-04,15.33633804321289
2002-12-05,15.449756622314453
2002-12-06,15.279623985290527
2002-12-09,14.736818313598633
2002-12-10,15.004169464111328
2002-12-11,14.987964630126953
2002-12-12,15.0770845413208
2002-12-13,14.842135429382324
2002-12-16,14.696303367614746
2002-12-17,14.680105209350586
2002-12-18,14.63149356842041
2002-12-19,14.647697448730469
2002-12-20,14.979866027832031
2002-12-23,15.004169464111328
2002-12-24,14.96365737915039
2002-12-26,14.680105209350586
2002-12-27,14.4613618850708
2002-12-30,14.266922950744629
2002-12-31,14.323637008666992
2003-01-02,15.004169464111328
2003-01-03,14.93935489654541
2003-01-06,15.012272834777832
2003-01-07,15.068977355957031
2003-01-08,14.825928688049316
2003-01-09,15.085184097290039
2003-01-10,15.263419151306152
2003-01-13,15.190505981445312
2003-01-14,15.190505981445312
2003-01-15,15.174304008483887
2003-01-16,14.866439819335938
2003-01-17,14.639598846435547
2003-01-21,14.720609664916992
2003-01-22,14.09678840637207
2003-01-23,14.266922950744629
2003-01-24,13.675503730773926
2003-01-27,13.724116325378418
2003-01-28,13.602591514587402
2003-01-29,13.79703140258789
2003-01-30,12.930157661437988
2003-01-31,13.124598503112793
2003-02-03,13.472967147827148
2003-02-04,13.43245792388916
2003-02-05,13.61069107055664
2003-02-06,13.375749588012695
2003-02-07,12.225318908691406
2003-02-10,12.800535202026367
2003-02-11,12.282031059265137
2003-02-12,11.998475074768066
2003-02-13,12.42785930633545
2003-02-14,12.111895561218262
2003-02-18,13.011173248291016
2003-02-19,12.745804786682129
2003-02-20,12.484519958496094
2003-02-21,12.958100318908691
2003-02-24,12.32938289642334
2003-02-25,13.194886207580566
2003-02-26,12.32938289642334
2003-02-27,12.966265678405762
2003-02-28,12.558008193969727
2003-03-03,12.345714569091797
2003-03-04,12.076262474060059
2003-03-05,11.95378589630127
2003-03-06,11.929292678833008
2003-03-07,11.643509864807129
2003-03-10,10.778003692626953
2003-03-11,10.533047676086426
2003-03-12,10.500388145446777
2003-03-13,11.186261177062988
2003-03-14,11.349563598632812
2003-03-17,11.782319068908691
2003-03-18,11.521032333374023
2003-03-19,11.970117568969727
2003-03-20,12.059932708740234
2003-03-21,12.231400489807129
2003-03-24,11.855805397033691
2003-03-25,11.929292678833008
2003-03-26,11.839472770690918
2003-03-27,12.304886817932129
2003-03-28,12.337547302246094
2003-03-31,12.239566802978516
2003-04-01,12.794795989990234
2003-04-02,13.219383239746094
2003-04-03,13.178559303283691
2003-04-04,12.998926162719727
2003-04-07,13.562321662902832
2003-04-08,13.692962646484375
2003-04-09,14.240028381347656
2003-04-10,14.362506866455078
2003-04-11,14.35434341430664
2003-04-14,14.852418899536133
2003-04-15,14.958559036254883
2003-04-16,14.7789306640625
2003-04-17,15.105538368225098
2003-04-21,15.211682319641113
2003-04-22,15.856729507446289
2003-04-23,16.060861587524414
2003-04-24,15.954713821411133
2003-04-25,15.628101348876953
2003-04-28,16.077190399169922
2003-04-29,16.240495681762695
2003-04-30,16.485445022583008
2003-05-01,16.060861587524414
2003-05-02,16.281320571899414
2003-05-05,16.42012596130371
2003-05-06,16.918201446533203
2003-05-07,16.975358963012695
2003-05-08,16.567102432250977
2003-05-09,17.269302368164062
2003-05-12,17.53058433532715
2003-05-13,17.179489135742188
2003-05-14,16.967191696166992
2003-05-15,16.567102432250977
2003-05-16,16.191499710083008
2003-05-19,15.905722618103027
2003-05-20,16.118013381958008
2003-05-21,16.34663963317871
2003-05-22,16.468320846557617
2003-05-23,16.558761596679688
2003-05-27,17.200063705444336
2003-05-28,17.26584243774414
2003-05-29,17.487829208374023
2003-05-30,18.08802604675293
2003-06-02,17.66048812866211
2003-06-03,17.833147048950195
2003-06-04,18.112688064575195
2003-06-05,18.367565155029297
2003-06-06,18.203128814697266
2003-06-09,17.619375228881836
2003-06-10,17.84136199951172
2003-06-11,18.27712059020996
2003-06-12,18.293567657470703
2003-06-13,17.874258041381836
2003-06-16,17.89891815185547
2003-06-17,18.05513572692871
2003-06-18,17.570045471191406
2003-06-19,17.41383171081543
2003-06-20,16.862966537475586
2003-06-23,15.966792106628418
2003-06-24,15.424149513244629
2003-06-25,16.073671340942383
2003-06-26,16.4107666015625
2003-06-27,15.785919189453125
2003-06-30,15.621477127075195
2003-07-01,16.25455665588379
2003-07-02,17.216508865356445
2003-07-03,16.575204849243164
2003-07-07,16.830081939697266
2003-07-08,17.545385360717773
2003-07-09,17.446720123291016
2003-07-10,17.175395965576172
2003-07-11,17.627595901489258
2003-07-14,17.586490631103516
2003-07-15,17.331615447998047
2003-07-16,17.833147048950195
2003-07-17,16.77252769470215
2003-07-18,17.27406120300293
2003-07-21,17.00273895263672
2003-07-22,17.27406120300293
2003-07-23,17.422056198120117
2003-07-24,16.70676040649414
2003-07-25,17.86603546142578
2003-07-28,17.438499450683594
2003-07-29,17.594711303710938
2003-07-30,17.693376541137695
2003-07-31,17.471384048461914
2003-08-01,17.093183517456055
2003-08-04,17.28228759765625
2003-08-05,16.575204849243164
2003-08-06,16.435434341430664
2003-08-07,16.36966323852539
2003-08-08,16.262775421142578
2003-08-11,16.5258731842041
2003-08-12,16.871191024780273
2003-08-13,17.306955337524414
2003-08-14,17.76737403869629
2003-08-15,17.907142639160156
2003-08-18,18.679990768432617
2003-08-19,18.893760681152344
2003-08-20,19.438024520874023
2003-08-21,19.735803604125977
2003-08-22,19.545555114746094
2003-08-25,19.32222557067871
2003-08-26,19.702713012695312
2003-08-27,19.76061248779297
2003-08-28,20.09974479675293
2003-08-29,20.27345085144043
2003-09-02,20.711841583251953
2003-09-03,20.678752899169922
2003-09-04,20.703563690185547
2003-09-05,20.596036911010742
2003-09-08,20.89381217956543
2003-09-09,20.79454803466797
2003-09-10,20.347890853881836
2003-09-11,20.910354614257812
2003-09-12,20.45542335510254
2003-09-15,20.513324737548828
2003-09-16,20.645662307739258
2003-09-17,20.35616683959961
2003-09-18,20.802827835083008
2003-09-19,21.04269790649414
2003-09-22,20.753190994262695
2003-09-23,21.257755279541016
2003-09-24,21.0344295501709
2003-09-25,20.678752899169922
2003-09-26,20.720108032226562
2003-09-29,20.35616683959961
2003-09-30,19.793701171875
2003-10-01,21.373554229736328
2003-10-02,21.232942581176758
2003-10-03,21.464542388916016
2003-10-06,21.638246536254883
2003-10-07,21.381826400756836
2003-10-08,21.472810745239258
2003-10-09,21.803674697875977
2003-10-10,21.836759567260742
2003-10-13,22.25033950805664
2003-10-14,22.333051681518555
2003-10-15,22.299968719482422
2003-10-16,21.68787384033203
2003-10-17,21.150226593017578
2003-10-20,21.050968170166016
2003-10-21,21.232942581176758
2003-10-22,20.314804077148438
2003-10-23,20.786277770996094
2003-10-24,20.60430335998535
2003-10-27,20.96825408935547
2003-10-28,21.141956329345703
2003-10-29,21.431453704833984
2003-10-30,21.621706008911133
2003-10-31,21.166770935058594
2003-11-03,21.390100479125977
2003-11-04,21.40664291381836
2003-11-05,21.04269790649414
2003-11-06,21.21639633178711
2003-11-07,21.224668502807617
2003-11-10,20.802827835083008
2003-11-11,20.372705459594727
2003-11-12,20.852455139160156
2003-11-13,21.166770935058594
2003-11-14,20.505054473876953
2003-11-17,20.323076248168945
2003-11-18,19.644813537597656
2003-11-19,19.95930290222168
2003-11-20,19.80954933166504
2003-11-21,19.834505081176758
2003-11-24,21.124082565307617
2003-11-25,21.32375717163086
2003-11-26,21.24888038635254
2003-11-28,21.215595245361328
2003-12-01,21.373680114746094
2003-12-02,21.465192794799805
2003-12-03,21.39031982421875
2003-12-04,21.756389617919922
2003-12-05,21.39863395690918
2003-12-08,21.85622787475586
2003-12-09,21.38199806213379
2003-12-10,21.706470489501953
2003-12-11,22.18902015686035
2003-12-12,22.363733291625977
2003-12-15,22.18902015686035
2003-12-16,22.04758644104004
2003-12-17,22.24725914001465
2003-12-18,22.77973175048828
2003-12-19,22.67989158630371
2003-12-22,22.629974365234375
2003-12-23,22.871248245239258
2003-12-24,22.65493392944336
2003-12-26,22.74645233154297
2003-12-29,23.278919219970703
2003-12-30,23.037643432617188
2003-12-31,22.446941375732422
2004-01-02,22.713171005249023
2004-01-05,22.6965274810791
2004-01-06,23.120847702026367
2004-01-07,23.295560836791992
2004-01-08,22.921165466308594
2004-01-09,22.813005447387695
2004-01-12,22.99604606628418
2004-01-13,23.27060317993164
2004-01-14,23.461956024169922
2004-01-15,23.295560836791992
2004-01-16,23.187402725219727
2004-01-20,24.26898193359375
2004-01-21,23.986108779907227
2004-01-22,23.894588470458984
2004-01-23,24.002744674682617
2004-01-26,24.427059173583984
2004-01-27,23.86130714416504
2004-01-28,23.12916374206543
2004-01-29,22.86292839050293
2004-01-30,22.430295944213867
2004-02-02,21.922786712646484
2004-02-03,21.8395938873291
2004-02-04,21.38199806213379
2004-02-05,22.421977996826172
2004-02-06,22.671571731567383
2004-02-09,22.91284942626953
2004-02-10,23.328840255737305
2004-02-11,23.40371322631836
2004-02-12,23.17076301574707
2004-02-13,23.062602996826172
2004-02-17,24.15250587463379
2004-02-18,22.97212791442871
2004-02-19,22.52907371520996
2004-02-20,22.654464721679688
2004-02-23,22.612668991088867
2004-02-24,23.03064727783203
2004-02-25,23.632539749145508
2004-02-26,23.808086395263672
2004-02-27,23.65761947631836
2004-03-01,23.82480812072754
2004-03-02,23.331594467163086
2004-03-03,23.77465057373047
2004-03-04,23.82480812072754
2004-03-05,23.849891662597656
2004-03-08,23.31487464904785
2004-03-09,23.22292137145996
2004-03-10,22.295005798339844
2004-03-11,21.98569679260254
2004-03-12,22.303363800048828
2004-03-15,21.576080322265625
2004-03-16,21.567720413208008
2004-03-17,22.746421813964844
2004-03-18,22.386960983276367
2004-03-19,22.002418518066406
2004-03-22,21.525922775268555
2004-03-23,21.333654403686523
2004-03-24,20.480974197387695
2004-03-25,21.007627487182617
2004-03-26,21.30857276916504
2004-03-29,22.219770431518555
2004-03-30,22.462196350097656
2004-03-31,21.785072326660156
2004-04-01,22.729705810546875
2004-04-02,22.62103271484375
2004-04-05,22.67119026184082
2004-04-06,22.49563217163086
2004-04-07,22.863454818725586
2004-04-08,22.49563217163086
2004-04-12,22.69626235961914
2004-04-13,22.49563217163086
2004-04-14,22.47055435180664
2004-04-15,22.679546356201172
2004-04-16,22.754777908325195
2004-04-19,22.821657180786133
2004-04-20,22.838375091552734
2004-04-21,23.331594467163086
2004-04-22,23.866605758666992
2004-04-23,23.49878692626953
2004-04-26,23.866605758666992
2004-04-27,24.13411521911621
2004-04-28,23.874971389770508
2004-04-29,23.5489444732666
2004-04-30,22.988849639892578
2004-05-03,23.82480812072754
2004-05-04,23.816442489624023
2004-05-05,24.0003604888916
2004-05-06,23.95020294189453
2004-05-07,23.82480812072754
2004-05-10,22.988849639892578
2004-05-11,23.858243942260742
2004-05-12,23.808086395263672
2004-05-13,23.5489444732666
2004-05-14,23.398468017578125
2004-05-17,22.988849639892578
2004-05-18,23.423551559448242
2004-05-19,23.07244300842285
2004-05-20,23.089168548583984
2004-05-21,23.482065200805664
2004-05-24,24.12575340270996
2004-05-25,24.87811851501465
2004-05-26,25.304452896118164
2004-05-27,25.525428771972656
2004-05-28,25.332185745239258
2004-06-01,25.491819381713867
2004-06-02,25.374195098876953
2004-06-03,25.088523864746094
2004-06-04,25.105323791503906
2004-06-07,25.567440032958984
2004-06-08,25.41620445251465
2004-06-09,24.87006950378418
2004-06-10,25.323776245117188
2004-06-14,24.88687515258789
2004-06-15,25.819499969482422
2004-06-16,25.953929901123047
2004-06-17,25.743881225585938
2004-06-18,25.920330047607422
2004-06-21,25.85310935974121
2004-06-22,25.970739364624023
2004-06-23,26.205995559692383
2004-06-24,26.071561813354492
2004-06-25,25.80270004272461
2004-06-28,26.163982391357422
2004-06-29,26.567283630371094
2004-06-30,26.760530471801758
2004-07-01,26.046356201171875
2004-07-02,26.298418045043945
2004-07-06,25.290172576904297
2004-07-07,25.86151123046875
2004-07-08,24.87006950378418
2004-07-09,25.306978225708008
2004-07-12,25.231359481811523
2004-07-13,25.206151962280273
2004-07-14,25.517026901245117
2004-07-15,25.693471908569336
2004-07-16,24.9960994720459
2004-07-19,24.912084579467773
2004-07-20,25.626258850097656
2004-07-21,25.63465690612793
2004-07-22,24.71042823791504
2004-07-23,24.760839462280273
2004-07-26,24.660017013549805
2004-07-27,26.147180557250977
2004-07-28,25.836305618286133
2004-07-29,25.68507194519043
2004-07-30,24.92047882080078
2004-08-02,26.088367462158203
2004-08-03,26.037954330444336
2004-08-04,26.516874313354492
2004-08-05,25.743881225585938
2004-08-06,25.029706954956055
2004-08-09,24.945688247680664
2004-08-10,26.021150588989258
2004-08-11,25.869915008544922
2004-08-12,24.777645111083984
2004-08-13,24.97089385986328
2004-08-16,25.85310935974121
2004-08-17,25.94552993774414
2004-08-18,26.091609954833984
2004-08-19,25.49209213256836
2004-08-20,26.34493064880371
2004-08-23,25.652524948120117
2004-08-24,25.8214054107666
2004-08-25,26.049392700195312
2004-08-26,25.525867462158203
2004-08-27,25.652524948120117
2004-08-30,25.213443756103516
2004-08-31,25.162782669067383
2004-09-01,25.517423629760742
2004-09-02,26.378700256347656
2004-09-03,25.644084930419922
2004-09-07,26.378700256347656
2004-09-08,25.897401809692383
2004-09-09,26.260488510131836
2004-09-10,26.277376174926758
2004-09-13,26.049392700195312
2004-09-14,25.931175231933594
2004-09-15,25.25566291809082
2004-09-16,26.049392700195312
2004-09-17,25.97339630126953
2004-09-20,25.424541473388672
2004-09-21,25.762298583984375
2004-09-22,25.103675842285156
2004-09-23,24.875690460205078
2004-09-24,25.01923370361328
2004-09-27,24.487272262573242
2004-09-28,24.833471298217773
2004-09-29,25.26411247253418
2004-09-30,25.424541473388672
2004-10-01,26.243602752685547
2004-10-04,26.243602752685547
2004-10-05,26.159156799316406
2004-10-06,25.753856658935547
2004-10-07,25.095233917236328
2004-10-08,25.196557998657227
2004-10-11,25.399213790893555
2004-10-12,25.38232421875
2004-10-13,25.610309600830078
2004-10-14,24.385944366455078
2004-10-15,24.335285186767578
2004-10-18,24.31839370727539
2004-10-19,24.107297897338867
2004-10-20,24.360610961914062
2004-10-21,24.740585327148438
2004-10-22,24.31839370727539
2004-10-25,24.470380783081055
2004-10-26,24.27617645263672
2004-10-27,24.926355361938477
2004-10-28,24.841915130615234
2004-10-29,25.931175231933594
2004-11-01,26.370258331298828
2004-11-02,26.15071678161621
2004-11-03,26.260488510131836
2004-11-04,27.071107864379883
2004-11-05,27.189315795898438
2004-11-08,27.18086814880371
2004-11-09,27.332857131958008
2004-11-10,27.391965866088867
2004-11-11,27.712833404541016
2004-11-12,27.991485595703125
2004-11-15,27.78882598876953
2004-11-16,27.273754119873047
2004-11-17,27.564847946166992
2004-11-18,27.446035385131836
2004-11-19,26.945316314697266
2004-11-22,27.191431045532227
2004-11-23,27.123537063598633
2004-11-24,27.310245513916016
2004-11-26,27.21689224243164
2004-11-29,26.767099380493164
2004-11-30,27.284791946411133
2004-12-01,27.666685104370117
2004-12-02,27.624250411987305
2004-12-03,27.123537063598633
2004-12-06,26.571903228759766
2004-12-07,26.05421257019043
2004-12-08,26.605854034423828
2004-12-09,26.436115264892578
2004-12-10,26.130592346191406
2004-12-13,26.02875328063965
2004-12-14,26.436115264892578
2004-12-15,26.970779418945312
2004-12-16,27.132028579711914
2004-12-17,27.157485961914062
2004-12-20,27.51392364501953
2004-12-21,27.92129135131836
2004-12-22,28.209842681884766
2004-12-23,28.201353073120117
2004-12-27,28.218326568603516
2004-12-28,28.685096740722656
2004-12-29,28.642663955688477
2004-12-30,28.71904754638672
2004-12-31,28.659631729125977
2005-01-03,27.92129135131836
2005-01-04,27.47148895263672
2005-01-05,27.072620391845703
2005-01-06,26.96229362487793
2005-01-07,26.223947525024414
2005-01-10,26.750123977661133
2005-01-11,26.750123977661133
2005-01-12,26.512493133544922
2005-01-13,25.977832794189453
2005-01-14,26.605854034423828
2005-01-18,26.792552947998047
2005-01-19,25.774152755737305
2005-01-20,26.716175079345703
2005-01-21,26.27486801147461
2005-01-24,26.05421257019043
2005-01-25,26.351247787475586
2005-01-26,26.648284912109375
2005-01-27,26.181516647338867
2005-01-28,25.808095932006836
2005-01-31,26.75861358642578
2005-02-01,26.81801414489746
2005-02-02,27.225383758544922
2005-02-03,26.81801414489746
2005-02-04,27.658203125
2005-02-07,27.641231536865234
2005-02-08,27.90431785583496
2005-02-09,27.4969539642334
2005-02-10,27.666685104370117
2005-02-11,27.929773330688477
2005-02-14,27.768529891967773
2005-02-15,27.972213745117188
2005-02-16,28.17946434020996
2005-02-17,27.718904495239258
2005-02-18,27.64214324951172
2005-02-22,27.19864273071289
2005-02-23,27.531267166137695
2005-02-24,27.42039680480957
2005-02-25,27.44597625732422
2005-02-28,27.76154136657715
2005-03-01,28.33298110961914
2005-03-02,28.358570098876953
2005-03-03,28.264753341674805
2005-03-04,28.060060501098633
2005-03-07,28.17946434020996
2005-03-08,27.795663833618164
2005-03-09,27.079233169555664
2005-03-10,26.976890563964844
2005-03-11,27.292457580566406
2005-03-14,27.608022689819336
2005-03-15,27.62508201599121
2005-03-16,27.232755661010742
2005-03-17,27.053651809692383
2005-03-18,26.8233699798584
2005-03-21,26.686904907226562
2005-03-22,26.610149383544922
2005-03-23,25.552566528320312
2005-03-24,25.484333038330078
2005-03-28,24.998184204101562
2005-03-29,24.767908096313477
2005-03-30,25.271108627319336
2005-03-31,25.015243530273438
2005-04-01,24.477922439575195
2005-04-04,24.70820426940918
2005-04-05,24.870256423950195
2005-04-06,25.160234451293945
2005-04-07,25.245527267456055
2005-04-08,24.56321144104004
2005-04-11,24.008832931518555
2005-04-12,24.435277938842773
2005-04-13,23.787086486816406
2005-04-14,23.249759674072266
2005-04-15,22.942724227905273
2005-04-18,23.036544799804688
2005-04-19,23.275354385375977
2005-04-20,23.198589324951172
2005-04-21,23.91501808166504
2005-04-22,23.326522827148438
2005-04-25,23.74444007873535
2005-04-26,23.283878326416016
2005-04-27,23.283878326416016
2005-04-28,22.985368728637695
2005-04-29,23.096242904663086
2005-05-02,23.053600311279297
2005-05-03,23.028013229370117
2005-05-04,23.113300323486328
2005-05-05,22.985368728637695
2005-05-06,23.1218318939209
2005-05-09,23.60797691345215
2005-05-10,23.454456329345703
2005-05-11,23.42034339904785
2005-05-12,23.155942916870117
2005-05-13,24.529094696044922
2005-05-16,24.367046356201172
2005-05-17,24.170881271362305
2005-05-18,24.66556167602539
2005-05-19,24.929960250854492
2005-05-20,25.373455047607422
2005-05-23,26.09841537475586
2005-05-24,26.158117294311523
2005-05-25,25.424631118774414
2005-05-26,25.83214569091797
2005-05-27,25.93509864807129
2005-05-31,26.08094596862793
2005-06-01,26.55280303955078
2005-06-02,26.37264060974121
2005-06-03,25.86646270751953
2005-06-06,26.209632873535156
2005-06-07,26.578536987304688
2005-06-08,26.767288208007812
2005-06-09,26.79302215576172
2005-06-10,27.007503509521484
2005-06-13,27.848268508911133
2005-06-14,28.00269889831543
2005-06-15,28.337289810180664
2005-06-16,28.586088180541992
2005-06-17,28.3973445892334
2005-06-20,28.526033401489258
2005-06-21,28.302974700927734
2005-06-22,28.483137130737305
2005-06-23,27.9683780670166
2005-06-24,27.82253646850586
2005-06-27,27.539413452148438
2005-06-28,28.225759506225586
2005-06-29,28.234336853027344
2005-06-30,27.93406105041504
2005-07-01,28.43166160583496
2005-07-05,28.809154510498047
2005-07-06,28.354446411132812
2005-07-07,28.174283981323242
2005-07-08,28.860620498657227
2005-07-11,29.341060638427734
2005-07-12,29.19521713256836
2005-07-13,28.980730056762695
2005-07-14,29.08368492126465
2005-07-15,29.09226417541504
2005-07-18,28.963573455810547
2005-07-19,29.255266189575195
2005-07-20,30.499256134033203
2005-07-21,30.67084312438965
2005-07-22,31.228498458862305
2005-07-25,31.841175079345703
2005-07-26,31.80539321899414
2005-07-27,31.939556121826172
2005-07-28,32.16315460205078
2005-07-29,32.26154708862305
2005-08-01,33.13807678222656
2005-08-02,33.09335708618164
2005-08-03,33.06652069091797
2005-08-04,33.07545852661133
2005-08-05,31.03619956970215
2005-08-08,31.349241256713867
2005-08-09,31.27769660949707
2005-08-10,31.241920471191406
2005-08-11,31.653343200683594
2005-08-12,31.420801162719727
2005-08-15,32.19893264770508
2005-08-16,31.69112777709961
2005-08-17,31.888858795166016
2005-08-18,31.45743751525879
2005-08-19,31.637197494506836
2005-08-22,31.682140350341797
2005-08-23,31.484403610229492
2005-08-24,31.322620391845703
2005-08-25,31.816957473754883
2005-08-26,31.45743751525879
2005-08-29,31.45743751525879
2005-08-30,31.421493530273438
2005-08-31,31.601253509521484
2005-09-01,31.394533157348633
2005-09-02,31.493398666381836
2005-09-06,31.565296173095703
2005-09-07,31.94278335571289
2005-09-08,31.861896514892578
2005-09-09,32.167476654052734
2005-09-12,32.6528205871582
2005-09-13,32.21242141723633
2005-09-14,32.10456466674805
2005-09-15,32.392173767089844
2005-09-16,33.18310546875
2005-09-19,32.12253952026367
2005-09-20,31.484403610229492
2005-09-21,31.610239028930664
2005-09-22,31.59225845336914
2005-09-23,32.257362365722656
2005-09-26,32.50901794433594
2005-09-27,32.47307205200195
2005-09-28,32.35622024536133
2005-09-29,32.80562210083008
2005-09-30,32.9674072265625
2005-10-03,33.63249206542969
2005-10-04,33.65946960449219
2005-10-05,32.09557342529297
2005-10-06,31.825942993164062
2005-10-07,32.21242141723633
2005-10-10,31.124889373779297
2005-10-11,30.97209358215332
2005-10-12,30.936145782470703
2005-10-13,31.610239028930664
2005-10-14,32.3112907409668
2005-10-17,32.221412658691406
2005-10-18,31.73607063293457
2005-10-19,32.34724426269531
2005-10-20,31.646181106567383
2005-10-21,30.172183990478516
2005-10-24,31.008047103881836
2005-10-25,30.190153121948242
2005-10-26,29.794694900512695
2005-10-27,28.877933502197266
2005-10-28,29.52505874633789
2005-10-31,29.713802337646484
2005-11-01,29.605947494506836
2005-11-02,30.54966926574707
2005-11-03,30.07331657409668
2005-11-04,29.785703659057617
2005-11-07,30.48675537109375
2005-11-08,29.929508209228516
2005-11-09,29.84861946105957
2005-11-10,29.713802337646484
2005-11-11,29.668859481811523
2005-11-14,29.47113037109375
2005-11-15,29.105165481567383
2005-11-16,28.779870986938477
2005-11-17,29.502761840820312
2005-11-18,29.80094337463379
2005-11-21,30.216604232788086
2005-11-22,29.945524215698242
2005-11-23,29.828054428100586
2005-11-25,30.270822525024414
2005-11-28,29.54793930053711
2005-11-29,30.072023391723633
2005-11-30,30.081066131591797
2005-12-01,30.569015502929688
2005-12-02,30.74070167541504
2005-12-05,30.55094337463379
2005-12-06,30.722623825073242
2005-12-07,30.641298294067383
2005-12-08,30.38829803466797
2005-12-09,30.695520401000977
2005-12-12,30.532869338989258
2005-12-13,30.722623825073242
2005-12-14,30.578048706054688
2005-12-15,30.451541900634766
2005-12-16,30.397323608398438
2005-12-19,29.84612464904785
2005-12-20,29.746726989746094
2005-12-21,29.95456314086914
2005-12-22,29.90034294128418
2005-12-23,30.451541900634766
2005-12-27,29.764806747436523
2005-12-28,29.86420249938965
2005-12-29,29.593116760253906
2005-12-30,29.44853973388672
2006-01-03,29.918415069580078
2006-01-04,29.855165481567383
2006-01-05,29.828054428100586
2006-01-06,30.4063663482666
2006-01-09,30.60515594482422
2006-01-10,30.686481475830078
2006-01-11,30.270822525024414
2006-01-12,29.728660583496094
2006-01-13,29.909379959106445
2006-01-17,29.466611862182617
2006-01-18,29.737695693969727
2006-01-19,25.481704711914062
2006-01-20,23.448589324951172
2006-01-23,23.403409957885742
2006-01-24,23.945575714111328
2006-01-25,23.61124038696289
2006-01-26,24.20762062072754
2006-01-27,25.075084686279297
2006-01-30,24.713640213012695
2006-01-31,24.487741470336914
2006-02-01,24.487741470336914
2006-02-02,24.523881912231445
2006-02-03,24.171476364135742
2006-02-06,24.126296997070312
2006-02-07,24.216657638549805
2006-02-08,24.23472785949707
2006-02-09,24.03593635559082
2006-02-10,23.810035705566406
2006-02-13,24.19858741760254
2006-02-14,24.603336334228516
2006-02-15,25.021728515625
2006-02-16,25.467411041259766
2006-02-17,26.00404167175293
2006-02-21,25.767559051513672
2006-02-22,26.013141632080078
2006-02-23,25.767559051513672
2006-02-24,25.949472427368164
2006-02-27,25.903993606567383
2006-02-28,25.512882232666016
2006-03-01,26.122282028198242
2006-03-02,25.485599517822266
2006-03-03,25.294591903686523
2006-03-06,24.9853458404541
2006-03-07,25.358259201049805
2006-03-08,25.330974578857422
2006-03-09,25.185447692871094
2006-03-10,25.358259201049805
2006-03-13,25.094493865966797
2006-03-14,25.74936866760254
2006-03-15,26.258716583251953
2006-03-16,26.18595314025879
2006-03-17,26.404245376586914
2006-03-20,26.149572372436523
2006-03-21,25.73118019104004
2006-03-22,26.604345321655273
2006-03-23,26.395151138305664
2006-03-24,26.595251083374023
2006-03-27,27.013647079467773
2006-03-28,26.37696075439453
2006-03-29,27.022741317749023
2006-03-30,26.613441467285156
2006-03-31,26.831735610961914
2006-04-03,26.449724197387695
2006-04-04,26.88630485534668
2006-04-05,26.786258697509766
2006-04-06,26.777162551879883
2006-04-07,25.98585319519043
2006-04-10,25.894899368286133
2006-04-11,25.221830368041992
2006-04-12,25.485599517822266
2006-04-13,25.330974578857422
2006-04-17,25.39464569091797
2006-04-18,26.276906967163086
2006-04-19,26.88630485534668
2006-04-20,26.404245376586914
2006-04-21,26.204143524169922
2006-04-24,25.740272521972656
2006-04-25,25.922182083129883
2006-04-26,26.540679931640625
2006-04-27,26.18595314025879
2006-04-28,26.38605308532715
2006-05-01,25.149065017700195
2006-05-02,26.240524291992188
2006-05-03,25.631128311157227
2006-05-04,25.385549545288086
2006-05-05,25.767559051513672
2006-05-08,25.358259201049805
2006-05-09,25.421934127807617
2006-05-10,25.01263427734375
2006-05-11,24.557859420776367
2006-05-12,24.08489227294922
2006-05-15,23.893884658813477
2006-05-16,23.33905792236328
2006-05-17,22.62051773071289
2006-05-18,22.447704315185547
2006-05-19,22.675092697143555
2006-05-22,22.493181228637695
2006-05-23,21.838302612304688
2006-05-24,21.847400665283203
2006-05-25,22.154329299926758
2006-05-26,22.209306716918945
2006-05-30,21.51297378540039
2006-05-31,21.531299591064453
2006-06-01,22.447528839111328
2006-06-02,22.493331909179688
2006-06-05,21.98025131225586
2006-06-06,21.998573303222656
2006-06-07,21.851980209350586
2006-06-08,21.21978187561035
2006-06-09,21.02737808227539
2006-06-12,20.91742706298828
2006-06-13,20.532611846923828
2006-06-14,20.450151443481445
2006-06-15,21.08234977722168
2006-06-16,20.954076766967773
2006-06-19,20.34937286376953
2006-06-20,20.660888671875
2006-06-21,20.706693649291992
2006-06-22,20.505128860473633
2006-06-23,20.651729583740234
2006-06-26,21.009052276611328
2006-06-27,20.41350746154785
2006-06-28,20.3402099609375
2006-06-29,21.201459884643555
2006-06-30,21.403032302856445
2006-07-03,21.366378784179688
2006-07-05,20.624238967895508
2006-07-06,20.45931625366211
2006-07-07,20.266910552978516
2006-07-10,20.111154556274414
2006-07-11,20.074499130249023
2006-07-12,19.891254425048828
2006-07-13,19.28654670715332
2006-07-14,19.52476692199707
2006-07-17,19.68968963623047
2006-07-18,19.982879638671875
2006-07-19,21.009052276611328
2006-07-20,21.430513381958008
2006-07-21,20.59675407409668
2006-07-24,21.357215881347656
2006-07-25,21.76951789855957
2006-07-26,21.439678192138672
2006-07-27,21.4580020904541
2006-07-28,21.91611671447754
2006-07-31,21.595436096191406
2006-08-01,21.69622230529785
2006-08-02,21.4580020904541
2006-08-03,21.91611671447754
2006-08-04,21.714548110961914
2006-08-07,21.668733596801758
2006-08-08,21.036540985107422
2006-08-09,21.036540985107422
2006-08-10,20.83496856689453
2006-08-11,20.41350746154785
2006-08-14,20.44099235534668
2006-08-15,20.953519821166992
2006-08-16,21.165916442871094
2006-08-17,21.470657348632812
2006-08-18,21.267498016357422
2006-08-21,20.99045753479004
2006-08-22,21.147445678710938
2006-08-23,20.621068954467773
2006-08-24,20.750354766845703
2006-08-25,20.787294387817383
2006-08-28,20.870403289794922
2006-08-29,20.94428253173828
2006-08-30,21.221324920654297
2006-08-31,21.50760269165039
2006-09-01,21.332141876220703
2006-09-05,21.58147621154785
2006-09-06,21.082801818847656
2006-09-07,20.99045753479004
2006-09-08,21.045866012573242
2006-09-11,21.018159866333008
2006-09-12,21.987802505493164
2006-09-13,22.218669891357422
2006-09-14,22.29254722595215
2006-09-15,22.421833038330078
2006-09-18,22.11709213256836
2006-09-19,22.052446365356445
2006-09-20,22.588056564331055
2006-09-21,22.190967559814453
2006-09-22,21.461423873901367
2006-09-25,22.28331184387207
2006-09-26,22.274078369140625
2006-09-27,22.57882308959961
2006-09-28,22.8096923828125
2006-09-29,22.468008041381836
2006-10-02,22.301780700683594
2006-10-03,22.154027938842773
2006-10-04,22.421833038330078
2006-10-05,22.57882308959961
2006-10-06,22.375661849975586
2006-10-09,22.495710372924805
2006-10-10,22.47723960876465
2006-10-11,22.311017990112305
2006-10-12,22.643468856811523
2006-10-13,22.661935806274414
2006-10-16,22.69887351989746
2006-10-17,22.6527042388916
2006-10-18,22.874332427978516
2006-10-19,22.504945755004883
2006-10-20,21.932395935058594
2006-10-23,21.68305778503418
2006-10-24,21.75693702697754
2006-10-25,22.200204849243164
2006-10-26,22.597293853759766
2006-10-27,22.190967559814453
2006-10-30,22.23714256286621
2006-10-31,21.987802505493164
2006-11-01,21.23055648803711
2006-11-02,21.128978729248047
2006-11-03,21.073570251464844
2006-11-06,21.442956924438477
2006-11-07,21.553773880004883
2006-11-08,21.793874740600586
2006-11-09,21.701528549194336
2006-11-10,22.024742126464844
2006-11-13,22.190967559814453
2006-11-14,23.070045471191406
2006-11-15,23.2560977935791
2006-11-16,23.293304443359375
2006-11-17,23.2560977935791
2006-11-20,23.432844161987305
2006-11-21,23.209585189819336
2006-11-22,23.367727279663086
2006-11-24,23.377025604248047
2006-11-27,22.595623016357422
2006-11-28,22.595623016357422
2006-11-29,22.753765106201172
2006-11-30,22.883996963500977
2006-12-01,22.60492706298828
2006-12-04,23.209585189819336
2006-12-05,22.893299102783203
2006-12-06,22.66073989868164
2006-12-07,22.456085205078125
2006-12-08,22.707252502441406
2006-12-11,22.865392684936523
2006-12-12,22.65143585205078
2006-12-13,22.577016830444336
2006-12-14,22.78166961669922
2006-12-15,22.893299102783203
2006-12-18,22.36306381225586
2006-12-19,22.456085205078125
2006-12-20,22.80957794189453
2006-12-21,22.80957794189453
2006-12-22,22.949113845825195
2006-12-26,23.488658905029297
2006-12-27,23.944475173950195
2006-12-28,23.7584285736084
2006-12-29,23.284000396728516
2007-01-03,23.50726318359375
2007-01-04,23.56307601928711
2007-01-05,23.1258602142334
2007-01-08,23.693307876586914
2007-01-09,24.465410232543945
2007-01-10,24.214250564575195
2007-01-11,25.01425552368164
2007-01-12,25.367748260498047
2007-01-16,25.321237564086914
2007-01-17,25.088674545288086
2007-01-18,24.53053092956543
2007-01-19,25.265422821044922
2007-01-22,24.995651245117188
2007-01-23,25.535194396972656
2007-01-24,26.03752326965332
2007-01-25,25.33053970336914
2007-01-26,25.507286071777344
2007-01-29,25.758453369140625
2007-01-30,25.72123908996582
2007-01-31,24.335176467895508
2007-02-01,24.40029525756836
2007-02-02,24.632854461669922
2007-02-05,24.74448585510254
2007-02-06,24.85611343383789
2007-02-07,24.902629852294922
2007-02-08,25.01425552368164
2007-02-09,24.465410232543945
2007-02-12,24.2514591217041
2007-02-13,24.499635696411133
2007-02-14,24.67757797241211
2007-02-15,24.69631004333496
2007-02-16,25.052188873291016
2007-02-20,25.351879119873047
2007-02-21,25.32378578186035
2007-02-22,25.192668914794922
2007-02-23,24.99599838256836
2007-02-26,24.780597686767578
2007-02-27,23.41326332092285
2007-02-28,23.104206085205078
2007-03-01,23.328975677490234
2007-03-02,22.598478317260742
2007-03-05,22.120847702026367
2007-03-06,22.907533645629883
2007-03-07,22.841976165771484
2007-03-08,23.216590881347656
2007-03-09,23.497549057006836
2007-03-12,23.975181579589844
2007-03-13,23.160398483276367
2007-03-14,23.581836700439453
2007-03-15,23.806604385375977
2007-03-16,23.787872314453125
2007-03-19,24.20931053161621
2007-03-20,24.537099838256836
2007-03-21,24.743135452270508
2007-03-22,22.439266204833984
2007-03-23,21.98973274230957
2007-03-26,22.280059814453125
2007-03-27,21.671314239501953
2007-03-28,21.755603790283203
2007-03-29,21.661951065063477
2007-03-30,21.446548461914062
2007-04-02,21.409088134765625
2007-04-03,21.87735366821289
2007-04-04,22.036561965942383
2007-04-05,22.177040100097656
2007-04-09,22.008464813232422
2007-04-10,22.148944854736328
2007-04-11,21.830524444580078
2007-04-12,21.661951065063477
2007-04-13,21.512104034423828
2007-04-16,22.326885223388672
2007-04-17,22.074024200439453
2007-04-18,22.017831802368164
2007-04-19,21.914812088012695
2007-04-20,22.38307762145996
2007-04-23,22.148944854736328
2007-04-24,22.233232498168945
2007-04-25,22.673398971557617
2007-04-26,22.907533645629883
2007-04-27,22.561017990112305
2007-04-30,21.661951065063477
2007-05-01,21.793062210083008
2007-05-02,21.774330139160156
2007-05-03,21.399723052978516
2007-05-04,21.736867904663086
2007-05-07,21.830524444580078
2007-05-08,22.036561965942383
2007-05-09,22.205137252807617
2007-05-10,21.74623680114746
2007-05-11,21.896080017089844
2007-05-14,21.8211612701416
2007-05-15,21.7181396484375
2007-05-16,22.02719497680664
2007-05-17,21.914812088012695
2007-05-18,22.017831802368164
2007-05-21,22.270694732666016
2007-05-22,22.308156967163086
2007-05-23,22.26569938659668
2007-05-24,21.944921493530273
2007-05-25,22.039270401000977
2007-05-29,22.36948013305664
2007-05-30,22.36004638671875
2007-05-31,22.180789947509766
2007-06-01,22.2468318939209
2007-06-04,22.331741333007812
2007-06-05,22.17135238647461
2007-06-06,21.680753707885742
2007-06-07,20.81276512145996
2007-06-08,21.105243682861328
2007-06-11,20.74672508239746
2007-06-12,20.34103775024414
2007-06-13,20.850505828857422
2007-06-14,20.7750301361084
2007-06-15,20.7750301361084
2007-06-18,20.925983428955078
2007-06-19,20.888248443603516
2007-06-20,20.869375228881836
2007-06-21,20.973155975341797
2007-06-22,21.0014591217041
2007-06-25,20.850505828857422
2007-06-26,21.02976417541504
2007-06-27,21.501497268676758
2007-06-28,21.435453414916992
2007-06-29,21.322235107421875
2007-07-02,22.22796058654785
2007-07-03,22.529869079589844
2007-07-05,22.3128719329834
2007-07-06,22.397785186767578
2007-07-09,22.22796058654785
2007-07-10,21.65245246887207
2007-07-11,21.709054946899414
2007-07-12,22.397785186767578
2007-07-13,22.75629997253418
2007-07-16,22.916688919067383
2007-07-17,26.454669952392578
2007-07-18,26.888660430908203
2007-07-19,26.46410369873047
2007-07-20,26.454669952392578
2007-07-23,26.416929244995117
2007-07-24,25.850852966308594
2007-07-25,25.775373458862305
2007-07-26,24.850786209106445
2007-07-27,24.190359115600586
2007-07-30,24.58661651611328
2007-07-31,24.152624130249023
2007-08-01,24.463966369628906
2007-08-02,24.577178955078125
2007-08-03,24.784746170043945
2007-08-06,25.001737594604492
2007-08-07,25.765941619873047
2007-08-08,26.530147552490234
2007-08-09,26.228239059448242
2007-08-10,27.30378532409668
2007-08-13,26.06785011291504
2007-08-14,26.445236206054688
2007-08-15,25.86972427368164
2007-08-16,25.492340087890625
2007-08-17,26.190500259399414
2007-08-20,26.001808166503906
2007-08-21,26.054031372070312
2007-08-22,26.101503372192383
2007-08-23,26.15847396850586
2007-08-24,26.804128646850586
2007-08-27,26.395849227905273
2007-08-28,25.845144271850586
2007-08-29,26.22494125366211
2007-08-30,26.376859664916992
2007-08-31,26.63321876525879
2007-09-04,27.383316040039062
2007-09-05,26.690189361572266
2007-09-06,26.443321228027344
2007-09-07,25.759687423706055
2007-09-10,25.265954971313477
2007-09-11,25.550798416137695
2007-09-12,25.18999481201172
2007-09-13,25.284944534301758
2007-09-14,25.541305541992188
2007-09-17,25.14251708984375
2007-09-18,26.17746353149414
2007-09-19,26.74715805053711
2007-09-20,26.376859664916992
2007-09-21,26.28190803527832
2007-09-24,25.731204986572266
2007-09-25,25.617263793945312
2007-09-26,25.959081649780273
2007-09-27,26.00655746459961
2007-09-28,25.275447845458984
2007-10-01,26.073020935058594
2007-10-02,26.22494125366211
2007-10-03,25.949586868286133
2007-10-04,25.759687423706055
2007-10-05,26.680694580078125
2007-10-08,26.74715805053711
2007-10-09,26.40534210205078
2007-10-10,26.29140281677246
2007-10-11,26.03504180908203
2007-10-12,26.329383850097656
2007-10-15,25.864131927490234
2007-10-16,25.71221351623535
2007-10-17,25.731204986572266
2007-10-18,24.354442596435547
2007-10-19,22.53141975402832
2007-10-22,22.31303596496582
2007-10-23,22.483943939208984
2007-10-24,22.047178268432617
2007-10-25,21.695865631103516
2007-10-26,21.942733764648438
2007-10-29,21.572433471679688
2007-10-30,21.629404067993164
2007-10-31,22.085159301757812
2007-11-01,21.07870101928711
2007-11-02,21.28758430480957
2007-11-05,20.964757919311523
2007-11-06,20.546981811523438
2007-11-07,19.730422973632812
2007-11-08,20.366580963134766
2007-11-09,20.556476593017578
2007-11-12,20.736881256103516
2007-11-13,20.86981201171875
2007-11-14,20.651426315307617
2007-11-15,20.88880157470703
2007-11-16,21.221120834350586
2007-11-19,20.144514083862305
2007-11-20,19.895700454711914
2007-11-21,19.780860900878906
2007-11-23,20.11580467224121
2007-11-26,19.484195709228516
2007-11-27,19.398067474365234
2007-11-28,20.096664428710938
2007-11-29,19.560752868652344
2007-11-30,19.465055465698242
2007-12-03,18.689899444580078
2007-12-04,18.469791412353516
2007-12-05,18.6994686126709
2007-12-06,19.67559051513672
2007-12-07,19.637313842773438
2007-12-10,19.933979034423828
2007-12-11,19.761720657348633
2007-12-12,19.426774978637695
2007-12-13,16.182600021362305
2007-12-14,15.55099105834961
2007-12-17,15.311745643615723
2007-12-18,15.828518867492676
2007-12-19,16.00077247619629
2007-12-20,15.952924728393555
2007-12-21,16.220882415771484
2007-12-24,16.536684036254883
2007-12-26,16.59410285949707
2007-12-27,16.125181198120117
2007-12-28,16.27829933166504
2007-12-31,15.79980754852295
2008-01-02,16.182600021362305
2008-01-03,15.58927059173584
2008-01-04,14.660995483398438
2008-01-07,15.062929153442383
2008-01-08,14.67056655883789
2008-01-09,14.622715950012207
2008-01-10,14.737553596496582
2008-01-11,13.349926948547363
2008-01-14,13.60831356048584
2008-01-15,13.31164836883545
2008-01-16,13.292508125305176
2008-01-17,13.254229545593262
2008-01-18,13.39777660369873
2008-01-22,13.436056137084961
2008-01-23,14.460029602050781
2008-01-24,14.239923477172852
2008-01-25,14.57486629486084
2008-01-28,14.814111709594727
2008-01-29,14.660995483398438
2008-01-30,14.689705848693848
2008-01-31,14.756693840026855
2008-02-01,15.311745643615723
2008-02-04,14.737553596496582
2008-02-05,14.000677108764648
2008-02-06,13.41691780090332
2008-02-07,13.39777660369873
2008-02-08,13.09154224395752
2008-02-11,12.756598472595215
2008-02-12,13.024552345275879
2008-02-13,13.17481803894043
2008-02-14,12.77734375
2008-02-15,12.641619682312012
2008-02-19,12.321702003479004
2008-02-20,12.641619682312012
2008-02-21,12.457425117492676
2008-02-22,12.534981727600098
2008-02-25,12.845205307006836
2008-02-26,13.029399871826172
2008-02-27,12.77734375
2008-02-28,12.631926536560059
2008-02-29,12.09872817993164
2008-03-03,12.118118286132812
2008-03-04,12.127812385559082
2008-03-05,11.992090225219727
2008-03-06,11.53644847869873
2008-03-07,11.633393287658691
2008-03-10,11.265003204345703
2008-03-11,11.88545036315918
2008-03-12,11.565532684326172
2008-03-13,12.127812385559082
2008-03-14,11.691560745239258
2008-03-17,11.633393287658691
2008-03-18,12.321702003479004
2008-03-19,12.185978889465332
2008-03-20,13.145734786987305
2008-03-24,13.620765686035156
2008-03-25,13.640152931213379
2008-03-26,13.68862533569336
2008-03-27,13.446263313293457
2008-03-28,13.339624404907227
2008-03-31,14.047323226928711
2008-04-01,14.638687133789062
2008-04-02,14.91013240814209
2008-04-03,15.0652437210083
2008-04-04,14.80349349975586
2008-04-07,14.861660957336426
2008-04-08,15.007076263427734
2008-04-09,14.580519676208496
2008-04-10,14.958605766296387
2008-04-11,14.1248779296875
2008-04-14,14.328462600708008
2008-04-15,14.52235221862793
2008-04-16,15.394857406616211
2008-04-17,15.666303634643555
2008-04-18,16.936281204223633
2008-04-21,16.674531936645508
2008-04-22,16.09286117553711
2008-04-23,16.11225128173828
2008-04-24,16.723003387451172
2008-04-25,16.664836883544922
2008-04-28,16.965364456176758
2008-04-29,16.94597625732422
2008-04-30,17.033227920532227
2008-05-01,17.57611846923828
2008-05-02,17.168949127197266
2008-05-05,16.98475456237793
2008-05-06,16.82964324951172
2008-05-07,16.49033546447754
2008-05-08,16.335222244262695
2008-05-09,16.335222244262695
2008-05-12,17.17864418029785
2008-05-13,17.072004318237305
2008-05-14,16.936281204223633
2008-05-15,17.110782623291016
2008-05-16,16.577585220336914
2008-05-19,16.519420623779297
2008-05-20,16.325529098510742
2008-05-21,16.151029586791992
2008-05-22,16.063777923583984
2008-05-23,15.569357872009277
2008-05-27,15.75355339050293
2008-05-28,15.453023910522461
2008-05-29,15.763248443603516
2008-05-30,15.259134292602539
2008-06-02,15.734164237976074
2008-06-03,15.433634757995605
2008-06-04,16.155563354492188
2008-06-05,16.536039352416992
2008-06-06,15.31656551361084
2008-06-09,15.31656551361084
2008-06-10,15.375101089477539
2008-06-11,14.858043670654297
2008-06-12,15.345832824707031
2008-06-13,15.843378067016602
2008-06-16,15.989714622497559
2008-06-17,15.560460090637207
2008-06-18,15.179986000061035
2008-06-19,15.336077690124512
2008-06-20,14.633662223815918
2008-06-23,14.331233024597168
2008-06-24,13.931245803833008
2008-06-25,13.55077075958252
2008-06-26,12.926401138305664
2008-06-27,12.682507514953613
2008-06-30,12.067893028259277
2008-07-01,13.072737693786621
2008-07-02,12.555682182312012
2008-07-03,12.604460716247559
2008-07-07,12.565438270568848
2008-07-08,13.121516227722168
2008-07-09,12.887378692626953
2008-07-10,12.604460716247559
2008-07-11,12.780065536499023
2008-07-14,12.380077362060547
2008-07-15,12.565438270568848
2008-07-16,12.916646003723145
2008-07-17,13.716619491577148
2008-07-18,13.414190292358398
2008-07-21,13.423946380615234
2008-07-22,14.048315048217773
2008-07-23,14.740975379943848
2008-07-24,13.755642890930176
2008-07-25,13.882466316223145
2008-07-28,13.472725868225098
2008-07-29,16.087270736694336
2008-07-30,16.14580535888672
2008-07-31,17.01407241821289
2008-08-01,16.81895637512207
2008-08-04,16.81895637512207
2008-08-05,17.179920196533203
2008-08-06,17.218942642211914
2008-08-07,16.633594512939453
2008-08-08,17.57015037536621
2008-08-11,18.448169708251953
2008-08-12,18.165252685546875
2008-08-13,17.814044952392578
2008-08-14,18.37012481689453
2008-08-15,18.31159019470215
2008-08-18,18.350610733032227
2008-08-19,18.04818344116211
2008-08-20,17.10654067993164
2008-08-21,17.214435577392578
2008-08-22,17.62640380859375
2008-08-25,17.145774841308594
2008-08-26,17.077112197875977
2008-08-27,16.03738021850586
2008-08-28,16.35126304626465
2008-08-29,15.5175142288208
2008-09-02,15.546940803527832
2008-09-03,16.194320678710938
2008-09-04,15.331147193908691
2008-09-05,15.703882217407227
2008-09-08,16.68476104736328
2008-09-09,15.801970481872559
2008-09-10,16.665143966674805
2008-09-11,16.665143966674805
2008-09-12,16.714187622070312
2008-09-15,15.027073860168457
2008-09-16,15.203633308410645
2008-09-17,14.124665260314941
2008-09-18,14.850516319274902
2008-09-19,15.63521957397461
2008-09-22,15.262486457824707
2008-09-23,15.095736503601074
2008-09-24,14.821089744567871
2008-09-25,15.19382381439209
2008-09-26,15.311529159545898
2008-09-29,13.977533340454102
2008-09-30,14.20313549041748
2008-10-01,13.850019454956055
2008-10-02,12.751434326171875
2008-10-03,12.241375923156738
2008-10-06,12.329655647277832
2008-10-07,11.29973316192627
2008-10-08,10.740631103515625
2008-10-09,9.759751319885254
2008-10-10,10.03439712524414
2008-10-13,10.936806678771973
2008-10-14,10.750439643859863
2008-10-15,9.043709754943848
2008-10-16,9.416443824768066
2008-10-17,9.024091720581055
2008-10-20,9.465487480163574
2008-10-21,9.082944869995117
2008-10-22,8.582695960998535
2008-10-23,8.739636421203613
2008-10-24,7.79799222946167
2008-10-27,6.7582597732543945
2008-10-28,7.592007637023926
2008-10-29,7.778374671936035
2008-10-30,7.35659646987915
2008-10-31,7.258508682250977
2008-11-03,7.35659646987915
2008-11-04,7.425258159637451
2008-11-05,7.425258159637451
2008-11-06,6.8759660720825195
2008-11-07,7.474301815032959
2008-11-10,6.934818744659424
2008-11-11,6.55227518081665
2008-11-12,5.600822448730469
2008-11-13,6.130496978759766
2008-11-14,5.394837379455566
2008-11-17,4.992677211761475
2008-11-18,5.130000114440918
2008-11-19,4.050000190734863
2008-11-20,3.5199999809265137
2008-11-21,3.359999895095825
2008-11-24,3.630000114440918
2008-11-25,4.070000171661377
2008-11-26,4.849999904632568
2008-11-28,4.809999942779541
2008-12-01,3.930000066757202
2008-12-02,4.619999885559082
2008-12-03,5.0
2008-12-04,4.429999828338623
2008-12-05,4.940000057220459
2008-12-08,5.079999923706055
2008-12-09,5.03000020980835
2008-12-10,4.96999979019165
2008-12-11,4.210000038146973
2008-12-12,4.28000020980835
2008-12-15,4.119999885559082
2008-12-16,4.760000228881836
2008-12-17,4.889999866485596
2008-12-18,4.869999885559082
2008-12-19,5.25
2008-12-22,4.929999828338623
2008-12-23,4.869999885559082
2008-12-24,4.900000095367432
2008-12-26,4.980000019073486
2008-12-29,4.269999980926514
2008-12-30,4.300000190734863
2008-12-31,4.869999885559082
2009-01-02,4.929999828338623
2009-01-05,5.28000020980835
2009-01-06,5.639999866485596
2009-01-07,5.199999809265137
2009-01-08,5.75
2009-01-09,5.119999885559082
2009-01-12,5.059999942779541
2009-01-13,5.150000095367432
2009-01-14,4.079999923706055
2009-01-15,4.190000057220459
2009-01-16,3.9000000953674316
2009-01-20,3.430000066757202
2009-01-21,3.740000009536743
2009-01-22,3.2699999809265137
2009-01-23,3.2300000190734863
2009-01-26,3.3499999046325684
2009-01-27,3.3499999046325684
2009-01-28,3.319999933242798
2009-01-29,3.009999990463257
2009-01-30,2.740000009536743
2009-02-02,2.869999885559082
2009-02-03,2.6700000762939453
2009-02-04,2.440000057220459
2009-02-05,1.9600000381469727
2009-02-06,2.0299999713897705
2009-02-09,1.899999976158142
2009-02-10,1.7699999809265137
2009-02-11,0.9300000071525574
2009-02-12,0.8299999833106995
2009-02-13,0.9599999785423279
2009-02-17,0.9700000286102295
2009-02-18,1.0499999523162842
2009-02-19,1.0
2009-02-20,0.9100000262260437
2009-02-23,0.8999999761581421
2009-02-24,1.0199999809265137
2009-02-25,1.1399999856948853
2009-02-26,1.1200000047683716
2009-02-27,1.1299999952316284
2009-03-02,1.1100000143051147
2009-03-03,1.0199999809265137
2009-03-04,1.090000033378601
2009-03-05,0.9100000262260437
2009-03-06,0.8299999833106995
2009-03-09,0.8399999737739563
2009-03-10,0.9399999976158142
2009-03-11,1.0099999904632568
2009-03-12,1.090000033378601
2009-03-13,1.0700000524520874
2009-03-16,1.2699999809265137
2009-03-17,1.2699999809265137
2009-03-18,1.590000033378601
2009-03-19,1.809999942779541
2009-03-20,1.909999966621399
2009-03-23,2.690000057220459
2009-03-24,2.5899999141693115
2009-03-25,2.7100000381469727
2009-03-26,3.0
2009-03-27,2.930000066757202
2009-03-30,2.4700000286102295
2009-03-31,2.5
2009-04-01,2.619999885559082
2009-04-02,3.1600000858306885
2009-04-03,3.130000114440918
2009-04-06,3.450000047683716
2009-04-07,3.140000104904175
2009-04-08,3.2300000190734863
2009-04-09,3.700000047683716
2009-04-13,3.4200000762939453
2009-04-14,3.3499999046325684
2009-04-15,3.5199999809265137
2009-04-16,3.700000047683716
2009-04-17,3.8399999141693115
2009-04-20,3.0899999141693115
2009-04-21,3.4800000190734863
2009-04-22,3.309999942779541
2009-04-23,3.130000114440918
2009-04-24,3.319999933242798
2009-04-27,2.9200000762939453
2009-04-28,3.240000009536743
2009-04-29,3.5899999141693115
2009-04-30,3.819999933242798
2009-05-01,4.329999923706055
2009-05-04,4.340000152587891
2009-05-05,4.590000152587891
2009-05-06,4.679999828338623
2009-05-07,4.300000190734863
2009-05-08,5.179999828338623
2009-05-11,5.210000038146973
2009-05-12,4.800000190734863
2009-05-13,3.9000000953674316
2009-05-14,4.150000095367432
2009-05-15,4.190000057220459
2009-05-18,4.840000152587891
2009-05-19,4.860000133514404
2009-05-20,4.409999847412109
2009-05-21,4.550000190734863
2009-05-22,4.630000114440918
2009-05-26,5.190000057220459
2009-05-27,4.909999847412109
2009-05-28,4.329999923706055
2009-05-29,4.46999979019165
2009-06-01,5.239999771118164
2009-06-02,4.340000152587891
2009-06-03,4.420000076293945
2009-06-04,4.630000114440918
2009-06-05,5.059999942779541
2009-06-08,4.730000019073486
2009-06-09,5.010000228881836
2009-06-10,5.090000152587891
2009-06-11,5.090000152587891
2009-06-12,5.179999828338623
2009-06-15,4.75
2009-06-16,4.730000019073486
2009-06-17,4.630000114440918
2009-06-18,4.699999809265137
2009-06-19,4.809999942779541
2009-06-22,4.519999980926514
2009-06-23,4.360000133514404
2009-06-24,4.079999923706055
2009-06-25,4.349999904632568
2009-06-26,4.440000057220459
2009-06-29,4.730000019073486
2009-06-30,4.800000190734863
2009-07-01,5.139999866485596
2009-07-02,4.659999847412109
2009-07-06,4.889999866485596
2009-07-07,5.0
2009-07-08,4.980000019073486
2009-07-09,4.730000019073486
2009-07-10,5.019999980926514
2009-07-13,5.239999771118164
2009-07-14,5.440000057220459
2009-07-15,5.710000038146973
2009-07-16,6.449999809265137
2009-07-17,5.659999847412109
2009-07-20,6.380000114440918
2009-07-21,6.429999828338623
2009-07-22,6.789999961853027
2009-07-23,6.690000057220459
2009-07-24,6.789999961853027
2009-07-27,7.03000020980835
2009-07-28,7.150000095367432
2009-07-29,7.099999904632568
2009-07-30,7.809999942779541
2009-07-31,7.650000095367432
2009-08-03,8.850000381469727
2009-08-04,8.619999885559082
2009-08-05,8.5
2009-08-06,8.270000457763672
2009-08-07,8.399999618530273
2009-08-10,8.210000038146973
2009-08-11,7.539999961853027
2009-08-12,7.96999979019165
2009-08-13,8.069999694824219
2009-08-14,7.940000057220459
2009-08-17,7.239999771118164
2009-08-18,7.800000190734863
2009-08-19,7.809999942779541
2009-08-20,7.889999866485596
2009-08-21,8.420000076293945
2009-08-24,8.470000267028809
2009-08-25,8.720000267028809
2009-08-26,8.8100004196167
2009-08-27,9.600000381469727
2009-08-28,8.789999961853027
2009-08-31,8.470000267028809
2009-09-01,8.220000267028809
2009-09-02,8.34000015258789
2009-09-03,8.710000038146973
2009-09-04,8.710000038146973
2009-09-08,8.5
2009-09-09,8.420000076293945
2009-09-10,8.640000343322754
2009-09-11,8.380000114440918
2009-09-14,8.489999771118164
2009-09-15,8.279999732971191
2009-09-16,8.359999656677246
2009-09-17,8.289999961853027
2009-09-18,8.1899995803833
2009-09-21,7.630000114440918
2009-09-22,8.0
2009-09-23,7.650000095367432
2009-09-24,7.239999771118164
2009-09-25,7.550000190734863
2009-09-28,8.069999694824219
2009-09-29,9.430000305175781
2009-09-30,9.270000457763672
2009-10-01,9.210000038146973
2009-10-02,8.960000038146973
2009-10-05,10.010000228881836
2009-10-06,10.710000038146973
2009-10-07,10.65999984741211
2009-10-08,11.279999732971191
2009-10-09,10.949999809265137
2009-10-12,10.890000343322754
2009-10-13,10.399999618530273
2009-10-14,10.8100004196167
2009-10-15,10.399999618530273
2009-10-16,10.210000038146973
2009-10-19,10.079999923706055
2009-10-20,9.859999656677246
2009-10-21,9.630000114440918
2009-10-22,9.390000343322754
2009-10-23,9.3100004196167
2009-10-26,9.34000015258789
2009-10-27,9.65999984741211
2009-10-28,9.029999732971191
2009-10-29,10.170000076293945
2009-10-30,10.300000190734863
2009-11-02,9.229999542236328
2009-11-03,9.75
2009-11-04,9.520000457763672
2009-11-05,9.979999542236328
2009-11-06,10.079999923706055
2009-11-09,10.25
2009-11-10,9.989999771118164
2009-11-11,10.789999961853027
2009-11-12,10.449999809265137
2009-11-13,10.729999542236328
2009-11-16,10.930000305175781
2009-11-17,11.25
2009-11-18,11.59000015258789
2009-11-19,11.029999732971191
2009-11-20,11.329999923706055
2009-11-23,11.489999771118164
2009-11-24,11.229999542236328
2009-11-25,10.979999542236328
2009-11-27,10.649999618530273
2009-11-30,10.630000114440918
2009-12-01,10.920000076293945
2009-12-02,11.319999694824219
2009-12-03,10.880000114440918
2009-12-04,11.100000381469727
2009-12-07,11.319999694824219
2009-12-08,11.050000190734863
2009-12-09,11.210000038146973
2009-12-10,11.5600004196167
2009-12-11,11.34000015258789
2009-12-14,11.470000267028809
2009-12-15,11.170000076293945
2009-12-16,11.3100004196167
2009-12-17,11.289999961853027
2009-12-18,11.539999961853027
2009-12-21,11.789999961853027
2009-12-22,12.319999694824219
2009-12-23,12.25
2009-12-24,12.4399995803833
2009-12-28,12.399999618530273
2009-12-29,12.100000381469727
2009-12-30,12.239999771118164
2009-12-31,11.84000015258789
2010-01-04,12.359999656677246
2010-01-05,12.5
2010-01-06,12.039999961853027
2010-01-07,11.979999542236328
2010-01-08,11.949999809265137
2010-01-11,11.84000015258789
2010-01-12,11.529999732971191
2010-01-13,11.890000343322754
2010-01-14,11.899999618530273
2010-01-15,11.399999618530273
2010-01-19,11.359999656677246
2010-01-20,10.539999961853027
2010-01-21,9.979999542236328
2010-01-22,9.920000076293945
2010-01-25,10.140000343322754
2010-01-26,9.869999885559082
2010-01-27,9.640000343322754
2010-01-28,9.5
2010-01-29,9.510000228881836
2010-02-01,9.850000381469727
2010-02-02,10.239999771118164
2010-02-03,10.369999885559082
2010-02-04,9.300000190734863
2010-02-05,9.100000381469727
2010-02-08,9.109999656677246
2010-02-09,9.359999656677246
2010-02-10,9.34000015258789
2010-02-11,9.260000228881836
2010-02-12,9.529999732971191
2010-02-16,9.520000457763672
2010-02-17,9.460000038146973
2010-02-18,9.350000381469727
2010-02-19,9.329999923706055
2010-02-22,9.210000038146973
2010-02-23,9.220000267028809
2010-02-24,9.6899995803833
2010-02-25,9.680000305175781
2010-02-26,9.399999618530273
2010-03-01,9.75
2010-03-02,9.869999885559082
2010-03-03,9.90999984741211
2010-03-04,10.239999771118164
2010-03-05,10.65999984741211
2010-03-08,10.399999618530273
2010-03-09,10.25
2010-03-10,10.8100004196167
2010-03-11,10.859999656677246
2010-03-12,10.90999984741211
2010-03-15,10.829999923706055
2010-03-16,10.789999961853027
2010-03-17,11.050000190734863
2010-03-18,11.09000015258789
2010-03-19,10.649999618530273
2010-03-22,10.970000267028809
2010-03-23,11.460000038146973
2010-03-24,11.350000381469727
2010-03-25,11.399999618530273
2010-03-26,11.770000457763672
2010-03-29,11.84000015258789
2010-03-30,11.380000114440918
2010-03-31,11.239999771118164
2010-04-01,11.180000305175781
2010-04-05,11.989999771118164
2010-04-06,12.15999984741211
2010-04-07,12.220000267028809
2010-04-08,12.819999694824219
2010-04-09,12.609999656677246
2010-04-12,12.649999618530273
2010-04-13,12.739999771118164
2010-04-14,13.239999771118164
2010-04-15,13.699999809265137
2010-04-16,12.859999656677246
2010-04-19,12.739999771118164
2010-04-20,13.0
2010-04-21,13.600000381469727
2010-04-22,13.739999771118164
2010-04-23,14.149999618530273
2010-04-26,14.319999694824219
2010-04-27,13.529999732971191
2010-04-28,14.0
2010-04-29,14.739999771118164
2010-04-30,14.010000228881836
2010-05-03,14.529999732971191
2010-05-04,13.65999984741211
2010-05-05,13.050000190734863
2010-05-06,12.069999694824219
2010-05-07,12.119999885559082
2010-05-10,13.4399995803833
2010-05-11,13.770000457763672
2010-05-12,14.069999694824219
2010-05-13,13.65999984741211
2010-05-14,13.039999961853027
2010-05-17,12.529999732971191
2010-05-18,12.4399995803833
2010-05-19,12.359999656677246
2010-05-20,11.270000457763672
2010-05-21,11.319999694824219
2010-05-24,10.890000343322754
2010-05-25,11.199999809265137
2010-05-26,10.970000267028809
2010-05-27,11.789999961853027
2010-05-28,11.619999885559082
2010-06-01,11.020000457763672
2010-06-02,11.079999923706055
2010-06-03,11.010000228881836
2010-06-04,10.100000381469727
2010-06-07,9.359999656677246
2010-06-08,9.329999923706055
2010-06-09,8.9399995803833
2010-06-10,9.270000457763672
2010-06-11,9.260000228881836
2010-06-14,8.9399995803833
2010-06-15,8.880000114440918
2010-06-16,8.819999694824219
2010-06-17,8.65999984741211
2010-06-18,8.789999961853027
2010-06-21,8.609999656677246
2010-06-22,8.40999984741211
2010-06-23,8.510000228881836
2010-06-24,8.649999618530273
2010-06-25,8.770000457763672
2010-06-28,8.59000015258789
2010-06-29,7.929999828338623
2010-06-30,7.679999828338623
2010-07-01,7.429999828338623
2010-07-02,8.050000190734863
2010-07-06,7.920000076293945
2010-07-07,8.649999618530273
2010-07-08,8.8100004196167
2010-07-09,9.130000114440918
2010-07-12,9.039999961853027
2010-07-13,9.380000114440918
2010-07-14,9.399999618530273
2010-07-15,9.09000015258789
2010-07-16,8.5
2010-07-19,8.15999984741211
2010-07-20,8.149999618530273
2010-07-21,8.180000305175781
2010-07-22,8.90999984741211
2010-07-23,9.170000076293945
2010-07-26,9.609999656677246
2010-07-27,9.359999656677246
2010-07-28,8.930000305175781
2010-07-29,10.390000343322754
2010-07-30,10.149999618530273
2010-08-02,10.329999923706055
2010-08-03,10.010000228881836
2010-08-04,10.279999732971191
2010-08-05,10.260000228881836
2010-08-06,10.4399995803833
2010-08-09,10.6899995803833
2010-08-10,10.670000076293945
2010-08-11,10.449999809265137
2010-08-12,10.350000381469727
2010-08-13,10.5
2010-08-16,10.630000114440918
2010-08-17,10.800000190734863
2010-08-18,11.010000228881836
2010-08-19,10.520000457763672
2010-08-20,10.220000267028809
2010-08-23,9.859999656677246
2010-08-24,9.520000457763672
2010-08-25,10.149999618530273
2010-08-26,9.84000015258789
2010-08-27,10.289999961853027
2010-08-30,10.079999923706055
2010-08-31,9.9399995803833
2010-09-01,10.699999809265137
2010-09-02,10.9399995803833
2010-09-03,11.25
2010-09-07,10.710000038146973
2010-09-08,10.770000457763672
2010-09-09,10.680000305175781
2010-09-10,10.680000305175781
2010-09-13,11.069999694824219
2010-09-14,10.789999961853027
2010-09-15,10.930000305175781
2010-09-16,11.25
2010-09-17,11.34000015258789
2010-09-20,12.140000343322754
2010-09-21,12.390000343322754
2010-09-22,12.4399995803833
2010-09-23,11.9399995803833
2010-09-24,12.479999542236328
2010-09-27,12.630000114440918
2010-09-28,12.5600004196167
2010-09-29,12.829999923706055
2010-09-30,12.970000267028809
2010-10-01,12.930000305175781
2010-10-04,12.800000190734863
2010-10-05,13.229999542236328
2010-10-06,13.289999961853027
2010-10-07,12.9399995803833
2010-10-08,13.449999809265137
2010-10-11,13.270000457763672
2010-10-12,13.479999542236328
2010-10-13,13.520000457763672
2010-10-14,13.460000038146973
2010-10-15,12.880000114440918
2010-10-18,12.989999771118164
2010-10-19,12.569999694824219
2010-10-20,12.65999984741211
2010-10-21,12.720000267028809
2010-10-22,12.789999961853027
2010-10-25,12.649999618530273
2010-10-26,12.65999984741211
2010-10-27,12.289999961853027
2010-10-28,13.130000114440918
2010-10-29,13.520000457763672
2010-11-01,13.739999771118164
2010-11-02,14.15999984741211
2010-11-03,14.130000114440918
2010-11-04,14.710000038146973
2010-11-05,15.140000343322754
2010-11-08,15.140000343322754
2010-11-09,15.039999961853027
2010-11-10,15.0
2010-11-11,14.989999771118164
2010-11-12,14.4399995803833
2010-11-15,14.079999923706055
2010-11-16,13.539999961853027
2010-11-17,13.829999923706055
2010-11-18,14.510000228881836
2010-11-19,14.520000457763672
2010-11-22,14.489999771118164
2010-11-23,14.460000038146973
2010-11-24,14.5
2010-11-26,14.34000015258789
2010-11-29,14.220000267028809
2010-11-30,13.859999656677246
2010-12-01,14.4399995803833
2010-12-02,14.9399995803833
2010-12-03,15.149999618530273
2010-12-06,15.600000381469727
2010-12-07,15.579999923706055
2010-12-08,15.569999694824219
2010-12-09,15.819999694824219
2010-12-10,15.800000190734863
2010-12-13,15.699999809265137
2010-12-14,15.520000457763672
2010-12-15,15.59000015258789
2010-12-16,15.59000015258789
2010-12-17,15.600000381469727
2010-12-20,15.770000457763672
2010-12-21,15.960000038146973
2010-12-22,16.110000610351562
2010-12-23,15.670000076293945
2010-12-27,15.899999618530273
2010-12-28,15.850000381469727
2010-12-29,15.729999542236328
2010-12-30,15.5
2010-12-31,15.5
2011-01-03,17.260000228881836
2011-01-04,16.610000610351562
2011-01-05,17.729999542236328
2011-01-06,17.59000015258789
2011-01-07,17.139999389648438
2011-01-10,17.219999313354492
2011-01-11,17.18000030517578
2011-01-12,17.450000762939453
2011-01-13,16.90999984741211
2011-01-14,17.09000015258789
2011-01-18,16.770000457763672
2011-01-19,16.459999084472656
2011-01-20,16.200000762939453
2011-01-21,16.100000381469727
2011-01-24,16.81999969482422
2011-01-25,17.170000076293945
2011-01-26,17.469999313354492
2011-01-27,17.3700008392334
2011-01-28,16.200000762939453
2011-01-31,16.5
2011-02-01,16.850000381469727
2011-02-02,16.3700008392334
2011-02-03,16.610000610351562
2011-02-04,16.110000610351562
2011-02-07,16.020000457763672
2011-02-08,15.989999771118164
2011-02-09,15.390000343322754
2011-02-10,15.3100004196167
2011-02-11,15.399999618530273
2011-02-14,15.40999984741211
2011-02-15,15.380000114440918
2011-02-16,15.760000228881836
2011-02-17,15.930000305175781
2011-02-18,16.020000457763672
2011-02-22,15.239999771118164
2011-02-23,14.59000015258789
2011-02-24,14.279999732971191
2011-02-25,14.859999656677246
2011-02-28,14.800000190734863
2011-03-01,14.260000228881836
2011-03-02,14.539999961853027
2011-03-03,14.880000114440918
2011-03-04,14.920000076293945
2011-03-07,14.539999961853027
2011-03-08,14.970000267028809
2011-03-09,14.729999542236328
2011-03-10,14.069999694824219
2011-03-11,14.100000381469727
2011-03-14,13.949999809265137
2011-03-15,13.59000015258789
2011-03-16,13.210000038146973
2011-03-17,13.4399995803833
2011-03-18,13.770000457763672
2011-03-21,14.739999771118164
2011-03-22,14.579999923706055
2011-03-23,14.489999771118164
2011-03-24,15.130000114440918
2011-03-25,15.109999656677246
2011-03-28,15.029999732971191
2011-03-29,15.819999694824219
2011-03-30,16.1200008392334
2011-03-31,16.139999389648438
2011-04-01,16.219999313354492
2011-04-04,16.229999542236328
2011-04-05,16.520000457763672
2011-04-06,16.600000381469727
2011-04-07,16.81999969482422
2011-04-08,16.8700008392334
2011-04-11,16.59000015258789
2011-04-12,16.229999542236328
2011-04-13,16.440000534057617
2011-04-14,15.979999542236328
2011-04-15,16.3799991607666
2011-04-18,16.1299991607666
2011-04-19,16.489999771118164
2011-04-20,17.0
2011-04-21,17.25
2011-04-25,17.209999084472656
2011-04-26,17.68000030517578
2011-04-27,17.649999618530273
2011-04-28,17.850000381469727
2011-04-29,17.809999465942383
2011-05-02,17.209999084472656
2011-05-03,17.110000610351562
2011-05-04,16.729999542236328
2011-05-05,16.700000762939453
2011-05-06,16.75
2011-05-09,16.850000381469727
2011-05-10,17.1299991607666
2011-05-11,16.690000534057617
2011-05-12,16.979999542236328
2011-05-13,16.350000381469727
2011-05-16,15.899999618530273
2011-05-17,15.329999923706055
2011-05-18,15.65999984741211
2011-05-19,15.789999961853027
2011-05-20,15.460000038146973
2011-05-23,14.880000114440918
2011-05-24,14.930000305175781
2011-05-25,14.989999771118164
2011-05-26,15.289999961853027
2011-05-27,15.390000343322754
2011-05-31,15.880000114440918
2011-06-01,15.15999984741211
2011-06-02,14.920000076293945
2011-06-03,14.529999732971191
2011-06-06,14.050000190734863
2011-06-07,14.970000267028809
2011-06-08,14.680000305175781
2011-06-09,15.0
2011-06-10,14.59000015258789
2011-06-13,14.5600004196167
2011-06-14,14.949999809265137
2011-06-15,14.34000015258789
2011-06-16,14.289999961853027
2011-06-17,14.0600004196167
2011-06-20,14.380000114440918
2011-06-21,14.850000381469727
2011-06-22,14.600000381469727
2011-06-23,14.930000305175781
2011-06-24,14.619999885559082
2011-06-27,14.65999984741211
2011-06-28,15.109999656677246
2011-06-29,15.40999984741211
2011-06-30,15.369999885559082
2011-07-01,15.619999885559082
2011-07-05,15.479999542236328
2011-07-06,15.5
2011-07-07,16.0
2011-07-08,15.720000267028809
2011-07-11,15.029999732971191
2011-07-12,14.949999809265137
2011-07-13,15.229999542236328
2011-07-14,14.960000038146973
2011-07-15,14.819999694824219
2011-07-18,14.489999771118164
2011-07-19,14.890000343322754
2011-07-20,14.829999923706055
2011-07-21,14.930000305175781
2011-07-22,15.0
2011-07-25,14.850000381469727
2011-07-26,14.649999618530273
2011-07-27,13.899999618530273
2011-07-28,14.630000114440918
2011-07-29,14.90999984741211
2011-08-01,14.109999656677246
2011-08-02,13.020000457763672
2011-08-03,13.3100004196167
2011-08-04,11.930000305175781
2011-08-05,11.279999732971191
2011-08-08,9.880000114440918
2011-08-09,10.789999961853027
2011-08-10,9.989999771118164
2011-08-11,11.15999984741211
2011-08-12,11.960000038146973
2011-08-15,12.15999984741211
2011-08-16,11.819999694824219
2011-08-17,11.479999542236328
2011-08-18,10.260000228881836
2011-08-19,9.59000015258789
2011-08-22,9.359999656677246
2011-08-23,9.899999618530273
2011-08-24,10.489999771118164
2011-08-25,10.140000343322754
2011-08-26,10.40999984741211
2011-08-29,11.359999656677246
2011-08-30,11.569999694824219
2011-08-31,11.520000457763672
2011-09-01,10.970000267028809
2011-09-02,10.449999809265137
2011-09-06,10.289999961853027
2011-09-07,10.949999809265137
2011-09-08,10.390000343322754
2011-09-09,9.829999923706055
2011-09-12,9.649999618530273
2011-09-13,9.970000267028809
2011-09-14,10.260000228881836
2011-09-15,10.5
2011-09-16,10.550000190734863
2011-09-19,10.010000228881836
2011-09-20,9.75
2011-09-21,9.359999656677246
2011-09-22,9.220000267028809
2011-09-23,9.300000190734863
2011-09-26,9.4399995803833
2011-09-27,9.829999923706055
2011-09-28,9.149999618530273
2011-09-29,9.630000114440918
2011-09-30,9.0600004196167
2011-10-03,8.479999542236328
2011-10-04,9.880000114440918
2011-10-05,10.279999732971191
2011-10-06,10.619999885559082
2011-10-07,10.34000015258789
2011-10-10,10.970000267028809
2011-10-11,10.960000038146973
2011-10-12,11.229999542236328
2011-10-13,11.390000343322754
2011-10-14,11.520000457763672
2011-10-17,10.8100004196167
2011-10-18,11.180000305175781
2011-10-19,10.670000076293945
2011-10-20,10.520000457763672
2011-10-21,10.880000114440918
2011-10-24,11.619999885559082
2011-10-25,11.020000457763672
2011-10-26,10.989999771118164
2011-10-27,11.0
2011-10-28,11.010000228881836
2011-10-31,10.569999694824219
2011-11-01,9.930000305175781
2011-11-02,10.300000190734863
2011-11-03,10.5600004196167
2011-11-04,10.609999656677246
2011-11-07,11.09000015258789
2011-11-08,11.149999618530273
2011-11-09,10.640000343322754
2011-11-10,10.640000343322754
2011-11-11,11.109999656677246
2011-11-14,10.710000038146973
2011-11-15,10.529999732971191
2011-11-16,10.010000228881836
2011-11-17,9.529999732971191
2011-11-18,9.260000228881836
2011-11-21,8.880000114440918
2011-11-22,8.729999542236328
2011-11-23,8.40999984741211
2011-11-25,8.100000381469727
2011-11-28,8.670000076293945
2011-11-29,8.65999984741211
2011-11-30,9.680000305175781
2011-12-01,9.579999923706055
2011-12-02,9.75
2011-12-05,9.850000381469727
2011-12-06,10.069999694824219
2011-12-07,10.010000228881836
2011-12-08,9.600000381469727
2011-12-09,9.989999771118164
2011-12-12,9.729999542236328
2011-12-13,9.539999961853027
2011-12-14,9.050000190734863
2011-12-15,9.1899995803833
2011-12-16,9.329999923706055
2011-12-19,8.859999656677246
2011-12-20,9.3100004196167
2011-12-21,9.489999771118164
2011-12-22,9.630000114440918
2011-12-23,9.75
2011-12-27,9.390000343322754
2011-12-28,9.039999961853027
2011-12-29,9.40999984741211
2011-12-30,9.460000038146973
2012-01-03,10.069999694824219
2012-01-04,9.899999618530273
2012-01-05,10.010000228881836
2012-01-06,10.1899995803833
2012-01-09,10.380000114440918
2012-01-10,10.59000015258789
2012-01-11,10.600000381469727
2012-01-12,10.6899995803833
2012-01-13,10.510000228881836
2012-01-17,10.25
2012-01-18,10.510000228881836
2012-01-19,10.6899995803833
2012-01-20,10.819999694824219
2012-01-23,10.75
2012-01-24,10.899999618530273
2012-01-25,10.859999656677246
2012-01-26,10.970000267028809
2012-01-27,11.119999885559082
2012-01-30,10.930000305175781
2012-01-31,10.9399995803833
2012-02-01,11.199999809265137
2012-02-02,11.25
2012-02-03,10.0
2012-02-06,10.300000190734863
2012-02-07,10.1899995803833
2012-02-08,10.40999984741211
2012-02-09,10.359999656677246
2012-02-10,10.0600004196167
2012-02-13,10.229999542236328
2012-02-14,10.270000457763672
2012-02-15,10.119999885559082
2012-02-16,10.220000267028809
2012-02-17,10.050000190734863
2012-02-21,9.789999961853027
2012-02-22,9.6899995803833
2012-02-23,9.729999542236328
2012-02-24,9.640000343322754
2012-02-27,9.5
2012-02-28,9.260000228881836
2012-02-29,9.079999923706055
2012-03-01,9.130000114440918
2012-03-02,8.899999618530273
2012-03-05,8.770000457763672
2012-03-06,8.359999656677246
2012-03-07,8.3100004196167
2012-03-08,8.479999542236328
2012-03-09,8.899999618530273
2012-03-12,8.470000267028809
2012-03-13,8.970000267028809
2012-03-14,8.760000228881836
2012-03-15,8.800000190734863
2012-03-16,8.869999885559082
2012-03-19,9.050000190734863
2012-03-20,8.970000267028809
2012-03-21,8.899999618530273
2012-03-22,8.619999885559082
2012-03-23,8.850000381469727
2012-03-26,9.020000457763672
2012-03-27,8.84000015258789
2012-03-28,8.729999542236328
2012-03-29,8.739999771118164
2012-03-30,8.829999923706055
2012-04-02,9.0
2012-04-03,8.890000343322754
2012-04-04,8.59000015258789
2012-04-05,8.539999961853027
2012-04-09,8.319999694824219
2012-04-10,8.09000015258789
2012-04-11,8.15999984741211
2012-04-12,8.430000305175781
2012-04-13,8.09000015258789
2012-04-16,8.130000114440918
2012-04-17,8.1899995803833
2012-04-18,7.869999885559082
2012-04-19,7.579999923706055
2012-04-20,7.78000020980835
2012-04-23,7.449999809265137
2012-04-24,7.539999961853027
2012-04-25,7.659999847412109
2012-04-26,7.519999980926514
2012-04-27,7.650000095367432
2012-04-30,7.900000095367432
2012-05-01,7.840000152587891
2012-05-02,7.769999980926514
2012-05-03,7.25
2012-05-04,6.840000152587891
2012-05-07,6.880000114440918
2012-05-08,6.760000228881836
2012-05-09,6.590000152587891
2012-05-10,6.760000228881836
2012-05-11,6.739999771118164
2012-05-14,6.590000152587891
2012-05-15,6.53000020980835
2012-05-16,6.46999979019165
2012-05-17,6.21999979019165
2012-05-18,5.989999771118164
2012-05-21,6.260000228881836
2012-05-22,6.239999771118164
2012-05-23,6.340000152587891
2012-05-24,6.53000020980835
2012-05-25,6.519999980926514
2012-05-29,6.679999828338623
2012-05-30,6.539999961853027
2012-05-31,6.480000019073486
2012-06-01,5.940000057220459
2012-06-04,5.730000019073486
2012-06-05,5.75
2012-06-06,6.019999980926514
2012-06-07,5.989999771118164
2012-06-08,6.21999979019165
2012-06-11,6.269999980926514
2012-06-12,6.260000228881836
2012-06-13,6.119999885559082
2012-06-14,6.25
2012-06-15,6.510000228881836
2012-06-18,6.5
2012-06-19,6.659999847412109
2012-06-20,6.679999828338623
2012-06-21,6.480000019073486
2012-06-22,6.769999980926514
2012-06-25,6.610000133514404
2012-06-26,6.599999904632568
2012-06-27,6.630000114440918
2012-06-28,6.539999961853027
2012-06-29,6.929999828338623
2012-07-02,6.900000095367432
2012-07-03,7.119999885559082
2012-07-05,7.099999904632568
2012-07-06,6.880000114440918
2012-07-09,6.659999847412109
2012-07-10,6.5
2012-07-11,6.159999847412109
2012-07-12,6.349999904632568
2012-07-13,6.46999979019165
2012-07-16,6.300000190734863
2012-07-17,6.360000133514404
2012-07-18,6.590000152587891
2012-07-19,6.610000133514404
2012-07-20,6.25
2012-07-23,6.110000133514404
2012-07-24,5.900000095367432
2012-07-25,5.909999847412109
2012-07-26,6.010000228881836
2012-07-27,6.440000057220459
2012-07-30,6.559999942779541
2012-07-31,6.710000038146973
2012-08-01,6.199999809265137
2012-08-02,6.03000020980835
2012-08-03,6.360000133514404
2012-08-06,6.519999980926514
2012-08-07,6.579999923706055
2012-08-08,6.539999961853027
2012-08-09,6.670000076293945
2012-08-10,6.679999828338623
2012-08-13,6.690000057220459
2012-08-14,6.639999866485596
2012-08-15,6.710000038146973
2012-08-16,6.989999771118164
2012-08-17,7.050000190734863
2012-08-20,7.019999980926514
2012-08-21,7.019999980926514
2012-08-22,6.960000038146973
2012-08-23,7.010000228881836
2012-08-24,7.019999980926514
2012-08-27,7.0
2012-08-28,7.019999980926514
2012-08-29,7.050000190734863
2012-08-30,7.0
2012-08-31,7.010000228881836
2012-09-04,7.199999809265137
2012-09-05,7.139999866485596
2012-09-06,7.53000020980835
2012-09-07,7.699999809265137
2012-09-10,7.579999923706055
2012-09-11,7.659999847412109
2012-09-12,7.679999828338623
2012-09-13,7.949999809265137
2012-09-14,8.220000267028809
2012-09-17,8.050000190734863
2012-09-18,7.550000190734863
2012-09-19,7.570000171661377
2012-09-20,7.690000057220459
2012-09-21,7.730000019073486
2012-09-24,7.619999885559082
2012-09-25,7.340000152587891
2012-09-26,7.329999923706055
2012-09-27,7.510000228881836
2012-09-28,7.380000114440918
2012-10-01,7.440000057220459
2012-10-02,7.46999979019165
2012-10-03,7.460000038146973
2012-10-04,7.739999771118164
2012-10-05,7.619999885559082
2012-10-08,7.46999979019165
2012-10-09,7.190000057220459
2012-10-10,7.099999904632568
2012-10-11,7.159999847412109
2012-10-12,7.039999961853027
2012-10-15,7.070000171661377
2012-10-16,7.139999866485596
2012-10-17,7.070000171661377
2012-10-18,7.090000152587891
2012-10-19,6.760000228881836
2012-10-22,6.840000152587891
2012-10-23,6.860000133514404
2012-10-24,6.860000133514404
2012-10-25,6.840000152587891
2012-10-26,6.840000152587891
2012-10-31,6.800000190734863
2012-11-01,6.889999866485596
2012-11-02,6.809999942779541
2012-11-05,6.860000133514404
2012-11-06,7.440000057220459
2012-11-07,6.869999885559082
2012-11-08,6.639999866485596
2012-11-09,6.679999828338623
2012-11-12,6.730000019073486
2012-11-13,6.559999942779541
2012-11-14,6.389999866485596
2012-11-15,6.340000152587891
2012-11-16,6.190000057220459
2012-11-19,6.480000019073486
2012-11-20,6.360000133514404
2012-11-21,6.599999904632568
2012-11-23,6.800000190734863
2012-11-26,6.96999979019165
2012-11-27,7.03000020980835
2012-11-28,7.070000171661377
2012-11-29,7.429999828338623
2012-11-30,7.400000095367432
2012-12-03,7.269999980926514
2012-12-04,7.349999904632568
2012-12-05,7.349999904632568
2012-12-06,7.260000228881836
2012-12-07,7.400000095367432
2012-12-10,7.639999866485596
2012-12-11,7.619999885559082
2012-12-12,7.639999866485596
2012-12-13,7.590000152587891
2012-12-14,7.630000114440918
2012-12-17,7.75
2012-12-18,7.920000076293945
2012-12-19,8.260000228881836
2012-12-20,8.220000267028809
2012-12-21,8.210000038146973
2012-12-24,8.0
2012-12-26,8.050000190734863
2012-12-27,8.069999694824219
2012-12-28,7.980000019073486
2012-12-31,8.130000114440918
2013-01-02,8.520000457763672
2013-01-03,8.65999984741211
2013-01-04,8.800000190734863
2013-01-07,8.680000305175781
2013-01-08,8.649999618530273
2013-01-09,8.770000457763672
2013-01-10,8.6899995803833
2013-01-11,8.65999984741211
2013-01-14,8.649999618530273
2013-01-15,8.720000267028809
2013-01-16,8.65999984741211
2013-01-17,8.710000038146973
2013-01-18,8.539999961853027
2013-01-22,8.649999618530273
2013-01-23,8.819999694824219
2013-01-24,8.800000190734863
2013-01-25,8.609999656677246
2013-01-28,8.5600004196167
2013-01-29,8.670000076293945
2013-01-30,8.289999961853027
2013-01-31,8.479999542236328
2013-02-01,8.430000305175781
2013-02-04,8.649999618530273
2013-02-05,8.779999732971191
2013-02-06,8.800000190734863
2013-02-07,8.789999961853027
2013-02-08,8.989999771118164
2013-02-11,9.15999984741211
2013-02-12,9.140000343322754
2013-02-13,9.199999809265137
2013-02-14,9.069999694824219
2013-02-15,8.899999618530273
2013-02-19,8.989999771118164
2013-02-20,8.699999809265137
2013-02-21,8.630000114440918
2013-02-22,8.920000076293945
2013-02-25,8.380000114440918
2013-02-26,8.390000343322754
2013-02-27,8.5
2013-02-28,8.239999771118164
2013-03-01,8.390000343322754
2013-03-04,8.319999694824219
2013-03-05,8.600000381469727
2013-03-06,8.8100004196167
2013-03-07,8.949999809265137
2013-03-08,9.1899995803833
2013-03-11,9.229999542236328
2013-03-12,9.199999809265137
2013-03-13,9.3100004196167
2013-03-14,9.449999809265137
2013-03-15,9.460000038146973
2013-03-18,9.399999618530273
2013-03-19,9.380000114440918
2013-03-20,9.390000343322754
2013-03-21,9.220000267028809
2013-03-22,9.180000305175781
2013-03-25,9.15999984741211
2013-03-26,9.170000076293945
2013-03-27,9.229999542236328
2013-03-28,9.100000381469727
2013-04-01,8.920000076293945
2013-04-02,9.020000457763672
2013-04-03,8.9399995803833
2013-04-04,8.9399995803833
2013-04-05,8.979999542236328
2013-04-08,8.979999542236328
2013-04-09,8.960000038146973
2013-04-10,9.149999618530273
2013-04-11,9.260000228881836
2013-04-12,9.229999542236328
2013-04-15,9.0
2013-04-16,9.079999923706055
2013-04-17,8.800000190734863
2013-04-18,8.819999694824219
2013-04-19,8.899999618530273
2013-04-22,8.930000305175781
2013-04-23,9.069999694824219
2013-04-24,9.119999885559082
2013-04-25,9.170000076293945
2013-04-26,9.0600004196167
2013-04-29,9.119999885559082
2013-04-30,9.140000343322754
2013-05-01,9.039999961853027
2013-05-02,9.039999961853027
2013-05-03,9.300000190734863
2013-05-06,9.25
2013-05-07,9.359999656677246
2013-05-08,9.279999732971191
2013-05-09,9.329999923706055
2013-05-10,9.420000076293945
2013-05-13,9.350000381469727
2013-05-14,9.710000038146973
2013-05-15,9.850000381469727
2013-05-16,9.8100004196167
2013-05-17,9.819999694824219
2013-05-20,9.770000457763672
2013-05-21,9.720000267028809
2013-05-22,9.529999732971191
2013-05-23,9.350000381469727
2013-05-24,9.390000343322754
2013-05-28,9.520000457763672
2013-05-29,9.449999809265137
2013-05-30,10.1899995803833
2013-05-31,10.25
2013-06-03,10.399999618530273
2013-06-04,10.279999732971191
2013-06-05,10.119999885559082
2013-06-06,10.09000015258789
2013-06-07,10.079999923706055
2013-06-10,10.279999732971191
2013-06-11,10.319999694824219
2013-06-12,10.34000015258789
2013-06-13,10.59000015258789
2013-06-14,10.319999694824219
2013-06-17,10.460000038146973
2013-06-18,10.649999618530273
2013-06-19,10.550000190734863
2013-06-20,10.260000228881836
2013-06-21,10.65999984741211
2013-06-24,10.270000457763672
2013-06-25,10.789999961853027
2013-06-26,10.569999694824219
2013-06-27,10.920000076293945
2013-06-28,10.880000114440918
2013-07-01,11.279999732971191
2013-07-02,11.380000114440918
2013-07-03,11.720000267028809
2013-07-05,12.010000228881836
2013-07-08,12.010000228881836
2013-07-09,12.0600004196167
2013-07-10,11.9399995803833
2013-07-11,12.010000228881836
2013-07-12,11.970000267028809
2013-07-15,11.960000038146973
2013-07-16,11.960000038146973
2013-07-17,11.979999542236328
2013-07-18,11.960000038146973
2013-07-19,11.989999771118164
2013-07-22,11.989999771118164
2013-07-23,11.880000114440918
2013-07-24,11.899999618530273
2013-07-25,11.520000457763672
2013-07-26,11.5
2013-07-29,11.050000190734863
2013-07-30,11.210000038146973
2013-07-31,11.0
2013-08-01,13.609999656677246
2013-08-02,13.819999694824219
2013-08-05,13.569999694824219
2013-08-06,13.619999885559082
2013-08-07,13.319999694824219
2013-08-08,13.609999656677246
2013-08-09,13.460000038146973
2013-08-12,13.920000076293945
2013-08-13,13.90999984741211
2013-08-14,13.890000343322754
2013-08-15,13.470000267028809
2013-08-16,13.350000381469727
2013-08-19,13.350000381469727
2013-08-20,13.619999885559082
2013-08-21,13.420000076293945
2013-08-22,14.119999885559082
2013-08-23,13.869999885559082
2013-08-26,13.630000114440918
2013-08-27,13.069999694824219
2013-08-28,13.09000015258789
2013-08-29,13.399999618530273
2013-08-30,13.029999732971191
2013-09-03,13.5600004196167
2013-09-04,13.800000190734863
2013-09-05,13.880000114440918
2013-09-06,13.739999771118164
2013-09-09,13.670000076293945
2013-09-10,13.970000267028809
2013-09-11,13.75
2013-09-12,13.449999809265137
2013-09-13,13.399999618530273
2013-09-16,13.619999885559082
2013-09-17,14.220000267028809
2013-09-18,14.260000228881836
2013-09-19,14.260000228881836
2013-09-20,14.279999732971191
2013-09-23,13.949999809265137
2013-09-24,14.050000190734863
2013-09-25,14.489999771118164
2013-09-26,14.180000305175781
2013-09-27,14.180000305175781
2013-09-30,14.630000114440918
2013-10-01,14.84000015258789
2013-10-02,14.739999771118164
2013-10-03,14.359999656677246
2013-10-04,14.510000228881836
2013-10-07,14.0600004196167
2013-10-08,13.720000267028809
2013-10-09,13.619999885559082
2013-10-10,14.25
2013-10-11,14.359999656677246
2013-10-14,14.460000038146973
2013-10-15,14.529999732971191
2013-10-16,14.460000038146973
2013-10-17,14.899999618530273
2013-10-18,14.829999923706055
2013-10-21,14.890000343322754
2013-10-22,15.039999961853027
2013-10-23,14.5
2013-10-24,14.40999984741211
2013-10-25,13.899999618530273
2013-10-28,13.920000076293945
2013-10-29,13.6899995803833
2013-10-30,13.279999732971191
2013-10-31,13.319999694824219
2013-11-01,13.529999732971191
2013-11-04,13.569999694824219
2013-11-05,13.640000343322754
2013-11-06,13.460000038146973
2013-11-07,13.020000457763672
2013-11-08,13.3100004196167
2013-11-11,13.329999923706055
2013-11-12,13.079999923706055
2013-11-13,13.220000267028809
2013-11-14,13.1899995803833
2013-11-15,13.100000381469727
2013-11-18,12.890000343322754
2013-11-19,12.699999809265137
2013-11-20,12.630000114440918
2013-11-21,12.869999885559082
2013-11-22,12.9399995803833
2013-11-25,13.029999732971191
2013-11-26,13.020000457763672
2013-11-27,13.1899995803833
2013-11-29,13.279999732971191
2013-12-02,12.869999885559082
2013-12-03,12.770000457763672
2013-12-04,12.8100004196167
2013-12-05,12.890000343322754
2013-12-06,12.859999656677246
2013-12-09,12.760000228881836
2013-12-10,12.699999809265137
2013-12-11,12.359999656677246
2013-12-12,12.170000076293945
2013-12-13,12.069999694824219
2013-12-16,12.380000114440918
2013-12-17,12.6899995803833
2013-12-18,12.979999542236328
2013-12-19,12.619999885559082
2013-12-20,12.729999542236328
2013-12-23,12.859999656677246
2013-12-24,12.850000381469727
2013-12-26,12.680000305175781
2013-12-27,12.539999961853027
2013-12-30,12.649999618530273
2013-12-31,12.819999694824219
2014-01-02,12.770000457763672
2014-01-03,12.550000190734863
2014-01-06,12.5600004196167
2014-01-07,12.90999984741211
2014-01-08,12.8100004196167
2014-01-09,12.760000228881836
2014-01-10,12.850000381469727
2014-01-13,12.729999542236328
2014-01-14,12.600000381469727
2014-01-15,12.619999885559082
2014-01-16,12.449999809265137
2014-01-17,12.039999961853027
2014-01-21,12.0
2014-01-22,11.989999771118164
2014-01-23,11.800000190734863
2014-01-24,11.520000457763672
2014-01-27,11.0
2014-01-28,11.039999961853027
2014-01-29,11.470000267028809
2014-01-30,11.84000015258789
2014-01-31,13.100000381469727
2014-02-03,13.149999618530273
2014-02-04,13.529999732971191
2014-02-05,13.449999809265137
2014-02-06,13.760000228881836
2014-02-07,13.569999694824219
2014-02-10,13.729999542236328
2014-02-11,14.0
2014-02-12,14.550000190734863
2014-02-13,14.760000228881836
2014-02-14,14.6899995803833
2014-02-18,14.600000381469727
2014-02-19,14.470000267028809
2014-02-20,14.779999732971191
2014-02-21,14.760000228881836
2014-02-24,14.829999923706055
2014-02-25,14.729999542236328
2014-02-26,14.520000457763672
2014-02-27,14.90999984741211
2014-02-28,14.789999961853027
2014-03-03,14.739999771118164
2014-03-04,15.350000381469727
2014-03-05,14.960000038146973
2014-03-06,14.960000038146973
2014-03-07,15.470000267028809
2014-03-10,15.460000038146973
2014-03-11,15.289999961853027
2014-03-12,15.25
2014-03-13,14.789999961853027
2014-03-14,14.850000381469727
2014-03-17,14.880000114440918
2014-03-18,15.020000457763672
2014-03-19,14.890000343322754
2014-03-20,14.850000381469727
2014-03-21,14.84000015258789
2014-03-24,14.4399995803833
2014-03-25,14.40999984741211
2014-03-26,14.260000228881836
2014-03-27,14.010000228881836
2014-03-28,14.210000038146973
2014-03-31,14.649999618530273
2014-04-01,15.1899995803833
2014-04-02,15.510000228881836
2014-04-03,15.050000190734863
2014-04-04,14.4399995803833
2014-04-07,14.239999771118164
2014-04-08,14.399999618530273
2014-04-09,14.75
2014-04-10,14.260000228881836
2014-04-11,14.0600004196167
2014-04-14,13.869999885559082
2014-04-15,13.920000076293945
2014-04-16,14.229999542236328
2014-04-17,14.329999923706055
2014-04-21,14.460000038146973
2014-04-22,15.779999732971191
2014-04-23,15.739999771118164
2014-04-24,17.1200008392334
2014-04-25,16.219999313354492
2014-04-28,16.15999984741211
2014-04-29,16.18000030517578
2014-04-30,16.479999542236328
2014-05-01,16.639999389648438
2014-05-02,16.700000762939453
2014-05-05,16.579999923706055
2014-05-06,16.149999618530273
2014-05-07,16.209999084472656
2014-05-08,15.869999885559082
2014-05-09,16.09000015258789
2014-05-12,16.709999084472656
2014-05-13,16.1299991607666
2014-05-14,15.539999961853027
2014-05-15,15.350000381469727
2014-05-16,15.770000457763672
2014-05-19,16.059999465942383
2014-05-20,15.670000076293945
2014-05-21,15.789999961853027
2014-05-22,15.760000228881836
2014-05-23,15.819999694824219
2014-05-27,15.770000457763672
2014-05-28,15.800000190734863
2014-05-29,15.640000343322754
2014-05-30,15.270000457763672
2014-06-02,14.9399995803833
2014-06-03,14.5
2014-06-04,14.5600004196167
2014-06-05,14.869999885559082
2014-06-06,15.010000228881836
2014-06-09,15.020000457763672
2014-06-10,15.210000038146973
2014-06-11,15.109999656677246
2014-06-12,14.84000015258789
2014-06-13,14.899999618530273
2014-06-16,14.6899995803833
2014-06-17,14.899999618530273
2014-06-18,15.029999732971191
2014-06-19,15.119999885559082
2014-06-20,15.65999984741211
2014-06-23,15.760000228881836
2014-06-24,15.25
2014-06-25,15.59000015258789
2014-06-26,15.59000015258789
2014-06-27,15.65999984741211
2014-06-30,15.739999771118164
2014-07-01,15.970000267028809
2014-07-02,15.760000228881836
2014-07-03,16.010000228881836
2014-07-07,15.710000038146973
2014-07-08,15.640000343322754
2014-07-09,15.579999923706055
2014-07-10,15.399999618530273
2014-07-11,15.270000457763672
2014-07-14,15.470000267028809
2014-07-15,15.119999885559082
2014-07-16,15.109999656677246
2014-07-17,14.829999923706055
2014-07-18,15.069999694824219
2014-07-21,14.869999885559082
2014-07-22,14.899999618530273
2014-07-23,14.789999961853027
2014-07-24,14.779999732971191
2014-07-25,14.5
2014-07-28,14.149999618530273
2014-07-29,13.869999885559082
2014-07-30,13.609999656677246
2014-07-31,13.770000457763672
2014-08-01,13.260000228881836
2014-08-04,13.75
2014-08-05,13.9399995803833
2014-08-06,13.90999984741211
2014-08-07,13.930000305175781
2014-08-08,14.0
2014-08-11,13.989999771118164
2014-08-12,13.779999732971191
2014-08-13,13.279999732971191
2014-08-14,13.619999885559082
2014-08-15,14.1899995803833
2014-08-18,13.640000343322754
2014-08-19,13.630000114440918
2014-08-20,13.75
2014-08-21,13.75
2014-08-22,13.739999771118164
2014-08-25,13.869999885559082
2014-08-26,13.979999542236328
2014-08-27,14.039999961853027
2014-08-28,14.119999885559082
2014-08-29,14.220000267028809
2014-09-02,14.100000381469727
2014-09-03,13.90999984741211
2014-09-04,14.069999694824219
2014-09-05,14.079999923706055
2014-09-08,13.899999618530273
2014-09-09,13.380000114440918
2014-09-10,13.40999984741211
2014-09-11,13.569999694824219
2014-09-12,13.25
2014-09-15,12.869999885559082
2014-09-16,12.680000305175781
2014-09-17,12.720000267028809
2014-09-18,12.880000114440918
2014-09-19,12.350000381469727
2014-09-22,12.210000038146973
2014-09-23,12.75
2014-09-24,12.569999694824219
2014-09-25,12.350000381469727
2014-09-26,12.600000381469727
2014-09-29,12.260000228881836
2014-09-30,11.869999885559082
2014-10-01,11.529999732971191
2014-10-02,11.800000190734863
2014-10-03,11.869999885559082
2014-10-06,11.649999618530273
2014-10-07,11.529999732971191
2014-10-08,12.0600004196167
2014-10-09,11.6899995803833
2014-10-10,11.449999809265137
2014-10-13,11.399999618530273
2014-10-14,11.65999984741211
2014-10-15,12.180000305175781
2014-10-16,12.079999923706055
2014-10-17,11.710000038146973
2014-10-20,11.699999809265137
2014-10-21,12.020000457763672
2014-10-22,11.880000114440918
2014-10-23,12.239999771118164
2014-10-24,12.260000228881836
2014-10-27,11.949999809265137
2014-10-28,12.8100004196167
2014-10-29,12.4399995803833
2014-10-30,12.029999732971191
2014-10-31,12.829999923706055
2014-11-03,12.510000228881836
2014-11-04,12.220000267028809
2014-11-05,12.699999809265137
2014-11-06,12.859999656677246
2014-11-07,12.569999694824219
2014-11-10,12.460000038146973
2014-11-11,12.350000381469727
2014-11-12,12.420000076293945
2014-11-13,12.399999618530273
2014-11-14,12.579999923706055
2014-11-17,12.539999961853027
2014-11-18,12.6899995803833
2014-11-19,12.449999809265137
2014-11-20,12.430000305175781
2014-11-21,12.390000343322754
2014-11-24,12.4399995803833
2014-11-25,12.470000267028809
2014-11-26,12.329999923706055
2014-11-28,12.170000076293945
2014-12-01,12.279999732971191
2014-12-02,12.369999885559082
2014-12-03,12.470000267028809
2014-12-04,12.279999732971191
2014-12-05,12.680000305175781
2014-12-08,12.5
2014-12-09,12.920000076293945
2014-12-10,12.539999961853027
2014-12-11,12.739999771118164
2014-12-12,12.84000015258789
2014-12-15,12.770000457763672
2014-12-16,12.779999732971191
2014-12-17,13.170000076293945
2014-12-18,13.550000190734863
2014-12-19,13.789999961853027
2014-12-22,13.8100004196167
2014-12-23,13.6899995803833
2014-12-24,13.600000381469727
2014-12-26,13.680000305175781
2014-12-29,13.920000076293945
2014-12-30,13.779999732971191
2014-12-31,13.600000381469727
2015-01-02,13.260000228881836
2015-01-05,13.069999694824219
2015-01-06,12.670000076293945
2015-01-07,12.710000038146973
2015-01-08,12.9399995803833
2015-01-09,12.5600004196167
2015-01-12,12.529999732971191
2015-01-13,12.59000015258789
2015-01-14,12.470000267028809
2015-01-15,12.180000305175781
2015-01-16,12.609999656677246
2015-01-20,12.75
2015-01-21,12.710000038146973
2015-01-22,13.079999923706055
2015-01-23,13.020000457763672
2015-01-26,13.020000457763672
2015-01-27,12.880000114440918
2015-01-28,12.479999542236328
2015-01-29,12.850000381469727
2015-01-30,12.1899995803833
2015-02-02,12.529999732971191
2015-02-03,12.75
2015-02-04,12.6899995803833
2015-02-05,12.699999809265137
2015-02-06,13.069999694824219
2015-02-09,12.65999984741211
2015-02-10,12.40999984741211
2015-02-11,12.289999961853027
2015-02-12,12.579999923706055
2015-02-13,12.680000305175781
2015-02-17,12.670000076293945
2015-02-18,12.789999961853027
2015-02-19,13.1899995803833
2015-02-20,13.220000267028809
2015-02-23,12.890000343322754
2015-02-24,12.819999694824219
2015-02-25,12.84000015258789
2015-02-26,12.970000267028809
2015-02-27,12.960000038146973
2015-03-02,13.1899995803833
2015-03-03,13.109999656677246
2015-03-04,13.050000190734863
2015-03-05,12.989999771118164
2015-03-06,12.699999809265137
2015-03-09,12.619999885559082
2015-03-10,12.529999732971191
2015-03-11,12.569999694824219
2015-03-12,13.050000190734863
2015-03-13,13.020000457763672
2015-03-16,13.149999618530273
2015-03-17,13.149999618530273
2015-03-18,13.170000076293945
2015-03-19,13.350000381469727
2015-03-20,13.430000305175781
2015-03-23,13.460000038146973
2015-03-24,13.789999961853027
2015-03-25,13.34000015258789
2015-03-26,13.329999923706055
2015-03-27,13.34000015258789
2015-03-30,13.479999542236328
2015-03-31,13.470000267028809
2015-04-01,13.5
2015-04-02,13.479999542236328
2015-04-06,13.5
2015-04-07,13.329999923706055
2015-04-08,13.470000267028809
2015-04-09,13.289999961853027
2015-04-10,12.899999618530273
2015-04-13,12.859999656677246
2015-04-14,12.710000038146973
2015-04-15,12.819999694824219
2015-04-16,12.779999732971191
2015-04-17,12.449999809265137
2015-04-20,12.739999771118164
2015-04-21,12.819999694824219
2015-04-22,12.8100004196167
2015-04-23,12.779999732971191
2015-04-24,12.630000114440918
2015-04-27,12.529999732971191
2015-04-28,12.729999542236328
2015-04-29,12.510000228881836
2015-04-30,12.289999961853027
2015-05-01,12.3100004196167
2015-05-04,12.220000267028809
2015-05-05,12.079999923706055
2015-05-06,12.199999809265137
2015-05-07,12.100000381469727
2015-05-08,12.050000190734863
2015-05-11,12.239999771118164
2015-05-12,12.09000015258789
2015-05-13,12.0
2015-05-14,12.050000190734863
2015-05-15,12.0600004196167
2015-05-18,12.449999809265137
2015-05-19,12.119999885559082
2015-05-20,12.069999694824219
2015-05-21,12.100000381469727
2015-05-22,11.970000267028809
2015-05-26,11.850000381469727
2015-05-27,11.970000267028809
2015-05-28,11.050000190734863
2015-05-29,11.1899995803833
2015-06-01,11.3100004196167
2015-06-02,11.390000343322754
2015-06-03,11.399999618530273
2015-06-04,11.329999923706055
2015-06-05,11.25
2015-06-08,11.130000114440918
2015-06-09,11.029999732971191
2015-06-10,11.149999618530273
2015-06-11,11.3100004196167
2015-06-12,11.260000228881836
2015-06-15,10.84000015258789
2015-06-16,10.729999542236328
2015-06-17,10.760000228881836
2015-06-18,10.869999885559082
2015-06-19,10.789999961853027
2015-06-22,10.880000114440918
2015-06-23,11.010000228881836
2015-06-24,10.890000343322754
2015-06-25,10.850000381469727
2015-06-26,10.789999961853027
2015-06-29,10.600000381469727
2015-06-30,10.729999542236328
2015-07-01,10.789999961853027
2015-07-02,10.710000038146973
2015-07-06,10.510000228881836
2015-07-07,10.380000114440918
2015-07-08,10.130000114440918
2015-07-09,10.020000457763672
2015-07-10,10.100000381469727
2015-07-13,10.3100004196167
2015-07-14,10.229999542236328
2015-07-15,10.0
2015-07-16,9.779999732971191
2015-07-17,10.1899995803833
2015-07-20,10.359999656677246
2015-07-21,10.449999809265137
2015-07-22,10.40999984741211
2015-07-23,10.449999809265137
2015-07-24,10.170000076293945
2015-07-27,10.039999961853027
2015-07-28,10.239999771118164
2015-07-29,10.239999771118164
2015-07-30,10.350000381469727
2015-07-31,10.130000114440918
2015-08-03,10.119999885559082
2015-08-04,10.020000457763672
2015-08-05,9.949999809265137
2015-08-06,9.680000305175781
2015-08-07,9.760000228881836
2015-08-10,9.979999542236328
2015-08-11,9.630000114440918
2015-08-12,9.479999542236328
2015-08-13,9.479999542236328
2015-08-14,9.569999694824219
2015-08-17,9.569999694824219
2015-08-18,9.470000267028809
2015-08-19,9.260000228881836
2015-08-20,9.029999732971191
2015-08-21,8.869999885559082
2015-08-24,8.510000228881836
2015-08-25,8.390000343322754
2015-08-26,8.5600004196167
2015-08-27,8.699999809265137
2015-08-28,8.880000114440918
2015-08-31,8.880000114440918
2015-09-01,8.539999961853027
2015-09-02,8.569999694824219
2015-09-03,8.489999771118164
2015-09-04,8.59000015258789
2015-09-08,8.800000190734863
2015-09-09,8.729999542236328
2015-09-10,8.619999885559082
2015-09-11,8.390000343322754
2015-09-14,8.300000190734863
2015-09-15,8.270000457763672
2015-09-16,8.59000015258789
2015-09-17,8.65999984741211
2015-09-18,8.5
2015-09-21,8.529999732971191
2015-09-22,8.15999984741211
2015-09-23,7.849999904632568
2015-09-24,8.050000190734863
2015-09-25,7.889999866485596
2015-09-28,7.900000095367432
2015-09-29,7.849999904632568
2015-09-30,7.869999885559082
2015-10-01,8.029999732971191
2015-10-02,8.079999923706055
2015-10-05,8.579999923706055
2015-10-06,8.619999885559082
2015-10-07,8.770000457763672
2015-10-08,8.850000381469727
2015-10-09,8.899999618530273
2015-10-12,8.75
2015-10-13,8.550000190734863
2015-10-14,8.420000076293945
2015-10-15,8.5
2015-10-16,8.300000190734863
2015-10-19,8.170000076293945
2015-10-20,8.239999771118164
2015-10-21,8.1899995803833
2015-10-22,8.239999771118164
2015-10-23,8.319999694824219
2015-10-26,8.25
2015-10-27,8.0
2015-10-28,8.229999542236328
2015-10-29,7.909999847412109
2015-10-30,8.369999885559082
2015-11-02,8.90999984741211
2015-11-03,8.869999885559082
2015-11-04,8.630000114440918
2015-11-05,8.6899995803833
2015-11-06,8.800000190734863
2015-11-09,8.789999961853027
2015-11-10,8.9399995803833
2015-11-11,8.859999656677246
2015-11-12,8.619999885559082
2015-11-13,8.40999984741211
2015-11-16,8.5
2015-11-17,8.420000076293945
2015-11-18,8.59000015258789
2015-11-19,8.760000228881836
2015-11-20,8.720000267028809
2015-11-23,8.739999771118164
2015-11-24,8.920000076293945
2015-11-25,9.350000381469727
2015-11-27,9.220000267028809
2015-11-30,9.390000343322754
2015-12-01,9.619999885559082
2015-12-02,9.510000228881836
2015-12-03,9.199999809265137
2015-12-04,9.329999923706055
2015-12-07,9.199999809265137
2015-12-08,9.020000457763672
2015-12-09,8.930000305175781
2015-12-10,8.930000305175781
2015-12-11,8.8100004196167
2015-12-14,8.800000190734863
2015-12-15,8.930000305175781
2015-12-16,9.079999923706055
2015-12-17,8.949999809265137
2015-12-18,9.020000457763672
2015-12-21,8.930000305175781
2015-12-22,8.890000343322754
2015-12-23,9.109999656677246
2015-12-24,9.319999694824219
2015-12-28,9.15999984741211
2015-12-29,9.289999961853027
2015-12-30,9.180000305175781
2015-12-31,9.050000190734863
2016-01-04,8.350000381469727
2016-01-05,8.010000228881836
2016-01-06,7.590000152587891
2016-01-07,7.300000190734863
2016-01-08,6.900000095367432
2016-01-11,7.099999904632568
2016-01-12,7.130000114440918
2016-01-13,6.690000057220459
2016-01-14,6.550000190734863
2016-01-15,6.409999847412109
2016-01-19,6.389999866485596
2016-01-20,6.519999980926514
2016-01-21,6.519999980926514
2016-01-22,6.519999980926514
2016-01-25,6.090000152587891
2016-01-26,6.28000020980835
2016-01-27,6.170000076293945
2016-01-28,6.179999828338623
2016-01-29,6.420000076293945
2016-02-01,6.309999942779541
2016-02-02,6.010000228881836
2016-02-03,7.340000152587891
2016-02-04,8.300000190734863
2016-02-05,7.960000038146973
2016-02-08,8.239999771118164
2016-02-09,8.0600004196167
2016-02-10,8.069999694824219
2016-02-11,7.96999979019165
2016-02-12,8.180000305175781
2016-02-16,8.760000228881836
2016-02-17,8.680000305175781
2016-02-18,8.680000305175781
2016-02-19,8.890000343322754
2016-02-22,9.119999885559082
2016-02-23,8.989999771118164
2016-02-24,9.220000267028809
2016-02-25,9.1899995803833
2016-02-26,9.319999694824219
2016-02-29,9.479999542236328
2016-03-01,9.75
2016-03-02,9.800000190734863
2016-03-03,9.859999656677246
2016-03-04,9.84000015258789
2016-03-07,9.890000343322754
2016-03-08,9.5600004196167
2016-03-09,9.699999809265137
2016-03-10,9.510000228881836
2016-03-11,10.0
2016-03-14,9.770000457763672
2016-03-15,9.720000267028809
2016-03-16,9.770000457763672
2016-03-17,9.970000267028809
2016-03-18,10.029999732971191
2016-03-21,10.210000038146973
2016-03-22,10.119999885559082
2016-03-23,9.6899995803833
2016-03-24,10.489999771118164
2016-03-28,10.609999656677246
2016-03-29,11.229999542236328
2016-03-30,11.100000381469727
2016-03-31,11.010000228881836
2016-04-01,10.989999771118164
2016-04-04,10.59000015258789
2016-04-05,10.59000015258789
2016-04-06,10.649999618530273
2016-04-07,10.369999885559082
2016-04-08,10.270000457763672
2016-04-11,10.449999809265137
2016-04-12,10.390000343322754
2016-04-13,10.739999771118164
2016-04-14,10.640000343322754
2016-04-15,10.489999771118164
2016-04-18,10.649999618530273
2016-04-19,10.579999923706055
2016-04-20,10.59000015258789
2016-04-21,10.600000381469727
2016-04-22,10.569999694824219
2016-04-25,10.600000381469727
2016-04-26,10.930000305175781
2016-04-27,10.930000305175781
2016-04-28,10.84000015258789
2016-04-29,10.8100004196167
2016-05-02,10.90999984741211
2016-05-03,10.460000038146973
2016-05-04,10.4399995803833
2016-05-05,10.079999923706055
2016-05-06,10.350000381469727
2016-05-09,10.300000190734863
2016-05-10,10.5
2016-05-11,10.279999732971191
2016-05-12,10.170000076293945
2016-05-13,10.380000114440918
2016-05-16,10.859999656677246
2016-05-17,10.890000343322754
2016-05-18,10.819999694824219
2016-05-19,10.510000228881836
2016-05-20,10.619999885559082
2016-05-23,10.869999885559082
2016-05-24,11.109999656677246
2016-05-25,11.260000228881836
2016-05-26,10.819999694824219
2016-05-27,10.350000381469727
2016-05-31,10.0
2016-06-01,10.25
2016-06-02,10.40999984741211
2016-06-03,10.0600004196167
2016-06-06,10.239999771118164
2016-06-07,10.180000305175781
2016-06-08,10.4399995803833
2016-06-09,10.25
2016-06-10,9.979999542236328
2016-06-13,9.710000038146973
2016-06-14,9.539999961853027
2016-06-15,9.640000343322754
2016-06-16,9.640000343322754
2016-06-17,9.829999923706055
2016-06-20,10.09000015258789
2016-06-21,9.8100004196167
2016-06-22,9.729999542236328
2016-06-23,10.15999984741211
2016-06-24,9.0600004196167
2016-06-27,8.630000114440918
2016-06-28,8.5
2016-06-29,8.8100004196167
2016-06-30,8.800000190734863
2016-07-01,8.890000343322754
2016-07-05,8.699999809265137
2016-07-06,8.949999809265137
2016-07-07,8.8100004196167
2016-07-08,9.180000305175781
2016-07-11,9.3100004196167
2016-07-12,9.609999656677246
2016-07-13,9.65999984741211
2016-07-14,9.760000228881836
2016-07-15,9.609999656677246
2016-07-18,9.680000305175781
2016-07-19,9.420000076293945
2016-07-20,9.539999961853027
2016-07-21,9.380000114440918
2016-07-22,9.40999984741211
2016-07-25,9.369999885559082
2016-07-26,9.729999542236328
2016-07-27,9.710000038146973
2016-07-28,9.569999694824219
2016-07-29,9.600000381469727
2016-08-01,9.6899995803833
2016-08-02,9.579999923706055
2016-08-03,9.619999885559082
2016-08-04,9.640000343322754
2016-08-05,9.949999809265137
2016-08-08,10.449999809265137
2016-08-09,10.300000190734863
2016-08-10,10.210000038146973
2016-08-11,10.229999542236328
2016-08-12,10.119999885559082
2016-08-15,10.369999885559082
2016-08-16,10.270000457763672
2016-08-17,10.239999771118164
2016-08-18,10.260000228881836
2016-08-19,10.399999618530273
2016-08-22,10.300000190734863
2016-08-23,10.319999694824219
2016-08-24,10.34000015258789
2016-08-25,10.800000190734863
2016-08-26,10.640000343322754
2016-08-29,10.84000015258789
2016-08-30,10.789999961853027
2016-08-31,10.710000038146973
2016-09-01,11.100000381469727
2016-09-02,11.229999542236328
2016-09-06,11.420000076293945
2016-09-07,11.899999618530273
2016-09-08,11.869999885559082
2016-09-09,11.539999961853027
2016-09-12,11.600000381469727
2016-09-13,11.279999732971191
2016-09-14,11.270000457763672
2016-09-15,11.510000228881836
2016-09-16,11.609999656677246
2016-09-19,11.359999656677246
2016-09-20,11.369999885559082
2016-09-21,11.329999923706055
2016-09-22,11.699999809265137
2016-09-23,11.619999885559082
2016-09-26,11.4399995803833
2016-09-27,11.390000343322754
2016-09-28,11.649999618530273
2016-09-29,11.479999542236328
2016-09-30,11.859999656677246
2016-10-03,11.949999809265137
2016-10-04,11.979999542236328
2016-10-05,12.020000457763672
2016-10-06,11.9399995803833
2016-10-07,11.770000457763672
2016-10-10,11.75
2016-10-11,11.600000381469727
2016-10-12,11.699999809265137
2016-10-13,10.949999809265137
2016-10-14,10.899999618530273
2016-10-17,10.949999809265137
2016-10-18,10.649999618530273
2016-10-19,11.100000381469727
2016-10-20,11.399999618530273
2016-10-21,11.25
2016-10-24,11.399999618530273
2016-10-25,11.0
2016-10-26,11.149999618530273
2016-10-27,10.75
2016-10-28,10.850000381469727
2016-10-31,10.949999809265137
2016-11-01,10.5
2016-11-02,9.600000381469727
2016-11-03,9.550000190734863
2016-11-04,9.300000190734863
2016-11-07,9.600000381469727
2016-11-08,9.600000381469727
2016-11-09,9.949999809265137
2016-11-10,10.449999809265137
2016-11-11,11.350000381469727
2016-11-14,11.649999618530273
2016-11-15,12.149999618530273
2016-11-16,12.350000381469727
2016-11-17,12.199999809265137
2016-11-18,11.850000381469727
2016-11-21,12.25
2016-11-22,12.449999809265137
2016-11-23,12.600000381469727
2016-11-25,12.300000190734863
2016-11-28,12.050000190734863
2016-11-29,12.300000190734863
2016-11-30,11.75
2016-12-01,13.25
2016-12-02,13.75
2016-12-05,14.399999618530273
2016-12-06,14.899999618530273
2016-12-07,14.850000381469727
2016-12-08,14.899999618530273
2016-12-09,16.299999237060547
2016-12-12,16.0
2016-12-13,15.800000190734863
2016-12-14,14.850000381469727
2016-12-15,15.100000381469727
2016-12-16,15.199999809265137
2016-12-19,15.199999809265137
2016-12-20,15.600000381469727
2016-12-21,15.300000190734863
2016-12-22,15.0
2016-12-23,15.199999809265137
2016-12-27,15.300000190734863
2016-12-28,15.300000190734863
2016-12-29,15.149999618530273
2016-12-30,14.899999618530273
2017-01-03,15.199999809265137
2017-01-04,15.550000190734863
2017-01-05,14.800000190734863
2017-01-06,14.75
2017-01-09,13.949999809265137
2017-01-10,14.149999618530273
2017-01-11,14.149999618530273
2017-01-12,13.600000381469727
2017-01-13,13.649999618530273
2017-01-17,13.699999809265137
2017-01-18,13.800000190734863
2017-01-19,13.699999809265137
2017-01-20,13.649999618530273
2017-01-23,13.449999809265137
2017-01-24,13.600000381469727
2017-01-25,13.5
2017-01-26,13.449999809265137
2017-01-27,13.600000381469727
2017-01-30,13.5
2017-01-31,13.600000381469727
2017-02-01,13.5
2017-02-02,13.350000381469727
2017-02-03,13.449999809265137
2017-02-06,13.449999809265137
2017-02-07,12.100000381469727
2017-02-08,11.699999809265137
2017-02-09,11.399999618530273
2017-02-10,11.699999809265137
2017-02-13,11.600000381469727
2017-02-14,11.149999618530273
2017-02-15,11.149999618530273
2017-02-16,11.199999809265137
2017-02-17,11.449999809265137
2017-02-21,11.5
2017-02-22,11.300000190734863
2017-02-23,11.449999809265137
2017-02-24,11.699999809265137
2017-02-27,12.0
2017-02-28,11.350000381469727
2017-03-01,11.899999618530273
2017-03-02,12.050000190734863
2017-03-03,12.25
2017-03-06,12.149999618530273
2017-03-07,11.649999618530273
2017-03-08,11.5
2017-03-09,11.25
2017-03-10,11.350000381469727
2017-03-13,11.25
2017-03-14,11.300000190734863
2017-03-15,11.550000190734863
2017-03-16,11.899999618530273
2017-03-17,11.600000381469727
2017-03-20,11.449999809265137
2017-03-21,11.100000381469727
2017-03-22,11.199999809265137
2017-03-23,11.199999809265137
2017-03-24,11.0
2017-03-27,11.300000190734863
2017-03-28,11.399999618530273
2017-03-29,11.25
2017-03-30,11.449999809265137
2017-03-31,12.199999809265137
2017-04-03,11.75
2017-04-04,11.350000381469727
2017-04-05,10.850000381469727
2017-04-06,10.850000381469727
2017-04-07,10.75
2017-04-10,10.75
2017-04-11,10.899999618530273
2017-04-12,10.550000190734863
2017-04-13,10.300000190734863
2017-04-17,10.399999618530273
2017-04-18,10.600000381469727
2017-04-19,10.699999809265137
2017-04-20,11.0
2017-04-21,10.949999809265137
2017-04-24,11.300000190734863
2017-04-25,11.550000190734863
2017-04-26,11.800000190734863
2017-04-27,11.75
2017-04-28,12.100000381469727
2017-05-01,12.25
2017-05-02,12.199999809265137
2017-05-03,12.149999618530273
2017-05-04,12.149999618530273
2017-05-05,12.25
2017-05-08,12.25
2017-05-09,12.399999618530273
2017-05-10,12.5
2017-05-11,12.850000381469727
2017-05-12,12.5
2017-05-15,12.699999809265137
2017-05-16,12.75
2017-05-17,12.5
2017-05-18,12.399999618530273
2017-05-19,12.399999618530273
2017-05-22,12.550000190734863
2017-05-23,12.699999809265137
2017-05-24,12.699999809265137
2017-05-25,15.350000381469727
2017-05-26,15.199999809265137
2017-05-30,15.050000190734863
2017-05-31,15.199999809265137
2017-06-01,15.899999618530273
2017-06-02,15.850000381469727
2017-06-05,16.600000381469727
2017-06-06,16.950000762939453
2017-06-07,16.649999618530273
2017-06-08,17.100000381469727
2017-06-09,16.700000762939453
2017-06-12,16.649999618530273
2017-06-13,16.899999618530273
2017-06-14,16.75
2017-06-15,16.899999618530273
2017-06-16,16.649999618530273
2017-06-19,16.799999237060547
2017-06-20,16.399999618530273
2017-06-21,16.25
2017-06-22,16.200000762939453
2017-06-23,16.200000762939453
2017-06-26,16.350000381469727
2017-06-27,16.049999237060547
2017-06-28,16.549999237060547
2017-06-29,16.5
2017-06-30,16.549999237060547
2017-07-03,16.850000381469727
2017-07-05,16.75
2017-07-06,16.25
2017-07-07,16.600000381469727
2017-07-10,16.549999237060547
2017-07-11,16.5
2017-07-12,16.799999237060547
2017-07-13,16.700000762939453
2017-07-14,16.700000762939453
2017-07-17,16.850000381469727
2017-07-18,16.799999237060547
2017-07-19,16.850000381469727
2017-07-20,16.950000762939453
2017-07-21,16.5
2017-07-24,16.149999618530273
2017-07-25,16.600000381469727
2017-07-26,16.649999618530273
2017-07-27,16.149999618530273
2017-07-28,16.399999618530273
2017-07-31,16.25
2017-08-01,16.200000762939453
2017-08-02,16.75
2017-08-03,16.75
2017-08-04,17.200000762939453
2017-08-07,16.950000762939453
2017-08-08,16.799999237060547
2017-08-09,16.799999237060547
2017-08-10,15.800000190734863
2017-08-11,15.600000381469727
2017-08-14,16.0
2017-08-15,15.949999809265137
2017-08-16,15.899999618530273
2017-08-17,15.600000381469727
2017-08-18,15.550000190734863
2017-08-21,15.550000190734863
2017-08-22,15.649999618530273
2017-08-23,15.449999809265137
2017-08-24,15.949999809265137
2017-08-25,16.100000381469727
2017-08-28,15.949999809265137
2017-08-29,15.949999809265137
2017-08-30,16.100000381469727
2017-08-31,16.149999618530273
2017-09-01,16.75
2017-09-05,16.200000762939453
2017-09-06,16.549999237060547
2017-09-07,16.549999237060547
2017-09-08,16.549999237060547
2017-09-11,16.799999237060547
2017-09-12,16.950000762939453
2017-09-13,17.25
2017-09-14,17.25
2017-09-15,17.700000762939453
2017-09-18,17.649999618530273
2017-09-19,17.799999237060547
2017-09-20,17.799999237060547
2017-09-21,17.899999618530273
2017-09-22,18.200000762939453
2017-09-25,18.899999618530273
2017-09-26,19.149999618530273
2017-09-27,19.100000381469727
2017-09-28,19.350000381469727
2017-09-29,19.25
2017-10-02,19.850000381469727
2017-10-03,19.700000762939453
2017-10-04,19.950000762939453
2017-10-05,20.0
2017-10-06,19.950000762939453
2017-10-09,20.5
2017-10-10,20.799999237060547
2017-10-11,20.950000762939453
2017-10-12,20.899999618530273
2017-10-13,20.700000762939453
2017-10-16,20.649999618530273
2017-10-17,20.299999237060547
2017-10-18,20.799999237060547
2017-10-19,20.75
2017-10-20,21.149999618530273
2017-10-23,20.899999618530273
2017-10-24,21.299999237060547
2017-10-25,21.100000381469727
2017-10-26,21.5
2017-10-27,21.149999618530273
2017-10-30,20.649999618530273
2017-10-31,21.049999237060547
2017-11-01,22.799999237060547
2017-11-02,23.450000762939453
2017-11-03,23.5
2017-11-06,23.100000381469727
2017-11-07,22.700000762939453
2017-11-08,22.450000762939453
2017-11-09,22.600000381469727
2017-11-10,22.549999237060547
2017-11-13,22.200000762939453
2017-11-14,22.25
2017-11-15,21.600000381469727
2017-11-16,21.950000762939453
2017-11-17,22.200000762939453
2017-11-20,22.950000762939453
2017-11-21,23.299999237060547
2017-11-22,22.850000381469727
2017-11-24,23.0
2017-11-27,22.950000762939453
2017-11-28,23.649999618530273
2017-11-29,23.25
2017-11-30,22.899999618530273
2017-12-01,22.600000381469727
2017-12-04,21.799999237060547
2017-12-05,21.549999237060547
2017-12-06,21.100000381469727
2017-12-07,21.200000762939453
2017-12-08,21.149999618530273
2017-12-11,20.950000762939453
2017-12-12,20.899999618530273
2017-12-13,20.200000762939453
2017-12-14,20.100000381469727
2017-12-15,20.649999618530273
2017-12-18,21.299999237060547
2017-12-19,21.200000762939453
2017-12-20,21.450000762939453
2017-12-21,21.25
2017-12-22,20.850000381469727
2017-12-26,20.549999237060547
2017-12-27,20.950000762939453
2017-12-28,20.799999237060547
2017-12-29,20.200000762939453
2018-01-02,20.399999618530273
2018-01-03,21.149999618530273
2018-01-04,21.149999618530273
2018-01-05,21.5
2018-01-08,21.5
2018-01-09,21.25
2018-01-10,21.100000381469727
2018-01-11,21.75
2018-01-12,21.799999237060547
2018-01-16,21.450000762939453
2018-01-17,22.399999618530273
2018-01-18,22.200000762939453
2018-01-19,23.100000381469727
2018-01-22,22.549999237060547
2018-01-23,22.399999618530273
2018-01-24,22.549999237060547
2018-01-25,22.399999618530273
2018-01-26,22.75
2018-01-29,23.25
2018-01-30,22.850000381469727
2018-01-31,23.350000381469727
2018-02-01,24.299999237060547
2018-02-02,24.350000381469727
2018-02-05,23.549999237060547
2018-02-06,23.549999237060547
2018-02-07,23.649999618530273
2018-02-08,22.950000762939453
2018-02-09,23.0
2018-02-12,23.149999618530273
2018-02-13,22.899999618530273
2018-02-14,23.25
2018-02-15,23.649999618530273
2018-02-16,24.0
2018-02-20,23.600000381469727
2018-02-21,23.899999618530273
2018-02-22,24.649999618530273
2018-02-23,24.700000762939453
2018-02-26,25.100000381469727
2018-02-27,23.850000381469727
2018-02-28,23.0
2018-03-01,22.299999237060547
2018-03-02,22.200000762939453
2018-03-05,22.450000762939453
2018-03-06,22.549999237060547
2018-03-07,22.799999237060547
2018-03-08,22.899999618530273
2018-03-09,23.299999237060547
2018-03-12,22.899999618530273
2018-03-13,23.350000381469727
2018-03-14,23.049999237060547
2018-03-15,23.100000381469727
2018-03-16,23.049999237060547
2018-03-19,23.100000381469727
2018-03-20,23.149999618530273
2018-03-21,23.600000381469727
2018-03-22,22.600000381469727
2018-03-23,21.850000381469727
2018-03-26,22.700000762939453
2018-03-27,21.25
2018-03-28,20.700000762939453
2018-03-29,21.149999618530273
2018-04-02,20.200000762939453
2018-04-03,20.299999237060547
2018-04-04,20.450000762939453
2018-04-05,21.200000762939453
2018-04-06,20.850000381469727
2018-04-09,20.299999237060547
2018-04-10,20.399999618530273
2018-04-11,20.399999618530273
2018-04-12,20.350000381469727
2018-04-13,20.100000381469727
2018-04-16,20.950000762939453
2018-04-17,20.75
2018-04-18,20.850000381469727
2018-04-19,20.350000381469727
2018-04-20,20.25
2018-04-23,19.799999237060547
2018-04-24,18.399999618530273
2018-04-25,18.100000381469727
2018-04-26,17.950000762939453
2018-04-27,17.399999618530273
2018-04-30,17.200000762939453
2018-05-01,17.049999237060547
2018-05-02,17.100000381469727
2018-05-03,17.049999237060547
2018-05-04,17.350000381469727
2018-05-07,17.299999237060547
2018-05-08,16.950000762939453
2018-05-09,17.100000381469727
2018-05-10,17.450000762939453
2018-05-11,17.600000381469727
2018-05-14,17.850000381469727
2018-05-15,17.850000381469727
2018-05-16,18.149999618530273
2018-05-17,18.299999237060547
2018-05-18,18.450000762939453
2018-05-21,18.5
2018-05-22,18.200000762939453
2018-05-23,18.450000762939453
2018-05-24,19.100000381469727
2018-05-25,17.799999237060547
2018-05-29,17.700000762939453
2018-05-30,17.899999618530273
2018-05-31,18.0
2018-06-01,18.149999618530273
2018-06-04,18.350000381469727
2018-06-05,18.799999237060547
2018-06-06,19.100000381469727
2018-06-07,19.149999618530273
2018-06-08,19.0
2018-06-11,19.200000762939453
2018-06-12,18.899999618530273
2018-06-13,18.700000762939453
2018-06-14,18.850000381469727
2018-06-15,18.799999237060547
2018-06-18,19.200000762939453
2018-06-19,19.049999237060547
2018-06-20,18.850000381469727
2018-06-21,18.799999237060547
2018-06-22,18.799999237060547
2018-06-25,18.399999618530273
2018-06-26,18.600000381469727
2018-06-27,18.350000381469727
2018-06-28,18.149999618530273
2018-06-29,18.25
2018-07-02,17.950000762939453
2018-07-03,17.799999237060547
2018-07-05,18.200000762939453
2018-07-06,17.950000762939453
2018-07-09,18.100000381469727
2018-07-10,17.950000762939453
2018-07-11,17.700000762939453
2018-07-12,17.350000381469727
2018-07-13,17.75
2018-07-16,17.75
2018-07-17,18.100000381469727
2018-07-18,17.950000762939453
2018-07-19,17.600000381469727
2018-07-20,17.600000381469727
2018-07-23,17.200000762939453
2018-07-24,17.25
2018-07-25,16.950000762939453
2018-07-26,17.100000381469727
2018-07-27,17.100000381469727
2018-07-30,17.200000762939453
2018-07-31,17.450000762939453
2018-08-01,17.399999618530273
2018-08-02,17.5
2018-08-03,17.950000762939453
2018-08-06,17.700000762939453
2018-08-07,17.649999618530273
2018-08-08,17.850000381469727
2018-08-09,17.950000762939453
2018-08-10,17.350000381469727
2018-08-13,17.200000762939453
2018-08-14,17.600000381469727
2018-08-15,17.549999237060547
2018-08-16,17.299999237060547
2018-08-17,17.299999237060547
2018-08-20,17.25
2018-08-21,17.549999237060547
2018-08-22,17.549999237060547
2018-08-23,17.450000762939453
2018-08-24,17.799999237060547
2018-08-27,18.25
2018-08-28,17.899999618530273
2018-08-29,17.799999237060547
2018-08-30,17.25
2018-08-31,16.850000381469727
2018-09-04,16.0
2018-09-05,16.25
2018-09-06,16.25
2018-09-07,16.350000381469727
2018-09-10,16.350000381469727
2018-09-11,16.200000762939453
2018-09-12,15.75
2018-09-13,15.300000190734863
2018-09-14,15.300000190734863
2018-09-17,15.449999809265137
2018-09-18,15.0
2018-09-19,15.350000381469727
2018-09-20,15.5
2018-09-21,15.949999809265137
2018-09-24,15.899999618530273
2018-09-25,15.25
2018-09-26,15.449999809265137
2018-09-27,15.25
2018-09-28,14.899999618530273
2018-10-01,14.84000015258789
2018-10-02,15.069999694824219
2018-10-03,15.289999961853027
2018-10-04,15.020000457763672
2018-10-05,14.729999542236328
2018-10-08,14.850000381469727
2018-10-09,13.949999809265137
2018-10-10,13.390000343322754
2018-10-11,13.220000267028809
2018-10-12,12.979999542236328
2018-10-15,12.869999885559082
2018-10-16,13.0600004196167
2018-10-17,12.859999656677246
2018-10-18,12.65999984741211
2018-10-19,12.4399995803833
2018-10-22,12.350000381469727
2018-10-23,12.479999542236328
2018-10-24,11.8100004196167
2018-10-25,11.970000267028809
2018-10-26,12.0
2018-10-29,11.699999809265137
2018-10-30,11.720000267028809
2018-10-31,13.010000228881836
2018-11-01,13.979999542236328
2018-11-02,13.75
2018-11-05,13.880000114440918
2018-11-06,13.529999732971191
2018-11-07,13.630000114440918
2018-11-08,13.949999809265137
2018-11-09,13.329999923706055
2018-11-12,13.479999542236328
2018-11-13,13.789999961853027
2018-11-14,13.710000038146973
2018-11-15,14.020000457763672
2018-11-16,13.569999694824219
2018-11-19,13.5
2018-11-20,12.819999694824219
2018-11-21,13.350000381469727
2018-11-23,13.479999542236328
2018-11-26,13.850000381469727
2018-11-27,13.569999694824219
2018-11-28,13.630000114440918
2018-11-29,13.210000038146973
2018-11-30,13.050000190734863
2018-12-03,13.029999732971191
2018-12-04,11.979999542236328
2018-12-06,12.020000457763672
2018-12-07,11.619999885559082
2018-12-10,11.819999694824219
2018-12-11,11.789999961853027
2018-12-12,11.829999923706055
2018-12-13,11.619999885559082
2018-12-14,11.34000015258789
2018-12-17,10.890000343322754
2018-12-18,10.800000190734863
2018-12-19,10.829999923706055
2018-12-20,10.819999694824219
2018-12-21,10.270000457763672
2018-12-24,10.180000305175781
2018-12-26,10.100000381469727
2018-12-27,10.34000015258789
2018-12-28,10.75
2018-12-31,10.8100004196167
2019-01-02,10.819999694824219
2019-01-03,10.470000267028809
2019-01-04,10.899999618530273
2019-01-07,11.609999656677246
2019-01-08,11.850000381469727
2019-01-09,12.350000381469727
2019-01-10,12.40999984741211
2019-01-11,12.369999885559082
2019-01-14,12.569999694824219
2019-01-15,12.640000343322754
2019-01-16,12.4399995803833
2019-01-17,13.069999694824219
2019-01-18,13.329999923706055
2019-01-22,12.869999885559082
2019-01-23,12.569999694824219
2019-01-24,12.880000114440918
2019-01-25,13.180000305175781
2019-01-28,13.34000015258789
2019-01-29,13.09000015258789
2019-01-30,14.279999732971191
2019-01-31,14.630000114440918
2019-02-01,15.569999694824219
2019-02-04,15.09000015258789
2019-02-05,15.229999542236328
2019-02-06,15.720000267028809
2019-02-07,15.279999732971191
2019-02-08,14.949999809265137
2019-02-11,14.819999694824219
2019-02-12,15.199999809265137
2019-02-13,15.329999923706055
2019-02-14,15.430000305175781
2019-02-15,15.619999885559082
2019-02-19,16.1200008392334
2019-02-20,15.930000305175781
2019-02-21,15.760000228881836
2019-02-22,15.859999656677246
2019-02-25,15.949999809265137
2019-02-26,15.670000076293945
2019-02-27,15.329999923706055
2019-02-28,15.029999732971191
2019-03-01,15.34000015258789
2019-03-04,15.140000343322754
2019-03-05,14.880000114440918
2019-03-06,14.640000343322754
2019-03-07,14.34000015258789
2019-03-08,14.15999984741211
2019-03-11,14.5
2019-03-12,14.329999923706055
2019-03-13,14.350000381469727
2019-03-14,14.020000457763672
2019-03-15,14.380000114440918
2019-03-18,14.3100004196167
2019-03-19,14.109999656677246
2019-03-20,13.930000305175781
2019-03-21,14.109999656677246
2019-03-22,13.319999694824219
2019-03-25,13.359999656677246
2019-03-26,13.520000457763672
2019-03-27,13.609999656677246
2019-03-28,13.829999923706055
2019-03-29,13.869999885559082
2019-04-01,14.319999694824219
2019-04-02,14.239999771118164
2019-04-03,14.229999542236328
2019-04-04,15.130000114440918
2019-04-05,15.119999885559082
2019-04-08,15.390000343322754
2019-04-09,15.329999923706055
2019-04-10,15.600000381469727
2019-04-11,15.649999618530273
2019-04-12,15.949999809265137
2019-04-15,15.899999618530273
2019-04-16,16.219999313354492
2019-04-17,16.549999237060547
2019-04-18,16.459999084472656
2019-04-22,15.989999771118164
2019-04-23,15.970000267028809
2019-04-24,15.899999618530273
2019-04-25,14.8100004196167
2019-04-26,14.979999542236328
2019-04-29,15.100000381469727
2019-04-30,14.789999961853027
2019-05-01,14.710000038146973
2019-05-02,14.770000457763672
2019-05-03,15.239999771118164
2019-05-06,15.15999984741211
2019-05-07,14.609999656677246
2019-05-08,14.550000190734863
2019-05-09,14.180000305175781
2019-05-10,13.319999694824219
2019-05-13,13.130000114440918
2019-05-14,13.470000267028809
2019-05-15,13.479999542236328
2019-05-16,13.390000343322754
2019-05-17,12.930000305175781
2019-05-20,13.050000190734863
2019-05-21,13.09000015258789
2019-05-22,12.930000305175781
2019-05-23,13.550000190734863
2019-05-24,14.140000343322754
2019-05-28,13.399999618530273
2019-05-29,13.260000228881836
2019-05-30,13.279999732971191
2019-05-31,12.850000381469727
2019-06-03,12.970000267028809
2019-06-04,13.600000381469727
2019-06-05,13.569999694824219
2019-06-06,13.850000381469727
2019-06-07,14.039999961853027
2019-06-10,14.3100004196167
2019-06-11,14.0
2019-06-12,13.819999694824219
2019-06-13,13.850000381469727
2019-06-14,13.460000038146973
2019-06-17,13.359999656677246
2019-06-18,13.550000190734863
2019-06-19,13.630000114440918
2019-06-20,13.760000228881836
2019-06-21,13.75
2019-06-24,13.739999771118164
2019-06-25,13.390000343322754
2019-06-26,13.84000015258789
2019-06-27,14.15999984741211
2019-06-28,14.3100004196167
2019-07-01,14.4399995803833
2019-07-02,14.329999923706055
2019-07-03,14.4399995803833
2019-07-05,14.460000038146973
2019-07-08,14.130000114440918
2019-07-09,13.880000114440918
2019-07-10,14.029999732971191
2019-07-11,13.869999885559082
2019-07-12,14.279999732971191
2019-07-15,14.149999618530273
2019-07-16,14.380000114440918
2019-07-17,14.279999732971191
2019-07-18,14.300000190734863
2019-07-19,14.34000015258789
2019-07-22,14.199999809265137
2019-07-23,14.399999618530273
2019-07-24,14.9399995803833
2019-07-25,14.5
2019-07-26,14.479999542236328
2019-07-29,14.350000381469727
2019-07-30,13.960000038146973
2019-07-31,13.720000267028809
2019-08-01,10.270000457763672
2019-08-02,11.069999694824219
2019-08-05,10.970000267028809
2019-08-06,10.899999618530273
2019-08-07,10.850000381469727
2019-08-08,10.84000015258789
2019-08-09,10.510000228881836
2019-08-12,10.630000114440918
2019-08-13,10.5600004196167
2019-08-14,10.180000305175781
2019-08-15,9.989999771118164
2019-08-16,10.100000381469727
2019-08-19,9.829999923706055
2019-08-20,9.9399995803833
2019-08-21,10.510000228881836
2019-08-22,10.140000343322754
2019-08-23,9.930000305175781
2019-08-26,10.050000190734863
2019-08-27,9.869999885559082
2019-08-28,9.989999771118164
2019-08-29,10.239999771118164
2019-08-30,10.210000038146973
2019-09-03,9.8100004196167
2019-09-04,9.869999885559082
2019-09-05,10.390000343322754
2019-09-06,10.390000343322754
2019-09-09,10.729999542236328
2019-09-10,11.130000114440918
2019-09-11,11.40999984741211
2019-09-12,11.510000228881836
2019-09-13,11.819999694824219
2019-09-16,11.65999984741211
2019-09-17,11.25
2019-09-18,10.989999771118164
2019-09-19,10.789999961853027
2019-09-20,10.489999771118164
2019-09-23,10.529999732971191
2019-09-24,10.8100004196167
2019-09-25,11.069999694824219
2019-09-26,11.010000228881836
2019-09-27,11.170000076293945
2019-09-30,11.369999885559082
2019-10-01,10.890000343322754
2019-10-02,10.520000457763672
2019-10-03,10.289999961853027
2019-10-04,10.329999923706055
2019-10-07,10.300000190734863
2019-10-08,9.979999542236328
2019-10-09,9.970000267028809
2019-10-10,9.989999771118164
2019-10-11,10.489999771118164
2019-10-14,10.529999732971191
2019-10-15,10.5
2019-10-16,10.630000114440918
2019-10-17,10.720000267028809
2019-10-18,10.8100004196167
2019-10-21,11.210000038146973
2019-10-22,11.210000038146973
2019-10-23,11.279999732971191
2019-10-24,11.359999656677246
2019-10-25,11.510000228881836
2019-10-28,11.8100004196167
2019-10-29,11.850000381469727
2019-10-30,11.619999885559082
2019-10-31,11.430000305175781
2019-11-01,11.59000015258789
2019-11-04,11.800000190734863
2019-11-05,11.8100004196167
2019-11-06,11.6899995803833
2019-11-07,11.850000381469727
2019-11-08,7.019999980926514
2019-11-11,7.449999809265137
2019-11-12,7.659999847412109
2019-11-13,7.369999885559082
2019-11-14,7.599999904632568
2019-11-15,7.539999961853027
2019-11-18,7.210000038146973
2019-11-19,6.960000038146973
2019-11-20,6.71999979019165
2019-11-21,6.849999904632568
2019-11-22,7.409999847412109
2019-11-25,7.519999980926514
2019-11-26,7.409999847412109
2019-11-27,7.429999828338623
2019-11-29,7.420000076293945
2019-12-02,7.46999979019165
2019-12-03,7.199999809265137
2019-12-04,7.059999942779541
2019-12-05,6.96999979019165
2019-12-06,7.099999904632568
2019-12-09,7.070000171661377
2019-12-10,7.090000152587891
2019-12-11,7.199999809265137
2019-12-12,7.579999923706055
2019-12-13,7.420000076293945
2019-12-16,7.440000057220459
2019-12-17,7.400000095367432
2019-12-18,7.880000114440918
2019-12-19,7.739999771118164
2019-12-20,7.659999847412109
2019-12-23,7.610000133514404
2019-12-24,7.730000019073486
2019-12-26,7.710000038146973
2019-12-27,7.570000171661377
2019-12-30,7.590000152587891
2019-12-31,7.699999809265137
2020-01-02,7.78000020980835
2020-01-03,7.599999904632568
2020-01-06,7.489999771118164
2020-01-07,7.449999809265137
2020-01-08,7.460000038146973
2020-01-09,7.400000095367432
2020-01-10,7.150000095367432
2020-01-13,7.409999847412109
2020-01-14,7.400000095367432
2020-01-15,7.420000076293945
2020-01-16,7.579999923706055
2020-01-17,7.650000095367432
2020-01-21,7.550000190734863
2020-01-22,7.460000038146973
2020-01-23,7.460000038146973
2020-01-24,7.449999809265137
2020-01-27,7.230000019073486
2020-01-28,7.400000095367432
2020-01-29,7.28000020980835
2020-01-30,7.25
2020-01-31,7.03000020980835
2020-02-03,7.349999904632568
2020-02-04,7.829999923706055
2020-02-05,9.100000381469727
2020-02-06,8.329999923706055
2020-02-07,8.069999694824219
2020-02-10,8.010000228881836
2020-02-11,8.399999618530273
2020-02-12,8.630000114440918
2020-02-13,8.699999809265137
2020-02-14,8.619999885559082
2020-02-18,8.420000076293945
2020-02-19,8.520000457763672
2020-02-20,8.65999984741211
2020-02-21,8.819999694824219
2020-02-24,8.460000038146973
2020-02-25,8.1899995803833
2020-02-26,7.920000076293945
2020-02-27,7.340000152587891
2020-02-28,7.460000038146973
2020-03-02,7.230000019073486
2020-03-03,6.920000076293945
2020-03-04,6.889999866485596
2020-03-05,6.320000171661377
2020-03-06,5.929999828338623
2020-03-09,5.110000133514404
2020-03-10,5.400000095367432
2020-03-11,4.809999942779541
2020-03-12,4.369999885559082
2020-03-13,5.099999904632568
2020-03-16,4.130000114440918
2020-03-17,3.5299999713897705
2020-03-18,3.200000047683716
2020-03-19,3.309999942779541
2020-03-20,3.1700000762939453
2020-03-23,3.2899999618530273
2020-03-24,3.1700000762939453
2020-03-25,3.5
2020-03-26,3.690000057220459
2020-03-27,3.4200000762939453
2020-03-30,3.2799999713897705
2020-03-31,3.25
2020-04-01,3.049999952316284
2020-04-02,3.1600000858306885
2020-04-03,2.9800000190734863
2020-04-06,3.2699999809265137
2020-04-07,3.309999942779541
2020-04-08,4.050000190734863
2020-04-09,4.610000133514404
2020-04-13,4.389999866485596
2020-04-14,4.199999809265137
2020-04-15,4.150000095367432
2020-04-16,3.740000009536743
2020-04-17,4.070000171661377
2020-04-20,3.930000066757202
2020-04-21,3.9800000190734863
2020-04-22,3.9800000190734863
2020-04-23,4.03000020980835
2020-04-24,4.03000020980835
2020-04-27,4.329999923706055
2020-04-28,4.369999885559082
2020-04-29,4.730000019073486
2020-04-30,4.630000114440918
2020-05-01,4.230000019073486
2020-05-04,4.130000114440918
2020-05-05,4.079999923706055
2020-05-06,4.010000228881836
2020-05-07,4.179999828338623
2020-05-08,4.199999809265137
2020-05-11,4.130000114440918
2020-05-12,3.990000009536743
2020-05-13,3.740000009536743
2020-05-14,3.5399999618530273
2020-05-15,3.5399999618530273
2020-05-18,3.690000057220459
2020-05-19,3.7899999618530273
2020-05-20,3.9200000762939453
2020-05-21,4.070000171661377
2020-05-22,4.420000076293945
2020-05-26,5.010000228881836
2020-05-27,5.440000057220459
2020-05-28,5.079999923706055
2020-05-29,5.349999904632568
2020-06-01,5.340000152587891
2020-06-02,5.46999979019165
2020-06-03,5.769999980926514
2020-06-04,6.019999980926514
2020-06-05,6.489999771118164
2020-06-08,6.940000057220459
2020-06-09,6.630000114440918
2020-06-10,5.78000020980835
2020-06-11,5.059999942779541
2020-06-12,5.349999904632568
2020-06-15,5.230000019073486
2020-06-16,5.46999979019165
2020-06-17,5.130000114440918
2020-06-18,5.269999980926514
2020-06-19,5.179999828338623
2020-06-22,5.329999923706055
2020-06-23,5.460000038146973
2020-06-24,4.96999979019165
2020-06-25,4.929999828338623
2020-06-26,4.949999809265137
2020-06-29,5.400000095367432
2020-06-30,5.519999980926514
2020-07-01,5.360000133514404
2020-07-02,5.489999771118164
2020-07-06,5.349999904632568
2020-07-07,5.159999847412109
2020-07-08,4.909999847412109
2020-07-09,4.78000020980835
2020-07-10,4.989999771118164
2020-07-13,4.949999809265137
2020-07-14,5.019999980926514
2020-07-15,5.300000190734863
2020-07-16,5.210000038146973
2020-07-17,5.230000019073486
2020-07-20,5.070000171661377
2020-07-21,5.119999885559082
2020-07-22,5.099999904632568
2020-07-23,5.210000038146973
2020-07-24,5.150000095367432
2020-07-27,5.150000095367432
2020-07-28,5.090000152587891
2020-07-29,5.5
2020-07-30,5.360000133514404
2020-07-31,5.440000057220459
2020-08-03,5.659999847412109
2020-08-04,5.710000038146973
2020-08-05,6.769999980926514
2020-08-06,6.610000133514404
2020-08-07,6.829999923706055
2020-08-10,6.909999847412109
2020-08-11,7.059999942779541
2020-08-12,7.0
2020-08-13,6.869999885559082
2020-08-14,6.909999847412109
2020-08-17,6.909999847412109
2020-08-18,6.78000020980835
2020-08-19,6.809999942779541
2020-08-20,6.860000133514404
2020-08-21,6.659999847412109
2020-08-24,6.940000057220459
2020-08-25,6.940000057220459
2020-08-26,6.900000095367432
2020-08-27,6.849999904632568
2020-08-28,6.909999847412109
2020-08-31,6.769999980926514
2020-09-01,6.769999980926514
2020-09-02,6.699999809265137
2020-09-03,6.71999979019165
2020-09-04,6.699999809265137
2020-09-08,6.440000057220459
2020-09-09,6.210000038146973
2020-09-10,6.090000152587891
2020-09-11,6.150000095367432
2020-09-14,6.260000228881836
2020-09-15,6.349999904632568
2020-09-16,6.239999771118164
2020-09-17,6.309999942779541
2020-09-18,6.320000171661377
2020-09-21,6.010000228881836
2020-09-22,6.010000228881836
2020-09-23,5.78000020980835
2020-09-24,5.820000171661377
2020-09-25,5.960000038146973
2020-09-28,6.289999961853027
2020-09-29,6.420000076293945
2020-09-30,6.25
2020-10-01,6.360000133514404
2020-10-02,6.619999885559082
2020-10-05,7.0
2020-10-06,7.159999847412109
2020-10-07,7.579999923706055
2020-10-08,7.300000190734863
2020-10-09,7.159999847412109
2020-10-12,7.159999847412109
2020-10-13,7.079999923706055
2020-10-14,7.0
2020-10-15,7.179999828338623
2020-10-16,7.130000114440918
2020-10-19,7.210000038146973
2020-10-20,7.179999828338623
2020-10-21,7.119999885559082
2020-10-22,7.150000095367432
2020-10-23,7.170000076293945
2020-10-26,6.829999923706055
2020-10-27,6.460000038146973
2020-10-28,6.170000076293945
2020-10-29,6.460000038146973
2020-10-30,6.400000095367432
2020-11-02,6.940000057220459
2020-11-03,7.25
2020-11-04,6.820000171661377
2020-11-05,7.380000114440918
2020-11-06,9.619999885559082
2020-11-09,10.100000381469727
2020-11-10,10.350000381469727
2020-11-11,10.15999984741211
2020-11-12,10.0600004196167
2020-11-13,10.59000015258789
2020-11-16,11.600000381469727
2020-11-17,11.760000228881836
2020-11-18,11.149999618530273
2020-11-19,10.779999732971191
2020-11-20,10.84000015258789
2020-11-23,11.5
2020-11-24,11.670000076293945
2020-11-25,11.609999656677246
2020-11-27,11.180000305175781
2020-11-30,10.920000076293945
2020-12-01,11.1899995803833
2020-12-02,11.239999771118164
2020-12-03,11.09000015258789
2020-12-04,12.119999885559082
2020-12-07,11.729999542236328
2020-12-08,11.65999984741211
2020-12-09,12.109999656677246
2020-12-10,11.989999771118164
2020-12-11,12.0
2020-12-14,12.199999809265137
2020-12-15,12.710000038146973
2020-12-16,12.470000267028809
2020-12-17,12.40999984741211
2020-12-18,12.239999771118164
2020-12-21,12.109999656677246
2020-12-22,12.329999923706055
2020-12-23,12.149999618530273
2020-12-24,12.170000076293945
2020-12-28,12.289999961853027
2020-12-29,12.199999809265137
2020-12-30,12.479999542236328
2020-12-31,12.5600004196167
2021-01-04,12.170000076293945
2021-01-05,12.65999984741211
2021-01-06,13.470000267028809
2021-01-07,13.390000343322754
2021-01-08,13.460000038146973
2021-01-11,13.510000228881836
2021-01-12,13.920000076293945
2021-01-13,13.789999961853027
2021-01-14,13.9399995803833
2021-01-15,13.640000343322754
2021-01-19,13.630000114440918
2021-01-20,13.960000038146973
2021-01-21,14.279999732971191
2021-01-22,14.0600004196167
2021-01-25,13.550000190734863
2021-01-26,13.15999984741211
2021-01-27,12.65999984741211
2021-01-28,12.710000038146973
2021-01-29,12.550000190734863
2021-02-01,12.90999984741211
2021-02-02,13.130000114440918
2021-02-03,13.479999542236328
2021-02-04,13.710000038146973
2021-02-05,13.850000381469727
2021-02-08,14.800000190734863
2021-02-09,14.479999542236328
2021-02-10,14.0600004196167
2021-02-11,13.680000305175781
2021-02-12,13.65999984741211
2021-02-16,13.720000267028809
2021-02-17,13.8100004196167
2021-02-18,13.569999694824219
2021-02-19,14.619999885559082
2021-02-22,14.520000457763672
2021-02-23,14.520000457763672
2021-02-24,14.40999984741211
2021-02-25,13.850000381469727
2021-02-26,13.869999885559082
2021-03-01,14.460000038146973
2021-03-02,14.65999984741211
2021-03-03,15.25
2021-03-04,14.449999809265137
2021-03-05,15.029999732971191
2021-03-08,15.039999961853027
2021-03-09,14.720000267028809
2021-03-10,15.25
2021-03-11,15.449999809265137
2021-03-12,15.739999771118164
2021-03-15,15.789999961853027
2021-03-16,15.029999732971191
2021-03-17,15.390000343322754
2021-03-18,15.75
2021-03-19,15.979999542236328
2021-03-22,16.0
2021-03-23,15.460000038146973
2021-03-24,14.640000343322754
2021-03-25,15.069999694824219
2021-03-26,14.920000076293945
2021-03-29,14.5600004196167
2021-03-30,15.020000457763672
2021-03-31,14.770000457763672
2021-04-01,15.119999885559082
2021-04-05,15.15999984741211
2021-04-06,15.25
2021-04-07,14.739999771118164
2021-04-08,15.039999961853027
2021-04-09,15.229999542236328
2021-04-12,15.329999923706055
2021-04-13,15.1899995803833
2021-04-14,15.279999732971191
2021-04-15,15.529999732971191
2021-04-16,15.539999961853027
2021-04-19,15.720000267028809
2021-04-20,15.680000305175781
2021-04-21,16.100000381469727
2021-04-22,15.989999771118164
2021-04-23,16.709999084472656
2021-04-26,16.329999923706055
2021-04-27,16.770000457763672
2021-04-28,16.729999542236328
2021-04-29,16.139999389648438
2021-04-30,16.280000686645508
2021-05-03,16.770000457763672
2021-05-04,16.31999969482422
2021-05-05,16.139999389648438
2021-05-06,16.780000686645508
2021-05-07,17.010000228881836
2021-05-10,16.549999237060547
2021-05-11,16.270000457763672
2021-05-12,15.65999984741211
2021-05-13,15.960000038146973
2021-05-14,16.600000381469727
2021-05-17,16.959999084472656
2021-05-18,16.40999984741211
2021-05-19,16.469999313354492
2021-05-20,16.200000762939453
2021-05-21,16.719999313354492
2021-05-24,16.739999771118164
2021-05-25,16.219999313354492
2021-05-26,16.68000030517578
2021-05-27,16.360000610351562
2021-05-28,17.59000015258789
2021-06-01,18.1299991607666
2021-06-02,17.709999084472656
2021-06-03,17.860000610351562
2021-06-04,17.790000915527344
2021-06-07,17.729999542236328
2021-06-08,17.940000534057617
2021-06-09,17.3700008392334
2021-06-10,17.1299991607666
2021-06-11,17.219999313354492
2021-06-14,16.700000762939453
2021-06-15,16.829999923706055
2021-06-16,16.709999084472656
2021-06-17,16.31999969482422
2021-06-18,15.710000038146973
2021-06-21,16.18000030517578
2021-06-22,16.229999542236328
2021-06-23,16.219999313354492
2021-06-24,16.559999465942383
2021-06-25,16.3799991607666
2021-06-28,15.930000305175781
2021-06-29,16.030000686645508
2021-06-30,16.59000015258789
2021-07-01,16.6200008392334
2021-07-02,16.389999389648438
2021-07-06,16.360000610351562
2021-07-07,17.579999923706055
2021-07-08,16.729999542236328
2021-07-09,17.469999313354492
2021-07-12,17.479999542236328
2021-07-13,17.3700008392334
2021-07-14,16.530000686645508
2021-07-15,16.309999465942383
2021-07-16,15.579999923706055
2021-07-19,15.600000381469727
2021-07-20,16.299999237060547
2021-07-21,16.549999237060547
2021-07-22,15.930000305175781
2021-07-23,15.930000305175781
2021-07-26,16.049999237060547
2021-07-27,15.970000267028809
2021-07-28,16.209999084472656
2021-07-29,16.690000534057617
2021-07-30,16.729999542236328
2021-08-02,16.5
2021-08-03,16.860000610351562
2021-08-04,16.3799991607666
2021-08-05,13.960000038146973
2021-08-06,14.34000015258789
2021-08-09,14.25
2021-08-10,14.430000305175781
2021-08-11,14.579999923706055
2021-08-12,14.3100004196167
2021-08-13,14.279999732971191
2021-08-16,13.9399995803833
2021-08-17,13.420000076293945
2021-08-18,13.130000114440918
2021-08-19,12.779999732971191
2021-08-20,12.779999732971191
2021-08-23,12.979999542236328
2021-08-24,13.0
2021-08-25,12.619999885559082
2021-08-26,12.369999885559082
2021-08-27,12.770000457763672
2021-08-30,12.489999771118164
2021-08-31,12.4399995803833
2021-09-01,12.319999694824219
2021-09-02,12.3100004196167
2021-09-03,12.329999923706055
2021-09-07,11.9399995803833
2021-09-08,11.520000457763672
2021-09-09,11.59000015258789
2021-09-10,11.300000190734863
2021-09-13,11.479999542236328
2021-09-14,11.130000114440918
2021-09-15,11.399999618530273
2021-09-16,11.40999984741211
2021-09-17,11.239999771118164
2021-09-20,11.199999809265137
2021-09-21,10.949999809265137
2021-09-22,11.329999923706055
2021-09-23,11.479999542236328
2021-09-24,11.369999885559082
2021-09-27,11.800000190734863
2021-09-28,11.699999809265137
2021-09-29,11.579999923706055
2021-09-30,11.329999923706055
2021-10-01,11.9399995803833
2021-10-04,12.300000190734863
2021-10-05,12.199999809265137
2021-10-06,11.510000228881836
2021-10-07,11.670000076293945
2021-10-08,11.670000076293945
2021-10-11,11.989999771118164
2021-10-12,12.079999923706055
2021-10-13,11.960000038146973
2021-10-14,12.25
2021-10-15,12.100000381469727
2021-10-18,11.970000267028809
2021-10-19,11.9399995803833
2021-10-20,11.960000038146973
2021-10-21,11.890000343322754
2021-10-22,11.65999984741211
2021-10-25,11.789999961853027
2021-10-26,10.720000267028809
2021-10-27,10.65999984741211
2021-10-28,10.90999984741211
2021-10-29,11.0
2021-11-01,11.25
2021-11-02,11.100000381469727
2021-11-03,11.170000076293945
2021-11-04,11.039999961853027
2021-11-05,11.229999542236328
2021-11-08,11.319999694824219
2021-11-09,11.630000114440918
2021-11-10,11.5600004196167
2021-11-11,11.59000015258789
2021-11-12,11.369999885559082
2021-11-15,11.470000267028809
2021-11-16,11.600000381469727
2021-11-17,11.720000267028809
2021-11-18,11.869999885559082
2021-11-19,11.859999656677246
2021-11-22,11.989999771118164
2021-11-23,11.970000267028809
2021-11-24,11.75
2021-11-26,11.15999984741211
2021-11-29,10.800000190734863
2021-11-30,10.359999656677246
2021-12-01,10.329999923706055
2021-12-02,10.710000038146973
2021-12-03,10.680000305175781
2021-12-06,10.859999656677246
2021-12-07,10.989999771118164
2021-12-08,11.149999618530273
2021-12-09,10.869999885559082
2021-12-10,10.880000114440918
2021-12-13,10.510000228881836
2021-12-14,10.319999694824219
2021-12-15,10.3100004196167
2021-12-16,10.149999618530273
2021-12-17,9.989999771118164
2021-12-20,9.510000228881836
2021-12-21,9.760000228881836
2021-12-22,9.829999923706055
2021-12-23,9.960000038146973
2021-12-27,9.979999542236328
2021-12-28,9.960000038146973
2021-12-29,9.960000038146973
2021-12-30,9.9399995803833
2021-12-31,10.09000015258789
2022-01-03,10.449999809265137
2022-01-04,11.140000343322754
2022-01-05,10.890000343322754
2022-01-06,11.010000228881836
2022-01-07,10.579999923706055
2022-01-10,10.4399995803833
2022-01-11,10.479999542236328
2022-01-12,10.470000267028809
2022-01-13,10.779999732971191
2022-01-14,10.670000076293945
2022-01-18,10.579999923706055
2022-01-19,10.109999656677246
2022-01-20,9.699999809265137
2022-01-21,9.649999618530273
2022-01-24,9.75
2022-01-25,9.619999885559082
2022-01-26,9.289999961853027
2022-01-27,8.880000114440918
2022-01-28,8.9399995803833
2022-01-31,9.149999618530273
2022-02-01,9.40999984741211
2022-02-02,9.239999771118164
2022-02-03,10.75
2022-02-04,10.289999961853027
2022-02-07,10.180000305175781
2022-02-08,10.6899995803833
2022-02-09,10.949999809265137
2022-02-10,10.489999771118164
2022-02-11,9.970000267028809
2022-02-14,10.319999694824219
2022-02-15,10.710000038146973
2022-02-16,10.770000457763672
2022-02-17,10.739999771118164
2022-02-18,10.460000038146973
2022-02-22,10.0600004196167
2022-02-23,9.979999542236328
2022-02-24,10.020000457763672
2022-02-25,10.180000305175781
2022-02-28,10.100000381469727
2022-03-01,9.279999732971191
2022-03-02,9.84000015258789
2022-03-03,9.699999809265137
2022-03-04,9.380000114440918
2022-03-07,8.9399995803833
2022-03-08,8.760000228881836
2022-03-09,9.289999961853027
2022-03-10,9.079999923706055
2022-03-11,8.859999656677246
2022-03-14,8.720000267028809
2022-03-15,8.800000190734863
2022-03-16,9.550000190734863
2022-03-17,9.289999961853027
2022-03-18,9.359999656677246
2022-03-21,9.15999984741211
2022-03-22,9.359999656677246
2022-03-23,9.220000267028809
2022-03-24,9.199999809265137
2022-03-25,9.119999885559082
2022-03-28,9.210000038146973
2022-03-29,9.479999542236328
2022-03-30,9.199999809265137
2022-03-31,9.010000228881836
2022-04-01,8.930000305175781
2022-04-04,8.960000038146973
2022-04-05,8.609999656677246
2022-04-06,8.199999809265137
2022-04-07,8.069999694824219
2022-04-08,7.920000076293945
2022-04-11,7.900000095367432
2022-04-12,7.96999979019165
2022-04-13,7.96999979019165
2022-04-14,8.020000457763672
2022-04-18,8.199999809265137
2022-04-19,8.350000381469727
2022-04-20,8.430000305175781
2022-04-21,8.470000267028809
2022-04-22,8.270000457763672
2022-04-25,8.289999961853027
2022-04-26,7.840000152587891
2022-04-27,7.710000038146973
2022-04-28,8.0600004196167
2022-04-29,7.900000095367432
2022-05-02,8.170000076293945
2022-05-03,8.119999885559082
2022-05-04,8.449999809265137
2022-05-05,8.210000038146973
2022-05-06,8.119999885559082
2022-05-09,8.239999771118164
2022-05-10,8.050000190734863
2022-05-11,8.109999656677246
2022-05-12,8.25
2022-05-13,8.239999771118164
2022-05-16,8.239999771118164
2022-05-17,8.779999732971191
2022-05-18,8.399999618530273
2022-05-19,8.34000015258789
2022-05-20,8.300000190734863
2022-05-23,8.609999656677246
2022-05-24,8.569999694824219
2022-05-25,8.699999809265137
2022-05-26,10.850000381469727
2022-05-27,11.260000228881836
2022-05-31,11.819999694824219
2022-06-01,11.779999732971191
2022-06-02,11.979999542236328
2022-06-03,11.720000267028809
2022-06-06,12.279999732971191
2022-06-07,12.329999923706055
2022-06-08,12.109999656677246
2022-06-09,12.329999923706055
2022-06-10,11.720000267028809
2022-06-13,10.930000305175781
2022-06-14,11.119999885559082
2022-06-15,11.600000381469727
2022-06-16,10.40999984741211
2022-06-17,10.550000190734863
2022-06-21,10.829999923706055
2022-06-22,10.75
2022-06-23,10.619999885559082
2022-06-24,11.109999656677246
2022-06-27,11.34000015258789
2022-06-28,11.130000114440918
2022-06-29,10.75
2022-06-30,10.529999732971191
2022-07-01,10.59000015258789
2022-07-05,10.489999771118164
2022-07-06,10.34000015258789
2022-07-07,10.65999984741211
2022-07-08,10.890000343322754
2022-07-11,10.800000190734863
2022-07-12,11.010000228881836
2022-07-13,11.0600004196167
2022-07-14,11.100000381469727
2022-07-15,11.289999961853027
2022-07-18,11.279999732971191
2022-07-19,11.760000228881836
2022-07-20,11.899999618530273
2022-07-21,12.170000076293945
2022-07-22,12.220000267028809
2022-07-25,12.229999542236328
2022-07-26,12.359999656677246
2022-07-27,12.710000038146973
2022-07-28,12.720000267028809
2022-07-29,13.119999885559082
2022-08-01,13.15999984741211
2022-08-02,13.229999542236328
2022-08-03,13.430000305175781
2022-08-04,14.520000457763672
2022-08-05,14.819999694824219
2022-08-08,15.649999618530273
2022-08-09,15.720000267028809
2022-08-10,16.229999542236328
2022-08-11,15.5
2022-08-12,16.68000030517578
2022-08-15,17.139999389648438
2022-08-16,17.31999969482422
2022-08-17,17.190000534057617
2022-08-18,17.389999389648438
2022-08-19,16.850000381469727
2022-08-22,16.059999465942383
2022-08-23,16.06999969482422
2022-08-24,16.209999084472656
2022-08-25,16.559999465942383
2022-08-26,16.15999984741211
2022-08-29,15.59000015258789
2022-08-30,15.050000190734863
2022-08-31,14.979999542236328
2022-09-01,14.859999656677246
2022-09-02,14.789999961853027
2022-09-06,14.489999771118164
2022-09-07,14.9399995803833
2022-09-08,14.960000038146973
2022-09-09,15.3100004196167
2022-09-12,15.779999732971191
2022-09-13,15.380000114440918
2022-09-14,15.15999984741211
2022-09-15,15.260000228881836
2022-09-16,14.800000190734863
2022-09-19,15.369999885559082
2022-09-20,14.960000038146973
2022-09-21,14.579999923706055
2022-09-22,14.569999694824219
2022-09-23,13.800000190734863
2022-09-26,14.010000228881836
2022-09-27,13.479999542236328
2022-09-28,13.699999809265137
2022-09-29,13.050000190734863
2022-09-30,12.9399995803833
2022-10-03,13.4399995803833
2022-10-04,14.079999923706055
2022-10-05,14.050000190734863
2022-10-06,13.65999984741211
2022-10-07,13.229999542236328
2022-10-10,13.390000343322754
2022-10-11,13.579999923706055
2022-10-12,13.59000015258789
2022-10-13,14.34000015258789
2022-10-14,13.819999694824219
2022-10-17,14.579999923706055
2022-10-18,14.84000015258789
2022-10-19,14.760000228881836
2022-10-20,14.600000381469727
2022-10-21,15.279999732971191
2022-10-24,15.510000228881836
2022-10-25,16.040000915527344
2022-10-26,16.420000076293945
2022-10-27,16.860000610351562
2022-10-28,17.770000457763672
2022-10-31,17.920000076293945
2022-11-01,18.190000534057617
2022-11-02,16.84000015258789
2022-11-03,18.8700008392334
2022-11-04,21.020000457763672
2022-11-07,20.739999771118164
2022-11-08,20.559999465942383
2022-11-09,20.440000534057617
2022-11-10,20.989999771118164
2022-11-11,20.959999084472656
2022-11-14,21.209999084472656
2022-11-15,21.34000015258789
2022-11-16,21.09000015258789
2022-11-17,20.8700008392334
2022-11-18,21.559999465942383
2022-11-21,20.8799991607666
2022-11-22,21.469999313354492
2022-11-23,21.100000381469727
2022-11-25,21.270000457763672
2022-11-28,20.360000610351562
2022-11-29,20.600000381469727
2022-11-30,21.170000076293945
2022-12-01,21.1299991607666
2022-12-02,21.219999313354492
2022-12-05,20.530000686645508
2022-12-06,20.68000030517578
2022-12-07,20.479999542236328
2022-12-08,20.239999771118164
2022-12-09,19.68000030517578
2022-12-12,19.979999542236328
2022-12-13,20.290000915527344
2022-12-14,20.729999542236328
2022-12-15,20.299999237060547
2022-12-16,20.170000076293945
2022-12-19,20.350000381469727
2022-12-20,20.219999313354492
2022-12-21,21.389999389648438
2022-12-22,19.600000381469727
2022-12-23,19.639999389648438
2022-12-27,20.110000610351562
2022-12-28,19.549999237060547
2022-12-29,20.170000076293945
2022-12-30,19.860000610351562
2023-01-03,20.110000610351562
2023-01-04,20.149999618530273
2023-01-05,20.850000381469727
2023-01-06,21.350000381469727
2023-01-09,22.389999389648438
2023-01-10,22.600000381469727
2023-01-11,22.170000076293945
2023-01-12,23.1200008392334
2023-01-13,23.209999084472656
2023-01-17,22.440000534057617
2023-01-18,22.139999389648438
2023-01-19,21.229999542236328
2023-01-20,21.780000686645508
2023-01-23,22.100000381469727
2023-01-24,22.40999984741211
2023-01-25,22.489999771118164
2023-01-26,22.1299991607666
2023-01-27,22.549999237060547
2023-01-30,22.979999542236328
2023-01-31,23.889999389648438
2023-02-01,24.1200008392334
2023-02-02,22.65999984741211
2023-02-03,23.010000228881836
2023-02-06,23.65999984741211
2023-02-07,23.209999084472656
2023-02-08,23.09000015258789
2023-02-09,23.010000228881836
2023-02-10,22.579999923706055
2023-02-13,22.709999084472656
2023-02-14,22.989999771118164
2023-02-15,23.25
2023-02-16,24.049999237060547
2023-02-17,24.610000610351562
2023-02-21,25.049999237060547
2023-02-22,25.0
2023-02-23,24.719999313354492
2023-02-24,24.239999771118164
2023-02-27,24.170000076293945
2023-02-28,24.40999984741211
2023-03-01,25.389999389648438
2023-03-02,25.549999237060547
2023-03-03,26.540000915527344
2023-03-06,25.530000686645508
2023-03-07,25.520000457763672
2023-03-08,25.579999923706055
2023-03-09,24.940000534057617
2023-03-10,23.969999313354492
2023-03-13,22.829999923706055
2023-03-14,23.290000915527344
2023-03-15,22.209999084472656
2023-03-16,22.559999465942383
2023-03-17,21.030000686645508
2023-03-20,21.860000610351562
2023-03-21,22.959999084472656
2023-03-22,22.239999771118164
2023-03-23,22.280000686645508
2023-03-24,21.799999237060547
2023-03-27,21.780000686645508
2023-03-28,21.920000076293945
2023-03-29,22.010000228881836
2023-03-30,22.479999542236328
2023-03-31,23.049999237060547
2023-04-03,22.940000534057617
2023-04-04,20.959999084472656
2023-04-05,20.31999969482422
2023-04-06,20.579999923706055
2023-04-10,20.780000686645508
2023-04-11,21.020000457763672
2023-04-12,21.399999618530273
2023-04-13,21.600000381469727
2023-04-14,21.719999313354492
2023-04-17,21.979999542236328
2023-04-18,21.959999084472656
2023-04-19,21.729999542236328
2023-04-20,21.549999237060547
2023-04-21,21.25
2023-04-24,21.440000534057617
2023-04-25,20.68000030517578
2023-04-26,20.700000762939453
2023-04-27,20.799999237060547
2023-04-28,20.90999984741211
2023-05-01,21.1200008392334
2023-05-02,21.639999389648438
2023-05-03,21.030000686645508
2023-05-04,19.5
2023-05-05,20.010000228881836
2023-05-08,20.309999465942383
2023-05-09,20.3700008392334
2023-05-10,20.670000076293945
2023-05-11,20.389999389648438
2023-05-12,20.489999771118164
2023-05-15,20.56999969482422
2023-05-16,20.190000534057617
2023-05-17,21.18000030517578
2023-05-18,21.540000915527344
2023-05-19,21.239999771118164
2023-05-22,21.100000381469727
2023-05-23,20.639999389648438
2023-05-24,19.729999542236328
2023-05-25,24.420000076293945
2023-05-26,27.43000030517578
2023-05-30,28.239999771118164
2023-05-31,27.290000915527344
2023-06-01,27.139999389648438
2023-06-02,30.440000534057617
2023-06-05,29.68000030517578
2023-06-06,30.75
2023-06-07,32.560001373291016
2023-06-08,32.810001373291016
2023-06-09,32.150001525878906
2023-06-12,32.779998779296875
2023-06-13,32.79999923706055
2023-06-14,31.950000762939453
2023-06-15,31.6200008392334
2023-06-16,31.0
2023-06-20,30.979999542236328
2023-06-21,31.700000762939453
2023-06-22,31.860000610351562
2023-06-23,31.579999923706055
2023-06-26,31.200000762939453
2023-06-27,31.969999313354492
2023-06-28,32.93000030517578
2023-06-29,33.0099983215332
2023-06-30,33.02000045776367
2023-07-03,34.61000061035156
2023-07-05,33.130001068115234
2023-07-06,32.61000061035156
2023-07-07,32.77000045776367
2023-07-10,32.900001525878906
2023-07-11,32.970001220703125
2023-07-12,35.38999938964844
2023-07-13,36.66999816894531
2023-07-14,37.689998626708984
2023-07-17,37.189998626708984
2023-07-18,37.970001220703125
2023-07-19,37.34000015258789
2023-07-20,36.52000045776367
2023-07-21,36.630001068115234
2023-07-24,35.63999938964844
2023-07-25,36.119998931884766
2023-07-26,35.93000030517578
2023-07-27,35.38999938964844
2023-07-28,36.0
2023-07-31,37.560001373291016
2023-08-01,38.06999969482422
2023-08-02,38.18000030517578
2023-08-03,43.2400016784668
2023-08-04,44.5
2023-08-07,44.20000076293945
2023-08-08,45.83000183105469
2023-08-09,46.86000061035156
2023-08-10,46.15999984741211
2023-08-11,46.25
2023-08-14,46.220001220703125
2023-08-15,44.15999984741211
2023-08-16,43.790000915527344
2023-08-17,40.849998474121094
2023-08-18,41.290000915527344
2023-08-21,42.869998931884766
2023-08-22,44.560001373291016
2023-08-23,46.290000915527344
2023-08-24,44.849998474121094
2023-08-25,45.220001220703125
2023-08-28,46.810001373291016
2023-08-29,46.5
2023-08-30,47.47999954223633
2023-08-31,47.59000015258789
2023-09-01,48.95000076293945
2023-09-05,46.220001220703125
2023-09-06,45.599998474121094
2023-09-07,46.619998931884766
2023-09-08,46.939998626708984
2023-09-11,46.84000015258789
2023-09-12,45.0099983215332
2023-09-13,44.25
2023-09-14,45.20000076293945
2023-09-15,45.0099983215332
2023-09-18,44.470001220703125
2023-09-19,44.5
2023-09-20,44.59000015258789
2023-09-21,43.849998474121094
2023-09-22,44.029998779296875
2023-09-25,45.61000061035156
2023-09-26,44.13999938964844
2023-09-27,45.06999969482422
2023-09-28,46.25
2023-09-29,45.75
2023-10-02,45.529998779296875
2023-10-03,44.220001220703125
2023-10-04,45.5099983215332
2023-10-05,47.08000183105469
2023-10-06,48.31999969482422
2023-10-09,48.5099983215332
2023-10-10,49.06999969482422
2023-10-11,51.09000015258789
2023-10-12,49.619998931884766
2023-10-13,44.849998474121094
2023-10-16,47.97999954223633
2023-10-17,46.7599983215332
2023-10-18,41.56999969482422
2023-10-19,41.81999969482422
2023-10-20,40.709999084472656
2023-10-23,40.400001525878906
2023-10-24,41.7599983215332
2023-10-25,40.040000915527344
2023-10-26,39.970001220703125
2023-10-27,39.040000915527344
2023-10-30,39.4900016784668
2023-10-31,39.5
2023-11-01,41.13999938964844
2023-11-02,40.36000061035156
2023-11-03,42.150001525878906
2023-11-06,40.7400016784668
2023-11-07,42.18000030517578
2023-11-08,42.529998779296875
2023-11-09,43.06999969482422
2023-11-10,45.15999984741211
2023-11-13,46.619998931884766
2023-11-14,49.65999984741211
2023-11-15,49.459999084472656
2023-11-16,48.810001373291016
2023-11-17,50.47999954223633
2023-11-20,51.84000015258789
2023-11-21,51.61000061035156
2023-11-22,51.599998474121094
2023-11-24,51.790000915527344
2023-11-27,51.40999984741211
2023-11-28,49.540000915527344
2023-11-29,50.279998779296875
2023-11-30,49.20000076293945
2023-12-01,51.790000915527344
2023-12-04,52.599998474121094
2023-12-05,52.25
2023-12-06,51.790000915527344
2023-12-07,52.310001373291016
2023-12-08,53.36000061035156
2023-12-11,53.95000076293945
2023-12-12,53.83000183105469
2023-12-13,54.09000015258789
2023-12-14,56.5099983215332
2023-12-15,56.7400016784668
2023-12-18,56.380001068115234
2023-12-19,58.13999938964844
2023-12-20,56.779998779296875
2023-12-21,57.83000183105469
2023-12-22,58.66999816894531
2023-12-26,60.45000076293945
2023-12-27,60.619998931884766
2023-12-28,60.709999084472656
2023-12-29,59.70000076293945
2024-01-02,60.13999938964844
2024-01-03,57.970001220703125
2024-01-04,58.279998779296875
2024-01-05,59.13999938964844
2024-01-08,60.540000915527344
2024-01-09,60.79999923706055
2024-01-10,61.689998626708984
2024-01-11,62.970001220703125
2024-01-12,64.22000122070312
2024-01-16,64.73999786376953
2024-01-17,63.970001220703125
2024-01-18,66.01000213623047
2024-01-19,66.3499984741211
2024-01-22,68.11000061035156
2024-01-23,68.0
2024-01-24,64.45999908447266
2024-01-25,65.11000061035156
2024-01-26,62.83000183105469
2024-01-29,66.01000213623047
2024-01-30,66.77999877929688
2024-01-31,69.08999633789062
2024-02-01,71.26000213623047
2024-02-02,70.54000091552734
2024-02-05,69.91000366210938
2024-02-06,67.9000015258789
2024-02-07,68.58999633789062
2024-02-08,71.58999633789062
2024-02-09,73.18000030517578
2024-02-12,74.16000366210938
2024-02-13,73.33999633789062
2024-02-14,78.12999725341797
2024-02-15,80.63999938964844
2024-02-16,80.19000244140625
2024-02-20,77.79000091552734
2024-02-21,77.54000091552734
2024-02-22,80.80000305175781
2024-02-23,81.80000305175781
2024-02-26,86.16999816894531
2024-02-27,89.33999633789062
2024-02-28,90.26000213623047
2024-02-29,89.70999908447266
2024-03-01,91.69999694824219
2024-03-04,91.63999938964844
2024-03-05,89.0999984741211
2024-03-06,89.19999694824219
2024-03-07,88.41999816894531
2024-03-08,83.86000061035156
2024-03-11,81.30000305175781
2024-03-12,84.97000122070312
2024-03-13,82.91999816894531
2024-03-14,84.7300033569336
2024-03-15,88.56999969482422
2024-03-18,89.47000122070312
2024-03-19,94.12999725341797
2024-03-20,99.0
2024-03-21,102.69999694824219
2024-03-22,101.11000061035156
2024-03-25,97.23999786376953
2024-03-26,95.83999633789062
2024-03-27,95.25
2024-03-28,95.19000244140625
2024-04-01,93.91000366210938
2024-04-02,93.25
2024-04-03,93.77999877929688
2024-04-04,94.79000091552734
2024-04-05,97.5999984741211
2024-04-08,97.12999725341797
2024-04-09,91.45999908447266
2024-04-10,92.04000091552734
2024-04-11,93.41000366210938
2024-04-12,92.36000061035156
2024-04-15,90.76000213623047
2024-04-16,90.36000061035156
2024-04-17,85.63999938964844
2024-04-18,83.76000213623047
2024-04-19,83.69000244140625
2024-04-22,86.5199966430664
2024-04-23,89.05000305175781
2024-04-24,90.98999786376953
2024-04-25,92.83000183105469
2024-04-26,96.73999786376953
2024-04-29,95.54000091552734
2024-04-30,92.62999725341797
2024-05-01,92.27999877929688
2024-05-02,94.1500015258789
2024-05-03,94.11000061035156
2024-05-06,100.81999969482422
2024-05-07,104.8499984741211
2024-05-08,104.68000030517578
2024-05-09,106.8499984741211
2024-05-10,103.12999725341797
2024-05-13,101.26000213623047
2024-05-14,105.66000366210938
2024-05-15,109.41999816894531
2024-05-16,103.7699966430664
2024-05-17,102.22000122070312
2024-05-20,102.37000274658203
2024-05-21,101.47000122070312
2024-05-22,96.75
2024-05-23,96.72000122070312
2024-05-24,103.75
2024-05-28,100.33999633789062
2024-05-29,96.51000213623047
2024-05-30,101.22000122070312
2024-05-31,100.91999816894531
2024-06-03,99.83999633789062
2024-06-04,93.05000305175781
2024-06-05,96.2300033569336
2024-06-06,90.5199966430664
2024-06-07,92.04000091552734
2024-06-10,93.62999725341797
2024-06-11,92.4800033569336
2024-06-12,96.08000183105469
2024-06-13,95.48999786376953
2024-06-14,92.63999938964844
2024-06-17,93.12000274658203
2024-06-18,97.7699966430664
2024-06-20,93.87999725341797
2024-06-21,94.02999877929688
2024-06-24,94.2699966430664
2024-06-25,97.43000030517578
2024-06-26,96.33000183105469
2024-06-27,98.0
2024-06-28,100.19000244140625
2024-07-01,102.68000030517578
2024-07-02,105.37000274658203
2024-07-03,107.97000122070312
2024-07-05,106.86000061035156
2024-07-08,105.69000244140625
2024-07-09,106.0999984741211
2024-07-10,104.79000091552734
2024-07-11,108.48999786376953
2024-07-12,107.80000305175781
2024-07-15,113.27999877929688
2024-07-16,116.02999877929688
2024-07-17,106.48999786376953
2024-07-18,107.87000274658203
2024-07-19,107.16999816894531
2024-07-22,114.36000061035156
2024-07-23,118.13999938964844
2024-07-24,98.69999694824219
2024-07-25,99.5
2024-07-26,104.1500015258789
2024-07-29,102.30000305175781
2024-07-30,98.91999816894531
2024-07-31,117.66000366210938
2024-08-01,111.86000061035156
2024-08-02,98.80000305175781
2024-08-05,97.80999755859375
2024-08-06,101.38999938964844
2024-08-07,94.94999694824219
2024-08-08,101.0199966430664
2024-08-09,100.30999755859375
2024-08-12,101.06999969482422
2024-08-13,104.1500015258789
2024-08-14,104.98999786376953
2024-08-15,109.83000183105469
2024-08-16,109.37999725341797
2024-08-19,110.22000122070312
2024-08-20,108.12000274658203
2024-08-21,112.01000213623047
2024-08-22,113.30999755859375
2024-08-23,119.41999816894531
2024-08-26,116.44000244140625
2024-08-27,116.91000366210938
2024-08-28,114.52999877929688
2024-08-29,115.9000015258789
2024-08-30,121.55000305175781
2024-09-03,108.30999755859375
2024-09-04,106.30000305175781
2024-09-05,103.93000030517578
2024-09-06,97.38999938964844
2024-09-09,98.41000366210938
2024-09-10,94.5999984741211
2024-09-11,108.0999984741211
2024-09-12,110.80999755859375
2024-09-13,111.06999969482422
2024-09-16,112.87000274658203
2024-09-17,115.43000030517578
2024-09-18,116.94999694824219
2024-09-19,127.5
2024-09-20,128.32000732421875
2024-09-23,127.16000366210938
2024-09-24,133.69000244140625
2024-09-25,133.72000122070312
2024-09-26,130.6699981689453
2024-09-27,131.72000122070312
2024-09-30,132.7899932861328
2024-10-01,127.55000305175781
2024-10-02,131.83999633789062
2024-10-03,130.8699951171875
2024-10-04,134.3800048828125
2024-10-07,133.3800048828125
2024-10-08,132.77000427246094
2024-10-09,134.00999450683594
2024-10-10,130.9499969482422
2024-10-11,134.1999969482422
2024-10-14,133.27999877929688
2024-10-15,129.25
2024-10-16,134.22999572753906
2024-10-17,135.52999877929688
2024-10-18,132.7899932861328
2024-10-21,130.52999877929688
2024-10-22,128.77000427246094
2024-10-23,128.27999877929688
2024-10-24,124.61000061035156
2024-10-25,127.25
2024-10-28,131.05999755859375
2024-10-29,130.30999755859375
2024-10-30,120.88999938964844
2024-10-31,117.7699966430664
2024-11-01,111.62999725341797
2024-11-04,109.7699966430664
2024-11-05,112.83000183105469
2024-11-06,125.01000213623047
2024-11-07,127.37000274658203
2024-11-08,128.1199951171875
2024-11-11,132.14999389648438
2024-11-12,124.83999633789062
2024-11-13,127.29000091552734
2024-11-14,120.16999816894531
2024-11-15,123.2699966430664
2024-11-18,126.30000305175781
2024-11-19,136.00999450683594
2024-11-20,133.64999389648438
2024-11-21,140.49000549316406
2024-11-22,143.22000122070312
2024-11-25,137.39999389648438
2024-11-26,138.8000030517578
2024-11-27,133.3699951171875
2024-11-29,135.7899932861328
2024-12-02,137.74000549316406
2024-12-03,139.0
2024-12-04,140.61000061035156
2024-12-05,137.64999389648438
2024-12-06,140.2100067138672
2024-12-09,129.57000732421875
2024-12-10,130.35000610351562
2024-12-11,131.5
2024-12-12,128.22000122070312
2024-12-13,132.07000732421875
2024-12-16,134.5399932861328
2024-12-17,127.66999816894531
2024-12-18,117.66000366210938
2024-12-19,118.0199966430664
2024-12-20,118.88999938964844
2024-12-23,117.4800033569336
2024-12-24,118.58000183105469
2024-12-26,120.5
2024-12-27,118.6500015258789
2024-12-30,117.63999938964844
2024-12-31,115.93000030517578
2025-01-02,116.16999816894531
2025-01-03,122.44000244140625
2025-01-06,122.77999877929688
2025-01-07,121.62000274658203
2025-01-08,121.0999984741211
2025-01-10,118.83000183105469
2025-01-13,118.69000244140625
2025-01-14,124.70999908447266
2025-01-15,130.0500030517578
2025-01-16,132.5500030517578
2025-01-17,132.8000030517578
2025-01-21,139.5800018310547
2025-01-22,142.67999267578125
2025-01-23,140.0
2025-01-24,132.24000549316406
2025-01-27,97.48999786376953
2025-01-28,95.12999725341797
2025-01-29,98.20999908447266
2025-01-30,102.45999908447266
2025-01-31,101.44999694824219
2025-02-03,96.47000122070312
2025-02-04,98.51000213623047
2025-02-05,105.13999938964844
2025-02-06,97.69000244140625
2025-02-07,98.66000366210938
2025-02-10,98.7699966430664
2025-02-11,97.16000366210938
2025-02-12,97.44999694824219
2025-02-13,93.02999877929688
2025-02-14,92.68000030517578
2025-02-18,92.36000061035156
2025-02-19,88.91999816894531
2025-02-20,94.08999633789062
2025-02-21,86.19999694824219
2025-02-24,83.36000061035156
2025-02-25,86.30999755859375
2025-02-26,87.01000213623047
2025-02-27,79.4000015258789
2025-02-28,84.55999755859375
2025-03-03,77.12999725341797
2025-03-04,78.12999725341797
2025-03-05,79.37000274658203
2025-03-06,76.05999755859375
2025-03-07,80.80000305175781
2025-03-10,77.2699966430664
2025-03-11,80.06999969482422
2025-03-12,84.36000061035156
2025-03-13,82.05999755859375
2025-03-14,85.41999816894531
2025-03-17,87.05000305175781
2025-03-18,83.04000091552734
2025-03-19,87.69999694824219
2025-03-20,87.80000305175781
2025-03-21,88.56999969482422
2025-03-24,92.81999969482422
2025-03-25,93.2300033569336
2025-03-26,86.62999725341797
2025-03-27,79.95999908447266
2025-03-28,79.25
2025-03-31,76.75
2025-04-01,80.26000213623047
2025-04-02,85.31999969482422
2025-04-03,72.61000061035156
2025-04-04,70.08000183105469
2025-04-07,72.66999816894531
2025-04-08,71.81999969482422
2025-04-09,83.55999755859375
2025-04-10,77.37000274658203
2025-04-11,76.6500015258789
2025-04-14,77.41000366210938
2025-04-15,76.94999694824219
2025-04-16,75.43000030517578
2025-04-17,75.86000061035156
2025-04-21,69.30000305175781
2025-04-22,72.19999694824219
2025-04-23,76.94999694824219
2025-04-24,79.08999633789062
2025-04-25,81.12999725341797
2025-04-28,80.56999969482422
2025-04-29,81.80000305175781
2025-04-30,81.63999938964844
2025-05-01,87.0
2025-05-02,90.20999908447266
2025-05-05,90.36000061035156
2025-05-06,90.2300033569336
2025-05-07,91.30000305175781
2025-05-08,93.19000244140625
2025-05-09,94.72000122070312
2025-05-12,101.43000030517578
2025-05-13,104.66999816894531
2025-05-14,105.08000183105469
2025-05-15,102.44999694824219
2025-05-16,104.52999877929688
2025-05-19,104.11000061035156
2025-05-20,105.56999969482422
2025-05-21,93.26000213623047
2025-05-22,90.3499984741211
2025-05-23,89.80999755859375
2025-05-27,92.44999694824219
2025-05-28,90.80999755859375
2025-05-29,91.48999786376953
2025-05-30,90.80000305175781
2025-06-02,88.79000091552734
2025-06-03,92.77999877929688
2025-06-04,91.66000366210938
2025-06-05,92.2699966430664
2025-06-06,93.62000274658203
2025-06-09,90.69000244140625
2025-06-10,91.93000030517578
2025-06-11,94.1500015258789
2025-06-12,97.06999969482422
2025-06-13,93.72000122070312
2025-06-16,95.8499984741211
2025-06-17,94.02999877929688
2025-06-18,96.0999984741211
2025-06-20,96.72000122070312
2025-06-23,97.16999816894531
2025-06-24,99.93000030517578
2025-06-25,102.33999633789062
2025-06-26,101.75
2025-06-27,101.33999633789062
2025-06-30,98.5
2025-07-01,98.0
2025-07-02,102.22000122070312
2025-07-03,104.54000091552734
2025-07-07,99.9000015258789
2025-07-08,98.9000015258789
2025-07-09,98.68000030517578
2025-07-10,92.6500015258789
2025-07-11,91.91000366210938
2025-07-14,91.73999786376953
2025-07-15,90.0199966430664
2025-07-16,91.30000305175781
2025-07-17,97.47000122070312
2025-07-18,97.76000213623047
2025-07-21,93.70999908447266
2025-07-22,93.83000183105469
2025-07-23,98.80000305175781
2025-07-24,97.87000274658203
2025-07-25,103.70999908447266
2025-07-28,105.51000213623047
2025-07-29,111.94999694824219
2025-07-30,113.62000274658203
2025-07-31,134.55999755859375
2025-08-01,133.6999969482422
2025-08-04,138.5399932861328
2025-08-05,140.50999450683594
2025-08-06,136.58999633789062
2025-08-07,135.14999389648438
2025-08-08,136.1999969482422
2025-08-11,134.05999755859375
2025-08-12,142.1199951171875
2025-08-13,141.72000122070312
2025-08-14,139.50999450683594
2025-08-15,138.72000122070312
2025-08-18,139.47000122070312
2025-08-19,137.0500030517578
2025-08-20,134.92999267578125
2025-08-21,134.88999938964844
2025-08-22,140.3699951171875
2025-08-25,138.1199951171875
2025-08-26,141.50999450683594
2025-08-27,140.4199981689453
2025-08-28,142.42999267578125
2025-08-29,136.1300048828125
2025-09-02,133.9499969482422
2025-09-03,133.77999877929688
2025-09-04,135.99000549316406
2025-09-05,135.19000244140625
2025-09-08,138.64999389648438
2025-09-09,138.52000427246094
2025-09-10,151.5
2025-09-11,146.85000610351562
2025-09-12,149.67999267578125
2025-09-15,152.39999389648438
2025-09-16,153.3300018310547
2025-09-17,152.47999572753906
2025-09-18,158.57000732421875
2025-09-19,154.9499969482422
2025-09-22,151.22999572753906
2025-09-23,146.13999938964844
2025-09-24,141.27999877929688
2025-09-25,135.9199981689453
2025-09-26,138.64999389648438
2025-09-29,141.19000244140625
2025-09-30,142.16000366210938
2025-10-01,147.8699951171875
2025-10-02,147.82000732421875
2025-10-03,147.61000061035156
2025-10-06,153.9199981689453
2025-10-07,149.82000732421875
2025-10-08,154.5399932861328
2025-10-09,149.05999755859375
2025-10-10,145.22999572753906
2025-10-13,149.64999389648438
2025-10-14,153.64999389648438
2025-10-15,162.07000732421875
2025-10-16,160.42999267578125
2025-10-17,153.7899932861328
2025-10-20,157.72999572753906
2025-10-21,156.7100067138672
2025-10-22,148.3000030517578
2025-10-23,152.39999389648438
2025-10-24,161.27000427246094
2025-10-27,163.02000427246094
2025-10-28,162.02000427246094
2025-10-29,155.25999450683594
2025-10-30,153.1999969482422
2025-10-31,153.2100067138672
2025-11-03,152.92999267578125
2025-11-04,146.13999938964844
2025-11-05,151.2100067138672
2025-11-06,149.08999633789062
2025-11-07,156.38999938964844
2025-11-10,159.74000549316406
2025-11-11,151.6999969482422
2025-11-12,147.39999389648438
2025-11-13,128.72999572753906
2025-11-14,132.02000427246094
2025-11-17,128.49000549316406
2025-11-18,130.57000732421875
2025-11-19,141.50999450683594
2025-11-20,139.00999450683594
2025-11-21,143.0399932861328
2025-11-24,151.64999389648438
2025-11-25,155.7899932861328
2025-11-26,158.97000122070312
2025-11-28,162.1300048828125
2025-12-01,158.66000366210938
2025-12-02,160.4499969482422
2025-12-03,157.4600067138672
2025-12-04,159.91000366210938
2025-12-05,162.8699951171875
2025-12-08,153.88999938964844
2025-12-09,152.9499969482422
2025-12-10,162.66000366210938
2025-12-11,165.19000244140625
2025-12-12,139.8800048828125
2025-12-15,142.27000427246094
2025-12-16,138.58999633789062
2025-12-17,128.38999938964844
2025-12-18,133.9199981689453
2025-12-19,136.16000366210938
2025-12-22,137.02999877929688
2025-12-23,137.63999938964844
2025-12-24,137.58999633789062
2025-12-26,137.64999389648438
2025-12-29,136.19000244140625
2025-12-30,135.14999389648438
2025-12-31,133.50999450683594
2026-01-02,140.80999755859375
2026-01-05,140.44000244140625
2026-01-06,129.97000122070312
2026-01-07,119.68000030517578
2026-01-08,120.0
2026-01-09,125.13999938964844
2026-01-12,127.2300033569336
2026-01-13,127.06999969482422
2026-01-14,125.05000305175781
2026-01-15,131.86000061035156
2026-01-16,136.8800048828125
2026-01-20,136.36000061035156
2026-01-21,143.67999267578125
2026-01-22,147.52000427246094
2026-01-23,145.99000549316406
2026-01-26,148.49000549316406
2026-01-27,146.89999389648438
2026-01-28,146.89999389648438
2026-01-29,176.72000122070312
2026-01-30,184.66000366210938
2026-02-02,196.07000732421875
2026-02-03,199.47999572753906
2026-02-04,199.52999877929688
2026-02-05,205.32000732421875
2026-02-06,215.72000122070312
2026-02-09,219.1300048828125
2026-02-10,219.75999450683594
2026-02-11,219.5
2026-02-12,215.4499969482422
2026-02-13,216.5
2026-02-17,216.83999633789062
2026-02-18,217.52999877929688
2026-02-19,218.5399932861328
2026-02-20,226.36000061035156
2026-02-23,222.5
2026-02-24,236.6999969482422
2026-02-25,230.19000244140625
2026-02-26,229.24000549316406
