Date,Close
1993-08-12,2.6360855102539062
1993-08-13,2.5555083751678467
1993-08-16,2.578530788421631
1993-08-17,2.5900416374206543
1993-08-18,2.5900416374206543
1993-08-19,2.543996810913086
1993-08-20,2.5670204162597656
1993-08-23,2.578530788421631
1993-08-24,2.613065242767334
1993-08-25,2.578530788421631
1993-08-26,2.6360855102539062
1993-08-27,2.601553201675415
1993-08-30,2.601553201675415
1993-08-31,2.6475977897644043
1993-09-01,2.6360855102539062
1993-09-02,2.670621395111084
1993-09-03,2.693643569946289
1993-09-07,2.7051546573638916
1993-09-08,2.670621395111084
1993-09-09,2.693643569946289
1993-09-10,2.785733222961426
1993-09-13,2.7627105712890625
1993-09-14,2.7166666984558105
1993-09-15,2.7166666984558105
1993-09-16,2.739687919616699
1993-09-17,2.774223804473877
1993-09-20,2.7357358932495117
1993-09-21,2.7473292350769043
1993-09-22,2.7705137729644775
1993-09-23,2.7473292350769043
1993-09-24,2.793698787689209
1993-09-27,2.9096181392669678
1993-09-28,2.9212095737457275
1993-09-29,2.9212095737457275
1993-09-30,2.8864340782165527
1993-10-01,2.8864340782165527
1993-10-04,2.828472852706909
1993-10-05,2.828472852706909
1993-10-06,2.874842643737793
1993-10-07,2.8864340782165527
1993-10-08,3.176236391067505
1993-10-11,3.1530532836914062
1993-10-12,3.3385262489318848
1993-10-13,3.29215669631958
1993-10-14,3.29215669631958
1993-10-15,3.361708879470825
1993-10-18,3.350118637084961
1993-10-19,3.2457895278930664
1993-10-20,3.2341973781585693
1993-10-21,3.199422597885132
1993-10-22,3.2457895278930664
1993-10-25,3.2226059436798096
1993-10-26,3.1414597034454346
1993-10-27,3.1066854000091553
1993-10-28,3.1530532836914062
1993-10-29,3.2110135555267334
1993-11-01,3.2226059436798096
1993-11-02,3.2110135555267334
1993-11-03,3.2457895278930664
1993-11-04,3.129868268966675
1993-11-05,3.2226059436798096
1993-11-08,3.326934576034546
1993-11-09,3.326934576034546
1993-11-10,3.268974542617798
1993-11-11,3.2226059436798096
1993-11-12,3.2341973781585693
1993-11-15,3.199422597885132
1993-11-16,3.1414597034454346
1993-11-17,3.0487234592437744
1993-11-18,2.9212095737457275
1993-11-19,2.9212095737457275
1993-11-22,2.9096181392669678
1993-11-23,2.8864340782165527
1993-11-24,2.8864340782165527
1993-11-26,2.874842643737793
1993-11-29,2.874842643737793
1993-11-30,3.0139474868774414
1993-12-01,2.9328038692474365
1993-12-02,2.9417459964752197
1993-12-03,2.9182121753692627
1993-12-06,2.953512191772461
1993-12-07,2.965278387069702
1993-12-08,2.9182121753692627
1993-12-09,2.929978609085083
1993-12-10,2.9417459964752197
1993-12-13,2.9417459964752197
1993-12-14,2.8005404472351074
1993-12-15,2.9182121753692627
1993-12-16,2.965278387069702
1993-12-17,2.9417459964752197
1993-12-20,2.9417459964752197
1993-12-21,2.894676685333252
1993-12-22,2.9182121753692627
1993-12-23,2.9182121753692627
1993-12-27,2.9182121753692627
1993-12-28,3.000580072402954
1993-12-29,2.9770476818084717
1993-12-30,2.965278387069702
1993-12-31,3.000580072402954
1994-01-03,2.871142864227295
1994-01-04,2.9064438343048096
1994-01-05,2.8240766525268555
1994-01-06,2.8123092651367188
1994-01-07,2.718174457550049
1994-01-10,2.7299399375915527
1994-01-11,2.753474235534668
1994-01-12,2.8005404472351074
1994-01-13,2.8240766525268555
1994-01-14,2.8005404472351074
1994-01-17,2.7299399375915527
1994-01-18,2.7064054012298584
1994-01-19,2.7299399375915527
1994-01-20,2.7652409076690674
1994-01-21,2.741706609725952
1994-01-24,2.741706609725952
1994-01-25,2.7064054012298584
1994-01-26,2.7064054012298584
1994-01-27,2.741706609725952
1994-01-28,2.7064054012298584
1994-01-31,2.741706609725952
1994-02-01,2.741706609725952
1994-02-02,2.753474235534668
1994-02-03,2.741706609725952
1994-02-04,2.6946380138397217
1994-02-07,2.7299399375915527
1994-02-08,2.7299399375915527
1994-02-09,2.741706609725952
1994-02-10,2.753474235534668
1994-02-11,2.8123092651367188
1994-02-14,2.882909059524536
1994-02-15,2.8593761920928955
1994-02-16,2.882909059524536
1994-02-17,3.000580072402954
1994-02-18,3.047647476196289
1994-02-22,3.130016803741455
1994-02-23,3.130016803741455
1994-02-24,3.0123484134674072
1994-02-25,3.0241148471832275
1994-02-28,3.0947160720825195
1994-03-01,3.071181297302246
1994-03-02,3.0123484134674072
1994-03-03,3.0123484134674072
1994-03-04,3.0123484134674072
1994-03-07,3.0358805656433105
1994-03-08,3.0123484134674072
1994-03-09,2.953512191772461
1994-03-10,2.9888134002685547
1994-03-11,3.000580072402954
1994-03-14,3.059415578842163
1994-03-15,3.0123484134674072
1994-03-16,3.000580072402954
1994-03-17,3.071181297302246
1994-03-18,3.082948684692383
1994-03-21,3.1288061141967773
1994-03-22,3.1049230098724365
1994-03-23,3.188514471054077
1994-03-24,3.188514471054077
1994-03-25,3.188514471054077
1994-03-28,3.1288061141967773
1994-03-29,2.9855029582977295
1994-03-30,2.913850784301758
1994-03-31,2.878025531768799
1994-04-04,2.8421969413757324
1994-04-05,2.8660831451416016
1994-04-06,3.0332705974578857
1994-04-07,3.1765735149383545
1994-04-08,3.0690972805023193
1994-04-11,3.1765735149383545
1994-04-12,3.1288061141967773
1994-04-13,3.009384870529175
1994-04-14,2.9855029582977295
1994-04-15,3.0332705974578857
1994-04-18,3.057155132293701
1994-04-19,3.057155132293701
1994-04-20,3.0332705974578857
1994-04-21,3.0332705974578857
1994-04-22,3.045212745666504
1994-04-25,3.1168642044067383
1994-04-26,3.0929794311523438
1994-04-28,3.1288061141967773
1994-04-29,3.1288061141967773
1994-05-02,3.1049230098724365
1994-05-03,3.0929794311523438
1994-05-04,3.0810372829437256
1994-05-05,3.0810372829437256
1994-05-06,3.0810372829437256
1994-05-09,3.1288061141967773
1994-05-10,3.260169744491577
1994-05-11,3.3198792934417725
1994-05-12,3.3318192958831787
1994-05-13,3.3557043075561523
1994-05-16,3.3437623977661133
1994-05-17,3.307936906814575
1994-05-18,3.343797445297241
1994-05-19,3.2953386306762695
1994-05-20,3.2953386306762695
1994-05-23,3.3195688724517822
1994-05-24,3.343797445297241
1994-05-25,3.355912208557129
1994-05-26,3.3195688724517822
1994-05-27,3.355912208557129
1994-05-31,3.271106481552124
1994-06-01,3.2953386306762695
1994-06-02,3.3316829204559326
1994-06-03,3.3195688724517822
1994-06-06,3.355912208557129
1994-06-07,3.3922572135925293
1994-06-08,3.368028163909912
1994-06-09,3.343797445297241
1994-06-10,3.2953386306762695
1994-06-13,3.2832224369049072
1994-06-14,3.2953386306762695
1994-06-15,3.271106481552124
1994-06-16,3.3195688724517822
1994-06-17,3.2589921951293945
1994-06-20,3.160127878189087
1994-06-21,3.160127878189087
1994-06-22,3.1970181465148926
1994-06-23,3.0617618560791016
1994-06-24,3.049464464187622
1994-06-27,3.024872064590454
1994-06-28,2.9756863117218018
1994-06-29,2.9510936737060547
1994-06-30,2.9265003204345703
1994-07-01,3.000279188156128
1994-07-05,3.000279188156128
1994-07-06,2.9756863117218018
1994-07-07,3.024872064590454
1994-07-08,3.0371663570404053
1994-07-11,3.0371663570404053
1994-07-12,3.024872064590454
1994-07-13,3.024872064590454
1994-07-14,3.0986499786376953
1994-07-15,3.160127878189087
1994-07-18,3.1232423782348633
1994-07-19,3.0863535404205322
1994-07-20,3.074056386947632
1994-07-21,3.160127878189087
1994-07-22,3.1232423782348633
1994-07-25,3.1724250316619873
1994-07-26,3.1724250316619873
1994-07-27,3.184722423553467
1994-07-28,3.1724250316619873
1994-07-29,3.221611261367798
1994-08-01,3.160127878189087
1994-08-02,3.147833824157715
1994-08-03,3.110945224761963
1994-08-04,3.147833824157715
1994-08-05,3.135535478591919
1994-08-08,3.1724250316619873
1994-08-09,3.160127878189087
1994-08-10,3.209315776824951
1994-08-11,3.160127878189087
1994-08-12,3.184722423553467
1994-08-15,3.1970181465148926
1994-08-16,3.221611261367798
1994-08-17,3.221611261367798
1994-08-18,3.184722423553467
1994-08-19,3.147833824157715
1994-08-22,3.184722423553467
1994-08-23,3.1232423782348633
1994-08-24,3.1724250316619873
1994-08-25,3.1724250316619873
1994-08-26,3.1724250316619873
1994-08-29,3.221611261367798
1994-08-30,3.2584996223449707
1994-08-31,3.246203660964966
1994-09-01,3.209315776824951
1994-09-02,3.2339069843292236
1994-09-06,3.2339069843292236
1994-09-07,3.246203660964966
1994-09-08,3.221611261367798
1994-09-09,3.2339069843292236
1994-09-12,3.246203660964966
1994-09-13,3.1724250316619873
1994-09-14,3.0986499786376953
1994-09-15,3.135535478591919
1994-09-16,3.160127878189087
1994-09-19,3.221611261367798
1994-09-20,3.147833824157715
1994-09-21,3.1724250316619873
1994-09-22,3.160127878189087
1994-09-23,3.1724250316619873
1994-09-26,3.1714274883270264
1994-09-27,3.1464552879333496
1994-09-28,3.1339709758758545
1994-09-29,3.158940315246582
1994-09-30,3.1714274883270264
1994-10-03,3.1963982582092285
1994-10-04,3.0215957164764404
1994-10-05,2.99662446975708
1994-10-06,3.0465683937072754
1994-10-07,3.084024429321289
1994-10-10,3.096512794494629
1994-10-11,3.1464552879333496
1994-10-12,3.0715408325195312
1994-10-13,3.0590529441833496
1994-10-14,3.0215957164764404
1994-10-17,3.0465683937072754
1994-10-18,3.0715408325195312
1994-10-19,3.096512794494629
1994-10-20,3.1089982986450195
1994-10-21,3.0715408325195312
1994-10-24,3.084024429321289
1994-10-25,3.0715408325195312
1994-10-26,3.0590529441833496
1994-10-27,3.0590529441833496
1994-10-28,3.0465683937072754
1994-10-31,2.984138011932373
1994-11-01,2.934192657470703
1994-11-02,2.9217073917388916
1994-11-03,2.8842523097991943
1994-11-04,2.8842523097991943
1994-11-07,2.8717660903930664
1994-11-08,2.859278917312622
1994-11-09,2.8343074321746826
1994-11-10,2.796849250793457
1994-11-11,2.771876573562622
1994-11-14,2.796849250793457
1994-11-15,2.771876573562622
1994-11-16,2.746905565261841
1994-11-17,2.6969618797302246
1994-11-18,2.6969618797302246
1994-11-21,2.6719884872436523
1994-11-22,2.584587574005127
1994-11-23,2.6844773292541504
1994-11-25,2.7219340801239014
1994-11-28,2.6969618797302246
1994-11-29,2.6969618797302246
1994-11-30,2.7094461917877197
1994-12-01,2.6844773292541504
1994-12-02,2.7094461917877197
1994-12-05,2.6969618797302246
1994-12-06,2.622047185897827
1994-12-07,2.6719884872436523
1994-12-08,2.7094461917877197
1994-12-09,2.7843639850616455
1994-12-12,2.8467929363250732
1994-12-13,2.8842523097991943
1994-12-14,2.8717660903930664
1994-12-15,2.9466803073883057
1994-12-16,3.0091097354888916
1994-12-19,3.034081220626831
1994-12-20,2.99662446975708
1994-12-21,2.959165334701538
1994-12-22,2.984138011932373
1994-12-23,3.036999225616455
1994-12-27,2.9988787174224854
1994-12-28,2.9607584476470947
1994-12-29,2.922636032104492
1994-12-30,3.0497069358825684
1995-01-03,2.9607584476470947
1995-01-04,2.9607584476470947
1995-01-05,2.871807813644409
1995-01-06,2.9099268913269043
1995-01-09,2.871807813644409
1995-01-10,2.897221803665161
1995-01-11,2.871807813644409
1995-01-12,2.846392869949341
1995-01-13,2.846392869949341
1995-01-16,2.80827260017395
1995-01-17,2.859102249145508
1995-01-18,2.846392869949341
1995-01-19,2.820979118347168
1995-01-20,2.7955641746520996
1995-01-23,2.719320297241211
1995-01-24,2.757441759109497
1995-01-25,2.744736909866333
1995-01-26,2.732030153274536
1995-01-27,2.744736909866333
1995-01-30,2.719320297241211
1995-01-31,2.706615447998047
1995-02-01,2.706615447998047
1995-02-02,2.69390606880188
1995-02-03,2.6176655292510986
1995-02-06,2.6049585342407227
1995-02-07,2.643080472946167
1995-02-08,2.706615447998047
1995-02-09,2.744736909866333
1995-02-10,2.770151376724243
1995-02-13,2.757441759109497
1995-02-14,2.820979118347168
1995-02-15,2.7955641746520996
1995-02-16,2.744736909866333
1995-02-17,2.681199312210083
1995-02-21,2.770151376724243
1995-02-22,2.7955641746520996
1995-02-23,2.770151376724243
1995-02-24,2.757441759109497
1995-02-27,2.744736909866333
1995-02-28,2.757441759109497
1995-03-01,2.744736909866333
1995-03-02,2.770151376724243
1995-03-03,2.744736909866333
1995-03-06,2.744736909866333
1995-03-07,2.719320297241211
1995-03-08,2.706615447998047
1995-03-09,2.69390606880188
1995-03-10,2.6557857990264893
1995-03-13,2.6684939861297607
1995-03-14,2.6557857990264893
1995-03-15,2.6557857990264893
1995-03-16,2.6557857990264893
1995-03-17,2.630371570587158
1995-03-20,2.630371570587158
1995-03-21,2.681199312210083
1995-03-22,2.757441759109497
1995-03-23,2.744736909866333
1995-03-24,2.706615447998047
1995-03-27,2.7211265563964844
1995-03-28,2.6952133178710938
1995-03-29,2.6952133178710938
1995-03-30,2.6952133178710938
1995-03-31,2.6952133178710938
1995-04-03,2.6952133178710938
1995-04-04,2.7340846061706543
1995-04-05,2.7211265563964844
1995-04-06,2.68225359916687
1995-04-07,2.6952133178710938
1995-04-10,2.6952133178710938
1995-04-11,2.669297218322754
1995-04-12,2.630424737930298
1995-04-13,2.643381118774414
1995-04-17,2.656338930130005
1995-04-18,2.656338930130005
1995-04-19,2.630424737930298
1995-04-20,2.591549873352051
1995-04-21,2.591549873352051
1995-04-24,2.656338930130005
1995-04-25,2.7211265563964844
1995-04-26,2.7340846061706543
1995-04-27,2.785917282104492
1995-04-28,2.772958278656006
1995-05-01,2.785917282104492
1995-05-02,2.7340846061706543
1995-05-03,2.7340846061706543
1995-05-04,2.8247904777526855
1995-05-05,2.8895790576934814
1995-05-08,2.941410541534424
1995-05-09,2.98028302192688
1995-05-10,3.032111883163452
1995-05-11,3.006197690963745
1995-05-12,2.993242025375366
1995-05-15,3.006197690963745
1995-05-16,3.019157648086548
1995-05-17,3.006197690963745
1995-05-18,2.993242025375366
1995-05-19,2.9673242568969727
1995-05-22,3.019157648086548
1995-05-23,2.993242025375366
1995-05-24,2.993242025375366
1995-05-25,2.98028302192688
1995-05-26,2.98028302192688
1995-05-30,2.9673242568969727
1995-05-31,2.9673242568969727
1995-06-01,3.019157648086548
1995-06-02,3.032111883163452
1995-06-05,3.0839428901672363
1995-06-06,3.0709874629974365
1995-06-07,3.0580286979675293
1995-06-08,3.0450708866119385
1995-06-09,2.993242025375366
1995-06-12,2.9673242568969727
1995-06-13,2.954367160797119
1995-06-14,2.9673242568969727
1995-06-15,3.006197690963745
1995-06-16,3.0450708866119385
1995-06-19,3.019157648086548
1995-06-20,3.006197690963745
1995-06-21,3.006197690963745
1995-06-22,2.941410541534424
1995-06-23,2.9284515380859375
1995-06-26,2.9154951572418213
1995-06-27,2.9025371074676514
1995-06-28,2.8909196853637695
1995-06-29,2.8513174057006836
1995-06-30,2.94372296333313
1995-07-03,2.9701244831085205
1995-07-05,2.956923246383667
1995-07-06,3.0229244232177734
1995-07-07,3.102128028869629
1995-07-10,3.102128028869629
1995-07-11,3.115328311920166
1995-07-12,3.128530263900757
1995-07-13,3.154930830001831
1995-07-14,3.115328311920166
1995-07-17,3.154930830001831
1995-07-18,3.128530263900757
1995-07-19,3.036125898361206
1995-07-20,3.036125898361206
1995-07-21,3.036125898361206
1995-07-24,3.049328088760376
1995-07-25,3.036125898361206
1995-07-26,3.115328311920166
1995-07-27,3.115328311920166
1995-07-28,3.115328311920166
1995-07-31,3.115328311920166
1995-08-01,3.128530263900757
1995-08-02,3.128530263900757
1995-08-03,3.102128028869629
1995-08-04,3.115328311920166
1995-08-07,3.115328311920166
1995-08-08,3.115328311920166
1995-08-09,3.102128028869629
1995-08-10,3.128530263900757
1995-08-11,3.115328311920166
1995-08-14,3.128530263900757
1995-08-15,3.115328311920166
1995-08-16,3.102128028869629
1995-08-17,3.036125898361206
1995-08-18,3.049328088760376
1995-08-21,3.049328088760376
1995-08-22,3.0097246170043945
1995-08-23,3.0097246170043945
1995-08-24,3.049328088760376
1995-08-25,3.062526226043701
1995-08-28,3.0757291316986084
1995-08-29,3.141728401184082
1995-08-30,3.115328311920166
1995-08-31,3.115328311920166
1995-09-01,3.115328311920166
1995-09-05,3.115328311920166
1995-09-06,3.115328311920166
1995-09-07,3.128530263900757
1995-09-08,3.115328311920166
1995-09-11,3.154930830001831
1995-09-12,3.141728401184082
1995-09-13,3.181330442428589
1995-09-14,3.220933675765991
1995-09-15,3.2473344802856445
1995-09-18,3.220933675765991
1995-09-19,3.286935806274414
1995-09-20,3.2605347633361816
1995-09-21,3.286935806274414
1995-09-22,3.286935806274414
1995-09-25,3.286935806274414
1995-09-26,3.3001368045806885
1995-09-27,3.2614800930023193
1995-09-28,3.274904251098633
1995-09-29,3.2346367835998535
1995-10-02,3.1809520721435547
1995-10-03,3.1675310134887695
1995-10-04,3.1809520721435547
1995-10-05,3.2346367835998535
1995-10-06,3.2480595111846924
1995-10-09,3.194373846054077
1995-10-10,3.140686273574829
1995-10-11,3.140686273574829
1995-10-12,3.140686273574829
1995-10-13,3.140686273574829
1995-10-16,3.113842248916626
1995-10-17,3.140686273574829
1995-10-18,3.1004221439361572
1995-10-19,3.1004221439361572
1995-10-20,3.073577404022217
1995-10-23,3.033311605453491
1995-10-24,3.0467329025268555
1995-10-25,3.0467329025268555
1995-10-26,3.0467329025268555
1995-10-27,3.0467329025268555
1995-10-30,3.0198888778686523
1995-10-31,3.0198888778686523
1995-11-01,3.033311605453491
1995-11-02,3.0467329025268555
1995-11-03,3.0467329025268555
1995-11-06,3.0064687728881836
1995-11-07,3.0064687728881836
1995-11-08,3.0064687728881836
1995-11-09,3.0064687728881836
1995-11-10,3.0064687728881836
1995-11-13,3.033311605453491
1995-11-14,3.1004221439361572
1995-11-15,3.140686273574829
1995-11-16,3.127265214920044
1995-11-17,3.194373846054077
1995-11-20,3.1809520721435547
1995-11-21,3.1809520721435547
1995-11-22,3.207796096801758
1995-11-24,3.194373846054077
1995-11-27,3.288323163986206
1995-11-28,3.288323163986206
1995-11-29,3.2480595111846924
1995-11-30,3.3285915851593018
1995-12-01,3.3151679039001465
1995-12-04,3.3285915851593018
1995-12-05,3.3285915851593018
1995-12-06,3.382276773452759
1995-12-07,3.3688571453094482
1995-12-08,3.3688571453094482
1995-12-11,3.4225423336029053
1995-12-12,3.3956987857818604
1995-12-13,3.382276773452759
1995-12-14,3.382276773452759
1995-12-15,3.3554344177246094
1995-12-18,3.3285915851593018
1995-12-19,3.3688571453094482
1995-12-20,3.382276773452759
1995-12-21,3.3151679039001465
1995-12-22,3.3420116901397705
1995-12-26,3.3420116901397705
1995-12-27,3.3518600463867188
1995-12-28,3.3655426502227783
1995-12-29,3.3518600463867188
1996-01-02,3.3518600463867188
1996-01-03,3.297137498855591
1996-01-04,3.2287330627441406
1996-01-05,3.2013702392578125
1996-01-08,3.1740076541900635
1996-01-09,3.187690258026123
1996-01-10,3.1740076541900635
1996-01-11,3.256096124649048
1996-01-12,3.283458709716797
1996-01-15,3.324498176574707
1996-01-16,3.2287330627441406
1996-01-17,3.2013702392578125
1996-01-18,3.256096124649048
1996-01-19,3.3108198642730713
1996-01-22,3.297137498855591
1996-01-23,3.283458709716797
1996-01-24,3.256096124649048
1996-01-25,3.283458709716797
1996-01-26,3.297137498855591
1996-01-29,3.297137498855591
1996-01-30,3.3381824493408203
1996-01-31,3.3655426502227783
1996-02-01,3.324498176574707
1996-02-02,3.3108198642730713
1996-02-05,3.3655426502227783
1996-02-06,3.3518600463867188
1996-02-07,3.3792247772216797
1996-02-08,3.3792247772216797
1996-02-09,3.392906427383423
1996-02-12,3.4202682971954346
1996-02-13,3.4613120555877686
1996-02-14,3.5297160148620605
1996-02-15,3.5023534297943115
1996-02-16,3.516036033630371
1996-02-20,3.488673448562622
1996-02-21,3.474992036819458
1996-02-22,3.4339499473571777
1996-02-23,3.4202682971954346
1996-02-26,3.324498176574707
1996-02-27,3.447629690170288
1996-02-28,3.474992036819458
1996-02-29,3.474992036819458
1996-03-01,3.5023534297943115
1996-03-04,3.5023534297943115
1996-03-05,3.5433967113494873
1996-03-06,3.5981218814849854
1996-03-07,3.6528470516204834
1996-03-08,3.666527271270752
1996-03-11,3.666527271270752
1996-03-12,3.6391656398773193
1996-03-13,3.5844404697418213
1996-03-14,3.4613120555877686
1996-03-15,3.392906427383423
1996-03-18,3.474992036819458
1996-03-19,3.5023534297943115
1996-03-20,3.5023534297943115
1996-03-21,3.557077407836914
1996-03-22,3.5433967113494873
1996-03-25,3.5844404697418213
1996-03-26,3.570761203765869
1996-03-27,3.5529253482818604
1996-03-28,3.5529253482818604
1996-03-29,3.483259439468384
1996-04-01,3.511125326156616
1996-04-02,3.511125326156616
1996-04-03,3.525059938430786
1996-04-04,3.511125326156616
1996-04-08,3.483259439468384
1996-04-09,3.511125326156616
1996-04-10,3.511125326156616
1996-04-11,3.525059938430786
1996-04-12,3.594724178314209
1996-04-15,3.608656883239746
1996-04-16,3.664391040802002
1996-04-17,3.608656883239746
1996-04-18,3.636523723602295
1996-04-19,3.650456666946411
1996-04-22,3.678323984146118
1996-04-23,3.622591257095337
1996-04-24,3.608656883239746
1996-04-25,3.622591257095337
1996-04-26,3.608656883239746
1996-04-29,3.622591257095337
1996-04-30,3.594724178314209
1996-05-01,3.622591257095337
1996-05-02,3.608656883239746
1996-05-03,3.608656883239746
1996-05-06,3.594724178314209
1996-05-07,3.5389933586120605
1996-05-08,3.5668587684631348
1996-05-09,3.622591257095337
1996-05-10,3.650456666946411
1996-05-13,3.650456666946411
1996-05-14,3.5668587684631348
1996-05-15,3.5668587684631348
1996-05-16,3.483259439468384
1996-05-17,3.511125326156616
1996-05-20,3.4971954822540283
1996-05-21,3.469326972961426
1996-05-22,3.511125326156616
1996-05-23,3.511125326156616
1996-05-24,3.483259439468384
1996-05-28,3.469326972961426
1996-05-29,3.455395221710205
1996-05-30,3.469326972961426
1996-05-31,3.455395221710205
1996-06-03,3.455395221710205
1996-06-04,3.455395221710205
1996-06-05,3.5529253482818604
1996-06-06,3.5529253482818604
1996-06-07,3.5389933586120605
1996-06-10,3.5668587684631348
1996-06-11,3.594724178314209
1996-06-12,3.5668587684631348
1996-06-13,3.580791711807251
1996-06-14,3.650456666946411
1996-06-17,3.664391040802002
1996-06-18,3.664391040802002
1996-06-19,3.678323984146118
1996-06-20,3.664391040802002
1996-06-21,3.650456666946411
1996-06-24,3.692256212234497
1996-06-25,3.7201220989227295
1996-06-26,3.7445194721221924
1996-06-27,3.7161505222320557
1996-06-28,3.730334997177124
1996-07-01,3.758702278137207
1996-07-02,3.7870686054229736
1996-07-03,3.7870686054229736
1996-07-05,3.7870686054229736
1996-07-08,3.7728848457336426
1996-07-09,3.7728848457336426
1996-07-10,3.7870686054229736
1996-07-11,3.7870686054229736
1996-07-12,3.843806028366089
1996-07-15,3.829620361328125
1996-07-16,3.829620361328125
1996-07-17,3.829620361328125
1996-07-18,3.843806028366089
1996-07-19,3.857987880706787
1996-07-22,3.843806028366089
1996-07-23,3.829620361328125
1996-07-24,3.829620361328125
1996-07-25,3.843806028366089
1996-07-26,3.829620361328125
1996-07-29,3.857987880706787
1996-07-30,3.8154354095458984
1996-07-31,3.829620361328125
1996-08-01,3.8721721172332764
1996-08-02,3.9856419563293457
1996-08-05,3.9856419563293457
1996-08-06,3.9714579582214355
1996-08-07,3.957275629043579
1996-08-08,3.928908348083496
1996-08-09,3.900540351867676
1996-08-12,3.928908348083496
1996-08-13,3.9430906772613525
1996-08-14,3.9714579582214355
1996-08-15,3.928908348083496
1996-08-16,3.9147250652313232
1996-08-19,3.9430906772613525
1996-08-20,3.9714579582214355
1996-08-21,3.9714579582214355
1996-08-22,3.9714579582214355
1996-08-23,3.9714579582214355
1996-08-26,3.957275629043579
1996-08-27,3.9714579582214355
1996-08-28,3.9714579582214355
1996-08-29,3.9856419563293457
1996-08-30,4.01400899887085
1996-09-03,4.056560039520264
1996-09-04,4.042377471923828
1996-09-05,4.042377471923828
1996-09-06,4.01400899887085
1996-09-09,4.028194427490234
1996-09-10,4.042377471923828
1996-09-11,4.028194427490234
1996-09-12,4.042377471923828
1996-09-13,4.042377471923828
1996-09-16,4.01400899887085
1996-09-17,4.01400899887085
1996-09-18,3.999828577041626
1996-09-19,3.999828577041626
1996-09-20,4.01400899887085
1996-09-23,4.01400899887085
1996-09-24,4.042377471923828
1996-09-25,4.081606388092041
1996-09-26,4.096029758453369
1996-09-27,4.110452175140381
1996-09-30,4.110452175140381
1996-10-01,4.1681437492370605
1996-10-02,4.139297962188721
1996-10-03,4.182564735412598
1996-10-04,4.21141242980957
1996-10-07,4.1681437492370605
1996-10-08,4.1681437492370605
1996-10-09,4.196987152099609
1996-10-10,4.196987152099609
1996-10-11,4.254678726196289
1996-10-14,4.254678726196289
1996-10-15,4.269100666046143
1996-10-16,4.297945976257324
1996-10-17,4.312369346618652
1996-10-18,4.312369346618652
1996-10-21,4.283524036407471
1996-10-22,4.312369346618652
1996-10-23,4.312369346618652
1996-10-24,4.312369346618652
1996-10-25,4.312369346618652
1996-10-28,4.283524036407471
1996-10-29,4.269100666046143
1996-10-30,4.269100666046143
1996-10-31,4.2402544021606445
1996-11-01,4.312369346618652
1996-11-04,4.297945976257324
1996-11-05,4.370057582855225
1996-11-06,4.471019268035889
1996-11-07,4.442173957824707
1996-11-08,4.514284610748291
1996-11-11,4.528708457946777
1996-11-12,4.586397647857666
1996-11-13,4.600820064544678
1996-11-14,4.600820064544678
1996-11-15,4.615246295928955
1996-11-18,4.600820064544678
1996-11-19,4.600820064544678
1996-11-20,4.557555675506592
1996-11-21,4.557555675506592
1996-11-22,4.557555675506592
1996-11-25,4.600820064544678
1996-11-26,4.615246295928955
1996-11-27,4.672935485839844
1996-11-29,4.629670143127441
1996-12-02,4.745048999786377
1996-12-03,4.846006870269775
1996-12-04,4.788315296173096
1996-12-05,4.759471416473389
1996-12-06,4.773895263671875
1996-12-09,4.961389064788818
1996-12-10,4.946965217590332
1996-12-11,4.946965217590332
1996-12-12,4.946965217590332
1996-12-13,4.918119430541992
1996-12-16,4.8315839767456055
1996-12-17,4.8315839767456055
1996-12-18,4.946965217590332
1996-12-19,4.990234375
1996-12-20,4.918119430541992
1996-12-23,4.918119430541992
1996-12-24,4.947394371032715
1996-12-26,4.903481960296631
1996-12-27,4.93275785446167
1996-12-30,4.801023006439209
1996-12-31,4.830294609069824
1997-01-02,4.757112503051758
1997-01-03,4.801023006439209
1997-01-06,4.903481960296631
1997-01-07,4.93275785446167
1997-01-08,4.9766693115234375
1997-01-09,5.0059428215026855
1997-01-10,4.991304397583008
1997-01-13,5.020579814910889
1997-01-14,5.020579814910889
1997-01-15,5.064492702484131
1997-01-16,5.079131126403809
1997-01-17,4.962032318115234
1997-01-20,4.903481960296631
1997-01-21,4.918119430541992
1997-01-22,4.903481960296631
1997-01-23,4.8888444900512695
1997-01-24,4.830294609069824
1997-01-27,4.844931602478027
1997-01-28,4.859571933746338
1997-01-29,4.874207019805908
1997-01-30,4.903481960296631
1997-01-31,5.035219669342041
1997-02-03,5.020579814910889
1997-02-04,4.991304397583008
1997-02-05,4.991304397583008
1997-02-06,4.991304397583008
1997-02-07,5.0059428215026855
1997-02-10,5.0059428215026855
1997-02-11,4.947394371032715
1997-02-12,5.020579814910889
1997-02-13,5.210865020751953
1997-02-14,5.210865020751953
1997-02-18,5.269416332244873
1997-02-19,5.327963829040527
1997-02-20,5.31332540512085
1997-02-21,5.2986907958984375
1997-02-24,5.31332540512085
1997-02-25,5.327963829040527
1997-02-26,5.342602729797363
1997-02-27,5.327963829040527
1997-02-28,5.2986907958984375
1997-03-03,5.327963829040527
1997-03-04,5.342602729797363
1997-03-05,5.371874809265137
1997-03-06,5.401150226593018
1997-03-07,5.591434478759766
1997-03-10,5.620708465576172
1997-03-11,5.664620399475098
1997-03-12,5.679258346557617
1997-03-13,5.620708465576172
1997-03-14,5.576798915863037
1997-03-17,5.576798915863037
1997-03-18,5.547519207000732
1997-03-19,5.562160015106201
1997-03-20,5.591434478759766
1997-03-21,5.547519207000732
1997-03-24,5.488973617553711
1997-03-25,5.444467544555664
1997-03-26,5.39996337890625
1997-03-27,5.355458736419678
1997-03-31,5.273865699768066
1997-04-01,5.266445636749268
1997-04-02,5.296118259429932
1997-04-03,5.296118259429932
1997-04-04,5.296118259429932
1997-04-07,5.39996337890625
1997-04-08,5.444467544555664
1997-04-09,5.414799213409424
1997-04-10,5.355458736419678
1997-04-11,5.310952186584473
1997-04-14,5.266445636749268
1997-04-15,5.281282424926758
1997-04-16,5.207106590270996
1997-04-17,5.132931709289551
1997-04-18,5.118097305297852
1997-04-21,5.147768020629883
1997-04-22,5.103262424468994
1997-04-23,4.984579086303711
1997-04-24,5.029087066650391
1997-04-25,5.029087066650391
1997-04-28,5.073591709136963
1997-04-29,5.147768020629883
1997-04-30,5.1922712326049805
1997-05-01,5.162600517272949
1997-05-02,5.162600517272949
1997-05-05,5.207106590270996
1997-05-06,5.132931709289551
1997-05-07,5.103262424468994
1997-05-08,5.088425636291504
1997-05-09,5.103262424468994
1997-05-12,5.132931709289551
1997-05-13,5.103262424468994
1997-05-14,5.162600517272949
1997-05-15,5.251614570617676
1997-05-16,5.325788497924805
1997-05-19,5.39996337890625
1997-05-20,5.370294570922852
1997-05-21,5.4296345710754395
1997-05-22,5.4296345710754395
1997-05-23,5.444467544555664
1997-05-27,5.45930290222168
1997-05-28,5.4741387367248535
1997-05-29,5.4741387367248535
1997-05-30,5.6076507568359375
1997-06-02,5.518643856048584
1997-06-03,5.518643856048584
1997-06-04,5.4741387367248535
1997-06-05,5.414799213409424
1997-06-06,5.5631489753723145
1997-06-09,5.444467544555664
1997-06-10,5.444467544555664
1997-06-11,5.4296345710754395
1997-06-12,5.444467544555664
1997-06-13,5.488973140716553
1997-06-16,5.5631489753723145
1997-06-17,5.5631489753723145
1997-06-18,5.5631489753723145
1997-06-19,5.5631489753723145
1997-06-20,5.533481121063232
1997-06-23,5.577978134155273
1997-06-24,5.540898323059082
1997-06-25,5.54841423034668
1997-06-26,5.578487873077393
1997-06-27,5.601041316986084
1997-06-30,5.713813781738281
1997-07-01,5.713813781738281
1997-07-02,5.766444683074951
1997-07-03,5.743887424468994
1997-07-07,5.773958206176758
1997-07-08,5.8867340087890625
1997-07-09,5.8641791343688965
1997-07-10,5.939361572265625
1997-07-11,6.01453971862793
1997-07-14,6.007021903991699
1997-07-15,6.067167282104492
1997-07-16,6.13483190536499
1997-07-17,6.13483190536499
1997-07-18,6.13483190536499
1997-07-21,6.052133560180664
1997-07-22,6.142354965209961
1997-07-23,6.179942607879639
1997-07-24,6.202500820159912
1997-07-25,6.240087985992432
1997-07-28,6.217533588409424
1997-07-29,6.16490364074707
1997-07-30,6.119795322418213
1997-07-31,6.067167282104492
1997-08-01,6.16490364074707
1997-08-04,6.194976806640625
1997-08-05,6.300234317779541
1997-08-06,6.31527042388916
1997-08-07,6.31527042388916
1997-08-08,6.31527042388916
1997-08-11,6.1874566078186035
1997-08-12,6.13483190536499
1997-08-13,6.074686050415039
1997-08-14,6.119795322418213
1997-08-15,6.15739107131958
1997-08-18,6.240087985992432
1997-08-19,6.255122184753418
1997-08-20,6.270159721374512
1997-08-21,6.142354965209961
1997-08-22,6.142354965209961
1997-08-25,6.067167282104492
1997-08-26,6.127316951751709
1997-08-27,6.059649467468262
1997-08-28,5.8641791343688965
1997-08-29,5.8566575050354
1997-09-02,5.8867340087890625
1997-09-03,5.976952075958252
1997-09-04,6.02957820892334
1997-09-05,6.022057056427002
1997-09-08,6.01453971862793
1997-09-09,6.022057056427002
1997-09-10,6.044612884521484
1997-09-11,6.149868965148926
1997-09-12,6.17242431640625
1997-09-15,6.104760646820068
1997-09-16,6.127316951751709
1997-09-17,6.112278938293457
1997-09-18,6.074686050415039
1997-09-19,6.067167282104492
1997-09-22,6.074686050415039
1997-09-23,6.179942607879639
1997-09-24,6.187554836273193
1997-09-25,6.256051063537598
1997-09-26,6.324544429779053
1997-09-29,6.423488140106201
1997-09-30,6.644198894500732
1997-10-01,6.674643039703369
1997-10-02,6.6289777755737305
1997-10-03,6.606142997741699
1997-10-06,6.6289777755737305
1997-10-07,6.644198894500732
1997-10-08,6.659420013427734
1997-10-09,6.613755226135254
1997-10-10,6.575700283050537
1997-10-13,6.507206439971924
1997-10-14,6.461541175842285
1997-10-15,6.423488140106201
1997-10-16,6.393043518066406
1997-10-17,6.393043518066406
1997-10-20,6.400652885437012
1997-10-21,6.377822399139404
1997-10-22,6.385430335998535
1997-10-23,6.37021017074585
1997-10-24,6.324544429779053
1997-10-27,6.187554836273193
1997-10-28,6.096220016479492
1997-10-29,6.179942607879639
1997-10-30,6.134275913238525
1997-10-31,6.149496555328369
1997-11-03,6.149496555328369
1997-11-04,6.119054794311523
1997-11-05,6.172330379486084
1997-11-06,6.179942607879639
1997-11-07,6.164719104766846
1997-11-10,6.134275913238525
1997-11-11,6.081000804901123
1997-11-12,6.0429487228393555
1997-11-13,6.004894256591797
1997-11-14,6.0277252197265625
1997-11-17,6.050560474395752
1997-11-18,6.050560474395752
1997-11-19,6.05816650390625
1997-11-20,6.111444473266602
1997-11-21,6.111444473266602
1997-11-24,6.05816650390625
1997-11-25,6.035335063934326
1997-11-26,6.0429487228393555
1997-11-28,6.088611125946045
1997-12-01,6.05816650390625
1997-12-02,5.974450588226318
1997-12-03,6.073390483856201
1997-12-04,6.088611125946045
1997-12-05,6.0277252197265625
1997-12-08,6.096220016479492
1997-12-09,6.179942607879639
1997-12-10,6.31693696975708
1997-12-11,6.270944118499756
1997-12-12,6.293967247009277
1997-12-15,6.270944118499756
1997-12-16,6.293967247009277
1997-12-17,6.309321880340576
1997-12-18,6.301646709442139
1997-12-19,6.140456676483154
1997-12-22,6.125103950500488
1997-12-23,6.155806541442871
1997-12-24,6.217212677001953
1997-12-26,6.201863765716553
1997-12-29,6.247915267944336
1997-12-30,6.247915267944336
1997-12-31,6.209537029266357
1998-01-02,6.217212677001953
1998-01-05,6.2325663566589355
1998-01-06,6.224888324737549
1998-01-07,6.224888324737549
1998-01-08,6.255593299865723
1998-01-09,6.26326847076416
1998-01-12,6.201863765716553
1998-01-13,6.194185733795166
1998-01-14,6.224888324737549
1998-01-15,6.324671745300293
1998-01-16,6.401428699493408
1998-01-20,6.278616905212402
1998-01-21,6.194185733795166
1998-01-22,6.155806541442871
1998-01-23,6.14813232421875
1998-01-26,6.163485527038574
1998-01-27,6.171158313751221
1998-01-28,6.293967247009277
1998-01-29,6.270944118499756
1998-01-30,6.278616905212402
1998-02-02,6.278616905212402
1998-02-03,6.240242958068848
1998-02-04,6.194185733795166
1998-02-05,6.194185733795166
1998-02-06,6.201863765716553
1998-02-09,6.217212677001953
1998-02-10,6.224888324737549
1998-02-11,6.209537029266357
1998-02-12,6.201863765716553
1998-02-13,6.171158313751221
1998-02-17,6.18651008605957
1998-02-18,6.140456676483154
1998-02-19,6.017651081085205
1998-02-20,6.025325298309326
1998-02-23,6.079051971435547
1998-02-24,6.017651081085205
1998-02-25,6.025325298309326
1998-02-26,6.017651081085205
1998-02-27,5.89484167098999
1998-03-02,5.833435535430908
1998-03-03,5.887166500091553
1998-03-04,5.956243515014648
1998-03-05,5.910192012786865
1998-03-06,5.986948490142822
1998-03-09,5.979269504547119
1998-03-10,5.986948490142822
1998-03-11,6.009974956512451
1998-03-12,6.017651081085205
1998-03-13,5.994621753692627
1998-03-16,5.986948490142822
1998-03-17,5.956243515014648
1998-03-18,5.986948490142822
1998-03-19,6.009974956512451
1998-03-20,6.140456676483154
1998-03-23,6.109752178192139
1998-03-24,6.125103950500488
1998-03-25,6.278528690338135
1998-03-26,6.325213432312012
1998-03-27,6.278528690338135
1998-03-30,6.270749092102051
1998-03-31,6.255188465118408
1998-04-01,6.262970924377441
1998-04-02,6.270749092102051
1998-04-03,6.301869869232178
1998-04-06,6.239628314971924
1998-04-07,6.294090747833252
1998-04-08,6.33298921585083
1998-04-09,6.379671573638916
1998-04-13,6.434134483337402
1998-04-14,6.403007984161377
1998-04-15,6.379671573638916
1998-04-16,6.3096513748168945
1998-04-17,6.208506107330322
1998-04-20,6.200727939605713
1998-04-21,6.146270275115967
1998-04-22,6.154048442840576
1998-04-23,6.115151405334473
1998-04-24,6.021788120269775
1998-04-27,6.029568672180176
1998-04-28,6.060686111450195
1998-04-29,6.115151405334473
1998-04-30,6.115151405334473
1998-05-01,6.122928619384766
1998-05-04,6.122928619384766
1998-05-05,6.107370376586914
1998-05-06,6.107370376586914
1998-05-07,6.122928619384766
1998-05-08,6.09959077835083
1998-05-11,6.115151405334473
1998-05-12,6.13070821762085
1998-05-13,6.146270275115967
1998-05-14,6.13070821762085
1998-05-15,6.037347316741943
1998-05-18,6.068470001220703
1998-05-19,6.052911281585693
1998-05-20,5.9751081466674805
1998-05-21,5.9751081466674805
1998-05-22,6.029568672180176
1998-05-26,6.029568672180176
1998-05-27,5.943985939025879
1998-05-28,6.04512882232666
1998-05-29,6.091809272766113
1998-06-01,6.091809272766113
1998-06-02,6.09959077835083
1998-06-03,6.091809272766113
1998-06-04,6.091809272766113
1998-06-05,6.107370376586914
1998-06-08,6.17739200592041
1998-06-09,6.169607162475586
1998-06-10,6.169607162475586
1998-06-11,6.13070821762085
1998-06-12,6.060686111450195
1998-06-15,6.014007568359375
1998-06-16,5.943985939025879
1998-06-17,5.943985939025879
1998-06-18,5.835064888000488
1998-06-19,5.819504261016846
1998-06-22,5.78838586807251
1998-06-23,5.7105841636657715
1998-06-24,5.7083740234375
1998-06-25,5.676792144775391
1998-06-26,5.661001205444336
1998-06-29,5.755743980407715
1998-06-30,5.984711647033691
1998-07-01,5.897863864898682
1998-07-02,5.882071495056152
1998-07-06,5.8662800788879395
1998-07-07,5.953131198883057
1998-07-08,5.897863864898682
1998-07-09,5.724164962768555
1998-07-10,5.818910598754883
1998-07-13,5.834696292877197
1998-07-14,5.834696292877197
1998-07-15,5.795222759246826
1998-07-16,5.811013698577881
1998-07-17,5.811013698577881
1998-07-20,5.811013698577881
1998-07-21,5.779431343078613
1998-07-22,5.779431343078613
1998-07-23,5.74785041809082
1998-07-24,5.732059001922607
1998-07-27,5.542569637298584
1998-07-28,5.305706977844238
1998-07-29,5.274126052856445
1998-07-30,5.305706977844238
1998-07-31,5.305706977844238
1998-08-03,5.25044059753418
1998-08-04,5.139904499053955
1998-08-05,5.163590431213379
1998-08-06,5.289916038513184
1998-08-07,5.321497917175293
1998-08-10,5.289916038513184
1998-08-11,5.282021522521973
1998-08-12,5.329394817352295
1998-08-13,5.305706977844238
1998-08-14,5.305706977844238
1998-08-17,5.337289810180664
1998-08-18,5.408348083496094
1998-08-19,5.360978126525879
1998-08-20,5.305706977844238
1998-08-21,5.25044059753418
1998-08-24,5.210961818695068
1998-08-25,5.218857765197754
1998-08-26,5.321497917175293
1998-08-27,5.218857765197754
1998-08-28,5.210961818695068
1998-08-31,5.045161247253418
1998-09-01,4.95830774307251
1998-09-02,4.855670928955078
1998-09-03,4.816193580627441
1998-09-04,4.776713848114014
1998-09-08,4.760925769805908
1998-09-09,4.737239360809326
1998-09-10,4.603014945983887
1998-09-11,4.547751426696777
1998-09-14,4.497226715087891
1998-09-15,4.55354118347168
1998-09-16,4.746626377105713
1998-09-17,4.738579750061035
1998-09-18,4.891435623168945
1998-09-21,5.173016548156738
1998-09-22,5.599408149719238
1998-09-23,5.655723571777344
1998-09-24,5.679862022399902
1998-09-25,5.5672287940979
1998-09-28,5.5672287940979
1998-09-29,5.502867698669434
1998-09-30,5.430461406707764
1998-10-01,5.390235424041748
1998-10-02,5.422414779663086
1998-10-05,5.350010395050049
1998-10-06,5.269558906555176
1998-10-07,5.229335308074951
1998-10-08,5.076474189758301
1998-10-09,5.148881912231445
1998-10-12,5.197152137756348
1998-10-13,5.213242530822754
1998-10-14,5.2373785972595215
1998-10-15,5.358055114746094
1998-10-16,5.390235424041748
1998-10-19,5.414369583129883
1998-10-20,5.430461406707764
1998-10-21,5.406325817108154
1998-10-22,5.229335308074951
1998-10-23,5.181061744689941
1998-10-26,5.084521293640137
1998-10-27,5.173016548156738
1998-10-28,5.197152137756348
1998-10-29,5.285648345947266
1998-10-30,5.406325817108154
1998-11-02,5.438504219055176
1998-11-03,5.478733062744141
1998-11-04,5.494821548461914
1998-11-05,5.470686912536621
1998-11-06,5.390235424041748
1998-11-09,5.398280143737793
1998-11-10,5.486777305603027
1998-11-11,5.518956661224365
1998-11-12,5.502867698669434
1998-11-13,5.470686912536621
1998-11-16,5.398280143737793
1998-11-17,5.366097927093506
1998-11-18,5.398280143737793
1998-11-19,5.430461406707764
1998-11-20,5.422414779663086
1998-11-23,5.502867698669434
1998-11-24,5.5350470542907715
1998-11-25,5.543091297149658
1998-11-27,5.518956661224365
1998-11-30,5.462643623352051
1998-12-01,5.398280143737793
1998-12-02,5.454594135284424
1998-12-03,5.486777305603027
1998-12-04,5.422414779663086
1998-12-07,5.406325817108154
1998-12-08,5.398280143737793
1998-12-09,5.374145984649658
1998-12-10,5.358055114746094
1998-12-11,5.358055114746094
1998-12-14,5.366097927093506
1998-12-15,5.406325817108154
1998-12-16,5.417453289031982
1998-12-17,5.417453289031982
1998-12-18,5.384722709655762
1998-12-21,5.311069011688232
1998-12-22,5.286520004272461
1998-12-23,5.286520004272461
1998-12-24,5.278337478637695
1998-12-28,5.286520004272461
1998-12-29,5.294703483581543
1998-12-30,5.2537841796875
1998-12-31,5.278337478637695
1999-01-04,5.360171318054199
1999-01-05,5.368353843688965
1999-01-06,5.450189113616943
1999-01-07,5.425638675689697
1999-01-08,5.392902374267578
1999-01-11,5.417453289031982
1999-01-12,5.384722709655762
1999-01-13,5.368353843688965
1999-01-14,5.319256782531738
1999-01-15,5.261969089508057
1999-01-19,5.376538276672363
1999-01-20,5.474740028381348
1999-01-21,5.466556549072266
1999-01-22,5.311069011688232
1999-01-25,5.360171318054199
1999-01-26,5.343803405761719
1999-01-27,5.368353843688965
1999-01-28,5.368353843688965
1999-01-29,5.343803405761719
1999-02-01,5.392902374267578
1999-02-02,5.3356194496154785
1999-02-03,5.302886486053467
1999-02-04,5.294703483581543
1999-02-05,5.270153045654297
1999-02-08,5.3356194496154785
1999-02-09,5.351987838745117
1999-02-10,5.3356194496154785
1999-02-11,5.343803405761719
1999-02-12,5.294703483581543
1999-02-16,5.261969089508057
1999-02-17,5.294703483581543
1999-02-18,5.294703483581543
1999-02-19,5.294703483581543
1999-02-22,5.327437400817871
1999-02-23,5.360171318054199
1999-02-24,5.368353843688965
1999-02-25,5.360171318054199
1999-02-26,5.368353843688965
1999-03-01,5.319256782531738
1999-03-02,5.360171318054199
1999-03-03,5.351987838745117
1999-03-04,5.368353843688965
1999-03-05,5.319256782531738
1999-03-08,5.376538276672363
1999-03-09,5.384722709655762
1999-03-10,5.3356194496154785
1999-03-11,5.3356194496154785
1999-03-12,5.311069011688232
1999-03-15,5.327437400817871
1999-03-16,5.3356194496154785
1999-03-17,5.430233478546143
1999-03-18,5.438560962677002
1999-03-19,5.496860980987549
1999-03-22,5.463547229766846
1999-03-23,5.463547229766846
1999-03-24,5.446890354156494
1999-03-25,5.438560962677002
1999-03-26,5.5135178565979
1999-03-29,5.4885334968566895
1999-03-30,5.4885334968566895
1999-03-31,5.496860980987549
1999-04-01,5.446890354156494
1999-04-05,5.463547229766846
1999-04-06,5.463547229766846
1999-04-07,5.438560962677002
1999-04-08,5.413577556610107
1999-04-09,5.430233478546143
1999-04-12,5.496860980987549
1999-04-13,5.463547229766846
1999-04-14,5.5135178565979
1999-04-15,5.671760559082031
1999-04-16,5.963258266448975
1999-04-19,6.046545028686523
1999-04-20,6.021564960479736
1999-04-21,6.088191986083984
1999-04-22,6.179803848266602
1999-04-23,6.054879665374756
1999-04-26,6.021564960479736
1999-04-27,5.913293838500977
1999-04-28,6.021564960479736
1999-04-29,5.979916572570801
1999-04-30,6.163149833679199
1999-05-03,6.163149833679199
1999-05-04,6.188131332397461
1999-05-05,6.229776859283447
1999-05-06,6.229776859283447
1999-05-07,6.313063621520996
1999-05-10,6.329721450805664
1999-05-11,6.279746055603027
1999-05-12,6.321390151977539
1999-05-13,6.271421909332275
1999-05-14,6.254762649536133
1999-05-17,6.229776859283447
1999-05-18,6.179803848266602
1999-05-19,6.271421909332275
1999-05-20,6.279746055603027
1999-05-21,6.288076877593994
1999-05-24,6.346377372741699
1999-05-25,6.388021945953369
1999-05-26,6.338048458099365
1999-05-27,6.379693508148193
1999-05-28,6.388021945953369
1999-06-01,6.379693508148193
1999-06-02,6.388021945953369
1999-06-03,6.388021945953369
1999-06-04,6.321390151977539
1999-06-07,6.321390151977539
1999-06-08,6.263089179992676
1999-06-09,6.279746055603027
1999-06-10,6.229776859283447
1999-06-11,6.188131332397461
1999-06-14,6.146490097045898
1999-06-15,6.279746055603027
1999-06-16,6.27433443069458
1999-06-17,6.206689357757568
1999-06-18,6.172862529754639
1999-06-21,6.1390380859375
1999-06-22,6.14749813079834
1999-06-23,6.105217456817627
1999-06-24,6.105217456817627
1999-06-25,5.986832618713379
1999-06-28,6.1390380859375
1999-06-29,6.079850673675537
1999-06-30,6.09675931930542
1999-07-01,6.079850673675537
1999-07-02,6.079850673675537
1999-07-06,6.113675594329834
1999-07-07,5.978374481201172
1999-07-08,5.9022722244262695
1999-07-09,6.0629377365112305
1999-07-12,6.09675931930542
1999-07-13,6.0629377365112305
1999-07-14,5.817713737487793
1999-07-15,5.851535797119141
1999-07-16,5.859992504119873
1999-07-19,5.868448734283447
1999-07-20,5.817713737487793
1999-07-21,5.7754364013671875
1999-07-22,5.750066757202148
1999-07-23,5.750066757202148
1999-07-26,5.657049179077148
1999-07-27,5.657049179077148
1999-07-28,5.589401721954346
1999-07-29,5.547121524810791
1999-07-30,5.589401721954346
1999-08-02,5.555579662322998
1999-08-03,5.521754264831543
1999-08-04,5.538663387298584
1999-08-05,5.555579662322998
1999-08-06,5.606315612792969
1999-08-09,5.640135765075684
1999-08-10,5.690873146057129
1999-08-11,5.6824164390563965
1999-08-12,5.80079984664917
1999-08-13,5.843081951141357
1999-08-16,5.8346266746521
1999-08-17,5.876906871795654
1999-08-18,5.876906871795654
1999-08-19,5.936097145080566
1999-08-20,5.919186115264893
1999-08-23,5.944550037384033
1999-08-24,5.953008651733398
1999-08-25,5.885361671447754
1999-08-26,5.851535797119141
1999-08-27,5.817713737487793
1999-08-30,5.792344570159912
1999-08-31,5.953008651733398
1999-09-01,5.944550037384033
1999-09-02,5.936097145080566
1999-09-03,5.978374481201172
1999-09-07,5.995290279388428
1999-09-08,5.986832618713379
1999-09-09,6.003747940063477
1999-09-10,5.986832618713379
1999-09-13,5.936097145080566
1999-09-14,5.885361671447754
1999-09-15,5.919186115264893
1999-09-16,5.989405155181885
1999-09-17,6.01522159576416
1999-09-20,5.998009204864502
1999-09-21,5.920561790466309
1999-09-22,5.929168224334717
1999-09-23,5.963588714599609
1999-09-24,5.868927001953125
1999-09-27,5.834508895874023
1999-09-28,5.817296504974365
1999-09-29,5.782872200012207
1999-09-30,5.834508895874023
1999-10-01,5.79148006439209
1999-10-04,5.851719856262207
1999-10-05,5.868927001953125
1999-10-06,5.920561790466309
1999-10-07,5.851719856262207
1999-10-08,5.71403169631958
1999-10-11,5.782872200012207
1999-10-12,5.80008602142334
1999-10-13,5.774267673492432
1999-10-14,5.782872200012207
1999-10-15,5.653792858123779
1999-10-18,5.653792858123779
1999-10-19,5.636579513549805
1999-10-20,5.550528049468994
1999-10-21,5.576342582702637
1999-10-22,5.576342582702637
1999-10-25,5.576342582702637
1999-10-26,5.559130668640137
1999-10-27,5.584949970245361
1999-10-28,5.619370937347412
1999-10-29,5.757059097290039
1999-11-01,5.808692455291748
1999-11-02,5.86032247543335
1999-11-03,5.86032247543335
1999-11-04,5.79148006439209
1999-11-05,5.757059097290039
1999-11-08,5.731238842010498
1999-11-09,5.748453140258789
1999-11-10,5.7398457527160645
1999-11-11,5.688216209411621
1999-11-12,5.671003818511963
1999-11-15,5.6021623611450195
1999-11-16,5.567735195159912
1999-11-17,5.576342582702637
1999-11-18,5.5333170890808105
1999-11-19,5.473076820373535
1999-11-22,5.490288257598877
1999-11-23,5.473076820373535
1999-11-24,5.447261333465576
1999-11-26,5.473076820373535
1999-11-29,5.4988932609558105
1999-11-30,5.5333170890808105
1999-12-01,5.627974987030029
1999-12-02,5.576342582702637
1999-12-03,5.610766410827637
1999-12-06,5.636579513549805
1999-12-07,5.619370937347412
1999-12-08,5.576342582702637
1999-12-09,5.541921138763428
1999-12-10,5.464474678039551
1999-12-13,5.438657760620117
1999-12-14,5.41283655166626
1999-12-15,5.395629405975342
1999-12-16,5.39703369140625
1999-12-17,5.65152645111084
1999-12-20,5.712959289550781
1999-12-21,5.686628341674805
1999-12-22,5.642752170562744
1999-12-23,5.739282608032227
1999-12-27,5.712959289550781
1999-12-28,5.8358154296875
1999-12-29,5.879695415496826
1999-12-30,5.9499006271362305
1999-12-31,5.993777751922607
2000-01-03,5.9235734939575195
2000-01-04,5.879695415496826
2000-01-05,6.002555847167969
2000-01-06,6.063982009887695
2000-01-07,6.178066730499268
2000-01-10,6.221945762634277
2000-01-11,6.186840534210205
2000-01-12,6.160515785217285
2000-01-13,6.090308666229248
2000-01-14,5.984999656677246
2000-01-18,5.932348251342773
2000-01-19,5.95867395401001
2000-01-20,5.9235734939575195
2000-01-21,5.984999656677246
2000-01-24,5.914797306060791
2000-01-25,5.9060211181640625
2000-01-26,5.914797306060791
2000-01-27,5.932348251342773
2000-01-28,5.879695415496826
2000-01-31,5.827040672302246
2000-02-01,5.897243022918701
2000-02-02,5.888468265533447
2000-02-03,5.853365421295166
2000-02-04,5.862143516540527
2000-02-07,5.844588756561279
2000-02-08,5.879695415496826
2000-02-09,5.853365421295166
2000-02-10,5.748056888580322
2000-02-11,5.686628341674805
2000-02-14,5.633975982666016
2000-02-15,5.642752170562744
2000-02-16,5.598872184753418
2000-02-17,5.563770771026611
2000-02-18,5.5725483894348145
2000-02-22,5.563770771026611
2000-02-23,5.581320762634277
2000-02-24,5.546220779418945
2000-02-25,5.546220779418945
2000-02-28,5.519888877868652
2000-02-29,5.607647895812988
2000-03-01,5.6164231300354
2000-03-02,5.6251983642578125
2000-03-03,5.6251983642578125
2000-03-06,5.6251983642578125
2000-03-07,5.633975982666016
2000-03-08,5.519888877868652
2000-03-09,5.528669357299805
2000-03-10,5.528669357299805
2000-03-13,5.502341270446777
2000-03-14,5.484792709350586
2000-03-15,5.519888877868652
2000-03-16,5.619755744934082
2000-03-17,5.682399272918701
2000-03-20,5.655556678771973
2000-03-21,5.727143287658691
2000-03-22,5.718195915222168
2000-03-23,5.753990173339844
2000-03-24,5.780832290649414
2000-03-27,5.700296401977539
2000-03-28,5.709245681762695
2000-03-29,5.753990173339844
2000-03-30,5.789783000946045
2000-03-31,5.753990173339844
2000-04-03,5.807681560516357
2000-04-04,5.852425575256348
2000-04-05,5.915065765380859
2000-04-06,5.932962894439697
2000-04-07,6.031397342681885
2000-04-10,6.138779640197754
2000-04-11,6.1298322677612305
2000-04-12,6.210370063781738
2000-04-13,6.281959056854248
2000-04-14,6.273013591766357
2000-04-17,6.264064311981201
2000-04-18,6.353549003601074
2000-04-19,6.353549003601074
2000-04-20,6.326701641082764
2000-04-24,6.416191101074219
2000-04-25,6.407238006591797
2000-04-26,6.460931301116943
2000-04-27,6.478830814361572
2000-04-28,6.514623641967773
2000-05-01,6.568317413330078
2000-05-02,6.639903545379639
2000-05-03,6.586214542388916
2000-05-04,6.6309590339660645
2000-05-05,6.6309590339660645
2000-05-08,6.639903545379639
2000-05-09,6.666752815246582
2000-05-10,6.622008800506592
2000-05-11,6.586214542388916
2000-05-12,6.541472911834717
2000-05-15,6.577267646789551
2000-05-16,6.577267646789551
2000-05-17,6.577267646789551
2000-05-18,6.613058567047119
2000-05-19,6.577267646789551
2000-05-22,6.568317413330078
2000-05-23,6.550420761108398
2000-05-24,6.443038463592529
2000-05-25,6.407238006591797
2000-05-26,6.380391597747803
2000-05-30,6.3625006675720215
2000-05-31,6.389345645904541
2000-06-01,6.380391597747803
2000-06-02,6.380391597747803
2000-06-05,6.434088706970215
2000-06-06,6.487781047821045
2000-06-07,6.622008800506592
2000-06-08,6.639903545379639
2000-06-09,6.666752815246582
2000-06-12,6.662278652191162
2000-06-13,6.698073863983154
2000-06-14,6.8949456214904785
2000-06-15,6.783085823059082
2000-06-16,6.820920944213867
2000-06-19,6.748162746429443
2000-06-20,6.875489234924316
2000-06-21,6.811822414398193
2000-06-22,6.839109420776367
2000-06-23,6.834558963775635
2000-06-26,6.807278156280518
2000-06-27,6.88003396987915
2000-06-28,6.88003396987915
2000-06-29,6.88003396987915
2000-06-30,6.691323757171631
2000-07-03,6.816370010375977
2000-07-05,6.998263835906982
2000-07-06,6.984617710113525
2000-07-07,7.089208602905273
2000-07-10,7.061923980712891
2000-07-11,7.093759059906006
2000-07-12,7.03463888168335
2000-07-13,7.016452312469482
2000-07-14,6.934601783752441
2000-07-17,6.893673419952393
2000-07-18,6.893673419952393
2000-07-19,6.884578227996826
2000-07-20,6.884578227996826
2000-07-21,7.021001815795898
2000-07-24,7.039189338684082
2000-07-25,7.121036052703857
2000-07-26,7.184702396392822
2000-07-27,7.266552448272705
2000-07-28,7.2392683029174805
2000-07-31,7.257456302642822
2000-08-01,7.4211602210998535
2000-08-02,7.448441028594971
2000-08-03,7.3302154541015625
2000-08-04,7.257456302642822
2000-08-07,7.175602912902832
2000-08-08,7.298383712768555
2000-08-09,7.29383659362793
2000-08-10,7.339305877685547
2000-08-11,7.384779453277588
2000-08-14,7.393874645233154
2000-08-15,7.402968406677246
2000-08-16,7.402968406677246
2000-08-17,7.41206169128418
2000-08-18,7.384779453277588
2000-08-21,7.366591453552246
2000-08-22,7.3120245933532715
2000-08-23,7.139226913452148
2000-08-24,7.039189338684082
2000-08-25,7.061923980712891
2000-08-28,7.030092239379883
2000-08-29,6.802727699279785
2000-08-30,6.984617710113525
2000-08-31,6.984617710113525
2000-09-01,6.97097635269165
2000-09-05,7.021001815795898
2000-09-06,7.021001815795898
2000-09-07,7.139226913452148
2000-09-08,7.348405838012695
2000-09-11,7.266552448272705
2000-09-12,7.266552448272705
2000-09-13,7.2392683029174805
2000-09-14,7.202890396118164
2000-09-15,7.184702396392822
2000-09-18,7.0371174812316895
2000-09-19,7.1110944747924805
2000-09-20,7.064856052398682
2000-09-21,6.944642066955566
2000-09-22,7.0371174812316895
2000-09-25,6.972382068634033
2000-09-26,7.0371174812316895
2000-09-27,7.134212017059326
2000-09-28,7.15733003616333
2000-09-29,7.101843357086182
2000-10-02,6.972382068634033
2000-10-03,6.916900634765625
2000-10-04,6.805934906005859
2000-10-05,6.805934906005859
2000-10-06,6.805934906005859
2000-10-09,6.741203784942627
2000-10-10,6.713462829589844
2000-10-11,6.805934906005859
2000-10-12,6.731956481933594
2000-10-13,6.694971084594727
2000-10-16,6.8521728515625
2000-10-17,6.759698390960693
2000-10-18,6.657981872558594
2000-10-19,6.741203784942627
2000-10-20,6.842926025390625
2000-10-23,6.759698390960693
2000-10-24,6.704216480255127
2000-10-25,6.639486789703369
2000-10-26,6.722712993621826
2000-10-27,6.870666027069092
2000-10-30,6.88916015625
2000-10-31,6.963139533996582
2000-11-01,6.944642066955566
2000-11-02,6.953893184661865
2000-11-03,6.953893184661865
2000-11-06,7.027871608734131
2000-11-07,7.018619537353516
2000-11-08,7.074103355407715
2000-11-09,7.046360492706299
2000-11-10,7.074103355407715
2000-11-13,7.101843357086182
2000-11-14,7.1388349533081055
2000-11-15,7.203564167022705
2000-11-16,7.1665778160095215
2000-11-17,7.212817192077637
2000-11-20,7.259047985076904
2000-11-21,7.286791801452637
2000-11-22,7.259047985076904
2000-11-24,7.3145341873168945
2000-11-27,7.3145341873168945
2000-11-28,7.32377815246582
2000-11-29,7.406997203826904
2000-11-30,7.545712471008301
2000-12-01,7.443991184234619
2000-12-04,7.545712471008301
2000-12-05,7.647428035736084
2000-12-06,7.804633140563965
2000-12-07,7.786139488220215
2000-12-08,7.878606796264648
2000-12-11,7.98957633972168
2000-12-12,8.026565551757812
2000-12-13,8.035815238952637
2000-12-14,8.045059204101562
2000-12-15,7.998492240905762
2000-12-18,8.129927635192871
2000-12-19,8.195643424987793
2000-12-20,8.205029487609863
2000-12-21,8.148706436157227
2000-12-22,8.073601722717285
2000-12-26,8.158087730407715
2000-12-27,8.4115629196167
2000-12-28,8.589929580688477
2000-12-29,8.308295249938965
2001-01-02,8.129927635192871
2001-01-03,8.223803520202637
2001-01-04,8.167478561401367
2001-01-05,8.017271041870117
2001-01-08,7.951557159423828
2001-01-09,7.9327826499938965
2001-01-10,7.9327826499938965
2001-01-11,7.857675075531006
2001-01-12,7.820126056671143
2001-01-16,7.76379919052124
2001-01-17,7.820126056671143
2001-01-18,7.801352500915527
2001-01-19,7.7825727462768555
2001-01-22,7.632364749908447
2001-01-23,7.557263374328613
2001-01-24,7.707474708557129
2001-01-25,7.810737133026123
2001-01-26,7.76379919052124
2001-01-29,7.779189109802246
2001-01-30,7.848289489746094
2001-01-31,7.867817401885986
2001-02-01,7.803226947784424
2001-02-02,7.809235095977783
2001-02-05,7.776186943054199
2001-02-06,7.780697345733643
2001-02-07,7.773186206817627
2001-02-08,7.758164882659912
2001-02-09,7.692074775695801
2001-02-12,7.589934825897217
2001-02-13,7.686066627502441
2001-02-14,7.689073085784912
2001-02-15,7.705594539642334
2001-02-16,7.735637187957764
2001-02-20,7.743142604827881
2001-02-21,7.603451251983643
2001-02-22,7.457749366760254
2001-02-23,7.465262413024902
2001-02-26,7.647016525268555
2001-02-27,7.749152183532715
2001-02-28,7.8257598876953125
2001-03-01,7.974464416503906
2001-03-02,8.001500129699707
2001-03-05,7.923393249511719
2001-03-06,7.8993611335754395
2001-03-07,7.857303619384766
2001-03-08,7.953433513641357
2001-03-09,7.906867027282715
2001-03-12,7.9759626388549805
2001-03-13,8.051067352294922
2001-03-14,8.0075044631958
2001-03-15,7.972960472106934
2001-03-16,8.045425415039062
2001-03-19,8.249836921691895
2001-03-20,8.0805082321167
2001-03-21,7.912702560424805
2001-03-22,7.953892707824707
2001-03-23,7.915749549865723
2001-03-26,7.963046550750732
2001-03-27,7.856264114379883
2001-03-28,7.77998685836792
2001-03-29,7.841006278991699
2001-03-30,7.937107563018799
2001-04-02,7.950840473175049
2001-04-03,7.886771202087402
2001-04-04,7.947789669036865
2001-04-05,7.975245952606201
2001-04-06,7.932534217834473
2001-04-09,7.856264114379883
2001-04-10,7.877619743347168
2001-04-11,7.726594924926758
2001-04-12,7.741847991943359
2001-04-16,7.746424198150635
2001-04-17,7.917277812957764
2001-04-18,8.054573059082031
2001-04-19,7.985928058624268
2001-04-20,8.016437530517578
2001-04-23,8.010335922241211
2001-04-24,7.805919647216797
2001-04-25,7.9401631355285645
2001-04-26,8.04694938659668
2001-04-27,8.100337028503418
2001-04-30,8.007282257080078
2001-05-01,7.979827880859375
2001-05-02,7.841006278991699
2001-05-03,7.897446632385254
2001-05-04,7.804399013519287
2001-05-07,7.807443141937256
2001-05-08,7.746424198150635
2001-05-09,7.760156154632568
2001-05-10,7.746424198150635
2001-05-11,7.77846097946167
2001-05-14,7.898974895477295
2001-05-15,7.891348838806152
2001-05-16,7.970672130584717
2001-05-17,8.005757331848145
2001-05-18,8.057626724243164
2001-05-21,8.085086822509766
2001-05-22,8.120169639587402
2001-05-23,8.156782150268555
2001-05-24,8.18729305267334
2001-05-25,8.176612854003906
2001-05-29,8.138477325439453
2001-05-30,8.097289085388184
2001-05-31,8.184240341186523
2001-06-01,8.199498176574707
2001-06-04,8.207122802734375
2001-06-05,8.23305606842041
2001-06-06,8.272716522216797
2001-06-07,8.283398628234863
2001-06-08,8.268141746520996
2001-06-11,8.434422492980957
2001-06-12,8.535103797912598
2001-06-13,8.542729377746582
2001-06-14,8.570186614990234
2001-06-15,8.683072090148926
2001-06-18,8.850994110107422
2001-06-19,8.858736991882324
2001-06-20,8.833971977233887
2001-06-21,8.798373222351074
2001-06-22,8.720991134643555
2001-06-25,8.70241928100586
2001-06-26,8.820040702819824
2001-06-27,8.68384838104248
2001-06-28,8.682297706604004
2001-06-29,8.751949310302734
2001-07-02,8.813851356506348
2001-07-03,8.821589469909668
2001-07-05,8.813851356506348
2001-07-06,8.742660522460938
2001-07-09,8.581701278686523
2001-07-10,8.58944320678711
2001-07-11,8.543010711669922
2001-07-12,8.659086227416992
2001-07-13,8.728730201721191
2001-07-16,8.728730201721191
2001-07-17,8.744205474853516
2001-07-18,8.759684562683105
2001-07-19,8.784449577331543
2001-07-20,8.759684562683105
2001-07-23,8.775157928466797
2001-07-24,8.765875816345215
2001-07-25,8.781350135803223
2001-07-26,8.775157928466797
2001-07-27,8.764325141906738
2001-07-30,8.75658893585205
2001-07-31,8.775157928466797
2001-08-01,8.804563522338867
2001-08-02,8.875753402709961
2001-08-03,8.883496284484863
2001-08-06,8.940759658813477
2001-08-07,8.905165672302246
2001-08-08,8.898970603942871
2001-08-09,8.875753402709961
2001-08-10,8.898970603942871
2001-08-13,8.844804763793945
2001-08-14,8.905165672302246
2001-08-15,9.058375358581543
2001-08-16,9.045997619628906
2001-08-17,9.069212913513184
2001-08-20,9.206950187683105
2001-08-21,9.34779167175293
2001-08-22,9.394222259521484
2001-08-23,9.299808502197266
2001-08-24,9.18837833404541
2001-08-27,9.287432670593262
2001-08-28,9.278143882751465
2001-08-29,9.158974647521973
2001-08-30,9.042902946472168
2001-08-31,9.117188453674316
2001-09-04,9.0908784866333
2001-09-05,9.083146095275879
2001-09-06,8.973261833190918
2001-09-07,9.007307052612305
2001-09-10,9.015044212341309
2001-09-17,8.929924964904785
2001-09-18,9.188382148742676
2001-09-19,8.995128631591797
2001-09-20,8.908712387084961
2001-09-21,8.823866844177246
2001-09-24,8.728026390075684
2001-09-25,8.770445823669434
2001-09-26,8.927570343017578
2001-09-27,9.018699645996094
2001-09-28,9.175816535949707
2001-10-01,9.150678634643555
2001-10-02,8.842721939086914
2001-10-03,8.596047401428223
2001-10-04,8.728026390075684
2001-10-05,8.657320022583008
2001-10-08,8.649463653564453
2001-10-09,8.638468742370605
2001-10-10,8.552045822143555
2001-10-11,8.720169067382812
2001-10-12,8.735883712768555
2001-10-15,8.698175430297852
2001-10-16,8.610179901123047
2001-10-17,8.484493255615234
2001-10-18,8.405924797058105
2001-10-19,8.170248031616211
2001-10-22,7.934569835662842
2001-10-23,8.091691017150879
2001-10-24,7.97856330871582
2001-10-25,8.003702163696289
2001-10-26,8.06026554107666
2001-10-29,8.044550895690918
2001-10-30,8.053979873657227
2001-10-31,8.154537200927734
2001-11-01,8.302229881286621
2001-11-02,8.2330961227417
2001-11-05,8.317940711975098
2001-11-06,8.393355369567871
2001-11-07,8.3619384765625
2001-11-08,8.352506637573242
2001-11-09,8.28337574005127
2001-11-12,8.418498992919922
2001-11-13,8.459348678588867
2001-11-14,8.559906005859375
2001-11-15,8.657320022583008
2001-11-16,8.676173210144043
2001-11-19,8.663606643676758
2001-11-20,8.635326385498047
2001-11-21,8.544191360473633
2001-11-23,8.748455047607422
2001-11-26,8.783018112182617
2001-11-27,8.776735305786133
2001-11-28,8.980985641479492
2001-11-29,8.977846145629883
2001-11-30,9.097253799438477
2001-12-03,9.015559196472168
2001-12-04,9.075261116027832
2001-12-05,9.081547737121582
2001-12-06,9.160103797912598
2001-12-07,9.175816535949707
2001-12-10,9.068974494934082
2001-12-11,9.172677040100098
2001-12-12,9.009273529052734
2001-12-13,8.893003463745117
2001-12-14,8.952707290649414
2001-12-17,9.034409523010254
2001-12-18,9.08641529083252
2001-12-19,8.965177536010742
2001-12-20,8.917316436767578
2001-12-21,8.949222564697266
2001-12-24,9.057697296142578
2001-12-26,9.124695777893066
2001-12-27,9.10875129699707
2001-12-28,9.178936004638672
2001-12-31,9.159794807434082
2002-01-02,9.17255687713623
2002-01-03,9.226794242858887
2002-01-04,9.10875129699707
2002-01-07,9.115131378173828
2002-01-08,9.092795372009277
2002-01-09,9.02579402923584
2002-01-10,8.977936744689941
2002-01-11,8.926888465881348
2002-01-14,8.92370319366455
2002-01-15,8.850317001342773
2002-01-16,8.78969955444336
2002-01-17,8.729083061218262
2002-01-18,8.678038597106934
2002-01-22,8.780130386352539
2002-01-23,8.78969955444336
2002-01-24,8.75779914855957
2002-01-25,8.773747444152832
2002-01-28,8.754607200622559
2002-01-29,8.658886909484863
2002-01-30,8.636560440063477
2002-01-31,8.544037818908691
2002-02-01,8.534462928771973
2002-02-04,8.55041790008545
2002-02-05,8.607843399047852
2002-02-06,8.339847564697266
2002-02-07,8.301562309265137
2002-02-08,8.3270902633667
2002-02-11,8.422801971435547
2002-02-12,8.400465965270996
2002-02-13,8.4451322555542
2002-02-14,8.5025634765625
2002-02-15,8.518510818481445
2002-02-19,8.438748359680176
2002-02-20,8.534462928771973
2002-02-21,8.400465965270996
2002-02-22,8.521699905395508
2002-02-25,8.620607376098633
2002-02-26,8.604653358459473
2002-02-27,8.614230155944824
2002-02-28,8.59827709197998
2002-03-01,8.700370788574219
2002-03-04,8.926888465881348
2002-03-05,9.060891151428223
2002-03-06,9.134267807006836
2002-03-07,9.124695777893066
2002-03-08,9.156603813171387
2002-03-11,9.10236644744873
2002-03-12,9.118321418762207
2002-03-13,9.10875129699707
2002-03-14,9.245940208435059
2002-03-15,9.30017375946045
2002-03-18,9.291430473327637
2002-03-19,9.30762767791748
2002-03-20,9.327051162719727
2002-03-21,9.430689811706543
2002-03-22,9.417732238769531
2002-03-25,9.336774826049805
2002-03-26,9.343247413635254
2002-03-27,9.40802001953125
2002-03-28,9.30762767791748
2002-04-01,9.385350227355957
2002-04-02,9.498700141906738
2002-04-03,9.505175590515137
2002-04-04,9.54727554321289
2002-04-05,9.60881519317627
2002-04-08,9.72863483428955
2002-04-09,9.80312442779541
2002-04-10,9.948861122131348
2002-04-11,9.86789608001709
2002-04-12,10.007152557373047
2002-04-15,9.845226287841797
2002-04-16,9.625003814697266
2002-04-17,9.586138725280762
2002-04-18,9.625003814697266
2002-04-19,9.521368980407715
2002-04-22,9.37887191772461
2002-04-23,9.145692825317383
2002-04-24,9.126259803771973
2002-04-25,9.132739067077637
2002-04-26,9.142455101013184
2002-04-29,9.100357055664062
2002-04-30,9.132739067077637
2002-05-01,9.327051162719727
2002-05-02,9.463072776794434
2002-05-03,9.427450180053711
2002-05-06,9.317338943481445
2002-05-07,9.26228141784668
2002-05-08,9.229901313781738
2002-05-09,9.123026847839355
2002-05-10,9.129500389099121
2002-05-13,9.165131568908691
2002-05-14,9.30762767791748
2002-05-15,9.411258697509766
2002-05-16,9.411258697509766
2002-05-17,9.453361511230469
2002-05-20,9.37563419342041
2002-05-21,9.304380416870117
2002-05-22,9.327051162719727
2002-05-23,9.550517082214355
2002-05-24,9.514890670776367
2002-05-28,9.553751945495605
2002-05-29,9.66710376739502
2002-05-30,9.54727554321289
2002-05-31,9.372395515441895
2002-06-03,9.304380416870117
2002-06-04,9.330290794372559
2002-06-05,9.320577621459961
2002-06-06,9.30762767791748
2002-06-07,9.268762588500977
2002-06-10,9.391823768615723
2002-06-11,9.398305892944336
2002-06-12,9.443645477294922
2002-06-13,9.456597328186035
2002-06-14,9.37563419342041
2002-06-17,9.446877479553223
2002-06-18,9.263775825500488
2002-06-19,9.286785125732422
2002-06-20,9.336097717285156
2002-06-21,9.33281135559082
2002-06-24,9.286785125732422
2002-06-25,9.368971824645996
2002-06-26,9.30322551727295
2002-06-27,9.365683555603027
2002-06-28,9.451159477233887
2002-07-01,9.352532386779785
2002-07-02,9.230900764465332
2002-07-03,9.152008056640625
2002-07-05,9.237478256225586
2002-07-08,9.07310676574707
2002-07-09,8.971198081970215
2002-07-10,8.793682098388672
2002-07-11,8.711499214172363
2002-07-12,8.662190437316895
2002-07-15,8.586580276489258
2002-07-16,8.678628921508789
2002-07-17,8.432074546813965
2002-07-18,8.23482894897461
2002-07-19,7.97841739654541
2002-07-22,7.774599552154541
2002-07-23,7.5740742683410645
2002-07-24,7.708859920501709
2002-07-25,7.892946720123291
2002-07-26,8.287430763244629
2002-07-29,8.695058822631836
2002-07-30,8.829850196838379
2002-07-31,8.793682098388672
2002-08-01,8.563566207885742
2002-08-02,8.468234062194824
2002-08-05,8.185524940490723
2002-08-06,8.103336334228516
2002-08-07,8.218393325805664
2002-08-08,8.349886894226074
2002-08-09,8.24140453338623
2002-08-12,8.317015647888184
2002-08-13,8.22167682647705
2002-08-14,8.379473686218262
2002-08-15,8.478095054626465
2002-08-16,8.691776275634766
2002-08-19,8.695058822631836
2002-08-20,8.724649429321289
2002-08-21,8.852853775024414
2002-08-22,8.869290351867676
2002-08-23,8.905452728271484
2002-08-26,9.086259841918945
2002-08-27,9.122418403625488
2002-08-28,9.201316833496094
2002-08-29,9.142143249511719
2002-08-30,9.178306579589844
2002-09-03,8.948188781738281
2002-09-04,8.9514741897583
2002-09-05,8.974488258361816
2002-09-06,8.958049774169922
2002-09-09,8.958049774169922
2002-09-10,8.9514741897583
2002-09-11,8.902168273925781
2002-09-12,8.787109375
2002-09-13,8.80025577545166
2002-09-16,8.711499214172363
2002-09-17,8.672048568725586
2002-09-18,8.452467918395996
2002-09-19,8.231876373291016
2002-09-20,8.375594139099121
2002-09-23,8.268643379211426
2002-09-24,8.185090065002441
2002-09-25,8.06477165222168
2002-09-26,8.128271102905273
2002-09-27,8.021322250366211
2002-09-30,8.001264572143555
2002-10-01,8.021322250366211
2002-10-02,7.787363529205322
2002-10-03,7.820788860321045
2002-10-04,7.740573883056641
2002-10-07,7.596857070922852
2002-10-08,7.516644477844238
2002-10-09,7.32279634475708
2002-10-10,7.6536760330200195
2002-10-11,7.931081295013428
2002-10-14,7.804074287414551
2002-10-15,8.06811237335205
2002-10-16,7.931081295013428
2002-10-17,7.961158752441406
2002-10-18,7.944447994232178
2002-10-21,7.984553813934326
2002-10-22,7.820788860321045
2002-10-23,7.740573883056641
2002-10-24,7.850870609283447
2002-10-25,8.031347274780273
2002-10-28,7.914371490478516
2002-10-29,7.894315242767334
2002-10-30,7.954477310180664
2002-10-31,7.927739143371582
2002-11-01,7.971188545227051
2002-11-04,8.175065040588379
2002-11-05,8.061429977416992
2002-11-06,8.141642570495605
2002-11-07,8.11156177520752
2002-11-08,8.078141212463379
2002-11-11,8.06811237335205
2002-11-12,8.268643379211426
2002-11-13,8.231876373291016
2002-11-14,8.512625694274902
2002-11-15,8.445782661437988
2002-11-18,8.412361145019531
2002-11-19,8.365570068359375
2002-11-20,8.35554027557373
2002-11-21,8.542705535888672
2002-11-22,8.766636848449707
2002-11-25,8.71984577178955
2002-11-26,8.626261711120605
2002-11-27,8.736554145812988
2002-11-29,8.72987174987793
2002-12-02,8.923721313476562
2002-12-03,8.753266334533691
2002-12-04,8.68307876586914
2002-12-05,8.576128005981445
2002-12-06,8.505938529968262
2002-12-09,8.515971183776855
2002-12-10,8.372252464294434
2002-12-11,8.35554027557373
2002-12-12,8.35219955444336
2002-12-13,8.292040824890137
2002-12-16,8.398991584777832
2002-12-17,8.271986961364746
2002-12-18,8.215180397033691
2002-12-19,8.119933128356934
2002-12-20,8.174355506896973
2002-12-23,8.279807090759277
2002-12-24,8.300226211547852
2002-12-26,8.334238052368164
2002-12-27,8.300226211547852
2002-12-30,8.385268211364746
2002-12-31,8.361455917358398
2003-01-02,8.524731636047363
2003-01-03,8.664206504821777
2003-01-06,8.813881874084473
2003-01-07,8.674409866333008
2003-01-08,8.64379596710205
2003-01-09,8.722033500671387
2003-01-10,8.688019752502441
2003-01-13,8.582568168640137
2003-01-14,8.538342475891113
2003-01-15,8.470306396484375
2003-01-16,8.347844123840332
2003-01-17,8.191368103027344
2003-01-21,8.160750389099121
2003-01-22,8.147141456604004
2003-01-23,8.249194145202637
2003-01-24,8.07571029663086
2003-01-27,8.082512855529785
2003-01-28,8.048493385314941
2003-01-29,8.170953750610352
2003-01-30,8.123331069946289
2003-01-31,8.313828468322754
2003-02-03,8.13693904876709
2003-02-04,8.123331069946289
2003-02-05,8.13013744354248
2003-02-06,8.079103469848633
2003-02-07,8.011075973510742
2003-02-10,8.09611701965332
2003-02-11,7.980459690093994
2003-02-12,7.90561580657959
2003-02-13,8.038290023803711
2003-02-14,8.000868797302246
2003-02-18,8.011075973510742
2003-02-19,8.09611701965332
2003-02-20,8.106322288513184
2003-02-21,8.255996704101562
2003-02-24,8.191368103027344
2003-02-25,8.317230224609375
2003-02-26,8.259401321411133
2003-02-27,8.293418884277344
2003-02-28,8.259401321411133
2003-03-03,8.371657371520996
2003-03-04,8.221983909606934
2003-03-05,8.283210754394531
2003-03-06,8.225381851196289
2003-03-07,8.242391586303711
2003-03-10,8.13693904876709
2003-03-11,8.13693904876709
2003-03-12,8.123331069946289
2003-03-13,8.242391586303711
2003-03-14,8.181160926818848
2003-03-17,8.432888984680176
2003-03-18,8.465085983276367
2003-03-19,8.620888710021973
2003-03-20,8.707441329956055
2003-03-21,8.74206256866455
2003-03-24,8.392380714416504
2003-03-25,8.54818058013916
2003-03-26,8.596652030944824
2003-03-27,8.510098457336426
2003-03-28,8.423539161682129
2003-03-31,8.333524703979492
2003-04-01,8.534331321716309
2003-04-02,8.662435531616211
2003-04-03,8.703975677490234
2003-04-04,8.66589641571045
2003-04-07,8.793998718261719
2003-04-08,8.790534019470215
2003-04-09,8.783609390258789
2003-04-10,8.65897274017334
2003-04-11,8.613961219787598
2003-04-14,8.724752426147461
2003-04-15,8.790534019470215
2003-04-16,8.894401550292969
2003-04-17,9.07097339630127
2003-04-21,9.157526016235352
2003-04-22,9.226770401000977
2003-04-23,9.25793170928955
2003-04-24,9.178301811218262
2003-04-25,9.12636947631836
2003-04-28,9.122906684875488
2003-04-29,9.119443893432617
2003-04-30,8.970568656921387
2003-05-01,9.07097339630127
2003-05-02,9.188691139221191
2003-05-05,9.268318176269531
2003-05-06,9.43104076385498
2003-05-07,9.316786766052246
2003-05-08,9.344489097595215
2003-05-09,9.521059036254883
2003-05-12,9.521059036254883
2003-05-13,9.555682182312012
2003-05-14,9.462201118469238
2003-05-15,9.527983665466309
2003-05-16,9.441427230834961
2003-05-19,9.375648498535156
2003-05-20,9.472590446472168
2003-05-21,9.458734512329102
2003-05-22,9.521059036254883
2003-05-23,9.545297622680664
2003-05-27,9.527983665466309
2003-05-28,9.278705596923828
2003-05-29,8.984415054321289
2003-05-30,9.167920112609863
2003-06-02,9.199074745178223
2003-06-03,9.240625381469727
2003-06-04,9.354873657226562
2003-06-05,9.434507369995117
2003-06-06,9.607612609863281
2003-06-09,9.521059036254883
2003-06-10,9.60414981842041
2003-06-11,9.583380699157715
2003-06-12,9.434507369995117
2003-06-13,9.25793170928955
2003-06-16,9.38257122039795
2003-06-17,9.36526107788086
2003-06-18,9.183357238769531
2003-06-19,9.169279098510742
2003-06-20,9.165762901306152
2003-06-23,8.982797622680664
2003-06-24,9.060202598571777
2003-06-25,9.060202598571777
2003-06-26,9.141135215759277
2003-06-27,9.200945854187012
2003-06-30,9.130576133728027
2003-07-01,9.232614517211914
2003-07-02,9.422611236572266
2003-07-03,9.401500701904297
2003-07-07,9.528172492980957
2003-07-08,9.563353538513184
2003-07-09,9.475396156311035
2003-07-10,9.28187084197998
2003-07-11,9.447249412536621
2003-07-14,9.440202713012695
2003-07-15,9.394462585449219
2003-07-16,9.324089050292969
2003-07-17,9.253721237182617
2003-07-18,9.288905143737793
2003-07-21,9.288905143737793
2003-07-22,9.429652214050293
2003-07-23,9.334650993347168
2003-07-24,9.376869201660156
2003-07-25,9.535204887390137
2003-07-28,9.57038688659668
2003-07-29,9.605578422546387
2003-07-30,9.728728294372559
2003-07-31,9.816691398620605
2003-08-01,9.887054443359375
2003-08-04,9.975020408630371
2003-08-05,10.013720512390137
2003-08-06,10.020764350891113
2003-08-07,10.112245559692383
2003-08-08,10.094649314880371
2003-08-11,10.101690292358398
2003-08-12,10.077057838439941
2003-08-13,9.960944175720215
2003-08-14,10.094649314880371
2003-08-15,10.024283409118652
2003-08-18,10.098167419433594
2003-08-19,10.172059059143066
2003-08-20,10.249467849731445
2003-08-21,10.242429733276367
2003-08-22,10.031320571899414
2003-08-25,9.975020408630371
2003-08-26,10.112245559692383
2003-08-27,10.189652442932129
2003-08-28,10.168542861938477
2003-08-29,10.23187255859375
2003-09-02,10.326871871948242
2003-09-03,10.414834022521973
2003-09-04,10.418353080749512
2003-09-05,10.34446907043457
2003-09-08,10.34446907043457
2003-09-09,10.326871871948242
2003-09-10,10.196690559387207
2003-09-11,10.34446907043457
2003-09-12,10.379653930664062
2003-09-15,10.326871871948242
2003-09-16,10.411314010620117
2003-09-17,10.344548225402832
2003-09-18,10.444530487060547
2003-09-19,10.505229949951172
2003-09-22,10.462377548217773
2003-09-23,10.526652336120605
2003-09-24,10.390965461730957
2003-09-25,10.394536018371582
2003-09-26,10.373111724853516
2003-09-29,10.455241203308105
2003-09-30,10.455241203308105
2003-10-01,10.533795356750488
2003-10-02,10.551644325256348
2003-10-03,10.565926551818848
2003-10-06,10.71233081817627
2003-10-07,10.630210876464844
2003-10-08,10.665915489196777
2003-10-09,10.662345886230469
2003-10-10,10.694480895996094
2003-10-13,10.73018741607666
2003-10-14,10.605210304260254
2003-10-15,10.587356567382812
2003-10-16,10.640917778015137
2003-10-17,10.419529914855957
2003-10-20,10.458806991577148
2003-10-21,10.551644325256348
2003-10-22,10.415960311889648
2003-10-23,10.337403297424316
2003-10-24,10.301695823669434
2003-10-27,10.394536018371582
2003-10-28,10.205286979675293
2003-10-29,10.362397193908691
2003-10-30,10.490947723388672
2003-10-31,10.444530487060547
2003-11-03,10.562363624572754
2003-11-04,10.412389755249023
2003-11-05,10.258849143981934
2003-11-06,10.337403297424316
2003-11-07,10.337403297424316
2003-11-10,10.283839225769043
2003-11-11,10.212428092956543
2003-11-12,10.330259323120117
2003-11-13,10.301695823669434
2003-11-14,10.394536018371582
2003-11-17,10.337403297424316
2003-11-18,10.398107528686523
2003-11-19,10.3588285446167
2003-11-20,10.251704216003418
2003-11-21,10.21600341796875
2003-11-24,10.294557571411133
2003-11-25,10.487375259399414
2003-11-26,10.533795356750488
2003-11-28,10.483800888061523
2003-12-01,10.56950569152832
2003-12-02,10.601642608642578
2003-12-03,10.548083305358887
2003-12-04,10.462377548217773
2003-12-05,10.440953254699707
2003-12-08,10.448098182678223
2003-12-09,10.505229949951172
2003-12-10,10.46951961517334
2003-12-11,10.551644325256348
2003-12-12,10.640917778015137
2003-12-15,10.56950569152832
2003-12-16,10.694480895996094
2003-12-17,10.688318252563477
2003-12-18,10.666584968566895
2003-12-19,10.641217231750488
2003-12-22,10.633974075317383
2003-12-23,10.623101234436035
2003-12-24,10.681071281433105
2003-12-26,10.652092933654785
2003-12-29,10.724554061889648
2003-12-30,10.742668151855469
2003-12-31,10.69194221496582
2004-01-02,10.699188232421875
2004-01-05,10.69556713104248
2004-01-06,10.735417366027832
2004-01-07,10.652092933654785
2004-01-08,10.684696197509766
2004-01-09,10.652092933654785
2004-01-12,10.597744941711426
2004-01-13,10.481800079345703
2004-01-14,10.532526969909668
2004-01-15,10.561507225036621
2004-01-16,10.420204162597656
2004-01-20,10.322381973266602
2004-01-21,10.307888984680176
2004-01-22,10.304264068603516
2004-01-23,10.499916076660156
2004-01-26,10.532526969909668
2004-01-27,10.597744941711426
2004-01-28,10.626729965209961
2004-01-29,10.706430435180664
2004-01-30,10.543395042419434
2004-02-02,10.633974075317383
2004-02-03,10.539772033691406
2004-02-04,10.304264068603516
2004-02-05,10.434699058532715
2004-02-06,10.630353927612305
2004-02-09,10.601365089416504
2004-02-10,10.706430435180664
2004-02-11,10.760781288146973
2004-02-12,10.655709266662598
2004-02-13,10.496296882629395
2004-02-17,10.568760871887207
2004-02-18,10.561507225036621
2004-02-19,10.61585807800293
2004-02-20,10.590497016906738
2004-02-23,10.612231254577637
2004-02-24,10.612231254577637
2004-02-25,10.688318252563477
2004-02-26,10.768033027648926
2004-02-27,10.778900146484375
2004-03-01,10.938322067260742
2004-03-02,11.057882308959961
2004-03-03,11.17382526397705
2004-03-04,11.086869239807129
2004-03-05,11.130350112915039
2004-03-08,11.137590408325195
2004-03-09,11.17382526397705
2004-03-10,11.03614616394043
2004-03-11,10.731802940368652
2004-03-12,10.815131187438965
2004-03-15,10.811508178710938
2004-03-16,10.865859031677246
2004-03-17,11.146352767944336
2004-03-18,11.039740562438965
2004-03-19,11.098563194274902
2004-03-22,11.028709411621094
2004-03-23,11.04709529876709
2004-03-24,10.933135032653809
2004-03-25,10.999303817749023
2004-03-26,10.752996444702148
2004-03-29,10.844902038574219
2004-03-30,10.885343551635742
2004-03-31,10.973570823669434
2004-04-01,11.105915069580078
2004-04-02,11.348548889160156
2004-04-05,10.855928421020508
2004-04-06,10.646385192871094
2004-04-07,10.672119140625
2004-04-08,10.53242301940918
2004-04-12,10.205236434936523
2004-04-13,10.113327980041504
2004-04-14,10.080245971679688
2004-04-15,10.308172225952148
2004-04-16,10.293465614318848
2004-04-19,10.337578773498535
2004-04-20,10.032451629638672
2004-04-21,10.091276168823242
2004-04-22,10.190533638000488
2004-04-23,10.091276168823242
2004-04-26,10.278757095336914
2004-04-27,10.381697654724121
2004-04-28,10.311849594116211
2004-04-29,10.194204330444336
2004-04-30,10.094947814941406
2004-05-03,10.293465614318848
2004-05-04,10.499337196350098
2004-05-05,10.484626770019531
2004-05-06,10.34860610961914
2004-05-07,10.054508209228516
2004-05-10,10.050833702087402
2004-05-11,10.087599754333496
2004-05-12,10.091276168823242
2004-05-13,10.072890281677246
2004-05-14,10.098624229431152
2004-05-17,10.142740249633789
2004-05-18,10.26773452758789
2004-05-19,10.032451629638672
2004-05-20,10.201557159423828
2004-05-21,10.249346733093262
2004-05-24,10.337578773498535
2004-05-25,10.57653522491455
2004-05-26,10.67947006225586
2004-05-27,10.734614372253418
2004-05-28,10.822845458984375
2004-06-01,10.734614372253418
2004-06-02,10.907398223876953
2004-06-03,10.74931812286377
2004-06-04,10.808137893676758
2004-06-07,10.848576545715332
2004-06-08,10.885343551635742
2004-06-09,10.907398223876953
2004-06-10,10.841226577758789
2004-06-14,10.646385192871094
2004-06-15,10.811816215515137
2004-06-16,10.868902206420898
2004-06-17,10.783082962036133
2004-06-18,10.734580039978027
2004-06-21,10.921136856079102
2004-06-22,10.977106094360352
2004-06-23,11.066652297973633
2004-06-24,11.100237846374512
2004-06-25,11.19350814819336
2004-06-28,11.215896606445312
2004-06-29,10.977106094360352
2004-06-30,11.092772483825684
2004-07-01,11.11889362335205
2004-07-02,11.286795616149902
2004-07-06,11.324105262756348
2004-07-07,11.350225448608398
2004-07-08,11.14500904083252
2004-07-09,11.215896606445312
2004-07-12,11.286795616149902
2004-07-13,11.212172508239746
2004-07-14,11.275598526000977
2004-07-15,11.391273498535156
2004-07-16,11.368873596191406
2004-07-19,11.421114921569824
2004-07-20,11.402460098266602
2004-07-21,11.305448532104492
2004-07-22,11.077848434448242
2004-07-23,10.950987815856934
2004-07-26,10.883827209472656
2004-07-27,10.850247383117676
2004-07-28,10.988304138183594
2004-07-29,10.954720497131348
2004-07-30,11.02560806274414
2004-08-02,11.167397499084473
2004-08-03,11.126358032226562
2004-08-04,11.469623565673828
2004-08-05,11.439772605895996
2004-08-06,11.305448532104492
2004-08-09,11.312910079956055
2004-08-10,11.29798698425293
2004-08-11,11.305448532104492
2004-08-12,11.208438873291016
2004-08-13,11.19350814819336
2004-08-16,11.305448532104492
2004-08-17,11.361419677734375
2004-08-18,11.570367813110352
2004-08-19,11.357684135437012
2004-08-20,11.618866920471191
2004-08-23,11.615138053894043
2004-08-24,12.003175735473633
2004-08-25,11.965868949890137
2004-08-26,12.051685333251953
2004-08-27,12.040492057800293
2004-08-30,12.059148788452148
2004-08-31,12.085261344909668
2004-09-01,12.047954559326172
2004-09-02,12.074073791503906
2004-09-03,12.174812316894531
2004-09-07,12.365100860595703
2004-09-08,12.290477752685547
2004-09-09,12.003175735473633
2004-09-10,11.980794906616211
2004-09-13,11.898706436157227
2004-09-14,11.671107292175293
2004-09-15,11.797098159790039
2004-09-16,11.899251937866211
2004-09-17,11.831146240234375
2004-09-20,11.698723793029785
2004-09-21,11.759263038635254
2004-09-22,11.596567153930664
2004-09-23,11.475496292114258
2004-09-24,11.509547233581543
2004-09-27,11.532251358032227
2004-09-28,11.607921600341797
2004-09-29,11.607921600341797
2004-09-30,11.728996276855469
2004-10-01,12.016542434692383
2004-10-04,12.06950855255127
2004-10-05,12.11491584777832
2004-10-06,12.164103507995605
2004-10-07,12.054380416870117
2004-10-08,12.152750015258789
2004-10-11,12.133834838867188
2004-10-12,12.273818969726562
2004-10-13,12.213288307189941
2004-10-14,12.36462688446045
2004-10-15,12.55002212524414
2004-10-18,12.629478454589844
2004-10-19,12.48192024230957
2004-10-20,12.440301895141602
2004-10-21,12.750550270080566
2004-10-22,12.69001293182373
2004-10-25,12.470562934875488
2004-10-26,12.67866039276123
2004-10-27,12.784601211547852
2004-10-28,12.712714195251465
2004-10-29,12.618123054504395
2004-11-01,12.7694673538208
2004-11-02,12.474350929260254
2004-11-03,12.534893989562988
2004-11-04,12.67487907409668
2004-11-05,12.485698699951172
2004-11-08,12.659746170043945
2004-11-09,12.57650375366211
2004-11-10,12.67487907409668
2004-11-11,12.841354370117188
2004-11-12,13.140254020690918
2004-11-15,13.197015762329102
2004-11-16,13.091070175170898
2004-11-17,12.70136547088623
2004-11-18,12.70136547088623
2004-11-19,12.527314186096191
2004-11-22,12.584075927734375
2004-11-23,12.625686645507812
2004-11-24,12.935943603515625
2004-11-26,12.822439193725586
2004-11-29,12.773246765136719
2004-11-30,12.754332542419434
2004-12-01,13.007833480834961
2004-12-02,12.920811653137207
2004-12-03,13.15916919708252
2004-12-06,13.265118598937988
2004-12-07,13.098626136779785
2004-12-08,13.234838485717773
2004-12-09,13.43915843963623
2004-12-10,13.575361251831055
2004-12-13,13.582932472229004
2004-12-14,13.62833023071289
2004-12-15,13.690754890441895
2004-12-16,13.541402816772461
2004-12-17,13.690754890441895
2004-12-20,13.652459144592285
2004-12-21,13.863086700439453
2004-12-22,13.939681053161621
2004-12-23,13.786492347717285
2004-12-27,13.824789047241211
2004-12-28,13.828615188598633
2004-12-29,13.958821296691895
2004-12-30,14.004779815673828
2004-12-31,13.855423927307129
2005-01-03,13.575867652893066
2005-01-04,13.491616249084473
2005-01-05,13.058873176574707
2005-01-06,13.058873176574707
2005-01-07,13.001428604125977
2005-01-10,12.924834251403809
2005-01-11,12.775480270385742
2005-01-12,12.763995170593262
2005-01-13,12.87888240814209
2005-01-14,12.959303855895996
2005-01-18,13.097172737121582
2005-01-19,13.104828834533691
2005-01-20,12.982288360595703
2005-01-21,12.90952205657959
2005-01-24,12.752507209777832
2005-01-25,12.488269805908203
2005-01-26,12.438485145568848
2005-01-27,12.243173599243164
2005-01-28,12.189559936523438
2005-01-31,12.07850170135498
2005-02-01,12.277640342712402
2005-02-02,12.254659652709961
2005-02-03,12.16275691986084
2005-02-04,12.335081100463867
2005-02-07,12.335081100463867
2005-02-08,12.377206802368164
2005-02-09,12.51507568359375
2005-02-10,12.591667175292969
2005-02-11,12.610812187194824
2005-02-14,12.584003448486328
2005-02-15,12.675919532775879
2005-02-16,12.721870422363281
2005-02-17,12.848244667053223
2005-02-18,12.786972999572754
2005-02-22,12.480607986450195
2005-02-23,12.273809432983398
2005-02-24,12.31210708618164
2005-02-25,12.568690299987793
2005-02-28,12.564855575561523
2005-03-01,12.65676498413086
2005-03-02,12.610812187194824
2005-03-03,12.733356475830078
2005-03-04,13.024409294128418
2005-03-07,13.085677146911621
2005-03-08,13.0818510055542
2005-03-09,12.6184720993042
2005-03-10,12.813783645629883
2005-03-11,12.419331550598145
2005-03-14,12.710381507873535
2005-03-15,12.752507209777832
2005-03-16,12.505350112915039
2005-03-17,12.621748924255371
2005-03-18,12.532511711120605
2005-03-21,12.365666389465332
2005-03-22,12.105703353881836
2005-03-23,12.198827743530273
2005-03-24,12.132867813110352
2005-03-28,12.179428100585938
2005-03-29,12.24150562286377
2005-03-30,12.513107299804688
2005-03-31,12.497584342956543
2005-04-01,12.454907417297363
2005-04-04,12.357909202575684
2005-04-05,12.36178970336914
2005-04-06,12.493708610534668
2005-04-07,12.656667709350586
2005-04-08,12.431626319885254
2005-04-11,12.513107299804688
2005-04-12,12.633390426635742
2005-04-13,12.5829496383667
2005-04-14,12.435507774353027
2005-04-15,12.40058708190918
2005-04-18,12.392828941345215
2005-04-19,12.454907417297363
2005-04-20,12.412230491638184
2005-04-21,12.52087116241455
2005-04-22,12.76918888092041
2005-04-25,12.955436706542969
2005-04-26,12.98647403717041
2005-04-27,13.095109939575195
2005-04-28,12.967074394226074
2005-04-29,13.32791519165039
2005-05-02,13.347320556640625
2005-05-03,13.312397003173828
2005-05-04,13.471481323242188
2005-05-05,13.541318893432617
2005-05-06,13.382246971130371
2005-05-09,13.661602020263672
2005-05-10,13.622794151306152
2005-05-11,13.78575611114502
2005-05-12,13.712043762207031
2005-05-13,13.541318893432617
2005-05-16,13.715916633605957
2005-05-17,13.71980094909668
2005-05-18,13.820679664611816
2005-05-19,14.053483963012695
2005-05-20,14.200922012329102
2005-05-23,14.16213321685791
2005-05-24,14.045720100402832
2005-05-25,13.875
2005-05-26,13.89439868927002
2005-05-27,13.940958976745605
2005-05-31,13.92932415008545
2005-06-01,14.04184341430664
2005-06-02,14.014680862426758
2005-06-03,13.987526893615723
2005-06-06,14.045720100402832
2005-06-07,14.185409545898438
2005-06-08,14.32120132446289
2005-06-09,14.197043418884277
2005-06-10,14.18928050994873
2005-06-13,14.297924995422363
2005-06-14,14.317325592041016
2005-06-15,14.3499116897583
2005-06-16,14.373464584350586
2005-06-17,14.644378662109375
2005-06-20,14.605108261108398
2005-06-21,14.444138526916504
2005-06-22,14.389177322387695
2005-06-23,14.314579010009766
2005-06-24,14.23213005065918
2005-06-27,14.23213005065918
2005-06-28,14.408808708190918
2005-06-29,14.49124813079834
2005-06-30,14.455917358398438
2005-07-01,14.67577075958252
2005-07-05,14.919198036193848
2005-07-06,14.919198036193848
2005-07-07,15.091946601867676
2005-07-08,15.276474952697754
2005-07-11,15.51988697052002
2005-07-12,15.574856758117676
2005-07-13,15.468854904174805
2005-07-14,15.280402183532715
2005-07-15,15.24898910522461
2005-07-18,15.225428581237793
2005-07-19,15.378549575805664
2005-07-20,15.468854904174805
2005-07-21,15.3157320022583
2005-07-22,15.300033569335938
2005-07-25,15.370701789855957
2005-07-26,15.523816108703613
2005-07-27,15.527749061584473
2005-07-28,15.900727272033691
2005-07-29,15.861455917358398
2005-08-01,15.767233848571777
2005-08-02,15.932133674621582
2005-08-03,15.861455917358398
2005-08-04,15.512038230895996
2005-08-05,14.919198036193848
2005-08-08,14.353845596313477
2005-08-09,14.479472160339355
2005-08-10,14.624737739562988
2005-08-11,14.664005279541016
2005-08-12,14.71503734588623
2005-08-15,14.907419204711914
2005-08-16,15.036978721618652
2005-08-17,14.876009941101074
2005-08-18,14.738593101501465
2005-08-19,14.577629089355469
2005-08-22,14.550149917602539
2005-08-23,14.530511856079102
2005-08-24,14.58940601348877
2005-08-25,14.74251937866211
2005-08-26,14.58155345916748
2005-08-29,14.546219825744629
2005-08-30,14.557994842529297
2005-08-31,14.828892707824707
2005-09-01,14.919198036193848
2005-09-02,14.98200798034668
2005-09-06,15.374624252319336
2005-09-07,15.358917236328125
2005-09-08,15.31180477142334
2005-09-09,15.429591178894043
2005-09-12,15.362849235534668
2005-09-13,15.19795036315918
2005-09-14,15.19402027130127
2005-09-15,15.322270393371582
2005-09-16,15.385804176330566
2005-09-19,15.183307647705078
2005-09-20,15.04433822631836
2005-09-21,14.758460998535156
2005-09-22,14.778310775756836
2005-09-23,14.782279968261719
2005-09-26,14.829927444458008
2005-09-27,14.810074806213379
2005-09-28,14.667132377624512
2005-09-29,14.702873229980469
2005-09-30,15.02845573425293
2005-10-03,15.20315933227539
2005-10-04,14.988741874694824
2005-10-05,14.849777221679688
2005-10-06,14.881543159484863
2005-10-07,14.671104431152344
2005-10-10,14.524191856384277
2005-10-11,14.540077209472656
2005-10-12,14.293900489807129
2005-10-13,14.309784889221191
2005-10-14,14.710807800292969
2005-10-17,14.849777221679688
2005-10-18,14.814040184020996
2005-10-19,15.09991455078125
2005-10-20,14.877573013305664
2005-10-21,15.10389518737793
2005-10-24,15.405644416809082
2005-10-25,15.413592338562012
2005-10-26,15.413592338562012
2005-10-27,15.207127571105957
2005-10-28,15.675649642944336
2005-10-31,15.584318161010742
2005-11-01,15.060219764709473
2005-11-02,15.294482231140137
2005-11-03,15.107867240905762
2005-11-04,15.056251525878906
2005-11-07,15.08800983428955
2005-11-08,15.040369033813477
2005-11-09,15.330212593078613
2005-11-10,15.663739204406738
2005-11-11,15.806678771972656
2005-11-14,15.84638500213623
2005-11-15,15.755056381225586
2005-11-16,15.77888011932373
2005-11-17,15.937702178955078
2005-11-18,16.01314353942871
2005-11-21,16.2116756439209
2005-11-22,16.537254333496094
2005-11-23,16.672252655029297
2005-11-25,16.628576278686523
2005-11-28,16.489606857299805
2005-11-29,16.34667205810547
2005-11-30,16.183870315551758
2005-12-01,16.299022674560547
2005-12-02,16.239458084106445
2005-12-05,16.120351791381836
2005-12-06,16.10050392150879
2005-12-07,16.040939331054688
2005-12-08,16.029024124145508
2005-12-09,16.080642700195312
2005-12-12,16.060789108276367
2005-12-13,16.199764251708984
2005-12-14,16.14813995361328
2005-12-15,15.892436981201172
2005-12-16,16.000818252563477
2005-12-19,15.776018142700195
2005-12-20,15.904474258422852
2005-12-21,16.024906158447266
2005-12-22,16.05299949645996
2005-12-23,16.101177215576172
2005-12-27,16.081106185913086
2005-12-28,15.928557395935059
2005-12-29,15.772004127502441
2005-12-30,15.703766822814941
2006-01-03,16.05299949645996
2006-01-04,16.10920524597168
2006-01-05,16.141315460205078
2006-01-06,16.414291381835938
2006-01-09,16.57485580444336
2006-01-10,16.703317642211914
2006-01-11,16.614999771118164
2006-01-12,16.45844078063965
2006-01-13,16.285831451416016
2006-01-17,16.253721237182617
2006-01-18,16.313932418823242
2006-01-19,16.558805465698242
2006-01-20,16.374143600463867
2006-01-23,16.45442771911621
2006-01-24,16.598941802978516
2006-01-25,16.715356826782227
2006-01-26,16.787614822387695
2006-01-27,17.096717834472656
2006-01-30,17.040508270263672
2006-01-31,17.024456024169922
2006-02-01,17.289396286010742
2006-02-02,17.273334503173828
2006-02-03,17.181007385253906
2006-02-06,17.309459686279297
2006-02-07,17.385726928710938
2006-02-08,17.31749153137207
2006-02-09,17.38172149658203
2006-02-10,17.441938400268555
2006-02-13,17.55432891845703
2006-02-14,17.69483184814453
2006-02-15,18.011966705322266
2006-02-16,18.064149856567383
2006-02-17,18.16449737548828
2006-02-21,18.317039489746094
2006-02-22,18.525793075561523
2006-02-23,18.489660263061523
2006-02-24,18.429443359375
2006-02-27,18.409372329711914
2006-02-28,18.176544189453125
2006-03-01,18.048078536987305
2006-03-02,17.92365264892578
2006-03-03,17.670747756958008
2006-03-06,18.16851806640625
2006-03-07,17.783145904541016
2006-03-08,17.79117774963379
2006-03-09,17.959775924682617
2006-03-10,18.108301162719727
2006-03-13,17.971826553344727
2006-03-14,18.064149856567383
2006-03-15,18.41739273071289
2006-03-16,18.625337600708008
2006-03-17,18.933395385742188
2006-03-20,18.673978805541992
2006-03-21,18.483470916748047
2006-03-22,18.584806442260742
2006-03-23,18.649662017822266
2006-03-24,18.686140060424805
2006-03-27,18.665878295898438
2006-03-28,18.87259292602539
2006-03-29,19.21308135986328
2006-03-30,18.949600219726562
2006-03-31,18.965824127197266
2006-04-03,18.746938705444336
2006-04-04,18.503740310668945
2006-04-05,18.483470916748047
2006-04-06,18.183513641357422
2006-04-07,17.83086585998535
2006-04-10,17.547134399414062
2006-04-11,17.51471519470215
2006-04-12,17.547134399414062
2006-04-13,17.27960968017578
2006-04-17,17.31609535217285
2006-04-18,17.77007293701172
2006-04-19,18.033540725708008
2006-04-20,18.098398208618164
2006-04-21,18.219999313354492
2006-04-24,18.151092529296875
2006-04-25,18.033540725708008
2006-04-26,17.96058464050293
2006-04-27,18.122718811035156
2006-04-28,18.187578201293945
2006-05-01,17.97273826599121
2006-05-02,17.701160430908203
2006-05-03,17.332311630249023
2006-05-04,17.806556701660156
2006-05-05,17.936262130737305
2006-05-08,18.134885787963867
2006-05-09,18.07813262939453
2006-05-10,18.122718811035156
2006-05-11,17.620100021362305
2006-05-12,17.38905906677246
2006-05-15,17.68494987487793
2006-05-16,17.680906295776367
2006-05-17,17.380945205688477
2006-05-18,17.206655502319336
2006-05-19,17.17017364501953
2006-05-22,17.02829933166504
2006-05-23,16.987773895263672
2006-05-24,17.14585304260254
2006-05-25,17.628206253051758
2006-05-26,17.802499771118164
2006-05-30,17.794395446777344
2006-05-31,17.875457763671875
2006-06-01,18.284852981567383
2006-06-02,18.280797958374023
2006-06-05,18.244314193725586
2006-06-06,18.179471969604492
2006-06-07,18.211894989013672
2006-06-08,17.952476501464844
2006-06-09,18.09434700012207
2006-06-12,17.944372177124023
2006-06-13,17.944372177124023
2006-06-14,18.04570198059082
2006-06-15,18.349895477294922
2006-06-16,18.21478843688965
2006-06-19,18.23935317993164
2006-06-20,18.21070098876953
2006-06-21,18.263925552368164
2006-06-22,18.13291358947754
2006-06-23,17.981422424316406
2006-06-26,18.17794418334961
2006-06-27,17.91182518005371
2006-06-28,18.030548095703125
2006-06-29,18.202505111694336
2006-06-30,18.31304931640625
2006-07-03,18.558696746826172
2006-07-05,18.538227081298828
2006-07-06,18.656963348388672
2006-07-07,18.517759323120117
2006-07-10,18.71018409729004
2006-07-11,18.755224227905273
2006-07-12,18.89441680908203
2006-07-13,18.611913681030273
2006-07-14,18.288482666015625
2006-07-17,18.22297477722168
2006-07-18,18.386747360229492
2006-07-19,18.86985206604004
2006-07-20,18.73884391784668
2006-07-21,18.403121948242188
2006-07-24,18.677427291870117
2006-07-25,18.70200538635254
2006-07-26,18.886232376098633
2006-07-27,18.89441680908203
2006-07-28,19.19328498840332
2006-07-31,19.041810989379883
2006-08-01,19.000864028930664
2006-08-02,19.27107810974121
2006-08-03,19.529010772705078
2006-08-04,19.85654640197754
2006-08-07,19.598609924316406
2006-08-08,19.377527236938477
2006-08-09,19.365251541137695
2006-08-10,19.385705947875977
2006-08-11,19.369338989257812
2006-08-14,19.58633041381836
2006-08-15,19.85654640197754
2006-08-16,19.504451751708984
2006-08-17,19.340675354003906
2006-08-18,19.352962493896484
2006-08-21,19.623172760009766
2006-08-22,19.897478103637695
2006-08-23,19.79512596130371
2006-08-24,19.950700759887695
2006-08-25,20.012121200561523
2006-08-28,20.233203887939453
2006-08-29,20.208641052246094
2006-08-30,20.417434692382812
2006-08-31,20.417434692382812
2006-09-01,20.212722778320312
2006-09-05,20.5115966796875
2006-09-06,20.339641571044922
2006-09-07,20.15132713317871
2006-09-08,20.458377838134766
2006-09-11,20.589385986328125
2006-09-12,20.810468673706055
2006-09-13,20.85141944885254
2006-09-14,20.856781005859375
2006-09-15,20.98481559753418
2006-09-18,20.96003532409668
2006-09-19,20.976564407348633
2006-09-20,20.761791229248047
2006-09-21,20.35704803466797
2006-09-22,20.518112182617188
2006-09-25,20.522245407104492
2006-09-26,20.3818302154541
2006-09-27,20.86917495727539
2006-09-28,20.823740005493164
2006-09-29,20.889829635620117
2006-10-02,20.943517684936523
2006-10-03,21.13762092590332
2006-10-04,21.331741333007812
2006-10-05,21.58367347717285
2006-10-06,21.323482513427734
2006-10-09,21.463903427124023
2006-10-10,21.45150375366211
2006-10-11,21.447378158569336
2006-10-12,21.60432243347168
2006-10-13,21.914079666137695
2006-10-16,22.108190536499023
2006-10-17,22.046239852905273
2006-10-18,22.236215591430664
2006-10-19,22.042110443115234
2006-10-20,22.194923400878906
2006-10-23,22.438594818115234
2006-10-24,22.343603134155273
2006-10-25,22.50879669189453
2006-10-26,22.603797912597656
2006-10-27,22.488155364990234
2006-10-30,22.59553337097168
2006-10-31,22.554231643676758
2006-11-01,21.947113037109375
2006-11-02,21.23260498046875
2006-11-03,20.625503540039062
2006-11-06,20.84439468383789
2006-11-07,20.629629135131836
2006-11-08,20.72048568725586
2006-11-09,20.83200454711914
2006-11-10,20.98894691467285
2006-11-13,20.902204513549805
2006-11-14,21.381298065185547
2006-11-15,21.13762092590332
2006-11-16,21.08393096923828
2006-11-17,20.885683059692383
2006-11-20,21.58780288696289
2006-11-21,22.062755584716797
2006-11-22,22.05037498474121
2006-11-24,22.145366668701172
2006-11-27,21.406084060668945
2006-11-28,21.34412956237793
2006-11-29,21.728214263916016
2006-11-30,21.996679306030273
2006-12-01,21.823211669921875
2006-12-04,22.190792083740234
2006-12-05,21.930593490600586
2006-12-06,21.868640899658203
2006-12-07,21.75712776184082
2006-12-08,21.72409439086914
2006-12-11,21.868640899658203
2006-12-12,21.864519119262695
2006-12-13,21.58780288696289
2006-12-14,21.558897018432617
2006-12-15,21.430850982666016
2006-12-18,21.331741333007812
2006-12-19,21.03438377380371
2006-12-20,21.2106876373291
2006-12-21,20.964765548706055
2006-12-22,20.748035430908203
2006-12-26,21.006458282470703
2006-12-27,21.093965530395508
2006-12-28,21.08147430419922
2006-12-29,21.152332305908203
2007-01-03,21.181499481201172
2007-01-04,21.223175048828125
2007-01-05,20.80638313293457
2007-01-08,20.789716720581055
2007-01-09,21.089805603027344
2007-01-10,21.423242568969727
2007-01-11,21.765010833740234
2007-01-12,21.948408126831055
2007-01-16,22.344358444213867
2007-01-17,22.25682258605957
2007-01-18,22.277677536010742
2007-01-19,22.452720642089844
2007-01-22,22.156803131103516
2007-01-23,22.19430923461914
2007-01-24,22.698631286621094
2007-01-25,22.807003021240234
2007-01-26,22.957046508789062
2007-01-29,22.944543838500977
2007-01-30,23.177946090698242
2007-01-31,23.457202911376953
2007-02-01,23.369678497314453
2007-02-02,23.236297607421875
2007-02-05,23.215456008911133
2007-02-06,23.486377716064453
2007-02-07,22.29852294921875
2007-02-08,22.29852294921875
2007-02-09,21.985916137695312
2007-02-12,21.698328018188477
2007-02-13,21.848379135131836
2007-02-14,21.81920051574707
2007-02-15,22.056774139404297
2007-02-16,21.756685256958008
2007-02-20,22.277677536010742
2007-02-21,22.14846420288086
2007-02-22,22.10261344909668
2007-02-23,21.740007400512695
2007-02-26,21.56496238708496
2007-02-27,20.777212142944336
2007-02-28,21.16901206970215
2007-03-01,20.785541534423828
2007-03-02,20.402097702026367
2007-03-05,19.46430778503418
2007-03-06,20.035308837890625
2007-03-07,19.797746658325195
2007-03-08,19.935291290283203
2007-03-09,20.156198501586914
2007-03-12,20.372922897338867
2007-03-13,19.84775733947754
2007-03-14,20.047819137573242
2007-03-15,20.209012985229492
2007-03-16,20.044876098632812
2007-03-19,20.200590133666992
2007-03-20,20.34368133544922
2007-03-21,20.68455696105957
2007-03-22,20.74768829345703
2007-03-23,20.7561092376709
2007-03-26,20.326839447021484
2007-03-27,20.032245635986328
2007-03-28,19.830242156982422
2007-03-29,20.06171417236328
2007-03-30,20.297391891479492
2007-04-02,20.48255729675293
2007-04-03,20.768735885620117
2007-04-04,20.730846405029297
2007-04-05,20.760311126708984
2007-04-09,20.777132034301758
2007-04-10,20.852895736694336
2007-04-11,20.411020278930664
2007-04-12,20.267927169799805
2007-04-13,20.50780487060547
2007-04-16,20.50359344482422
2007-04-17,20.570938110351562
2007-04-18,20.3394718170166
2007-04-19,20.11642837524414
2007-04-20,20.183765411376953
2007-04-23,20.389968872070312
2007-04-24,20.06171417236328
2007-04-25,20.112211227416992
2007-04-26,19.92703628540039
2007-04-27,19.922826766967773
2007-04-30,19.539859771728516
2007-05-01,19.367311477661133
2007-05-02,19.506189346313477
2007-05-03,19.426240921020508
2007-05-04,19.186351776123047
2007-05-07,19.333648681640625
2007-05-08,19.156898498535156
2007-05-09,19.422027587890625
2007-05-10,19.30839729309082
2007-05-11,20.036460876464844
2007-05-14,19.9691219329834
2007-05-15,19.859699249267578
2007-05-16,19.78394317626953
2007-05-17,19.611398696899414
2007-05-18,19.417816162109375
2007-05-21,19.640865325927734
2007-05-22,19.859699249267578
2007-05-23,19.640865325927734
2007-05-24,19.514619827270508
2007-05-25,20.011211395263672
2007-05-29,21.357921600341797
2007-05-30,21.816635131835938
2007-05-31,21.324243545532227
2007-06-01,21.416841506958008
2007-06-04,21.29478645324707
2007-06-05,21.029659271240234
2007-06-06,20.84026527404785
2007-06-07,20.006996154785156
2007-06-08,20.24688148498535
2007-06-11,19.813405990600586
2007-06-12,19.708209991455078
2007-06-13,20.183765411376953
2007-06-14,19.959806442260742
2007-06-15,20.019290924072266
2007-06-18,19.77707862854004
2007-06-19,19.82381820678711
2007-06-20,19.462623596191406
2007-06-21,19.471113204956055
2007-06-22,19.60285186767578
2007-06-25,19.386117935180664
2007-06-26,19.22464942932129
2007-06-27,19.70058250427246
2007-06-28,19.381881713867188
2007-06-29,19.390377044677734
2007-07-02,19.585851669311523
2007-07-03,19.522109985351562
2007-07-05,19.70908546447754
2007-07-06,19.73883628845215
2007-07-09,19.585851669311523
2007-07-10,19.05891990661621
2007-07-11,19.037673950195312
2007-07-12,19.564598083496094
2007-07-13,19.866317749023438
2007-07-16,19.832324981689453
2007-07-17,19.670841217041016
2007-07-18,19.568857192993164
2007-07-19,19.768577575683594
2007-07-20,19.45411491394043
2007-07-23,18.995176315307617
2007-07-24,18.459728240966797
2007-07-25,18.2600154876709
2007-07-26,17.869060516357422
2007-07-27,17.240142822265625
2007-07-30,17.20615005493164
2007-07-31,16.91718292236328
2007-08-01,17.036161422729492
2007-08-02,17.22739028930664
2007-08-03,16.49647331237793
2007-08-06,16.99791717529297
2007-08-07,17.061662673950195
2007-08-08,17.750078201293945
2007-08-09,17.61409568786621
2007-08-10,16.691953659057617
2007-08-13,16.466739654541016
2007-08-14,15.689080238342285
2007-08-15,15.731569290161133
2007-08-16,16.57722282409668
2007-08-17,17.19764518737793
2007-08-20,17.660842895507812
2007-08-21,17.750078201293945
2007-08-22,17.707582473754883
2007-08-23,17.482358932495117
2007-08-24,17.40587043762207
2007-08-27,17.006420135498047
2007-08-28,16.381744384765625
2007-08-29,16.725950241088867
2007-08-30,16.857688903808594
2007-08-31,17.09990119934082
2007-09-04,17.384626388549805
2007-09-05,17.125398635864258
2007-09-06,17.257129669189453
2007-09-07,16.900177001953125
2007-09-10,16.904428482055664
2007-09-11,17.240142822265625
2007-09-12,17.104154586791992
2007-09-13,17.33328628540039
2007-09-14,17.294597625732422
2007-09-17,17.182830810546875
2007-09-18,17.776079177856445
2007-09-19,18.077007293701172
2007-09-20,17.849166870117188
2007-09-21,17.96092987060547
2007-09-24,18.369327545166016
2007-09-25,18.236061096191406
2007-09-26,18.567087173461914
2007-09-27,18.64016342163086
2007-09-28,18.210275650024414
2007-10-01,18.442419052124023
2007-10-02,18.61437225341797
2007-10-03,18.76483154296875
2007-10-04,18.949687957763672
2007-10-05,19.293603897094727
2007-10-08,19.00126838684082
2007-10-09,19.035663604736328
2007-10-10,18.80352020263672
2007-10-11,18.45960807800293
2007-10-12,18.107097625732422
2007-10-15,17.76318359375
2007-10-16,17.582622528076172
2007-10-17,17.268798828125
2007-10-18,17.449357986450195
2007-10-19,16.98937225341797
2007-10-22,17.05385971069336
2007-10-23,17.380571365356445
2007-10-24,17.002269744873047
2007-10-25,16.88190460205078
2007-10-26,16.903392791748047
2007-10-29,16.722837448120117
2007-10-30,17.139829635620117
2007-10-31,17.96092987060547
2007-11-01,17.281705856323242
2007-11-02,16.8131160736084
2007-11-05,16.568077087402344
2007-11-06,16.63686752319336
2007-11-07,16.21986961364746
2007-11-08,16.27145004272461
2007-11-09,16.258556365966797
2007-11-12,16.198366165161133
2007-11-13,16.916290283203125
2007-11-14,16.520788192749023
2007-11-15,16.383222579956055
2007-11-16,16.23276710510254
2007-11-19,15.682496070861816
2007-11-20,15.446053504943848
2007-11-21,15.403069496154785
2007-11-23,15.87165641784668
2007-11-26,14.827016830444336
2007-11-27,14.934487342834473
2007-11-28,15.678203582763672
2007-11-29,15.600825309753418
2007-11-30,15.996317863464355
2007-12-03,16.000621795654297
2007-12-04,15.583621978759766
2007-12-05,16.23276710510254
2007-12-06,17.15703582763672
2007-12-07,17.217214584350586
2007-12-10,17.496654510498047
2007-12-11,16.245662689208984
2007-12-12,15.78997802734375
2007-12-13,15.463249206542969
2007-12-14,14.882896423339844
2007-12-17,14.719542503356934
2007-12-18,15.338582038879395
2007-12-19,15.845853805541992
2007-12-20,15.690353393554688
2007-12-21,16.108524322509766
2007-12-24,16.927459716796875
2007-12-26,16.457012176513672
2007-12-27,15.947347640991211
2007-12-28,15.873297691345215
2007-12-31,15.886370658874512
2008-01-02,15.868947982788086
2008-01-03,15.198119163513184
2008-01-04,14.540366172790527
2008-01-07,14.758161544799805
2008-01-08,14.422749519348145
2008-01-09,14.61005687713623
2008-01-10,14.871423721313477
2008-01-11,14.653615951538086
2008-01-14,14.675398826599121
2008-01-15,14.279001235961914
2008-01-16,14.549073219299316
2008-01-17,14.396614074707031
2008-01-18,14.252869606018066
2008-01-22,14.771230697631836
2008-01-23,16.343748092651367
2008-01-24,16.313262939453125
2008-01-25,16.382959365844727
2008-01-28,16.43958282470703
2008-01-29,16.448301315307617
2008-01-30,16.038837432861328
2008-01-31,16.278411865234375
2008-02-01,16.879539489746094
2008-02-04,16.596391677856445
2008-02-05,15.903796195983887
2008-02-06,16.3306827545166
2008-02-07,16.801136016845703
2008-02-08,16.291481018066406
2008-02-11,15.929926872253418
2008-02-12,16.809843063354492
2008-02-13,16.92310333251953
2008-02-14,16.613826751708984
2008-02-15,16.814191818237305
2008-02-19,16.666093826293945
2008-02-20,17.371768951416016
2008-02-21,17.097339630126953
2008-02-22,17.463245391845703
2008-02-25,17.955476760864258
2008-02-26,17.602643966674805
2008-02-27,17.441463470458984
2008-02-28,16.910030364990234
2008-02-29,16.631248474121094
2008-03-03,17.053775787353516
2008-03-04,16.90567398071289
2008-03-05,16.87518310546875
2008-03-06,15.990913391113281
2008-03-07,16.208711624145508
2008-03-10,15.786184310913086
2008-03-11,16.896963119506836
2008-03-12,16.657381057739258
2008-03-13,17.046937942504883
2008-03-14,17.038116455078125
2008-03-17,16.879289627075195
2008-03-18,17.9072208404541
2008-03-19,17.814579010009766
2008-03-20,18.630748748779297
2008-03-24,19.195453643798828
2008-03-25,19.20427703857422
2008-03-26,18.343994140625
2008-03-27,18.092519760131836
2008-03-28,17.801345825195312
2008-03-31,18.30428695678711
2008-04-01,19.526336669921875
2008-04-02,19.085153579711914
2008-04-03,19.30133056640625
2008-04-04,19.0983943939209
2008-04-07,19.093982696533203
2008-04-08,18.57780647277832
2008-04-09,18.079280853271484
2008-04-10,18.0307559967041
2008-04-11,17.801345825195312
2008-04-14,17.726346969604492
2008-04-15,17.898408889770508
2008-04-16,18.65721893310547
2008-04-17,18.701345443725586
2008-04-18,18.701345443725586
2008-04-21,18.511642456054688
2008-04-22,18.229290008544922
2008-04-23,18.68369483947754
2008-04-24,19.120454788208008
2008-04-25,19.323396682739258
2008-04-28,18.943994522094727
2008-04-29,18.718984603881836
2008-04-30,18.317522048950195
2008-05-01,18.96605110168457
2008-05-02,19.24839973449707
2008-05-05,19.138103485107422
2008-05-06,19.402812957763672
2008-05-07,18.652809143066406
2008-05-08,18.463104248046875
2008-05-09,18.374868392944336
2008-05-12,19.17780876159668
2008-05-13,19.107223510742188
2008-05-14,19.34986686706543
2008-05-15,19.52191734313965
2008-05-16,19.44251251220703
2008-05-19,19.610157012939453
2008-05-20,19.085153579711914
2008-05-21,18.498401641845703
2008-05-22,18.41457748413086
2008-05-23,18.074878692626953
2008-05-27,18.33517074584961
2008-05-28,18.423402786254883
2008-05-29,18.789573669433594
2008-05-30,18.65721893310547
2008-06-02,18.427810668945312
2008-06-03,18.930749893188477
2008-06-04,19.266040802001953
2008-06-05,19.482215881347656
2008-06-06,18.771926879882812
2008-06-09,18.242521286010742
2008-06-10,18.432220458984375
2008-06-11,18.233699798583984
2008-06-12,18.592147827148438
2008-06-13,19.020689010620117
2008-06-16,19.328689575195312
2008-06-17,18.5296573638916
2008-06-18,18.185935974121094
2008-06-19,18.57430076599121
2008-06-20,18.0118350982666
2008-06-23,17.525279998779297
2008-06-24,17.67258071899414
2008-06-25,17.940420150756836
2008-06-26,17.132455825805664
2008-06-27,17.074432373046875
2008-06-30,17.083349227905273
2008-07-01,17.04763412475586
2008-07-02,16.645893096923828
2008-07-03,16.886940002441406
2008-07-07,16.869081497192383
2008-07-08,18.355558395385742
2008-07-09,17.007465362548828
2008-07-10,17.418142318725586
2008-07-11,17.52973747253418
2008-07-14,17.159238815307617
2008-07-15,16.78427505493164
2008-07-16,18.069875717163086
2008-07-17,18.440378189086914
2008-07-18,18.435911178588867
2008-07-21,18.6412410736084
2008-07-22,19.270662307739258
2008-07-23,19.88220977783203
2008-07-24,18.431446075439453
2008-07-25,19.06978988647461
2008-07-28,18.511795043945312
2008-07-29,19.511714935302734
2008-07-30,19.368877410888672
2008-07-31,19.270662307739258
2008-08-01,19.694734573364258
2008-08-04,19.690263748168945
2008-08-05,20.92230224609375
2008-08-06,20.516088485717773
2008-08-07,19.502782821655273
2008-08-08,20.35538673400879
2008-08-11,21.042844772338867
2008-08-12,20.221473693847656
2008-08-13,19.926856994628906
2008-08-14,20.341995239257812
2008-08-15,20.038448333740234
2008-08-18,19.614383697509766
2008-08-19,19.007291793823242
2008-08-20,18.9314022064209
2008-08-21,18.453765869140625
2008-08-22,19.083181381225586
2008-08-25,18.47608757019043
2008-08-26,18.770706176757812
2008-08-27,18.672502517700195
2008-08-28,19.172454833984375
2008-08-29,18.837665557861328
2008-09-02,18.9314022064209
2008-09-03,19.542949676513672
2008-09-04,18.592147827148438
2008-09-05,18.90462303161621
2008-09-08,19.949172973632812
2008-09-09,18.86444854736328
2008-09-10,18.9537296295166
2008-09-11,19.13117027282715
2008-09-12,19.3479061126709
2008-09-15,18.061054229736328
2008-09-16,18.842191696166992
2008-09-17,17.90753746032715
2008-09-18,22.124792098999023
2008-09-19,21.461050033569336
2008-09-22,19.61882781982422
2008-09-23,19.496906280517578
2008-09-24,19.298236846923828
2008-09-25,19.7994327545166
2008-09-26,20.54897117614746
2008-09-29,18.747379302978516
2008-09-30,20.052295684814453
2008-10-01,19.456275939941406
2008-10-02,18.435823440551758
2008-10-03,17.672746658325195
2008-10-06,17.46052360534668
2008-10-07,16.543928146362305
2008-10-08,16.70195960998535
2008-10-09,15.071956634521484
2008-10-10,18.5125789642334
2008-10-13,17.808202743530273
2008-10-14,16.214309692382812
2008-10-15,13.672218322753906
2008-10-16,14.593335151672363
2008-10-17,14.679123878479004
2008-10-20,15.013256072998047
2008-10-21,14.683639526367188
2008-10-22,13.536761283874512
2008-10-23,14.223085403442383
2008-10-24,13.581915855407715
2008-10-27,12.967840194702148
2008-10-28,14.403696060180664
2008-10-29,14.417235374450684
2008-10-30,14.475932121276855
2008-10-31,15.771818161010742
2008-11-03,14.88682746887207
2008-11-04,15.866634368896484
2008-11-05,14.177932739257812
2008-11-06,13.469032287597656
2008-11-07,14.927465438842773
2008-11-10,13.694795608520508
2008-11-11,13.780587196350098
2008-11-12,13.161993980407715
2008-11-13,14.471430778503418
2008-11-14,12.489225387573242
2008-11-17,12.019635200500488
2008-11-18,11.965441703796387
2008-11-19,10.479928016662598
2008-11-20,9.992279052734375
2008-11-21,11.446198463439941
2008-11-24,13.518699645996094
2008-11-25,13.441939353942871
2008-11-26,14.182441711425781
2008-11-28,13.73995304107666
2008-12-01,10.768906593322754
2008-12-02,12.945263862609863
2008-12-03,13.852827072143555
2008-12-04,13.338093757629395
2008-12-05,15.189352989196777
2008-12-08,15.622815132141113
2008-12-09,14.43529987335205
2008-12-10,15.568632125854492
2008-12-11,12.385369300842285
2008-12-12,14.290816307067871
2008-12-15,13.392271041870117
2008-12-16,14.986164093017578
2008-12-17,15.031312942504883
2008-12-18,13.222904205322266
2008-12-19,13.529878616333008
2008-12-22,13.012136459350586
2008-12-23,12.608948707580566
2008-12-24,12.718908309936523
2008-12-26,12.879274368286133
2008-12-29,12.361536026000977
2008-12-30,12.893016815185547
2008-12-31,13.662752151489258
2009-01-02,12.934249877929688
2009-01-05,12.503569602966309
2009-01-06,12.801380157470703
2009-01-07,12.471495628356934
2009-01-08,12.3340425491333
2009-01-09,11.83005428314209
2009-01-12,11.156536102294922
2009-01-13,11.770488739013672
2009-01-14,11.440606117248535
2009-01-15,12.013324737548828
2009-01-16,12.494403839111328
2009-01-20,11.078652381896973
2009-01-21,11.999579429626465
2009-01-22,11.170282363891602
2009-01-23,11.513909339904785
2009-01-26,11.321480751037598
2009-01-27,11.463515281677246
2009-01-28,12.53564167022705
2009-01-29,11.445186614990234
2009-01-30,10.96409797668457
2009-02-02,11.08322811126709
2009-02-03,10.881635665893555
2009-02-04,10.730438232421875
2009-02-05,9.800339698791504
2009-02-06,10.570074081420898
2009-02-09,10.748758316040039
2009-02-10,9.644561767578125
2009-02-11,10.212700843811035
2009-02-12,10.052337646484375
2009-02-13,9.644561767578125
2009-02-17,8.801519393920898
2009-02-18,9.126824378967285
2009-02-19,8.627420425415039
2009-02-20,9.378819465637207
2009-02-23,8.471638679504395
2009-02-24,9.255112648010254
2009-02-25,8.916068077087402
2009-02-26,8.292948722839355
2009-02-27,8.063863754272461
2009-03-02,7.660669803619385
2009-03-03,7.770633220672607
2009-03-04,8.205893516540527
2009-03-05,7.656085968017578
2009-03-06,7.830193996429443
2009-03-09,8.059280395507812
2009-03-10,9.177230834960938
2009-03-11,9.016863822937012
2009-03-12,9.915404319763184
2009-03-13,9.549040794372559
2009-03-16,8.703575134277344
2009-03-17,9.572521209716797
2009-03-18,10.046920776367188
2009-03-19,9.018270492553711
2009-03-20,7.980231285095215
2009-03-23,9.657065391540527
2009-03-24,8.750544548034668
2009-03-25,9.004180908203125
2009-03-26,9.220244407653809
2009-03-27,8.689482688903809
2009-03-30,7.9990234375
2009-03-31,8.619028091430664
2009-04-01,8.637811660766602
2009-04-02,9.257820129394531
2009-04-03,10.178438186645508
2009-04-06,10.084497451782227
2009-04-07,8.943120956420898
2009-04-08,9.112215042114258
2009-04-09,10.681020736694336
2009-04-13,10.765563011169434
2009-04-14,9.596007347106934
2009-04-15,10.521320343017578
2009-04-16,10.671624183654785
2009-04-17,10.648139953613281
2009-04-20,9.25312614440918
2009-04-21,10.756170272827148
2009-04-22,9.74631404876709
2009-04-23,10.361617088317871
2009-04-24,10.901777267456055
2009-04-27,9.859039306640625
2009-04-28,10.112678527832031
2009-04-29,10.60586929321289
2009-04-30,10.751473426818848
2009-05-01,10.084497451782227
2009-05-04,11.160115242004395
2009-05-05,10.798445701599121
2009-05-06,11.099050521850586
2009-05-07,10.14555549621582
2009-05-08,11.3949613571167
2009-05-11,10.704504013061523
2009-05-12,10.638744354248047
2009-05-13,9.995253562927246
2009-05-14,10.681020736694336
2009-05-15,10.352230072021484
2009-05-18,11.45132827758789
2009-05-19,10.981627464294434
2009-05-20,10.789050102233887
2009-05-21,10.82662582397461
2009-05-22,10.511923789978027
2009-05-26,11.108450889587402
2009-05-27,10.572985649108887
2009-05-28,11.009812355041504
2009-05-29,11.432541847229004
2009-06-01,11.859972953796387
2009-06-02,11.390270233154297
2009-06-03,11.55936336517334
2009-06-04,11.737847328186035
2009-06-05,11.57344913482666
2009-06-08,11.620421409606934
2009-06-09,11.733150482177734
2009-06-10,11.329208374023438
2009-06-11,11.052653312683105
2009-06-12,11.460054397583008
2009-06-15,10.889684677124023
2009-06-16,10.7027587890625
2009-06-17,10.501452445983887
2009-06-18,10.789032936096191
2009-06-19,10.731518745422363
2009-06-22,10.295357704162598
2009-06-23,10.376838684082031
2009-06-24,10.515833854675293
2009-06-25,10.626072883605957
2009-06-26,10.674007415771484
2009-06-29,10.6116943359375
2009-06-30,10.654829978942871
2009-07-01,10.7027587890625
2009-07-02,10.065295219421387
2009-07-06,10.338495254516602
2009-07-07,9.792092323303223
2009-07-08,9.605165481567383
2009-07-09,9.370306015014648
2009-07-10,9.231310844421387
2009-07-13,9.715404510498047
2009-07-14,9.70102596282959
2009-07-15,9.950260162353516
2009-07-16,10.026949882507324
2009-07-17,9.600370407104492
2009-07-20,10.012572288513184
2009-07-21,9.887951850891113
2009-07-22,9.92629337310791
2009-07-23,10.314530372619629
2009-07-24,10.175533294677734
2009-07-27,10.42477035522461
2009-07-28,10.64045238494873
2009-07-29,10.482285499572754
2009-07-30,11.321060180664062
2009-07-31,11.503194808959961
2009-08-03,11.71408462524414
2009-08-04,12.50493049621582
2009-08-05,13.2334623336792
2009-08-06,13.425185203552246
2009-08-07,14.402959823608398
2009-08-10,13.89489459991455
2009-08-11,13.305356979370117
2009-08-12,13.324528694152832
2009-08-13,13.34849739074707
2009-08-14,13.075297355651855
2009-08-17,12.528886795043945
2009-08-18,12.782919883728027
2009-08-19,12.653510093688965
2009-08-20,13.147189140319824
2009-08-21,13.252635955810547
2009-08-24,13.156774520874023
2009-08-25,13.11363697052002
2009-08-26,13.33411979675293
2009-08-27,13.372453689575195
2009-08-28,13.324528694152832
2009-08-31,13.089675903320312
2009-09-01,12.519307136535645
2009-09-02,12.418649673461914
2009-09-03,12.687063217163086
2009-09-04,12.778131484985352
2009-09-08,13.214289665222168
2009-09-09,13.789449691772461
2009-09-10,14.014723777770996
2009-09-11,13.971585273742676
2009-09-14,14.383779525756836
2009-09-15,14.647401809692383
2009-09-16,15.332795143127441
2009-09-17,15.31245231628418
2009-09-18,15.38027286529541
2009-09-21,15.356047630310059
2009-09-22,15.917970657348633
2009-09-23,15.13805866241455
2009-09-24,14.721461296081543
2009-09-25,14.648797988891602
2009-09-28,15.23978328704834
2009-09-29,14.881322860717773
2009-09-30,14.87162971496582
2009-10-01,13.999673843383789
2009-10-02,13.864042282104492
2009-10-05,14.232200622558594
2009-10-06,14.048121452331543
2009-10-07,14.062654495239258
2009-10-08,14.440494537353516
2009-10-09,14.634269714355469
2009-10-12,14.62942123413086
2009-10-13,14.362993240356445
2009-10-14,14.740837097167969
2009-10-15,14.5180082321167
2009-10-16,14.07718276977539
2009-10-19,14.343615531921387
2009-10-20,14.067497253417969
2009-10-21,13.723557472229004
2009-10-22,14.125629425048828
2009-10-23,14.033590316772461
2009-10-26,14.101410865783691
2009-10-27,13.922176361083984
2009-10-28,13.350558280944824
2009-10-29,14.07718276977539
2009-10-30,13.98998737335205
2009-11-02,13.98998737335205
2009-11-03,14.145000457763672
2009-11-04,13.830133438110352
2009-11-05,14.178912162780762
2009-11-06,13.975454330444336
2009-11-09,14.566449165344238
2009-11-10,14.818343162536621
2009-11-11,15.220409393310547
2009-11-12,15.070242881774902
2009-11-13,15.302762985229492
2009-11-16,15.646702766418457
2009-11-17,15.409340858459473
2009-11-18,15.893754959106445
2009-11-19,15.559503555297852
2009-11-20,15.477152824401855
2009-11-23,15.569194793701172
2009-11-24,15.25432300567627
2009-11-25,15.351202964782715
2009-11-27,14.973359107971191
2009-11-30,15.603095054626465
2009-12-01,15.73388957977295
2009-12-02,15.922819137573242
2009-12-03,15.60794734954834
2009-12-04,16.005168914794922
2009-12-07,15.569194793701172
2009-12-08,15.414172172546387
2009-12-09,15.365732192993164
2009-12-10,15.26401424407959
2009-12-11,15.559503555297852
2009-12-14,15.845314025878906
2009-12-15,15.656391143798828
2009-12-16,15.709671020507812
2009-12-17,15.591209411621094
2009-12-18,15.963245391845703
2009-12-21,16.433185577392578
2009-12-22,16.736690521240234
2009-12-23,17.094036102294922
2009-12-24,17.2751522064209
2009-12-28,17.622716903686523
2009-12-29,17.128299713134766
2009-12-30,17.11851692199707
2009-12-31,16.53598403930664
2010-01-04,16.34996223449707
2010-01-05,16.28632926940918
2010-01-06,16.379335403442383
2010-01-07,16.53598403930664
2010-01-08,16.325481414794922
2010-01-11,16.276535034179688
2010-01-12,16.041568756103516
2010-01-13,16.55068016052246
2010-01-14,16.52129364013672
2010-01-15,16.335281372070312
2010-01-19,16.849273681640625
2010-01-20,16.531085968017578
2010-01-21,16.11988639831543
2010-01-22,15.630373001098633
2010-01-25,15.625484466552734
2010-01-26,15.596102714538574
2010-01-27,15.880026817321777
2010-01-28,15.801703453063965
2010-01-29,15.689115524291992
2010-02-01,16.041568756103516
2010-02-02,16.325481414794922
2010-02-03,15.845756530761719
2010-02-04,16.017093658447266
2010-02-05,16.139482498168945
2010-02-08,15.880026817321777
2010-02-09,15.860445976257324
2010-02-10,15.791908264160156
2010-02-11,16.03666877746582
2010-02-12,16.252058029174805
2010-02-16,16.834590911865234
2010-02-17,16.93739128112793
2010-02-18,17.167457580566406
2010-02-19,17.35837745666504
2010-02-22,17.58355712890625
2010-02-23,17.475862503051758
2010-02-24,17.67656135559082
2010-02-25,17.740211486816406
2010-02-26,17.661876678466797
2010-03-01,17.671661376953125
2010-03-02,17.681453704833984
2010-03-03,17.544391632080078
2010-03-04,17.661876678466797
2010-03-05,18.244409561157227
2010-03-08,18.415742874145508
2010-03-09,18.748619079589844
2010-03-10,18.80245590209961
2010-03-11,18.836048126220703
2010-03-12,18.801471710205078
2010-03-15,18.82123374938965
2010-03-16,19.443500518798828
2010-03-17,19.71018409729004
2010-03-18,19.576845169067383
2010-03-19,19.413869857788086
2010-03-22,19.581789016723633
2010-03-23,19.52745246887207
2010-03-24,19.443500518798828
2010-03-25,19.50770378112793
2010-03-26,19.433622360229492
2010-03-29,19.438556671142578
2010-03-30,19.502765655517578
2010-03-31,19.334848403930664
2010-04-01,19.32497215270996
2010-04-05,19.86823081970215
2010-04-06,20.525062561035156
2010-04-07,20.065776824951172
2010-04-08,20.031200408935547
2010-04-09,20.717670440673828
2010-04-12,20.727558135986328
2010-04-13,21.251052856445312
2010-04-14,21.280683517456055
2010-04-15,20.762115478515625
2010-04-16,20.302831649780273
2010-04-19,20.322580337524414
2010-04-20,20.747304916381836
2010-04-21,21.206602096557617
2010-04-22,21.606632232666016
2010-04-23,22.026418685913086
2010-04-26,22.352359771728516
2010-04-27,21.581933975219727
2010-04-28,21.690587997436523
2010-04-29,23.290706634521484
2010-04-30,22.357315063476562
2010-05-03,23.4685001373291
2010-05-04,23.216632843017578
2010-05-05,22.851171493530273
2010-05-06,21.89308738708496
2010-05-07,21.448591232299805
2010-05-10,23.21168327331543
2010-05-11,23.37467384338379
2010-05-12,23.75494384765625
2010-05-13,23.216632843017578
2010-05-14,22.530155181884766
2010-05-17,22.673385620117188
2010-05-18,22.021482467651367
2010-05-19,21.977033615112305
2010-05-20,20.880651473999023
2010-05-21,21.710338592529297
2010-05-24,21.04363250732422
2010-05-25,21.43378257751465
2010-05-26,21.418956756591797
2010-05-27,22.594362258911133
2010-05-28,22.288166046142578
2010-06-01,21.89308738708496
2010-06-02,21.981969833374023
2010-06-03,21.883197784423828
2010-06-04,20.362089157104492
2010-06-07,20.179357528686523
2010-06-08,20.653472900390625
2010-06-09,20.648534774780273
2010-06-10,21.82887077331543
2010-06-11,22.00172233581543
2010-06-14,22.33262062072754
2010-06-15,22.930194854736328
2010-06-16,22.809803009033203
2010-06-17,23.048595428466797
2010-06-18,22.76502799987793
2010-06-21,22.66552734375
2010-06-22,21.814815521240234
2010-06-23,22.05859375
2010-06-24,21.36708641052246
2010-06-25,22.16803741455078
2010-06-28,21.83472442626953
2010-06-29,20.964122772216797
2010-06-30,20.715377807617188
2010-07-01,20.72036361694336
2010-07-02,20.232810974121094
2010-07-06,20.008947372436523
2010-07-07,21.15813636779785
2010-07-08,21.54618263244629
2010-07-09,21.914323806762695
2010-07-12,22.043670654296875
2010-07-13,22.50135612487793
2010-07-14,22.23271369934082
2010-07-15,22.28743553161621
2010-07-16,21.237741470336914
2010-07-19,21.710346221923828
2010-07-20,21.94915199279785
2010-07-21,21.317333221435547
2010-07-22,22.347135543823242
2010-07-23,22.461557388305664
2010-07-26,23.242610931396484
2010-07-27,23.103315353393555
2010-07-28,23.163005828857422
2010-07-29,22.491411209106445
2010-07-30,22.809803009033203
2010-08-02,23.546085357666016
2010-08-03,23.352054595947266
2010-08-04,23.2923583984375
2010-08-05,22.83964729309082
2010-08-06,22.809803009033203
2010-08-09,23.376930236816406
2010-08-10,23.421710968017578
2010-08-11,22.600854873657227
2010-08-12,22.222759246826172
2010-08-13,22.327238082885742
2010-08-16,22.327238082885742
2010-08-17,22.834680557250977
2010-08-18,22.859548568725586
2010-08-19,22.217788696289062
2010-08-20,22.31231689453125
2010-08-23,22.347135543823242
2010-08-24,22.192920684814453
2010-08-25,22.575984954833984
2010-08-26,22.376983642578125
2010-08-27,22.829700469970703
2010-08-30,22.486431121826172
2010-08-31,22.799848556518555
2010-09-01,23.799808502197266
2010-09-02,23.92914581298828
2010-09-03,24.307231903076172
2010-09-07,23.983875274658203
2010-09-08,24.008743286132812
2010-09-09,23.600797653198242
2010-09-10,23.695331573486328
2010-09-13,23.82965087890625
2010-09-14,23.869455337524414
2010-09-15,24.356992721557617
2010-09-16,24.421106338500977
2010-09-17,24.481216430664062
2010-09-20,25.287742614746094
2010-09-21,24.621492385864258
2010-09-22,24.56638526916504
2010-09-23,23.945205688476562
2010-09-24,24.676586151123047
2010-09-27,24.105506896972656
2010-09-28,24.07544708251953
2010-09-29,23.73981475830078
2010-09-30,23.829986572265625
2010-10-01,23.955223083496094
2010-10-04,24.160627365112305
2010-10-05,24.491233825683594
2010-10-06,24.3359432220459
2010-10-07,24.300880432128906
2010-10-08,24.36099624633789
2010-10-11,24.32090950012207
2010-10-12,24.786802291870117
2010-10-13,25.02224349975586
2010-10-14,24.927066802978516
2010-10-15,25.02224349975586
2010-10-18,25.382923126220703
2010-10-19,25.167516708374023
2010-10-20,25.803722381591797
2010-10-21,25.803722381591797
2010-10-22,25.463069915771484
2010-10-25,25.292760848999023
2010-10-26,25.122432708740234
2010-10-27,24.942094802856445
2010-10-28,24.421106338500977
2010-10-29,24.36099624633789
2010-11-01,24.511276245117188
2010-11-02,24.496253967285156
2010-11-03,24.466197967529297
2010-11-04,25.252674102783203
2010-11-05,25.468090057373047
2010-11-08,25.132444381713867
2010-11-09,24.255786895751953
2010-11-10,25.027250289916992
2010-11-11,24.801820755004883
2010-11-12,24.70163917541504
2010-11-15,24.646528244018555
2010-11-16,23.724790573120117
2010-11-17,24.20069694519043
2010-11-18,24.65655517578125
2010-11-19,25.00221061706543
2010-11-22,25.04728126525879
2010-11-23,24.861936569213867
2010-11-24,25.202577590942383
2010-11-26,25.05229949951172
2010-11-29,25.04728126525879
2010-11-30,25.037269592285156
2010-12-01,25.382923126220703
2010-12-02,25.87886619567871
2010-12-03,26.049182891845703
2010-12-06,25.974035263061523
2010-12-07,26.079238891601562
2010-12-08,25.688499450683594
2010-12-09,25.648427963256836
2010-12-10,25.82875633239746
2010-12-13,25.65843963623047
2010-12-14,25.292760848999023
2010-12-15,25.027250289916992
2010-12-16,25.0262451171875
2010-12-17,25.19308090209961
2010-12-20,25.627878189086914
2010-12-21,25.825056076049805
2010-12-22,26.02728843688965
2010-12-23,25.956510543823242
2010-12-27,26.355926513671875
2010-12-28,26.275022506713867
2010-12-29,26.41658592224121
2010-12-30,26.436809539794922
2010-12-31,26.26491355895996
2011-01-03,26.553096771240234
2011-01-04,25.885730743408203
2011-01-05,25.870555877685547
2011-01-06,25.557096481323242
2011-01-07,25.471155166625977
2011-01-10,25.410478591918945
2011-01-11,25.248699188232422
2011-01-12,25.309368133544922
2011-01-13,25.39531135559082
2011-01-14,25.739110946655273
2011-01-18,26.093017578125
2011-01-19,25.73405647277832
2011-01-20,25.875612258911133
2011-01-21,26.02728843688965
2011-01-24,26.158737182617188
2011-01-25,26.593534469604492
2011-01-26,26.770498275756836
2011-01-27,27.205293655395508
2011-01-28,26.740161895751953
2011-01-31,27.397403717041016
2011-02-01,27.60468864440918
2011-02-02,27.705812454223633
2011-02-03,27.508642196655273
2011-02-04,26.83620834350586
2011-02-07,27.15473747253418
2011-02-08,27.05361557006836
2011-02-09,27.200237274169922
2011-02-10,27.38224983215332
2011-02-11,27.579418182373047
2011-02-14,27.59963607788086
2011-02-15,27.397403717041016
2011-02-16,27.099119186401367
2011-02-17,27.129459381103516
2011-02-18,27.31651496887207
2011-02-22,27.276063919067383
2011-02-23,26.957557678222656
2011-02-24,26.56825828552246
2011-02-25,26.977783203125
2011-02-28,27.862545013427734
2011-03-01,27.083959579467773
2011-03-02,26.866544723510742
2011-03-03,27.407520294189453
2011-03-04,26.957557678222656
2011-03-07,26.603652954101562
2011-03-08,27.240684509277344
2011-03-09,27.331695556640625
2011-03-10,27.013168334960938
2011-03-11,27.579418182373047
2011-03-14,27.392356872558594
2011-03-15,27.579418182373047
2011-03-16,27.286190032958984
2011-03-17,27.626049041748047
2011-03-18,27.8244686126709
2011-03-21,27.936384201049805
2011-03-22,27.748132705688477
2011-03-23,27.478500366210938
2011-03-24,27.56498908996582
2011-03-25,27.70235252380371
2011-03-28,27.793941497802734
2011-03-29,27.83463478088379
2011-03-30,28.2823486328125
2011-03-31,28.699539184570312
2011-04-01,28.831830978393555
2011-04-04,28.648677825927734
2011-04-05,28.658832550048828
2011-04-06,28.643577575683594
2011-04-07,28.394285202026367
2011-04-08,28.272172927856445
2011-04-11,28.262008666992188
2011-04-12,28.328144073486328
2011-04-13,28.4095458984375
2011-04-14,28.60287857055664
2011-04-15,28.897958755493164
2011-04-18,28.48585319519043
2011-04-19,28.643577575683594
2011-04-20,29.20322608947754
2011-04-21,29.33550453186035
2011-04-25,29.666194915771484
2011-04-26,30.0833740234375
2011-04-27,30.149518966674805
2011-04-28,30.23601722717285
2011-04-29,30.39373016357422
2011-05-02,30.470056533813477
2011-05-03,30.28688621520996
2011-05-04,30.149518966674805
2011-05-05,30.13935089111328
2011-05-06,29.823909759521484
2011-05-09,30.052860260009766
2011-05-10,30.52601432800293
2011-05-11,30.180051803588867
2011-05-12,30.23601722717285
2011-05-13,30.09865379333496
2011-05-16,30.21565055847168
2011-05-17,30.246191024780273
2011-05-18,30.40899085998535
2011-05-19,30.704072952270508
2011-05-20,30.485301971435547
2011-05-23,30.047773361206055
2011-05-24,30.134260177612305
2011-05-25,30.378480911254883
2011-05-26,30.775310516357422
2011-05-27,30.831262588500977
2011-05-31,31.457059860229492
2011-06-01,30.40389633178711
2011-06-02,30.159696578979492
2011-06-03,30.627756118774414
2011-06-06,30.42934799194336
2011-06-07,30.917753219604492
2011-06-08,31.02460479736328
2011-06-09,30.800758361816406
2011-06-10,30.12407875061035
2011-06-13,30.154605865478516
2011-06-14,30.307235717773438
2011-06-15,30.05794334411621
2011-06-16,30.133678436279297
2011-06-17,30.230894088745117
2011-06-20,30.51744842529297
2011-06-21,30.655603408813477
2011-06-22,30.491851806640625
2011-06-23,29.913646697998047
2011-06-24,29.86247444152832
2011-06-27,30.04157829284668
2011-06-28,30.425338745117188
2011-06-29,30.701658248901367
2011-06-30,30.701658248901367
2011-07-01,31.392436981201172
2011-07-05,31.530595779418945
2011-07-06,31.817161560058594
2011-07-07,32.144630432128906
2011-07-08,32.149749755859375
2011-07-11,31.740392684936523
2011-07-12,31.888792037963867
2011-07-13,31.47943115234375
2011-07-14,31.218461990356445
2011-07-15,31.597124099731445
2011-07-18,31.46919822692871
2011-07-19,31.806913375854492
2011-07-20,32.05253219604492
2011-07-21,32.2725715637207
2011-07-22,32.584686279296875
2011-07-25,32.2674446105957
2011-07-26,32.497703552246094
2011-07-27,31.97577476501465
2011-07-28,31.58177375793457
2011-07-29,31.632946014404297
2011-08-01,31.423145294189453
2011-08-02,30.706775665283203
2011-08-03,30.563505172729492
2011-08-04,29.26891326904297
2011-08-05,28.480894088745117
2011-08-08,26.58251953125
2011-08-09,29.304737091064453
2011-08-10,28.659996032714844
2011-08-11,30.08250617980957
2011-08-12,30.215553283691406
2011-08-15,31.100772857666016
2011-08-16,31.25428581237793
2011-08-17,30.988210678100586
2011-08-18,29.442895889282227
2011-08-19,28.90560531616211
2011-08-22,28.931203842163086
2011-08-23,29.632219314575195
2011-08-24,30.205312728881836
2011-08-25,29.642452239990234
2011-08-26,30.0108699798584
2011-08-29,30.783527374267578
2011-08-30,30.952388763427734
2011-08-31,31.305463790893555
2011-09-01,30.972850799560547
2011-09-02,30.553279876708984
2011-09-06,30.40999412536621
2011-09-07,31.412900924682617
2011-09-08,31.556182861328125
2011-09-09,30.60443878173828
2011-09-12,30.732358932495117
2011-09-13,30.60443878173828
2011-09-14,30.08250617980957
2011-09-15,30.0108699798584
2011-09-16,29.74736213684082
2011-09-19,29.191539764404297
2011-09-20,28.651132583618164
2011-09-21,26.932178497314453
2011-09-22,26.417518615722656
2011-09-23,27.343894958496094
2011-09-26,27.45197868347168
2011-09-27,27.493154525756836
2011-09-28,27.132888793945312
2011-09-29,27.58063507080078
2011-09-30,26.695432662963867
2011-10-03,25.558029174804688
2011-10-04,26.87556266784668
2011-10-05,26.60793113708496
2011-10-06,27.518877029418945
2011-10-07,26.75719451904297
2011-10-10,28.110742568969727
2011-10-11,27.230667114257812
2011-10-12,27.765920639038086
2011-10-13,27.59093475341797
2011-10-14,28.47100067138672
2011-10-17,27.45713233947754
2011-10-18,28.409244537353516
2011-10-19,28.07472038269043
2011-10-20,28.100446701049805
2011-10-21,29.181238174438477
2011-10-24,29.412839889526367
2011-10-25,29.01654815673828
2011-10-26,29.340778350830078
2011-10-27,30.85901641845703
2011-10-28,30.236284255981445
2011-10-31,30.200260162353516
2011-11-01,28.882734298706055
2011-11-02,29.948060989379883
2011-11-03,30.33406639099121
2011-11-04,30.092195510864258
2011-11-07,30.30320167541504
2011-11-08,30.550233840942383
2011-11-09,29.222402572631836
2011-11-10,29.48488998413086
2011-11-11,30.38039779663086
2011-11-14,29.72677230834961
2011-11-15,30.236284255981445
2011-11-16,29.155498504638672
2011-11-17,27.976926803588867
2011-11-18,28.15192222595215
2011-11-21,27.796794891357422
2011-11-22,27.693866729736328
2011-11-23,27.050546646118164
2011-11-25,27.086572647094727
2011-11-28,27.323312759399414
2011-11-29,27.22553825378418
2011-11-30,28.404102325439453
2011-12-01,27.858562469482422
2011-12-02,27.92032241821289
2011-12-05,27.64240074157715
2011-12-06,27.565202713012695
2011-12-07,28.00265884399414
2011-12-08,27.554908752441406
2011-12-09,27.997522354125977
2011-12-12,27.632116317749023
2011-12-13,27.64240074157715
2011-12-14,28.16220474243164
2011-12-15,28.79044532775879
2011-12-16,29.045265197753906
2011-12-19,28.83204460144043
2011-12-20,29.690139770507812
2011-12-21,29.40411376953125
2011-12-22,29.929372787475586
2011-12-23,29.88774871826172
2011-12-27,29.98137092590332
2011-12-28,29.492528915405273
2011-12-29,29.7109375
2011-12-30,29.658926010131836
2012-01-03,29.435312271118164
2012-01-04,29.2012882232666
2012-01-05,29.305299758911133
2012-01-06,28.962051391601562
2012-01-09,28.603221893310547
2012-01-10,28.702035903930664
2012-01-11,28.62922477722168
2012-01-12,28.119564056396484
2012-01-13,28.603221893310547
2012-01-17,28.904857635498047
2012-01-18,29.066064834594727
2012-01-19,28.868459701538086
2012-01-20,29.003664016723633
2012-01-23,29.362504959106445
2012-01-24,29.435312271118164
2012-01-25,30.23101234436035
2012-01-26,30.813465118408203
2012-01-27,31.011091232299805
2012-01-30,30.839460372924805
2012-01-31,30.969486236572266
2012-02-01,31.213909149169922
2012-02-02,31.047487258911133
2012-02-03,31.333528518676758
2012-02-06,31.083898544311523
2012-02-07,31.005878448486328
2012-02-08,30.943485260009766
2012-02-09,30.50663185119629
2012-02-10,30.47023582458496
2012-02-13,30.636655807495117
2012-02-14,30.043777465820312
2012-02-15,30.017778396606445
2012-02-16,30.277812957763672
2012-02-17,30.428627014160156
2012-02-21,29.924169540405273
2012-02-22,29.596527099609375
2012-02-23,29.955366134643555
2012-02-24,30.19459342956543
2012-02-27,30.012575149536133
2012-02-28,29.658926010131836
2012-02-29,29.586137771606445
2012-03-01,29.85655975341797
2012-03-02,29.98657989501953
2012-03-05,30.49103546142578
2012-03-06,30.309001922607422
2012-03-07,30.340213775634766
2012-03-08,30.277812957763672
2012-03-09,30.84467887878418
2012-03-12,30.953882217407227
2012-03-13,31.629968643188477
2012-03-14,31.43234634399414
2012-03-15,30.969486236572266
2012-03-16,31.18792152404785
2012-03-19,31.739168167114258
2012-03-20,31.614364624023438
2012-03-21,31.56624984741211
2012-03-22,31.116500854492188
2012-03-23,31.45642852783203
2012-03-26,31.874780654907227
2012-03-27,31.796356201171875
2012-03-28,31.791128158569336
2012-03-29,32.06828689575195
2012-03-30,32.74814987182617
2012-04-02,32.72200393676758
2012-04-03,32.59648132324219
2012-04-04,32.27225875854492
2012-04-05,32.104888916015625
2012-04-09,31.691743850708008
2012-04-10,31.00143814086914
2012-04-11,31.283849716186523
2012-04-12,31.64990997314453
2012-04-13,31.822494506835938
2012-04-16,32.42913055419922
2012-04-17,32.40299606323242
2012-04-18,32.19902420043945
2012-04-19,32.2094841003418
2012-04-20,32.48143005371094
2012-04-23,32.104888916015625
2012-04-24,32.65924072265625
2012-04-25,32.78475570678711
2012-04-26,32.24087142944336
2012-04-27,32.19902420043945
2012-04-30,32.131046295166016
2012-05-01,32.72723388671875
2012-05-02,32.72723388671875
2012-05-03,32.680171966552734
2012-05-04,32.78475570678711
2012-05-07,33.29725646972656
2012-05-08,33.166526794433594
2012-05-09,33.014854431152344
2012-05-10,32.99394607543945
2012-05-11,33.135135650634766
2012-05-14,32.8056640625
2012-05-15,32.601722717285156
2012-05-16,32.28272247314453
2012-05-17,31.602848052978516
2012-05-18,31.56100082397461
2012-05-21,32.28272247314453
2012-05-22,32.40299606323242
2012-05-23,32.408226013183594
2012-05-24,32.465755462646484
2012-05-25,32.23564910888672
2012-05-29,32.70108413696289
2012-05-30,31.676069259643555
2012-05-31,31.953227996826172
2012-06-01,31.16878890991211
2012-06-04,30.881153106689453
2012-06-05,31.59761619567871
2012-06-06,32.28272247314453
2012-06-07,31.94801139831543
2012-06-08,32.37161636352539
2012-06-11,31.744060516357422
2012-06-12,31.885251998901367
2012-06-13,31.77542495727539
2012-06-14,32.382080078125
2012-06-15,32.38729476928711
2012-06-18,32.38729476928711
2012-06-19,32.32978057861328
2012-06-20,32.013221740722656
2012-06-21,31.27178192138672
2012-06-22,31.20342254638672
2012-06-25,31.287548065185547
2012-06-26,31.298072814941406
2012-06-27,31.287548065185547
2012-06-28,31.829164505004883
2012-06-29,32.79145050048828
2012-07-02,33.0964469909668
2012-07-03,33.36988830566406
2012-07-05,33.112220764160156
2012-07-06,33.238433837890625
2012-07-09,33.36463165283203
2012-07-10,32.891361236572266
2012-07-11,33.14377212524414
2012-07-12,33.46453857421875
2012-07-13,34.05348205566406
2012-07-16,34.08503341674805
2012-07-17,34.42681884765625
2012-07-18,34.15338897705078
2012-07-19,33.93779373168945
2012-07-20,33.701175689697266
2012-07-23,33.627540588378906
2012-07-24,33.36988830566406
2012-07-25,33.38566589355469
2012-07-26,33.085933685302734
2012-07-27,33.117488861083984
2012-07-30,33.30152130126953
2012-07-31,33.291015625
2012-08-01,32.865081787109375
2012-08-02,33.01757049560547
2012-08-03,32.97551345825195
2012-08-06,32.78620529174805
2012-08-07,32.291908264160156
2012-08-08,31.986923217773438
2012-08-09,31.681941986083984
2012-08-10,31.655637741088867
2012-08-13,31.424278259277344
2012-08-14,31.192893981933594
2012-08-15,31.319107055664062
2012-08-16,31.419015884399414
2012-08-17,31.639862060546875
2012-08-20,31.60832977294922
2012-08-21,31.718730926513672
2012-08-22,32.03950500488281
2012-08-23,32.21829605102539
2012-08-24,31.981666564941406
2012-08-27,32.09210205078125
2012-08-28,32.13941192626953
2012-08-29,32.03424835205078
2012-08-30,31.876495361328125
2012-08-31,31.760812759399414
2012-09-04,31.86598014831543
2012-09-05,31.724008560180664
2012-09-06,31.9290771484375
2012-09-07,31.844947814941406
2012-09-10,31.266521453857422
2012-09-11,31.21394157409668
2012-09-12,31.156091690063477
2012-09-13,31.645118713378906
2012-09-14,31.671419143676758
2012-09-17,31.676681518554688
2012-09-18,31.429533004760742
2012-09-19,31.259252548217773
2012-09-20,30.434267044067383
2012-09-21,30.370817184448242
2012-09-24,30.534746170043945
2012-09-25,30.138134002685547
2012-09-26,30.34436798095703
2012-09-27,30.534746170043945
2012-09-28,30.42369842529297
2012-10-01,30.254470825195312
2012-10-02,30.42369842529297
2012-10-03,30.21216583251953
2012-10-04,29.868425369262695
2012-10-05,30.079959869384766
2012-10-08,29.826122283935547
2012-10-09,29.52997398376465
2012-10-10,29.79437828063965
2012-10-11,29.715057373046875
2012-10-12,29.625154495239258
2012-10-15,29.725637435913086
2012-10-16,29.810245513916016
2012-10-17,29.82083511352539
2012-10-18,30.397266387939453
2012-10-19,30.21216583251953
2012-10-22,29.77851676940918
2012-10-23,29.7679386138916
2012-10-24,29.678041458129883
2012-10-25,29.836688995361328
2012-10-26,29.646310806274414
2012-10-31,30.360239028930664
2012-11-01,30.75156593322754
2012-11-02,31.253952026367188
2012-11-05,30.968400955200195
2012-11-06,30.984264373779297
2012-11-07,30.672252655029297
2012-11-08,30.21216583251953
2012-11-09,29.963611602783203
2012-11-12,29.77322769165039
2012-11-13,29.593421936035156
2012-11-14,28.826627731323242
2012-11-15,28.704994201660156
2012-11-16,28.720863342285156
2012-11-19,28.927099227905273
2012-11-20,28.874216079711914
2012-11-21,28.588651657104492
2012-11-23,28.80018424987793
2012-11-26,28.784305572509766
2012-11-27,29.21795082092285
2012-11-28,29.180946350097656
2012-11-29,29.48238182067871
2012-11-30,29.355445861816406
2012-12-03,29.19681167602539
2012-12-04,29.07517433166504
2012-12-05,28.784305572509766
2012-12-06,29.381900787353516
2012-12-07,29.143917083740234
2012-12-10,29.133342742919922
2012-12-11,29.085750579833984
2012-12-12,29.281417846679688
2012-12-13,29.154508590698242
2012-12-14,29.344873428344727
2012-12-17,29.471797943115234
2012-12-18,29.73621368408203
2012-12-19,29.697084426879883
2012-12-20,30.292190551757812
2012-12-21,30.351167678833008
2012-12-24,30.38869285583496
2012-12-26,30.050928115844727
2012-12-27,30.254667282104492
2012-12-28,29.97050666809082
2012-12-31,30.383342742919922
2013-01-02,30.565643310546875
2013-01-03,30.69430923461914
2013-01-04,30.68358612060547
2013-01-07,30.914125442504883
2013-01-08,31.026723861694336
2013-01-09,31.09642219543457
2013-01-10,31.29478645324707
2013-01-11,31.176837921142578
2013-01-14,31.321582794189453
2013-01-15,31.4931640625
2013-01-16,31.407379150390625
2013-01-17,31.348405838012695
2013-01-18,31.316240310668945
2013-01-22,31.36985206604004
2013-01-23,31.305505752563477
2013-01-24,31.08033561706543
2013-01-25,31.144678115844727
2013-01-28,31.176837921142578
2013-01-29,30.962369918823242
2013-01-30,30.597793579101562
2013-01-31,29.697084426879883
2013-02-01,29.343219757080078
2013-02-04,29.198467254638672
2013-02-05,29.037622451782227
2013-02-06,29.611278533935547
2013-02-07,29.391469955444336
2013-02-08,29.72388458251953
2013-02-11,30.270750045776367
2013-02-12,30.822978973388672
2013-02-13,30.908767700195312
2013-02-14,30.860506057739258
2013-02-15,30.83369255065918
2013-02-19,30.871231079101562
2013-02-20,30.79616928100586
2013-02-21,30.619245529174805
2013-02-22,30.67285919189453
2013-02-25,30.024127960205078
2013-02-26,30.024127960205078
2013-02-27,30.018766403198242
2013-02-28,29.50943374633789
2013-03-01,29.67027473449707
2013-03-04,29.83648681640625
2013-03-05,30.099184036254883
2013-03-06,30.217134475708008
2013-03-07,29.616653442382812
2013-03-08,29.450448989868164
2013-03-11,29.391469955444336
2013-03-12,29.482616424560547
2013-03-13,29.734601974487305
2013-03-14,30.23322105407715
2013-03-15,30.072385787963867
2013-03-18,29.804298400878906
2013-03-19,29.51477813720703
2013-03-20,29.655214309692383
2013-03-21,29.374361038208008
2013-03-22,29.520187377929688
2013-03-25,29.682209014892578
2013-03-26,29.914447784423828
2013-03-27,29.736225128173828
2013-03-28,29.736225128173828
2013-04-01,30.000844955444336
2013-04-02,29.99004364013672
2013-04-03,30.206066131591797
2013-04-04,31.064775466918945
2013-04-05,31.259218215942383
2013-04-08,31.32940673828125
2013-04-09,31.491443634033203
2013-04-10,31.51304054260254
2013-04-11,31.8748836517334
2013-04-12,31.91269302368164
2013-04-15,31.270008087158203
2013-04-16,31.61025619506836
2013-04-17,31.145793914794922
2013-04-18,31.23760986328125
2013-04-19,31.307823181152344
2013-04-22,31.10800552368164
2013-04-23,31.178194046020508
2013-04-24,31.15659523010254
2013-04-25,30.891952514648438
2013-04-26,30.573312759399414
2013-04-29,30.89737319946289
2013-04-30,31.356420516967773
2013-05-01,30.72994041442871
2013-05-02,30.584125518798828
2013-05-03,30.254682540893555
2013-05-06,30.400501251220703
2013-05-07,30.90277671813965
2013-05-08,31.070188522338867
2013-05-09,30.9135684967041
2013-05-10,31.16739845275879
2013-05-13,31.718276977539062
2013-05-14,31.982908248901367
2013-05-15,31.950498580932617
2013-05-16,32.19353103637695
2013-05-17,32.18272399902344
2013-05-20,32.501365661621094
2013-05-21,32.80921173095703
2013-05-22,31.934297561645508
2013-05-23,32.501365661621094
2013-05-24,32.566165924072266
2013-05-28,32.085514068603516
2013-05-29,31.61564826965332
2013-05-30,31.010780334472656
2013-05-31,30.540924072265625
2013-06-03,30.9135684967041
2013-06-04,30.85955810546875
2013-06-05,30.63812255859375
2013-06-06,30.60572624206543
2013-06-07,30.61652183532715
2013-06-10,30.265483856201172
2013-06-11,29.76861572265625
2013-06-12,29.56879997253418
2013-06-13,30.481504440307617
2013-06-14,30.42750358581543
2013-06-17,30.46530532836914
2013-06-18,30.573312759399414
2013-06-19,29.703805923461914
2013-06-20,28.784404754638672
2013-06-21,29.774532318115234
2013-06-24,30.242385864257812
2013-06-25,30.68305015563965
2013-06-26,31.145479202270508
2013-06-27,31.781982421875
2013-06-28,31.586137771606445
2013-07-01,31.270606994628906
2013-07-02,31.46643829345703
2013-07-03,31.248851776123047
2013-07-05,31.205320358276367
2013-07-08,31.199880599975586
2013-07-09,31.53718376159668
2013-07-10,31.504549026489258
2013-07-11,32.14106369018555
2013-07-12,31.896230697631836
2013-07-15,31.885353088378906
2013-07-16,31.956071853637695
2013-07-17,31.961523056030273
2013-07-18,32.146484375
2013-07-19,31.956071853637695
2013-07-22,32.01591491699219
2013-07-23,31.961523056030273
2013-07-24,31.248851776123047
2013-07-25,31.406612396240234
2013-07-26,31.60246467590332
2013-07-29,31.43381118774414
2013-07-30,31.368526458740234
2013-07-31,30.465450286865234
2013-08-01,30.280479431152344
2013-08-02,29.894222259521484
2013-08-05,29.861574172973633
2013-08-06,29.779970169067383
2013-08-07,29.513412475585938
2013-08-08,29.518829345703125
2013-08-09,29.49164581298828
2013-08-12,29.089067459106445
2013-08-13,28.648405075073242
2013-08-14,28.59943389892578
2013-08-15,28.175100326538086
2013-08-16,27.565793991088867
2013-08-19,27.446094512939453
2013-08-20,27.91940689086914
2013-08-21,27.89763832092285
2013-08-22,28.207731246948242
2013-08-23,28.56679916381836
2013-08-26,28.784404754638672
2013-08-27,28.78985023498535
2013-08-28,28.3437442779541
2013-08-29,28.3437442779541
2013-08-30,28.22949981689453
2013-09-03,27.886764526367188
2013-09-04,28.289344787597656
2013-09-05,28.147903442382812
2013-09-06,28.855125427246094
2013-09-09,29.480754852294922
2013-09-10,29.595012664794922
2013-09-11,29.87245750427246
2013-09-12,29.76909637451172
2013-09-13,29.698373794555664
2013-09-16,29.818052291870117
2013-09-17,29.676603317260742
2013-09-18,30.732017517089844
2013-09-19,30.85256576538086
2013-09-20,30.73749351501465
2013-09-23,30.233427047729492
2013-09-24,29.74579620361328
2013-09-25,29.893720626831055
2013-09-26,29.953990936279297
2013-09-27,29.888246536254883
2013-09-30,29.351299285888672
2013-10-01,29.75675392150879
2013-10-02,29.630727767944336
2013-10-03,28.962278366088867
2013-10-04,28.83626937866211
2013-10-07,29.038990020751953
2013-10-08,28.589702606201172
2013-10-09,28.61161231994629
2013-10-10,29.334867477416992
2013-10-11,29.433483123779297
2013-10-14,29.384174346923828
2013-10-15,29.378692626953125
2013-10-16,30.00879669189453
2013-10-17,30.463544845581055
2013-10-18,30.249862670898438
2013-10-21,30.16219139099121
2013-10-22,30.392324447631836
2013-10-23,30.436161041259766
2013-10-24,29.488269805908203
2013-10-25,30.08548927307129
2013-10-28,29.78961753845215
2013-10-29,29.50471305847168
2013-10-30,29.121183395385742
2013-10-31,28.688339233398438
2013-11-01,28.984210968017578
2013-11-04,29.241718292236328
2013-11-05,28.797910690307617
2013-11-06,28.85270118713379
2013-11-07,28.737646102905273
2013-11-08,28.32670783996582
2013-11-11,28.299320220947266
2013-11-12,28.10207748413086
2013-11-13,28.24452781677246
2013-11-14,28.52943992614746
2013-11-15,28.151371002197266
2013-11-18,28.063720703125
2013-11-19,27.97057342529297
2013-11-20,27.745939254760742
2013-11-21,27.85004234313965
2013-11-22,27.85004234313965
2013-11-25,27.724010467529297
2013-11-26,27.882911682128906
2013-11-27,28.496562957763672
2013-11-29,28.239042282104492
2013-12-02,28.304794311523438
2013-12-03,28.496562957763672
2013-12-04,29.000638961791992
2013-12-05,28.83078384399414
2013-12-06,29.126644134521484
2013-12-09,29.301984786987305
2013-12-10,29.586894989013672
2013-12-11,29.115697860717773
2013-12-12,28.737646102905273
2013-12-13,28.60615348815918
2013-12-16,28.441774368286133
2013-12-17,28.28288459777832
2013-12-18,28.765043258666992
2013-12-19,28.513004302978516
2013-12-20,28.46916961669922
2013-12-23,28.408893585205078
2013-12-24,28.580915451049805
2013-12-26,28.71961784362793
2013-12-27,28.76401710510254
2013-12-30,28.886075973510742
2013-12-31,28.780651092529297
2014-01-02,28.84723472595215
2014-01-03,29.09136962890625
2014-01-06,29.318876266479492
2014-01-07,29.368806838989258
2014-01-08,29.63513946533203
2014-01-09,29.651792526245117
2014-01-10,29.723922729492188
2014-01-13,29.529720306396484
2014-01-14,29.679536819458008
2014-01-15,29.840436935424805
2014-01-16,29.901485443115234
2014-01-17,29.873729705810547
2014-01-21,30.1955509185791
2014-01-22,29.951417922973633
2014-01-23,29.83489418029785
2014-01-24,29.796049118041992
2014-01-27,29.607402801513672
2014-01-28,29.884822845458984
2014-01-29,29.934772491455078
2014-01-30,30.595056533813477
2014-01-31,30.728221893310547
2014-02-03,30.406396865844727
2014-02-04,30.728221893310547
2014-02-05,30.950164794921875
2014-02-06,31.33856773376465
2014-02-07,31.554960250854492
2014-02-10,31.960012435913086
2014-02-11,32.19859313964844
2014-02-12,32.298465728759766
2014-02-13,32.348419189453125
2014-02-14,32.50377655029297
2014-02-18,32.73682403564453
2014-02-19,32.453834533691406
2014-02-20,32.587013244628906
2014-02-21,32.57590866088867
2014-02-24,32.487125396728516
2014-02-25,32.62030029296875
2014-02-26,32.498233795166016
2014-02-27,32.38170623779297
2014-02-28,32.442745208740234
2014-03-03,32.47049331665039
2014-03-04,32.9587516784668
2014-03-05,32.598106384277344
2014-03-06,32.38170623779297
2014-03-07,32.32067108154297
2014-03-10,32.03214645385742
2014-03-11,32.22079849243164
2014-03-12,32.53152084350586
2014-03-13,32.1264762878418
2014-03-14,32.22079849243164
2014-03-17,32.387264251708984
2014-03-18,32.409446716308594
2014-03-19,31.782459259033203
2014-03-20,32.028743743896484
2014-03-21,32.0119514465332
2014-03-24,31.844026565551758
2014-03-25,32.370201110839844
2014-03-26,31.978368759155273
2014-03-27,32.0119514465332
2014-03-28,32.1239013671875
2014-03-31,32.45975875854492
2014-04-01,32.77881622314453
2014-04-02,33.148223876953125
2014-04-03,32.823585510253906
2014-04-04,33.114654541015625
2014-04-07,33.42252731323242
2014-04-08,33.61281967163086
2014-04-09,33.60163116455078
2014-04-10,33.1202507019043
2014-04-11,32.31421661376953
2014-04-14,32.5101318359375
2014-04-15,32.47093963623047
2014-04-16,32.70603942871094
2014-04-17,32.18547439575195
2014-04-21,32.59968566894531
2014-04-22,32.53810501098633
2014-04-23,32.381385803222656
2014-04-24,32.767608642578125
2014-04-25,32.834781646728516
2014-04-28,33.304962158203125
2014-04-29,33.204219818115234
2014-04-30,33.27137756347656
2014-05-01,33.3553466796875
2014-05-02,33.702388763427734
2014-05-05,34.02705383300781
2014-05-06,34.09980392456055
2014-05-07,34.44684982299805
2014-05-08,34.547611236572266
2014-05-09,34.58678436279297
2014-05-12,34.87226104736328
2014-05-13,34.54201889038086
2014-05-14,34.48043441772461
2014-05-15,34.40767288208008
2014-05-16,34.62038040161133
2014-05-19,34.49722671508789
2014-05-20,34.37408447265625
2014-05-21,34.1669807434082
2014-05-22,33.943084716796875
2014-05-23,34.133399963378906
2014-05-27,34.37968444824219
2014-05-28,34.25094985961914
2014-05-29,34.469242095947266
2014-05-30,34.592384338378906
2014-06-02,34.76591873168945
2014-06-03,34.816280364990234
2014-06-04,34.77711868286133
2014-06-05,35.36485290527344
2014-06-06,35.068180084228516
2014-06-09,34.547611236572266
2014-06-10,34.189369201660156
2014-06-11,34.295719146728516
2014-06-12,34.28453063964844
2014-06-13,34.56999206542969
2014-06-16,34.318115234375
2014-06-17,34.32370376586914
2014-06-18,34.59798049926758
2014-06-19,34.9535026550293
2014-06-20,35.03250503540039
2014-06-23,34.96479034423828
2014-06-24,35.1510124206543
2014-06-25,35.55730438232422
2014-06-26,35.52909469604492
2014-06-27,35.85076904296875
2014-06-30,35.551673889160156
2014-07-01,35.72660827636719
2014-07-02,35.80562210083008
2014-07-03,35.65888595581055
2014-07-07,35.65888595581055
2014-07-08,35.83946990966797
2014-07-09,35.884613037109375
2014-07-10,36.00312042236328
2014-07-11,36.223209381103516
2014-07-14,36.26835250854492
2014-07-15,36.47151184082031
2014-07-16,36.61258316040039
2014-07-17,36.39813995361328
2014-07-18,36.56744384765625
2014-07-21,36.51100540161133
2014-07-22,36.78752136230469
2014-07-23,36.86088562011719
2014-07-24,37.1543083190918
2014-07-25,36.59000778198242
2014-07-28,37.04711151123047
2014-07-29,36.906028747558594
2014-07-30,37.46469497680664
2014-07-31,36.48279571533203
2014-08-01,36.18934631347656
2014-08-04,36.74238204956055
2014-08-05,36.31914138793945
2014-08-06,36.403785705566406
2014-08-07,36.42070388793945
2014-08-08,36.69157409667969
2014-08-11,36.770591735839844
2014-08-12,36.623863220214844
2014-08-13,37.1994743347168
2014-08-14,37.11481475830078
2014-08-15,37.064029693603516
2014-08-18,37.69042205810547
2014-08-19,37.70170593261719
2014-08-20,37.859710693359375
2014-08-21,37.86534881591797
2014-08-22,37.487274169921875
2014-08-25,37.39696502685547
2014-08-26,37.36875915527344
2014-08-27,37.351810455322266
2014-08-28,37.351810455322266
2014-08-29,37.50984573364258
2014-09-02,37.41389846801758
2014-09-03,37.5436897277832
2014-09-04,37.470333099365234
2014-09-05,37.95563888549805
2014-09-08,38.17572021484375
2014-09-09,37.89356994628906
2014-09-10,36.454551696777344
2014-09-11,36.505367279052734
2014-09-12,35.3485221862793
2014-09-15,35.03815841674805
2014-09-16,35.27515411376953
2014-09-17,35.1510124206543
2014-09-18,34.92914581298828
2014-09-19,35.23634338378906
2014-09-22,35.31028747558594
2014-09-23,35.321685791015625
2014-09-24,34.6219596862793
2014-09-25,34.58782958984375
2014-09-26,34.92914581298828
2014-09-29,35.00878143310547
2014-09-30,35.03153991699219
2014-10-01,35.28754806518555
2014-10-02,35.395626068115234
2014-10-03,35.61749267578125
2014-10-06,35.86212158203125
2014-10-07,35.61749267578125
2014-10-08,36.163612365722656
2014-10-09,36.465126037597656
2014-10-10,37.03969955444336
2014-10-13,37.29568099975586
2014-10-14,37.95558547973633
2014-10-15,38.1319465637207
2014-10-16,37.70527267456055
2014-10-17,37.489105224609375
2014-10-20,38.22297286987305
2014-10-21,38.405006408691406
2014-10-22,38.405006408691406
2014-10-23,38.723567962646484
2014-10-24,38.53583908081055
2014-10-27,38.59272384643555
2014-10-28,38.37654495239258
2014-10-29,38.54153060913086
2014-10-30,38.66668701171875
2014-10-31,39.57120132446289
2014-11-03,39.99784851074219
2014-11-04,39.77030563354492
2014-11-05,39.855628967285156
2014-11-06,39.531375885009766
2014-11-07,39.41761016845703
2014-11-10,40.08319091796875
2014-11-11,39.79875564575195
2014-11-12,39.42897033691406
2014-11-13,39.81012725830078
2014-11-14,39.400543212890625
2014-11-17,39.65084457397461
2014-11-18,39.92390823364258
2014-11-19,39.38346481323242
2014-11-20,39.57120132446289
2014-11-21,39.99784851074219
2014-11-24,39.855628967285156
2014-11-25,39.844261169433594
2014-11-26,40.41313934326172
2014-11-28,40.29936981201172
2014-12-01,40.18558120727539
2014-12-02,40.441585540771484
2014-12-03,40.37331008911133
2014-12-04,40.555355072021484
2014-12-05,39.986480712890625
2014-12-08,40.71464157104492
2014-12-09,41.09011459350586
2014-12-10,41.22662353515625
2014-12-11,41.11854553222656
2014-12-12,40.43589401245117
2014-12-15,40.02062225341797
2014-12-16,40.037681579589844
2014-12-17,41.112857818603516
2014-12-18,41.511070251464844
2014-12-19,41.73293685913086
2014-12-22,42.409912109375
2014-12-23,42.220909118652344
2014-12-24,41.93455505371094
2014-12-26,42.14645004272461
2014-12-29,42.23236083984375
2014-12-30,41.745540618896484
2014-12-31,41.144187927246094
2015-01-02,42.043373107910156
2015-01-05,42.415611267089844
2015-01-06,42.656166076660156
2015-01-07,43.28616714477539
2015-01-08,43.772987365722656
2015-01-09,44.09942626953125
2015-01-12,44.609134674072266
2015-01-13,44.150970458984375
2015-01-14,44.71796798706055
2015-01-15,44.97568893432617
2015-01-16,45.46821594238281
2015-01-20,44.66069412231445
2015-01-21,44.51750946044922
2015-01-22,45.422393798828125
2015-01-23,45.70305252075195
2015-01-26,45.874855041503906
2015-01-27,45.95502853393555
2015-01-28,45.60567092895508
2015-01-29,45.43959426879883
2015-01-30,44.44878005981445
2015-02-02,44.156700134277344
2015-02-03,44.666419982910156
2015-02-04,45.21051025390625
2015-02-05,45.97221374511719
2015-02-06,44.74087142944336
2015-02-09,44.59768295288086
2015-02-10,44.500335693359375
2015-02-11,44.65497589111328
2015-02-12,45.737403869628906
2015-02-13,45.10167694091797
2015-02-17,45.2505989074707
2015-02-18,45.81184768676758
2015-02-19,44.43159866333008
2015-02-20,45.044429779052734
2015-02-23,45.78895568847656
2015-02-24,44.66069412231445
2015-02-25,44.500335693359375
2015-02-26,44.00780487060547
2015-02-27,44.116600036621094
2015-03-02,44.43159866333008
2015-03-03,44.24834060668945
2015-03-04,44.00780487060547
2015-03-05,44.288429260253906
2015-03-06,42.97117614746094
2015-03-09,43.41788101196289
2015-03-10,43.49806213378906
2015-03-11,43.38927459716797
2015-03-12,44.173885345458984
2015-03-13,44.11088180541992
2015-03-16,45.18759536743164
2015-03-17,45.02724075317383
2015-03-18,46.052398681640625
2015-03-19,45.97859191894531
2015-03-20,47.13195037841797
2015-03-23,46.97623825073242
2015-03-24,46.612945556640625
2015-03-25,45.44804382324219
2015-03-26,45.26927185058594
2015-03-27,45.24043273925781
2015-03-30,45.49994659423828
2015-03-31,44.90019607543945
2015-04-01,44.7271842956543
2015-04-02,45.15969467163086
2015-04-06,45.60374069213867
2015-04-07,44.80793380737305
2015-04-08,45.00400161743164
2015-04-09,43.75260543823242
2015-04-10,43.60844039916992
2015-04-13,43.4354362487793
2015-04-14,43.8852424621582
2015-04-15,43.42966842651367
2015-04-16,43.694942474365234
2015-04-17,43.4354362487793
2015-04-20,43.4066047668457
2015-04-21,43.694942474365234
2015-04-22,43.97174835205078
2015-04-23,44.110145568847656
2015-04-24,44.144744873046875
2015-04-27,44.225467681884766
2015-04-28,44.133201599121094
2015-04-29,43.49309158325195
2015-04-30,42.59349060058594
2015-05-01,43.11825942993164
2015-05-04,43.36623001098633
2015-05-05,42.114845275878906
2015-05-06,41.7861213684082
2015-05-07,42.77801513671875
2015-05-08,43.15863037109375
2015-05-11,42.3109130859375
2015-05-12,42.56463623046875
2015-05-13,42.328208923339844
2015-05-14,43.21628952026367
2015-05-15,43.35470199584961
2015-05-18,43.13556671142578
2015-05-19,43.03175735473633
2015-05-20,43.15863037109375
2015-05-21,42.985633850097656
2015-05-22,43.03175735473633
2015-05-26,42.645381927490234
2015-05-27,43.29703140258789
2015-05-28,43.18745040893555
2015-05-29,42.8587532043457
2015-06-01,43.26243591308594
2015-06-02,42.553123474121094
2015-06-03,41.46895980834961
2015-06-04,41.45742416381836
2015-06-05,41.22675704956055
2015-06-08,41.024925231933594
2015-06-09,40.794254302978516
2015-06-10,40.88075637817383
2015-06-11,41.28440856933594
2015-06-12,41.261348724365234
2015-06-15,41.244049072265625
2015-06-16,41.89570999145508
2015-06-17,42.48390579223633
2015-06-18,43.11825942993164
2015-06-19,42.71458053588867
2015-06-22,42.07447052001953
2015-06-23,41.411285400390625
2015-06-24,41.46534729003906
2015-06-25,41.05852508544922
2015-06-26,41.3781623840332
2015-06-29,40.750511169433594
2015-06-30,40.77957534790039
2015-07-01,41.63388442993164
2015-07-02,42.185970306396484
2015-07-06,42.389373779296875
2015-07-07,43.05188751220703
2015-07-08,43.05188751220703
2015-07-09,43.11581802368164
2015-07-10,43.400569915771484
2015-07-13,43.25528335571289
2015-07-14,43.476139068603516
2015-07-15,43.447086334228516
2015-07-16,43.62723159790039
2015-07-17,43.42964172363281
2015-07-20,43.749263763427734
2015-07-21,43.452877044677734
2015-07-22,43.789955139160156
2015-07-23,43.313411712646484
2015-07-24,43.34246063232422
2015-07-27,43.6156120300293
2015-07-28,43.52262878417969
2015-07-29,43.266902923583984
2015-07-30,43.1739387512207
2015-07-31,43.476139068603516
2015-08-03,43.88875961303711
2015-08-04,43.336639404296875
2015-08-05,43.29598617553711
2015-08-06,43.452877044677734
2015-08-07,43.70278549194336
2015-08-10,43.749263763427734
2015-08-11,44.38274002075195
2015-08-12,44.661685943603516
2015-08-13,44.63261795043945
2015-08-14,44.830223083496094
2015-08-17,45.056854248046875
2015-08-18,45.161460876464844
2015-08-19,44.44084930419922
2015-08-20,44.144447326660156
2015-08-21,43.23203659057617
2015-08-24,40.982975006103516
2015-08-25,40.070560455322266
2015-08-26,41.43046569824219
2015-08-27,42.49397277832031
2015-08-28,42.389373779296875
2015-08-31,41.407222747802734
2015-09-01,40.37857437133789
2015-09-02,40.77375793457031
2015-09-03,40.936485290527344
2015-09-04,40.19261932373047
2015-09-08,40.814449310302734
2015-09-09,40.29722213745117
2015-09-10,40.40182113647461
2015-09-11,41.20380783081055
2015-09-14,41.01784896850586
2015-09-15,41.73847198486328
2015-09-16,42.052310943603516
2015-09-17,42.52255630493164
2015-09-18,42.22975540161133
2015-09-21,42.83296203613281
2015-09-22,42.4698486328125
2015-09-23,42.66896438598633
2015-09-24,42.32344055175781
2015-09-25,42.67482376098633
2015-09-28,41.77294921875
2015-09-29,43.07305145263672
2015-09-30,43.99248504638672
2015-10-01,44.08033752441406
2015-10-02,44.5546875
2015-10-05,44.75381088256836
2015-10-06,44.314598083496094
2015-10-07,44.92950439453125
2015-10-08,45.2984504699707
2015-10-09,45.380435943603516
2015-10-12,45.75523376464844
2015-10-13,45.21061325073242
2015-10-14,44.736244201660156
2015-10-15,45.813812255859375
2015-10-16,46.112464904785156
2015-10-19,46.92648696899414
2015-10-20,46.557559967041016
2015-10-21,46.52827072143555
2015-10-22,46.68638610839844
2015-10-23,46.539981842041016
2015-10-26,47.400882720947266
2015-10-27,46.63954544067383
2015-10-28,46.212032318115234
2015-10-29,45.76110076904297
2015-10-30,45.28087615966797
2015-11-02,46.914798736572266
2015-11-03,46.53413391113281
2015-11-04,46.34672546386719
2015-11-05,46.35843276977539
2015-11-06,45.03490447998047
2015-11-09,44.624961853027344
2015-11-10,45.42727279663086
2015-11-11,45.90748596191406
2015-11-12,45.50341796875
2015-11-13,45.2633171081543
2015-11-16,45.84893798828125
2015-11-17,46.05976867675781
2015-11-18,46.10661315917969
2015-11-19,46.34087371826172
2015-11-20,46.63954544067383
2015-11-23,46.72738265991211
2015-11-24,46.33501434326172
2015-11-25,46.768375396728516
2015-11-27,47.23103713989258
2015-11-30,46.74495315551758
2015-12-01,47.512115478515625
2015-12-02,46.80937957763672
2015-12-03,45.462425231933594
2015-12-04,46.651268005371094
2015-12-07,46.32916259765625
2015-12-08,46.05976867675781
2015-12-09,45.42727279663086
2015-12-10,45.216434478759766
2015-12-11,45.415584564208984
2015-12-14,45.790367126464844
2015-12-15,46.4521369934082
2015-12-16,47.336421966552734
2015-12-17,47.190032958984375
2015-12-18,46.79179763793945
2015-12-21,46.897220611572266
2015-12-22,46.8679313659668
2015-12-23,47.62451934814453
2015-12-24,47.68938446044922
2015-12-28,47.87810134887695
2015-12-29,48.33807373046875
2015-12-30,48.29088592529297
2015-12-31,48.11397171020508
2016-01-04,47.11736297607422
2016-01-05,48.06089782714844
2016-01-06,47.60683059692383
2016-01-07,47.459415435791016
2016-01-08,46.48049545288086
2016-01-11,47.04661178588867
2016-01-12,47.140968322753906
2016-01-13,46.686893463134766
2016-01-14,46.333065032958984
2016-01-15,46.3389778137207
2016-01-19,46.69278335571289
2016-01-20,45.05341339111328
2016-01-21,45.07699966430664
2016-01-22,45.831817626953125
2016-01-25,46.114871978759766
2016-01-26,47.023014068603516
2016-01-27,46.15615463256836
2016-01-28,44.693695068359375
2016-01-29,45.460304260253906
2016-02-01,45.24800491333008
2016-02-02,44.58164596557617
2016-02-03,44.62882995605469
2016-02-04,44.97674560546875
2016-02-05,43.396339416503906
2016-02-08,42.59435272216797
2016-02-09,42.069496154785156
2016-02-10,42.32307052612305
2016-02-11,41.703895568847656
2016-02-12,42.040035247802734
2016-02-16,42.564876556396484
2016-02-17,42.71819305419922
2016-02-18,43.03072738647461
2016-02-19,43.119178771972656
2016-02-22,43.756065368652344
2016-02-23,43.52608108520508
2016-02-24,43.18406295776367
2016-02-25,43.932987213134766
2016-02-26,43.962467193603516
2016-02-29,43.92708206176758
2016-03-01,45.33428192138672
2016-03-02,46.25919723510742
2016-03-03,46.88682556152344
2016-03-04,47.217140197753906
2016-03-07,47.342681884765625
2016-03-08,46.88682556152344
2016-03-09,47.355892181396484
2016-03-10,46.9462890625
2016-03-11,48.16189193725586
2016-03-14,47.957088470458984
2016-03-15,48.023155212402344
2016-03-16,48.46578598022461
2016-03-17,49.1859016418457
2016-03-18,49.060386657714844
2016-03-21,48.24116134643555
2016-03-22,48.39017868041992
2016-03-23,48.25713348388672
2016-03-24,48.223876953125
2016-03-28,49.028831481933594
2016-03-29,50.03333282470703
2016-03-30,49.793861389160156
2016-03-31,49.91360855102539
2016-04-01,50.00674057006836
2016-04-04,49.67410659790039
2016-04-05,49.241703033447266
2016-04-06,49.62090301513672
2016-04-07,49.161869049072266
2016-04-08,49.168521881103516
2016-04-11,48.08416748046875
2016-04-12,48.137393951416016
2016-04-13,46.93992614746094
2016-04-14,46.14828872680664
2016-04-15,47.15946578979492
2016-04-18,47.398963928222656
2016-04-19,47.73159408569336
2016-04-20,46.660545349121094
2016-04-21,46.447662353515625
2016-04-22,47.0064697265625
2016-04-25,47.405616760253906
2016-04-26,46.91998291015625
2016-04-27,45.735843658447266
2016-04-28,45.862247467041016
2016-04-29,45.283485412597656
2016-05-02,46.0019416809082
2016-05-03,46.05515670776367
2016-05-04,46.86011505126953
2016-05-05,47.05303955078125
2016-05-06,47.35239791870117
2016-05-09,47.81806945800781
2016-05-10,48.13072967529297
2016-05-11,46.474266052246094
2016-05-12,46.48756408691406
2016-05-13,46.03519821166992
2016-05-16,46.40107727050781
2016-05-17,45.343345642089844
2016-05-18,45.03733825683594
2016-05-19,44.451904296875
2016-05-20,44.88431167602539
2016-05-23,44.93088150024414
2016-05-24,45.223594665527344
2016-05-25,45.795711517333984
2016-05-26,45.72918701171875
2016-05-27,45.71588134765625
2016-05-31,46.04185104370117
2016-06-01,44.15255355834961
2016-06-02,44.239044189453125
2016-06-03,43.22119903564453
2016-06-06,42.3231086730957
2016-06-07,42.68234634399414
2016-06-08,42.76218795776367
2016-06-09,42.881919860839844
2016-06-10,42.855308532714844
2016-06-13,42.735565185546875
2016-06-14,42.941802978515625
2016-06-15,43.600399017333984
2016-06-16,44.07272720336914
2016-06-17,43.780006408691406
2016-06-20,43.799957275390625
2016-06-21,43.90642166137695
2016-06-22,44.15255355834961
2016-06-23,44.302703857421875
2016-06-24,43.90721130371094
2016-06-27,44.222267150878906
2016-06-28,45.44229507446289
2016-06-29,45.58976364135742
2016-06-30,46.172950744628906
2016-07-01,46.253387451171875
2016-07-05,46.7762565612793
2016-07-06,46.40087127685547
2016-07-07,46.45448303222656
2016-07-08,47.258888244628906
2016-07-11,47.43989181518555
2016-07-12,47.60747528076172
2016-07-13,47.53374099731445
2016-07-14,47.22538375854492
2016-07-15,46.635498046875
2016-07-18,46.803062438964844
2016-07-19,47.3996696472168
2016-07-20,46.98405456542969
2016-07-21,46.89021682739258
2016-07-22,47.13822937011719
2016-07-25,47.03098678588867
2016-07-26,46.803062438964844
2016-07-27,44.2155647277832
2016-07-28,44.812164306640625
2016-07-29,45.57634353637695
2016-08-01,45.824378967285156
2016-08-02,45.09370803833008
2016-08-03,44.24907684326172
2016-08-04,44.483699798583984
2016-08-05,45.0669059753418
2016-08-08,45.78416061401367
2016-08-09,46.01207733154297
2016-08-10,45.086997985839844
2016-08-11,44.47028732299805
2016-08-12,44.483699798583984
2016-08-15,44.60436248779297
2016-08-16,44.23566818237305
2016-08-17,44.41666793823242
2016-08-18,44.00105667114258
2016-08-19,43.826759338378906
2016-08-22,43.799949645996094
2016-08-23,43.60555648803711
2016-08-24,43.444671630859375
2016-08-25,43.98094940185547
2016-08-26,43.2703857421875
2016-08-29,43.57872772216797
2016-08-30,43.35752487182617
2016-08-31,43.48489761352539
2016-09-01,43.17653274536133
2016-09-02,43.297210693359375
2016-09-06,43.5720329284668
2016-09-07,44.05467987060547
2016-09-08,43.17653274536133
2016-09-09,42.09730911254883
2016-09-12,42.77434539794922
2016-09-13,42.05036926269531
2016-09-14,42.6402587890625
2016-09-15,43.14302444458008
2016-09-16,43.1832389831543
2016-09-19,43.659183502197266
2016-09-20,43.712791442871094
2016-09-21,44.24907684326172
2016-09-22,45.56155776977539
2016-09-23,45.618186950683594
2016-09-26,45.65358352661133
2016-09-27,45.717308044433594
2016-09-28,46.375667572021484
2016-09-29,45.61111068725586
2016-09-30,45.54032516479492
2016-10-03,44.6624870300293
2016-10-04,44.251914978027344
2016-10-05,43.47320556640625
2016-10-06,43.43781280517578
2016-10-07,43.04137420654297
2016-10-10,43.06968688964844
2016-10-11,42.829002380371094
2016-10-12,43.289154052734375
2016-10-13,43.289154052734375
2016-10-14,43.46612548828125
2016-10-17,43.423648834228516
2016-10-18,43.23959732055664
2016-10-19,43.35286331176758
2016-10-20,43.20418930053711
2016-10-21,43.20418930053711
2016-10-24,42.977657318115234
2016-10-25,42.736968994140625
2016-10-26,43.289154052734375
2016-10-27,42.368858337402344
2016-10-28,42.60245895385742
2016-10-31,43.71389389038086
2016-11-01,43.0555305480957
2016-11-02,43.09092712402344
2016-11-03,43.395328521728516
2016-11-04,43.60062789916992
2016-11-07,43.614784240722656
2016-11-08,44.294395446777344
2016-11-09,43.381168365478516
2016-11-10,42.46088790893555
2016-11-11,42.51043701171875
2016-11-14,43.182952880859375
2016-11-15,41.9795036315918
2016-11-16,42.425479888916016
2016-11-17,41.760047912597656
2016-11-18,41.752960205078125
2016-11-21,41.63261413574219
2016-11-22,42.51750183105469
2016-11-23,41.91578674316406
2016-11-25,42.071533203125
2016-11-28,42.46088790893555
2016-11-29,42.821929931640625
2016-11-30,42.48212814331055
2016-12-01,42.26266860961914
2016-12-02,42.829002380371094
2016-12-05,43.24665451049805
2016-12-06,43.742210388183594
2016-12-07,44.336856842041016
2016-12-08,44.52799606323242
2016-12-09,44.50675582885742
2016-12-12,44.61294937133789
2016-12-13,44.704986572265625
2016-12-14,44.450130462646484
2016-12-15,44.59880065917969
2016-12-16,45.34210968017578
2016-12-19,45.405826568603516
2016-12-20,45.596946716308594
2016-12-21,44.92443084716797
2016-12-22,44.93443298339844
2016-12-23,44.92015075683594
2016-12-27,45.0914192199707
2016-12-28,44.898738861083984
2016-12-29,45.44106674194336
2016-12-30,45.926307678222656
2017-01-03,45.405391693115234
2017-01-04,45.86922073364258
2017-01-05,46.49004364013672
2017-01-06,46.65415954589844
2017-01-09,46.00480270385742
2017-01-10,45.58377456665039
2017-01-11,45.177040100097656
2017-01-12,45.74790573120117
2017-01-13,45.2341194152832
2017-01-17,45.29835510253906
2017-01-18,45.38397979736328
2017-01-19,44.955833435058594
2017-01-20,45.21272659301758
2017-01-23,44.9701042175293
2017-01-24,44.44919204711914
2017-01-25,44.02816390991211
2017-01-26,43.89973068237305
2017-01-27,43.542938232421875
2017-01-30,43.314579010009766
2017-01-31,43.36453628540039
2017-02-01,42.74372482299805
2017-02-02,43.35739517211914
2017-02-03,43.08624267578125
2017-02-06,43.21468734741211
2017-02-07,43.28604507446289
2017-02-08,43.828365325927734
2017-02-09,43.82123565673828
2017-02-10,44.19230270385742
2017-02-13,44.34215545654297
2017-02-14,44.24224853515625
2017-02-15,43.999629974365234
2017-02-16,44.15662384033203
2017-02-17,43.94253921508789
2017-02-21,44.541954040527344
2017-02-22,44.19230270385742
2017-02-23,44.784576416015625
2017-02-24,44.798851013183594
2017-02-27,45.141361236572266
2017-02-28,45.00579071044922
2017-03-01,44.9701042175293
2017-03-02,45.141361236572266
2017-03-03,44.47058868408203
2017-03-06,44.541954040527344
2017-03-07,44.63472366333008
2017-03-08,44.7203483581543
2017-03-09,44.33501434326172
2017-03-10,44.21371078491211
2017-03-13,44.64899444580078
2017-03-14,44.47773361206055
2017-03-15,45.25554656982422
2017-03-16,45.2341194152832
2017-03-17,45.262672424316406
2017-03-20,45.0914192199707
2017-03-21,44.948692321777344
2017-03-22,45.219852447509766
2017-03-23,45.42414855957031
2017-03-24,45.27309036254883
2017-03-27,44.74081039428711
2017-03-28,44.89186096191406
2017-03-29,44.805538177490234
2017-03-30,44.73360824584961
2017-03-31,44.755184173583984
2017-04-03,44.69764709472656
2017-04-04,44.83431625366211
2017-04-05,45.32344055175781
2017-04-06,45.24431610107422
2017-04-07,45.34502029418945
2017-04-10,45.668697357177734
2017-04-11,45.97800064086914
2017-04-12,45.63274002075195
2017-04-13,45.4888916015625
2017-04-17,46.11466979980469
2017-04-18,46.31607437133789
2017-04-19,46.28010940551758
2017-04-20,46.323280334472656
2017-04-21,46.23695755004883
2017-04-24,46.179405212402344
2017-04-25,46.70450973510742
2017-04-26,46.95625686645508
2017-04-27,46.41679000854492
2017-04-28,46.45275115966797
2017-05-01,46.63258361816406
2017-05-02,46.56064987182617
2017-05-03,45.97800064086914
2017-05-04,46.33046340942383
2017-05-05,47.10731887817383
2017-05-08,46.76924133300781
2017-05-09,46.63975524902344
2017-05-10,46.862754821777344
2017-05-11,46.61817932128906
2017-05-12,46.68292236328125
2017-05-15,46.63975524902344
2017-05-16,46.40958786010742
2017-05-17,46.28010940551758
2017-05-18,47.049774169921875
2017-05-19,47.150474548339844
2017-05-22,47.01380157470703
2017-05-23,46.70450973510742
2017-05-24,46.89871597290039
2017-05-25,46.80521011352539
2017-05-26,46.87713623046875
2017-05-30,46.977840423583984
2017-05-31,46.81958770751953
2017-06-01,46.70450973510742
2017-06-02,47.99205780029297
2017-06-05,48.495574951171875
2017-06-06,48.12153625488281
2017-06-07,48.258209228515625
2017-06-08,48.509971618652344
2017-06-09,48.64662551879883
2017-06-12,48.157508850097656
2017-06-13,48.2725944519043
2017-06-14,48.33013153076172
2017-06-15,48.74732971191406
2017-06-16,49.32277297973633
2017-06-19,49.00627899169922
2017-06-20,49.027854919433594
2017-06-21,48.919979095458984
2017-06-22,48.582275390625
2017-06-23,48.70546340942383
2017-06-26,48.65473175048828
2017-06-27,48.1257209777832
2017-06-28,48.09673309326172
2017-06-29,48.04600524902344
2017-06-30,47.705406188964844
2017-07-03,48.24165725708008
2017-07-05,48.39384460449219
2017-07-06,47.02420425415039
2017-07-07,47.08942794799805
2017-07-10,46.90827178955078
2017-07-11,46.676368713378906
2017-07-12,47.14017105102539
2017-07-13,47.111167907714844
2017-07-14,47.43728256225586
2017-07-17,48.0097770690918
2017-07-18,47.864830017089844
2017-07-19,48.66923522949219
2017-07-20,48.66923522949219
2017-07-21,48.66923522949219
2017-07-24,48.29964828491211
2017-07-25,47.879337310791016
2017-07-26,48.814151763916016
2017-07-27,48.91562271118164
2017-07-28,49.06779098510742
2017-07-31,49.32143020629883
2017-08-01,49.162010192871094
2017-08-02,49.104026794433594
2017-08-03,48.770687103271484
2017-08-04,48.78517150878906
2017-08-07,48.727195739746094
2017-08-08,48.66197967529297
2017-08-09,48.80691146850586
2017-08-10,48.61125946044922
2017-08-11,48.53879928588867
2017-08-14,49.263465881347656
2017-08-15,49.50259780883789
2017-08-16,49.212745666503906
2017-08-17,49.02432632446289
2017-08-18,48.67647933959961
2017-08-21,49.11128234863281
2017-08-22,49.08953094482422
2017-08-23,49.263465881347656
2017-08-24,49.256229400634766
2017-08-25,49.234474182128906
2017-08-28,48.82140350341797
2017-08-29,48.66197967529297
2017-08-30,48.777923583984375
2017-08-31,48.66197967529297
2017-09-01,48.5460319519043
2017-09-05,48.65473175048828
2017-09-06,48.712711334228516
2017-09-07,49.07504653930664
2017-09-08,49.34318161010742
2017-09-11,49.72001647949219
2017-09-12,48.99533462524414
2017-09-13,48.777923583984375
2017-09-14,48.83590316772461
2017-09-15,49.19097900390625
2017-09-18,48.79966354370117
2017-09-19,48.430084228515625
2017-09-20,48.35036849975586
2017-09-21,48.16920471191406
2017-09-22,48.10639953613281
2017-09-25,48.25244903564453
2017-09-26,48.21593475341797
2017-09-27,47.91655349731445
2017-09-28,48.07719039916992
2017-09-29,48.142906188964844
2017-10-02,47.90195083618164
2017-10-03,47.86542892456055
2017-10-04,48.5737419128418
2017-10-05,48.61024475097656
2017-10-06,48.500732421875
2017-10-09,48.51533126831055
2017-10-10,48.48611068725586
2017-10-11,48.537227630615234
2017-10-12,49.092193603515625
2017-10-13,49.282039642333984
2017-10-16,49.121402740478516
2017-10-17,48.83660888671875
2017-10-18,48.71977615356445
2017-10-19,48.23783493041992
2017-10-20,48.296260833740234
2017-10-23,48.68326187133789
2017-10-24,48.04068374633789
2017-10-25,48.83660888671875
2017-10-26,49.03377914428711
2017-10-27,49.39887619018555
2017-10-30,48.938838958740234
2017-10-31,49.11409378051758
2017-11-01,49.51570510864258
2017-11-02,48.81471633911133
2017-11-03,49.80778503417969
2017-11-06,50.53799819946289
2017-11-07,50.7935791015625
2017-11-08,51.38505172729492
2017-11-09,51.027252197265625
2017-11-10,50.56723403930664
2017-11-13,51.22441101074219
2017-11-14,51.100284576416016
2017-11-15,50.40657424926758
2017-11-16,50.54531478881836
2017-11-17,49.88812255859375
2017-11-20,49.596038818359375
2017-11-21,49.72746658325195
2017-11-22,49.75669479370117
2017-11-24,49.80778503417969
2017-11-27,49.3842658996582
2017-11-28,48.851219177246094
2017-11-29,48.73439025878906
2017-11-30,48.79280090332031
2017-12-01,48.58103561401367
2017-12-04,48.4130973815918
2017-12-05,47.836219787597656
2017-12-06,47.75590515136719
2017-12-07,47.57334518432617
2017-12-08,48.0552864074707
2017-12-11,48.1356086730957
2017-12-12,48.4130973815918
2017-12-13,47.92385482788086
2017-12-14,47.75590515136719
2017-12-15,47.94575881958008
2017-12-18,47.90195083618164
2017-12-19,46.952667236328125
2017-12-20,46.59486770629883
2017-12-21,46.28817367553711
2017-12-22,46.587562561035156
2017-12-26,46.80662155151367
2017-12-27,46.79202651977539
2017-12-28,46.91615676879883
2017-12-29,46.93381881713867
2018-01-02,46.74245834350586
2018-01-03,46.985328674316406
2018-01-04,46.17575454711914
2018-01-05,46.13895034790039
2018-01-08,46.448062896728516
2018-01-09,45.88871383666992
2018-01-10,45.233699798583984
2018-01-11,44.86569595336914
2018-01-12,44.468265533447266
2018-01-16,44.65226364135742
2018-01-17,44.78474044799805
2018-01-18,44.49034881591797
2018-01-19,44.50506591796875
2018-01-22,45.02761459350586
2018-01-23,45.4765625
2018-01-24,45.21895980834961
2018-01-25,45.0496940612793
2018-01-26,45.29256057739258
2018-01-29,45.0496940612793
2018-01-30,44.57865905761719
2018-01-31,45.344085693359375
2018-02-01,44.40202713012695
2018-02-02,44.122344970703125
2018-02-05,42.723976135253906
2018-02-06,42.473751068115234
2018-02-07,41.8481559753418
2018-02-08,40.670570373535156
2018-02-09,41.69358444213867
2018-02-12,41.66415786743164
2018-02-13,41.9438362121582
2018-02-14,41.708309173583984
2018-02-15,42.62093734741211
2018-02-16,42.66510009765625
2018-02-20,42.42222595214844
2018-02-21,41.11952590942383
2018-02-22,41.34032440185547
2018-02-23,41.9438362121582
2018-02-26,42.046871185302734
2018-02-27,41.09009552001953
2018-02-28,41.38448715209961
2018-03-01,41.45071792602539
2018-03-02,41.18576431274414
2018-03-05,41.561119079589844
2018-03-06,41.870235443115234
2018-03-07,42.56205749511719
2018-03-08,42.88588333129883
2018-03-09,43.79850387573242
2018-03-12,43.79115295410156
2018-03-13,43.69548034667969
2018-03-14,43.820594787597656
2018-03-15,43.953086853027344
2018-03-16,44.328426361083984
2018-03-19,44.39466857910156
2018-03-20,44.35786437988281
2018-03-21,44.254825592041016
2018-03-22,43.97515869140625
2018-03-23,43.34385299682617
2018-03-26,43.8043212890625
2018-03-27,44.07912826538086
2018-03-28,45.713069915771484
2018-03-29,45.76506805419922
2018-04-02,45.33428955078125
2018-04-03,46.30722427368164
2018-04-04,46.901390075683594
2018-04-05,47.00535583496094
2018-04-06,46.827117919921875
2018-04-09,46.27008819580078
2018-04-10,46.567161560058594
2018-04-11,46.440914154052734
2018-04-12,45.63880157470703
2018-04-13,45.7873420715332
2018-04-16,45.80961227416992
2018-04-17,46.36664581298828
2018-04-18,46.03242874145508
2018-04-19,45.0817756652832
2018-04-20,44.643585205078125
2018-04-23,44.866390228271484
2018-04-24,45.08919906616211
2018-04-25,44.79213333129883
2018-04-26,45.40114212036133
2018-04-27,46.01015090942383
2018-04-30,45.8318977355957
2018-05-01,46.2106819152832
2018-05-02,45.6833610534668
2018-05-03,45.75019836425781
2018-05-04,46.121559143066406
2018-05-07,46.41863250732422
2018-05-08,46.15126419067383
2018-05-09,46.46319580078125
2018-05-10,46.7231330871582
2018-05-11,46.45576477050781
2018-05-14,46.262664794921875
2018-05-15,45.30458450317383
2018-05-16,44.74756622314453
2018-05-17,44.3687858581543
2018-05-18,44.28709411621094
2018-05-21,44.777259826660156
2018-05-22,44.873817443847656
2018-05-23,45.861610412597656
2018-05-24,45.453125
2018-05-25,45.869041442871094
2018-05-29,45.94330596923828
2018-05-30,47.398990631103516
2018-05-31,47.5252571105957
2018-06-01,47.40643310546875
2018-06-04,47.9857292175293
2018-06-05,47.54753112792969
2018-06-06,47.777774810791016
2018-06-07,47.6143798828125
2018-06-08,47.97829055786133
2018-06-11,47.5623893737793
2018-06-12,47.68865203857422
2018-06-13,46.93850326538086
2018-06-14,47.347007751464844
2018-06-15,47.146484375
2018-06-18,46.35921096801758
2018-06-19,46.05471420288086
2018-06-20,46.5374641418457
2018-06-21,46.686004638671875
2018-06-22,47.28530502319336
2018-06-25,47.689842224121094
2018-06-26,47.2178840637207
2018-06-27,46.96317672729492
2018-06-28,47.42013931274414
2018-06-29,47.71231460571289
2018-07-02,47.547508239746094
2018-07-03,47.6448860168457
2018-07-05,48.20674514770508
2018-07-06,48.53636169433594
2018-07-09,48.3565673828125
2018-07-10,48.59628677368164
2018-07-11,48.59628677368164
2018-07-12,48.791072845458984
2018-07-13,48.31911849975586
2018-07-16,48.26668167114258
2018-07-17,47.83966827392578
2018-07-18,47.98200607299805
2018-07-19,48.16178894042969
2018-07-20,47.360233306884766
2018-07-23,47.367713928222656
2018-07-24,47.56998062133789
2018-07-25,48.401519775390625
2018-07-26,48.31911849975586
2018-07-27,47.96702194213867
2018-07-30,47.77224349975586
2018-07-31,49.015811920166016
2018-08-01,49.375396728515625
2018-08-02,49.42033767700195
2018-08-03,50.12451934814453
2018-08-06,50.19194030761719
2018-08-07,50.12451934814453
2018-08-08,49.854835510253906
2018-08-09,50.10954284667969
2018-08-10,49.41284942626953
2018-08-13,49.70501708984375
2018-08-14,49.89229965209961
2018-08-15,50.31182098388672
2018-08-16,50.48411560058594
2018-08-17,50.8287239074707
2018-08-20,50.7537956237793
2018-08-21,50.176971435546875
2018-08-22,50.11703872680664
2018-08-23,50.087066650390625
2018-08-24,50.514068603515625
2018-08-27,50.55152893066406
2018-08-28,50.88864517211914
2018-08-29,50.88114929199219
2018-08-30,50.686378479003906
2018-08-31,50.7537956237793
2018-09-04,50.20692443847656
2018-09-05,50.514068603515625
2018-09-06,50.93358612060547
2018-09-07,50.371734619140625
2018-09-10,50.7912712097168
2018-09-11,50.94108200073242
2018-09-12,50.76129913330078
2018-09-13,51.04596710205078
2018-09-14,50.81372833251953
2018-09-17,51.240718841552734
2018-09-18,50.76877975463867
2018-09-19,50.19944381713867
2018-09-20,50.88114929199219
2018-09-21,51.11524200439453
2018-09-24,49.91457748413086
2018-09-25,50.02029037475586
2018-09-26,49.076377868652344
2018-09-27,49.04615783691406
2018-09-28,50.035404205322266
2018-10-01,49.869258880615234
2018-10-02,50.02029037475586
2018-10-03,49.35576629638672
2018-10-04,49.0537223815918
2018-10-05,49.0008544921875
2018-10-08,49.31047058105469
2018-10-09,49.499244689941406
2018-10-10,48.849830627441406
2018-10-11,47.47548294067383
2018-10-12,47.32445526123047
2018-10-15,47.55854797363281
2018-10-16,48.6157341003418
2018-10-17,48.38164520263672
2018-10-18,48.638397216796875
2018-10-19,48.98576354980469
2018-10-22,47.98142623901367
2018-10-23,48.1324577331543
2018-10-24,49.408634185791016
2018-10-25,49.88437271118164
2018-10-26,48.963104248046875
2018-10-29,50.00519561767578
2018-10-30,49.67292785644531
2018-10-31,49.0537223815918
2018-11-01,48.94799041748047
2018-11-02,48.661041259765625
2018-11-05,49.58985900878906
2018-11-06,50.231727600097656
2018-11-07,50.949119567871094
2018-11-08,50.82075500488281
2018-11-09,50.956661224365234
2018-11-12,51.37200164794922
2018-11-13,51.45506286621094
2018-11-14,51.92325210571289
2018-11-15,51.18320083618164
2018-11-16,52.37631607055664
2018-11-19,52.406524658203125
2018-11-20,52.519798278808594
2018-11-21,52.4820442199707
2018-11-23,52.18754196166992
2018-11-26,52.44428634643555
2018-11-27,52.74633026123047
2018-11-28,53.0257453918457
2018-11-29,53.06349563598633
2018-11-30,53.803531646728516
2018-12-03,54.279266357421875
2018-12-04,53.43352127075195
2018-12-06,54.8607292175293
2018-12-07,54.12068557739258
2018-12-10,53.99987030029297
2018-12-11,53.93190002441406
2018-12-12,52.4820442199707
2018-12-13,52.87470626831055
2018-12-14,52.81431198120117
2018-12-17,51.15299987792969
2018-12-18,51.59098815917969
2018-12-19,51.523014068603516
2018-12-20,51.43996047973633
2018-12-21,50.77544021606445
2018-12-24,48.08715057373047
2018-12-26,49.401092529296875
2018-12-27,49.88437271118164
2018-12-28,50.02029037475586
2018-12-31,50.25630569458008
2019-01-02,48.543277740478516
2019-01-03,48.84783172607422
2019-01-04,49.152366638183594
2019-01-07,49.56349182128906
2019-01-08,50.492332458496094
2019-01-09,50.492332458496094
2019-01-10,51.322200775146484
2019-01-11,51.42879104614258
2019-01-14,51.489681243896484
2019-01-15,52.121604919433594
2019-01-16,52.59364318847656
2019-01-17,53.22554397583008
2019-01-18,53.385440826416016
2019-01-22,53.59861373901367
2019-01-23,53.55292510986328
2019-01-24,53.560550689697266
2019-01-25,53.804176330566406
2019-01-28,54.60358810424805
2019-01-29,55.09846496582031
2019-01-30,54.81676483154297
2019-01-31,55.243099212646484
2019-02-01,54.83198165893555
2019-02-04,55.4182243347168
2019-02-05,55.54003143310547
2019-02-06,55.57810592651367
2019-02-07,55.98924255371094
2019-02-08,55.913089752197266
2019-02-11,55.92831802368164
2019-02-12,55.227882385253906
2019-02-13,55.79888916015625
2019-02-14,55.66948318481445
2019-02-15,55.73798370361328
2019-02-19,55.98161697387695
2019-02-20,55.33447265625
2019-02-21,56.23284912109375
2019-02-22,56.514564514160156
2019-02-25,55.958778381347656
2019-02-26,56.12627410888672
2019-02-27,55.82936096191406
2019-02-28,56.10344314575195
2019-03-01,55.958778381347656
2019-03-04,56.324214935302734
2019-03-05,56.28615188598633
2019-03-06,55.996856689453125
2019-03-07,55.90550231933594
2019-03-08,56.06536865234375
2019-03-11,56.6744499206543
2019-03-12,57.13887023925781
2019-03-13,57.03228759765625
2019-03-14,57.14647674560547
2019-03-15,56.9180793762207
2019-03-18,56.324214935302734
2019-03-19,55.958778381347656
2019-03-20,56.05013656616211
2019-03-21,56.940914154052734
2019-03-22,57.07746887207031
2019-03-25,57.131168365478516
2019-03-26,57.645179748535156
2019-03-27,57.52243423461914
2019-03-28,58.02107238769531
2019-03-29,57.783267974853516
2019-04-01,57.52243423461914
2019-04-02,58.06710433959961
2019-04-03,57.83695602416992
2019-04-04,57.75258255004883
2019-04-05,58.005767822265625
2019-04-08,57.967384338378906
2019-04-09,57.83695602416992
2019-04-10,58.57344436645508
2019-04-11,58.834285736083984
2019-04-12,59.41733169555664
2019-04-15,59.53240966796875
2019-04-16,58.097801208496094
2019-04-17,56.993080139160156
2019-04-18,57.591461181640625
2019-04-22,56.90101623535156
2019-04-23,57.507080078125
2019-04-24,57.898345947265625
2019-04-25,58.28192901611328
2019-04-26,58.4583740234375
2019-04-29,57.76792526245117
2019-04-30,58.62714767456055
2019-05-01,58.70387649536133
2019-05-02,58.6118049621582
2019-05-03,58.75756072998047
2019-05-06,58.46603775024414
2019-05-07,57.361324310302734
2019-05-08,57.1081657409668
2019-05-09,57.399688720703125
2019-05-10,58.174522399902344
2019-05-13,58.18218231201172
2019-05-14,58.159183502197266
2019-05-15,58.45071029663086
2019-05-16,58.926353454589844
2019-05-17,58.780601501464844
2019-05-20,58.11315155029297
2019-05-21,58.58111572265625
2019-05-22,58.79593276977539
2019-05-23,59.156494140625
2019-05-24,59.21788024902344
2019-05-28,58.46603775024414
2019-05-29,58.05177688598633
2019-05-30,58.1668586730957
2019-05-31,58.74223327636719
2019-06-03,58.489051818847656
2019-06-04,57.906005859375
2019-06-05,59.26390838623047
2019-06-06,59.67817306518555
2019-06-07,59.823936462402344
2019-06-10,59.708866119384766
2019-06-11,59.68583679199219
2019-06-12,59.57078552246094
2019-06-13,59.78559112548828
2019-06-14,60.03874969482422
2019-06-17,60.35328674316406
2019-06-18,59.87763595581055
2019-06-19,60.16916275024414
2019-06-20,60.47602462768555
2019-06-21,59.86228561401367
2019-06-24,60.046417236328125
2019-06-25,59.00305938720703
2019-06-26,58.03643035888672
2019-06-27,58.444583892822266
2019-06-28,58.68417739868164
2019-07-01,58.85424041748047
2019-07-02,59.85138702392578
2019-07-03,60.554786682128906
2019-07-05,60.23012161254883
2019-07-08,60.93354415893555
2019-07-09,61.31230163574219
2019-07-10,61.50551223754883
2019-07-11,61.28909683227539
2019-07-12,60.94900131225586
2019-07-15,61.1654167175293
2019-07-16,60.94900131225586
2019-07-17,60.786685943603516
2019-07-18,60.74800491333008
2019-07-19,59.63494110107422
2019-07-22,59.426239013671875
2019-07-23,60.26104736328125
2019-07-24,59.85138702392578
2019-07-25,60.369266510009766
2019-07-26,60.724830627441406
2019-07-29,61.53645706176758
2019-07-30,61.48234176635742
2019-07-31,60.97990417480469
2019-08-01,61.513267517089844
2019-08-02,62.20895767211914
2019-08-05,60.43109893798828
2019-08-06,61.17314147949219
2019-08-07,61.6678581237793
2019-08-08,62.48721694946289
2019-08-09,62.81959915161133
2019-08-12,62.780941009521484
2019-08-13,62.5258674621582
2019-08-14,61.69878005981445
2019-08-15,62.726844787597656
2019-08-16,63.105587005615234
2019-08-19,63.979034423828125
2019-08-20,63.72398376464844
2019-08-21,63.87084197998047
2019-08-22,64.15682983398438
2019-08-23,63.96358871459961
2019-08-26,64.62834167480469
2019-08-27,64.75975799560547
2019-08-28,64.64383697509766
2019-08-29,65.13854217529297
2019-08-30,65.51728057861328
2019-09-03,66.31341552734375
2019-09-04,66.6999282836914
2019-09-05,66.46802520751953
2019-09-06,67.13279724121094
2019-09-09,65.78782653808594
2019-09-10,65.28538513183594
2019-09-11,65.52499389648438
2019-09-12,65.98104095458984
2019-09-13,65.35493469238281
2019-09-16,65.74143981933594
2019-09-17,66.37528228759766
2019-09-18,65.91148376464844
2019-09-19,66.09701538085938
2019-09-20,65.83419799804688
2019-09-23,65.88056945800781
2019-09-24,66.06609344482422
2019-09-25,66.54531860351562
2019-09-26,67.0632095336914
2019-09-27,67.10835266113281
2019-09-30,67.11611938476562
2019-10-01,67.04609680175781
2019-10-02,66.99163818359375
2019-10-03,67.75413513183594
2019-10-04,68.0575942993164
2019-10-07,68.28323364257812
2019-10-08,68.11982727050781
2019-10-09,68.14317321777344
2019-10-10,68.59445190429688
2019-10-11,68.18206787109375
2019-10-14,68.14317321777344
2019-10-15,68.12760925292969
2019-10-16,68.48552703857422
2019-10-17,68.27542877197266
2019-10-18,68.75785064697266
2019-10-21,69.0301742553711
2019-10-22,68.81230163574219
2019-10-23,68.34547424316406
2019-10-24,68.14317321777344
2019-10-25,68.22098541259766
2019-10-28,68.04203796386719
2019-10-29,68.13540649414062
2019-10-30,69.13134002685547
2019-10-31,68.98350524902344
2019-11-01,68.57889556884766
2019-11-04,67.71524810791016
2019-11-05,65.9879379272461
2019-11-06,66.58704376220703
2019-11-07,65.41213989257812
2019-11-08,65.3421401977539
2019-11-11,65.48218536376953
2019-11-12,64.89863586425781
2019-11-13,66.03461456298828
2019-11-14,66.74266815185547
2019-11-15,67.27174377441406
2019-11-18,67.68412780761719
2019-11-19,67.74637603759766
2019-11-20,67.42735290527344
2019-11-21,66.1746826171875
2019-11-22,65.97237396240234
2019-11-25,65.76228332519531
2019-11-26,66.42366027832031
2019-11-27,66.62593841552734
2019-11-29,66.21358489990234
2019-12-02,64.96865844726562
2019-12-03,65.24097442626953
2019-12-04,65.55221557617188
2019-12-05,65.77786254882812
2019-12-06,65.70005798339844
2019-12-09,65.7856216430664
2019-12-10,65.46662139892578
2019-12-11,64.33063507080078
2019-12-12,63.6303825378418
2019-12-13,63.03129196166992
2019-12-16,63.41250991821289
2019-12-17,62.33100891113281
2019-12-18,62.471073150634766
2019-12-19,62.525550842285156
2019-12-20,62.47884750366211
2019-12-23,62.019775390625
2019-12-24,62.54109573364258
2019-12-26,62.70449447631836
2019-12-27,62.98460388183594
2019-12-30,62.805633544921875
2019-12-31,63.407413482666016
2020-01-02,62.506290435791016
2020-01-03,63.313392639160156
2020-01-06,63.49363327026367
2020-01-07,62.553306579589844
2020-01-08,62.68654251098633
2020-01-09,63.00779342651367
2020-01-10,63.67384719848633
2020-01-13,64.47309112548828
2020-01-14,63.595497131347656
2020-01-15,64.30854034423828
2020-01-16,64.65331268310547
2020-01-17,64.64546966552734
2020-01-21,65.27235412597656
2020-01-22,64.55928039550781
2020-01-23,65.09996795654297
2020-01-24,64.8492202758789
2020-01-27,64.52008056640625
2020-01-28,64.81788635253906
2020-01-29,64.46526336669922
2020-01-30,65.79734802246094
2020-01-31,65.09996795654297
2020-02-03,64.91189575195312
2020-02-04,65.53877258300781
2020-02-05,65.28019714355469
2020-02-06,65.718994140625
2020-02-07,65.97756958007812
2020-02-10,66.55742645263672
2020-02-11,66.43986511230469
2020-02-12,66.43986511230469
2020-02-13,66.7768325805664
2020-02-14,67.74846649169922
2020-02-18,67.59957122802734
2020-02-19,66.87084197998047
2020-02-20,67.70144653320312
2020-02-21,68.17945861816406
2020-02-24,67.22344970703125
2020-02-25,65.43690490722656
2020-02-26,65.31937408447266
2020-02-27,61.47981262207031
2020-02-28,58.84696960449219
2020-03-02,61.95779800415039
2020-03-03,61.558170318603516
2020-03-04,63.49363327026367
2020-03-05,62.192874908447266
2020-03-06,60.837257385253906
2020-03-09,58.35333251953125
2020-03-10,62.631675720214844
2020-03-11,58.84696960449219
2020-03-12,54.85856246948242
2020-03-13,57.67942810058594
2020-03-16,47.923851013183594
2020-03-17,52.07682800292969
2020-03-18,47.696617126464844
2020-03-19,47.49287796020508
2020-03-20,43.759586334228516
2020-03-23,40.672908782958984
2020-03-24,41.2744140625
2020-03-25,43.18973922729492
2020-03-26,46.877933502197266
2020-03-27,49.60844802856445
2020-03-30,49.52930450439453
2020-03-31,48.840728759765625
2020-04-01,45.666996002197266
2020-04-02,43.18973922729492
2020-04-03,42.944393157958984
2020-04-06,47.57439422607422
2020-04-07,48.02553176879883
2020-04-08,51.642494201660156
2020-04-09,54.94285583496094
2020-04-13,52.631805419921875
2020-04-14,54.5471305847168
2020-04-15,52.22816467285156
2020-04-16,51.62665557861328
2020-04-17,55.23569107055664
2020-04-20,51.92741775512695
2020-04-21,50.50279998779297
2020-04-22,51.96699142456055
2020-04-23,50.50279998779297
2020-04-24,50.64524841308594
2020-04-27,51.68206787109375
2020-04-28,51.34172821044922
2020-04-29,52.09362030029297
2020-04-30,51.49211502075195
2020-05-01,49.31561279296875
2020-05-04,49.465980529785156
2020-05-05,49.394744873046875
2020-05-06,48.29462432861328
2020-05-07,49.90127944946289
2020-05-08,50.827293395996094
2020-05-11,50.26534652709961
2020-05-12,47.57439422607422
2020-05-13,46.39512634277344
2020-05-14,45.524532318115234
2020-05-15,45.21587371826172
2020-05-18,47.851417541503906
2020-05-19,45.68282699584961
2020-05-20,46.64047622680664
2020-05-21,45.84902572631836
2020-05-22,45.42955017089844
2020-05-26,47.70103073120117
2020-05-27,47.590232849121094
2020-05-28,48.1759147644043
2020-05-29,47.9305534362793
2020-06-01,48.35792922973633
2020-06-02,47.851417541503906
2020-06-03,48.77742004394531
2020-06-04,48.80116271972656
2020-06-05,52.55266571044922
2020-06-08,53.95353317260742
2020-06-09,51.75328826904297
2020-06-10,51.14386749267578
2020-06-11,48.80116271972656
2020-06-12,50.31283950805664
2020-06-15,50.130802154541016
2020-06-16,51.19926452636719
2020-06-17,49.481807708740234
2020-06-18,49.022762298583984
2020-06-19,47.61850357055664
2020-06-22,47.386722564697266
2020-06-23,46.97111892700195
2020-06-24,45.940101623535156
2020-06-25,46.6754035949707
2020-06-26,45.556480407714844
2020-06-29,46.09197235107422
2020-06-30,47.01109313964844
2020-07-01,48.6175537109375
2020-07-02,48.42573547363281
2020-07-06,47.626502990722656
2020-07-07,46.02803421020508
2020-07-08,45.940101623535156
2020-07-09,45.324703216552734
2020-07-10,45.31669998168945
2020-07-13,45.57246398925781
2020-07-14,45.57246398925781
2020-07-15,46.13193130493164
2020-07-16,45.73230743408203
2020-07-17,45.540489196777344
2020-07-20,44.093875885009766
2020-07-21,43.61433410644531
2020-07-22,44.517478942871094
2020-07-23,43.822139739990234
2020-07-24,43.430503845214844
2020-07-27,42.62328338623047
2020-07-28,43.68627166748047
2020-07-29,42.831077575683594
2020-07-30,43.11880874633789
2020-07-31,42.86305236816406
2020-08-03,41.82405090332031
2020-08-04,42.7271842956543
2020-08-05,42.615291595458984
2020-08-06,42.87104415893555
2020-08-07,44.109859466552734
2020-08-10,44.2457275390625
2020-08-11,43.758201599121094
2020-08-12,43.814144134521484
2020-08-13,42.767147064208984
2020-08-14,43.4704704284668
2020-08-17,44.26971435546875
2020-08-18,44.25372314453125
2020-08-19,43.278656005859375
2020-08-20,44.15781021118164
2020-08-21,43.71023941040039
2020-08-24,44.685306549072266
2020-08-25,45.20481491088867
2020-08-26,43.89406967163086
2020-08-27,45.260765075683594
2020-08-28,45.5804557800293
2020-08-31,45.11690139770508
2020-09-01,45.38064193725586
2020-09-02,46.10795211791992
2020-09-03,45.876163482666016
2020-09-04,46.443634033203125
2020-09-08,45.868186950683594
2020-09-09,45.4286003112793
2020-09-10,44.60538101196289
2020-09-11,43.69425964355469
2020-09-14,45.50053787231445
2020-09-15,45.020992279052734
2020-09-16,45.452579498291016
2020-09-17,44.581417083740234
2020-09-18,43.422515869140625
2020-09-21,41.58427810668945
2020-09-22,42.08779525756836
2020-09-23,40.960872650146484
2020-09-24,40.85007095336914
2020-09-25,41.70734405517578
2020-09-28,42.49183654785156
2020-09-29,41.319149017333984
2020-09-30,41.51323699951172
2020-10-01,43.21971130371094
2020-10-02,44.55415344238281
2020-10-05,44.966617584228516
2020-10-06,44.6350212097168
2020-10-07,44.287261962890625
2020-10-08,45.44377517700195
2020-10-09,45.015140533447266
2020-10-12,44.76443099975586
2020-10-13,43.268245697021484
2020-10-14,42.71018981933594
2020-10-15,42.30582809448242
2020-10-16,41.933799743652344
2020-10-19,41.01181411743164
2020-10-20,41.1735725402832
2020-10-21,40.85007095336914
2020-10-22,41.04417419433594
2020-10-23,41.497074127197266
2020-10-26,41.003726959228516
2020-10-27,40.186893463134766
2020-10-28,37.396697998046875
2020-10-29,37.412864685058594
2020-10-30,37.99516677856445
2020-11-02,39.87956237792969
2020-11-03,42.4837532043457
2020-11-04,41.052249908447266
2020-11-05,42.1036376953125
2020-11-06,41.66691207885742
2020-11-09,47.94282913208008
2020-11-10,49.68973159790039
2020-11-11,48.19353485107422
2020-11-12,47.32817459106445
2020-11-13,48.646446228027344
2020-11-16,50.74919891357422
2020-11-17,50.54700469970703
2020-11-18,48.492774963378906
2020-11-19,48.41189956665039
2020-11-20,48.978023529052734
2020-11-23,48.7920036315918
2020-11-24,49.56032943725586
2020-11-25,48.88906478881836
2020-11-27,47.87812042236328
2020-11-30,46.842918395996094
2020-12-01,47.708290100097656
2020-12-02,48.816280364990234
2020-12-03,50.10219192504883
2020-12-04,51.25061798095703
2020-12-07,50.71684646606445
2020-12-08,50.458045959472656
2020-12-09,49.552249908447266
2020-12-10,48.355289459228516
2020-12-11,47.667850494384766
2020-12-14,46.826744079589844
2020-12-15,47.975181579589844
2020-12-16,47.756805419921875
2020-12-17,48.23397445678711
2020-12-18,46.62456130981445
2020-12-21,46.794403076171875
2020-12-22,46.78630828857422
2020-12-23,46.15548324584961
2020-12-24,47.06936264038086
2020-12-28,48.05604553222656
2020-12-29,47.19878005981445
2020-12-30,47.68403244018555
2020-12-31,48.4382209777832
2021-01-04,46.9837646484375
2021-01-05,46.61606979370117
2021-01-06,47.89075469970703
2021-01-07,47.310604095458984
2021-01-08,47.604766845703125
2021-01-11,47.433170318603516
2021-01-12,47.84172439575195
2021-01-13,48.675174713134766
2021-01-14,49.3452033996582
2021-01-15,50.325740814208984
2021-01-19,49.27983474731445
2021-01-20,50.3911018371582
2021-01-21,50.50551223754883
2021-01-22,50.301231384277344
2021-01-25,50.3911018371582
2021-01-26,51.17552947998047
2021-01-27,49.68022537231445
2021-01-28,50.954917907714844
2021-01-29,50.36660385131836
2021-02-01,50.79966735839844
2021-02-02,50.56269836425781
2021-02-03,51.543235778808594
2021-02-04,52.393028259277344
2021-02-05,53.079402923583984
2021-02-08,53.99455642700195
2021-02-09,53.88016128540039
2021-02-10,54.59103775024414
2021-02-11,55.367313385009766
2021-02-12,55.13851547241211
2021-02-16,54.89337921142578
2021-02-17,54.631893157958984
2021-02-18,54.32957458496094
2021-02-19,54.721778869628906
2021-02-22,54.64822769165039
2021-02-23,55.9882926940918
2021-02-24,56.66649627685547
2021-02-25,54.52568054199219
2021-02-26,53.44709777832031
2021-03-01,54.542015075683594
2021-03-02,54.74628829956055
2021-03-03,56.029151916503906
2021-03-04,55.33461380004883
2021-03-05,56.2661247253418
2021-03-08,57.95751953125
2021-03-09,57.875823974609375
2021-03-10,58.3579216003418
2021-03-11,58.5131721496582
2021-03-12,60.00846481323242
2021-03-15,61.332191467285156
2021-03-16,60.28629684448242
2021-03-17,60.368003845214844
2021-03-18,60.057491302490234
2021-03-19,58.3660774230957
2021-03-22,58.856346130371094
2021-03-23,58.67658996582031
2021-03-24,58.44778823852539
2021-03-25,58.92174530029297
2021-03-26,59.88827896118164
2021-03-29,59.55866622924805
2021-03-30,60.01186752319336
2021-03-31,59.0230712890625
2021-04-01,59.748199462890625
2021-04-05,59.45155715942383
2021-04-06,58.998355865478516
2021-04-07,59.60811996459961
2021-04-08,59.130184173583984
2021-04-09,59.07251739501953
2021-04-12,59.14666748046875
2021-04-13,59.443321228027344
2021-04-14,58.8253173828125
2021-04-15,59.517478942871094
2021-04-16,59.838836669921875
2021-04-19,60.17667007446289
2021-04-20,61.050113677978516
2021-04-21,61.69282913208008
2021-04-22,60.959476470947266
2021-04-23,61.4538688659668
2021-04-26,61.56922912597656
2021-04-27,61.2890739440918
2021-04-28,60.67108154296875
2021-04-29,60.596920013427734
2021-04-30,61.165470123291016
2021-05-03,60.48155212402344
2021-05-04,59.599876403808594
2021-05-05,59.27028274536133
2021-05-06,60.6298713684082
2021-05-07,61.01715087890625
2021-05-10,61.47035598754883
2021-05-11,61.13251876831055
2021-05-12,59.311466217041016
2021-05-13,60.82762908935547
2021-05-14,61.033634185791016
2021-05-17,60.95123291015625
2021-05-18,61.37971115112305
2021-05-19,60.56393814086914
2021-05-20,61.40444564819336
2021-05-21,61.79996109008789
2021-05-24,62.77225875854492
2021-05-25,62.75579833984375
2021-05-26,62.945308685302734
2021-05-27,63.19249725341797
2021-05-28,63.81876754760742
2021-06-01,65.27723693847656
2021-06-02,65.91993713378906
2021-06-03,65.51619720458984
2021-06-04,64.99706268310547
2021-06-07,65.47498321533203
2021-06-08,65.64803314208984
2021-06-09,65.38434600830078
2021-06-10,66.57914733886719
2021-06-11,66.53794860839844
2021-06-14,66.66978454589844
2021-06-15,65.68097686767578
2021-06-16,65.25251007080078
2021-06-17,65.08769989013672
2021-06-18,63.96705627441406
2021-06-21,65.39256286621094
2021-06-22,65.14537811279297
2021-06-23,65.12889862060547
2021-06-24,64.68395233154297
2021-06-25,65.24279022216797
2021-06-28,64.55358123779297
2021-06-29,64.40411376953125
2021-06-30,63.93912124633789
2021-07-01,64.78608703613281
2021-07-02,65.14314270019531
2021-07-06,65.52511596679688
2021-07-07,66.07316589355469
2021-07-08,66.72917938232422
2021-07-09,67.8501968383789
2021-07-12,68.43144226074219
2021-07-13,67.46821594238281
2021-07-14,68.72208404541016
2021-07-15,69.10404968261719
2021-07-16,69.55245971679688
2021-07-19,68.42314910888672
2021-07-20,70.48248291015625
2021-07-21,70.34131622314453
2021-07-22,69.66870880126953
2021-07-23,70.43266296386719
2021-07-26,70.15863800048828
2021-07-27,70.44926452636719
2021-07-28,69.88460540771484
2021-07-29,70.14202117919922
2021-07-30,69.85970306396484
2021-08-02,69.6853256225586
2021-08-03,70.03407287597656
2021-08-04,69.75173950195312
2021-08-05,70.26659393310547
2021-08-06,70.31641387939453
2021-08-09,69.44451141357422
2021-08-10,68.17402648925781
2021-08-11,68.04117584228516
2021-08-12,68.08267974853516
2021-08-13,68.63904571533203
2021-08-16,68.6141357421875
2021-08-17,68.53939819335938
2021-08-18,67.86680603027344
2021-08-19,68.40653991699219
2021-08-20,68.51449584960938
2021-08-23,68.37330627441406
2021-08-24,67.9000015258789
2021-08-25,68.05776977539062
2021-08-26,68.74699401855469
2021-08-27,69.21199035644531
2021-08-30,70.0506820678711
2021-08-31,69.80986785888672
2021-09-01,71.04712677001953
2021-09-02,71.39590454101562
2021-09-03,71.07205200195312
2021-09-07,69.20370483398438
2021-09-08,69.76834869384766
2021-09-09,68.48126220703125
2021-09-10,67.60106658935547
2021-09-13,68.04946899414062
2021-09-14,67.90831756591797
2021-09-15,68.07437896728516
2021-09-16,67.90831756591797
2021-09-17,66.64613342285156
2021-09-20,66.945068359375
2021-09-21,67.01148986816406
2021-09-22,67.5678482055664
2021-09-23,68.44805908203125
2021-09-24,68.20797729492188
2021-09-27,66.99505615234375
2021-09-28,67.22929382324219
2021-09-29,68.21634674072266
2021-09-30,67.68936157226562
2021-10-01,68.21634674072266
2021-10-04,69.42090606689453
2021-10-05,69.57981872558594
2021-10-06,70.04825592041016
2021-10-07,69.95626068115234
2021-10-08,69.20340728759766
2021-10-11,69.2117691040039
2021-10-12,69.62165832519531
2021-10-13,70.29084777832031
2021-10-14,71.3030014038086
2021-10-15,70.75092315673828
2021-10-18,70.94331359863281
2021-10-19,70.26575469970703
2021-10-20,71.3030014038086
2021-10-21,71.17753601074219
2021-10-22,71.44522094726562
2021-10-25,71.31975555419922
2021-10-26,71.94711303710938
2021-10-27,72.90071868896484
2021-10-28,73.62012481689453
2021-10-29,72.27336120605469
2021-11-01,71.2193603515625
2021-11-02,70.6170883178711
2021-11-03,70.7844009399414
2021-11-04,69.8809585571289
2021-11-05,70.6505355834961
2021-11-08,70.88478088378906
2021-11-09,71.65432739257812
2021-11-10,71.51213836669922
2021-11-11,71.94711303710938
2021-11-12,72.30683135986328
2021-11-15,73.61175537109375
2021-11-16,72.51594543457031
2021-11-17,72.91746520996094
2021-11-18,73.62012481689453
2021-11-19,71.97219848632812
2021-11-22,71.28627014160156
2021-11-23,72.49085998535156
2021-11-24,73.46117401123047
2021-11-26,70.49162292480469
2021-11-29,72.12278747558594
2021-11-30,71.361572265625
2021-12-01,69.14485931396484
2021-12-02,71.52888488769531
2021-12-03,71.13573455810547
2021-12-06,72.07259368896484
2021-12-07,72.0642318725586
2021-12-08,73.26879119873047
2021-12-09,72.46574401855469
2021-12-10,72.65814208984375
2021-12-13,73.58666229248047
2021-12-14,72.82543182373047
2021-12-15,74.64063262939453
2021-12-16,73.72049713134766
2021-12-17,73.3189926147461
2021-12-20,72.54940795898438
2021-12-21,73.59502410888672
2021-12-22,73.98816680908203
2021-12-23,73.76232147216797
2021-12-27,74.76611328125
2021-12-28,75.20108795166016
2021-12-29,75.74482727050781
2021-12-30,75.73645782470703
2021-12-31,76.2105712890625
2022-01-03,76.68213653564453
2022-01-04,77.68424987792969
2022-01-05,76.17687225341797
2022-01-06,76.39582061767578
2022-01-07,75.49476623535156
2022-01-10,75.52003479003906
2022-01-11,76.25265502929688
2022-01-12,76.6147689819336
2022-01-13,77.02740478515625
2022-01-14,76.48846435546875
2022-01-18,76.00003051757812
2022-01-19,75.13265228271484
2022-01-20,74.40003967285156
2022-01-21,74.15582275390625
2022-01-24,74.3916015625
2022-01-25,73.78530883789062
2022-01-26,73.59161376953125
2022-01-27,72.98529052734375
2022-01-28,74.85476684570312
2022-01-31,74.72003173828125
2022-02-01,74.18950653076172
2022-02-02,77.47370910644531
2022-02-03,77.12845611572266
2022-02-04,75.89055633544922
2022-02-07,75.41056060791016
2022-02-08,73.42318725585938
2022-02-09,76.0589828491211
2022-02-10,73.23792266845703
2022-02-11,72.74109649658203
2022-02-14,72.35371398925781
2022-02-15,72.69055938720703
2022-02-16,72.61477661132812
2022-02-17,71.52002716064453
2022-02-18,71.04004669189453
2022-02-22,71.29267120361328
2022-02-23,70.50950622558594
2022-02-24,71.26739501953125
2022-02-25,73.48213195800781
2022-02-28,71.83161163330078
2022-03-01,70.42529296875
2022-03-02,72.00003051757812
2022-03-03,73.00213623046875
2022-03-04,74.61895751953125
2022-03-07,73.91161346435547
2022-03-08,72.48844909667969
2022-03-09,73.92003631591797
2022-03-10,73.68423461914062
2022-03-11,73.09477233886719
2022-03-14,72.74109649658203
2022-03-15,73.59161376953125
2022-03-16,74.2905502319336
2022-03-17,75.21686553955078
2022-03-18,74.94741821289062
2022-03-21,74.85476684570312
2022-03-22,74.18950653076172
2022-03-23,73.63372802734375
2022-03-24,74.18950653076172
2022-03-25,75.49987030029297
2022-03-28,76.39885711669922
2022-03-29,78.77359008789062
2022-03-30,77.60319519042969
2022-03-31,76.26314544677734
2022-04-01,78.16297149658203
2022-04-04,77.22154998779297
2022-04-05,77.00950622558594
2022-04-06,78.5531005859375
2022-04-07,77.73889923095703
2022-04-08,77.83219909667969
2022-04-11,76.20379638671875
2022-04-12,76.55152893066406
2022-04-13,76.63633728027344
2022-04-14,76.69570922851562
2022-04-18,76.00872802734375
2022-04-19,77.14521026611328
2022-04-20,78.68878936767578
2022-04-21,79.07892608642578
2022-04-22,77.30635833740234
2022-04-25,76.56848907470703
2022-04-26,75.5592269897461
2022-04-27,73.01483917236328
2022-04-28,72.98092651367188
2022-04-29,69.12197875976562
2022-05-02,67.84979248046875
2022-05-03,68.0194091796875
2022-05-04,68.04486083984375
2022-05-05,66.0008773803711
2022-05-06,64.85591888427734
2022-05-09,62.133453369140625
2022-05-10,61.734832763671875
2022-05-11,62.61687469482422
2022-05-12,62.86283874511719
2022-05-13,63.57524871826172
2022-05-16,63.032440185546875
2022-05-17,64.30464172363281
2022-05-18,62.5575065612793
2022-05-19,62.201297760009766
2022-05-20,62.778011322021484
2022-05-23,64.30464172363281
2022-05-24,64.64388275146484
2022-05-25,64.66084289550781
2022-05-26,64.76262664794922
2022-05-27,66.2637939453125
2022-05-31,65.16123962402344
2022-06-01,65.2545394897461
2022-06-02,66.01782989501953
2022-06-03,64.51667022705078
2022-06-06,62.63383102416992
2022-06-07,64.33009338378906
2022-06-08,62.888275146484375
2022-06-09,61.25139617919922
2022-06-10,61.276851654052734
2022-06-13,58.800323486328125
2022-06-14,58.333866119384766
2022-06-15,58.64766311645508
2022-06-16,58.299922943115234
2022-06-17,59.6993293762207
2022-06-21,60.43720245361328
2022-06-22,60.522010803222656
2022-06-23,61.624576568603516
2022-06-24,61.44064712524414
2022-06-27,62.629756927490234
2022-06-28,62.06515121459961
2022-06-29,61.93681335449219
2022-06-30,61.782833099365234
2022-07-01,62.390220642089844
2022-07-05,61.81705856323242
2022-07-06,61.859832763671875
2022-07-07,61.52619171142578
2022-07-08,61.05568313598633
2022-07-11,60.918785095214844
2022-07-12,60.98725128173828
2022-07-13,60.55949401855469
2022-07-14,59.92644500732422
2022-07-15,61.01290512084961
2022-07-18,60.62793731689453
2022-07-19,62.082244873046875
2022-07-20,61.740055084228516
2022-07-21,62.176361083984375
2022-07-22,62.71531677246094
2022-07-25,62.87785339355469
2022-07-26,62.91207504272461
2022-07-27,64.76847076416016
2022-07-28,66.5136489868164
2022-07-29,67.0611572265625
2022-08-01,65.42720031738281
2022-08-02,64.6144790649414
2022-08-03,63.74189376831055
2022-08-04,64.1011962890625
2022-08-05,64.34925842285156
2022-08-08,64.80268859863281
2022-08-09,66.26556396484375
2022-08-10,67.26647186279297
2022-08-11,67.26647186279297
2022-08-12,68.40425872802734
2022-08-15,68.42137145996094
2022-08-16,68.58391571044922
2022-08-17,68.92609405517578
2022-08-18,67.69420623779297
2022-08-19,67.12104034423828
2022-08-22,65.64105224609375
2022-08-23,64.44337463378906
2022-08-24,65.61538696289062
2022-08-25,66.47086334228516
2022-08-26,65.04220581054688
2022-08-29,63.92153549194336
2022-08-30,63.06605529785156
2022-08-31,62.604087829589844
2022-09-01,63.476688385009766
2022-09-02,63.13449478149414
2022-09-06,64.09264373779297
2022-09-07,65.23043060302734
2022-09-08,65.68383026123047
2022-09-09,66.06024932861328
2022-09-12,66.35108947753906
2022-09-13,64.15251922607422
2022-09-14,63.48524475097656
2022-09-15,62.390220642089844
2022-09-16,62.544212341308594
2022-09-19,61.84271240234375
2022-09-20,59.76390075683594
2022-09-21,58.76298904418945
2022-09-22,58.89131164550781
2022-09-23,59.04239273071289
2022-09-26,57.220787048339844
2022-09-27,56.68553924560547
2022-09-28,58.170433044433594
2022-09-29,57.16899490356445
2022-09-30,58.032310485839844
2022-10-03,58.78340148925781
2022-10-04,59.12009048461914
2022-10-05,57.436614990234375
2022-10-06,55.64091110229492
2022-10-07,53.983333587646484
2022-10-10,53.612117767333984
2022-10-11,54.43226623535156
2022-10-12,53.517154693603516
2022-10-13,55.200618743896484
2022-10-14,53.37902069091797
2022-10-17,55.4078254699707
2022-10-18,56.1243782043457
2022-10-19,54.9329948425293
2022-10-20,54.91572570800781
2022-10-21,55.433719635009766
2022-10-24,55.38192367553711
2022-10-25,57.16035079956055
2022-10-26,55.11428451538086
2022-10-27,53.73297882080078
2022-10-28,54.50133514404297
2022-10-31,54.4063720703125
2022-11-01,54.60493469238281
2022-11-02,53.39628219604492
2022-11-03,52.99052810668945
2022-11-04,52.88692855834961
2022-11-07,51.96317672729492
2022-11-08,51.85094451904297
2022-11-09,51.52288818359375
2022-11-10,55.22652816772461
2022-11-11,54.19917297363281
2022-11-14,53.15456008911133
2022-11-15,53.78478240966797
2022-11-16,53.137290954589844
2022-11-17,53.335853576660156
2022-11-18,54.32867431640625
2022-11-21,54.225074768066406
2022-11-22,54.35456466674805
2022-11-23,53.96607208251953
2022-11-25,54.8466682434082
2022-11-28,53.6898078918457
2022-11-29,54.889835357666016
2022-11-30,55.994873046875
2022-12-01,55.81358337402344
2022-12-02,55.347381591796875
2022-12-05,54.36320877075195
2022-12-06,53.26678466796875
2022-12-07,53.49125671386719
2022-12-08,54.13874053955078
2022-12-09,54.156002044677734
2022-12-12,54.85530090332031
2022-12-13,55.39055633544922
2022-12-14,55.191986083984375
2022-12-15,54.181907653808594
2022-12-16,52.51570129394531
2022-12-19,51.496986389160156
2022-12-20,50.89265441894531
2022-12-21,51.03078842163086
2022-12-22,50.95309066772461
2022-12-23,51.31568145751953
2022-12-27,51.341583251953125
2022-12-28,50.74589157104492
2022-12-29,51.661014556884766
2022-12-30,51.47344207763672
2023-01-03,51.33385467529297
2023-01-04,52.21500778198242
2023-01-05,50.13862228393555
2023-01-06,51.787513732910156
2023-01-09,51.12446975708008
2023-01-10,51.255332946777344
2023-01-11,53.55855178833008
2023-01-12,53.67197036743164
2023-01-13,52.88677215576172
2023-01-17,53.54109573364258
2023-01-18,52.98274612426758
2023-01-19,52.965301513671875
2023-01-20,53.50620651245117
2023-01-23,53.741756439208984
2023-01-24,54.61419677734375
2023-01-25,54.2128791809082
2023-01-26,54.29139709472656
2023-01-27,55.277244567871094
2023-01-30,54.14308166503906
2023-01-31,55.53024673461914
2023-02-01,55.835601806640625
2023-02-02,57.88581085205078
2023-02-03,56.472476959228516
2023-02-06,55.818153381347656
2023-02-07,56.48119354248047
2023-02-08,56.908687591552734
2023-02-09,56.13222122192383
2023-02-10,56.550987243652344
2023-02-13,57.69388198852539
2023-02-14,57.842193603515625
2023-02-15,58.09518814086914
2023-02-16,57.57173538208008
2023-02-17,57.47576141357422
2023-02-21,56.17584991455078
2023-02-22,56.07987594604492
2023-02-23,56.40268325805664
2023-02-24,55.547691345214844
2023-02-27,54.79740905761719
2023-02-28,54.544403076171875
2023-03-01,53.165950775146484
2023-03-02,53.55855178833008
2023-03-03,54.58802032470703
2023-03-06,54.701438903808594
2023-03-07,53.3578987121582
2023-03-08,54.038394927978516
2023-03-09,53.09616470336914
2023-03-10,51.01105499267578
2023-03-13,51.682830810546875
2023-03-14,52.27607345581055
2023-03-15,52.319698333740234
2023-03-16,51.394927978515625
2023-03-17,50.23459243774414
2023-03-20,50.7406005859375
2023-03-21,50.103721618652344
2023-03-22,48.82125473022461
2023-03-23,48.38503646850586
2023-03-24,49.43844223022461
2023-03-27,49.60620880126953
2023-03-28,49.37662124633789
2023-03-29,50.84239196777344
2023-03-30,51.68122863769531
2023-03-31,52.979209899902344
2023-04-03,52.65251541137695
2023-04-04,52.440589904785156
2023-04-05,52.63485336303711
2023-04-06,53.10282897949219
2023-04-10,53.0675163269043
2023-04-11,53.217620849609375
2023-04-12,52.81145095825195
2023-04-13,53.0145378112793
2023-04-14,53.0145378112793
2023-04-17,54.144752502441406
2023-04-18,54.241886138916016
2023-04-19,54.83348083496094
2023-04-20,54.10061264038086
2023-04-21,54.127098083496094
2023-04-24,54.03880310058594
2023-04-25,53.43836975097656
2023-04-26,53.1999626159668
2023-04-27,54.57742691040039
2023-04-28,55.84892654418945
2023-05-01,56.21094512939453
2023-05-02,55.10721206665039
2023-05-03,55.03657913208008
2023-05-04,55.16902160644531
2023-05-05,55.96371078491211
2023-05-08,55.61051559448242
2023-05-09,55.06306457519531
2023-05-10,55.31913375854492
2023-05-11,55.5487060546875
2023-05-12,55.45158386230469
2023-05-15,55.151363372802734
2023-05-16,53.976993560791016
2023-05-17,54.365509033203125
2023-05-18,54.162418365478516
2023-05-19,54.25954818725586
2023-05-22,54.5685920715332
2023-05-23,53.80038833618164
2023-05-24,52.65251541137695
2023-05-25,52.511234283447266
2023-05-26,52.66134262084961
2023-05-30,52.99687194824219
2023-05-31,53.685611724853516
2023-06-01,54.40082931518555
2023-06-02,55.707645416259766
2023-06-05,55.990203857421875
2023-06-06,56.44934844970703
2023-06-07,57.21755599975586
2023-06-08,57.59723663330078
2023-06-09,58.43606948852539
2023-06-12,57.96809387207031
2023-06-13,58.268306732177734
2023-06-14,58.60384750366211
2023-06-15,58.586181640625
2023-06-16,58.91288375854492
2023-06-20,58.31245040893555
2023-06-21,57.844478607177734
2023-06-22,56.670108795166016
2023-06-23,55.637821197509766
2023-06-26,57.511444091796875
2023-06-27,58.19844436645508
2023-06-28,57.78803253173828
2023-06-29,58.36796951293945
2023-06-30,58.858680725097656
2023-07-03,59.32262420654297
2023-07-05,59.36722946166992
2023-07-06,59.81333541870117
2023-07-07,59.36722946166992
2023-07-10,59.652740478515625
2023-07-11,60.23268127441406
2023-07-12,60.152374267578125
2023-07-13,60.68769454956055
2023-07-14,61.12488555908203
2023-07-17,60.53601837158203
2023-07-18,60.098838806152344
2023-07-19,60.7233772277832
2023-07-20,61.17840576171875
2023-07-21,61.61557388305664
2023-07-24,61.24085998535156
2023-07-25,59.973934173583984
2023-07-26,60.107757568359375
2023-07-27,58.59102249145508
2023-07-28,57.82371520996094
2023-07-31,58.831912994384766
2023-08-01,58.65346908569336
2023-08-02,58.7248420715332
2023-08-03,58.38581848144531
2023-08-04,58.350120544433594
2023-08-07,59.001434326171875
2023-08-08,58.50178909301758
2023-08-09,58.53749084472656
2023-08-10,58.49287033081055
2023-08-11,59.260169982910156
2023-08-14,57.8415641784668
2023-08-15,57.109954833984375
2023-08-16,56.96720504760742
2023-08-17,56.886898040771484
2023-08-18,56.96720504760742
2023-08-21,56.21775436401367
2023-08-22,56.405120849609375
2023-08-23,57.25270462036133
2023-08-24,57.190250396728516
2023-08-25,57.386539459228516
2023-08-28,57.60959243774414
2023-08-29,58.127071380615234
2023-08-30,58.43933868408203
2023-08-31,57.8415641784668
2023-09-01,57.101036071777344
2023-09-05,56.92259216308594
2023-09-06,56.75307083129883
2023-09-07,56.7441520690918
2023-09-08,55.89656066894531
2023-09-11,55.8341064453125
2023-09-12,56.333740234375
2023-09-13,55.762725830078125
2023-09-14,56.39619827270508
2023-09-15,56.35158920288086
2023-09-18,55.52183532714844
2023-09-19,55.37016296386719
2023-09-20,55.691349029541016
2023-09-21,54.433345794677734
2023-09-22,53.64820861816406
2023-09-25,53.4975471496582
2023-09-26,52.89311218261719
2023-09-27,52.72169876098633
2023-09-28,53.019405364990234
2023-09-29,52.96527862548828
2023-10-02,52.20746612548828
2023-10-03,51.5940055847168
2023-10-04,52.36985778808594
2023-10-05,52.74876403808594
2023-10-06,53.4975471496582
2023-10-09,54.1561164855957
2023-10-10,53.92155456542969
2023-10-11,54.79664611816406
2023-10-12,54.39067459106445
2023-10-13,54.029815673828125
2023-10-16,54.210243225097656
2023-10-17,54.27339553833008
2023-10-18,53.226898193359375
2023-10-19,52.766807556152344
2023-10-20,51.85563278198242
2023-10-23,50.827178955078125
2023-10-24,51.494773864746094
2023-10-25,50.29490661621094
2023-10-26,50.403167724609375
2023-10-27,48.92364501953125
2023-10-30,49.131141662597656
2023-10-31,49.916011810302734
2023-11-01,47.98540115356445
2023-11-02,48.88755416870117
2023-11-03,50.26784896850586
2023-11-06,49.24842071533203
2023-11-07,48.589847564697266
2023-11-08,49.37471389770508
2023-11-09,48.45451736450195
2023-11-10,49.203304290771484
2023-11-13,48.878536224365234
2023-11-14,50.91739273071289
2023-11-15,50.44826889038086
2023-11-16,50.01524353027344
2023-11-17,50.0062255859375
2023-11-20,50.60164260864258
2023-11-21,50.646751403808594
2023-11-22,50.96250915527344
2023-11-24,51.26923370361328
2023-11-27,50.98054885864258
2023-11-28,51.41358184814453
2023-11-29,51.04369354248047
2023-11-30,51.278255462646484
2023-12-01,52.81191635131836
2023-12-04,52.947235107421875
2023-12-05,52.55028533935547
2023-12-06,52.56833267211914
2023-12-07,52.95625305175781
2023-12-08,53.064517974853516
2023-12-11,52.47811508178711
2023-12-12,52.48714065551758
2023-12-13,54.98609161376953
2023-12-14,56.2130241394043
2023-12-15,55.310874938964844
2023-12-18,55.5544548034668
2023-12-19,55.4642333984375
2023-12-20,54.778602600097656
2023-12-21,54.868812561035156
2023-12-22,55.157508850097656
2023-12-26,55.40108871459961
2023-12-27,55.81607437133789
2023-12-28,56.38442611694336
2023-12-29,55.767127990722656
2024-01-02,56.66982650756836
2024-01-03,55.31121826171875
2024-01-04,55.393280029296875
2024-01-05,55.347686767578125
2024-01-08,56.286861419677734
2024-01-09,56.104496002197266
2024-01-10,56.26862716674805
2024-01-11,56.341575622558594
2024-01-12,56.67894744873047
2024-01-16,56.022438049316406
2024-01-17,54.89177703857422
2024-01-18,54.454105377197266
2024-01-19,55.22003173828125
2024-01-22,54.98295974731445
2024-01-23,54.28084945678711
2024-01-24,53.5787467956543
2024-01-25,53.6699333190918
2024-01-26,53.943477630615234
2024-01-29,54.235260009765625
2024-01-30,54.071136474609375
2024-01-31,54.88265609741211
2024-02-01,55.58475875854492
2024-02-02,54.864418029785156
2024-02-05,53.350791931152344
2024-02-06,53.96171951293945
2024-02-07,53.633460998535156
2024-02-08,53.97994613647461
2024-02-09,53.6699333190918
2024-02-12,53.97994613647461
2024-02-13,53.004310607910156
2024-02-14,53.47844696044922
2024-02-15,55.02854919433594
2024-02-16,54.736759185791016
2024-02-20,54.81882095336914
2024-02-21,55.83095169067383
2024-02-22,55.11061096191406
2024-02-23,54.89177703857422
2024-02-26,53.633460998535156
2024-02-27,54.22614288330078
2024-02-28,54.454105377197266
2024-02-29,54.90088653564453
2024-03-01,55.38416290283203
2024-03-04,57.317222595214844
2024-03-05,56.788360595703125
2024-03-06,57.08926773071289
2024-03-07,57.38105010986328
2024-03-08,57.818729400634766
2024-03-11,57.317222595214844
2024-03-12,56.83395767211914
2024-03-13,57.71842575073242
2024-03-14,56.87042999267578
2024-03-15,57.47224044799805
2024-03-18,56.879554748535156
2024-03-19,56.73366165161133
2024-03-20,57.153099060058594
2024-03-21,57.855201721191406
2024-03-22,57.297611236572266
2024-03-25,56.70777130126953
2024-03-26,56.45893478393555
2024-03-27,57.6662712097168
2024-03-28,58.16394805908203
2024-04-01,56.6340446472168
2024-04-02,56.07184982299805
2024-04-03,56.60639572143555
2024-04-04,56.45893478393555
2024-04-05,56.9473991394043
2024-04-08,58.79987335205078
2024-04-09,59.417362213134766
2024-04-10,58.02570343017578
2024-04-11,57.86902618408203
2024-04-12,56.85523223876953
2024-04-15,55.90596008300781
2024-04-16,55.00276184082031
2024-04-17,55.67555236816406
2024-04-18,56.21009826660156
2024-04-19,56.71699142456055
2024-04-22,57.63861846923828
2024-04-23,58.14551544189453
2024-04-24,59.546390533447266
2024-04-25,59.795223236083984
2024-04-26,60.034854888916016
2024-04-29,60.18231964111328
2024-04-30,59.35284423828125
2024-05-01,59.021060943603516
2024-05-02,60.42192840576172
2024-05-03,60.74449920654297
2024-05-06,61.49101638793945
2024-05-07,61.47258377075195
2024-05-08,60.91961669921875
2024-05-09,61.78594970703125
2024-05-10,61.56475830078125
2024-05-13,61.51866912841797
2024-05-14,62.10850524902344
2024-05-15,62.2744026184082
2024-05-16,61.83203125
2024-05-17,61.868892669677734
2024-05-20,61.26062774658203
2024-05-21,61.56475830078125
2024-05-22,61.067081451416016
2024-05-23,60.25603485107422
2024-05-24,60.55096435546875
2024-05-28,59.57403564453125
2024-05-29,58.41279220581055
2024-05-30,58.89203643798828
2024-05-31,59.9334716796875
2024-06-03,60.292911529541016
2024-06-04,60.46802520751953
2024-06-05,60.587825775146484
2024-06-06,60.1546630859375
2024-06-07,59.970333099365234
2024-06-10,60.873531341552734
2024-06-11,60.41272735595703
2024-06-12,60.633907318115234
2024-06-13,60.79058837890625
2024-06-14,61.48180389404297
2024-06-17,61.758304595947266
2024-06-18,62.504817962646484
2024-06-20,62.532466888427734
2024-06-21,62.95640563964844
2024-06-24,63.76744842529297
2024-06-25,63.21446990966797
2024-06-26,62.689144134521484
2024-06-27,62.95640563964844
2024-06-28,63.90568923950195
2024-07-01,63.41706848144531
2024-07-02,63.4729118347168
2024-07-03,62.81212615966797
2024-07-05,63.165794372558594
2024-07-08,63.27747344970703
2024-07-09,63.24024963378906
2024-07-10,63.13786697387695
2024-07-11,63.007568359375
2024-07-12,62.532920837402344
2024-07-15,63.22163391113281
2024-07-16,64.25469970703125
2024-07-17,64.84102630615234
2024-07-18,65.21331024169922
2024-07-19,65.27845764160156
2024-07-22,66.11607360839844
2024-07-23,65.94854736328125
2024-07-24,65.157470703125
2024-07-25,64.70142364501953
2024-07-26,65.86478424072266
2024-07-29,66.3487319946289
2024-07-30,64.74796295166016
2024-07-31,64.8038101196289
2024-08-01,65.7717056274414
2024-08-02,65.35291290283203
2024-08-05,64.37567901611328
2024-08-06,66.4697265625
2024-08-07,65.18537902832031
2024-08-08,65.51112365722656
2024-08-09,66.40458679199219
2024-08-12,65.93924713134766
2024-08-13,66.21844482421875
2024-08-14,66.25568389892578
2024-08-15,66.30220794677734
2024-08-16,66.4604263305664
2024-08-19,66.6279525756836
2024-08-20,66.99092102050781
2024-08-21,67.29804992675781
2024-08-22,67.55863952636719
2024-08-23,68.52655029296875
2024-08-26,67.87507629394531
2024-08-27,68.34973907470703
2024-08-28,69.04774475097656
2024-08-29,68.90814208984375
2024-08-30,69.6899185180664
2024-09-03,70.41585540771484
2024-09-04,70.24832916259766
2024-09-05,70.17387390136719
2024-09-06,69.18733978271484
2024-09-09,69.89466857910156
2024-09-10,71.55128479003906
2024-09-11,71.41168975830078
2024-09-12,72.01663970947266
2024-09-13,72.66812133789062
2024-09-16,72.37960052490234
2024-09-17,71.97940063476562
2024-09-18,71.7374267578125
2024-09-19,71.71881103515625
2024-09-20,71.27207946777344
2024-09-23,72.07247161865234
2024-09-24,70.67825317382812
2024-09-25,70.59375
2024-09-26,69.76753997802734
2024-09-27,69.44833374023438
2024-09-30,69.90837097167969
2024-10-01,69.36381530761719
2024-10-02,69.34504699707031
2024-10-03,68.8568344116211
2024-10-04,69.03522491455078
2024-10-07,68.43434143066406
2024-10-08,68.41557312011719
2024-10-09,68.18085479736328
2024-10-10,67.74897766113281
2024-10-11,68.62212371826172
2024-10-14,69.12911224365234
2024-10-15,69.43894958496094
2024-10-16,70.12431335449219
2024-10-17,70.2933120727539
2024-10-18,71.0068588256836
2024-10-21,69.62671661376953
2024-10-22,69.6173324584961
2024-10-23,71.22279357910156
2024-10-24,71.41056060791016
2024-10-25,70.10553741455078
2024-10-28,70.42475891113281
2024-10-29,69.70182800292969
2024-10-30,69.42955780029297
2024-10-31,66.06839752197266
2024-11-01,64.89480590820312
2024-11-04,65.92755889892578
2024-11-05,67.62691497802734
2024-11-06,67.01663970947266
2024-11-07,67.4015884399414
2024-11-08,69.03522491455078
2024-11-11,69.00706481933594
2024-11-12,68.58456420898438
2024-11-13,70.0773696899414
2024-11-14,68.60334014892578
2024-11-15,69.09156036376953
2024-11-18,69.8708267211914
2024-11-19,69.9459228515625
2024-11-20,69.4013900756836
2024-11-21,70.46231842041016
2024-11-22,71.1570816040039
2024-11-25,71.73918151855469
2024-11-26,72.38699340820312
2024-11-27,72.74376678466797
2024-11-29,71.97388458251953
2024-12-02,70.64068603515625
2024-12-03,69.5046615600586
2024-12-04,69.27932739257812
2024-12-05,68.89439392089844
2024-12-06,69.24176788330078
2024-12-09,69.15727233886719
2024-12-10,68.44373321533203
2024-12-11,68.33106994628906
2024-12-12,69.27932739257812
2024-12-13,68.8005142211914
2024-12-16,68.9695053100586
2024-12-17,68.32168579101562
2024-12-18,65.8993911743164
2024-12-19,65.2421875
2024-12-20,66.98847961425781
2024-12-23,67.07298278808594
2024-12-24,67.8052978515625
2024-12-26,67.94613647460938
2024-12-27,67.20442199707031
2024-12-30,66.81010437011719
2024-12-31,67.37342834472656
2025-01-02,66.41141510009766
2025-01-03,67.19807434082031
2025-01-06,64.81913757324219
2025-01-07,63.92821502685547
2025-01-08,63.99455642700195
2025-01-10,63.482757568359375
2025-01-13,65.59632110595703
2025-01-14,66.26925659179688
2025-01-15,65.8332748413086
2025-01-16,66.58201599121094
2025-01-17,66.1270751953125
2025-01-21,66.4682846069336
2025-01-22,64.80965423583984
2025-01-23,64.62957000732422
2025-01-24,64.68644714355469
2025-01-27,66.47776794433594
2025-01-28,65.64371490478516
2025-01-29,64.9044418334961
2025-01-30,66.0986328125
2025-01-31,66.94216918945312
2025-02-03,66.65785217285156
2025-02-04,66.93269348144531
2025-02-05,68.17431640625
2025-02-06,68.35438537597656
2025-02-07,67.60562133789062
2025-02-10,67.20755767822266
2025-02-11,67.70988464355469
2025-02-12,67.2644271850586
2025-02-13,67.78570556640625
2025-02-14,67.51084899902344
2025-02-18,67.53929138183594
2025-02-19,67.40660095214844
2025-02-20,67.91840362548828
2025-02-21,67.82361602783203
2025-02-24,68.4396743774414
2025-02-25,69.16947937011719
2025-02-26,69.01782989501953
2025-02-27,69.83292388916016
2025-02-28,70.2973403930664
2025-03-03,71.10295867919922
2025-03-04,69.60546875
2025-03-05,69.82344818115234
2025-03-06,68.15535736083984
2025-03-07,68.21221923828125
2025-03-10,67.17911529541016
2025-03-11,66.13655090332031
2025-03-12,65.36885070800781
2025-03-13,64.71488189697266
2025-03-14,65.34041595458984
2025-03-17,66.40193176269531
2025-03-18,65.88066101074219
2025-03-19,66.1270751953125
2025-03-20,66.50619506835938
2025-03-21,66.16498565673828
2025-03-24,67.6340560913086
2025-03-25,67.3212890625
2025-03-26,67.83309173583984
2025-03-27,67.53929138183594
2025-03-28,67.65300750732422
2025-03-31,68.50768280029297
2025-04-01,68.2205581665039
2025-04-02,68.55553436279297
2025-04-03,65.60774230957031
2025-04-04,61.05204391479492
2025-04-07,59.83655548095703
2025-04-08,59.166603088378906
2025-04-09,63.99027633666992
2025-04-10,61.511436462402344
2025-04-11,61.865562438964844
2025-04-14,64.04769897460938
2025-04-15,64.14340209960938
2025-04-16,64.17212677001953
2025-04-17,65.31104278564453
2025-04-21,64.6028060913086
2025-04-22,65.97142791748047
2025-04-23,66.40211486816406
2025-04-24,66.33512115478516
2025-04-25,65.58859252929688
2025-04-28,66.33512115478516
2025-04-29,66.5456771850586
2025-04-30,67.24435424804688
2025-05-01,67.58889770507812
2025-05-02,68.64167785644531
2025-05-05,67.78987884521484
2025-05-06,67.51232147216797
2025-05-07,67.53146362304688
2025-05-08,66.6892318725586
2025-05-09,66.93807983398438
2025-05-12,67.85687255859375
2025-05-13,66.60310363769531
2025-05-14,66.09584045410156
2025-05-15,67.81858825683594
2025-05-16,68.48854064941406
2025-05-19,68.28755950927734
2025-05-20,68.057861328125
2025-05-21,65.97142791748047
2025-05-22,65.36847686767578
2025-05-23,64.70809173583984
2025-05-27,65.67473602294922
2025-05-28,66.0479965209961
2025-05-29,66.97636413574219
2025-05-30,67.1294937133789
2025-06-02,66.92851257324219
2025-06-03,65.94271087646484
2025-06-04,66.0479965209961
2025-06-05,65.52159881591797
2025-06-06,65.55989074707031
2025-06-09,66.34468841552734
2025-06-10,66.9955062866211
2025-06-11,66.29683685302734
2025-06-12,67.15821075439453
2025-06-13,65.9235610961914
2025-06-16,66.1341323852539
2025-06-17,65.78001403808594
2025-06-18,65.91400909423828
2025-06-20,66.02884674072266
2025-06-23,66.09584045410156
2025-06-24,65.29631805419922
2025-06-25,63.459442138671875
2025-06-26,65.21897888183594
2025-06-27,65.11263275146484
2025-06-30,65.24798583984375
2025-07-01,65.02562713623047
2025-07-02,64.4552230834961
2025-07-03,64.65824127197266
2025-07-07,64.50355529785156
2025-07-08,64.40689086914062
2025-07-09,64.31986999511719
2025-07-10,64.85160064697266
2025-07-11,64.57123565673828
2025-07-14,64.79359436035156
2025-07-15,63.93315887451172
2025-07-16,64.72592163085938
2025-07-17,65.04496002197266
2025-07-18,64.93861389160156
2025-07-21,64.75492858886719
2025-07-22,66.05040740966797
2025-07-23,66.06974029541016
2025-07-24,65.40266418457031
2025-07-25,65.13197326660156
2025-07-28,64.010498046875
2025-07-29,65.52835083007812
2025-07-30,63.1307373046875
2025-07-31,61.100494384765625
2025-08-01,60.665443420410156
2025-08-04,60.58810043334961
2025-08-05,61.30352020263672
2025-08-06,61.293853759765625
2025-08-07,61.767574310302734
2025-08-08,61.100494384765625
2025-08-11,60.23039245605469
2025-08-12,60.61710739135742
2025-08-13,61.864253997802734
2025-08-14,61.40019989013672
2025-08-15,61.989933013916016
2025-08-18,61.13916778564453
2025-08-19,62.2993049621582
2025-08-20,62.33797836303711
2025-08-21,62.13494873046875
2025-08-22,63.09206771850586
2025-08-25,62.6473503112793
2025-08-26,62.33797836303711
2025-08-27,62.976051330566406
2025-08-28,63.121070861816406
2025-08-29,63.92350387573242
2025-09-02,61.88359069824219
2025-09-03,62.52165985107422
2025-09-04,63.41109848022461
2025-09-05,64.59056854248047
2025-09-08,64.18452453613281
2025-09-09,64.40689086914062
2025-09-10,63.6721305847168
2025-09-11,64.66791534423828
2025-09-12,64.23286437988281
2025-09-15,63.11140060424805
2025-09-16,62.599002838134766
2025-09-17,62.48299026489258
2025-09-18,62.71501922607422
2025-09-19,62.889041900634766
2025-09-22,63.121070861816406
2025-09-23,63.498111724853516
2025-09-24,62.99538803100586
2025-09-25,62.28498077392578
2025-09-26,63.056949615478516
2025-09-29,62.65631103515625
2025-09-30,63.252384185791016
2025-10-01,62.63676452636719
2025-10-02,62.03091812133789
2025-10-03,61.85502624511719
2025-10-06,60.7996826171875
2025-10-07,61.04397201538086
2025-10-08,60.90717315673828
2025-10-09,60.555389404296875
2025-10-10,60.262229919433594
2025-10-13,60.59447479248047
2025-10-14,60.87785339355469
2025-10-15,60.672645568847656
2025-10-16,60.09611511230469
2025-10-17,60.7899055480957
2025-10-20,60.92671203613281
2025-10-21,61.385982513427734
2025-10-22,62.28498077392578
2025-10-23,61.884342193603516
2025-10-24,61.97228240966797
2025-10-27,61.86479568481445
2025-10-28,60.057029724121094
2025-10-29,57.56523895263672
2025-10-30,58.93328094482422
2025-10-31,58.08313751220703
2025-11-03,57.73135757446289
2025-11-04,58.024513244628906
2025-11-05,58.405609130859375
2025-11-06,57.36003112792969
2025-11-07,58.34697723388672
2025-11-10,58.15153884887695
2025-11-11,59.10917282104492
2025-11-12,58.259029388427734
2025-11-13,57.92679214477539
2025-11-14,58.063594818115234
2025-11-17,57.70204162597656
2025-11-18,57.82907485961914
2025-11-19,57.59455490112305
2025-11-20,57.809532165527344
2025-11-21,59.16780090332031
2025-11-24,59.16780090332031
2025-11-25,59.70524597167969
2025-11-26,60.17428970336914
2025-11-28,60.34040832519531
2025-12-01,60.03748321533203
2025-12-02,60.56515884399414
2025-12-03,60.614013671875
2025-12-04,60.2036018371582
2025-12-05,59.666160583496094
2025-12-08,59.21665954589844
2025-12-09,58.67921447753906
2025-12-10,59.28506088256836
2025-12-11,59.245975494384766
2025-12-12,59.55867004394531
2025-12-15,59.70524597167969
2025-12-16,59.34368896484375
2025-12-17,60.56515884399414
2025-12-18,60.672645568847656
2025-12-19,59.96908187866211
2025-12-22,60.86808395385742
2025-12-23,60.90717315673828
2025-12-24,61.298038482666016
2025-12-26,61.649818420410156
2025-12-29,61.83548355102539
2025-12-30,62.05046081542969
2025-12-31,61.60095977783203
2026-01-02,61.287750244140625
2026-01-05,60.19103240966797
2026-01-06,61.6632080078125
2026-01-07,61.198829650878906
2026-01-08,62.11770248413086
2026-01-09,59.71677780151367
2026-01-12,59.53893280029297
2026-01-13,59.46976852416992
2026-01-14,60.46768569946289
2026-01-15,60.43804168701172
2026-01-16,61.29763412475586
2026-01-20,60.28984069824219
2026-01-21,60.61589050292969
2026-01-22,60.23055648803711
2026-01-23,61.3470344543457
2026-01-26,61.37667465209961
2026-01-27,61.40631866455078
2026-01-28,60.0329475402832
2026-01-29,61.119789123535156
2026-01-30,61.574283599853516
2026-02-02,60.872779846191406
2026-02-03,61.05062484741211
2026-02-04,62.325191497802734
2026-02-05,61.03086471557617
2026-02-06,63.12549591064453
2026-02-09,63.89616012573242
2026-02-10,64.78539276123047
2026-02-11,63.87640380859375
2026-02-12,62.29554748535156
2026-02-13,63.095855712890625
2026-02-17,62.720401763916016
2026-02-18,62.82908630371094
2026-02-19,62.29554748535156
2026-02-20,61.85093307495117
2026-02-23,62.56231689453125
2026-02-24,62.79944610595703
2026-02-25,62.641361236572266
2026-02-26,63.35274887084961
2026-02-27,62.45363235473633
2026-03-02,62.37459182739258
2026-03-03,61.96949768066406
2026-03-04,62.028778076171875
2026-03-05,62.35483169555664
2026-03-06,61.96949768066406
2026-03-09,61.43595886230469
2026-03-10,60.74433517456055
2026-03-11,59.440128326416016
2026-03-12,59.54881286621094
2026-03-13,59.27216720581055
2026-03-16,59.34132766723633
2026-03-17,60.28984069824219
2026-03-18,59.13383865356445
2026-03-19,58.600303649902344
2026-03-20,57.286216735839844
2026-03-23,57.7110710144043
2026-03-24,57.96795654296875
2026-03-25,57.76047134399414
2026-03-26,58.79790496826172
2026-03-27,58.047000885009766
2026-03-30,58.58000183105469
2026-03-31,59.150001525878906
2026-04-01,59.54999923706055
2026-04-02,60.27000045776367
2026-04-06,60.060001373291016
2026-04-07,60.439998626708984
