Date,Close
2000-07-31,20.669158935546875
2000-08-01,20.504596710205078
2000-08-02,20.241291046142578
2000-08-03,19.583045959472656
2000-08-04,19.92862892150879
2000-08-07,20.076736450195312
2000-08-08,20.060274124145508
2000-08-09,20.076736450195312
2000-08-10,20.389408111572266
2000-08-11,20.323572158813477
2000-08-14,20.323572158813477
2000-08-15,20.718530654907227
2000-08-16,20.767898559570312
2000-08-17,20.68561363220215
2000-08-18,20.405858993530273
2000-08-21,20.208385467529297
2000-08-22,20.109651565551758
2000-08-23,19.945087432861328
2000-08-24,20.09319305419922
2000-08-25,20.405858993530273
2000-08-28,20.323572158813477
2000-08-29,20.208385467529297
2000-08-30,20.142562866210938
2000-08-31,20.076736450195312
2000-09-01,20.076736450195312
2000-09-05,20.553972244262695
2000-09-06,20.0438232421875
2000-09-07,20.208385467529297
2000-09-08,19.84634780883789
2000-09-11,19.517221450805664
2000-09-12,19.829891204833984
2000-09-13,19.451396942138672
2000-09-14,19.484304428100586
2000-09-15,19.484304428100586
2000-09-18,18.90833282470703
2000-09-19,18.89188003540039
2000-09-20,18.595659255981445
2000-09-21,18.43109893798828
2000-09-22,18.92479133605957
2000-09-25,19.023529052734375
2000-09-26,19.00707244873047
2000-09-27,19.089357376098633
2000-09-28,19.122257232666016
2000-09-29,18.990619659423828
2000-10-02,19.171642303466797
2000-10-03,19.35265350341797
2000-10-04,19.056446075439453
2000-10-05,19.00707244873047
2000-10-06,18.595659255981445
2000-10-09,18.43109893798828
2000-10-10,18.381729125976562
2000-10-11,18.101980209350586
2000-10-12,17.83867073059082
2000-10-13,17.97032928466797
2000-10-16,17.855127334594727
2000-10-17,17.805757522583008
2000-10-18,17.229787826538086
2000-10-19,17.82221794128418
2000-10-20,17.904497146606445
2000-10-23,17.77284812927246
2000-10-24,18.134883880615234
2000-10-25,17.888046264648438
2000-10-26,17.986780166625977
2000-10-27,18.365278244018555
2000-10-30,18.41464614868164
2000-10-31,18.92479133605957
2000-11-01,18.957704544067383
2000-11-02,19.20454978942871
2000-11-03,19.221006393432617
2000-11-06,19.336200714111328
2000-11-07,19.122257232666016
2000-11-08,18.89188003540039
2000-11-09,19.056446075439453
2000-11-10,18.612119674682617
2000-11-13,18.26654052734375
2000-11-14,18.842512130737305
2000-11-15,18.74376678466797
2000-11-16,18.74376678466797
2000-11-17,18.43109893798828
2000-11-20,17.904497146606445
2000-11-21,18.01968765258789
2000-11-22,17.805757522583008
2000-11-24,18.101980209350586
2000-11-27,18.34882354736328
2000-11-28,18.43109893798828
2000-11-29,18.43109893798828
2000-11-30,18.34882354736328
2000-12-01,18.365278244018555
2000-12-04,18.41464614868164
2000-12-05,18.826053619384766
2000-12-06,18.79314422607422
2000-12-07,18.90833282470703
2000-12-08,18.826053619384766
2000-12-11,19.056446075439453
2000-12-12,19.023529052734375
2000-12-13,18.760225296020508
2000-12-14,18.562746047973633
2000-12-15,18.43109893798828
2000-12-18,18.33236312866211
2000-12-19,18.562746047973633
2000-12-20,18.301271438598633
2000-12-21,18.432933807373047
2000-12-22,18.712717056274414
2000-12-26,18.827924728393555
2000-12-27,19.074792861938477
2000-12-28,19.09125328063965
2000-12-29,19.288745880126953
2001-01-02,19.22291374206543
2001-01-03,19.881235122680664
2001-01-04,19.074792861938477
2001-01-05,19.453327178955078
2001-01-08,19.22291374206543
2001-01-09,18.86083221435547
2001-01-10,18.81147003173828
2001-01-11,19.403955459594727
2001-01-12,19.403955459594727
2001-01-16,19.20645523071289
2001-01-17,19.38749885559082
2001-01-18,19.650819778442383
2001-01-19,19.321659088134766
2001-01-22,19.354576110839844
2001-01-23,19.420413970947266
2001-01-24,19.173540115356445
2001-01-25,19.22291374206543
2001-01-26,19.272287368774414
2001-01-29,19.09125328063965
2001-01-30,19.095367431640625
2001-01-31,19.527376174926758
2001-02-01,19.53972816467285
2001-02-02,19.05010414123535
2001-02-05,19.18999481201172
2001-02-06,18.959585189819336
2001-02-07,18.815582275390625
2001-02-08,18.720949172973633
2001-02-09,18.59750747680664
2001-02-12,18.819698333740234
2001-02-13,18.48641586303711
2001-02-14,18.288923263549805
2001-02-15,18.276580810546875
2001-02-16,18.103776931762695
2001-02-20,17.852787017822266
2001-02-21,17.564767837524414
2001-02-22,17.24795913696289
2001-02-23,17.206815719604492
2001-02-26,17.400192260742188
2001-02-27,17.54831886291504
2001-02-28,17.655284881591797
2001-03-01,17.51540756225586
2001-03-02,17.642948150634766
2001-03-05,17.717012405395508
2001-03-06,17.90627670288086
2001-03-07,18.01325035095215
2001-03-08,17.959768295288086
2001-03-09,17.622377395629883
2001-03-12,16.996971130371094
2001-03-13,16.984630584716797
2001-03-14,16.2728214263916
2001-03-15,16.40448760986328
2001-03-16,16.009489059448242
2001-03-19,16.23578643798828
2001-03-20,16.18229866027832
2001-03-21,15.906636238098145
2001-03-22,15.404661178588867
2001-03-23,15.742051124572754
2001-03-26,16.445632934570312
2001-03-27,16.696611404418945
2001-03-28,16.108243942260742
2001-03-29,16.153507232666016
2001-03-30,16.244016647338867
2001-04-02,16.0629825592041
2001-04-03,15.680336952209473
2001-04-04,16.01360511779785
2001-04-05,16.523807525634766
2001-04-06,16.248132705688477
2001-04-09,16.47904396057129
2001-04-10,16.650205612182617
2001-04-11,16.72130012512207
2001-04-12,16.918798446655273
2001-04-16,16.86086654663086
2001-04-17,16.57647132873535
2001-04-18,17.35065460205078
2001-04-19,17.392791748046875
2001-04-20,17.213726043701172
2001-04-23,17.010961532592773
2001-04-24,16.958295822143555
2001-04-25,17.19529151916504
2001-04-26,17.340120315551758
2001-04-27,17.487590789794922
2001-04-30,17.563947677612305
2001-05-01,17.685083389282227
2001-05-02,17.642948150634766
2001-05-03,17.20319938659668
2001-05-04,17.432287216186523
2001-05-07,17.353288650512695
2001-05-08,17.234790802001953
2001-05-09,16.984630584716797
2001-05-10,17.403318405151367
2001-05-11,17.1636905670166
2001-05-14,17.03729820251465
2001-05-15,17.20319938659668
2001-05-16,17.313785552978516
2001-05-17,17.432287216186523
2001-05-18,17.46651840209961
2001-05-21,17.524446487426758
2001-05-22,17.40595054626465
2001-05-23,17.089962005615234
2001-05-24,17.19529151916504
2001-05-25,17.116294860839844
2001-05-29,16.81346893310547
2001-05-30,16.558034896850586
2001-05-31,16.48430633544922
2001-06-01,16.457971572875977
2001-06-04,16.45270538330078
2001-06-05,16.673904418945312
2001-06-06,16.563310623168945
2001-06-07,16.6159725189209
2001-06-08,16.510643005371094
2001-06-11,16.418476104736328
2001-06-12,16.22098159790039
2001-06-13,16.22624969482422
2001-06-14,16.299978256225586
2001-06-15,16.08405113220215
2001-06-18,15.955015182495117
2001-06-19,15.791753768920898
2001-06-20,15.707489013671875
2001-06-21,15.8075532913208
2001-06-22,15.757521629333496
2001-06-25,15.957649230957031
2001-06-26,15.852324485778809
2001-06-27,15.715392112731934
2001-06-28,15.578459739685059
2001-06-29,15.847057342529297
2001-07-02,16.034015655517578
2001-07-03,15.889189720153809
2001-07-05,15.452062606811523
2001-07-06,15.222965240478516
2001-07-09,15.346735000610352
2001-07-10,15.351998329162598
2001-07-11,15.225600242614746
2001-07-12,15.244036674499512
2001-07-13,15.307234764099121
2001-07-16,15.12817096710205
2001-07-17,15.25984001159668
2001-07-18,15.115005493164062
2001-07-19,15.430991172790527
2001-07-20,15.362527847290039
2001-07-23,15.336200714111328
2001-07-24,15.067602157592773
2001-07-25,15.088674545288086
2001-07-26,15.299330711364746
2001-07-27,15.531057357788086
2001-07-30,15.707489013671875
2001-07-31,15.773322105407715
2001-08-01,15.978719711303711
2001-08-02,15.994515419006348
2001-08-03,15.79965877532959
2001-08-06,15.79965877532959
2001-08-07,15.757521629333496
2001-08-08,15.496830940246582
2001-08-09,15.483660697937012
2001-08-10,15.386229515075684
2001-08-13,15.586356163024902
2001-08-14,15.825989723205566
2001-08-15,15.92868709564209
2001-08-16,15.744356155395508
2001-08-17,15.346735000610352
2001-08-20,15.388863563537598
2001-08-21,15.438894271850586
2001-08-22,15.452062606811523
2001-08-23,15.62322998046875
2001-08-24,15.793407440185547
2001-08-27,15.6922025680542
2001-08-28,15.561701774597168
2001-08-29,15.577682495117188
2001-08-30,15.287384033203125
2001-08-31,15.2181396484375
2001-09-04,14.757383346557617
2001-09-05,14.461753845214844
2001-09-06,14.182108879089355
2001-09-07,13.985021591186523
2001-09-10,13.790604591369629
2001-09-17,13.116789817810059
2001-09-18,13.010255813598633
2001-09-19,12.783873558044434
2001-09-20,12.120712280273438
2001-09-21,11.678601264953613
2001-09-24,12.277846336364746
2001-09-25,12.570809364318848
2001-09-26,12.794529914855957
2001-09-27,12.943672180175781
2001-09-28,13.236637115478516
2001-10-01,13.11412525177002
2001-10-02,13.15674114227295
2001-10-03,13.343170166015625
2001-10-04,13.593520164489746
2001-10-05,13.582866668701172
2001-10-08,13.518948554992676
2001-10-09,13.497640609741211
2001-10-10,13.915776252746582
2001-10-11,13.942411422729492
2001-10-12,13.716036796569824
2001-10-15,13.686734199523926
2001-10-16,13.867839813232422
2001-10-17,13.867839813232422
2001-10-18,13.737339973449707
2001-10-19,13.622819900512695
2001-10-22,13.718694686889648
2001-10-23,13.809247016906738
2001-10-24,14.10221004486084
2001-10-25,14.008996963500977
2001-10-26,14.1874361038208
2001-10-29,13.966379165649414
2001-10-30,13.604174613952637
2001-10-31,13.782613754272461
2001-11-01,14.070256233215332
2001-11-02,13.854521751403809
2001-11-05,14.144824981689453
2001-11-06,14.182108879089355
2001-11-07,14.246030807495117
2001-11-08,14.384525299072266
2001-11-09,14.379196166992188
2001-11-12,14.046283721923828
2001-11-13,14.259347915649414
2001-11-14,14.379196166992188
2001-11-15,14.39251708984375
2001-11-16,14.483059883117676
2001-11-19,14.701456069946289
2001-11-20,14.581600189208984
2001-11-21,14.445772171020508
2001-11-23,14.541657447814941
2001-11-26,14.722760200500488
2001-11-27,14.384525299072266
2001-11-28,14.115527153015137
2001-11-29,14.25667953491211
2001-11-30,14.443113327026367
2001-12-03,14.40049934387207
2001-12-04,14.544318199157715
2001-12-05,15.114267349243164
2001-12-06,15.143564224243164
2001-12-07,14.898536682128906
2001-12-10,14.538991928100586
2001-12-11,14.714768409729004
2001-12-12,14.738743782043457
2001-12-13,14.198088645935059
2001-12-14,14.344575881958008
2001-12-17,14.754725456237793
2001-12-18,14.7280912399292
2001-12-19,14.594917297363281
2001-12-20,14.381855010986328
2001-12-21,14.501708030700684
2001-12-24,14.21140193939209
2001-12-26,14.435121536254883
2001-12-27,14.730752944946289
2001-12-28,14.746731758117676
2001-12-31,14.911852836608887
2002-01-02,15.114267349243164
2002-01-03,15.231454849243164
2002-01-04,15.180851936340332
2002-01-07,14.869240760803223
2002-01-08,14.80798625946045
2002-01-09,14.51768684387207
2002-01-10,14.51768684387207
2002-01-11,14.565622329711914
2002-01-14,14.269999504089355
2002-01-15,14.307287216186523
2002-01-16,13.985021591186523
2002-01-17,14.320609092712402
2002-01-18,14.275322914123535
2002-01-22,14.115527153015137
2002-01-23,14.24869441986084
2002-01-24,14.453767776489258
2002-01-25,14.182108879089355
2002-01-28,14.328598022460938
2002-01-29,13.910454750061035
2002-01-30,14.118188858032227
2002-01-31,14.088891983032227
2002-02-01,14.06493091583252
2002-02-04,13.929097175598145
2002-02-05,13.732013702392578
2002-02-06,13.636134147644043
2002-02-07,13.646780014038086
2002-02-08,13.814577102661133
2002-02-11,14.003669738769531
2002-02-12,13.913119316101074
2002-02-13,13.95040225982666
2002-02-14,14.022313117980957
2002-02-15,13.854521751403809
2002-02-19,13.526939392089844
2002-02-20,13.580199241638184
2002-02-21,13.55623722076416
2002-02-22,13.550905227661133
2002-02-25,13.649447441101074
2002-02-26,13.676079750061035
2002-02-27,13.819900512695312
2002-02-28,14.008996963500977
2002-03-01,14.20075511932373
2002-03-04,14.704116821289062
2002-03-05,14.578941345214844
2002-03-06,14.821304321289062
2002-03-07,14.887887001037598
2002-03-08,14.847936630249023
2002-03-11,14.858590126037598
2002-03-12,14.70944881439209
2002-03-13,14.592259407043457
2002-03-14,14.685477256774902
2002-03-15,14.866579055786133
2002-03-18,15.02904224395752
2002-03-19,15.05833625793457
2002-03-20,14.847936630249023
2002-03-21,14.831954956054688
2002-03-22,14.781352996826172
2002-03-25,14.621562004089355
2002-03-26,14.680146217346191
2002-03-27,14.712116241455078
2002-03-28,14.823965072631836
2002-04-01,15.007735252380371
2002-04-02,14.805326461791992
2002-04-03,14.658845901489258
2002-04-04,14.501708030700684
2002-04-05,14.53632926940918
2002-04-08,14.341907501220703
2002-04-09,14.405824661254883
2002-04-10,14.632206916809082
2002-04-11,14.381855010986328
2002-04-12,14.456432342529297
2002-04-15,14.515020370483398
2002-04-16,14.83462142944336
2002-04-17,14.989090919494629
2002-04-18,14.869240760803223
2002-04-19,14.91451644897461
2002-04-22,14.70944881439209
2002-04-23,14.674820899963379
2002-04-24,14.461753845214844
2002-04-25,14.592259407043457
2002-04-26,14.605574607849121
2002-04-29,14.368535995483398
2002-04-30,14.62955093383789
2002-05-01,14.688138008117676
2002-05-02,14.461753845214844
2002-05-03,14.568289756774902
2002-05-06,14.405824661254883
2002-05-07,14.45909309387207
2002-05-08,14.714768409729004
2002-05-09,14.608232498168945
2002-05-10,14.365880012512207
2002-05-13,14.65085506439209
2002-05-14,14.831954956054688
2002-05-15,14.885221481323242
2002-05-16,14.906526565551758
2002-05-17,15.031707763671875
2002-05-20,14.874570846557617
2002-05-21,14.698789596557617
2002-05-22,14.725424766540527
2002-05-23,14.805326461791992
2002-05-24,14.58959674835205
2002-05-28,14.741398811340332
2002-05-29,14.701456069946289
2002-05-30,14.594917297363281
2002-05-31,14.528339385986328
2002-06-03,14.432461738586426
2002-06-04,14.222061157226562
2002-06-05,14.259347915649414
2002-06-06,14.285981178283691
2002-06-07,14.080900192260742
2002-06-10,14.10221004486084
2002-06-11,14.086227416992188
2002-06-12,14.032964706420898
2002-06-13,13.6973876953125
2002-06-14,13.550905227661133
2002-06-17,13.838542938232422
2002-06-18,13.955730438232422
2002-06-19,13.689393997192383
2002-06-20,13.582866668701172
2002-06-21,13.542912483215332
2002-06-24,13.36979866027832
2002-06-25,13.476333618164062
2002-06-26,13.630807876586914
2002-06-27,13.795931816101074
2002-06-28,14.019647598266602
2002-07-01,14.011655807495117
2002-07-02,13.55623722076416
2002-07-03,13.415079116821289
2002-07-05,14.086227416992188
2002-07-08,14.219395637512207
2002-07-09,13.99301528930664
2002-07-10,13.29256534576416
2002-07-11,13.279250144958496
2002-07-12,13.044878959655762
2002-07-15,12.954325675964355
2002-07-16,12.701313018798828
2002-07-17,13.138093948364258
2002-07-18,13.066183090209961
2002-07-19,12.568145751953125
2002-07-22,12.083422660827637
2002-07-23,11.263124465942383
2002-07-24,11.79844856262207
2002-07-25,11.806439399719238
2002-07-26,11.657296180725098
2002-07-29,12.5281982421875
2002-07-30,12.280508041381836
2002-07-31,12.331110000610352
2002-08-01,11.766491889953613
2002-08-02,11.665287971496582
2002-08-05,11.015435218811035
2002-08-06,11.492172241210938
2002-08-07,11.875685691833496
2002-08-08,12.107393264770508
2002-08-09,12.280508041381836
2002-08-12,12.118048667907715
2002-08-13,11.867695808410645
2002-08-14,12.16865062713623
2002-08-15,12.344429016113281
2002-08-16,12.309806823730469
2002-08-19,12.738598823547363
2002-08-20,12.51754379272461
2002-08-21,12.677342414855957
2002-08-22,12.794529914855957
2002-08-23,12.57879638671875
2002-08-26,12.661364555358887
2002-08-27,12.850455284118652
2002-08-28,12.381711959838867
2002-08-29,12.18995475769043
2002-08-30,12.248550415039062
2002-09-03,11.702569961547852
2002-09-04,11.822419166564941
2002-09-05,11.622671127319336
2002-09-06,11.801115989685059
2002-09-09,11.875685691833496
2002-09-10,11.825085639953613
2002-09-11,12.040809631347656
2002-09-12,11.665287971496582
2002-09-13,11.372322082519531
2002-09-16,11.20186996459961
2002-09-17,10.988802909851074
2002-09-18,10.884939193725586
2002-09-19,10.647903442382812
2002-09-20,10.727798461914062
2002-09-23,10.216446876525879
2002-09-24,10.051321983337402
2002-09-25,10.394887924194336
2002-09-26,10.717146873474121
2002-09-27,10.46679973602295
2002-09-30,10.269712448120117
2002-10-01,10.669208526611328
2002-10-02,10.552023887634277
2002-10-03,10.477449417114258
2002-10-04,10.197805404663086
2002-10-07,9.947452545166016
2002-10-08,9.947452545166016
2002-10-09,9.795645713806152
2002-10-10,10.251069068908691
2002-10-11,10.602622985839844
2002-10-14,10.485441207885742
2002-10-15,11.27910327911377
2002-10-16,10.99146842956543
2002-10-17,11.340362548828125
2002-10-18,11.313729286193848
2002-10-21,11.635988235473633
2002-10-22,11.239155769348145
2002-10-23,11.063380241394043
2002-10-24,10.919557571411133
2002-10-25,11.215184211730957
2002-10-28,11.32171630859375
2002-10-29,11.052725791931152
2002-10-30,11.175237655639648
2002-10-31,11.361668586730957
2002-11-01,11.545434951782227
2002-11-04,11.843724250793457
2002-11-05,12.102063179016113
2002-11-06,12.062116622924805
2002-11-07,11.635988235473633
2002-11-08,11.452219009399414
2002-11-11,11.241817474365234
2002-11-12,11.398953437805176
2002-11-13,11.345686912536621
2002-11-14,11.819758415222168
2002-11-15,11.854378700256348
2002-11-18,11.878351211547852
2002-11-19,11.851717948913574
2002-11-20,11.955584526062012
2002-11-21,12.285836219787598
2002-11-22,12.275181770324707
2002-11-25,12.15799617767334
2002-11-26,11.787796020507812
2002-11-27,12.355074882507324
2002-11-29,12.317793846130371
2002-12-02,12.307141304016113
2002-12-03,12.000862121582031
2002-12-04,12.120712280273438
2002-12-05,11.81442928314209
2002-12-06,11.888999938964844
2002-12-09,11.582722663879395
2002-12-10,11.739860534667969
2002-12-11,11.795785903930664
2002-12-12,11.641314506530762
2002-12-13,11.492172241210938
2002-12-16,11.745185852050781
2002-12-17,11.612018585205078
2002-12-18,11.486844062805176
2002-12-19,11.271116256713867
2002-12-20,11.609354019165039
2002-12-23,11.555532455444336
2002-12-24,11.598591804504395
2002-12-26,11.568988800048828
2002-12-27,11.299878120422363
2002-12-30,11.57167911529541
2002-12-31,11.706233024597168
2003-01-02,12.056073188781738
2003-01-03,12.039929389953613
2003-01-06,12.271363258361816
2003-01-07,12.066838264465332
2003-01-08,11.706233024597168
2003-01-09,12.080296516418457
2003-01-10,12.17448902130127
2003-01-13,12.112588882446289
2003-01-14,12.274057388305664
2003-01-15,12.120665550231934
2003-01-16,12.161025047302246
2003-01-17,11.786966323852539
2003-01-21,11.55822467803955
2003-01-22,11.372541427612305
2003-01-23,11.47748851776123
2003-01-24,11.251445770263672
2003-01-27,10.915054321289062
2003-01-28,11.098050117492676
2003-01-29,11.25951099395752
2003-01-30,11.141108512878418
2003-01-31,11.237982749938965
2003-02-03,11.501712799072266
2003-02-04,11.15725040435791
2003-02-05,11.10342788696289
2003-02-06,10.966184616088867
2003-02-07,10.850467681884766
2003-02-10,10.73744010925293
2003-02-11,10.963496208190918
2003-02-12,10.73744010925293
2003-02-13,10.858538627624512
2003-02-14,11.116884231567383
2003-02-18,11.375229835510254
2003-02-19,11.20569133758545
2003-02-20,10.95542049407959
2003-02-21,11.143798828125
2003-02-24,10.976948738098145
2003-02-25,10.551756858825684
2003-02-26,10.481789588928223
2003-02-27,10.670169830322266
2003-02-28,10.839704513549805
2003-03-03,10.81817626953125
2003-03-04,10.62979793548584
2003-03-05,10.73744010925293
2003-03-06,10.43873119354248
2003-03-07,10.489862442016602
2003-03-10,10.131946563720703
2003-03-11,10.123872756958008
2003-03-12,9.809014320373535
2003-03-13,10.1373291015625
2003-03-14,10.309557914733887
2003-03-17,10.85584831237793
2003-03-18,10.788575172424316
2003-03-19,10.947348594665527
2003-03-20,10.740134239196777
2003-03-21,11.219147682189941
2003-03-24,10.69438362121582
2003-03-25,10.885454177856445
2003-03-26,10.909671783447266
2003-03-27,10.764352798461914
2003-03-28,10.758971214294434
2003-03-31,10.39029312133789
2003-04-01,10.6432523727417
2003-04-02,11.030773162841797
2003-04-03,10.939276695251465
2003-04-04,11.154561042785645
2003-04-07,11.316027641296387
2003-04-08,11.256824493408203
2003-04-09,11.329480171203613
2003-04-10,11.246061325073242
2003-04-11,11.26220417022705
2003-04-14,11.43443489074707
2003-04-15,11.628193855285645
2003-04-16,11.544769287109375
2003-04-17,11.741217613220215
2003-04-21,11.773509979248047
2003-04-22,12.17717170715332
2003-04-23,12.204086303710938
2003-04-24,12.042621612548828
2003-04-25,11.870393753051758
2003-04-28,12.109898567199707
2003-04-29,12.185247421264648
2003-04-30,12.222922325134277
2003-05-01,12.244455337524414
2003-05-02,12.352096557617188
2003-05-05,12.575456619262695
2003-05-06,12.88762092590332
2003-05-07,12.656184196472168
2003-05-08,12.352096557617188
2003-05-09,12.672335624694824
2003-05-12,12.688481330871582
2003-05-13,12.669642448425293
2003-05-14,12.621203422546387
2003-05-15,12.675023078918457
2003-05-16,12.938752174377441
2003-05-19,12.405920028686523
2003-05-20,12.51356315612793
2003-05-21,12.397844314575195
2003-05-22,12.648112297058105
2003-05-23,12.718084335327148
2003-05-27,12.809578895568848
2003-05-28,12.890312194824219
2003-05-29,12.968354225158691
2003-05-30,13.140583992004395
2003-06-02,13.135198593139648
2003-06-03,13.159425735473633
2003-06-04,13.345109939575195
2003-06-05,13.388160705566406
2003-06-06,13.293980598449707
2003-06-09,13.347799301147461
2003-06-10,13.455439567565918
2003-06-11,13.818742752075195
2003-06-12,13.789137840270996
2003-06-13,13.711094856262207
2003-06-16,14.047483444213867
2003-06-17,13.929076194763184
2003-06-18,13.818742752075195
2003-06-19,13.649199485778809
2003-06-20,13.789137840270996
2003-06-23,13.452751159667969
2003-06-24,13.32088851928711
2003-06-25,13.277825355529785
2003-06-26,13.250920295715332
2003-06-27,13.253607749938965
2003-06-30,13.186331748962402
2003-07-01,13.213238716125488
2003-07-02,13.380090713500977
2003-07-03,13.267064094543457
2003-07-07,13.415077209472656
2003-07-08,13.463512420654297
2003-07-09,13.450058937072754
2003-07-10,13.30205249786377
2003-07-11,13.23208236694336
2003-07-14,13.417766571044922
2003-07-15,13.315505981445312
2003-07-16,13.280521392822266
2003-07-17,13.051779747009277
2003-07-18,13.433907508850098
2003-07-21,13.17287826538086
2003-07-22,13.32088851928711
2003-07-23,13.412383079528809
2003-07-24,13.428532600402832
2003-07-25,13.657270431518555
2003-07-28,13.657270431518555
2003-07-29,13.520026206970215
2003-07-30,13.50926399230957
2003-07-31,13.428532600402832
2003-08-01,13.452751159667969
2003-08-04,13.466207504272461
2003-08-05,13.323577880859375
2003-08-06,13.242846488952637
2003-08-07,13.347799301147461
2003-08-08,13.372015953063965
2003-08-11,13.455439567565918
2003-08-12,13.495806694030762
2003-08-13,13.441985130310059
2003-08-14,13.657270431518555
2003-08-15,13.522717475891113
2003-08-18,13.64651107788086
2003-08-19,13.603449821472168
2003-08-20,13.643817901611328
2003-08-21,13.587307929992676
2003-08-22,13.563087463378906
2003-08-25,13.50926399230957
2003-08-26,13.38547134399414
2003-08-27,13.452751159667969
2003-08-28,13.522717475891113
2003-08-29,13.5146484375
2003-09-02,13.72186279296875
2003-09-03,13.638437271118164
2003-09-04,13.872557640075684
2003-09-05,13.832192420959473
2003-09-08,14.095918655395508
2003-09-09,14.0232572555542
2003-09-10,13.818742752075195
2003-09-11,13.92637825012207
2003-09-12,13.818742752075195
2003-09-15,14.004426956176758
2003-09-16,13.969441413879395
2003-09-17,14.020567893981934
2003-09-18,14.260082244873047
2003-09-19,14.257384300231934
2003-09-22,13.990971565246582
2003-09-23,13.964056015014648
2003-09-24,13.735315322875977
2003-09-25,13.670733451843262
2003-09-26,13.608833312988281
2003-09-29,13.738006591796875
2003-09-30,13.600757598876953
2003-10-01,13.875252723693848
2003-10-02,13.7810640335083
2003-10-03,14.017881393432617
2003-10-06,14.168580055236816
2003-10-07,14.208948135375977
2003-10-08,14.273534774780273
2003-10-09,14.365026473999023
2003-10-10,14.475361824035645
2003-10-13,14.502275466918945
2003-10-14,14.609912872314453
2003-10-15,14.397322654724121
2003-10-16,14.46459674835205
2003-10-17,14.397322654724121
2003-10-20,14.529187202453613
2003-10-21,14.480751991271973
2003-10-22,14.421541213989258
2003-10-23,14.25200366973877
2003-10-24,14.343500137329102
2003-10-27,14.262772560119629
2003-10-28,14.596463203430176
2003-10-29,14.491514205932617
2003-10-30,14.599148750305176
2003-10-31,14.518416404724121
2003-11-03,14.682578086853027
2003-11-04,14.626063346862793
2003-11-05,14.583005905151367
2003-11-06,14.63952350616455
2003-11-07,14.852118492126465
2003-11-10,14.601844787597656
2003-11-11,14.663741111755371
2003-11-12,14.935543060302734
2003-11-13,15.016277313232422
2003-11-14,14.989360809326172
2003-11-17,14.76061725616455
2003-11-18,14.86825942993164
2003-11-19,14.911317825317383
2003-11-20,14.669122695922852
2003-11-21,14.93823528289795
2003-11-24,15.078174591064453
2003-11-25,15.032417297363281
2003-11-26,15.266542434692383
2003-11-28,15.3526611328125
2003-12-01,15.500669479370117
2003-12-02,15.635220527648926
2003-12-03,15.807453155517578
2003-12-04,15.807453155517578
2003-12-05,15.621763229370117
2003-12-08,15.823596954345703
2003-12-09,15.78054428100586
2003-12-10,15.68904972076416
2003-12-11,15.877422332763672
2003-12-12,15.942007064819336
2003-12-15,15.850508689880371
2003-12-16,16.16139030456543
2003-12-17,16.083194732666016
2003-12-18,16.350128173828125
2003-12-19,16.188352584838867
2003-12-22,16.224149703979492
2003-12-23,16.215951919555664
2003-12-24,16.390810012817383
2003-12-26,16.322505950927734
2003-12-29,16.595735549926758
2003-12-30,16.489171981811523
2003-12-31,16.735078811645508
2004-01-02,16.852563858032227
2004-01-05,17.18589973449707
2004-01-06,17.292455673217773
2004-01-07,16.980979919433594
2004-01-08,17.39081573486328
2004-01-09,17.26513671875
2004-01-12,17.254207611083984
2004-01-13,17.14217758178711
2004-01-14,17.3006534576416
2004-01-15,17.213220596313477
2004-01-16,17.062944412231445
2004-01-20,17.295188903808594
2004-01-21,17.60939598083496
2004-01-22,17.636716842651367
2004-01-23,17.37715721130371
2004-01-26,17.4290714263916
2004-01-27,17.50011444091797
2004-01-28,17.065683364868164
2004-01-29,17.14217758178711
2004-01-30,17.076610565185547
2004-02-02,17.035629272460938
2004-02-03,17.076610565185547
2004-02-04,16.961851119995117
2004-02-05,17.008302688598633
2004-02-06,17.355302810668945
2004-02-09,17.50830841064453
2004-02-10,17.573875427246094
2004-02-11,17.852567672729492
2004-02-12,17.77060317993164
2004-02-13,17.538358688354492
2004-02-17,17.91814613342285
2004-02-18,17.664045333862305
2004-02-19,17.6940975189209
2004-02-20,17.486446380615234
2004-02-23,17.472782135009766
2004-02-24,17.459125518798828
2004-02-25,17.31977653503418
2004-02-26,17.26786231994629
2004-02-27,17.363496780395508
2004-03-01,17.535629272460938
2004-03-02,17.20229148864746
2004-03-03,17.128522872924805
2004-03-04,17.295188903808594
2004-03-05,17.56295394897461
2004-03-08,17.519235610961914
2004-03-09,17.254207611083984
2004-03-10,16.939998626708984
2004-03-11,16.685894012451172
2004-03-12,16.691362380981445
2004-03-15,16.17223358154297
2004-03-16,16.27332878112793
2004-03-17,16.61212921142578
2004-03-18,16.557479858398438
2004-03-19,16.196819305419922
2004-03-22,16.02195930480957
2004-03-23,16.05474281311035
2004-03-24,15.920860290527344
2004-03-25,16.240537643432617
2004-03-26,16.153106689453125
2004-03-29,16.40993309020996
2004-03-30,16.486440658569336
2004-03-31,16.628520965576172
2004-04-01,16.814313888549805
2004-04-02,16.899009704589844
2004-04-05,16.847097396850586
2004-04-06,16.800647735595703
2004-04-07,16.814313888549805
2004-04-08,16.721410751342773
2004-04-12,16.748735427856445
2004-04-13,16.543819427490234
2004-04-14,16.47551155090332
2004-04-15,16.478246688842773
2004-04-16,16.598466873168945
2004-04-19,16.699556350708008
2004-04-20,16.415403366088867
2004-04-21,16.412670135498047
2004-04-22,16.63945198059082
2004-04-23,16.606660842895508
2004-04-26,16.595735549926758
2004-04-27,16.666767120361328
2004-04-28,16.377151489257812
2004-04-29,16.205020904541016
2004-04-30,16.18589210510254
2004-05-03,16.314306259155273
2004-05-04,16.48097038269043
2004-05-05,16.71321678161621
2004-05-06,16.40447425842285
2004-05-07,15.879876136779785
2004-05-10,15.724141120910645
2004-05-11,15.751465797424316
2004-05-12,15.776055335998535
2004-05-13,15.62851619720459
2004-05-14,15.63943862915039
2004-05-17,15.584793090820312
2004-05-18,15.633975982666016
2004-05-19,15.847095489501953
2004-05-20,15.849822044372559
2004-05-21,15.78425121307373
2004-05-24,16.002832412719727
2004-05-25,16.284252166748047
2004-05-26,16.297910690307617
2004-05-27,16.606660842895508
2004-05-28,16.557479858398438
2004-06-01,16.418132781982422
2004-06-02,16.557479858398438
2004-06-03,16.5301570892334
2004-06-04,16.76240348815918
2004-06-07,17.09027099609375
2004-06-08,16.92633056640625
2004-06-09,16.541091918945312
2004-06-10,16.72688102722168
2004-06-14,16.36349105834961
2004-06-15,16.666767120361328
2004-06-16,16.568410873413086
2004-06-17,16.6585750579834
2004-06-18,16.822505950927734
2004-06-21,16.748735427856445
2004-06-22,16.707752227783203
2004-06-23,16.80885124206543
2004-06-24,16.909944534301758
2004-06-25,16.756933212280273
2004-06-28,16.991901397705078
2004-06-29,16.88534927368164
2004-06-30,17.131256103515625
2004-07-01,16.8580265045166
2004-07-02,17.032901763916016
2004-07-06,16.88534927368164
2004-07-07,16.961851119995117
2004-07-08,16.89627456665039
2004-07-09,16.94546127319336
2004-07-12,16.96731948852539
2004-07-13,16.882619857788086
2004-07-14,16.76240348815918
2004-07-15,16.598466873168945
2004-07-16,16.63945198059082
2004-07-19,16.598466873168945
2004-07-20,16.573869705200195
2004-07-21,16.327970504760742
2004-07-22,16.385345458984375
2004-07-23,15.96184253692627
2004-07-26,16.00829315185547
2004-07-27,16.158567428588867
2004-07-28,16.147642135620117
2004-07-29,16.25693130493164
2004-07-30,16.25693130493164
2004-08-02,16.270591735839844
2004-08-03,16.199552536010742
2004-08-04,16.177690505981445
2004-08-05,15.994634628295898
2004-08-06,15.9837064743042
2004-08-09,15.939988136291504
2004-08-10,16.144906997680664
2004-08-11,15.91539478302002
2004-08-12,15.710478782653809
2004-08-13,15.888075828552246
2004-08-16,16.174970626831055
2004-08-17,16.144906997680664
2004-08-18,16.300647735595703
2004-08-19,16.267860412597656
2004-08-20,16.336166381835938
2004-08-23,16.1011905670166
2004-08-24,16.117586135864258
2004-08-25,16.281524658203125
2004-08-26,16.246004104614258
2004-08-27,16.270591735839844
2004-08-30,16.188621520996094
2004-08-31,16.352558135986328
2004-09-01,16.420869827270508
2004-09-02,16.63945198059082
2004-09-03,16.546552658081055
2004-09-07,16.609392166137695
2004-09-08,16.625782012939453
2004-09-09,16.71868133544922
2004-09-10,16.899009704589844
2004-09-13,16.9509220123291
2004-09-14,16.991901397705078
2004-09-15,16.76240348815918
2004-09-16,16.830705642700195
2004-09-17,16.923599243164062
2004-09-20,16.789722442626953
2004-09-21,17.213220596313477
2004-09-22,16.89627456665039
2004-09-23,16.817047119140625
2004-09-24,16.800647735595703
2004-09-27,16.699556350708008
2004-09-28,16.978246688842773
2004-09-29,17.046554565429688
2004-09-30,17.019235610961914
2004-10-01,17.360767364501953
2004-10-04,17.33344078063965
2004-10-05,17.415407180786133
2004-10-06,17.486446380615234
2004-10-07,17.33070945739746
2004-10-08,17.415407180786133
2004-10-11,17.47005271911621
2004-10-12,17.254207611083984
2004-10-13,17.144908905029297
2004-10-14,17.021963119506836
2004-10-15,17.374431610107422
2004-10-18,17.420873641967773
2004-10-19,17.415407180786133
2004-10-20,17.480987548828125
2004-10-21,17.579343795776367
2004-10-22,17.552019119262695
2004-10-25,17.546554565429688
2004-10-26,17.606666564941406
2004-10-27,17.759672164916992
2004-10-28,17.937271118164062
2004-10-29,17.991914749145508
2004-11-01,17.994646072387695
2004-11-02,18.00010871887207
2004-11-03,18.23235321044922
2004-11-04,18.590274810791016
2004-11-05,18.688640594482422
2004-11-08,18.576618194580078
2004-11-09,18.549297332763672
2004-11-10,18.55202865600586
2004-11-11,18.86350440979004
2004-11-12,19.041101455688477
2004-11-15,18.84984588623047
2004-11-16,18.715959548950195
2004-11-17,18.989185333251953
2004-11-18,18.975522994995117
2004-11-19,18.90448760986328
2004-11-22,18.95366859436035
2004-11-23,18.95913314819336
2004-11-24,19.095752716064453
2004-11-26,19.303396224975586
2004-11-29,19.36897087097168
2004-11-30,19.2296199798584
2004-12-01,19.549299240112305
2004-12-02,19.45093536376953
2004-12-03,19.549299240112305
2004-12-06,19.576623916625977
2004-12-07,19.519245147705078
2004-12-08,19.508317947387695
2004-12-09,19.470064163208008
2004-12-10,19.276081085205078
2004-12-13,19.63126564025879
2004-12-14,19.655860900878906
2004-12-15,19.765148162841797
2004-12-16,19.478260040283203
2004-12-17,19.36897087097168
2004-12-20,19.60394859313965
2004-12-21,19.67225456237793
2004-12-22,19.806127548217773
2004-12-23,20.028423309326172
2004-12-27,20.23708152770996
2004-12-28,20.278810501098633
2004-12-29,20.22317886352539
2004-12-30,20.264907836914062
2004-12-31,20.198143005371094
2005-01-03,20.11188316345215
2005-01-04,19.80585479736328
2005-01-05,19.683446884155273
2005-01-06,19.739086151123047
2005-01-07,19.519306182861328
2005-01-10,19.597198486328125
2005-01-11,19.452529907226562
2005-01-12,19.736303329467773
2005-01-13,19.53042984008789
2005-01-14,19.558250427246094
2005-01-18,19.6278018951416
2005-01-19,19.338462829589844
2005-01-20,19.263341903686523
2005-01-21,19.32177734375
2005-01-24,19.416358947753906
2005-01-25,19.43305206298828
2005-01-26,19.638931274414062
2005-01-27,19.680660247802734
2005-01-28,19.652841567993164
2005-01-31,19.75299644470215
2005-02-01,19.96165657043457
2005-02-02,20.00060272216797
2005-02-03,19.811416625976562
2005-02-04,19.95052719116211
2005-02-07,19.80585479736328
2005-02-08,19.81698226928711
2005-02-09,19.780824661254883
2005-02-10,19.96165657043457
2005-02-11,20.14249038696289
2005-02-14,20.27602767944336
2005-02-15,20.392879486083984
2005-02-16,20.365060806274414
2005-02-17,20.448528289794922
2005-02-18,20.476341247558594
2005-02-22,20.3734073638916
2005-02-23,20.420700073242188
2005-02-24,20.504165649414062
2005-02-25,20.754560470581055
2005-02-28,20.612668991088867
2005-03-01,20.696136474609375
2005-03-02,20.43739128112793
2005-03-03,20.537548065185547
2005-03-04,20.90757179260254
2005-03-07,20.879756927490234
2005-03-08,20.974340438842773
2005-03-09,20.83523941040039
2005-03-10,20.8380184173584
2005-03-11,20.810197830200195
2005-03-14,20.86305046081543
2005-03-15,20.671091079711914
2005-03-16,20.648839950561523
2005-03-17,20.615449905395508
2005-03-18,20.5180721282959
2005-03-21,20.390092849731445
2005-03-22,20.042341232299805
2005-03-23,20.05624008178711
2005-03-24,20.114667892456055
2005-03-28,20.100757598876953
2005-03-29,19.86427879333496
2005-03-30,20.17030906677246
2005-03-31,20.114667892456055
2005-04-01,19.93661117553711
2005-04-04,20.00060272216797
2005-04-05,20.100757598876953
2005-04-06,20.128582000732422
2005-04-07,20.28159523010254
2005-04-08,20.267684936523438
2005-04-11,20.420700073242188
2005-04-12,20.456871032714844
2005-04-13,20.159183502197266
2005-04-14,20.03120994567871
2005-04-15,19.675098419189453
2005-04-18,19.669536590576172
2005-04-19,19.780824661254883
2005-04-20,19.474777221679688
2005-04-21,19.933834075927734
2005-04-22,19.644495010375977
2005-04-25,19.889320373535156
2005-04-26,19.65005874633789
2005-04-27,19.502605438232422
2005-04-28,19.165969848632812
2005-04-29,19.419143676757812
2005-05-02,19.527645111083984
2005-05-03,19.555465698242188
2005-05-04,19.739086151123047
2005-05-05,19.794727325439453
2005-05-06,19.725177764892578
2005-05-09,19.808637619018555
2005-05-10,19.53042984008789
2005-05-11,19.633363723754883
2005-05-12,19.377412796020508
2005-05-13,19.316204071044922
2005-05-16,19.4942569732666
2005-05-17,19.519306182861328
2005-05-18,19.750213623046875
2005-05-19,19.772472381591797
2005-05-20,19.739086151123047
2005-05-23,19.825326919555664
2005-05-24,19.808637619018555
2005-05-25,19.783599853515625
2005-05-26,19.85036849975586
2005-05-27,19.894880294799805
2005-05-31,19.505388259887695
2005-06-01,19.549896240234375
2005-06-02,19.814207077026367
2005-06-03,19.48870086669922
2005-06-06,19.597198486328125
2005-06-07,19.661184310913086
2005-06-08,19.599973678588867
2005-06-09,19.6278018951416
2005-06-10,19.613893508911133
2005-06-13,19.602764129638672
2005-06-14,19.480348587036133
2005-06-15,19.669536590576172
2005-06-16,19.6278018951416
2005-06-17,20.03120994567871
2005-06-20,19.8002872467041
2005-06-21,19.889320373535156
2005-06-22,19.92826271057129
2005-06-23,19.63614845275879
2005-06-24,19.574939727783203
2005-06-27,19.63614845275879
2005-06-28,19.70013427734375
2005-06-29,19.769689559936523
2005-06-30,19.791948318481445
2005-07-01,19.766902923583984
2005-07-05,19.739086151123047
2005-07-06,19.71961212158203
2005-07-07,19.70013427734375
2005-07-08,19.892099380493164
2005-07-11,20.11188316345215
2005-07-12,20.417922973632812
2005-07-13,20.23151969909668
2005-07-14,20.370620727539062
2005-07-15,20.298290252685547
2005-07-18,20.31220054626465
2005-07-19,20.523643493652344
2005-07-20,20.72673225402832
2005-07-21,20.61823272705078
2005-07-22,20.531986236572266
2005-07-25,20.445737838745117
2005-07-26,20.404003143310547
2005-07-27,20.621015548706055
2005-07-28,20.871400833129883
2005-07-29,20.693347930908203
2005-08-01,20.90479278564453
2005-08-02,21.074501037597656
2005-08-03,21.263683319091797
2005-08-04,21.063364028930664
2005-08-05,20.996597290039062
2005-08-08,20.98546600341797
2005-08-09,21.28314971923828
2005-08-10,21.35271453857422
2005-08-11,21.617006301879883
2005-08-12,21.394439697265625
2005-08-15,21.35548973083496
2005-08-16,21.060583114624023
2005-08-17,20.957653045654297
2005-08-18,20.76011848449707
2005-08-19,20.854713439941406
2005-08-22,21.013290405273438
2005-08-23,20.86305046081543
2005-08-24,20.810197830200195
2005-08-25,20.81854820251465
2005-08-26,20.61823272705078
2005-08-29,20.698911666870117
2005-08-30,20.59041404724121
2005-08-31,21.03276252746582
2005-09-01,21.299842834472656
2005-09-02,21.349925994873047
2005-09-06,21.64483642578125
2005-09-07,21.617006301879883
2005-09-08,21.51963233947754
2005-09-09,21.692127227783203
2005-09-12,21.416702270507812
2005-09-13,21.22472381591797
2005-09-14,21.25533676147461
2005-09-15,21.1579647064209
2005-09-16,21.489028930664062
2005-09-19,21.171876907348633
2005-09-20,21.08283805847168
2005-09-21,21.04111099243164
2005-09-22,21.07171630859375
2005-09-23,20.963218688964844
2005-09-26,21.202476501464844
2005-09-27,21.13570213317871
2005-09-28,21.33601951599121
2005-09-29,21.553022384643555
2005-09-30,21.400009155273438
2005-10-03,21.29706382751465
2005-10-04,21.2386474609375
2005-10-05,21.11066246032715
2005-10-06,21.166316986083984
2005-10-07,21.266469955444336
2005-10-10,21.1440486907959
2005-10-11,21.02998924255371
2005-10-12,20.915924072265625
2005-10-13,20.76846694946289
2005-10-14,21.01885986328125
2005-10-17,20.893657684326172
2005-10-18,20.562589645385742
2005-10-19,20.68501091003418
2005-10-20,20.203699111938477
2005-10-21,20.267684936523438
2005-10-24,20.643272399902344
2005-10-25,20.495820999145508
2005-10-26,20.53476905822754
2005-10-27,20.34836769104004
2005-10-28,20.515291213989258
2005-10-31,20.593189239501953
2005-11-01,20.629362106323242
2005-11-02,20.879756927490234
2005-11-03,20.810197830200195
2005-11-04,20.615449905395508
2005-11-07,20.643272399902344
2005-11-08,20.587623596191406
2005-11-09,20.615449905395508
2005-11-10,20.615449905395508
2005-11-11,20.72673225402832
2005-11-14,20.676654815673828
2005-11-15,20.65996742248535
2005-11-16,20.543119430541992
2005-11-17,20.84636878967285
2005-11-18,20.963218688964844
2005-11-21,20.99102783203125
2005-11-22,21.166316986083984
2005-11-23,21.22751808166504
2005-11-25,21.060583114624023
2005-11-28,21.08841323852539
2005-11-29,21.13014030456543
2005-11-30,20.9715576171875
2005-12-01,21.305418014526367
2005-12-02,21.33879852294922
2005-12-05,21.380525588989258
2005-12-06,21.436176300048828
2005-12-07,21.28314971923828
2005-12-08,21.422260284423828
2005-12-09,21.472341537475586
2005-12-12,21.783937454223633
2005-12-13,21.914695739746094
2005-12-14,21.964773178100586
2005-12-15,21.847925186157227
2005-12-16,22.039892196655273
2005-12-19,21.992595672607422
2005-12-20,21.84514045715332
2005-12-21,21.936948776245117
2005-12-22,22.06772232055664
2005-12-23,22.104778289794922
2005-12-27,22.02556037902832
2005-12-28,22.082141876220703
2005-12-29,22.121753692626953
2005-12-30,21.968969345092773
2006-01-03,22.747013092041016
2006-01-04,23.024280548095703
2006-01-05,22.91676139831543
2006-01-06,23.168567657470703
2006-01-09,23.052566528320312
2006-01-10,22.913928985595703
2006-01-11,23.17140007019043
2006-01-12,22.868667602539062
2006-01-13,22.979001998901367
2006-01-17,22.846033096313477
2006-01-18,22.656478881835938
2006-01-19,22.786617279052734
2006-01-20,22.39336395263672
2006-01-23,22.77530288696289
2006-01-24,22.817737579345703
2006-01-25,22.987499237060547
2006-01-26,23.32699966430664
2006-01-27,23.31285858154297
2006-01-30,23.35247039794922
2006-01-31,23.44866371154785
2006-02-01,23.570316314697266
2006-02-02,23.290225982666016
2006-02-03,23.213834762573242
2006-02-06,23.143108367919922
2006-02-07,23.024280548095703
2006-02-08,23.145931243896484
2006-02-09,23.304370880126953
2006-02-10,23.21949005126953
2006-02-13,23.239295959472656
2006-02-14,23.397729873657227
2006-02-15,23.26192855834961
2006-02-16,23.45431900024414
2006-02-17,23.592952728271484
2006-02-21,23.567489624023438
2006-02-22,23.822118759155273
2006-02-23,23.793827056884766
2006-02-24,23.793827056884766
2006-02-27,23.836267471313477
2006-02-28,23.618423461914062
2006-03-01,23.850412368774414
2006-03-02,23.839092254638672
2006-03-03,23.776844024658203
2006-03-06,23.66651153564453
2006-03-07,23.40340232849121
2006-03-08,23.426029205322266
2006-03-09,23.43168067932129
2006-03-10,23.793827056884766
2006-03-13,23.99470329284668
2006-03-14,24.269136428833008
2006-03-15,24.44455337524414
2006-03-16,24.60015869140625
2006-03-17,24.676544189453125
2006-03-20,24.651077270507812
2006-03-21,24.492643356323242
2006-03-22,24.665231704711914
2006-03-23,24.387964248657227
2006-03-24,24.557720184326172
2006-03-27,24.359670639038086
2006-03-28,24.1757755279541
2006-03-29,24.430404663085938
2006-03-30,24.758596420288086
2006-03-31,24.656747817993164
2006-04-03,24.854782104492188
2006-04-04,25.129230499267578
2006-04-05,25.290496826171875
2006-04-06,25.129230499267578
2006-04-07,24.60015869140625
2006-04-10,24.656747817993164
2006-04-11,24.390792846679688
2006-04-12,24.31723976135254
2006-04-13,24.3370361328125
2006-04-17,24.495481491088867
2006-04-18,24.89156723022461
2006-04-19,25.177318572998047
2006-04-20,25.307464599609375
2006-04-21,25.43478775024414
2006-04-24,25.576234817504883
2006-04-25,25.61018943786621
2006-04-26,25.745990753173828
2006-04-27,25.830869674682617
2006-04-28,25.760147094726562
2006-05-01,25.6780948638916
2006-05-02,26.0628604888916
2006-05-03,25.859163284301758
2006-05-04,26.139259338378906
2006-05-05,26.46744728088379
2006-05-08,26.475936889648438
2006-05-09,26.560810089111328
2006-05-10,26.608911514282227
2006-05-11,26.354276657104492
2006-05-12,25.989309310913086
2006-05-15,25.553607940673828
2006-05-16,25.58755874633789
2006-05-17,24.66805648803711
2006-05-18,24.634105682373047
2006-05-19,24.79254150390625
2006-05-22,24.29743003845215
2006-05-23,24.481325149536133
2006-05-24,24.33138084411621
2006-05-25,24.769895553588867
2006-05-26,24.999080657958984
2006-05-30,24.61429786682129
2006-05-31,24.843469619750977
2006-06-01,25.050004959106445
2006-06-02,25.287662506103516
2006-06-05,24.741619110107422
2006-06-06,24.379474639892578
2006-06-07,24.155963897705078
2006-06-08,23.660850524902344
2006-06-09,23.496761322021484
2006-06-12,23.239295959472656
2006-06-13,22.597064971923828
2006-06-14,22.902620315551758
2006-06-15,23.68914794921875
2006-06-16,23.482606887817383
2006-06-19,23.355295181274414
2006-06-20,23.573143005371094
2006-06-21,23.991878509521484
2006-06-22,23.844751358032227
2006-06-23,23.740074157714844
2006-06-26,24.020160675048828
2006-06-27,23.510902404785156
2006-06-28,23.734411239624023
2006-06-29,24.57187271118164
2006-06-30,24.914194107055664
2006-07-03,25.199951171875
2006-07-05,24.798202514648438
2006-07-06,24.996244430541992
2006-07-07,24.840646743774414
2006-07-10,24.990585327148438
2006-07-11,24.953807830810547
2006-07-12,24.535091400146484
2006-07-13,24.09089469909668
2006-07-14,23.938108444213867
2006-07-17,23.558998107910156
2006-07-18,23.482606887817383
2006-07-19,24.21820640563965
2006-07-20,24.116357803344727
2006-07-21,24.099382400512695
2006-07-24,24.5294246673584
2006-07-25,24.557720184326172
2006-07-26,24.72180938720703
2006-07-27,24.7840576171875
2006-07-28,25.27068328857422
2006-07-31,25.211271286010742
2006-08-01,25.07263946533203
2006-08-02,25.34990119934082
2006-08-03,25.276338577270508
2006-08-04,25.381023406982422
2006-08-07,25.27916717529297
2006-08-08,25.157514572143555
2006-08-09,25.276338577270508
2006-08-10,25.236736297607422
2006-08-11,25.00473403930664
2006-08-14,25.115074157714844
2006-08-15,25.751651763916016
2006-08-16,26.02891731262207
2006-08-17,25.983652114868164
2006-08-18,26.077016830444336
2006-08-21,26.02891731262207
2006-08-22,25.845016479492188
2006-08-23,25.754486083984375
2006-08-24,25.83936309814453
2006-08-25,25.80257797241211
2006-08-28,26.08550262451172
2006-08-29,26.184524536132812
2006-08-30,26.226961135864258
2006-08-31,26.190185546875
2006-09-01,26.362762451171875
2006-09-05,26.328815460205078
2006-09-06,25.91574478149414
2006-09-07,25.646968841552734
2006-09-08,25.632822036743164
2006-09-11,25.646968841552734
2006-09-12,25.972332000732422
2006-09-13,26.034568786621094
2006-09-14,26.07135581970215
2006-09-15,25.969512939453125
2006-09-18,26.099639892578125
2006-09-19,25.828039169311523
2006-09-20,26.226961135864258
2006-09-21,26.317502975463867
2006-09-22,26.243938446044922
2006-09-25,26.388225555419922
2006-09-26,26.47027587890625
2006-09-27,26.580612182617188
2006-09-28,26.699443817138672
2006-09-29,26.64851951599121
2006-10-02,26.625886917114258
2006-10-03,26.65700340270996
2006-10-04,26.96539306640625
2006-10-05,26.988018035888672
2006-10-06,26.74754524230957
2006-10-09,26.78998374938965
2006-10-10,26.798473358154297
2006-10-11,26.75885581970215
2006-10-12,27.089879989624023
2006-10-13,26.985204696655273
2006-10-16,27.04743766784668
2006-10-17,26.86071014404297
2006-10-18,26.92012596130371
2006-10-19,27.15494728088379
2006-10-20,27.2766056060791
2006-10-23,27.44353675842285
2006-10-24,27.245485305786133
2006-10-25,27.485971450805664
2006-10-26,27.698163986206055
2006-10-27,27.446361541748047
2006-10-30,27.483135223388672
2006-10-31,27.556697845458984
2006-11-01,27.641576766967773
2006-11-02,27.514265060424805
2006-11-03,27.505775451660156
2006-11-06,27.97825813293457
2006-11-07,28.099910736083984
2006-11-08,28.1564884185791
2006-11-09,28.136690139770508
2006-11-10,28.303619384765625
2006-11-13,28.26118278503418
2006-11-14,28.43941879272461
2006-11-15,28.532791137695312
2006-11-16,28.447904586791992
2006-11-17,28.46205711364746
2006-11-20,28.303619384765625
2006-11-21,28.575231552124023
2006-11-22,28.815710067749023
2006-11-24,28.68840217590332
2006-11-27,28.309282302856445
2006-11-28,28.518648147583008
2006-11-29,28.773277282714844
2006-11-30,28.82986068725586
2006-12-01,28.67424964904785
2006-12-04,28.841175079345703
2006-12-05,29.10994529724121
2006-12-06,28.971323013305664
2006-12-07,29.112783432006836
2006-12-08,29.03639030456543
2006-12-11,29.28536033630371
2006-12-12,29.33063507080078
2006-12-13,29.52301597595215
2006-12-14,29.542823791503906
2006-12-15,29.404190063476562
2006-12-18,29.435312271118164
2006-12-19,29.60222816467285
2006-12-20,29.522165298461914
2006-12-21,29.504898071289062
2006-12-22,29.234142303466797
2006-12-26,29.277353286743164
2006-12-27,29.671939849853516
2006-12-28,29.720901489257812
2006-12-29,29.766979217529297
2007-01-03,29.925395965576172
2007-01-04,29.810192108154297
2007-01-05,29.45016098022461
2007-01-08,29.493370056152344
2007-01-09,29.432880401611328
2007-01-10,29.19094467163086
2007-01-11,29.3839168548584
2007-01-12,29.692102432250977
2007-01-16,29.594175338745117
2007-01-17,29.522165298461914
2007-01-18,29.430002212524414
2007-01-19,29.82747459411621
2007-01-22,29.576894760131836
2007-01-23,29.81307029724121
2007-01-24,29.980121612548828
2007-01-25,29.55097198486328
2007-01-26,29.634489059448242
2007-01-29,29.70937156677246
2007-01-30,29.994516372680664
2007-01-31,30.199020385742188
2007-02-01,30.371828079223633
2007-02-02,30.279659271240234
2007-02-05,30.175981521606445
2007-02-06,30.317110061645508
2007-02-07,30.547517776489258
2007-02-08,30.51584243774414
2007-02-09,30.299819946289062
2007-02-12,29.974369049072266
2007-02-13,30.53600311279297
2007-02-14,30.919071197509766
2007-02-15,30.985315322875977
2007-02-16,30.970922470092773
2007-02-20,31.094762802124023
2007-02-21,30.927711486816406
2007-02-22,30.991077423095703
2007-02-23,31.05156135559082
2007-02-26,31.135082244873047
2007-02-27,29.398305892944336
2007-02-28,29.925395965576172
2007-03-01,29.3839168548584
2007-03-02,29.093029022216797
2007-03-05,28.46513557434082
2007-03-06,29.406963348388672
2007-03-07,29.435754776000977
2007-03-08,29.752578735351562
2007-03-09,29.82747459411621
2007-03-12,29.9311580657959
2007-03-13,29.090145111083984
2007-03-14,29.36952018737793
2007-03-15,29.421367645263672
2007-03-16,29.545209884643555
2007-03-19,30.10973358154297
2007-03-20,30.282550811767578
2007-03-21,31.00547981262207
2007-03-22,30.933469772338867
2007-03-23,31.10628318786621
2007-03-26,31.12932777404785
2007-03-27,30.944990158081055
2007-03-28,30.70305061340332
2007-03-29,30.818260192871094
2007-03-30,31.169645309448242
2007-04-02,31.325185775756836
2007-04-03,31.67368507385254
2007-04-04,31.811931610107422
2007-04-05,32.08267593383789
2007-04-09,31.97034454345703
2007-04-10,32.27276611328125
2007-04-11,32.278526306152344
2007-04-12,32.36781692504883
2007-04-13,32.6039924621582
2007-04-16,33.03314971923828
2007-04-17,32.96402359008789
2007-04-18,32.93522262573242
2007-04-19,32.889137268066406
2007-04-20,33.29524612426758
2007-04-23,33.03602981567383
2007-04-24,33.07633590698242
2007-04-25,33.5198974609375
2007-04-26,33.352840423583984
2007-04-27,33.554466247558594
2007-04-30,33.122440338134766
2007-05-01,33.3643684387207
2007-05-02,33.28083801269531
2007-05-03,33.396053314208984
2007-05-04,33.71000289916992
2007-05-07,33.89145278930664
2007-05-08,33.4709358215332
2007-05-09,33.4853401184082
2007-05-10,32.74224853515625
2007-05-11,33.44213104248047
2007-05-14,33.12818908691406
2007-05-15,33.67544174194336
2007-05-16,33.63798522949219
2007-05-17,33.82807922363281
2007-05-18,34.22266387939453
2007-05-21,33.76759719848633
2007-05-22,33.787757873535156
2007-05-23,34.14202880859375
2007-05-24,33.620704650878906
2007-05-25,33.885677337646484
2007-05-29,33.85111999511719
2007-05-30,33.98937225341797
2007-05-31,34.37532424926758
2007-06-01,34.46461486816406
2007-06-04,34.545257568359375
2007-06-05,34.237064361572266
2007-06-06,33.623592376708984
2007-06-07,32.773921966552734
2007-06-08,33.21747589111328
2007-06-11,33.283714294433594
2007-06-12,32.690406799316406
2007-06-13,33.23187255859375
2007-06-14,33.63798522949219
2007-06-15,34.15354537963867
2007-06-18,34.211151123046875
2007-06-19,34.29179763793945
2007-06-20,33.839599609375
2007-06-21,34.03257751464844
2007-06-22,33.9116096496582
2007-06-25,33.81945037841797
2007-06-26,33.29524612426758
2007-06-27,33.59190368652344
2007-06-28,33.830970764160156
2007-06-29,33.98649597167969
2007-07-02,34.415645599365234
2007-07-03,34.637428283691406
2007-07-05,34.45884704589844
2007-07-06,34.833282470703125
2007-07-09,34.985923767089844
2007-07-10,34.386844635009766
2007-07-11,34.77854919433594
2007-07-12,35.374755859375
2007-07-13,35.39203643798828
2007-07-16,35.28834915161133
2007-07-17,35.426597595214844
2007-07-18,34.985923767089844
2007-07-19,35.06657028198242
2007-07-20,34.692134857177734
2007-07-23,34.8275146484375
2007-07-24,34.16794967651367
2007-07-25,33.96345138549805
2007-07-26,32.52622985839844
2007-07-27,32.385093688964844
2007-07-30,32.95249557495117
2007-07-31,32.917938232421875
2007-08-01,32.857444763183594
2007-08-02,33.180030822753906
2007-08-03,32.64719772338867
2007-08-06,33.14259338378906
2007-08-07,33.168514251708984
2007-08-08,33.95481872558594
2007-08-09,32.51182556152344
2007-08-10,31.967470169067383
2007-08-13,32.157562255859375
2007-08-14,31.783138275146484
2007-08-15,30.993959426879883
2007-08-16,30.573434829711914
2007-08-17,31.30789566040039
2007-08-20,31.270444869995117
2007-08-21,31.293498992919922
2007-08-22,32.40814208984375
2007-08-23,32.06538772583008
2007-08-24,32.77968978881836
2007-08-27,32.50029754638672
2007-08-28,31.705368041992188
2007-08-29,32.6039924621582
2007-08-30,32.364933013916016
2007-08-31,32.909297943115234
2007-09-04,33.122440338134766
2007-09-05,32.63566589355469
2007-09-06,32.76240921020508
2007-09-07,32.39662170410156
2007-09-10,32.20941162109375
2007-09-11,32.704795837402344
2007-09-12,32.77968978881836
2007-09-13,32.98705291748047
2007-09-14,32.83440399169922
2007-09-17,32.431182861328125
2007-09-18,33.813682556152344
2007-09-19,33.992252349853516
2007-09-20,34.10170364379883
2007-09-21,34.34076690673828
2007-09-24,34.205379486083984
2007-09-25,34.23131561279297
2007-09-26,34.40700912475586
2007-09-27,34.69791030883789
2007-09-28,34.82176208496094
2007-10-01,35.27106475830078
2007-10-02,35.092491149902344
2007-10-03,34.893760681152344
2007-10-04,35.069454193115234
2007-10-05,35.34020233154297
2007-10-08,35.00897216796875
2007-10-09,35.44100570678711
2007-10-10,35.36612319946289
2007-10-11,35.58213424682617
2007-10-12,35.7088623046875
2007-10-15,35.39491271972656
2007-10-16,35.167381286621094
2007-10-17,35.51589584350586
2007-10-18,35.6224479675293
2007-10-19,34.96864700317383
2007-10-22,34.80735778808594
2007-10-23,35.40067672729492
2007-10-24,35.273948669433594
2007-10-25,35.60804748535156
2007-10-26,36.12361145019531
2007-10-29,36.221534729003906
2007-10-30,36.143775939941406
2007-10-31,36.54700469970703
2007-11-01,35.65413284301758
2007-11-02,36.103450775146484
2007-11-05,35.72038650512695
2007-11-06,36.2129020690918
2007-11-07,35.72903060913086
2007-11-08,35.87303924560547
2007-11-09,35.17889404296875
2007-11-12,34.74110412597656
2007-11-13,35.51589584350586
2007-11-14,35.33442306518555
2007-11-15,34.80158996582031
2007-11-16,35.10401916503906
2007-11-19,34.30619430541992
2007-11-20,34.9052848815918
2007-11-21,34.320594787597656
2007-11-23,34.98881149291992
2007-11-26,34.317718505859375
2007-11-27,34.735355377197266
2007-11-28,35.818302154541016
2007-11-29,35.47844314575195
2007-11-30,35.533164978027344
2007-12-03,35.43524169921875
2007-12-04,35.337310791015625
2007-12-05,35.593650817871094
2007-12-06,35.97383117675781
2007-12-07,35.982479095458984
2007-12-10,36.42314147949219
2007-12-11,35.426597595214844
2007-12-12,36.181217193603516
2007-12-13,35.596527099609375
2007-12-14,34.71805953979492
2007-12-17,34.00088882446289
2007-12-18,34.42428207397461
2007-12-19,34.13050079345703
2007-12-20,34.27554702758789
2007-12-21,34.90180587768555
2007-12-24,35.15879821777344
2007-12-26,35.27696228027344
2007-12-27,35.20606231689453
2007-12-28,35.62553787231445
2007-12-31,35.2474250793457
2008-01-02,35.10562515258789
2008-01-03,35.15879821777344
2008-01-04,34.41143035888672
2008-01-07,34.51482391357422
2008-01-08,34.18693161010742
2008-01-09,34.378936767578125
2008-01-10,34.423240661621094
2008-01-11,33.84721374511719
2008-01-14,34.46165466308594
2008-01-15,33.3391227722168
2008-01-16,32.65379333496094
2008-01-17,32.074806213378906
2008-01-18,31.968454360961914
2008-01-22,30.745485305786133
2008-01-23,30.151716232299805
2008-01-24,31.312667846679688
2008-01-25,30.544605255126953
2008-01-28,31.29492950439453
2008-01-29,31.489900588989258
2008-01-30,31.44264030456543
2008-01-31,31.608064651489258
2008-02-01,32.15160369873047
2008-02-04,31.86801528930664
2008-02-05,30.07196617126465
2008-02-06,30.228534698486328
2008-02-07,30.07196617126465
2008-02-08,29.823833465576172
2008-02-11,29.927223205566406
2008-02-12,30.648006439208984
2008-02-13,31.147239685058594
2008-02-14,30.863643646240234
2008-02-15,30.760251998901367
2008-02-19,31.176782608032227
2008-02-20,31.247676849365234
2008-02-21,31.055660247802734
2008-02-22,31.354021072387695
2008-02-25,31.776439666748047
2008-02-26,32.32588577270508
2008-02-27,32.4765510559082
2008-02-28,32.2579460144043
2008-02-29,31.348112106323242
2008-03-03,31.401275634765625
2008-03-04,30.934545516967773
2008-03-05,31.33924674987793
2008-03-06,31.0261173248291
2008-03-07,30.695276260375977
2008-03-10,30.38510513305664
2008-03-11,31.478086471557617
2008-03-12,31.46626091003418
2008-03-13,31.596254348754883
2008-03-14,30.964088439941406
2008-03-17,30.59483528137207
2008-03-18,31.416057586669922
2008-03-19,30.275794982910156
2008-03-20,30.544605255126953
2008-03-24,31.1885929107666
2008-03-25,31.76759147644043
2008-03-26,31.956636428833008
2008-03-27,31.86210060119629
2008-03-28,31.894603729248047
2008-03-31,32.13978576660156
2008-04-01,33.126426696777344
2008-04-02,33.15301513671875
2008-04-03,33.2032356262207
2008-04-04,33.300724029541016
2008-04-07,33.48977279663086
2008-04-08,33.34207534790039
2008-04-09,33.16483688354492
2008-04-10,33.04372787475586
2008-04-11,32.553348541259766
2008-04-14,32.60061264038086
2008-04-15,32.76604080200195
2008-04-16,33.72314453125
2008-04-17,33.24755096435547
2008-04-18,33.634517669677734
2008-04-21,33.78517532348633
2008-04-22,33.41297912597656
2008-04-23,33.531131744384766
2008-04-24,33.34502410888672
2008-04-25,33.52818298339844
2008-04-28,33.5015983581543
2008-04-29,33.29777526855469
2008-04-30,33.421836853027344
2008-05-01,33.776309967041016
2008-05-02,33.693607330322266
2008-05-05,33.74678039550781
2008-05-06,34.00672912597656
2008-05-07,33.3095817565918
2008-05-08,33.5134162902832
2008-05-09,33.44546127319336
2008-05-12,33.83834457397461
2008-05-13,33.66701889038086
2008-05-14,33.73200607299805
2008-05-15,34.09830093383789
2008-05-16,34.57096481323242
2008-05-19,34.35825729370117
2008-05-20,34.219425201416016
2008-05-21,33.900390625
2008-05-22,34.18693161010742
2008-05-23,33.77336502075195
2008-05-27,33.61975860595703
2008-05-28,33.823585510253906
2008-05-29,33.5606689453125
2008-05-30,33.81768035888672
2008-06-02,33.2180061340332
2008-06-03,33.046669006347656
2008-06-04,32.786720275878906
2008-06-05,33.38638687133789
2008-06-06,32.43815231323242
2008-06-09,32.30816650390625
2008-06-10,31.88869285583496
2008-06-11,31.31561851501465
2008-06-12,31.286075592041016
2008-06-13,31.451496124267578
2008-06-16,31.590333938598633
2008-06-17,31.602163314819336
2008-06-18,31.28902816772461
2008-06-19,31.23290252685547
2008-06-20,30.580060958862305
2008-06-23,30.429407119750977
2008-06-24,30.29647445678711
2008-06-25,30.83027458190918
2008-06-26,30.018705368041992
2008-06-27,30.067705154418945
2008-06-30,30.00951385498047
2008-07-01,29.700204849243164
2008-07-02,29.400074005126953
2008-07-03,29.602205276489258
2008-07-07,29.26226806640625
2008-07-08,29.48276138305664
2008-07-09,29.18570899963379
2008-07-10,29.384763717651367
2008-07-11,28.772260665893555
2008-07-14,28.658954620361328
2008-07-15,28.24857521057129
2008-07-16,28.75082778930664
2008-07-17,29.491962432861328
2008-07-18,29.73084831237793
2008-07-21,29.926828384399414
2008-07-22,29.93602752685547
2008-07-23,29.988082885742188
2008-07-24,29.357208251953125
2008-07-25,29.547077178955078
2008-07-28,29.130584716796875
2008-07-29,29.393943786621094
2008-07-30,29.565452575683594
2008-07-31,29.277572631835938
2008-08-01,28.848817825317383
2008-08-04,28.818206787109375
2008-08-05,29.657333374023438
2008-08-06,29.761459350585938
2008-08-07,29.12445068359375
2008-08-08,29.148950576782227
2008-08-11,29.038692474365234
2008-08-12,28.848817825317383
2008-08-13,28.34044647216797
2008-08-14,28.113821029663086
2008-08-15,27.930076599121094
2008-08-18,27.685073852539062
2008-08-19,27.446205139160156
2008-08-20,27.495203018188477
2008-08-21,27.55644989013672
2008-08-22,27.801448822021484
2008-08-25,27.244077682495117
2008-08-26,27.342073440551758
2008-08-27,27.642200469970703
2008-08-28,28.064828872680664
2008-08-29,28.126073837280273
2008-09-02,27.801448822021484
2008-09-03,27.7830753326416
2008-09-04,26.331443786621094
2008-09-05,26.153823852539062
2008-09-08,26.509071350097656
2008-09-09,25.712814331054688
2008-09-10,25.792444229125977
2008-09-11,25.798568725585938
2008-09-12,26.24570083618164
2008-09-15,25.18606185913086
2008-09-16,25.07581901550293
2008-09-17,24.371444702148438
2008-09-18,25.014568328857422
2008-09-19,26.919452667236328
2008-09-22,26.117067337036133
2008-09-23,25.62706756591797
2008-09-24,25.69444465637207
2008-09-25,26.294702529907227
2008-09-26,26.02519416809082
2008-09-29,23.13418960571289
2008-09-30,24.32856559753418
2008-10-01,24.108068466186523
2008-10-02,22.987186431884766
2008-10-03,22.90144157409668
2008-10-06,21.449806213378906
2008-10-07,20.414684295654297
2008-10-08,19.97980499267578
2008-10-09,18.705799102783203
2008-10-10,18.283174514770508
2008-10-13,20.953678131103516
2008-10-14,20.475936889648438
2008-10-15,18.405672073364258
2008-10-16,19.22642707824707
2008-10-17,18.705799102783203
2008-10-20,19.630678176879883
2008-10-21,18.387304306030273
2008-10-22,16.911169052124023
2008-10-23,17.180673599243164
2008-10-24,16.286413192749023
2008-10-27,15.343167304992676
2008-10-28,17.474672317504883
2008-10-29,17.60329818725586
2008-10-30,18.08104705810547
2008-10-31,18.350549697875977
2008-11-03,18.209671020507812
2008-11-04,20.034931182861328
2008-11-05,18.546550750732422
2008-11-06,17.388925552368164
2008-11-07,18.479171752929688
2008-11-10,18.025928497314453
2008-11-11,17.456300735473633
2008-11-12,16.451791763305664
2008-11-13,18.179044723510742
2008-11-14,17.0398006439209
2008-11-17,16.549793243408203
2008-11-18,16.617170333862305
2008-11-19,15.48404312133789
2008-11-20,14.559167861938477
2008-11-21,15.453418731689453
2008-11-24,16.745800018310547
2008-11-25,17.027549743652344
2008-11-26,17.346050262451172
2008-11-28,16.984670639038086
2008-12-01,15.539168357849121
2008-12-02,16.494670867919922
2008-12-03,16.727415084838867
2008-12-04,16.29254150390625
2008-12-05,16.470170974731445
2008-12-08,17.327669143676758
2008-12-09,17.260299682617188
2008-12-10,17.817672729492188
2008-12-11,17.75029754638672
2008-12-12,17.92792320251465
2008-12-15,18.062671661376953
2008-12-16,19.593931198120117
2008-12-17,19.201927185058594
2008-12-18,18.656795501708984
2008-12-19,18.2893009185791
2008-12-22,18.16067123413086
2008-12-23,18.065855026245117
2008-12-24,18.265480041503906
2008-12-26,18.508766174316406
2008-12-29,18.327857971191406
2008-12-30,19.051490783691406
2008-12-31,19.095163345336914
2009-01-02,19.400833129882812
2009-01-05,19.020296096801758
2009-01-06,19.207448959350586
2009-01-07,18.97663116455078
2009-01-08,19.1201114654541
2009-01-09,18.302907943725586
2009-01-12,17.90365982055664
2009-01-13,17.473220825195312
2009-01-14,16.624826431274414
2009-01-15,16.73087501525879
2009-01-16,16.77454376220703
2009-01-20,15.40213680267334
2009-01-21,16.244300842285156
2009-01-22,15.757719993591309
2009-01-23,15.645426750183105
2009-01-26,16.001005172729492
2009-01-27,16.28172492980957
2009-01-28,16.955455780029297
2009-01-29,16.044673919677734
2009-01-30,15.813861846923828
2009-02-02,15.701570510864258
2009-02-03,16.28172492980957
2009-02-04,16.113290786743164
2009-02-05,16.362821578979492
2009-02-06,16.780778884887695
2009-02-09,16.98664093017578
2009-02-10,16.025957107543945
2009-02-11,16.21934700012207
2009-02-12,16.113290786743164
2009-02-13,15.926148414611816
2009-02-17,14.828225135803223
2009-02-18,14.828225135803223
2009-02-19,14.759604454040527
2009-02-20,14.4788818359375
2009-02-23,13.867538452148438
2009-02-24,14.497601509094238
2009-02-25,14.123302459716797
2009-02-26,14.035971641540527
2009-02-27,13.904967308044434
2009-03-02,13.181341171264648
2009-03-03,13.187572479248047
2009-03-04,13.649201393127441
2009-03-05,12.963000297546387
2009-03-06,12.938048362731934
2009-03-09,12.676045417785645
2009-03-10,13.580581665039062
2009-03-11,13.724061012268066
2009-03-12,14.354119300842285
2009-03-13,14.31045150756836
2009-03-16,14.441452026367188
2009-03-17,14.815746307373047
2009-03-18,15.33975601196289
2009-03-19,15.377185821533203
2009-03-20,15.133894920349121
2009-03-23,16.28172492980957
2009-03-24,15.607995986938477
2009-03-25,16.11953353881836
2009-03-26,16.25677490234375
2009-03-27,15.495706558227539
2009-03-30,14.772082328796387
2009-03-31,15.28361701965332
2009-04-01,15.651662826538086
2009-04-02,16.4064884185791
2009-04-03,16.68097496032715
2009-04-06,16.34410858154297
2009-04-07,15.876239776611328
2009-04-08,16.188154220581055
2009-04-09,16.618587493896484
2009-04-13,16.868122100830078
2009-04-14,16.624826431274414
2009-04-15,16.905546188354492
2009-04-16,17.067747116088867
2009-04-17,17.03031349182129
2009-04-20,16.144485473632812
2009-04-21,16.456401824951172
2009-04-22,16.47511100769043
2009-04-23,16.9492130279541
2009-04-24,17.23617172241211
2009-04-27,16.899307250976562
2009-04-28,16.899307250976562
2009-04-29,17.360939025878906
2009-04-30,17.523128509521484
2009-05-01,17.70403480529785
2009-05-04,18.4588623046875
2009-05-05,18.18437957763672
2009-05-06,18.608579635620117
2009-05-07,18.296669006347656
2009-05-08,19.24488067626953
2009-05-11,18.639760971069336
2009-05-12,18.7582950592041
2009-05-13,18.12199592590332
2009-05-14,18.246767044067383
2009-05-15,18.022184371948242
2009-05-18,18.7582950592041
2009-05-19,19.095163345336914
2009-05-20,19.26983070373535
2009-05-21,19.20120620727539
2009-05-22,19.294780731201172
2009-05-26,19.631637573242188
2009-05-27,19.375877380371094
2009-05-28,19.725217819213867
2009-05-29,19.837505340576172
2009-06-01,20.274187088012695
2009-06-02,20.71085548400879
2009-06-03,20.043363571166992
2009-06-04,20.236751556396484
2009-06-05,19.86869239807129
2009-06-08,19.712739944458008
2009-06-09,19.86869239807129
2009-06-10,19.943552017211914
2009-06-11,20.11199188232422
2009-06-12,20.143177032470703
2009-06-15,19.301015853881836
2009-06-16,19.020296096801758
2009-06-17,18.908010482788086
2009-06-18,18.982868194580078
2009-06-19,19.232397079467773
2009-06-22,18.539953231811523
2009-06-23,18.870786666870117
2009-06-24,19.01156997680664
2009-06-25,19.312318801879883
2009-06-26,19.190738677978516
2009-06-29,19.497892379760742
2009-06-30,19.395509719848633
2009-07-01,19.728260040283203
2009-07-02,19.088356018066406
2009-07-06,19.01797103881836
2009-07-07,18.442052841186523
2009-07-08,18.371660232543945
2009-07-09,18.666017532348633
2009-07-10,18.39085578918457
2009-07-13,18.973173141479492
2009-07-14,19.01797103881836
2009-07-15,19.805049896240234
2009-07-16,20.112207412719727
2009-07-17,20.009822845458984
2009-07-20,20.387361526489258
2009-07-21,20.470548629760742
2009-07-22,20.579336166381836
2009-07-23,20.98246955871582
2009-07-24,21.078458786010742
2009-07-27,21.225637435913086
2009-07-28,20.956872940063477
2009-07-29,20.841693878173828
2009-07-30,21.193641662597656
2009-07-31,21.481595993041992
2009-08-03,22.0703182220459
2009-08-04,22.03831672668457
2009-08-05,22.019121170043945
2009-08-06,21.833539962768555
2009-08-07,21.839946746826172
2009-08-10,21.76315689086914
2009-08-11,21.487993240356445
2009-08-12,21.814348220825195
2009-08-13,22.095905303955078
2009-08-14,21.89753532409668
2009-08-17,21.110448837280273
2009-08-18,21.347217559814453
2009-08-19,21.60317611694336
2009-08-20,21.89113426208496
2009-08-21,22.588632583618164
2009-08-24,22.59503936767578
2009-08-25,22.908588409423828
2009-08-26,22.85739517211914
2009-08-27,23.05576515197754
2009-08-28,23.023773193359375
2009-08-31,22.825401306152344
2009-09-01,22.08950424194336
2009-09-02,22.012723922729492
2009-09-03,22.172698974609375
2009-09-04,22.627025604248047
2009-09-08,23.31172752380371
2009-09-09,23.53569221496582
2009-09-10,23.842844009399414
2009-09-11,23.766056060791016
2009-09-14,23.900434494018555
2009-09-15,24.111608505249023
2009-09-16,24.610727310180664
2009-09-17,24.5339412689209
2009-09-18,24.617136001586914
2009-09-21,24.354778289794922
2009-09-22,24.623537063598633
2009-09-23,24.437955856323242
2009-09-24,24.00922203063965
2009-09-25,23.958023071289062
2009-09-28,24.39956283569336
2009-09-29,24.303577423095703
2009-09-30,24.322772979736328
2009-10-01,23.53569221496582
2009-10-02,23.241342544555664
2009-10-05,23.759654998779297
2009-10-06,24.34196662902832
2009-10-07,24.29077911376953
2009-10-08,24.6555233001709
2009-10-09,24.681123733520508
2009-10-12,24.91148567199707
2009-10-13,24.834699630737305
2009-10-14,25.583385467529297
2009-10-15,25.48740005493164
2009-10-16,25.116256713867188
2009-10-19,25.43621253967285
2009-10-20,25.333824157714844
2009-10-21,25.148252487182617
2009-10-22,25.461814880371094
2009-10-23,25.007469177246094
2009-10-26,24.412363052368164
2009-10-27,24.066814422607422
2009-10-28,23.33732032775879
2009-10-29,24.207599639892578
2009-10-30,23.2093448638916
2009-11-02,23.414113998413086
2009-11-03,23.247737884521484
2009-11-04,23.66367530822754
2009-11-05,24.066814422607422
2009-11-06,24.137203216552734
2009-11-09,24.962682723999023
2009-11-10,24.73231315612793
2009-11-11,24.84749984741211
2009-11-12,24.50194549560547
2009-11-13,24.866695404052734
2009-11-16,25.180248260498047
2009-11-17,25.039461135864258
2009-11-18,25.148252487182617
2009-11-19,24.751516342163086
2009-11-20,24.380369186401367
2009-11-23,24.866695404052734
2009-11-24,24.898691177368164
2009-11-25,25.23784065246582
2009-11-27,24.271583557128906
2009-11-30,24.34196662902832
2009-12-01,24.93068504333496
2009-12-02,24.97547721862793
2009-12-03,24.7771053314209
2009-12-04,24.828306198120117
2009-12-07,24.725914001464844
2009-12-08,24.156408309936523
2009-12-09,24.02202796936035
2009-12-10,24.03482437133789
2009-12-11,24.03482437133789
2009-12-14,24.30997657775879
2009-12-15,24.06041145324707
2009-12-16,24.348373413085938
2009-12-17,23.740459442138672
2009-12-18,23.734060287475586
2009-12-21,23.958023071289062
2009-12-22,24.16895294189453
2009-12-23,24.37535858154297
2009-12-24,24.446311950683594
2009-12-28,24.510814666748047
2009-12-29,24.6140193939209
2009-12-30,24.426958084106445
2009-12-31,24.16895294189453
2010-01-04,24.82042694091797
2010-01-05,24.897817611694336
2010-01-06,25.00102424621582
2010-01-07,24.88492202758789
2010-01-08,25.0977783203125
2010-01-11,25.259033203125
2010-01-12,24.891374588012695
2010-01-13,25.071977615356445
2010-01-14,25.123580932617188
2010-01-15,24.478565216064453
2010-01-19,24.736572265625
2010-01-20,23.981891632080078
2010-01-21,23.233667373657227
2010-01-22,22.788610458374023
2010-01-25,23.098215103149414
2010-01-26,23.007909774780273
2010-01-27,22.943403244018555
2010-01-28,22.4403018951416
2010-01-29,22.246789932250977
2010-02-01,22.68539810180664
2010-02-02,23.240123748779297
2010-02-03,22.801504135131836
2010-02-04,21.60822105407715
2010-02-05,21.19540023803711
2010-02-08,20.982542037963867
2010-02-09,21.782371520996094
2010-02-10,21.659814834594727
2010-02-11,21.621122360229492
2010-02-12,21.356651306152344
2010-02-16,21.969430923461914
2010-02-17,21.898475646972656
2010-02-18,22.05972671508789
2010-02-19,21.995227813720703
2010-02-22,21.956531524658203
2010-02-23,21.543712615966797
2010-02-24,21.614667892456055
2010-02-25,21.395362854003906
2010-02-26,21.582412719726562
2010-03-01,21.840423583984375
2010-03-02,22.117782592773438
2010-03-03,22.401594161987305
2010-03-04,22.343542098999023
2010-03-05,22.89826011657715
2010-03-08,22.87244987487793
2010-03-09,22.853113174438477
2010-03-10,22.995010375976562
2010-03-11,23.104658126831055
2010-03-12,23.20787239074707
2010-03-15,23.065967559814453
2010-03-16,23.375579833984375
2010-03-17,23.4465274810791
2010-03-18,23.227218627929688
2010-03-19,22.94986343383789
2010-03-22,22.89826011657715
2010-03-23,23.059513092041016
2010-03-24,22.60800552368164
2010-03-25,22.749900817871094
2010-03-26,23.020816802978516
2010-03-29,23.20787239074707
2010-03-30,23.111120223999023
2010-03-31,23.175617218017578
2010-04-01,23.594884872436523
2010-04-05,23.64003562927246
2010-04-06,23.498130798339844
2010-04-07,23.194971084594727
2010-04-08,23.156267166137695
2010-04-09,23.57552719116211
2010-04-12,23.81418800354004
2010-04-13,23.82708740234375
2010-04-14,24.08509635925293
2010-04-15,23.968996047973633
2010-04-16,23.369129180908203
2010-04-19,23.285266876220703
2010-04-20,23.536828994750977
2010-04-21,23.259471893310547
2010-04-22,22.93695640563965
2010-04-23,23.14981460571289
2010-04-26,23.059513092041016
2010-04-27,21.866222381591797
2010-04-28,21.692066192626953
2010-04-29,22.137134552001953
2010-04-30,22.027484893798828
2010-05-03,22.124229431152344
2010-05-04,21.059946060180664
2010-05-05,20.434274673461914
2010-05-06,19.253890991210938
2010-05-07,19.150684356689453
2010-05-10,20.976097106933594
2010-05-11,20.640682220458984
2010-05-12,20.950298309326172
2010-05-13,20.589082717895508
2010-05-14,19.71185302734375
2010-05-17,19.86020851135254
2010-05-18,19.434494018554688
2010-05-19,19.67959976196289
2010-05-20,18.995878219604492
2010-05-21,19.595748901367188
2010-05-24,18.950725555419922
2010-05-25,18.847524642944336
2010-05-26,18.37020492553711
2010-05-27,19.67314910888672
2010-05-28,19.2474365234375
2010-06-01,18.937828063964844
2010-06-02,19.595748901367188
2010-06-03,19.479644775390625
2010-06-04,18.37020492553711
2010-06-07,18.150897979736328
2010-06-08,18.3573055267334
2010-06-09,18.38311195373535
2010-06-10,19.311935424804688
2010-06-11,19.47319221496582
2010-06-14,19.686052322387695
2010-06-15,20.50522804260254
2010-06-16,20.356874465942383
2010-06-17,20.485877990722656
2010-06-18,20.50522804260254
2010-06-21,20.42783546447754
2010-06-22,20.15691566467285
2010-06-23,20.273462295532227
2010-06-24,19.805967330932617
2010-06-25,19.878393173217773
2010-06-28,19.73354148864746
2010-06-29,18.897314071655273
2010-06-30,18.79854965209961
2010-07-01,19.259462356567383
2010-07-02,19.167280197143555
2010-07-06,19.615022659301758
2010-07-07,20.391983032226562
2010-07-08,20.609268188476562
2010-07-09,20.596099853515625
2010-07-12,20.477581024169922
2010-07-13,21.024089813232422
2010-07-14,21.024089813232422
2010-07-15,21.241371154785156
2010-07-16,20.596099853515625
2010-07-19,20.79363250732422
2010-07-20,20.754127502441406
2010-07-21,20.286630630493164
2010-07-22,21.228206634521484
2010-07-23,21.43890380859375
2010-07-26,21.689109802246094
2010-07-27,21.80763053894043
2010-07-28,21.656192779541016
2010-07-29,21.7154541015625
2010-07-30,21.62327003479004
2010-08-02,22.538511276245117
2010-08-03,22.54509162902832
2010-08-04,22.538511276245117
2010-08-05,22.49241828918457
2010-08-06,22.505578994750977
2010-08-09,22.551677703857422
2010-08-10,22.32780647277832
2010-08-11,21.10968780517578
2010-08-12,20.984580993652344
2010-08-13,20.819971084594727
2010-08-16,20.88581085205078
2010-08-17,21.274295806884766
2010-08-18,21.221622467041016
2010-08-19,20.740955352783203
2010-08-20,20.38539695739746
2010-08-23,20.33930778503418
2010-08-24,20.01666831970215
2010-08-25,19.996917724609375
2010-08-26,19.937660217285156
2010-08-27,20.398563385009766
2010-08-30,19.970579147338867
2010-08-31,20.115436553955078
2010-09-01,20.945072174072266
2010-09-02,21.175527572631836
2010-09-03,21.425739288330078
2010-09-07,20.88581085205078
2010-09-08,21.024089813232422
2010-09-09,21.18211555480957
2010-09-10,21.320384979248047
2010-09-13,21.80763053894043
2010-09-14,22.005170822143555
2010-09-15,22.05125617980957
2010-09-16,22.07101821899414
2010-09-17,21.866893768310547
2010-09-20,22.255380630493164
2010-09-21,22.406814575195312
2010-09-22,22.45290756225586
2010-09-23,22.084186553955078
2010-09-24,22.913816452026367
2010-09-27,22.716283798217773
2010-09-28,22.95332908630371
2010-09-29,22.854555130004883
2010-09-30,22.8018856048584
2010-10-01,22.973079681396484
2010-10-04,22.591182708740234
2010-10-05,23.407644271850586
2010-10-06,23.58542251586914
2010-10-07,23.611770629882812
2010-10-08,23.703950881958008
2010-10-11,23.58542251586914
2010-10-12,23.677616119384766
2010-10-13,24.092435836791992
2010-10-14,24.309717178344727
2010-10-15,24.2175350189209
2010-10-18,25.02083969116211
2010-10-19,23.677616119384766
2010-10-20,24.224124908447266
2010-10-21,24.27680015563965
2010-10-22,24.395315170288086
2010-10-25,24.46116065979004
2010-10-26,24.23070526123047
2010-10-27,23.934406280517578
2010-10-28,24.210948944091797
2010-10-29,24.184614181518555
2010-11-01,23.967329025268555
2010-11-02,24.474327087402344
2010-11-03,24.56651496887207
2010-11-04,25.00108528137207
2010-11-05,24.665281295776367
2010-11-08,24.441410064697266
2010-11-09,24.2175350189209
2010-11-10,24.16485595703125
2010-11-11,23.78296661376953
2010-11-12,23.657859802246094
2010-11-15,23.651269912719727
2010-11-16,23.07843589782715
2010-11-17,23.25621223449707
2010-11-18,23.82246971130371
2010-11-19,23.97391128540039
2010-11-22,23.58542251586914
2010-11-23,22.670202255249023
2010-11-24,22.847980499267578
2010-11-26,22.419986724853516
2010-11-29,21.932737350463867
2010-11-30,21.504749298095703
2010-12-01,22.321218490600586
2010-12-02,22.907243728637695
2010-12-03,23.243043899536133
2010-12-06,22.94015884399414
2010-12-07,23.11134910583496
2010-12-08,23.269372940063477
2010-12-09,23.295713424682617
2010-12-10,23.33521842956543
2010-12-13,23.631519317626953
2010-12-14,23.61835289001465
2010-12-15,23.170612335205078
2010-12-16,23.30889320373535
2010-12-17,23.14427375793457
2010-12-20,23.124521255493164
2010-12-21,23.339597702026367
2010-12-22,23.326318740844727
2010-12-23,23.306407928466797
2010-12-27,23.107257843017578
2010-12-28,23.040876388549805
2010-12-29,23.246662139892578
2010-12-30,23.1470890045166
2010-12-31,23.412612915039062
2011-01-03,23.545372009277344
2011-01-04,23.498916625976562
2011-01-05,23.26658058166504
2011-01-06,22.888200759887695
2011-01-07,22.635953903198242
2011-01-10,22.4301815032959
2011-01-11,22.64259147644043
2011-01-12,23.532100677490234
2011-01-13,23.89056396484375
2011-01-14,24.229101181030273
2011-01-18,24.355224609375
2011-01-19,24.32203483581543
2011-01-20,24.375139236450195
2011-01-21,24.7734317779541
2011-01-24,24.95265769958496
2011-01-25,24.912826538085938
2011-01-26,24.979209899902344
2011-01-27,25.28455924987793
2011-01-28,24.58756446838379
2011-01-31,24.899551391601562
2011-02-01,25.603193283081055
2011-02-02,25.4571533203125
2011-02-03,25.251371383666992
2011-02-04,25.165075302124023
2011-02-07,25.29120445251465
2011-02-08,25.55008888244629
2011-02-09,25.7027645111084
2011-02-10,25.384136199951172
2011-02-11,25.350940704345703
2011-02-14,25.238096237182617
2011-02-15,25.20490837097168
2011-02-16,25.516897201538086
2011-02-17,25.649656295776367
2011-02-18,25.755870819091797
2011-02-22,24.959293365478516
2011-02-23,24.979209899902344
2011-02-24,25.032312393188477
2011-02-25,25.311115264892578
2011-02-28,25.629743576049805
2011-03-01,25.15843963623047
2011-03-02,25.33103370666504
2011-03-03,25.72931480407715
2011-03-04,25.404048919677734
2011-03-07,25.30447769165039
2011-03-08,25.35758399963379
2011-03-09,25.34430503845215
2011-03-10,24.7734317779541
2011-03-11,24.892911911010742
2011-03-14,24.79334259033203
2011-03-15,24.22246551513672
2011-03-16,23.326318740844727
2011-03-17,24.136167526245117
2011-03-18,24.49462890625
2011-03-21,25.244731903076172
2011-03-22,25.078777313232422
2011-03-23,25.045589447021484
2011-03-24,25.609830856323242
2011-03-25,25.34430503845215
2011-03-28,25.350940704345703
2011-03-29,25.516897201538086
2011-03-30,25.775781631469727
2011-03-31,25.716039657592773
2011-04-01,26.008113861083984
2011-04-04,26.101049423217773
2011-04-05,26.09441566467285
2011-04-06,26.44623374938965
2011-04-07,26.340024948120117
2011-04-08,26.545806884765625
2011-04-11,26.46614646911621
2011-04-12,26.266998291015625
2011-04-13,26.273643493652344
2011-04-14,26.320110321044922
2011-04-15,26.187347412109375
2011-04-18,25.37750244140625
2011-04-19,25.59654998779297
2011-04-20,26.393123626708984
2011-04-21,26.57235336303711
2011-04-25,26.69183921813965
2011-04-26,26.977277755737305
2011-04-27,27.54816436767578
2011-04-28,27.707473754882812
2011-04-29,27.7672061920166
2011-05-02,27.747299194335938
2011-05-03,27.654367446899414
2011-05-04,27.335735321044922
2011-05-05,26.565717697143555
2011-05-06,26.346660614013672
2011-05-09,26.413047790527344
2011-05-10,26.811330795288086
2011-05-11,26.25372886657715
2011-05-12,26.393123626708984
2011-05-13,25.862077713012695
2011-05-16,25.855440139770508
2011-05-17,25.881999969482422
2011-05-18,26.028032302856445
2011-05-19,26.406408309936523
2011-05-20,25.73595428466797
2011-05-23,25.125244140625
2011-05-24,25.21817970275879
2011-05-25,25.364229202270508
2011-05-26,25.496978759765625
2011-05-27,25.669574737548828
2011-05-31,26.44623374938965
2011-06-01,25.68949317932129
2011-06-02,25.955015182495117
2011-06-03,26.174068450927734
2011-06-06,25.67621421813965
2011-06-07,26.008113861083984
2011-06-08,25.543453216552734
2011-06-09,25.89527130126953
2011-06-10,25.09205436706543
2011-06-13,25.165075302124023
2011-06-14,25.716039657592773
2011-06-15,24.66057777404785
2011-06-16,24.634035110473633
2011-06-17,25.165075302124023
2011-06-20,25.085418701171875
2011-06-21,25.749235153198242
2011-06-22,25.469558715820312
2011-06-23,25.102985382080078
2011-06-24,24.57349967956543
2011-06-27,24.906126022338867
2011-06-28,25.327003479003906
2011-06-29,25.842906951904297
2011-06-30,26.358814239501953
2011-07-01,26.664283752441406
2011-07-05,26.27056884765625
2011-07-06,25.958309173583984
2011-07-07,26.19589614868164
2011-07-08,25.55101776123047
2011-07-11,24.281606674194336
2011-07-12,24.071163177490234
2011-07-13,24.47846794128418
2011-07-14,24.29518699645996
2011-07-15,24.308757781982422
2011-07-18,23.887889862060547
2011-07-19,24.24087905883789
2011-07-20,24.648174285888672
2011-07-21,25.469558715820312
2011-07-22,25.53064727783203
2011-07-25,25.28626823425293
2011-07-26,25.388093948364258
2011-07-27,24.634599685668945
2011-07-28,24.36306381225586
2011-07-29,24.369853973388672
2011-08-01,23.77248764038086
2011-08-02,22.828920364379883
2011-08-03,23.059722900390625
2011-08-04,21.287988662719727
2011-08-05,22.04148292541504
2011-08-08,20.011791229248047
2011-08-09,21.25404167175293
2011-08-10,19.672380447387695
2011-08-11,20.60915756225586
2011-08-12,21.24725914001465
2011-08-15,21.88535499572754
2011-08-16,21.39659881591797
2011-08-17,21.464481353759766
2011-08-18,20.276527404785156
2011-08-19,19.80135726928711
2011-08-22,20.0050048828125
2011-08-23,20.710981369018555
2011-08-24,20.853538513183594
2011-08-25,20.310476303100586
2011-08-26,20.54806900024414
2011-08-29,21.145431518554688
2011-08-30,20.982515335083008
2011-08-31,21.39659881591797
2011-09-01,20.989303588867188
2011-09-02,20.269750595092773
2011-09-06,19.285446166992188
2011-09-07,19.977848052978516
2011-09-08,19.482303619384766
2011-09-09,18.45728302001953
2011-09-12,18.178955078125
2011-09-13,18.402973175048828
2011-09-14,19.02070426940918
2011-09-15,19.71990203857422
2011-09-16,19.62486457824707
2011-09-19,18.959611892700195
2011-09-20,19.000337600708008
2011-09-21,18.409761428833008
2011-09-22,17.696996688842773
2011-09-23,17.921009063720703
2011-09-26,18.477643966674805
2011-09-27,19.122529983520508
2011-09-28,18.79669189453125
2011-09-29,19.394062042236328
2011-09-30,18.545528411865234
2011-10-03,17.75809097290039
2011-10-04,18.233266830444336
2011-10-05,18.70844268798828
2011-10-06,19.394062042236328
2011-10-07,19.21077537536621
2011-10-10,20.188282012939453
2011-10-11,20.127193450927734
2011-10-12,20.744924545288086
2011-10-13,20.63631248474121
2011-10-14,20.94178581237793
2011-10-17,20.147560119628906
2011-10-18,20.582000732421875
2011-10-19,20.167924880981445
2011-10-20,20.086463928222656
2011-10-21,20.806018829345703
2011-10-24,21.09791374206543
2011-10-25,20.697404861450195
2011-10-26,20.996089935302734
2011-10-27,22.564184188842773
2011-10-28,22.245128631591797
2011-10-31,20.887475967407227
2011-11-01,19.78777503967285
2011-11-02,20.066099166870117
2011-11-03,20.907838821411133
2011-11-04,20.324052810668945
2011-11-07,20.378355026245117
2011-11-08,20.78565788269043
2011-11-09,19.31939125061035
2011-11-10,19.713109970092773
2011-11-11,20.446243286132812
2011-11-14,19.86924171447754
2011-11-15,19.685949325561523
2011-11-16,19.299022674560547
2011-11-17,19.034282684326172
2011-11-18,19.217565536499023
2011-11-21,18.63377571105957
2011-11-22,18.470857620239258
2011-11-23,17.832759857177734
2011-11-25,17.710567474365234
2011-11-28,18.77632713317871
2011-11-29,18.884937286376953
2011-11-30,20.0050048828125
2011-12-01,19.828510284423828
2011-12-02,19.8149356842041
2011-12-05,20.066099166870117
2011-12-06,20.059309005737305
2011-12-07,20.120403289794922
2011-12-08,19.237924575805664
2011-12-09,19.835298538208008
2011-12-12,19.007129669189453
2011-12-13,18.504798889160156
2011-12-14,18.240060806274414
2011-12-15,18.34188461303711
2011-12-16,18.212905883789062
2011-12-19,18.124658584594727
2011-12-20,18.954246520996094
2011-12-21,18.79629898071289
2011-12-22,19.050392150878906
2011-12-23,19.13966941833496
2011-12-27,19.091596603393555
2011-12-28,18.686416625976562
2011-12-29,19.098466873168945
2011-12-30,19.16027069091797
2012-01-03,19.812681198120117
2012-01-04,19.483043670654297
2012-01-05,19.064125061035156
2012-01-06,18.748220443725586
2012-01-09,18.892444610595703
2012-01-10,19.26328468322754
2012-01-11,19.201478958129883
2012-01-12,19.4555721282959
2012-01-13,19.043521881103516
2012-01-17,19.50364112854004
2012-01-18,19.901960372924805
2012-01-19,20.300273895263672
2012-01-20,20.286540985107422
2012-01-23,20.478832244873047
2012-01-24,20.36894989013672
2012-01-25,20.64365005493164
2012-01-26,20.726051330566406
2012-01-27,20.76039695739746
2012-01-30,20.41015625
2012-01-31,20.513160705566406
2012-02-01,20.952682495117188
2012-02-02,21.041955947875977
2012-02-03,21.399066925048828
2012-02-06,21.227386474609375
2012-02-07,21.46087646484375
2012-02-08,21.61882781982422
2012-02-09,21.6875057220459
2012-02-10,21.151840209960938
2012-02-13,21.309799194335938
2012-02-14,21.103769302368164
2012-02-15,20.98015594482422
2012-02-16,21.296056747436523
2012-02-17,21.536420822143555
2012-02-21,21.6875057220459
2012-02-22,21.536420822143555
2012-02-23,21.70810890197754
2012-02-24,21.91413116455078
2012-02-27,21.73557472229004
2012-02-28,21.941598892211914
2012-02-29,21.639434814453125
2012-03-01,22.01027488708496
2012-03-02,21.763050079345703
2012-03-05,21.70810890197754
2012-03-06,20.698589324951172
2012-03-07,21.03510093688965
2012-03-08,21.70810890197754
2012-03-09,21.474613189697266
2012-03-12,21.543292999267578
2012-03-13,21.87979507446289
2012-03-14,21.763050079345703
2012-03-15,22.07895278930664
2012-03-16,22.23690414428711
2012-03-19,22.387990951538086
2012-03-20,22.14762306213379
2012-03-21,21.982805252075195
2012-03-22,21.66690444946289
2012-03-23,21.83858871459961
2012-03-26,22.23003578186035
2012-03-27,21.907264709472656
2012-03-28,21.680635452270508
2012-03-29,21.44027328491211
2012-03-30,21.66690444946289
2012-04-02,21.91413116455078
2012-04-03,21.344133377075195
2012-04-04,20.71919059753418
2012-04-05,20.499431610107422
2012-04-09,20.37581443786621
2012-04-10,19.847021102905273
2012-04-11,20.18352699279785
2012-04-12,20.54063606262207
2012-04-13,19.888221740722656
2012-04-16,20.12171745300293
2012-04-17,20.54063606262207
2012-04-18,20.190391540527344
2012-04-19,19.901960372924805
2012-04-20,20.15605354309082
2012-04-23,19.65473175048828
2012-04-24,19.881359100341797
2012-04-25,20.37581443786621
2012-04-26,20.513160705566406
2012-04-27,20.664249420166016
2012-04-30,20.451356887817383
2012-05-01,20.609310150146484
2012-05-02,20.30713653564453
2012-05-03,20.073646545410156
2012-05-04,19.74401092529297
2012-05-07,19.97063446044922
2012-05-08,19.702804565429688
2012-05-09,19.3456974029541
2012-05-10,19.489910125732422
2012-05-11,19.44183921813965
2012-05-14,18.954246520996094
2012-05-15,18.583406448364258
2012-05-16,18.46665382385254
2012-05-17,18.233165740966797
2012-05-18,18.253768920898438
2012-05-21,18.70014762878418
2012-05-22,18.597129821777344
2012-05-23,18.397981643676758
2012-05-24,18.157617568969727
2012-05-25,18.171354293823242
2012-05-29,18.308704376220703
2012-05-30,17.752437591552734
2012-05-31,17.814239501953125
2012-06-01,17.31291961669922
2012-06-04,17.53955078125
2012-06-05,17.587615966796875
2012-06-06,18.198820114135742
2012-06-07,18.157617568969727
2012-06-08,18.16448974609375
2012-06-11,17.91038703918457
2012-06-12,18.150753021240234
2012-06-13,18.02713966369629
2012-06-14,18.253768920898438
2012-06-15,18.597129821777344
2012-06-18,18.349905014038086
2012-06-19,18.81689453125
2012-06-20,18.988588333129883
2012-06-21,18.479581832885742
2012-06-22,18.670459747314453
2012-06-25,18.07662010192871
2012-06-26,18.07662010192871
2012-06-27,18.295774459838867
2012-06-28,18.295774459838867
2012-06-29,19.405681610107422
2012-07-02,19.518800735473633
2012-07-03,19.702600479125977
2012-07-05,19.1087646484375
2012-07-06,18.620967864990234
2012-07-09,18.6280460357666
2012-07-10,18.49372100830078
2012-07-11,18.57855796813965
2012-07-12,18.387683868408203
2012-07-13,18.69166374206543
2012-07-16,18.67753028869629
2012-07-17,18.81892204284668
2012-07-18,18.974445343017578
2012-07-19,19.137042999267578
2012-07-20,18.507858276367188
2012-07-23,17.998859405517578
2012-07-24,17.666593551635742
2012-07-25,17.857471466064453
2012-07-26,18.71994400024414
2012-07-27,19.412755966186523
2012-07-30,19.327917098999023
2012-07-31,19.214807510375977
2012-08-01,19.193599700927734
2012-08-02,18.606834411621094
2012-08-03,19.702600479125977
2012-08-06,19.95002555847168
2012-08-07,20.218677520751953
2012-08-08,20.11969757080078
2012-08-09,20.020729064941406
2012-08-10,20.041934967041016
2012-08-13,19.992454528808594
2012-08-14,20.027793884277344
2012-08-15,19.99951934814453
2012-08-16,20.38126564025879
2012-08-17,20.480241775512695
2012-08-20,20.430755615234375
2012-08-21,20.713537216186523
2012-08-22,20.699390411376953
2012-08-23,20.44489860534668
2012-08-24,20.409549713134766
2012-08-27,20.52973175048828
2012-08-28,20.614561080932617
2012-08-29,20.494380950927734
2012-08-30,20.162118911743164
2012-08-31,20.487308502197266
2012-09-04,20.593351364135742
2012-09-05,20.565078735351562
2012-09-06,21.328577041625977
2012-09-07,21.745676040649414
2012-09-10,21.498241424560547
2012-09-11,21.887062072753906
2012-09-12,22.092079162597656
2012-09-13,22.3677921295166
2012-09-14,22.707124710083008
2012-09-17,22.579877853393555
2012-09-18,22.26881217956543
2012-09-19,22.374858856201172
2012-09-20,22.1981201171875
2012-09-21,22.26881217956543
2012-09-24,22.120359420776367
2012-09-25,21.90827178955078
2012-09-26,21.540658950805664
2012-09-27,21.7951602935791
2012-09-28,21.243745803833008
2012-10-01,21.484107971191406
2012-10-02,21.674983978271484
2012-10-03,21.60428810119629
2012-10-04,21.872928619384766
2012-10-05,22.056726455688477
2012-10-08,21.84465217590332
2012-10-09,21.413415908813477
2012-10-10,21.3144474029541
2012-10-11,21.55480194091797
2012-10-12,21.540658950805664
2012-10-15,21.752750396728516
2012-10-16,22.304166793823242
2012-10-17,22.59401512145996
2012-10-18,22.50210952758789
2012-10-19,22.134496688842773
2012-10-22,22.26881217956543
2012-10-23,21.7103328704834
2012-10-24,21.611356735229492
2012-10-25,21.646703720092773
2012-10-26,21.738609313964844
2012-10-31,21.7880916595459
2012-11-01,22.042593002319336
2012-11-02,21.7951602935791
2012-11-05,21.66083335876465
2012-11-06,21.901203155517578
2012-11-07,21.47703742980957
2012-11-08,21.18718910217285
2012-11-09,21.11649513244629
2012-11-12,21.173049926757812
2012-11-13,21.074081420898438
2012-11-14,20.99631690979004
2012-11-15,21.045801162719727
2012-11-16,20.840782165527344
2012-11-19,21.3922061920166
2012-11-20,21.540658950805664
2012-11-21,21.625499725341797
2012-11-23,22.22640037536621
2012-11-26,22.16277313232422
2012-11-27,22.007246017456055
2012-11-28,22.22640037536621
2012-11-29,22.431415557861328
2012-11-30,22.530384063720703
2012-12-03,22.6010799407959
2012-12-04,22.749542236328125
2012-12-05,22.77782440185547
2012-12-06,22.75660514831543
2012-12-07,22.65056800842285
2012-12-10,22.61522674560547
2012-12-11,22.862653732299805
2012-12-12,23.011112213134766
2012-12-13,22.982833862304688
2012-12-14,23.1737117767334
2012-12-17,23.216123580932617
2012-12-18,23.462955474853516
2012-12-19,23.569345474243164
2012-12-20,23.689922332763672
2012-12-21,23.548067092895508
2012-12-24,23.448772430419922
2012-12-26,23.399118423461914
2012-12-27,23.629018783569336
2012-12-28,23.217466354370117
2012-12-31,23.742555618286133
2013-01-02,23.919954299926758
2013-01-03,23.586454391479492
2013-01-04,23.806413650512695
2013-01-07,23.707080841064453
2013-01-08,23.63611602783203
2013-01-09,23.657407760620117
2013-01-10,24.097347259521484
2013-01-11,24.30312728881836
2013-01-14,24.288938522338867
2013-01-15,24.210874557495117
2013-01-16,24.11153793334961
2013-01-17,24.45213508605957
2013-01-18,24.37408447265625
2013-01-22,24.409564971923828
2013-01-23,24.331504821777344
2013-01-24,24.487613677978516
2013-01-25,24.94884490966797
2013-01-28,24.92755889892578
2013-01-29,24.963029861450195
2013-01-30,24.899166107177734
2013-01-31,24.63663101196289
2013-02-01,25.033994674682617
2013-02-04,24.040584564208984
2013-02-05,24.28183937072754
2013-02-06,24.090251922607422
2013-02-07,23.735462188720703
2013-02-08,23.90576171875
2013-02-11,23.83480453491211
2013-02-12,24.118637084960938
2013-02-13,24.253450393676758
2013-02-14,24.0192928314209
2013-02-15,23.856094360351562
2013-02-19,24.267642974853516
2013-02-20,23.877378463745117
2013-02-21,23.366477966308594
2013-02-22,23.806413650512695
2013-02-25,22.962020874023438
2013-02-26,23.125221252441406
2013-02-27,23.607736587524414
2013-02-28,23.501298904418945
2013-03-01,23.366477966308594
2013-03-04,23.487110137939453
2013-03-05,23.813512802124023
2013-03-06,23.856094360351562
2013-03-07,24.118637084960938
2013-03-08,24.154117584228516
2013-03-11,24.217975616455078
2013-03-12,24.11153793334961
2013-03-13,24.01219940185547
2013-03-14,24.331504821777344
2013-03-15,24.29602813720703
2013-03-18,23.877378463745117
2013-03-19,23.678693771362305
2013-03-20,23.96962547302246
2013-03-21,23.629018783569336
2013-03-22,23.898666381835938
2013-03-25,23.338102340698242
2013-03-26,23.34519386291504
2013-03-27,23.004589080810547
2013-03-28,23.167802810668945
2013-04-01,23.040069580078125
2013-04-02,23.39486312866211
2013-04-03,23.26004409790039
2013-04-04,23.32390594482422
2013-04-05,23.118127822875977
2013-04-08,23.217466354370117
2013-04-09,23.380674362182617
2013-04-10,23.806413650512695
2013-04-11,23.948333740234375
2013-04-12,23.841896057128906
2013-04-15,23.252948760986328
2013-04-16,23.650312423706055
2013-04-17,22.926538467407227
2013-04-18,22.84848403930664
2013-04-19,23.040069580078125
2013-04-22,23.217466354370117
2013-04-23,23.735462188720703
2013-04-24,23.990917205810547
2013-04-25,24.005104064941406
2013-04-26,24.033485412597656
2013-04-29,24.50180435180664
2013-04-30,24.50180435180664
2013-05-01,24.331504821777344
2013-05-02,24.45213508605957
2013-05-03,24.835309982299805
2013-05-06,24.82111358642578
2013-05-07,24.955936431884766
2013-05-08,25.253969192504883
2013-05-09,24.963029861450195
2013-05-10,25.055282592773438
2013-05-13,24.92755889892578
2013-05-14,24.99851417541504
2013-05-15,25.033994674682617
2013-05-16,24.906265258789062
2013-05-17,25.12624168395996
2013-05-20,25.218486785888672
2013-05-21,25.275245666503906
2013-05-22,25.048187255859375
2013-05-23,25.055282592773438
2013-05-24,24.963029861450195
2013-05-28,25.19719886779785
2013-05-29,25.09785270690918
2013-05-30,25.346210479736328
2013-05-31,24.82111358642578
2013-06-03,25.069475173950195
2013-06-04,24.899166107177734
2013-06-05,24.55857276916504
2013-06-06,24.77144432067871
2013-06-07,24.970136642456055
2013-06-10,25.005611419677734
2013-06-11,24.700490951538086
2013-06-12,24.61533546447754
2013-06-13,24.913368225097656
2013-06-14,24.686304092407227
2013-06-17,25.005611419677734
2013-06-18,25.183008193969727
2013-06-19,24.657915115356445
2013-06-20,23.83480453491211
2013-06-21,23.5722599029541
2013-06-24,23.17489242553711
2013-06-25,23.39486312866211
2013-06-26,23.614830017089844
2013-06-27,23.78639793395996
2013-06-28,23.611923217773438
2013-07-01,23.866363525390625
2013-07-02,23.55376625061035
2013-07-03,23.53195571899414
2013-07-05,23.561037063598633
2013-07-08,23.873628616333008
2013-07-09,23.90998649597168
2013-07-10,24.07718276977539
2013-07-11,24.72418212890625
2013-07-12,24.498828887939453
2013-07-15,24.62240982055664
2013-07-16,24.66602897644043
2013-07-17,24.68056869506836
2013-07-18,24.95681381225586
2013-07-19,25.022239685058594
2013-07-22,25.138559341430664
2013-07-23,25.262142181396484
2013-07-24,25.43661880493164
2013-07-25,25.676513671875
2013-07-26,25.654706954956055
2013-07-29,25.545658111572266
2013-07-30,25.516578674316406
2013-07-31,25.676513671875
2013-08-01,26.054534912109375
2013-08-02,26.163583755493164
2013-08-05,26.105424880981445
2013-08-06,25.94549560546875
2013-08-07,26.083620071411133
2013-08-08,26.44710350036621
2013-08-09,26.476177215576172
2013-08-12,26.36713981628418
2013-08-13,26.48345184326172
2013-08-14,26.541606903076172
2013-08-15,26.512529373168945
2013-08-16,26.57794952392578
2013-08-19,26.294437408447266
2013-08-20,26.27262306213379
2013-08-21,26.069076538085938
2013-08-22,26.45436668395996
2013-08-23,26.58522605895996
2013-08-26,26.388940811157227
2013-08-27,25.705591201782227
2013-08-28,25.618358612060547
2013-08-29,25.516578674316406
2013-08-30,25.211259841918945
2013-09-03,25.552927017211914
2013-09-04,25.647436141967773
2013-09-05,25.647436141967773
2013-09-06,25.865530014038086
2013-09-09,26.105424880981445
2013-09-10,26.55614471435547
2013-09-11,26.803316116333008
2013-09-12,26.672460556030273
2013-09-13,26.803316116333008
2013-09-16,27.028667449951172
2013-09-17,27.14498519897461
2013-09-18,27.901039123535156
2013-09-19,27.770185470581055
2013-09-20,27.63932991027832
2013-09-23,27.523019790649414
2013-09-24,27.559354782104492
2013-09-25,27.661136627197266
2013-09-26,27.64659881591797
2013-09-27,27.617517471313477
2013-09-30,27.42850685119629
2013-10-01,27.762910842895508
2013-10-02,27.828330993652344
2013-10-03,27.63932991027832
2013-10-04,27.712024688720703
2013-10-07,27.624792098999023
2013-10-08,27.413969039916992
2013-10-09,27.472126007080078
2013-10-10,28.068241119384766
2013-10-11,28.148202896118164
2013-10-14,28.24271583557129
2013-10-15,28.155467987060547
2013-10-16,28.42445182800293
2013-10-17,28.751590728759766
2013-10-18,28.947874069213867
2013-10-21,28.976945877075195
2013-10-22,29.282278060913086
2013-10-23,29.07145881652832
2013-10-24,29.202308654785156
2013-10-25,29.165966033935547
2013-10-28,29.0278377532959
2013-10-29,29.173236846923828
2013-10-30,29.01329803466797
2013-10-31,28.918792724609375
2013-11-01,28.73705291748047
2013-11-04,28.918792724609375
2013-11-05,28.569849014282227
2013-11-06,28.860641479492188
2013-11-07,28.359031677246094
2013-11-08,28.540767669677734
2013-11-11,28.707979202270508
2013-11-12,28.591655731201172
2013-11-13,28.700698852539062
2013-11-14,28.75886344909668
2013-11-15,28.896989822387695
2013-11-18,28.991491317749023
2013-11-19,28.86790657043457
2013-11-20,28.52623176574707
2013-11-21,28.80247688293457
2013-11-22,29.042381286621094
2013-11-25,29.01329803466797
2013-11-26,29.122346878051758
2013-11-27,29.275005340576172
2013-11-29,29.340436935424805
2013-12-02,29.122346878051758
2013-12-03,28.751590728759766
2013-12-04,28.51169204711914
2013-12-05,28.366289138793945
2013-12-06,28.751590728759766
2013-12-09,28.80247688293457
2013-12-10,28.707979202270508
2013-12-11,28.51169204711914
2013-12-12,28.293596267700195
2013-12-13,28.293596267700195
2013-12-16,28.700698852539062
2013-12-17,28.51169204711914
2013-12-18,28.94635772705078
2013-12-19,29.01930046081543
2013-12-20,29.201614379882812
2013-12-23,29.486047744750977
2013-12-24,29.639204025268555
2013-12-26,29.828821182250977
2013-12-27,29.930936813354492
2013-12-30,30.08407974243164
2013-12-31,30.17889976501465
2014-01-02,29.442289352416992
2014-01-03,29.362062454223633
2014-01-06,29.4495849609375
2014-01-07,29.741310119628906
2014-01-08,29.712135314941406
2014-01-09,29.7048397064209
2014-01-10,29.996572494506836
2014-01-13,29.785072326660156
2014-01-14,30.17889976501465
2014-01-15,30.412273406982422
2014-01-16,30.368511199951172
2014-01-17,30.033029556274414
2014-01-21,30.2226505279541
2014-01-22,30.164310455322266
2014-01-23,30.157005310058594
2014-01-24,29.135986328125
2014-01-27,29.03388023376465
2014-01-28,29.471466064453125
2014-01-29,29.01930046081543
2014-01-30,29.157854080200195
2014-01-31,28.64004898071289
2014-02-03,28.056602478027344
2014-02-04,28.384784698486328
2014-02-05,28.47960090637207
2014-02-06,29.135986328125
2014-02-07,29.522518157958984
2014-02-10,29.3912353515625
2014-02-11,29.872591018676758
2014-02-12,29.8798770904541
2014-02-13,30.17160415649414
2014-02-14,30.332050323486328
2014-02-18,30.426870346069336
2014-02-19,30.164310455322266
2014-02-20,30.324756622314453
2014-02-21,30.412273406982422
2014-02-24,30.645654678344727
2014-02-25,30.631072998046875
2014-02-26,30.426870346069336
2014-02-27,30.528966903686523
2014-02-28,30.63836097717285
2014-03-03,29.7340145111084
2014-03-04,30.441450119018555
2014-03-05,30.470609664916992
2014-03-06,30.864450454711914
2014-03-07,30.660240173339844
2014-03-10,30.51438331604004
2014-03-11,30.332050323486328
2014-03-12,30.25911521911621
2014-03-13,29.4495849609375
2014-03-14,29.522518157958984
2014-03-17,30.033029556274414
2014-03-18,30.375804901123047
2014-03-19,29.945514678955078
2014-03-20,30.025741577148438
2014-03-21,29.916339874267578
2014-03-24,29.92363739013672
2014-03-25,30.317466735839844
2014-03-26,30.3393497467041
2014-03-27,30.3903865814209
2014-03-28,30.703994750976562
2014-03-31,30.827983856201172
2014-04-01,31.156179428100586
2014-04-02,31.10512351989746
2014-04-03,31.119709014892578
2014-04-04,31.003015518188477
2014-04-07,30.8790340423584
2014-04-08,30.871742248535156
2014-04-09,31.287458419799805
2014-04-10,30.61648941040039
2014-04-11,30.434158325195312
2014-04-14,30.499786376953125
2014-04-15,30.30287742614746
2014-04-16,30.733165740966797
2014-04-17,30.908203125
2014-04-21,30.966554641723633
2014-04-22,31.20721435546875
2014-04-23,31.083236694335938
2014-04-24,31.083236694335938
2014-04-25,30.842571258544922
2014-04-28,30.966554641723633
2014-04-29,31.22180938720703
2014-04-30,31.396846771240234
2014-05-01,31.41872787475586
2014-05-02,31.28015899658203
2014-05-05,31.25827407836914
2014-05-06,31.119709014892578
2014-05-07,31.265560150146484
2014-05-08,31.345787048339844
2014-05-09,31.126996994018555
2014-05-12,31.42601203918457
2014-05-13,31.3385009765625
2014-05-14,31.250972747802734
2014-05-15,30.959264755249023
2014-05-16,30.9373836517334
2014-05-19,30.98842430114746
2014-05-20,30.85715675354004
2014-05-21,31.097835540771484
2014-05-22,31.046770095825195
2014-05-23,31.17075538635254
2014-05-27,31.59376335144043
2014-05-28,31.484355926513672
2014-05-29,31.59376335144043
2014-05-30,31.65938949584961
2014-06-02,31.673974990844727
2014-06-03,31.542707443237305
2014-06-04,31.498947143554688
2014-06-05,31.972993850708008
2014-06-06,32.228248596191406
2014-06-09,32.15533447265625
2014-06-10,32.075096130371094
2014-06-11,31.768795013427734
2014-06-12,31.761507034301758
2014-06-13,31.637516021728516
2014-06-16,31.644811630249023
2014-06-17,31.65938949584961
2014-06-18,31.972993850708008
2014-06-19,32.03865432739258
2014-06-20,31.90736198425293
2014-06-23,31.790678024291992
2014-06-24,31.571880340576172
2014-06-25,31.56964874267578
2014-06-26,31.487876892089844
2014-06-27,31.45815086364746
2014-06-30,31.45815086364746
2014-07-01,31.71832275390625
2014-07-02,31.710878372192383
2014-07-03,31.91901206970215
2014-07-07,31.41354751586914
2014-07-08,30.937808990478516
2014-07-09,31.10877799987793
2014-07-10,30.603307723999023
2014-07-11,30.603307723999023
2014-07-14,30.796573638916016
2014-07-15,30.52153968811035
2014-07-16,30.848615646362305
2014-07-17,30.283672332763672
2014-07-18,30.566144943237305
2014-07-21,30.320838928222656
2014-07-22,30.491806030273438
2014-07-23,30.58843421936035
2014-07-24,30.848615646362305
2014-07-25,30.491806030273438
2014-07-28,30.417470932006836
2014-07-29,30.38774299621582
2014-07-30,30.30597496032715
2014-07-31,29.584922790527344
2014-08-01,29.295028686523438
2014-08-04,29.473434448242188
2014-08-05,28.908493041992188
2014-08-06,28.908493041992188
2014-08-07,28.46248435974121
2014-08-08,28.88619613647461
2014-08-11,28.90106201171875
2014-08-12,28.789552688598633
2014-08-13,28.967967987060547
2014-08-14,29.131492614746094
2014-08-15,29.049724578857422
2014-08-18,29.295028686523438
2014-08-19,29.33219337463379
2014-08-20,29.213260650634766
2014-08-21,29.50316619873047
2014-08-22,29.28016471862793
2014-08-25,29.636966705322266
2014-08-26,29.8525333404541
2014-08-27,29.97146987915039
2014-08-28,29.681562423706055
2014-08-29,29.636966705322266
2014-09-02,29.718732833862305
2014-09-03,30.030941009521484
2014-09-04,30.001203536987305
2014-09-05,30.17217254638672
2014-09-08,29.830242156982422
2014-09-09,29.76333236694336
2014-09-10,29.793073654174805
2014-09-11,29.651836395263672
2014-09-12,29.622095108032227
2014-09-15,29.59236717224121
2014-09-16,29.666698455810547
2014-09-17,29.614665985107422
2014-09-18,29.83765983581543
2014-09-19,29.659263610839844
2014-09-22,29.540327072143555
2014-09-23,29.12406349182129
2014-09-24,29.302459716796875
2014-09-25,28.744964599609375
2014-09-26,28.938222885131836
2014-09-29,28.60372543334961
2014-09-30,28.61859703063965
2014-10-01,28.291522979736328
2014-10-02,27.89754295349121
2014-10-03,27.815780639648438
2014-10-06,27.98674774169922
2014-10-07,27.347482681274414
2014-10-08,27.8826847076416
2014-10-09,27.012975692749023
2014-10-10,26.611574172973633
2014-10-13,26.619001388549805
2014-10-14,26.708202362060547
2014-10-15,26.433170318603516
2014-10-16,26.0466365814209
2014-10-17,26.708202362060547
2014-10-20,26.737939834594727
2014-10-21,27.19881248474121
2014-10-22,26.812273025512695
2014-10-23,27.273141860961914
2014-10-24,27.392080307006836
2014-10-27,27.154205322265625
2014-10-28,27.681983947753906
2014-10-29,27.258277893066406
2014-10-30,27.421812057495117
2014-10-31,27.800914764404297
2014-11-03,27.444108963012695
2014-11-04,27.30287742614746
2014-11-05,27.48127555847168
2014-11-06,27.41438102722168
2014-11-07,27.288009643554688
2014-11-10,27.43667221069336
2014-11-11,27.629947662353516
2014-11-12,27.213682174682617
2014-11-13,27.325180053710938
2014-11-14,27.429248809814453
2014-11-17,27.533313751220703
2014-11-18,28.046215057373047
2014-11-19,28.031349182128906
2014-11-20,27.867822647094727
2014-11-21,28.209754943847656
2014-11-24,28.648319244384766
2014-11-25,28.811853408813477
2014-11-26,28.930788040161133
2014-11-28,28.87876319885254
2014-12-01,28.82671546936035
2014-12-02,28.774694442749023
2014-12-03,28.715227127075195
2014-12-04,28.56655502319336
2014-12-05,28.834165573120117
2014-12-08,28.57398796081543
2014-12-09,28.328697204589844
2014-12-10,27.942150115966797
2014-12-11,27.845518112182617
2014-12-12,27.265714645385742
2014-12-15,26.72307586669922
2014-12-16,27.027843475341797
2014-12-17,27.36627197265625
2014-12-18,27.93531036376953
2014-12-19,27.7106876373291
2014-12-22,27.897869110107422
2014-12-23,27.91285514831543
2014-12-24,28.115001678466797
2014-12-26,28.085052490234375
2014-12-29,27.860431671142578
2014-12-30,27.508527755737305
2014-12-31,27.2015438079834
2015-01-02,27.231502532958984
2015-01-05,26.213214874267578
2015-01-06,25.94367218017578
2015-01-07,26.168291091918945
2015-01-08,26.535175323486328
2015-01-09,26.28809356689453
2015-01-12,26.36296844482422
2015-01-13,26.497739791870117
2015-01-14,26.550151824951172
2015-01-15,26.48276138305664
2015-01-16,26.9993953704834
2015-01-20,27.22400665283203
2015-01-21,27.493560791015625
2015-01-22,27.59837532043457
2015-01-23,27.36627197265625
2015-01-26,27.927820205688477
2015-01-27,27.845458984375
2015-01-28,27.20903205871582
2015-01-29,27.950288772583008
2015-01-30,27.463603973388672
2015-02-02,27.800537109375
2015-02-03,28.5343017578125
2015-02-04,27.950288772583008
2015-02-05,28.436962127685547
2015-02-06,27.793048858642578
2015-02-09,27.560941696166992
2015-02-10,27.93531036376953
2015-02-11,27.867929458618164
2015-02-12,28.601688385009766
2015-02-13,28.669069290161133
2015-02-17,28.70650863647461
2015-02-18,28.7813777923584
2015-02-19,28.751428604125977
2015-02-20,29.208158493041992
2015-02-23,29.020971298217773
2015-02-24,29.290515899658203
2015-02-25,29.223134994506836
2015-02-26,29.058408737182617
2015-02-27,29.17072296142578
2015-03-02,29.253084182739258
2015-03-03,28.95359230041504
2015-03-04,28.811330795288086
2015-03-05,28.946102142333984
2015-03-06,28.451936721801758
2015-03-09,28.549272537231445
2015-03-10,27.867929458618164
2015-03-11,28.07007598876953
2015-03-12,28.309673309326172
2015-03-13,28.12249755859375
2015-03-16,28.609174728393555
2015-03-17,28.429479598999023
2015-03-18,28.931121826171875
2015-03-19,28.451936721801758
2015-03-20,29.260570526123047
2015-03-23,29.402830123901367
2015-03-24,29.522628784179688
2015-03-25,29.320470809936523
2015-03-26,29.043439865112305
2015-03-27,29.208158493041992
2015-03-30,29.327959060668945
2015-03-31,28.886205673217773
2015-04-01,29.163238525390625
2015-04-02,29.492679595947266
2015-04-06,29.769710540771484
2015-04-07,29.597497940063477
2015-04-08,29.522628784179688
2015-04-09,29.507644653320312
2015-04-10,29.582523345947266
2015-04-13,29.425291061401367
2015-04-14,29.60498809814453
2015-04-15,29.66488265991211
2015-04-16,29.597497940063477
2015-04-17,29.08835792541504
2015-04-20,29.140766143798828
2015-04-21,29.365398406982422
2015-04-22,29.365398406982422
2015-04-23,29.432777404785156
2015-04-24,29.575035095214844
2015-04-27,29.956886291503906
2015-04-28,29.919452667236328
2015-04-29,29.50016212463379
2015-04-30,29.530113220214844
2015-05-01,29.882020950317383
2015-05-04,29.747249603271484
2015-05-05,29.185699462890625
2015-05-06,29.530113220214844
2015-05-07,29.41779899597168
2015-05-08,30.06920623779297
2015-05-11,29.747249603271484
2015-05-12,29.649913787841797
2015-05-13,29.822124481201172
2015-05-14,30.4510555267334
2015-05-15,30.47352409362793
2015-05-18,30.248903274536133
2015-05-19,30.26387596130371
2015-05-20,30.3387451171875
2015-05-21,30.42859649658203
2015-05-22,30.099157333374023
2015-05-26,29.30549430847168
2015-05-27,29.777198791503906
2015-05-28,29.777198791503906
2015-05-29,29.34292984008789
2015-06-01,29.26805877685547
2015-06-02,29.619962692260742
2015-06-03,30.009302139282227
2015-06-04,29.567556381225586
2015-06-05,29.043439865112305
2015-06-08,29.035951614379883
2015-06-09,28.93861961364746
2015-06-10,29.739761352539062
2015-06-11,29.822124481201172
2015-06-12,29.432777404785156
2015-06-15,29.05092430114746
2015-06-16,29.035951614379883
2015-06-17,28.901182174682617
2015-06-18,29.35790252685547
2015-06-19,29.193187713623047
2015-06-22,30.20397186279297
2015-06-23,30.136585235595703
2015-06-24,29.859556198120117
2015-06-25,29.94183921813965
2015-06-26,30.10182762145996
2015-06-29,28.81426239013672
2015-06-30,28.600934982299805
2015-07-01,28.829504013061523
2015-07-02,28.69997787475586
2015-07-06,27.793350219726562
2015-07-07,27.86191177368164
2015-07-08,27.480976104736328
2015-07-09,28.06761932373047
2015-07-10,29.51519012451172
2015-07-13,29.431377410888672
2015-07-14,29.59137535095215
2015-07-15,29.47708511352539
2015-07-16,29.758995056152344
2015-07-17,29.675188064575195
2015-07-20,29.80470085144043
2015-07-21,29.743755340576172
2015-07-22,29.59137535095215
2015-07-23,29.59137535095215
2015-07-24,29.294248580932617
2015-07-27,29.027587890625
2015-07-28,29.34757423400879
2015-07-29,29.339954376220703
2015-07-30,29.218050003051758
2015-07-31,29.47708511352539
2015-08-03,29.58376121520996
2015-08-04,29.47708511352539
2015-08-05,29.72089385986328
2015-08-06,29.78945541381836
2015-08-07,29.71328353881836
2015-08-10,30.086606979370117
2015-08-11,29.652318954467773
2015-08-12,29.362817764282227
2015-08-13,29.1951961517334
2015-08-14,29.14186668395996
2015-08-17,29.04281997680664
2015-08-18,28.79902458190918
2015-08-19,28.58570098876953
2015-08-20,27.839054107666016
2015-08-21,27.397159576416016
2015-08-24,26.749570846557617
2015-08-25,26.894325256347656
2015-08-26,27.519065856933594
2015-08-27,27.724777221679688
2015-08-28,27.519065856933594
2015-08-31,27.442880630493164
2015-09-01,26.772424697875977
2015-09-02,27.107650756835938
2015-09-03,27.0924129486084
2015-09-04,26.536243438720703
2015-09-08,27.3133602142334
2015-09-09,27.084789276123047
2015-09-10,27.45050048828125
2015-09-11,27.381927490234375
2015-09-14,27.11526870727539
2015-09-15,27.32097625732422
2015-09-16,27.63334846496582
2015-09-17,27.8847713470459
2015-09-18,26.99336814880371
2015-09-21,26.886709213256836
2015-09-22,26.04863929748535
2015-09-23,25.972450256347656
2015-09-24,25.881023406982422
2015-09-25,26.101974487304688
2015-09-28,25.64484405517578
2015-09-29,25.774362564086914
2015-09-30,26.162921905517578
2015-10-01,26.109590530395508
2015-10-02,26.559097290039062
2015-10-05,27.11526870727539
2015-10-06,27.32097625732422
2015-10-07,27.587636947631836
2015-10-08,27.76286506652832
2015-10-09,27.89238739013672
2015-10-12,27.793350219726562
2015-10-13,27.549543380737305
2015-10-14,27.686674118041992
2015-10-15,28.00666618347168
2015-10-16,27.960956573486328
2015-10-19,27.922868728637695
2015-10-20,27.81619644165039
2015-10-21,27.78572654724121
2015-10-22,28.098093032836914
2015-10-23,28.418079376220703
2015-10-26,28.30379867553711
2015-10-27,27.99142837524414
2015-10-28,28.14381217956543
2015-10-29,28.07522964477539
2015-10-30,28.07522964477539
2015-11-02,28.4561767578125
2015-11-03,28.33427619934082
2015-11-04,28.05237579345703
2015-11-05,28.098093032836914
2015-11-06,28.06000328063965
2015-11-09,27.640962600708008
2015-11-10,27.549543380737305
2015-11-11,27.663820266723633
2015-11-12,27.32097625732422
2015-11-13,27.06194305419922
2015-11-16,27.3133602142334
2015-11-17,27.374313354492188
2015-11-18,27.686674118041992
2015-11-19,27.823816299438477
2015-11-20,27.640962600708008
2015-11-23,27.473358154296875
2015-11-24,27.381927490234375
2015-11-25,27.580013275146484
2015-11-27,27.81619644165039
2015-11-30,27.854293823242188
2015-12-01,27.938095092773438
2015-12-02,27.541919708251953
2015-12-03,27.442880630493164
2015-12-04,27.76286506652832
2015-12-07,27.686674118041992
2015-12-08,27.26002311706543
2015-12-09,27.153364181518555
2015-12-10,27.07717514038086
2015-12-11,26.57433319091797
2015-12-14,26.56671714782715
2015-12-15,26.833375930786133
2015-12-16,27.305742263793945
2015-12-17,27.031465530395508
2015-12-18,26.673377990722656
2015-12-21,26.770357131958008
2015-12-22,26.93833351135254
2015-12-23,27.365930557250977
2015-12-24,27.33538818359375
2015-12-28,27.228483200073242
2015-12-29,27.488096237182617
2015-12-30,27.213214874267578
2015-12-31,26.755081176757812
2016-01-04,26.319854736328125
2016-01-05,26.090784072875977
2016-01-06,25.663190841674805
2016-01-07,25.3043212890625
2016-01-08,25.07525062561035
2016-01-11,25.21269416809082
2016-01-12,25.55629539489746
2016-01-13,25.05234718322754
2016-01-14,25.289047241210938
2016-01-15,24.41095733642578
2016-01-19,24.617122650146484
2016-01-20,24.120803833007812
2016-01-21,24.41859245300293
2016-01-22,25.02180290222168
2016-01-25,24.68583869934082
2016-01-26,25.22796630859375
2016-01-27,24.998897552490234
2016-01-28,25.02180290222168
2016-01-29,25.350133895874023
2016-02-01,25.289047241210938
2016-02-02,24.563669204711914
2016-02-03,24.930179595947266
2016-02-04,25.01416778564453
2016-02-05,24.617122650146484
2016-02-08,23.922283172607422
2016-02-09,23.73138999938965
2016-02-10,23.861196517944336
2016-02-11,23.479413986206055
2016-02-12,23.761926651000977
2016-02-16,24.54076385498047
2016-02-17,24.78510284423828
2016-02-18,24.571306228637695
2016-02-19,24.533126831054688
2016-02-22,24.78510284423828
2016-02-23,24.41095733642578
2016-02-24,24.181888580322266
2016-02-25,24.494949340820312
2016-02-26,24.426225662231445
2016-02-29,24.281152725219727
2016-03-01,25.059980392456055
2016-03-02,25.09815788269043
2016-03-03,25.350133895874023
2016-03-04,25.434120178222656
2016-03-07,25.403579711914062
2016-03-08,25.16687774658203
2016-03-09,25.296688079833984
2016-03-10,25.418853759765625
2016-03-11,26.251136779785156
2016-03-14,26.205318450927734
2016-03-15,26.07551383972168
2016-03-16,26.350393295288086
2016-03-17,26.38094711303711
2016-03-18,26.464929580688477
2016-03-21,26.388582229614258
2016-03-22,26.29694366455078
2016-03-23,26.090784072875977
2016-03-24,25.83881378173828
2016-03-28,25.930435180664062
2016-03-29,26.281675338745117
2016-03-30,26.61764144897461
2016-03-31,26.258766174316406
2016-04-01,26.044971466064453
2016-04-04,26.022066116333008
2016-04-05,25.472301483154297
2016-04-06,25.762454986572266
2016-04-07,25.21269416809082
2016-04-08,25.716642379760742
2016-04-11,25.762454986572266
2016-04-12,26.022066116333008
2016-04-13,26.457290649414062
2016-04-14,26.48783302307129
2016-04-15,26.457290649414062
2016-04-18,26.73981285095215
2016-04-19,27.304840087890625
2016-04-20,27.28957176208496
2016-04-21,27.14449119567871
2016-04-22,27.022329330444336
2016-04-25,26.923063278198242
2016-04-26,27.068138122558594
2016-04-27,27.236120223999023
2016-04-28,27.02996063232422
2016-04-29,26.930702209472656
2016-05-02,27.15212631225586
2016-05-03,26.602367401123047
2016-05-04,26.304582595825195
2016-05-05,26.159507751464844
2016-05-06,26.31221580505371
2016-05-09,26.26640510559082
2016-05-10,26.526016235351562
2016-05-11,26.327486038208008
2016-05-12,26.228219985961914
2016-05-13,25.922801971435547
2016-05-16,26.174776077270508
2016-05-17,25.88462257385254
2016-05-18,25.89225959777832
2016-05-19,25.716642379760742
2016-05-20,25.983884811401367
2016-05-23,25.869354248046875
2016-05-24,26.350393295288086
2016-05-25,26.6481876373291
2016-05-26,26.854339599609375
2016-05-27,26.770357131958008
2016-05-31,25.953344345092773
2016-06-01,26.709266662597656
2016-06-02,26.73981285095215
2016-06-03,26.83143424987793
2016-06-06,26.892520904541016
2016-06-07,27.14449119567871
2016-06-08,27.19794273376465
2016-06-09,26.747447967529297
2016-06-10,25.80826759338379
2016-06-13,25.37303924560547
2016-06-14,24.960723876953125
2016-06-15,25.09815788269043
2016-06-16,25.266141891479492
2016-06-17,25.58683967590332
2016-06-20,26.151870727539062
2016-06-21,26.442018508911133
2016-06-22,26.403675079345703
2016-06-23,27.32710075378418
2016-06-24,24.181198120117188
2016-06-27,23.664709091186523
2016-06-28,24.290760040283203
2016-06-29,24.752471923828125
2016-06-30,25.253307342529297
2016-07-01,25.268962860107422
2016-07-05,24.46292495727539
2016-07-06,24.38466453552246
2016-07-07,24.228151321411133
2016-07-08,24.752471923828125
2016-07-11,25.081146240234375
2016-07-12,25.535032272338867
2016-07-13,25.589818954467773
2016-07-14,25.887189865112305
2016-07-15,25.738500595092773
2016-07-18,25.72284698486328
2016-07-19,25.535032272338867
2016-07-20,25.7541446685791
2016-07-21,25.691547393798828
2016-07-22,25.7541446685791
2016-07-25,25.77762222290039
2016-07-26,25.895017623901367
2016-07-27,26.13760757446289
2016-07-28,26.176733016967773
2016-07-29,26.474111557006836
2016-08-01,26.184560775756836
2016-08-02,25.941965103149414
2016-08-03,25.855886459350586
2016-08-04,25.934139251708984
2016-08-05,26.15325164794922
2016-08-08,26.23151397705078
2016-08-09,26.61496353149414
2016-08-10,26.771482467651367
2016-08-11,26.95929718017578
2016-08-12,26.974950790405273
2016-08-15,27.061033248901367
2016-08-16,27.02972984313965
2016-08-17,26.967124938964844
2016-08-18,27.115812301635742
2016-08-19,26.88103675842285
2016-08-22,26.849735260009766
2016-08-23,26.990598678588867
2016-08-24,26.927997589111328
2016-08-25,26.810609817504883
2016-08-26,26.70887565612793
2016-08-29,26.787137985229492
2016-08-30,26.826261520385742
2016-08-31,26.771482467651367
2016-09-01,26.982772827148438
2016-09-02,27.319271087646484
2016-09-06,27.467960357666016
2016-09-07,27.53839111328125
2016-09-08,27.522737503051758
2016-09-09,26.920166015625
2016-09-12,27.100154876708984
2016-09-13,26.591495513916016
2016-09-14,26.513235092163086
2016-09-15,26.7010498046875
2016-09-16,26.192380905151367
2016-09-19,26.39584732055664
2016-09-20,26.442806243896484
2016-09-21,26.83408546447754
2016-09-22,27.24102210998535
2016-09-23,27.084505081176758
2016-09-26,26.75583267211914
2016-09-27,26.716699600219727
2016-09-28,27.01407814025879
2016-09-29,26.52106285095215
2016-09-30,26.990598678588867
2016-10-03,26.88103675842285
2016-10-04,26.920166015625
2016-10-05,27.053205490112305
2016-10-06,26.951465606689453
2016-10-07,26.75583267211914
2016-10-10,26.865392684936523
2016-10-11,26.56018829345703
2016-10-12,26.427154541015625
2016-10-13,26.309770584106445
2016-10-14,26.4114990234375
2016-10-17,26.39584732055664
2016-10-18,26.66192054748535
2016-10-19,26.724525451660156
2016-10-20,26.779306411743164
2016-10-21,26.677574157714844
2016-10-24,26.794965744018555
2016-10-25,26.748004913330078
2016-10-26,26.646268844604492
2016-10-27,26.669748306274414
2016-10-28,26.779306411743164
2016-10-31,26.716699600219727
2016-11-01,26.575838088989258
2016-11-02,26.36454963684082
2016-11-03,26.31760025024414
2016-11-04,26.06717300415039
2016-11-07,26.474111557006836
2016-11-08,26.599315643310547
2016-11-09,26.536714553833008
2016-11-10,26.36454963684082
2016-11-11,26.06717300415039
2016-11-14,25.824581146240234
2016-11-15,26.012392044067383
2016-11-16,25.644590377807617
2016-11-17,25.72284698486328
2016-11-18,25.425472259521484
2016-11-21,25.668067932128906
2016-11-22,25.761972427368164
2016-11-23,25.488080978393555
2016-11-25,25.644590377807617
2016-11-28,25.362869262695312
2016-11-29,25.660240173339844
2016-11-30,25.652414321899414
2016-12-01,25.542856216430664
2016-12-02,25.581985473632812
2016-12-05,26.145431518554688
2016-12-06,26.474111557006836
2016-12-07,26.951465606689453
2016-12-08,26.787137985229492
2016-12-09,26.802785873413086
2016-12-12,26.85756492614746
2016-12-13,27.12363624572754
2016-12-14,26.693225860595703
2016-12-15,26.724525451660156
2016-12-16,26.826261520385742
2016-12-19,26.740182876586914
2016-12-20,26.88103675842285
2016-12-21,27.017303466796875
2016-12-22,26.954294204711914
2016-12-23,27.056686401367188
2016-12-27,27.08820152282715
2016-12-28,26.875524520874023
2016-12-29,27.08820152282715
2016-12-30,27.25360870361328
2017-01-03,27.316621780395508
2017-01-04,27.489919662475586
2017-01-05,27.718341827392578
2017-01-06,27.671085357666016
2017-01-09,27.592313766479492
2017-01-10,27.545053482055664
2017-01-11,27.702587127685547
2017-01-12,27.726219177246094
2017-01-13,27.852245330810547
2017-01-17,27.852245330810547
2017-01-18,27.741979598999023
2017-01-19,27.718341827392578
2017-01-20,27.89950942993164
2017-01-23,27.946765899658203
2017-01-24,28.009777069091797
2017-01-25,28.33272361755371
2017-01-26,28.049165725708008
2017-01-27,28.072790145874023
2017-01-30,27.797109603881836
2017-01-31,27.836498260498047
2017-02-01,27.883752822875977
2017-02-02,27.95464515686035
2017-02-03,28.10430145263672
2017-02-06,27.71046257019043
2017-02-07,27.615947723388672
2017-02-08,27.62381362915039
2017-02-09,27.804983139038086
2017-02-10,27.749845504760742
2017-02-13,27.891632080078125
2017-02-14,27.95464515686035
2017-02-15,28.041288375854492
2017-02-16,28.23033332824707
2017-02-17,28.033411026000977
2017-02-21,28.033411026000977
2017-02-22,28.064918518066406
2017-02-23,28.025535583496094
2017-02-24,27.781356811523438
2017-02-27,27.89950942993164
2017-02-28,27.891632080078125
2017-03-01,28.31697654724121
2017-03-02,28.15156364440918
2017-03-03,28.545398712158203
2017-03-06,28.443002700805664
2017-03-07,28.277599334716797
2017-03-08,28.198823928833008
2017-03-09,28.545398712158203
2017-03-10,28.86835289001465
2017-03-13,28.90773582458496
2017-03-14,28.624170303344727
2017-03-15,29.002248764038086
2017-03-16,29.372461318969727
2017-03-17,29.34095001220703
2017-03-20,29.277938842773438
2017-03-21,29.230682373046875
2017-03-22,29.270065307617188
2017-03-23,29.388214111328125
2017-03-24,29.490612030029297
2017-03-27,29.640270233154297
2017-03-28,29.766300201416016
2017-03-29,29.671775817871094
2017-03-30,29.53787612915039
2017-03-31,29.61663818359375
2017-04-03,29.53787612915039
2017-04-04,29.593013763427734
2017-04-05,29.380338668823242
2017-04-06,29.506362915039062
2017-04-07,29.451229095458984
2017-04-10,29.301572799682617
2017-04-11,29.364585876464844
2017-04-12,29.34095001220703
2017-04-13,29.120407104492188
2017-04-17,29.301572799682617
2017-04-18,29.144031524658203
2017-04-19,29.15190887451172
2017-04-20,29.44334602355957
2017-04-21,29.451229095458984
2017-04-24,30.971446990966797
2017-04-25,31.191999435424805
2017-04-26,30.987199783325195
2017-04-27,30.939929962158203
2017-04-28,30.908435821533203
2017-05-01,31.10535430908203
2017-05-02,31.333778381347656
2017-05-03,31.239255905151367
2017-05-04,31.94028663635254
2017-05-05,32.4522819519043
2017-05-08,31.932416915893555
2017-05-09,31.80638885498047
2017-05-10,31.830013275146484
2017-05-11,31.703983306884766
2017-05-12,32.0032958984375
2017-05-15,32.23173141479492
2017-05-16,32.53892135620117
2017-05-17,32.02693176269531
2017-05-18,32.01905822753906
2017-05-19,32.468021392822266
2017-05-22,32.523162841796875
2017-05-23,32.51529312133789
2017-05-24,32.60981369018555
2017-05-25,32.578304290771484
2017-05-26,32.46015930175781
2017-05-30,32.34199523925781
2017-05-31,32.4365234375
2017-06-01,32.688575744628906
2017-06-02,33.043033599853516
2017-06-05,32.798858642578125
2017-06-06,32.62556076049805
2017-06-07,32.69645690917969
2017-06-08,32.64131546020508
2017-06-09,32.62556076049805
2017-06-12,32.37351608276367
2017-06-13,32.64131546020508
2017-06-14,32.61769104003906
2017-06-15,32.1529655456543
2017-06-16,32.49166488647461
2017-06-19,32.69645690917969
2017-06-20,32.31887435913086
2017-06-21,32.3588752746582
2017-06-22,32.270870208740234
2017-06-23,32.31086730957031
2017-06-26,32.4228630065918
2017-06-27,32.48686218261719
2017-06-28,32.822853088378906
2017-06-29,32.31086730957031
2017-06-30,32.26287078857422
2017-07-03,32.29487228393555
2017-07-05,32.326873779296875
2017-07-06,32.24687957763672
2017-07-07,32.342872619628906
2017-07-10,32.44686508178711
2017-07-11,32.62286376953125
2017-07-12,32.83086013793945
2017-07-13,32.95884704589844
2017-07-14,33.17484664916992
2017-07-17,33.08683776855469
2017-07-18,33.038841247558594
2017-07-19,33.134830474853516
2017-07-20,33.32683181762695
2017-07-21,33.07084274291992
2017-07-24,32.982845306396484
2017-07-25,33.07084274291992
2017-07-26,33.350826263427734
2017-07-27,33.270835876464844
2017-07-28,33.30284118652344
2017-07-31,33.30284118652344
2017-08-01,33.53482437133789
2017-08-02,33.566829681396484
2017-08-03,33.646820068359375
2017-08-04,33.7988166809082
2017-08-07,33.806819915771484
2017-08-08,33.62282180786133
2017-08-09,33.48682403564453
2017-08-10,32.982845306396484
2017-08-11,32.95884704589844
2017-08-14,33.318843841552734
2017-08-15,33.318843841552734
2017-08-16,33.510826110839844
2017-08-17,33.078834533691406
2017-08-18,33.19083786010742
2017-08-21,33.158843994140625
2017-08-22,33.38283157348633
2017-08-23,33.39083480834961
2017-08-24,33.294837951660156
2017-08-25,33.590824127197266
2017-08-28,33.590824127197266
2017-08-29,33.35884475708008
2017-08-30,33.270835876464844
2017-08-31,33.46283721923828
2017-09-01,33.542823791503906
2017-09-05,33.30284118652344
2017-09-06,33.67082595825195
2017-09-07,33.942813873291016
2017-09-08,33.934814453125
2017-09-11,34.27879333496094
2017-09-12,34.42279815673828
2017-09-13,34.21480178833008
2017-09-14,34.27879333496094
2017-09-15,34.3828010559082
2017-09-18,34.46280288696289
2017-09-19,34.63078689575195
2017-09-20,34.46280288696289
2017-09-21,34.48678970336914
2017-09-22,34.55879592895508
2017-09-25,34.182796478271484
2017-09-26,34.054813385009766
2017-09-27,34.182796478271484
2017-09-28,34.31880569458008
2017-09-29,34.654788970947266
2017-10-02,34.5507926940918
2017-10-03,34.654788970947266
2017-10-04,34.47879409790039
2017-10-05,34.542789459228516
2017-10-06,34.542789459228516
2017-10-09,34.52679443359375
2017-10-10,34.83878707885742
2017-10-11,34.99078369140625
2017-10-12,34.88677978515625
2017-10-13,34.878780364990234
2017-10-16,34.814788818359375
2017-10-17,34.766788482666016
2017-10-18,34.934783935546875
2017-10-19,34.90278625488281
2017-10-20,34.710784912109375
2017-10-23,34.60679244995117
2017-10-24,34.79878234863281
2017-10-25,34.766788482666016
2017-10-26,34.74277877807617
2017-10-27,34.6707878112793
2017-10-30,34.878780364990234
2017-10-31,35.062774658203125
2017-11-01,35.15077590942383
2017-11-02,35.28676986694336
2017-11-03,35.07077407836914
2017-11-06,35.03876876831055
2017-11-07,34.74277877807617
2017-11-08,34.80678176879883
2017-11-09,34.542789459228516
2017-11-10,34.45479965209961
2017-11-13,34.32679748535156
2017-11-14,34.47879409790039
2017-11-15,34.31880569458008
2017-11-16,34.57479476928711
2017-11-17,34.3987922668457
2017-11-20,34.37479782104492
2017-11-21,34.57479476928711
2017-11-22,34.56679916381836
2017-11-24,35.062774658203125
2017-11-27,34.8627815246582
2017-11-28,34.99078369140625
2017-11-29,34.91078186035156
2017-11-30,34.97477722167969
2017-12-01,34.73478698730469
2017-12-04,34.790794372558594
2017-12-05,34.710784912109375
2017-12-06,34.64678955078125
2017-12-07,34.78278350830078
2017-12-08,34.96678161621094
2017-12-11,34.94277572631836
2017-12-12,34.894775390625
2017-12-13,34.83878707885742
2017-12-14,34.542789459228516
2017-12-15,34.582794189453125
2017-12-18,35.054779052734375
2017-12-19,35.07164001464844
2017-12-20,34.886844635009766
2017-12-21,34.959163665771484
2017-12-22,34.94309997558594
2017-12-26,34.935062408447266
2017-12-27,34.94309997558594
2017-12-28,34.935062408447266
2017-12-29,34.85471725463867
2018-01-02,35.031471252441406
2018-01-03,35.21628189086914
2018-01-04,35.80280685424805
2018-01-05,36.156333923339844
2018-01-08,36.003684997558594
2018-01-09,36.108131408691406
2018-01-10,35.95546340942383
2018-01-11,36.20454025268555
2018-01-12,36.726802825927734
2018-01-16,36.807159423828125
2018-01-17,36.951778411865234
2018-01-18,37.01605987548828
2018-01-19,37.273170471191406
2018-01-22,37.53831481933594
2018-01-23,37.61865997314453
2018-01-24,37.62670135498047
2018-01-25,37.53831481933594
2018-01-26,37.85166931152344
2018-01-29,37.49009704589844
2018-01-30,37.224952697753906
2018-01-31,37.297271728515625
2018-02-01,37.3936882019043
2018-02-02,36.45362091064453
2018-02-05,34.95112609863281
2018-02-06,35.93136215209961
2018-02-07,35.27251434326172
2018-02-08,34.27620315551758
2018-02-09,34.420841217041016
2018-02-12,34.959163665771484
2018-02-13,34.86273956298828
2018-02-14,35.53767013549805
2018-02-15,35.730499267578125
2018-02-16,35.80280685424805
2018-02-20,35.4251708984375
2018-02-21,35.280555725097656
2018-02-22,35.45731735229492
2018-02-23,35.6903190612793
2018-02-26,35.91530227661133
2018-02-27,35.28858947753906
2018-02-28,35.063621520996094
2018-03-01,34.66188049316406
2018-03-02,34.718116760253906
2018-03-05,34.92702865600586
2018-03-06,35.16806411743164
2018-03-07,35.35285949707031
2018-03-08,35.36893844604492
2018-03-09,35.505523681640625
2018-03-12,35.593902587890625
2018-03-13,35.25645446777344
2018-03-14,35.360897064208984
2018-03-15,35.35285949707031
2018-03-16,35.38500213623047
2018-03-19,35.21628189086914
2018-03-20,35.16806411743164
2018-03-21,35.16002655029297
2018-03-22,34.404762268066406
2018-03-23,34.06731414794922
2018-03-26,34.7582893371582
2018-03-27,34.348514556884766
2018-03-28,34.50117492675781
2018-03-29,34.830604553222656
2018-04-02,34.348514556884766
2018-04-03,34.63776779174805
2018-04-04,34.734188079833984
2018-04-05,35.063621520996094
2018-04-06,34.95112609863281
2018-04-09,35.232337951660156
2018-04-10,35.650146484375
2018-04-11,35.441246032714844
2018-04-12,35.63407897949219
2018-04-13,35.722469329833984
2018-04-16,35.81888198852539
2018-04-17,36.13223648071289
2018-04-18,36.28489303588867
2018-04-19,36.1483039855957
2018-04-20,35.987613677978516
2018-04-23,35.899234771728516
2018-04-24,35.722469329833984
2018-04-25,35.593902587890625
2018-04-26,35.706398010253906
2018-04-27,35.81888198852539
2018-04-30,35.618011474609375
2018-05-01,35.51355743408203
2018-05-02,35.60194396972656
2018-05-03,35.6903190612793
2018-05-04,35.786739349365234
2018-05-07,35.770668029785156
2018-05-08,35.6903190612793
2018-05-09,35.722469329833984
2018-05-10,36.003684997558594
2018-05-11,36.02778244018555
2018-05-14,36.03581619262695
2018-05-15,35.770668029785156
2018-05-16,35.66621780395508
2018-05-17,35.75459671020508
2018-05-18,35.593902587890625
2018-05-21,35.8349494934082
2018-05-22,35.85905456542969
2018-05-23,35.32072067260742
2018-05-24,35.21628189086914
2018-05-25,34.89488220214844
2018-05-29,33.70574188232422
2018-05-30,34.420841217041016
2018-05-31,34.340492248535156
2018-06-01,34.565452575683594
2018-06-04,34.74222183227539
2018-06-05,34.71007537841797
2018-06-06,35.11985397338867
2018-06-07,34.8065071105957
2018-06-08,34.86273956298828
2018-06-11,35.232337951660156
2018-06-12,34.999332427978516
2018-06-13,35.135929107666016
2018-06-14,35.08772659301758
2018-06-15,34.983272552490234
2018-06-18,34.59760665893555
2018-06-19,34.297996520996094
2018-06-20,34.199222564697266
2018-06-21,33.845298767089844
2018-06-22,34.207454681396484
2018-06-25,33.78767776489258
2018-06-26,33.68891143798828
2018-06-27,33.359676361083984
2018-06-28,33.37614059448242
2018-06-29,33.754756927490234
2018-07-02,33.5819091796875
2018-07-03,33.70537567138672
2018-07-05,34.30622863769531
2018-07-06,34.51199722290039
2018-07-09,34.709537506103516
2018-07-10,34.80830764770508
2018-07-11,34.19099044799805
2018-07-12,34.45438003540039
2018-07-13,34.53668975830078
2018-07-16,34.6025390625
2018-07-17,34.684844970703125
2018-07-18,34.70130920410156
2018-07-19,34.55315017700195
2018-07-20,34.63546371459961
2018-07-23,34.58607482910156
2018-07-24,34.74245834350586
2018-07-25,35.055233001708984
2018-07-26,34.79184341430664
2018-07-27,34.90707778930664
2018-07-30,34.97292709350586
2018-07-31,35.03876876831055
2018-08-01,34.833003997802734
2018-08-02,34.51199722290039
2018-08-03,34.55315017700195
2018-08-06,34.39676284790039
2018-08-07,34.684844970703125
2018-08-08,34.59430694580078
2018-08-09,34.42969512939453
2018-08-10,33.441986083984375
2018-08-13,33.334991455078125
2018-08-14,33.326751708984375
2018-08-15,32.668277740478516
2018-08-16,32.92343521118164
2018-08-17,33.1374397277832
2018-08-20,33.384368896484375
2018-08-21,33.87822341918945
2018-08-22,34.026371002197266
2018-08-23,33.82060623168945
2018-08-24,34.1827507019043
2018-08-27,34.660152435302734
2018-08-28,34.66837692260742
2018-08-29,34.78361892700195
2018-08-30,34.380306243896484
2018-08-31,33.92760467529297
2018-09-04,33.62306213378906
2018-09-05,33.293827056884766
2018-09-06,33.129207611083984
2018-09-07,32.82466125488281
2018-09-10,33.1950569152832
2018-09-11,33.2362174987793
2018-09-12,33.293827056884766
2018-09-13,33.639522552490234
2018-09-14,33.54075241088867
2018-09-17,33.598365783691406
2018-09-18,33.82060623168945
2018-09-19,33.92760467529297
2018-09-20,34.55315017700195
2018-09-21,34.55315017700195
2018-09-24,34.39676284790039
2018-09-25,34.49552917480469
2018-09-26,34.4708366394043
2018-09-27,34.28976821899414
2018-09-28,33.754756927490234
2018-10-01,33.754756927490234
2018-10-02,33.532527923583984
2018-10-03,33.639522552490234
2018-10-04,33.21152114868164
2018-10-05,32.931663513183594
2018-10-08,32.6353645324707
2018-10-09,32.569515228271484
2018-10-10,31.820505142211914
2018-10-11,31.540658950805664
2018-10-12,31.581802368164062
2018-10-15,31.631193161010742
2018-10-16,32.256744384765625
2018-10-17,31.894577026367188
2018-10-18,31.26080894470215
2018-10-19,31.458354949951172
2018-10-22,31.194965362548828
2018-10-23,30.956256866455078
2018-10-24,29.99325180053711
2018-10-25,30.487104415893555
2018-10-26,30.3636417388916
2018-10-29,30.380102157592773
2018-10-30,30.585878372192383
2018-10-31,30.758726119995117
2018-11-01,31.244346618652344
2018-11-02,31.37603187561035
2018-11-05,31.293729782104492
2018-11-06,31.408966064453125
2018-11-07,31.81227684020996
2018-11-08,31.326656341552734
2018-11-09,31.244346618652344
2018-11-12,30.544719696044922
2018-11-13,30.808116912841797
2018-11-14,30.99741554260254
2018-11-15,31.063268661499023
2018-11-16,31.07149887084961
2018-11-19,30.74225616455078
2018-11-20,30.100257873535156
2018-11-21,30.487104415893555
2018-11-23,30.240182876586914
2018-11-26,30.717567443847656
2018-11-27,30.569414138793945
2018-11-28,30.99741554260254
2018-11-29,30.87395668029785
2018-11-30,30.65172004699707
2018-12-03,31.038572311401367
2018-12-04,30.223722457885742
2018-12-06,29.86978530883789
2018-12-07,29.507631301879883
2018-12-10,29.310094833374023
2018-12-11,29.40886688232422
2018-12-12,29.96033477783203
2018-12-13,29.91094207763672
2018-12-14,29.466474533081055
2018-12-17,29.236013412475586
2018-12-18,29.303878784179688
2018-12-19,29.072154998779297
2018-12-20,28.914920806884766
2018-12-21,28.509418487548828
2018-12-24,28.012882232666016
2018-12-26,28.782514572143555
2018-12-27,28.774240493774414
2018-12-28,28.881818771362305
2018-12-31,29.01422691345215
2019-01-02,28.8735408782959
2019-01-03,28.542524337768555
2019-01-04,29.428010940551758
2019-01-07,29.56869888305664
2019-01-08,29.775585174560547
2019-01-09,30.197643280029297
2019-01-10,30.18109703063965
2019-01-11,29.941099166870117
2019-01-14,29.841793060302734
2019-01-15,29.841793060302734
2019-01-16,29.89971351623535
2019-01-17,29.965923309326172
2019-01-18,30.387983322143555
2019-01-22,29.982471466064453
2019-01-23,30.21419334411621
2019-01-24,30.27212142944336
2019-01-25,30.74382972717285
2019-01-28,30.661075592041016
2019-01-29,30.74382972717285
2019-01-30,31.050024032592773
2019-01-31,30.909332275390625
2019-02-01,30.934165954589844
2019-02-04,31.016921997070312
2019-02-05,31.314847946166992
2019-02-06,31.22380828857422
2019-02-07,30.594871520996094
2019-02-08,30.404531478881836
2019-02-11,30.404531478881836
2019-02-12,30.81830596923828
2019-02-13,30.776927947998047
2019-02-14,30.685901641845703
2019-02-15,31.273468017578125
2019-02-19,31.38932991027832
2019-02-20,31.546554565429688
2019-02-21,31.455530166625977
2019-02-22,31.546554565429688
2019-02-25,31.62104034423828
2019-02-26,31.819656372070312
2019-02-27,31.695524215698242
2019-02-28,31.87758445739746
2019-03-01,32.158958435058594
2019-03-04,32.0017204284668
2019-03-05,31.97690200805664
2019-03-06,31.910686492919922
2019-03-07,31.34795570373535
2019-03-08,31.430706024169922
2019-03-11,31.678970336914062
2019-03-12,31.703794479370117
2019-03-13,31.98516845703125
2019-03-14,32.10930633544922
2019-03-15,32.49825668334961
2019-03-18,32.63066482543945
2019-03-19,32.81272888183594
2019-03-20,32.79617691040039
2019-03-21,32.67204284667969
2019-03-22,31.720352172851562
2019-03-25,31.745176315307617
2019-03-26,31.82793426513672
2019-03-27,31.90241241455078
2019-03-28,31.745176315307617
2019-03-29,31.94378089904785
2019-04-01,32.3658447265625
2019-04-02,32.473426818847656
2019-04-03,32.81272888183594
2019-04-04,32.8044548034668
2019-04-05,32.903751373291016
2019-04-08,32.903751373291016
2019-04-09,32.6885871887207
2019-04-10,32.82927322387695
2019-04-11,32.89548110961914
2019-04-12,33.24306106567383
2019-04-15,33.25960922241211
2019-04-16,33.317535400390625
2019-04-17,33.549259185791016
2019-04-18,33.458221435546875
2019-04-22,33.5244255065918
2019-04-23,33.441680908203125
2019-04-24,33.17685317993164
2019-04-25,33.085819244384766
2019-04-26,33.15202331542969
2019-04-29,33.35892105102539
2019-04-30,33.540977478027344
2019-05-01,33.325809478759766
2019-05-02,33.1685791015625
2019-05-03,33.458221435546875
2019-05-06,33.085819244384766
2019-05-07,32.42377853393555
2019-05-08,32.614112854003906
2019-05-09,32.39895248413086
2019-05-10,32.63066482543945
2019-05-13,31.81137466430664
2019-05-14,32.158958435058594
2019-05-15,32.34929656982422
2019-05-16,32.655494689941406
2019-05-17,32.44860076904297
2019-05-20,32.14240264892578
2019-05-21,32.357566833496094
2019-05-22,32.2499885559082
2019-05-23,31.83620834350586
2019-05-24,32.158958435058594
2019-05-28,31.861032485961914
2019-05-29,31.538280487060547
2019-05-30,31.71207618713379
2019-05-31,31.38104248046875
2019-06-03,31.612773895263672
2019-06-04,32.14240264892578
2019-06-05,32.084476470947266
2019-06-06,32.192054748535156
2019-06-07,32.655494689941406
2019-06-10,32.721702575683594
2019-06-11,32.953407287597656
2019-06-12,32.680320739746094
2019-06-13,32.69687271118164
2019-06-14,32.42377853393555
2019-06-17,32.40763473510742
2019-06-18,32.99393081665039
2019-06-19,33.13837432861328
2019-06-20,33.461265563964844
2019-06-21,33.4527587890625
2019-06-24,33.50374984741211
2019-06-25,33.248836517333984
2019-06-26,33.316810607910156
2019-06-27,33.350799560546875
2019-06-28,33.61420822143555
2019-07-01,33.69068145751953
2019-07-02,33.70767593383789
2019-07-03,34.064552307128906
2019-07-05,33.78414535522461
2019-07-08,33.571720123291016
2019-07-09,33.469764709472656
2019-07-10,33.563228607177734
2019-07-11,33.512245178222656
2019-07-12,33.58871841430664
2019-07-15,33.648189544677734
2019-07-16,33.59720993041992
2019-07-17,33.435768127441406
2019-07-18,33.5207405090332
2019-07-19,33.248836517333984
2019-07-22,33.39327621459961
2019-07-23,33.68218231201172
2019-07-24,33.75865173339844
2019-07-25,33.427268981933594
2019-07-26,33.4952507019043
2019-07-29,33.53772735595703
2019-07-30,32.90046310424805
2019-07-31,32.70502853393555
2019-08-01,32.6115608215332
2019-08-02,32.263179779052734
2019-08-05,31.6343994140625
2019-08-06,31.82134246826172
2019-08-07,32.008270263671875
2019-08-08,32.25468444824219
2019-08-09,32.067752838134766
2019-08-12,31.804344177246094
2019-08-13,32.10173416137695
2019-08-14,31.090593338012695
2019-08-15,31.04810905456543
2019-08-16,31.464468002319336
2019-08-19,31.736358642578125
2019-08-20,31.583417892456055
2019-08-21,31.99976921081543
2019-08-22,31.897808074951172
2019-08-23,31.44746971130371
2019-08-26,31.727867126464844
2019-08-27,31.75335693359375
2019-08-28,31.727867126464844
2019-08-29,32.11872482299805
2019-08-30,32.21220397949219
2019-09-03,32.10173416137695
2019-09-04,32.62005615234375
2019-09-05,32.84947967529297
2019-09-06,32.90895080566406
2019-09-09,33.02791213989258
2019-09-10,33.095890045166016
2019-09-11,33.189353942871094
2019-09-12,33.4952507019043
2019-09-13,33.58021545410156
2019-09-16,33.18085861206055
2019-09-17,33.325313568115234
2019-09-18,33.29981231689453
2019-09-19,33.410274505615234
2019-09-20,33.29981231689453
2019-09-23,33.12987518310547
2019-09-24,32.95143127441406
2019-09-25,32.78999710083008
2019-09-26,32.883460998535156
2019-09-27,32.85797119140625
2019-09-30,33.04490661621094
2019-10-01,32.739009857177734
2019-10-02,31.923295974731445
2019-10-03,32.16971206665039
2019-10-04,32.44161605834961
2019-10-07,32.450111389160156
2019-10-08,32.067752838134766
2019-10-09,32.399131774902344
2019-10-10,32.68803787231445
2019-10-11,33.37628936767578
2019-10-14,33.33380889892578
2019-10-15,33.75865173339844
2019-10-16,33.86062240600586
2019-10-17,33.98807144165039
2019-10-18,34.0390625
2019-10-21,34.183509826660156
2019-10-22,33.9965705871582
2019-10-23,34.14952087402344
2019-10-24,34.183509826660156
2019-10-25,34.158016204833984
2019-10-28,34.319454193115234
2019-10-29,34.31096649169922
2019-10-30,34.438411712646484
2019-10-31,34.344947814941406
2019-11-01,34.599853515625
2019-11-04,34.837772369384766
2019-11-05,34.769805908203125
2019-11-06,34.76130294799805
2019-11-07,34.79529571533203
2019-11-08,34.77829360961914
2019-11-11,34.76130294799805
2019-11-12,34.76130294799805
2019-11-13,34.64234161376953
2019-11-14,34.62535858154297
2019-11-15,34.871768951416016
2019-11-18,34.88875961303711
2019-11-19,34.80379104614258
2019-11-20,34.62535858154297
2019-11-21,34.599853515625
2019-11-22,34.63385009765625
2019-11-25,34.7528076171875
2019-11-26,34.837772369384766
2019-11-27,34.812286376953125
2019-11-29,34.65934371948242
2019-12-02,34.32795715332031
2019-12-03,34.27696990966797
2019-12-04,34.557376861572266
2019-12-05,34.54038619995117
2019-12-06,34.7528076171875
2019-12-09,34.523399353027344
2019-12-10,34.63385009765625
2019-12-11,34.8632698059082
2019-12-12,35.16067123413086
2019-12-13,35.279624938964844
2019-12-16,35.63796615600586
2019-12-17,35.50998306274414
2019-12-18,35.39907455444336
2019-12-19,35.43320083618164
2019-12-20,35.50998306274414
2019-12-23,35.586769104003906
2019-12-24,35.53558349609375
2019-12-26,35.72328186035156
2019-12-27,35.85125732421875
2019-12-30,35.586769104003906
2019-12-31,35.76594543457031
2020-01-02,36.20960998535156
2020-01-03,35.697689056396484
2020-01-06,35.79153823852539
2020-01-07,35.595314025878906
2020-01-08,35.748878479003906
2020-01-09,35.8853874206543
2020-01-10,35.748878479003906
2020-01-13,35.89392852783203
2020-01-14,35.8853874206543
2020-01-15,35.79153823852539
2020-01-16,35.97924041748047
2020-01-17,36.09016036987305
2020-01-21,35.79153823852539
2020-01-22,35.697689056396484
2020-01-23,35.60383605957031
2020-01-24,35.50145721435547
2020-01-27,34.71651077270508
2020-01-28,35.108985900878906
2020-01-29,35.168701171875
2020-01-30,35.14310836791992
2020-01-31,34.537349700927734
2020-02-03,34.673858642578125
2020-02-04,35.2540283203125
2020-02-05,35.646488189697266
2020-02-06,35.82566833496094
2020-02-07,35.518516540527344
2020-02-10,35.586769104003906
2020-02-11,35.817134857177734
2020-02-12,36.00484085083008
2020-02-13,35.76594543457031
2020-02-14,35.78300857543945
2020-02-18,35.62089920043945
2020-02-19,35.859798431396484
2020-02-20,35.629432678222656
2020-02-21,35.4161262512207
2020-02-24,33.8803825378418
2020-02-25,33.07837677001953
2020-02-26,33.112510681152344
2020-02-27,32.17399215698242
2020-02-28,31.986291885375977
2020-03-02,32.60912322998047
2020-03-03,32.165462493896484
2020-03-04,33.300209045410156
2020-03-05,32.122806549072266
2020-03-06,31.576753616333008
2020-03-09,28.701488494873047
2020-03-10,29.58881378173828
2020-03-11,27.92507553100586
2020-03-12,24.384319305419922
2020-03-13,25.962730407714844
2020-03-16,22.857099533081055
2020-03-17,23.829742431640625
2020-03-18,22.191604614257812
2020-03-19,22.515819549560547
2020-03-20,22.601137161254883
2020-03-23,22.857099533081055
2020-03-24,24.84504508972168
2020-03-25,25.809158325195312
2020-03-26,26.960969924926758
2020-03-27,25.860349655151367
2020-03-30,26.17603302001953
2020-03-31,26.030982971191406
2020-04-01,24.776790618896484
2020-04-02,25.152196884155273
2020-04-03,24.648807525634766
2020-04-06,26.107772827148438
2020-04-07,26.269882202148438
2020-04-08,26.628225326538086
2020-04-09,27.344907760620117
2020-04-13,26.943906784057617
2020-04-14,27.438758850097656
2020-04-15,26.261350631713867
2020-04-16,26.15043067932129
2020-04-17,27.054821014404297
2020-04-20,26.662351608276367
2020-04-21,26.107772827148438
2020-04-22,26.45758628845215
2020-04-23,26.227224349975586
2020-04-24,26.57703399658203
2020-04-27,27.029226303100586
2020-04-28,27.165739059448242
2020-04-29,28.155441284179688
2020-04-30,27.63499641418457
2020-05-01,27.088947296142578
2020-05-04,26.909778594970703
2020-05-05,26.850053787231445
2020-05-06,26.57703399658203
2020-05-07,27.09748077392578
2020-05-08,27.558204650878906
2020-05-11,27.379032135009766
2020-05-12,26.960969924926758
2020-05-13,26.551433563232422
2020-05-14,26.36373519897461
2020-05-15,26.389331817626953
2020-05-18,27.831226348876953
2020-05-19,27.30224609375
2020-05-20,28.001873016357422
2020-05-21,27.73737907409668
2020-05-22,27.797101974487305
2020-05-26,28.718557357788086
2020-05-27,29.42670249938965
2020-05-28,29.62293815612793
2020-05-29,29.674129486083984
2020-06-01,30.356685638427734
2020-06-02,30.851543426513672
2020-06-03,31.952163696289062
2020-06-04,32.02041244506836
2020-06-05,32.66883850097656
2020-06-08,33.0869026184082
2020-06-09,32.4384880065918
2020-06-10,32.20811462402344
2020-06-11,30.220172882080078
2020-06-12,30.800350189208984
2020-06-15,31.117115020751953
2020-06-16,31.487253189086914
2020-06-17,31.530288696289062
2020-06-18,31.332304000854492
2020-06-19,31.117115020751953
2020-06-22,31.607759475708008
2020-06-23,31.91764259338379
2020-06-24,31.039644241333008
2020-06-25,31.538888931274414
2020-06-26,30.970783233642578
2020-06-29,31.426986694335938
2020-06-30,31.401172637939453
2020-07-01,31.495853424072266
2020-07-02,31.969284057617188
2020-07-06,32.62348175048828
2020-07-07,32.08979034423828
2020-07-08,32.459930419921875
2020-07-09,31.977886199951172
2020-07-10,32.35663604736328
2020-07-13,32.24473190307617
2020-07-14,32.761199951171875
2020-07-15,33.13133239746094
2020-07-16,33.088294982910156
2020-07-17,33.234619140625
2020-07-20,33.50146484375
2020-07-21,33.62197494506836
2020-07-22,33.802738189697266
2020-07-23,33.492862701416016
2020-07-24,33.25184631347656
2020-07-27,33.587547302246094
2020-07-28,33.320701599121094
2020-07-29,33.7338752746582
2020-07-30,33.13133239746094
2020-07-31,32.425498962402344
2020-08-03,33.079689025878906
2020-08-04,33.24323654174805
2020-08-05,33.406776428222656
2020-08-06,33.475643157958984
2020-08-07,33.28627395629883
2020-08-10,33.32931900024414
2020-08-11,33.53589630126953
2020-08-12,34.3536376953125
2020-08-13,34.14705276489258
2020-08-14,33.82855987548828
2020-08-17,34.0523681640625
2020-08-18,34.01793670654297
2020-08-19,33.90603256225586
2020-08-20,33.70805740356445
2020-08-21,33.44121170043945
2020-08-24,34.0523681640625
2020-08-25,34.224517822265625
2020-08-26,34.499969482421875
2020-08-27,34.01793670654297
2020-08-28,34.327816009521484
2020-08-31,33.90603256225586
2020-09-01,33.931854248046875
2020-09-02,34.508575439453125
2020-09-03,33.742488861083984
2020-09-04,33.776920318603516
2020-09-08,33.22602081298828
2020-09-09,34.043758392333984
2020-09-10,33.70805740356445
2020-09-11,33.949073791503906
2020-09-14,34.06097412109375
2020-09-15,34.224517822265625
2020-09-16,34.078189849853516
2020-09-17,34.19870376586914
2020-09-18,33.854393005371094
2020-09-21,32.69234085083008
2020-09-22,32.55461502075195
2020-09-23,32.072574615478516
2020-09-24,32.210304260253906
2020-09-25,32.132835388183594
2020-09-28,32.80424118041992
2020-09-29,32.85587692260742
2020-09-30,32.640689849853516
2020-10-01,32.91614532470703
2020-10-02,32.83867263793945
2020-10-05,33.50146484375
2020-10-06,33.12272644042969
2020-10-07,33.467037200927734
2020-10-08,33.768306732177734
2020-10-09,34.043758392333984
2020-10-12,34.29338455200195
2020-10-13,33.78553009033203
2020-10-14,33.751094818115234
2020-10-15,33.38096237182617
2020-10-16,33.665016174316406
2020-10-19,33.50146484375
2020-10-20,33.802738189697266
2020-10-21,33.346527099609375
2020-10-22,33.36374282836914
2020-10-23,33.72526550292969
2020-10-26,32.761199951171875
2020-10-27,32.201690673828125
2020-10-28,30.910518646240234
2020-10-29,30.970783233642578
2020-10-30,30.88470458984375
2020-11-02,31.383960723876953
2020-11-03,32.33941650390625
2020-11-04,32.8300666809082
2020-11-05,33.72526550292969
2020-11-06,33.81996154785156
2020-11-09,35.214412689208984
2020-11-10,35.825565338134766
2020-11-11,36.057979583740234
2020-11-12,35.489864349365234
2020-11-13,36.13544845581055
2020-11-16,36.479766845703125
2020-11-17,36.53139877319336
2020-11-18,36.33342742919922
2020-11-19,36.5916633605957
2020-11-20,36.540008544921875
2020-11-23,36.58305358886719
2020-11-24,37.15977096557617
2020-11-25,37.254459381103516
2020-11-27,37.529911041259766
2020-11-30,36.961795806884766
2020-12-01,37.83118438720703
2020-12-02,37.85700225830078
2020-12-03,37.85700225830078
2020-12-04,38.209922790527344
2020-12-07,37.97751235961914
2020-12-08,38.080810546875
2020-12-09,37.90864944458008
2020-12-10,38.011940002441406
2020-12-11,37.72789001464844
2020-12-14,37.80909729003906
2020-12-15,38.30681228637695
2020-12-16,38.48145294189453
2020-12-17,38.80452346801758
2020-12-18,38.63862228393555
2020-12-21,38.02739334106445
2020-12-22,37.94880676269531
2020-12-23,38.472721099853516
2020-12-24,38.53384780883789
2020-12-28,38.86564636230469
2020-12-29,38.97917175292969
2020-12-30,38.98790740966797
2020-12-31,38.490177154541016
2021-01-04,38.944236755371094
2021-01-05,39.17127227783203
2021-01-06,39.625328063964844
2021-01-07,39.791229248046875
2021-01-08,39.9920654296875
2021-01-11,39.345909118652344
2021-01-12,39.433223724365234
2021-01-13,39.36337661743164
2021-01-14,39.53800964355469
2021-01-15,38.76960372924805
2021-01-19,39.11888122558594
2021-01-20,39.32844543457031
2021-01-21,39.45942306518555
2021-01-22,39.18000030517578
2021-01-25,38.78705978393555
2021-01-26,39.04902648925781
2021-01-27,38.01865768432617
2021-01-28,38.51637649536133
2021-01-29,37.81782913208008
2021-02-01,38.289344787597656
2021-02-02,38.830726623535156
2021-02-03,38.90058135986328
2021-02-04,39.01409912109375
2021-02-05,39.354637145996094
2021-02-08,39.5467414855957
2021-02-09,39.65152359008789
2021-02-10,39.4506950378418
2021-02-11,39.782501220703125
2021-02-12,39.95713424682617
2021-02-16,40.15797424316406
2021-02-17,39.782501220703125
2021-02-18,39.68645477294922
2021-02-19,39.87854766845703
2021-02-22,39.76504135131836
2021-02-23,39.75630569458008
2021-02-24,40.14051055908203
2021-02-25,39.47688293457031
2021-02-26,39.10141372680664
2021-03-01,39.773765563964844
2021-03-02,39.8261604309082
2021-03-03,39.52054214477539
2021-03-04,39.13634490966797
2021-03-05,39.2673225402832
2021-03-08,39.354637145996094
2021-03-09,39.89601516723633
2021-03-10,40.271488189697266
2021-03-11,40.681888580322266
2021-03-12,40.6469612121582
2021-03-15,40.542179107666016
2021-03-16,40.47232437133789
2021-03-17,40.865257263183594
2021-03-18,40.3675422668457
2021-03-19,40.341339111328125
2021-03-22,40.446128845214844
2021-03-23,39.91347885131836
2021-03-24,39.8261604309082
2021-03-25,40.03573226928711
2021-03-26,40.585838317871094
2021-03-29,40.43739318847656
2021-03-30,40.550907135009766
2021-03-31,40.542179107666016
2021-04-01,41.22325897216797
2021-04-05,41.92181396484375
2021-04-06,41.493953704833984
2021-04-07,41.598731994628906
2021-04-08,41.77337646484375
2021-04-09,41.851966857910156
2021-04-12,41.67732238769531
2021-04-13,41.98294448852539
2021-04-14,41.97420883178711
2021-04-15,42.26235580444336
2021-04-16,42.751346588134766
2021-04-19,42.74261474609375
2021-04-20,41.96547317504883
2021-04-21,42.419532775878906
2021-04-22,42.35841369628906
2021-04-23,42.829933166503906
2021-04-26,42.94343948364258
2021-04-27,42.960906982421875
2021-04-28,43.13555145263672
2021-04-29,43.08315658569336
2021-04-30,42.42826461791992
2021-05-03,42.90851974487305
2021-05-04,42.12265396118164
2021-05-05,42.71641159057617
2021-05-06,43.100624084472656
2021-05-07,43.7380485534668
2021-05-10,43.26652908325195
2021-05-11,42.76880645751953
2021-05-12,42.28855514526367
2021-05-13,42.74261474609375
2021-05-14,43.67692184448242
2021-05-17,43.589599609375
2021-05-18,43.563411712646484
2021-05-19,43.030765533447266
2021-05-20,43.7380485534668
2021-05-21,43.82536697387695
2021-05-24,44.174644470214844
2021-05-25,44.270694732666016
2021-05-26,44.02619552612305
2021-05-27,44.11351776123047
2021-05-28,44.28815841674805
2021-06-01,44.593780517578125
2021-06-02,44.6374397277832
2021-06-03,44.33181381225586
2021-06-04,44.6374397277832
2021-06-07,44.91685485839844
2021-06-08,44.85573196411133
2021-06-09,44.77714157104492
2021-06-10,44.75422286987305
2021-06-11,44.956974029541016
2021-06-14,45.05393981933594
2021-06-15,45.09801483154297
2021-06-16,44.63081359863281
2021-06-17,44.28703308105469
2021-06-18,43.37907028198242
2021-06-21,43.98731994628906
2021-06-22,44.004940032958984
2021-06-23,43.6170768737793
2021-06-24,44.172428131103516
2021-06-25,44.25176239013672
2021-06-28,43.8991584777832
2021-06-29,43.93442153930664
2021-06-30,43.50247573852539
2021-07-01,43.66997146606445
2021-07-02,43.714046478271484
2021-07-06,43.31736373901367
2021-07-07,43.54656219482422
2021-07-08,42.8237190246582
2021-07-09,43.643516540527344
2021-07-12,43.837459564208984
2021-07-13,43.48485565185547
2021-07-14,43.68760299682617
2021-07-15,43.19395446777344
2021-07-16,42.8237190246582
2021-07-19,41.90695571899414
2021-07-20,42.321258544921875
2021-07-21,43.10580062866211
2021-07-22,43.229217529296875
2021-07-23,43.643516540527344
2021-07-26,43.81101608276367
2021-07-27,43.59063720703125
2021-07-28,43.872718811035156
2021-07-29,44.21650314331055
2021-07-30,43.9432373046875
2021-08-02,44.10190963745117
2021-08-03,44.38398742675781
2021-08-04,44.39280319213867
2021-08-05,44.595558166503906
2021-08-06,44.533851623535156
2021-08-09,44.48977279663086
2021-08-10,44.533851623535156
2021-08-11,44.851192474365234
2021-08-12,44.93052291870117
2021-08-13,45.2302360534668
2021-08-16,44.965789794921875
2021-08-17,44.48095703125
2021-08-18,44.357540130615234
2021-08-19,43.872718811035156
2021-08-20,44.066650390625
2021-08-23,44.51622009277344
2021-08-24,44.595558166503906
2021-08-25,44.63081359863281
2021-08-26,44.38398742675781
2021-08-27,44.824745178222656
2021-08-30,44.851192474365234
2021-08-31,44.8071174621582
2021-09-01,45.24787521362305
2021-09-02,45.424171447753906
2021-09-03,45.142093658447266
2021-09-07,45.17735290527344
2021-09-08,44.727779388427734
2021-09-09,44.622005462646484
2021-09-10,44.41043472290039
2021-09-13,44.75422286987305
2021-09-14,44.63081359863281
2021-09-15,44.56911087036133
2021-09-16,44.55147933959961
2021-09-17,43.88153076171875
2021-09-20,42.920692443847656
2021-09-21,43.467220306396484
2021-09-22,43.91679000854492
2021-09-23,44.50740432739258
2021-09-24,44.04020309448242
2021-09-27,43.98731994628906
2021-09-28,42.938316345214844
2021-09-29,42.72675323486328
2021-09-30,42.4182243347168
2021-10-01,42.585716247558594
2021-10-04,42.29481506347656
2021-10-05,42.612159729003906
2021-10-06,42.29481506347656
2021-10-07,42.682682037353516
2021-10-08,42.60334777832031
2021-10-11,42.29481506347656
2021-10-12,42.37415313720703
2021-10-13,42.929508209228516
2021-10-14,43.54656219482422
2021-10-15,43.86389923095703
2021-10-18,43.54656219482422
2021-10-19,43.7845573425293
2021-10-20,43.96968460083008
2021-10-21,43.92560577392578
2021-10-22,44.20769500732422
2021-10-25,44.02256774902344
2021-10-26,44.1900634765625
2021-10-27,44.057830810546875
2021-10-28,44.622005462646484
2021-10-29,44.357540130615234
2021-11-01,44.763038635253906
2021-11-02,44.833560943603516
2021-11-03,45.28312683105469
2021-11-04,45.186161041259766
2021-11-05,45.37127685546875
2021-11-08,45.318389892578125
2021-11-09,45.27431869506836
2021-11-10,44.66607666015625
2021-11-11,44.780670166015625
2021-11-12,44.921714782714844
2021-11-15,44.77185821533203
2021-11-16,44.710147857666016
2021-11-17,44.75422286987305
2021-11-18,44.87763595581055
2021-11-19,44.16361618041992
2021-11-22,43.749305725097656
2021-11-23,43.59063720703125
2021-11-24,43.27328872680664
2021-11-26,41.98628234863281
2021-11-29,42.2066650390625
2021-11-30,41.959842681884766
2021-12-01,41.76591110229492
2021-12-02,42.18022155761719
2021-12-03,41.83642578125
2021-12-06,42.30363464355469
2021-12-07,43.334991455078125
2021-12-08,43.37025451660156
2021-12-09,42.79727554321289
2021-12-10,42.964759826660156
2021-12-13,42.563140869140625
2021-12-14,42.31324005126953
2021-12-15,42.90229034423828
2021-12-16,42.75056838989258
2021-12-17,42.06333923339844
2021-12-20,42.134735107421875
2021-12-21,42.70594024658203
2021-12-22,43.25035858154297
2021-12-23,43.518104553222656
2021-12-27,43.92866134643555
2021-12-28,43.937583923339844
2021-12-29,43.97328186035156
2021-12-30,43.83997344970703
2021-12-31,43.848915100097656
2022-01-03,44.296260833740234
2022-01-04,44.43046569824219
2022-01-05,44.11732482910156
2022-01-06,43.95628356933594
2022-01-07,44.17100524902344
2022-01-10,43.64313507080078
2022-01-11,44.179954528808594
2022-01-12,44.51993942260742
2022-01-13,44.16206359863281
2022-01-14,44.17100524902344
2022-01-18,43.419464111328125
2022-01-19,43.44630432128906
2022-01-20,43.22263717651367
2022-01-21,42.57844924926758
2022-01-24,41.97900390625
2022-01-25,41.50482177734375
2022-01-26,41.70165252685547
2022-01-27,41.495880126953125
2022-01-28,41.69269943237305
2022-01-31,42.390567779541016
2022-02-01,42.82002258300781
2022-02-02,43.04369354248047
2022-02-03,42.46214294433594
2022-02-04,42.497928619384766
2022-02-07,42.444244384765625
2022-02-08,42.68581771850586
2022-02-09,43.44630432128906
2022-02-10,42.909488677978516
2022-02-11,41.665863037109375
2022-02-14,41.29009246826172
2022-02-15,42.41740417480469
2022-02-16,42.56056213378906
2022-02-17,41.8537483215332
2022-02-18,41.57639694213867
2022-02-22,40.6011848449707
2022-02-23,40.19856643676758
2022-02-24,39.429134368896484
2022-02-25,40.56538772583008
2022-02-28,39.2591438293457
2022-03-01,37.71131896972656
2022-03-02,38.257083892822266
2022-03-03,37.111881256103516
2022-03-04,35.17039489746094
2022-03-07,33.81045913696289
2022-03-08,34.830413818359375
2022-03-09,37.31765365600586
2022-03-10,36.2708740234375
2022-03-11,35.88615036010742
2022-03-14,36.664527893066406
2022-03-15,37.0045166015625
2022-03-16,38.79389953613281
2022-03-17,38.8386344909668
2022-03-18,38.981788635253906
2022-03-21,38.453914642333984
2022-03-22,39.035465240478516
2022-03-23,38.113929748535156
2022-03-24,38.39128875732422
2022-03-25,38.462867736816406
2022-03-28,38.713382720947266
2022-03-29,40.055423736572266
2022-03-30,39.66175079345703
2022-03-31,38.713382720947266
2022-04-01,39.062313079833984
2022-04-04,39.07125473022461
2022-04-05,38.36444854736328
2022-04-06,37.6129035949707
2022-04-07,37.72026824951172
2022-04-08,37.70237731933594
2022-04-11,37.433963775634766
2022-04-12,37.147666931152344
2022-04-13,37.62185287475586
2022-04-14,37.433963775634766
2022-04-18,37.380287170410156
2022-04-19,37.55923080444336
2022-04-20,38.078147888183594
2022-04-21,37.8902587890625
2022-04-22,37.2818717956543
2022-04-25,37.040306091308594
2022-04-26,35.7519416809082
2022-04-27,35.79668045043945
2022-04-28,36.39612579345703
2022-04-29,35.88615036010742
2022-05-02,35.79668045043945
2022-05-03,36.06509017944336
2022-05-04,36.82557678222656
2022-05-05,35.65353012084961
2022-05-06,35.1435546875
2022-05-09,34.168331146240234
2022-05-10,34.535160064697266
2022-05-11,34.4456901550293
2022-05-12,34.26675033569336
2022-05-13,35.2688102722168
2022-05-16,35.34038543701172
2022-05-17,36.30665588378906
2022-05-18,35.134605407714844
2022-05-19,35.51932907104492
2022-05-20,35.65353012084961
2022-05-23,36.46769332885742
2022-05-24,36.36033248901367
2022-05-25,36.449806213378906
2022-05-26,37.04924392700195
2022-05-27,37.63975143432617
2022-05-31,37.44291687011719
2022-06-01,36.87030792236328
2022-06-02,37.79184341430664
2022-06-03,37.31765365600586
2022-06-06,37.568172454833984
2022-06-07,37.595008850097656
2022-06-08,37.067142486572266
2022-06-09,36.067752838134766
2022-06-10,34.95121765136719
2022-06-13,33.660797119140625
2022-06-14,33.294715881347656
2022-06-15,34.15500259399414
2022-06-16,33.157440185546875
2022-06-17,33.294715881347656
2022-06-21,33.761470794677734
2022-06-22,33.50521469116211
2022-06-23,33.30387496948242
2022-06-24,34.39295196533203
2022-06-27,34.21906280517578
2022-06-28,33.88959884643555
2022-06-29,33.51435852050781
2022-06-30,33.26726150512695
2022-07-01,33.340476989746094
2022-07-05,32.15987777709961
2022-07-06,32.0958137512207
2022-07-07,32.62662887573242
2022-07-08,32.71814727783203
2022-07-11,32.0500602722168
2022-07-12,31.976837158203125
2022-07-13,32.059207916259766
2022-07-14,31.519243240356445
2022-07-15,32.22394561767578
2022-07-18,32.4435920715332
2022-07-19,33.69740295410156
2022-07-20,33.25811767578125
2022-07-21,33.70655822753906
2022-07-22,33.50521469116211
2022-07-25,33.80722427368164
2022-07-26,33.084228515625
2022-07-27,34.01771545410156
2022-07-28,34.255672454833984
2022-07-29,34.92376708984375
2022-08-01,34.83224105834961
2022-08-02,34.26482009887695
2022-08-03,34.813941955566406
2022-08-04,35.11594772338867
2022-08-05,34.813941955566406
2022-08-08,34.896305084228516
2022-08-09,34.71327590942383
2022-08-10,35.4545783996582
2022-08-11,35.43627166748047
2022-08-12,35.72913360595703
2022-08-15,35.363059997558594
2022-08-16,35.46372604370117
2022-08-17,35.05188751220703
2022-08-18,34.813941955566406
2022-08-19,34.24652099609375
2022-08-22,33.21235275268555
2022-08-23,33.24895477294922
2022-08-24,33.35877990722656
2022-08-25,33.7157096862793
2022-08-26,32.57171630859375
2022-08-29,32.68153762817383
2022-08-30,32.58086395263672
2022-08-31,32.33376693725586
2022-09-01,31.848718643188477
2022-09-02,31.53754997253418
2022-09-06,31.629066467285156
2022-09-07,32.306312561035156
2022-09-08,32.150726318359375
2022-09-09,33.0384635925293
2022-09-12,33.80722427368164
2022-09-13,32.50765609741211
2022-09-14,32.654083251953125
2022-09-15,32.324615478515625
2022-09-16,32.1049690246582
2022-09-19,32.25140380859375
2022-09-20,31.464336395263672
2022-09-21,30.988431930541992
2022-09-22,30.84200096130371
2022-09-23,29.652254104614258
2022-09-26,29.258718490600586
2022-09-27,29.020767211914062
2022-09-28,29.762073516845703
2022-09-29,29.29532241821289
2022-09-30,29.26786994934082
2022-10-03,29.954261779785156
2022-10-04,31.57415771484375
2022-10-05,31.125709533691406
2022-10-06,30.439311981201172
2022-10-07,29.734621047973633
2022-10-10,29.624794006347656
2022-10-11,29.24956512451172
2022-10-12,29.158048629760742
2022-10-13,30.018329620361328
2022-10-14,29.606489181518555
2022-10-17,30.66811180114746
2022-10-18,31.098257064819336
2022-10-19,30.640661239624023
2022-10-20,30.64981460571289
2022-10-21,31.26298713684082
2022-10-24,31.546703338623047
2022-10-25,32.33376693725586
2022-10-26,32.66323471069336
2022-10-27,32.324615478515625
2022-10-28,32.69984436035156
2022-10-31,32.22394561767578
2022-11-01,32.498497009277344
2022-11-02,31.738889694213867
2022-11-03,31.418575286865234
2022-11-04,33.056766510009766
2022-11-07,33.294715881347656
2022-11-08,33.70655822753906
2022-11-09,33.294715881347656
2022-11-10,35.25323486328125
2022-11-11,36.15011978149414
2022-11-14,35.80234146118164
2022-11-15,36.021995544433594
2022-11-16,36.021995544433594
2022-11-17,36.0494499206543
2022-11-18,36.159271240234375
2022-11-21,35.82064437866211
2022-11-22,36.28739929199219
2022-11-23,36.58940887451172
2022-11-25,36.79075622558594
2022-11-28,36.20503234863281
2022-11-29,36.31486129760742
2022-11-30,37.1019287109375
2022-12-01,37.422237396240234
2022-12-02,37.431392669677734
2022-12-05,37.001251220703125
2022-12-06,36.77245330810547
2022-12-07,36.86396789550781
2022-12-08,36.97379684448242
2022-12-09,36.909732818603516
2022-12-12,37.083621978759766
2022-12-13,37.67647933959961
2022-12-14,37.648902893066406
2022-12-15,36.53671646118164
2022-12-16,36.104713439941406
2022-12-19,36.104713439941406
2022-12-20,36.18743896484375
2022-12-21,36.67459487915039
2022-12-22,36.31611251831055
2022-12-23,36.35287857055664
2022-12-27,36.44479751586914
2022-12-28,36.058746337890625
2022-12-29,36.738929748535156
2022-12-30,36.288543701171875
2023-01-03,36.77570343017578
2023-01-04,37.75920486450195
2023-01-05,37.41911315917969
2023-01-06,38.47614669799805
2023-01-09,38.8621940612793
2023-01-10,39.174713134765625
2023-01-11,39.5975227355957
2023-01-12,40.17659378051758
2023-01-13,40.3696174621582
2023-01-17,40.29609298706055
2023-01-18,40.0662956237793
2023-01-19,39.81813049316406
2023-01-20,40.2133674621582
2023-01-23,40.489112854003906
2023-01-24,40.49831008911133
2023-01-25,40.709716796875
2023-01-26,40.82920455932617
2023-01-27,40.68213653564453
2023-01-30,40.37881851196289
2023-01-31,40.755672454833984
2023-02-01,41.35313034057617
2023-02-02,41.592105865478516
2023-02-03,41.095760345458984
2023-02-06,40.562652587890625
2023-02-07,40.79243850708008
2023-02-08,40.535072326660156
2023-02-09,40.69132995605469
2023-02-10,40.25931930541992
2023-02-13,40.801631927490234
2023-02-14,41.0222282409668
2023-02-15,41.11414337158203
2023-02-16,40.9854621887207
2023-02-17,41.11414337158203
2023-02-21,40.40638732910156
2023-02-22,40.194984436035156
2023-02-23,40.535072326660156
2023-02-24,39.65267562866211
2023-02-27,40.323665618896484
2023-02-28,40.05711364746094
2023-03-01,40.323665618896484
2023-03-02,40.36043167114258
2023-03-03,41.00384521484375
2023-03-06,41.0222282409668
2023-03-07,40.26851272583008
2023-03-08,40.40638732910156
2023-03-09,39.94680404663086
2023-03-10,39.62510681152344
2023-03-13,39.20228576660156
2023-03-14,39.98357009887695
2023-03-15,38.411808013916016
2023-03-16,39.08279800415039
2023-03-17,38.466957092285156
2023-03-20,39.21147155761719
2023-03-21,40.0662956237793
2023-03-22,39.91004180908203
2023-03-23,39.94680404663086
2023-03-24,39.52399444580078
2023-03-27,39.91923141479492
2023-03-28,39.974388122558594
2023-03-29,40.66375732421875
2023-03-30,41.32555389404297
2023-03-31,41.435855865478516
2023-04-03,41.70240783691406
2023-04-04,41.775943756103516
2023-04-05,41.490997314453125
2023-04-06,41.7575569152832
2023-04-10,41.775943756103516
2023-04-11,41.87704849243164
2023-04-12,42.20794677734375
2023-04-13,42.74106216430664
2023-04-14,42.66753005981445
2023-04-17,42.345821380615234
2023-04-18,42.676727294921875
2023-04-19,42.676727294921875
2023-04-20,42.51127243041992
2023-04-21,42.823787689208984
2023-04-24,42.9984245300293
2023-04-25,42.23552322387695
2023-04-26,42.345821380615234
2023-04-27,42.83297348022461
2023-04-28,42.75945281982422
2023-05-01,42.777835845947266
2023-05-02,42.2263298034668
2023-05-03,42.30905532836914
2023-05-04,42.12522888183594
2023-05-05,42.74106216430664
2023-05-08,42.71349334716797
2023-05-09,42.33662796020508
2023-05-10,42.3182487487793
2023-05-11,42.14360427856445
2023-05-12,42.014923095703125
2023-05-15,42.2263298034668
2023-05-16,41.8862419128418
2023-05-17,42.161983489990234
2023-05-18,42.18037414550781
2023-05-19,42.456119537353516
2023-05-22,42.483699798583984
2023-05-23,41.74836349487305
2023-05-24,41.086570739746094
2023-05-25,41.086570739746094
2023-05-26,41.55534362792969
2023-05-30,41.160099029541016
2023-05-31,40.562652587890625
2023-06-01,41.13253402709961
2023-06-02,41.56453323364258
2023-06-05,41.196868896484375
2023-06-06,41.31636047363281
2023-06-07,41.17766571044922
2023-06-08,41.693084716796875
2023-06-09,41.4400634765625
2023-06-12,41.82428741455078
2023-06-13,42.133541107177734
2023-06-14,42.377193450927734
2023-06-15,42.89262008666992
2023-06-16,42.92073059082031
2023-06-20,42.414676666259766
2023-06-21,42.35845184326172
2023-06-22,42.161659240722656
2023-06-23,41.52440643310547
2023-06-26,41.61811447143555
2023-06-27,42.25537109375
2023-06-28,42.33970642089844
2023-06-29,42.32096862792969
2023-06-30,42.93947219848633
2023-07-03,42.92073059082031
2023-07-05,42.19913864135742
2023-07-06,41.318233489990234
2023-07-07,41.655601501464844
2023-07-10,41.95548629760742
2023-07-11,42.42404556274414
2023-07-12,43.483009338378906
2023-07-13,44.19523620605469
2023-07-14,44.02655029296875
2023-07-17,44.007808685302734
2023-07-18,44.148380279541016
2023-07-19,43.91408920288086
2023-07-20,43.66107177734375
2023-07-21,43.91408920288086
2023-07-24,43.62358474731445
2023-07-25,43.50175476074219
2023-07-26,43.586097717285156
2023-07-27,43.567352294921875
2023-07-28,44.101524353027344
2023-07-31,43.98906326293945
2023-08-01,43.45489501953125
2023-08-02,42.56462097167969
2023-08-03,42.44279479980469
2023-08-04,42.56462097167969
2023-08-07,42.95821762084961
2023-08-08,42.470909118652344
2023-08-09,42.61147689819336
2023-08-10,42.93947219848633
2023-08-11,42.508392333984375
2023-08-14,42.45216751098633
2023-08-15,41.89925765991211
2023-08-16,41.62748336791992
2023-08-17,41.21514892578125
2023-08-18,41.28074645996094
2023-08-21,41.54315185546875
2023-08-22,41.41194534301758
2023-08-23,41.71182632446289
2023-08-24,41.04646301269531
2023-08-25,41.37446594238281
2023-08-28,41.85240173339844
2023-08-29,42.489654541015625
2023-08-30,42.480281829833984
2023-08-31,42.011714935302734
2023-09-01,41.73994827270508
2023-09-05,41.19640350341797
2023-09-06,40.99960708618164
2023-09-07,40.73720932006836
2023-09-08,40.830928802490234
2023-09-11,41.290122985839844
2023-09-12,40.93400573730469
2023-09-13,40.69972610473633
2023-09-14,41.121437072753906
2023-09-15,41.09332275390625
2023-09-18,40.81218338012695
2023-09-19,40.840293884277344
2023-09-20,40.859039306640625
2023-09-21,40.20304870605469
2023-09-22,40.128074645996094
2023-09-25,39.75322341918945
2023-09-26,39.17219543457031
2023-09-27,39.04099655151367
2023-09-28,39.453338623046875
2023-09-29,39.58453369140625
2023-10-02,38.82545852661133
2023-10-03,38.422489166259766
2023-10-04,38.75986099243164
2023-10-05,38.85356903076172
2023-10-06,39.434593200683594
2023-10-09,39.13471221923828
2023-10-10,39.74384689331055
2023-10-11,39.94064712524414
2023-10-12,39.415855407714844
2023-10-13,38.85356903076172
2023-10-16,39.24716567993164
2023-10-17,39.26591110229492
2023-10-18,38.525577545166016
2023-10-19,38.385005950927734
2023-10-20,38.0195198059082
2023-10-23,38.25380325317383
2023-10-24,38.431861877441406
2023-10-25,38.12260818481445
2023-10-26,37.98203659057617
2023-10-27,37.71963882446289
2023-10-30,38.31940460205078
2023-10-31,38.51620101928711
2023-11-01,38.77860641479492
2023-11-02,39.72510528564453
2023-11-03,40.11870574951172
2023-11-06,39.921905517578125
2023-11-07,39.75322341918945
2023-11-08,40.043731689453125
2023-11-09,40.03436279296875
2023-11-10,40.33424758911133
2023-11-13,40.43732833862305
2023-11-14,41.79616928100586
2023-11-15,41.833656311035156
2023-11-16,41.81491470336914
2023-11-17,42.35845184326172
2023-11-20,42.56462097167969
2023-11-21,42.26473617553711
2023-11-22,42.33033752441406
2023-11-24,42.770790100097656
2023-11-27,42.6583366394043
2023-11-28,42.67708206176758
2023-11-29,42.93947219848633
2023-11-30,42.78016662597656
2023-12-01,43.098793029785156
2023-12-04,42.93010711669922
2023-12-05,42.97696304321289
2023-12-06,43.01445007324219
2023-12-07,43.21124267578125
2023-12-08,43.529869079589844
2023-12-11,43.586097717285156
2023-12-12,43.7172966003418
2023-12-13,44.28894805908203
2023-12-14,44.63568878173828
2023-12-15,44.18586349487305
2023-12-18,44.20460510253906
2023-12-19,44.63568878173828
2023-12-20,43.96632385253906
2023-12-21,44.664955139160156
2023-12-22,44.58942413330078
2023-12-26,44.91041564941406
2023-12-27,45.137001037597656
2023-12-28,44.759361267089844
2023-12-29,44.787681579589844
2024-01-02,44.16458511352539
2024-01-03,43.54148483276367
2024-01-04,43.768070220947266
2024-01-05,43.73030471801758
2024-01-08,44.24955749511719
2024-01-09,43.768070220947266
2024-01-10,44.01353073120117
2024-01-11,43.956886291503906
2024-01-12,44.022972106933594
2024-01-16,43.23937225341797
2024-01-17,42.9372673034668
2024-01-18,43.46595764160156
2024-01-19,43.62644958496094
2024-01-22,43.60757064819336
2024-01-23,43.52260208129883
2024-01-24,44.2117919921875
2024-01-25,44.41004943847656
2024-01-26,44.74992752075195
2024-01-29,44.844329833984375
2024-01-30,44.89153289794922
2024-01-31,44.52334213256836
2024-02-01,44.97650146484375
2024-02-02,44.58942413330078
2024-02-05,44.36284637451172
2024-02-06,44.65550994873047
2024-02-07,44.608306884765625
2024-02-08,44.731040954589844
2024-02-09,44.967063903808594
2024-02-12,44.95762252807617
2024-02-13,44.107940673828125
2024-02-14,44.64607620239258
2024-02-15,45.203086853027344
2024-02-16,45.10867691040039
2024-02-20,45.37302017211914
2024-02-21,45.609046936035156
2024-02-22,46.24158477783203
2024-02-23,46.2699089050293
2024-02-26,46.25102996826172
2024-02-27,46.42095947265625
2024-02-28,46.32655334472656
2024-02-29,46.30767059326172
2024-03-01,46.600341796875
2024-03-04,46.66642379760742
2024-03-05,46.44928741455078
2024-03-06,46.93077087402344
2024-03-07,47.65772247314453
2024-03-08,47.289527893066406
2024-03-11,47.251766204833984
2024-03-12,47.71437454223633
2024-03-13,47.884307861328125
2024-03-14,47.516109466552734
2024-03-15,47.553871154785156
2024-03-18,47.327293395996094
2024-03-19,47.45002365112305
2024-03-20,48.120330810546875
2024-03-21,47.912628173828125
2024-03-22,47.761573791503906
2024-03-25,47.912628173828125
2024-03-26,48.016475677490234
2024-03-27,48.42243576049805
2024-03-28,48.20529556274414
2024-04-01,48.23361587524414
2024-04-02,47.70492172241211
2024-04-03,48.129764556884766
2024-04-04,47.629398345947266
2024-04-05,47.761573791503906
2024-04-08,48.05424118041992
2024-04-09,47.837100982666016
2024-04-10,47.2140007019043
2024-04-11,47.176239013671875
2024-04-12,46.25102996826172
2024-04-15,46.19438171386719
2024-04-16,46.03388595581055
2024-04-17,46.052764892578125
2024-04-18,46.00556182861328
2024-04-19,46.00556182861328
2024-04-22,46.53425598144531
2024-04-23,47.308406829833984
2024-04-24,47.13847351074219
2024-04-25,46.94965744018555
2024-04-26,47.34617614746094
2024-04-29,47.35560989379883
2024-04-30,46.50592803955078
2024-05-01,46.345436096191406
2024-05-02,46.88357162475586
2024-05-03,47.31785202026367
2024-05-06,47.761573791503906
2024-05-07,48.092002868652344
2024-05-08,48.29970932006836
2024-05-09,48.76231384277344
2024-05-10,48.95112991333008
2024-05-13,48.970008850097656
2024-05-14,49.36652755737305
2024-05-15,49.857452392578125
2024-05-16,49.4326171875
2024-05-17,49.55534744262695
2024-05-20,49.536468505859375
2024-05-21,49.4326171875
2024-05-22,49.0172119140625
2024-05-23,48.80007553100586
2024-05-24,49.27211380004883
2024-05-28,49.30988311767578
2024-05-29,48.441314697265625
2024-05-30,48.81895446777344
2024-05-31,49.11162185668945
2024-06-03,49.23435592651367
2024-06-04,48.88504409790039
2024-06-05,49.564788818359375
2024-06-06,49.696956634521484
2024-06-07,49.0172119140625
2024-06-10,48.69622802734375
2024-06-11,48.00533676147461
2024-06-12,48.79547119140625
2024-06-13,47.75481033325195
2024-06-14,46.62742233276367
2024-06-17,47.24411392211914
2024-06-18,47.49464416503906
2024-06-20,47.54281997680664
2024-06-21,47.14775848388672
2024-06-24,47.55245590209961
2024-06-25,47.54281997680664
2024-06-26,47.138118743896484
2024-06-27,47.099578857421875
2024-06-28,47.05139923095703
2024-07-01,47.5235481262207
2024-07-02,47.35010528564453
2024-07-03,48.12096405029297
2024-07-05,48.52566909790039
2024-07-08,48.198055267333984
2024-07-09,47.668087005615234
2024-07-10,48.35222625732422
2024-07-11,48.535301208496094
2024-07-12,49.200172424316406
2024-07-15,48.66057205200195
2024-07-16,48.70874786376953
2024-07-17,48.149879455566406
2024-07-18,47.88007354736328
2024-07-19,47.465736389160156
2024-07-22,48.32331848144531
2024-07-23,47.9475212097168
2024-07-24,47.24411392211914
2024-07-25,46.99358367919922
2024-07-26,47.68735885620117
2024-07-29,47.186302185058594
2024-07-30,47.29229736328125
2024-07-31,47.61027145385742
2024-08-01,46.37689971923828
2024-08-02,46.01073455810547
2024-08-05,45.24951171875
2024-08-06,45.25914764404297
2024-08-07,45.45185852050781
2024-08-08,46.08782196044922
2024-08-09,46.24199676513672
2024-08-12,46.09745788574219
2024-08-13,46.762325286865234
2024-08-14,47.00321578979492
2024-08-15,47.63917922973633
2024-08-16,47.99570846557617
2024-08-19,48.58348083496094
2024-08-20,48.487125396728516
2024-08-21,49.03636169433594
2024-08-22,48.602752685546875
2024-08-23,49.42179489135742
2024-08-26,49.25798797607422
2024-08-27,49.43143081665039
2024-08-28,49.238712310791016
2024-08-29,49.325439453125
2024-08-30,49.498878479003906
2024-09-03,48.58348083496094
2024-09-04,48.43894577026367
2024-09-05,48.419677734375
2024-09-06,47.57173156738281
2024-09-09,47.95716094970703
2024-09-10,47.6488151550293
2024-09-11,48.1016960144043
2024-09-12,48.37149429321289
2024-09-13,48.67984390258789
2024-09-16,48.968910217285156
2024-09-17,48.901466369628906
2024-09-18,48.75692367553711
2024-09-19,49.82649230957031
2024-09-20,49.12308120727539
2024-09-23,49.1712646484375
2024-09-24,49.778316497802734
2024-09-25,49.4603385925293
2024-09-26,50.79007339477539
2024-09-27,50.86716079711914
2024-09-30,50.32755661010742
2024-10-01,49.585601806640625
2024-10-02,49.43143081665039
2024-10-03,48.91109848022461
2024-10-04,49.26762390136719
2024-10-07,48.949642181396484
2024-10-08,49.0074577331543
2024-10-09,49.13272476196289
2024-10-10,48.978553771972656
2024-10-11,49.25798797607422
2024-10-14,49.52779006958008
2024-10-15,48.47748947143555
2024-10-16,48.41004180908203
2024-10-17,48.52566909790039
2024-10-18,49.026729583740234
2024-10-21,48.44858169555664
2024-10-22,48.226959228515625
2024-10-23,47.889713287353516
2024-10-24,48.198055267333984
2024-10-25,47.99570846557617
2024-10-28,48.44858169555664
2024-10-29,48.159507751464844
2024-10-30,47.75481033325195
2024-10-31,47.50428009033203
2024-11-01,47.6488151550293
2024-11-04,47.629539489746094
2024-11-05,48.09206008911133
2024-11-06,46.72378158569336
2024-11-07,47.5235481262207
2024-11-08,46.77196502685547
2024-11-11,46.7430534362793
2024-11-12,45.740936279296875
2024-11-13,45.46149826049805
2024-11-14,45.81801986694336
2024-11-15,45.702392578125
2024-11-18,45.89510726928711
2024-11-19,45.634944915771484
2024-11-20,45.46149826049805
2024-11-21,45.28805923461914
2024-11-22,45.32659912109375
2024-11-25,45.65421676635742
2024-11-26,45.32659912109375
2024-11-27,45.577125549316406
2024-11-29,46.116729736328125
2024-12-02,46.16490936279297
2024-12-03,46.39617156982422
2024-12-04,46.656333923339844
2024-12-05,47.24411392211914
2024-12-06,47.465736389160156
2024-12-09,47.330833435058594
2024-12-10,47.06103515625
2024-12-11,47.1959342956543
2024-12-12,46.93577194213867
2024-12-13,47.089942932128906
2024-12-16,46.9261360168457
2024-12-17,46.72823715209961
2024-12-18,45.5544548034668
2024-12-19,45.58355712890625
2024-12-20,45.71936798095703
2024-12-23,45.83577346801758
2024-12-24,46.14619827270508
2024-12-26,46.31111145019531
2024-12-27,46.12679672241211
2024-12-30,45.729068756103516
2024-12-31,45.78727340698242
2025-01-02,45.4283447265625
2025-01-03,45.505950927734375
2025-01-06,46.57302474975586
2025-01-07,46.582725524902344
2025-01-08,46.38871383666992
2025-01-10,46.049190521240234
2025-01-13,45.83577346801758
2025-01-14,46.27230453491211
2025-01-15,46.708839416503906
2025-01-16,47.242374420166016
2025-01-17,47.5818977355957
2025-01-21,48.55196762084961
2025-01-22,48.53256607055664
2025-01-23,48.978797912597656
2025-01-24,49.15340805053711
2025-01-27,49.14371109008789
2025-01-28,48.89149475097656
2025-01-29,49.017601013183594
2025-01-30,49.444435119628906
2025-01-31,49.05640411376953
2025-02-03,48.23184585571289
2025-02-04,48.939998626708984
2025-02-05,49.298919677734375
2025-02-06,49.72574996948242
2025-02-07,49.172813415527344
2025-02-10,49.531742095947266
2025-02-11,50.10408020019531
2025-02-12,50.68612289428711
2025-02-13,51.23905944824219
2025-02-14,51.5397834777832
2025-02-18,51.821102142333984
2025-02-19,50.996543884277344
2025-02-20,51.35546875
2025-02-21,51.0256462097168
2025-02-24,51.01594543457031
2025-02-25,51.6270866394043
2025-02-26,51.69499588012695
2025-02-27,50.763729095458984
2025-02-28,50.821929931640625
2025-03-03,51.91810989379883
2025-03-04,52.024818420410156
2025-03-05,53.79034423828125
2025-03-06,53.37321090698242
2025-03-07,54.013458251953125
2025-03-10,52.626258850097656
2025-03-11,52.7232666015625
2025-03-12,52.800872802734375
2025-03-13,52.22853088378906
2025-03-14,53.489620208740234
2025-03-17,54.05226135253906
2025-03-18,54.37238311767578
2025-03-19,54.3626823425293
2025-03-20,53.499324798583984
2025-03-21,53.11129379272461
2025-03-24,53.033687591552734
2025-03-25,53.46051788330078
2025-03-26,52.48074722290039
2025-03-27,52.5777587890625
2025-03-28,52.28673553466797
2025-03-31,51.65618896484375
2025-04-01,51.947208404541016
2025-04-02,52.16062545776367
2025-04-03,51.24876403808594
2025-04-04,48.066932678222656
2025-04-07,46.640933990478516
2025-04-08,46.204402923583984
2025-04-09,50.30779266357422
2025-04-10,49.434730529785156
2025-04-11,50.59881591796875
2025-04-14,50.95773696899414
2025-04-15,51.49127960205078
2025-04-16,51.413673400878906
2025-04-17,51.753196716308594
2025-04-21,51.31666564941406
2025-04-22,52.52925109863281
2025-04-23,52.89787673950195
2025-04-24,53.6351318359375
2025-04-25,53.97465515136719
2025-04-28,54.149269104003906
2025-04-29,54.22687530517578
2025-04-30,54.05226135253906
2025-05-01,54.081363677978516
2025-05-02,55.090232849121094
2025-05-05,55.2745475769043
2025-05-06,55.17753982543945
2025-05-07,54.993228912353516
2025-05-08,54.97382736206055
2025-05-09,55.42975616455078
2025-05-12,55.49766540527344
2025-05-13,55.88569259643555
2025-05-14,55.75958251953125
2025-05-15,56.1864128112793
2025-05-16,56.3319206237793
2025-05-19,57.01097106933594
2025-05-20,57.45720291137695
2025-05-21,57.1370849609375
2025-05-22,57.12738037109375
2025-05-23,56.671443939208984
2025-05-27,57.58331298828125
2025-05-28,57.01097106933594
2025-05-29,57.292293548583984
2025-05-30,57.22439193725586
2025-06-02,57.80643081665039
2025-06-03,57.379600524902344
2025-06-04,57.69972229003906
2025-06-05,57.796730041503906
2025-06-06,57.93254089355469
2025-06-09,57.903438568115234
2025-06-10,57.91313552856445
2025-06-11,57.83552932739258
2025-06-12,58.21385955810547
2025-06-13,57.23408889770508
2025-06-16,57.72736358642578
2025-06-17,56.77647018432617
2025-06-18,56.736846923828125
2025-06-20,56.58827209472656
2025-06-23,57.12314987182617
2025-06-24,58.00471115112305
2025-06-25,57.64812469482422
2025-06-26,57.984901428222656
2025-06-27,58.7178840637207
2025-06-30,58.88627243041992
2025-07-01,58.757503509521484
2025-07-02,59.11408996582031
2025-07-03,59.04475402832031
2025-07-07,58.70798110961914
2025-07-08,59.332008361816406
2025-07-09,60.06498718261719
2025-07-10,59.678688049316406
2025-07-11,59.11408996582031
2025-07-14,59.04475402832031
2025-07-15,58.361297607421875
2025-07-16,58.539588928222656
2025-07-17,58.69807052612305
2025-07-18,58.539588928222656
2025-07-21,58.757503509521484
2025-07-22,58.95560836791992
2025-07-23,60.263092041015625
2025-07-24,59.52020263671875
2025-07-25,59.71830749511719
2025-07-28,58.549495697021484
2025-07-29,58.757503509521484
2025-07-30,58.252342224121094
2025-07-31,57.51935577392578
2025-08-01,56.95476150512695
2025-08-04,57.667938232421875
2025-08-05,57.74717712402344
2025-08-06,58.252342224121094
2025-08-07,58.965511322021484
2025-08-08,59.20323944091797
2025-08-11,58.7872200012207
2025-08-12,59.37162399291992
2025-08-13,59.86688232421875
2025-08-14,60.15413284301758
2025-08-15,60.46119689941406
2025-08-18,60.144229888916016
2025-08-19,60.263092041015625
2025-08-20,60.421573638916016
2025-08-21,59.985748291015625
2025-08-22,60.916831970214844
2025-08-25,59.87678909301758
2025-08-26,59.63906478881836
2025-08-27,59.39143371582031
2025-08-28,59.609352111816406
2025-08-29,59.24285888671875
2025-09-02,58.480159759521484
2025-09-03,58.58911895751953
2025-09-04,58.91598892211914
2025-09-05,59.08437728881836
2025-09-08,59.63906478881836
2025-09-09,59.63906478881836
2025-09-10,59.38153076171875
2025-09-11,60.055084228515625
2025-09-12,60.01546096801758
2025-09-15,60.589962005615234
2025-09-16,60.43147659301758
2025-09-17,60.1145133972168
2025-09-18,60.59986877441406
2025-09-19,60.471099853515625
2025-09-22,60.59986877441406
2025-09-23,60.74844741821289
2025-09-24,60.44138717651367
2025-09-25,59.965938568115234
2025-09-26,60.698917388916016
2025-09-29,60.9366455078125
2025-09-30,61.3526611328125
2025-10-01,62.03611755371094
2025-10-02,62.402610778808594
2025-10-03,62.511566162109375
2025-10-06,62.145076751708984
2025-10-07,61.53095245361328
2025-10-08,61.927162170410156
2025-10-09,61.332847595214844
2025-10-10,60.44138717651367
2025-10-13,60.89702224731445
2025-10-14,61.24370574951172
2025-10-15,61.40218734741211
2025-10-16,61.986595153808594
2025-10-17,61.96678161621094
2025-10-20,62.283748626708984
2025-10-21,61.82810592651367
2025-10-22,61.63991165161133
2025-10-23,62.08564376831055
2025-10-24,62.055931091308594
2025-10-27,62.53137969970703
2025-10-28,62.442230224609375
2025-10-29,62.234222412109375
2025-10-30,61.82810592651367
2025-10-31,61.58047866821289
2025-11-03,61.560672760009766
2025-11-04,60.837589263916016
2025-11-05,61.34275817871094
2025-11-06,60.96635818481445
2025-11-07,61.18427276611328
2025-11-10,61.94697189331055
2025-11-11,62.491756439208984
2025-11-12,63.15540313720703
2025-11-13,62.73938751220703
2025-11-14,62.194602966308594
2025-11-17,61.25360870361328
2025-11-18,60.490909576416016
2025-11-19,60.37205123901367
2025-11-20,59.51029968261719
2025-11-21,60.20365905761719
2025-11-24,60.124420166015625
2025-11-25,61.17436599731445
2025-11-26,61.82810592651367
2025-11-28,62.065834045410156
2025-12-01,61.986595153808594
2025-12-02,62.353084564208984
2025-12-03,62.77900695800781
2025-12-04,62.749290466308594
2025-12-05,62.73938751220703
2025-12-08,62.77900695800781
2025-12-09,62.610618591308594
2025-12-10,63.2247428894043
2025-12-11,63.80914306640625
2025-12-12,63.37331771850586
2025-12-15,63.720001220703125
2025-12-16,63.59000015258789
2025-12-17,63.0099983215332
2025-12-18,63.45000076293945
2025-12-19,63.790000915527344
2025-12-22,63.970001220703125
2025-12-23,64.0999984741211
2025-12-24,64.19999694824219
2025-12-26,64.33000183105469
2025-12-29,64.0999984741211
2025-12-30,64.41999816894531
2025-12-31,64.0999984741211
2026-01-02,65.01000213623047
2026-01-05,65.55000305175781
2026-01-06,65.63999938964844
2026-01-07,65.47000122070312
2026-01-08,65.45999908447266
2026-01-09,65.93000030517578
2026-01-12,66.33999633789062
2026-01-13,66.06999969482422
2026-01-14,66.08000183105469
2026-01-15,65.91999816894531
2026-01-16,66.05999755859375
2026-01-20,64.93000030517578
2026-01-21,65.66000366210938
2026-01-22,66.04000091552734
2026-01-23,66.47000122070312
2026-01-26,66.94999694824219
2026-01-27,68.0
2026-01-28,67.16999816894531
2026-01-29,67.20999908447266
2026-01-30,66.66000366210938
2026-02-02,67.2699966430664
2026-02-03,67.06999969482422
2026-02-04,66.87999725341797
2026-02-05,66.16000366210938
2026-02-06,67.3499984741211
2026-02-09,68.38999938964844
2026-02-10,68.19999694824219
2026-02-11,68.26000213623047
2026-02-12,67.62999725341797
2026-02-13,67.37000274658203
2026-02-17,67.87999725341797
2026-02-18,68.12000274658203
2026-02-19,67.80999755859375
2026-02-20,68.68000030517578
2026-02-23,68.43000030517578
2026-02-24,68.54000091552734
2026-02-25,69.2300033569336
2026-02-26,69.05999755859375
2026-02-27,68.58000183105469
2026-03-02,66.80999755859375
2026-03-03,64.52999877929688
2026-03-04,65.33000183105469
2026-03-05,63.959999084472656
2026-03-06,63.310001373291016
2026-03-09,63.869998931884766
2026-03-10,64.04000091552734
2026-03-11,64.04000091552734
2026-03-12,62.9900016784668
2026-03-13,62.16999816894531
2026-03-16,63.209999084472656
2026-03-17,63.529998779296875
2026-03-18,62.38999938964844
2026-03-19,62.40999984741211
2026-03-20,60.189998626708984
2026-03-23,61.900001525878906
2026-03-24,61.529998779296875
2026-03-25,62.279998779296875
2026-03-26,60.9900016784668
2026-03-27,60.25
2026-03-30,60.349998474121094
2026-03-31,62.63999938964844
2026-04-01,63.52000045776367
2026-04-02,63.11000061035156
2026-04-06,63.56999969482422
2026-04-07,62.93000030517578
