Date,Close
1999-02-16,135.77481079101562
1999-02-17,191.59327697753906
1999-02-18,126.7231216430664
1999-02-19,88.25360870361328
1999-02-22,84.48209381103516
1999-02-23,91.2708511352539
1999-02-24,81.46487426757812
1999-02-25,83.72777557373047
1999-02-26,81.46487426757812
1999-03-01,72.41322326660156
1999-03-02,63.3615608215332
1999-03-03,67.88740539550781
1999-03-04,70.15030670166016
1999-03-05,69.39600372314453
1999-03-08,66.3787841796875
1999-03-09,68.26453399658203
1999-03-10,67.88740539550781
1999-03-11,63.73870849609375
1999-03-12,67.88740539550781
1999-03-15,67.88740539550781
1999-03-16,69.39600372314453
1999-03-17,70.90460968017578
1999-03-18,66.00164031982422
1999-03-19,66.3787841796875
1999-03-22,65.2473373413086
1999-03-23,66.3787841796875
1999-03-24,65.2473373413086
1999-03-25,65.2473373413086
1999-03-26,69.01883697509766
1999-03-29,68.26453399658203
1999-03-30,67.13308715820312
1999-03-31,101.0767593383789
1999-04-01,90.51648712158203
1999-04-05,84.48209381103516
1999-04-06,84.48209381103516
1999-04-07,84.48209381103516
1999-04-08,96.17382049560547
1999-04-09,107.11121368408203
1999-04-12,116.16282653808594
1999-04-13,144.07217407226562
1999-04-14,142.1863555908203
1999-04-15,142.56349182128906
1999-04-16,140.3006134033203
1999-04-19,137.28334045410156
1999-04-20,128.2317352294922
1999-04-21,127.85460662841797
1999-04-22,111.63702392578125
1999-04-23,105.22545623779297
1999-04-26,102.96253967285156
1999-04-27,92.025146484375
1999-04-28,99.56817626953125
1999-04-29,99.56817626953125
1999-04-30,101.83110046386719
1999-05-03,110.88274383544922
1999-05-04,119.18013763427734
1999-05-05,120.68871307373047
1999-05-06,122.95160675048828
1999-05-07,102.20821380615234
1999-05-10,109.75131225585938
1999-05-11,116.16282653808594
1999-05-12,124.4602279663086
1999-05-13,111.63702392578125
1999-05-14,111.63702392578125
1999-05-17,108.9969711303711
1999-05-18,105.60257720947266
1999-05-19,107.11121368408203
1999-05-20,101.45397186279297
1999-05-21,105.60257720947266
1999-05-24,104.09400939941406
1999-05-25,102.58538818359375
1999-05-26,98.8138656616211
1999-05-27,96.5509262084961
1999-05-28,95.0423583984375
1999-06-01,95.0423583984375
1999-06-02,92.77945709228516
1999-06-03,90.51648712158203
1999-06-04,90.8936767578125
1999-06-07,89.3850326538086
1999-06-08,89.76222229003906
1999-06-09,89.76222229003906
1999-06-10,83.72777557373047
1999-06-11,84.8592300415039
1999-06-14,81.46487426757812
1999-06-15,75.430419921875
1999-06-16,71.6589126586914
1999-06-17,72.79036712646484
1999-06-18,70.90460968017578
1999-06-21,73.1675033569336
1999-06-22,72.41322326660156
1999-06-23,71.6589126586914
1999-06-24,72.41322326660156
1999-06-25,73.54466247558594
1999-06-28,74.67613983154297
1999-06-29,72.41322326660156
1999-06-30,61.098663330078125
1999-07-01,69.01883697509766
1999-07-02,72.41322326660156
1999-07-06,74.67613983154297
1999-07-07,73.54466247558594
1999-07-08,71.6589126586914
1999-07-09,72.41322326660156
1999-07-12,73.54466247558594
1999-07-13,82.21917724609375
1999-07-14,80.33341217041016
1999-07-15,79.95623779296875
1999-07-16,78.07050323486328
1999-07-19,76.93904113769531
1999-07-20,76.93904113769531
1999-07-21,75.05328369140625
1999-07-22,74.67613983154297
1999-07-23,72.50749969482422
1999-07-26,71.6589126586914
1999-07-27,70.15030670166016
1999-07-28,69.01883697509766
1999-07-29,66.75594329833984
1999-07-30,72.41322326660156
1999-08-02,68.64167022705078
1999-08-03,66.3787841796875
1999-08-04,63.3615608215332
1999-08-05,61.47580337524414
1999-08-06,61.098663330078125
1999-08-09,58.08141326904297
1999-08-10,54.68706512451172
1999-08-11,45.258243560791016
1999-08-12,44.12680435180664
1999-08-13,47.898319244384766
1999-08-16,48.27546310424805
1999-08-17,48.27546310424805
1999-08-18,47.52117919921875
1999-08-19,47.898319244384766
1999-08-20,47.52117919921875
1999-08-23,46.0125732421875
1999-08-24,47.52117919921875
1999-08-25,45.258243560791016
1999-08-26,42.24104690551758
1999-08-27,42.24104690551758
1999-08-30,42.24104690551758
1999-08-31,42.24104690551758
1999-09-01,42.24104690551758
1999-09-02,45.258243560791016
1999-09-03,48.27546310424805
1999-09-07,46.76687240600586
1999-09-08,43.749656677246094
1999-09-09,41.48674011230469
1999-09-10,42.24104690551758
1999-09-13,46.0125732421875
1999-09-14,46.76687240600586
1999-09-15,46.76687240600586
1999-09-16,44.88111114501953
1999-09-17,45.258243560791016
1999-09-20,45.258243560791016
1999-09-21,44.50394821166992
1999-09-22,44.12680435180664
1999-09-23,43.749656677246094
1999-09-24,45.258243560791016
1999-09-27,43.9382209777832
1999-09-28,45.258243560791016
1999-09-29,43.749656677246094
1999-09-30,39.60098648071289
1999-10-01,41.109588623046875
1999-10-04,40.73243713378906
1999-10-05,39.60098648071289
1999-10-06,37.7152099609375
1999-10-07,37.7152099609375
1999-10-08,37.149497985839844
1999-10-11,35.45230484008789
1999-10-12,35.45230484008789
1999-10-13,36.018043518066406
1999-10-14,35.8294563293457
1999-10-15,36.20661163330078
1999-10-18,41.48674011230469
1999-10-19,46.38972854614258
1999-10-20,53.555606842041016
1999-10-21,39.41239929199219
1999-10-22,46.0125732421875
1999-10-25,46.76687240600586
1999-10-26,46.0125732421875
1999-10-27,44.12680435180664
1999-10-28,42.24104690551758
1999-10-29,42.61819076538086
1999-11-01,43.749656677246094
1999-11-02,40.73243713378906
1999-11-03,41.863887786865234
1999-11-04,41.109588623046875
1999-11-05,41.48674011230469
1999-11-08,42.24104690551758
1999-11-09,42.24104690551758
1999-11-10,39.978118896484375
1999-11-11,39.60098648071289
1999-11-12,39.978118896484375
1999-11-15,41.109588623046875
1999-11-16,41.863887786865234
1999-11-17,41.48674011230469
1999-11-18,39.78955078125
1999-11-19,39.22382736206055
1999-11-22,37.338069915771484
1999-11-23,36.960914611816406
1999-11-24,36.5837516784668
1999-11-26,36.960914611816406
1999-11-29,35.8294563293457
1999-11-30,35.8294563293457
1999-12-01,35.07515335083008
1999-12-02,34.698001861572266
1999-12-03,34.698001861572266
1999-12-06,36.018043518066406
1999-12-07,33.943702697753906
1999-12-08,35.07515335083008
1999-12-09,33.18939208984375
1999-12-10,33.18939208984375
1999-12-13,33.943702697753906
1999-12-14,34.50941848754883
1999-12-15,33.56654357910156
1999-12-16,32.43509292602539
1999-12-17,32.24650573730469
1999-12-20,31.6807804107666
1999-12-21,30.360748291015625
1999-12-22,29.98358917236328
1999-12-23,29.98358917236328
1999-12-27,28.66356658935547
1999-12-28,27.909255981445312
1999-12-29,31.6807804107666
1999-12-30,30.926477432250977
1999-12-31,31.303640365600586
2000-01-03,31.6807804107666
2000-01-04,30.549331665039062
2000-01-05,30.926477432250977
2000-01-06,32.05793380737305
2000-01-07,31.303640365600586
2000-01-10,29.417861938476562
2000-01-11,30.172178268432617
2000-01-12,31.303640365600586
2000-01-13,31.492206573486328
2000-01-14,30.549331665039062
2000-01-18,31.6807804107666
2000-01-19,30.926477432250977
2000-01-20,30.549331665039062
2000-01-21,30.73790168762207
2000-01-24,30.549331665039062
2000-01-25,30.360748291015625
2000-01-26,30.172178268432617
2000-01-27,30.172178268432617
2000-01-28,30.549331665039062
2000-01-31,28.66356658935547
2000-02-01,30.549331665039062
2000-02-02,29.795034408569336
2000-02-03,29.040706634521484
2000-02-04,30.172178268432617
2000-02-07,29.98358917236328
2000-02-08,29.795034408569336
2000-02-09,30.172178268432617
2000-02-10,28.66356658935547
2000-02-11,29.417861938476562
2000-02-14,28.286407470703125
2000-02-15,27.909255981445312
2000-02-16,28.286407470703125
2000-02-17,27.909255981445312
2000-02-18,28.286407470703125
2000-02-22,28.286407470703125
2000-02-23,27.909255981445312
2000-02-24,27.909255981445312
2000-02-25,29.417861938476562
2000-02-28,28.286407470703125
2000-02-29,28.66356658935547
2000-03-01,30.172178268432617
2000-03-02,29.417861938476562
2000-03-03,29.795034408569336
2000-03-06,29.417861938476562
2000-03-07,29.417861938476562
2000-03-08,28.66356658935547
2000-03-09,28.286407470703125
2000-03-10,28.66356658935547
2000-03-13,28.66356658935547
2000-03-14,27.909255981445312
2000-03-15,29.417861938476562
2000-03-16,29.417861938476562
2000-03-17,28.66356658935547
2000-03-20,27.5321102142334
2000-03-21,27.15496253967285
2000-03-22,27.5321102142334
2000-03-23,28.286407470703125
2000-03-24,28.286407470703125
2000-03-27,24.137731552124023
2000-03-28,22.629121780395508
2000-03-29,22.25197410583496
2000-03-30,22.629121780395508
2000-03-31,22.629121780395508
2000-04-03,23.760589599609375
2000-04-04,22.629121780395508
2000-04-05,21.30909538269043
2000-04-06,22.629121780395508
2000-04-07,21.30909538269043
2000-04-10,21.12052345275879
2000-04-11,23.760589599609375
2000-04-12,22.25197410583496
2000-04-13,20.931943893432617
2000-04-14,20.36621856689453
2000-04-17,18.85760498046875
2000-04-18,18.10330581665039
2000-04-19,19.611913681030273
2000-04-20,17.349000930786133
2000-04-24,15.463238716125488
2000-04-25,17.91472816467285
2000-04-26,17.726152420043945
2000-04-27,17.726152420043945
2000-04-28,18.10330581665039
2000-05-01,16.877561569213867
2000-05-02,17.349000930786133
2000-05-03,15.8403902053833
2000-05-04,15.463238716125488
2000-05-05,15.8403902053833
2000-05-08,14.331783294677734
2000-05-09,14.708930969238281
2000-05-10,14.520353317260742
2000-05-11,13.577481269836426
2000-05-12,13.011751174926758
2000-05-15,13.954627990722656
2000-05-16,14.897517204284668
2000-05-17,14.331783294677734
2000-05-18,14.331783294677734
2000-05-19,14.520353317260742
2000-05-22,14.708930969238281
2000-05-23,14.708930969238281
2000-05-24,14.520353317260742
2000-05-25,14.708930969238281
2000-05-26,15.086089134216309
2000-05-30,14.803220748901367
2000-05-31,14.897517204284668
2000-06-01,15.086089134216309
2000-06-02,15.8403902053833
2000-06-05,16.594696044921875
2000-06-06,16.4061222076416
2000-06-07,16.4061222076416
2000-06-08,16.594696044921875
2000-06-09,15.934677124023438
2000-06-12,15.274665832519531
2000-06-13,15.8403902053833
2000-06-14,13.106035232543945
2000-06-15,12.823173522949219
2000-06-16,12.823173522949219
2000-06-19,13.011751174926758
2000-06-20,14.143203735351562
2000-06-21,15.086089134216309
2000-06-22,14.897517204284668
2000-06-23,13.954627990722656
2000-06-26,13.954627990722656
2000-06-27,13.7660551071167
2000-06-28,13.860342979431152
2000-06-29,13.577481269836426
2000-06-30,13.954627990722656
2000-07-03,13.577481269836426
2000-07-05,13.954627990722656
2000-07-06,13.577481269836426
2000-07-07,13.7660551071167
2000-07-10,13.200322151184082
2000-07-11,13.388901710510254
2000-07-12,12.823173522949219
2000-07-13,12.446022033691406
2000-07-14,12.068865776062012
2000-07-17,12.068865776062012
2000-07-18,11.880294799804688
2000-07-19,10.937414169311523
2000-07-20,10.371685028076172
2000-07-21,10.937414169311523
2000-07-24,10.183109283447266
2000-07-25,9.900246620178223
2000-07-26,9.051652908325195
2000-07-27,8.674500465393066
2000-07-28,7.543044567108154
2000-07-31,8.674500465393066
2000-08-01,6.788740634918213
2000-08-02,7.354465484619141
2000-08-03,8.674500465393066
2000-08-04,12.823173522949219
2000-08-07,16.594696044921875
2000-08-08,22.629121780395508
2000-08-09,23.38343620300293
2000-08-10,21.497671127319336
2000-08-11,21.12052345275879
2000-08-14,18.480457305908203
2000-08-15,13.577481269836426
2000-08-16,13.954627990722656
2000-08-17,13.200322151184082
2000-08-18,15.086089134216309
2000-08-21,15.274665832519531
2000-08-22,15.8403902053833
2000-08-23,15.8403902053833
2000-08-24,15.651820182800293
2000-08-25,16.217546463012695
2000-08-28,16.594696044921875
2000-08-29,16.217546463012695
2000-08-30,16.4061222076416
2000-08-31,16.594696044921875
2000-09-01,17.160417556762695
2000-09-05,17.254709243774414
2000-09-06,17.160417556762695
2000-09-07,17.53757667541504
2000-09-08,17.349000930786133
2000-09-11,17.349000930786133
2000-09-12,17.349000930786133
2000-09-13,17.160417556762695
2000-09-14,16.4061222076416
2000-09-15,16.4061222076416
2000-09-18,15.8403902053833
2000-09-19,15.651820182800293
2000-09-20,16.217546463012695
2000-09-21,14.520353317260742
2000-09-22,13.388901710510254
2000-09-25,12.257448196411133
2000-09-26,13.954627990722656
2000-09-27,13.954627990722656
2000-09-28,14.520353317260742
2000-09-29,13.577481269836426
2000-10-02,14.520353317260742
2000-10-03,14.331783294677734
2000-10-04,14.331783294677734
2000-10-05,14.520353317260742
2000-10-06,14.331783294677734
2000-10-09,13.011751174926758
2000-10-10,12.446022033691406
2000-10-11,12.823173522949219
2000-10-12,12.446022033691406
2000-10-13,11.880294799804688
2000-10-16,11.503143310546875
2000-10-17,10.560261726379395
2000-10-18,12.823173522949219
2000-10-19,12.257448196411133
2000-10-20,11.314560890197754
2000-10-23,11.691718101501465
2000-10-24,11.691718101501465
2000-10-25,12.068865776062012
2000-10-26,12.068865776062012
2000-10-27,12.823173522949219
2000-10-30,13.954627990722656
2000-10-31,14.331783294677734
2000-11-01,14.897517204284668
2000-11-02,13.577481269836426
2000-11-03,13.577481269836426
2000-11-06,12.068865776062012
2000-11-07,11.314560890197754
2000-11-08,13.200322151184082
2000-11-09,12.257448196411133
2000-11-10,12.068865776062012
2000-11-13,11.691718101501465
2000-11-14,12.068865776062012
2000-11-15,11.503143310546875
2000-11-16,11.691718101501465
2000-11-17,12.446022033691406
2000-11-20,10.937414169311523
2000-11-21,10.560261726379395
2000-11-22,9.051652908325195
2000-11-24,10.371685028076172
2000-11-27,9.805956840515137
2000-11-28,9.428802490234375
2000-11-29,9.994529724121094
2000-11-30,10.183109283447266
2000-12-01,11.691718101501465
2000-12-04,11.12598705291748
2000-12-05,10.183109283447266
2000-12-06,9.994529724121094
2000-12-07,9.051652908325195
2000-12-08,9.051652908325195
2000-12-11,9.428802490234375
2000-12-12,9.617380142211914
2000-12-13,9.051652908325195
2000-12-14,9.051652908325195
2000-12-15,9.051652908325195
2000-12-18,8.674500465393066
2000-12-19,8.297348022460938
2000-12-20,7.731619358062744
2000-12-21,7.731619358062744
2000-12-22,7.543044567108154
2000-12-26,7.448758602142334
2000-12-27,7.543044567108154
2000-12-28,7.543044567108154
2000-12-29,7.543044567108154
2001-01-02,7.731619358062744
2001-01-03,7.92019510269165
2001-01-04,7.92019510269165
2001-01-05,8.108773231506348
2001-01-08,7.92019510269165
2001-01-09,7.543044567108154
2001-01-10,7.543044567108154
2001-01-11,7.543044567108154
2001-01-12,7.165891647338867
2001-01-16,7.543044567108154
2001-01-17,7.354465484619141
2001-01-18,6.788740634918213
2001-01-19,6.600161075592041
2001-01-22,6.788740634918213
2001-01-23,7.354465484619141
2001-01-24,7.92019510269165
2001-01-25,6.977313995361328
2001-01-26,7.165891647338867
2001-01-29,7.354465484619141
2001-01-30,7.543044567108154
2001-01-31,7.354465484619141
2001-02-01,7.354465484619141
2001-02-02,7.354465484619141
2001-02-05,7.543044567108154
2001-02-06,7.92019510269165
2001-02-07,8.297348022460938
2001-02-08,7.92019510269165
2001-02-09,7.92019510269165
2001-02-12,7.543044567108154
2001-02-13,7.165891647338867
2001-02-14,6.977313995361328
2001-02-15,6.788740634918213
2001-02-16,6.600161075592041
2001-02-20,6.411586761474609
2001-02-21,6.788740634918213
2001-02-22,6.600161075592041
2001-02-23,6.600161075592041
2001-02-26,6.977313995361328
2001-02-27,6.977313995361328
2001-02-28,6.977313995361328
2001-03-01,7.354465484619141
2001-03-02,7.165891647338867
2001-03-05,7.543044567108154
2001-03-06,7.543044567108154
2001-03-07,7.543044567108154
2001-03-08,7.354465484619141
2001-03-09,7.543044567108154
2001-03-12,7.165891647338867
2001-03-13,7.354465484619141
2001-03-14,7.543044567108154
2001-03-15,6.411586761474609
2001-03-16,6.788740634918213
2001-03-19,6.977313995361328
2001-03-20,6.411586761474609
2001-03-21,6.411586761474609
2001-03-22,6.223011016845703
2001-03-23,6.223011016845703
2001-03-26,6.034432888031006
2001-03-27,6.600161075592041
2001-03-28,6.600161075592041
2001-03-29,6.223011016845703
2001-03-30,6.788740634918213
2001-04-02,6.600161075592041
2001-04-03,6.223011016845703
2001-04-04,6.600161075592041
2001-04-05,6.034432888031006
2001-04-06,6.411586761474609
2001-04-09,6.456845283508301
2001-04-10,6.336157321929932
2001-04-11,6.275811672210693
2001-04-12,6.155123233795166
2001-04-16,6.094778060913086
2001-04-17,6.094778060913086
2001-04-18,6.215468883514404
2001-04-19,6.215468883514404
2001-04-20,6.155123233795166
2001-04-23,6.034432888031006
2001-04-24,6.094778060913086
2001-04-25,6.215468883514404
2001-04-26,6.094778060913086
2001-04-27,6.155123233795166
2001-04-30,6.215468883514404
2001-05-01,6.275811672210693
2001-05-02,6.215468883514404
2001-05-03,6.275811672210693
2001-05-04,6.155123233795166
2001-05-07,6.275811672210693
2001-05-08,6.034432888031006
2001-05-09,6.094778060913086
2001-05-10,6.215468883514404
2001-05-11,6.094778060913086
2001-05-14,6.034432888031006
2001-05-15,6.155123233795166
2001-05-16,5.491336822509766
2001-05-17,6.094778060913086
2001-05-18,6.336157321929932
2001-05-21,6.275811672210693
2001-05-22,5.793060302734375
2001-05-23,6.155123233795166
2001-05-24,6.93959903717041
2001-05-25,7.422355651855469
2001-05-29,7.844766616821289
2001-05-30,8.749931335449219
2001-05-31,8.930964469909668
2001-06-01,8.206831932067871
2001-06-04,8.749931335449219
2001-06-05,8.930964469909668
2001-06-06,8.56889533996582
2001-06-07,8.44820785522461
2001-06-08,8.14648723602295
2001-06-11,8.14648723602295
2001-06-12,7.905109882354736
2001-06-13,7.603389263153076
2001-06-14,7.844766616821289
2001-06-15,7.663732051849365
2001-06-18,7.362007141113281
2001-06-19,6.879254341125488
2001-06-20,6.879254341125488
2001-06-21,6.698221206665039
2001-06-22,6.7585673332214355
2001-06-25,7.241321563720703
2001-06-26,6.93959903717041
2001-06-27,6.9999470710754395
2001-06-28,6.7585673332214355
2001-06-29,6.637877464294434
2001-07-02,6.7585673332214355
2001-07-03,6.93959903717041
2001-07-05,6.698221206665039
2001-07-06,6.7585673332214355
2001-07-09,6.7585673332214355
2001-07-10,6.7585673332214355
2001-07-11,6.577533721923828
2001-07-12,6.7585673332214355
2001-07-13,6.7585673332214355
2001-07-16,6.637877464294434
2001-07-17,6.396500587463379
2001-07-18,6.336157321929932
2001-07-19,6.155123233795166
2001-07-20,6.094778060913086
2001-07-23,6.275811672210693
2001-07-24,6.275811672210693
2001-07-25,6.215468883514404
2001-07-26,6.215468883514404
2001-07-27,6.215468883514404
2001-07-30,6.155123233795166
2001-07-31,6.094778060913086
2001-08-01,6.155123233795166
2001-08-02,6.396500587463379
2001-08-03,6.034432888031006
2001-08-06,6.215468883514404
2001-08-07,6.336157321929932
2001-08-08,6.155123233795166
2001-08-09,6.336157321929932
2001-08-10,6.034432888031006
2001-08-13,6.275811672210693
2001-08-14,5.974089622497559
2001-08-15,6.034432888031006
2001-08-16,6.034432888031006
2001-08-17,5.974089622497559
2001-08-20,6.034432888031006
2001-08-21,5.974089622497559
2001-08-22,5.793060302734375
2001-08-23,6.034432888031006
2001-08-24,6.034432888031006
2001-08-27,5.793060302734375
2001-08-28,6.034432888031006
2001-08-29,5.793060302734375
2001-08-30,5.672369003295898
2001-08-31,6.034432888031006
2001-09-04,5.732714653015137
2001-09-05,5.732714653015137
2001-09-06,5.732714653015137
2001-09-07,5.672369003295898
2001-09-10,6.034432888031006
2001-09-17,5.913745403289795
2001-09-18,5.732714653015137
2001-09-19,6.034432888031006
2001-09-20,5.430992126464844
2001-09-21,5.430992126464844
2001-09-24,5.551678657531738
2001-09-25,5.310302734375
2001-09-26,5.551678657531738
2001-09-27,5.732714653015137
2001-09-28,5.793060302734375
2001-10-01,6.456845283508301
2001-10-02,7.301665782928467
2001-10-03,7.060288906097412
2001-10-04,7.241321563720703
2001-10-05,6.93959903717041
2001-10-08,6.93959903717041
2001-10-09,6.7585673332214355
2001-10-10,6.9999470710754395
2001-10-11,6.93959903717041
2001-10-12,7.241321563720703
2001-10-15,8.025797843933105
2001-10-16,7.663732051849365
2001-10-17,7.543044567108154
2001-10-18,7.301665782928467
2001-10-19,7.784421443939209
2001-10-22,7.844766616821289
2001-10-23,7.905109882354736
2001-10-24,8.267175674438477
2001-10-25,11.525772094726562
2001-10-26,15.870562553405762
2001-10-29,15.689533233642578
2001-10-30,15.025741577148438
2001-10-31,16.775732040405273
2001-11-01,16.232629776000977
2001-11-02,17.499862670898438
2001-11-05,17.861928939819336
2001-11-06,17.379173278808594
2001-11-07,17.198139190673828
2001-11-08,17.620548248291016
2001-11-09,17.560205459594727
2001-11-12,17.560205459594727
2001-11-13,17.499862670898438
2001-11-14,17.801584243774414
2001-11-15,18.10330581665039
2001-11-16,17.620548248291016
2001-11-19,18.042957305908203
2001-11-20,17.801584243774414
2001-11-21,18.405025482177734
2001-11-23,18.405025482177734
2001-11-26,18.646404266357422
2001-11-27,18.70675277709961
2001-11-28,24.017047882080078
2001-11-29,21.4222412109375
2001-11-30,21.723968505859375
2001-12-03,23.65498161315918
2001-12-04,25.88772964477539
2001-12-05,24.801525115966797
2001-12-06,25.646347045898438
2001-12-07,25.223947525024414
2001-12-10,24.017047882080078
2001-12-11,22.50843620300293
2001-12-12,21.784313201904297
2001-12-13,21.784313201904297
2001-12-14,21.723968505859375
2001-12-17,21.12052345275879
2001-12-18,19.00846290588379
2001-12-19,16.2929744720459
2001-12-20,17.43951988220215
2001-12-21,17.982620239257812
2001-12-24,16.89641571044922
2001-12-26,17.07744789123535
2001-12-27,17.198139190673828
2001-12-28,17.499862670898438
2001-12-31,17.01710319519043
2002-01-02,17.922271728515625
2002-01-03,17.801584243774414
2002-01-04,17.680892944335938
2002-01-07,17.861928939819336
2002-01-08,17.801584243774414
2002-01-09,17.499862670898438
2002-01-10,16.353322982788086
2002-01-11,17.499862670898438
2002-01-14,17.620548248291016
2002-01-15,17.198139190673828
2002-01-16,17.741233825683594
2002-01-17,17.198139190673828
2002-01-18,17.01710319519043
2002-01-22,15.50849723815918
2002-01-23,14.482643127441406
2002-01-24,13.577481269836426
2002-01-25,13.758508682250977
2002-01-28,13.637823104858398
2002-01-29,14.060233116149902
2002-01-30,12.974037170410156
2002-01-31,14.120577812194824
2002-02-01,13.577481269836426
2002-02-04,13.637823104858398
2002-02-05,12.611973762512207
2002-02-06,12.672314643859863
2002-02-07,12.068865776062012
2002-02-08,12.370591163635254
2002-02-11,12.068865776062012
2002-02-12,12.129215240478516
2002-02-13,12.129215240478516
2002-02-14,12.310246467590332
2002-02-15,12.310246467590332
2002-02-19,12.189556121826172
2002-02-20,11.344738006591797
2002-02-21,10.861984252929688
2002-02-22,12.068865776062012
2002-02-25,12.068865776062012
2002-02-26,10.560261726379395
2002-02-27,10.137848854064941
2002-02-28,10.801637649536133
2002-03-01,12.24990463256836
2002-03-04,12.189556121826172
2002-03-05,13.818859100341797
2002-03-06,14.7843656539917
2002-03-07,16.83607292175293
2002-03-08,18.405025482177734
2002-03-11,14.7843656539917
2002-03-12,16.2929744720459
2002-03-13,16.89641571044922
2002-03-14,17.680892944335938
2002-03-15,15.689533233642578
2002-03-18,16.594696044921875
2002-03-19,16.2929744720459
2002-03-20,15.991252899169922
2002-03-21,15.689533233642578
2002-03-22,14.7843656539917
2002-03-25,15.38780403137207
2002-03-26,16.89641571044922
2002-03-27,15.50849723815918
2002-03-28,16.534351348876953
2002-04-01,16.232629776000977
2002-04-02,15.870562553405762
2002-04-03,15.38780403137207
2002-04-04,16.2929744720459
2002-04-05,15.991252899169922
2002-04-08,17.13779067993164
2002-04-09,17.741233825683594
2002-04-10,17.499862670898438
2002-04-11,17.13779067993164
2002-04-12,19.129161834716797
2002-04-15,19.00846290588379
2002-04-16,18.405025482177734
2002-04-17,17.861928939819336
2002-04-18,18.042957305908203
2002-04-19,17.13779067993164
2002-04-22,17.318830490112305
2002-04-23,16.594696044921875
2002-04-24,16.655038833618164
2002-04-25,16.474000930786133
2002-04-26,16.775732040405273
2002-04-29,16.83607292175293
2002-04-30,16.1119384765625
2002-05-01,15.749871253967285
2002-05-02,15.38780403137207
2002-05-03,15.32746410369873
2002-05-06,15.629181861877441
2002-05-07,15.991252899169922
2002-05-08,16.95676040649414
2002-05-09,18.10330581665039
2002-05-10,17.499862670898438
2002-05-13,18.163646697998047
2002-05-14,17.258480072021484
2002-05-15,17.982620239257812
2002-05-16,16.2929744720459
2002-05-17,16.353322982788086
2002-05-20,15.38780403137207
2002-05-21,15.749871253967285
2002-05-22,16.2929744720459
2002-05-23,16.353322982788086
2002-05-24,15.689533233642578
2002-05-28,15.991252899169922
2002-05-29,15.568842887878418
2002-05-30,15.086089134216309
2002-05-31,15.568842887878418
2002-06-03,15.086089134216309
2002-06-04,15.086089134216309
2002-06-05,15.206778526306152
2002-06-06,15.38780403137207
2002-06-07,15.689533233642578
2002-06-10,13.637823104858398
2002-06-11,15.025741577148438
2002-06-12,15.086089134216309
2002-06-13,15.38780403137207
2002-06-14,14.844711303710938
2002-06-17,15.086089134216309
2002-06-18,15.44815731048584
2002-06-19,16.2929744720459
2002-06-20,15.689533233642578
2002-06-21,16.17228126525879
2002-06-24,15.689533233642578
2002-06-25,15.086089134216309
2002-06-26,15.086089134216309
2002-06-27,15.146431922912598
2002-06-28,15.086089134216309
2002-07-01,15.086089134216309
2002-07-02,15.025741577148438
2002-07-03,14.7843656539917
2002-07-05,15.44815731048584
2002-07-08,14.422298431396484
2002-07-09,14.060233116149902
2002-07-10,14.301610946655273
2002-07-11,13.87919807434082
2002-07-12,13.87919807434082
2002-07-15,14.180925369262695
2002-07-16,14.120577812194824
2002-07-17,13.698169708251953
2002-07-18,12.189556121826172
2002-07-19,13.87919807434082
2002-07-22,13.818859100341797
2002-07-23,13.577481269836426
2002-07-24,12.068865776062012
2002-07-25,12.068865776062012
2002-07-26,12.068865776062012
2002-07-29,11.16370677947998
2002-07-30,10.741293907165527
2002-07-31,10.861984252929688
2002-08-01,10.861984252929688
2002-08-02,11.58612060546875
2002-08-05,12.129215240478516
2002-08-06,12.068865776062012
2002-08-07,13.215411186218262
2002-08-08,13.094722747802734
2002-08-09,12.672314643859863
2002-08-12,13.275754928588867
2002-08-13,13.577481269836426
2002-08-14,12.672314643859863
2002-08-15,12.551623344421387
2002-08-16,12.491275787353516
2002-08-19,11.948179244995117
2002-08-20,11.82749080657959
2002-08-21,12.008523941040039
2002-08-22,11.948179244995117
2002-08-23,11.948179244995117
2002-08-26,11.82749080657959
2002-08-27,11.706805229187012
2002-08-28,11.043014526367188
2002-08-29,12.008523941040039
2002-08-30,12.008523941040039
2002-09-03,11.948179244995117
2002-09-04,11.284392356872559
2002-09-05,12.008523941040039
2002-09-06,11.525772094726562
2002-09-09,11.16370677947998
2002-09-10,11.224048614501953
2002-09-11,11.948179244995117
2002-09-12,11.525772094726562
2002-09-13,11.948179244995117
2002-09-16,12.068865776062012
2002-09-17,11.405081748962402
2002-09-18,11.284392356872559
2002-09-19,11.767149925231934
2002-09-20,9.1119966506958
2002-09-23,9.775785446166992
2002-09-24,10.19819450378418
2002-09-25,9.474061012268066
2002-09-26,9.051652908325195
2002-09-27,8.508551597595215
2002-09-30,8.14648723602295
2002-10-01,7.543044567108154
2002-10-02,7.301665782928467
2002-10-03,7.362007141113281
2002-10-04,8.508551597595215
2002-10-07,8.086140632629395
2002-10-08,7.784421443939209
2002-10-09,7.784421443939209
2002-10-10,8.749931335449219
2002-10-11,8.14648723602295
2002-10-14,8.810274124145508
2002-10-15,9.353376388549805
2002-10-16,9.59475040435791
2002-10-17,9.1119966506958
2002-10-18,9.1119966506958
2002-10-21,9.172341346740723
2002-10-22,8.870616912841797
2002-10-23,9.293028831481934
2002-10-24,9.353376388549805
2002-10-25,9.353376388549805
2002-10-28,8.930964469909668
2002-10-29,9.353376388549805
2002-10-30,8.870616912841797
2002-10-31,9.534408569335938
2002-11-01,9.534408569335938
2002-11-04,9.293028831481934
2002-11-05,9.474061012268066
2002-11-06,9.534408569335938
2002-11-07,9.232685089111328
2002-11-08,9.353376388549805
2002-11-11,10.137848854064941
2002-11-12,9.655096054077148
2002-11-13,9.232685089111328
2002-11-14,9.172341346740723
2002-11-15,9.293028831481934
2002-11-18,9.293028831481934
2002-11-19,9.293028831481934
2002-11-20,9.293028831481934
2002-11-21,9.353376388549805
2002-11-22,9.353376388549805
2002-11-25,8.930964469909668
2002-11-26,9.051652908325195
2002-11-27,8.991310119628906
2002-11-29,9.534408569335938
2002-12-02,9.232685089111328
2002-12-03,9.051652908325195
2002-12-04,8.930964469909668
2002-12-05,9.172341346740723
2002-12-06,8.810274124145508
2002-12-09,8.991310119628906
2002-12-10,8.810274124145508
2002-12-11,9.534408569335938
2002-12-12,9.534408569335938
2002-12-13,9.413716316223145
2002-12-16,9.293028831481934
2002-12-17,9.353376388549805
2002-12-18,9.59475040435791
2002-12-19,10.137848854064941
2002-12-20,12.672314643859863
2002-12-23,14.965392112731934
2002-12-24,14.724014282226562
2002-12-26,12.732656478881836
2002-12-27,11.284392356872559
2002-12-30,10.077505111694336
2002-12-31,9.775785446166992
2003-01-02,10.741293907165527
2003-01-03,11.706805229187012
2003-01-06,10.92232608795166
2003-01-07,10.92232608795166
2003-01-08,11.16370677947998
2003-01-09,10.982673645019531
2003-01-10,11.405081748962402
2003-01-13,11.405081748962402
2003-01-14,12.068865776062012
2003-01-15,11.224048614501953
2003-01-16,11.16370677947998
2003-01-17,11.465429306030273
2003-01-21,11.706805229187012
2003-01-22,12.491275787353516
2003-01-23,13.155067443847656
2003-01-24,12.370591163635254
2003-01-27,12.068865776062012
2003-01-28,12.491275787353516
2003-01-29,12.068865776062012
2003-01-30,11.767149925231934
2003-01-31,12.310246467590332
2003-02-03,12.008523941040039
2003-02-04,12.129215240478516
2003-02-05,12.672314643859863
2003-02-06,11.948179244995117
2003-02-07,11.948179244995117
2003-02-10,12.370591163635254
2003-02-11,12.129215240478516
2003-02-12,12.068865776062012
2003-02-13,12.129215240478516
2003-02-14,12.24990463256836
2003-02-18,12.551623344421387
2003-02-19,12.611973762512207
2003-02-20,12.430937767028809
2003-02-21,12.129215240478516
2003-02-24,12.129215240478516
2003-02-25,12.370591163635254
2003-02-26,12.24990463256836
2003-02-27,12.491275787353516
2003-02-28,12.611973762512207
2003-03-03,12.611973762512207
2003-03-04,12.551623344421387
2003-03-05,12.551623344421387
2003-03-06,12.853348731994629
2003-03-07,12.913690567016602
2003-03-10,12.793001174926758
2003-03-11,13.336099624633789
2003-03-12,14.422298431396484
2003-03-13,15.749871253967285
2003-03-14,16.2929744720459
2003-03-17,16.534351348876953
2003-03-18,15.930909156799316
2003-03-19,15.568842887878418
2003-03-20,15.50849723815918
2003-03-21,17.01710319519043
2003-03-24,17.43951988220215
2003-03-25,17.861928939819336
2003-03-26,17.499862670898438
2003-03-27,17.560205459594727
2003-03-28,16.534351348876953
2003-03-31,15.267115592956543
2003-04-01,13.87919807434082
2003-04-02,15.50849723815918
2003-04-03,16.2929744720459
2003-04-04,16.353322982788086
2003-04-07,16.353322982788086
2003-04-08,16.83607292175293
2003-04-09,16.95676040649414
2003-04-10,18.163646697998047
2003-04-11,17.499862670898438
2003-04-14,17.560205459594727
2003-04-15,17.801584243774414
2003-04-16,17.198139190673828
2003-04-17,17.07744789123535
2003-04-21,16.89641571044922
2003-04-22,17.01710319519043
2003-04-23,15.629181861877441
2003-04-24,15.568842887878418
2003-04-25,15.568842887878418
2003-04-28,15.991252899169922
2003-04-29,17.198139190673828
2003-04-30,16.232629776000977
2003-05-01,16.594696044921875
2003-05-02,16.594696044921875
2003-05-05,17.07744789123535
2003-05-06,16.655038833618164
2003-05-07,17.741233825683594
2003-05-08,17.258480072021484
2003-05-09,17.499862670898438
2003-05-12,17.499862670898438
2003-05-13,17.680892944335938
2003-05-14,17.741233825683594
2003-05-15,17.560205459594727
2003-05-16,17.318830490112305
2003-05-19,17.318830490112305
2003-05-20,16.715389251708984
2003-05-21,17.13779067993164
2003-05-22,16.594696044921875
2003-05-23,17.01710319519043
2003-05-27,16.89641571044922
2003-05-28,17.318830490112305
2003-05-29,20.215356826782227
2003-05-30,19.913631439208984
2003-06-02,21.0601749420166
2003-06-03,21.12052345275879
2003-06-04,20.155010223388672
2003-06-05,20.215356826782227
2003-06-06,19.913631439208984
2003-06-09,19.611913681030273
2003-06-10,20.215356826782227
2003-06-11,20.517086029052734
2003-06-12,21.30154800415039
2003-06-13,22.629121780395508
2003-06-16,24.741182327270508
2003-06-17,24.801525115966797
2003-06-18,27.87909698486328
2003-06-19,29.267004013061523
2003-06-20,28.66356658935547
2003-06-23,29.3876895904541
2003-06-24,28.06011390686035
2003-06-25,28.42218589782715
2003-06-26,39.82726287841797
2003-06-27,41.03417205810547
2003-06-30,45.258243560791016
2003-07-01,45.258243560791016
2003-07-02,41.45655822753906
2003-07-03,38.92210006713867
2003-07-07,36.20661163330078
2003-07-08,36.508323669433594
2003-07-09,41.03417205810547
2003-07-10,40.73243713378906
2003-07-11,41.63759994506836
2003-07-14,41.697940826416016
2003-07-15,41.39622116088867
2003-07-16,41.275535583496094
2003-07-17,40.73243713378906
2003-07-18,43.749656677246094
2003-07-21,47.00825881958008
2003-07-22,50.930625915527344
2003-07-23,48.15477752685547
2003-07-24,46.64617156982422
2003-07-25,48.09443664550781
2003-07-28,48.09443664550781
2003-07-29,49.05995178222656
2003-07-30,49.542701721191406
2003-07-31,46.4047966003418
2003-08-01,46.163429260253906
2003-08-04,46.163429260253906
2003-08-05,40.551395416259766
2003-08-06,35.12041091918945
2003-08-07,33.73248291015625
2003-08-08,31.379066467285156
2003-08-11,34.8790397644043
2003-08-12,43.266883850097656
2003-08-13,41.63759994506836
2003-08-14,38.56003952026367
2003-08-15,38.620384216308594
2003-08-18,37.83591842651367
2003-08-19,38.620384216308594
2003-08-20,37.59450912475586
2003-08-21,39.04279327392578
2003-08-22,39.52555465698242
2003-08-25,39.646236419677734
2003-08-26,41.93931579589844
2003-08-27,42.6634407043457
2003-08-28,42.60309600830078
2003-08-29,45.01687240600586
2003-09-02,47.67202377319336
2003-09-03,47.30996322631836
2003-09-04,48.034095764160156
2003-09-05,48.51686096191406
2003-09-08,48.577186584472656
2003-09-09,48.63755416870117
2003-09-10,47.67202377319336
2003-09-11,46.344482421875
2003-09-12,45.861717224121094
2003-09-15,45.258243560791016
2003-09-16,45.55998611450195
2003-09-17,42.90483856201172
2003-09-18,43.87034606933594
2003-09-19,43.20655059814453
2003-09-22,42.90483856201172
2003-09-23,42.180694580078125
2003-09-24,39.88761520385742
2003-09-25,39.88761520385742
2003-09-26,37.53418731689453
2003-09-29,36.20661163330078
2003-09-30,32.948001861572266
2003-10-01,35.48246765136719
2003-10-02,37.11177444458008
2003-10-03,38.49968719482422
2003-10-06,38.37900161743164
2003-10-07,37.59450912475586
2003-10-08,37.41350555419922
2003-10-09,36.387638092041016
2003-10-10,35.90488052368164
2003-10-13,36.085914611816406
2003-10-14,36.68936538696289
2003-10-15,36.56868362426758
2003-10-16,36.4479866027832
2003-10-17,36.93074035644531
2003-10-20,37.41350555419922
2003-10-21,37.172115325927734
2003-10-22,37.05143737792969
2003-10-23,36.26695251464844
2003-10-24,36.26695251464844
2003-10-27,36.387638092041016
2003-10-28,36.20661163330078
2003-10-29,37.7152099609375
2003-10-30,38.80141830444336
2003-10-31,44.47378921508789
2003-11-03,42.60309600830078
2003-11-04,43.20655059814453
2003-11-05,44.65482711791992
2003-11-06,44.9565315246582
2003-11-07,53.58576965332031
2003-11-10,60.88743591308594
2003-11-11,62.81846618652344
2003-11-12,59.43918228149414
2003-11-13,62.637447357177734
2003-11-14,67.2839584350586
2003-11-17,72.95633697509766
2003-11-18,68.55116271972656
2003-11-19,64.50813293457031
2003-11-20,65.65465545654297
2003-11-21,65.1115493774414
2003-11-24,63.844329833984375
2003-11-25,62.45639419555664
2003-11-26,68.79255676269531
2003-11-28,73.62010192871094
2003-12-01,82.8528060913086
2003-12-02,83.81829833984375
2003-12-03,81.04247283935547
2003-12-04,80.13726806640625
2003-12-05,78.4476547241211
2003-12-08,79.05110931396484
2003-12-09,80.98210144042969
2003-12-10,69.87875366210938
2003-12-11,68.3097915649414
2003-12-12,68.3701400756836
2003-12-15,63.723636627197266
2003-12-16,61.73223876953125
2003-12-17,63.54261779785156
2003-12-18,70.2408218383789
2003-12-19,69.39600372314453
2003-12-22,71.20633697509766
2003-12-23,68.43048858642578
2003-12-24,68.3701400756836
2003-12-26,69.93910217285156
2003-12-29,69.2149658203125
2003-12-30,68.18912506103516
2003-12-31,65.71501159667969
2004-01-02,64.26673126220703
2004-01-05,65.71501159667969
2004-01-06,69.33564758300781
2004-01-07,69.99945068359375
2004-01-08,68.3097915649414
2004-01-09,67.40463256835938
2004-01-12,66.01673126220703
2004-01-13,72.11151885986328
2004-01-14,79.95623779296875
2004-01-15,77.05973052978516
2004-01-16,78.20628356933594
2004-01-20,79.05110931396484
2004-01-21,79.41315460205078
2004-01-22,89.00789642333984
2004-01-23,88.22344970703125
2004-01-26,86.17173767089844
2004-01-27,86.17173767089844
2004-01-28,77.60283660888672
2004-01-29,72.71495056152344
2004-01-30,71.08563232421875
2004-02-02,72.232177734375
2004-02-03,71.508056640625
2004-02-04,69.57703399658203
2004-02-05,66.3787841796875
2004-02-06,66.3787841796875
2004-02-09,66.13740539550781
2004-02-10,66.7408447265625
2004-02-11,67.22358703613281
2004-02-12,67.58566284179688
2004-02-13,68.97358703613281
2004-02-17,69.39600372314453
2004-02-18,67.8741455078125
2004-02-19,66.5349349975586
2004-02-20,63.856502532958984
2004-02-23,54.177589416503906
2004-02-24,60.751949310302734
2004-02-25,64.95221710205078
2004-02-26,66.65670776367188
2004-02-27,65.86532592773438
2004-03-01,66.35230255126953
2004-03-02,65.43922424316406
2004-03-03,64.03911590576172
2004-03-04,66.9610595703125
2004-03-05,68.30027770996094
2004-03-08,68.66551208496094
2004-03-09,68.48290252685547
2004-03-10,68.17852783203125
2004-03-11,64.83045196533203
2004-03-12,65.13482666015625
2004-03-15,64.58697509765625
2004-03-16,64.03911590576172
2004-03-17,64.76960754394531
2004-03-18,64.160888671875
2004-03-19,61.90851974487305
2004-03-22,60.93454360961914
2004-03-23,58.925724029541016
2004-03-24,61.17803192138672
2004-03-25,60.44755554199219
2004-03-26,60.99541473388672
2004-03-29,61.36069107055664
2004-03-30,60.69105911254883
2004-03-31,64.40436553955078
2004-04-01,62.152034759521484
2004-04-02,64.160888671875
2004-04-05,63.613014221191406
2004-04-06,64.52609252929688
2004-04-07,63.613014221191406
2004-04-08,64.0999755859375
2004-04-12,62.69990539550781
2004-04-13,63.00426483154297
2004-04-14,61.786781311035156
2004-04-15,61.72591781616211
2004-04-16,61.36069107055664
2004-04-19,63.917381286621094
2004-04-20,65.13482666015625
2004-04-21,66.35230255126953
2004-04-22,69.27425384521484
2004-04-23,72.86580657958984
2004-04-26,70.06561279296875
2004-04-27,70.67433166503906
2004-04-28,67.08280181884766
2004-04-29,66.59580993652344
2004-04-30,63.917381286621094
2004-05-03,64.46521759033203
2004-05-04,63.978240966796875
2004-05-05,68.6046371459961
2004-05-06,65.62184143066406
2004-05-07,65.92618560791016
2004-05-10,65.50007629394531
2004-05-11,59.777957916259766
2004-05-12,60.204078674316406
2004-05-13,61.90851974487305
2004-05-14,62.76077651977539
2004-05-17,61.604156494140625
2004-05-18,61.665061950683594
2004-05-19,62.03028106689453
2004-05-20,60.99541473388672
2004-05-21,62.5781364440918
2004-05-24,62.76077651977539
2004-05-25,62.82162857055664
2004-05-26,62.27378845214844
2004-05-27,61.23891830444336
2004-05-28,61.96940612792969
2004-06-01,61.05632400512695
2004-06-02,61.96940612792969
2004-06-03,60.87367630004883
2004-06-04,61.17803192138672
2004-06-07,60.87367630004883
2004-06-08,60.02145004272461
2004-06-09,59.5953483581543
2004-06-10,59.41270446777344
2004-06-14,59.53446578979492
2004-06-15,60.1431884765625
2004-06-16,60.204078674316406
2004-06-17,58.743125915527344
2004-06-18,59.83884048461914
2004-06-21,59.169219970703125
2004-06-22,60.63018035888672
2004-06-23,60.63018035888672
2004-06-24,60.751949310302734
2004-06-25,60.69105911254883
2004-06-28,59.10835266113281
2004-06-29,59.777957916259766
2004-06-30,58.438758850097656
2004-07-01,58.49959182739258
2004-07-02,55.82118225097656
2004-07-06,55.638526916503906
2004-07-07,55.151554107666016
2004-07-08,54.603694915771484
2004-07-09,54.54283905029297
2004-07-12,57.160377502441406
2004-07-13,55.638526916503906
2004-07-14,56.1864128112793
2004-07-15,56.24728775024414
2004-07-16,56.1864128112793
2004-07-19,55.21241760253906
2004-07-20,56.24728775024414
2004-07-21,57.7082405090332
2004-07-22,56.30815887451172
2004-07-23,57.52561950683594
2004-07-26,56.49077606201172
2004-07-27,56.36903381347656
2004-07-28,56.97777557373047
2004-07-29,57.03864288330078
2004-07-30,58.01262283325195
2004-08-02,60.204078674316406
2004-08-03,58.864845275878906
2004-08-04,57.89088439941406
2004-08-05,57.3430061340332
2004-08-06,56.12553787231445
2004-08-09,58.682228088378906
2004-08-10,62.09114456176758
2004-08-11,61.96940612792969
2004-08-12,60.50844955444336
2004-08-13,60.93454360961914
2004-08-16,61.96940612792969
2004-08-17,63.18689727783203
2004-08-18,66.7784423828125
2004-08-19,69.45686340332031
2004-08-20,72.19619750976562
2004-08-23,70.43084716796875
2004-08-24,70.0047378540039
2004-08-25,71.64833068847656
2004-08-26,72.13530731201172
2004-08-27,71.58745574951172
2004-08-30,70.24824523925781
2004-08-31,70.61347198486328
2004-09-01,75.2398681640625
2004-09-02,74.57028198242188
2004-09-03,76.82255554199219
2004-09-07,77.30960083007812
2004-09-08,78.2226791381836
2004-09-09,78.83619689941406
2004-09-10,78.89755249023438
2004-09-13,79.5724105834961
2004-09-14,79.8791732788086
2004-09-15,80.67672729492188
2004-09-16,84.60319519042969
2004-09-17,87.73210906982422
2004-09-20,87.67076110839844
2004-09-21,88.9591293334961
2004-09-22,86.13697052001953
2004-09-23,84.8486099243164
2004-09-24,84.1737289428711
2004-09-27,80.79944610595703
2004-09-28,83.43753051757812
2004-09-29,86.87316131591797
2004-09-30,86.01427459716797
2004-10-01,88.9591293334961
2004-10-04,100.00232696533203
2004-10-05,106.38286590576172
2004-10-06,114.6652603149414
2004-10-07,106.32151794433594
2004-10-08,111.9657974243164
2004-10-11,110.24798583984375
2004-10-12,110.7387924194336
2004-10-13,116.68983459472656
2004-10-14,110.55477142333984
2004-10-15,101.59748077392578
2004-10-18,95.46235656738281
2004-10-19,96.07587432861328
2004-10-20,98.89801025390625
2004-10-21,101.4134292602539
2004-10-22,99.57289123535156
2004-10-25,98.71395874023438
2004-10-26,100.73851776123047
2004-10-27,103.62203979492188
2004-10-28,103.37663269042969
2004-10-29,104.60364532470703
2004-11-01,103.19258880615234
2004-11-02,103.4993667602539
2004-11-03,105.5853042602539
2004-11-04,107.36442565917969
2004-11-05,104.48097229003906
2004-11-08,107.24176788330078
2004-11-09,107.85530853271484
2004-11-10,134.11354064941406
2004-11-11,136.62899780273438
2004-11-12,130.12571716308594
2004-11-15,125.7697982788086
2004-11-16,136.383544921875
2004-11-17,132.0276336669922
2004-11-18,142.2118682861328
2004-11-19,135.5859832763672
2004-11-22,135.2178955078125
2004-11-23,137.42652893066406
2004-11-24,142.70274353027344
2004-11-26,143.3775634765625
2004-11-29,143.37759399414062
2004-11-30,141.53150939941406
2004-12-01,135.00872802734375
2004-12-02,137.47019958496094
2004-12-03,136.17791748046875
2004-12-06,132.36273193359375
2004-12-07,127.5629653930664
2004-12-08,128.73214721679688
2004-12-09,128.79368591308594
2004-12-10,135.5625762939453
2004-12-13,131.19354248046875
2004-12-14,131.07046508789062
2004-12-15,134.147216796875
2004-12-16,130.45509338378906
2004-12-17,132.3012237548828
2004-12-20,124.91696166992188
2004-12-21,120.54795837402344
2004-12-22,123.07086944580078
2004-12-23,122.82477569580078
2004-12-27,122.45555114746094
2004-12-28,122.88626861572266
2004-12-29,118.14806365966797
2004-12-30,116.91735076904297
2004-12-31,117.1634521484375
2005-01-03,118.94801330566406
2005-01-04,117.22501373291016
2005-01-05,114.3328857421875
2005-01-06,112.1175765991211
2005-01-07,109.90231323242188
2005-01-10,113.04060363769531
2005-01-11,112.24066162109375
2005-01-12,110.3945541381836
2005-01-13,108.48699951171875
2005-01-14,109.71770477294922
2005-01-18,111.74835968017578
2005-01-19,112.36370849609375
2005-01-20,112.4252700805664
2005-01-21,116.91735076904297
2005-01-24,115.68663024902344
2005-01-25,119.5018310546875
2005-01-26,123.31703186035156
2005-01-27,126.14765167236328
2005-01-28,129.5321807861328
2005-01-31,133.2857666015625
2005-02-01,135.6856689453125
2005-02-02,132.85499572753906
2005-02-03,131.501220703125
2005-02-04,137.83938598632812
2005-02-07,133.03964233398438
2005-02-08,134.0857391357422
2005-02-09,127.68606567382812
2005-02-10,128.91676330566406
2005-02-11,132.4857940673828
2005-02-14,134.2703399658203
2005-02-15,135.43951416015625
2005-02-16,135.19337463378906
2005-02-17,130.8858642578125
2005-02-18,134.39337158203125
2005-02-22,134.51646423339844
2005-02-23,141.96226501464844
2005-02-24,153.16172790527344
2005-02-25,152.91552734375
2005-02-28,151.9925079345703
2005-03-01,155.9308319091797
2005-03-02,160.23826599121094
2005-03-03,151.50025939941406
2005-03-04,154.8231658935547
2005-03-07,155.50003051757812
2005-03-08,156.17694091796875
2005-03-09,154.8231658935547
2005-03-10,130.6397247314453
2005-03-11,130.82440185546875
2005-03-14,118.82499694824219
2005-03-15,118.33265686035156
2005-03-16,122.94781494140625
2005-03-17,124.48619079589844
2005-03-18,120.7940673828125
2005-03-21,123.31703186035156
2005-03-22,122.14786529541016
2005-03-23,120.60950469970703
2005-03-24,123.74777221679688
2005-03-28,121.9632568359375
2005-03-29,121.84017181396484
2005-03-30,121.59317016601562
2005-03-31,120.72865295410156
2005-04-01,122.88998413085938
2005-04-04,122.82826232910156
2005-04-05,124.12507629394531
2005-04-06,125.66890716552734
2005-04-07,127.45975494384766
2005-04-08,125.29835510253906
2005-04-11,123.50752258300781
2005-04-12,126.40992736816406
2005-04-13,123.50752258300781
2005-04-14,123.32222747802734
2005-04-15,123.44574737548828
2005-04-18,122.33419036865234
2005-04-19,126.28643035888672
2005-04-20,122.02543640136719
2005-04-21,124.61913299560547
2005-04-22,122.45771789550781
2005-04-25,124.06330108642578
2005-04-26,123.26055145263672
2005-04-27,123.63102722167969
2005-04-28,120.41983032226562
2005-04-29,122.33419036865234
2005-05-02,122.14895629882812
2005-05-03,122.58124542236328
2005-05-04,125.17485809326172
2005-05-05,125.73068237304688
2005-05-06,126.1629409790039
2005-05-09,93.30992126464844
2005-05-10,75.03083038330078
2005-05-11,88.24612426757812
2005-05-12,96.9533920288086
2005-05-13,96.82989501953125
2005-05-16,95.84183502197266
2005-05-17,95.28607940673828
2005-05-18,97.20042419433594
2005-05-19,99.05300903320312
2005-05-20,98.86781311035156
2005-05-23,97.8797378540039
2005-05-24,98.49723052978516
2005-05-25,96.0270767211914
2005-05-26,95.10076141357422
2005-05-27,96.39761352539062
2005-05-31,99.4235610961914
2005-06-01,101.52317810058594
2005-06-02,101.58491516113281
2005-06-03,101.58491516113281
2005-06-06,101.02915954589844
2005-06-07,101.39964294433594
2005-06-08,101.39964294433594
2005-06-09,101.70845031738281
2005-06-10,101.58491516113281
2005-06-13,103.25228881835938
2005-06-14,103.31405639648438
2005-06-15,103.43754577636719
2005-06-16,104.7343978881836
2005-06-17,105.72245025634766
2005-06-20,107.2662582397461
2005-06-21,109.92169189453125
2005-06-22,116.0970687866211
2005-06-23,112.82411193847656
2005-06-24,114.73851776123047
2005-06-27,115.85006713867188
2005-06-28,118.32020568847656
2005-06-29,119.0019760131836
2005-06-30,117.8863296508789
2005-07-01,114.8493423461914
2005-07-05,117.08060455322266
2005-07-06,116.83271026611328
2005-07-07,113.23783874511719
2005-07-08,112.803955078125
2005-07-11,116.33683776855469
2005-07-12,113.67167663574219
2005-07-13,114.41545104980469
2005-07-14,109.64299011230469
2005-07-15,105.67623138427734
2005-07-18,104.74656677246094
2005-07-19,106.85387420654297
2005-07-20,104.56061553955078
2005-07-21,104.4986572265625
2005-07-22,104.4366455078125
2005-07-25,103.87882995605469
2005-07-26,105.36634063720703
2005-07-27,107.03983306884766
2005-07-28,110.13880920410156
2005-07-29,111.25447082519531
2005-08-01,114.91130065917969
2005-08-02,114.22953033447266
2005-08-03,113.91962432861328
2005-08-04,112.24617767333984
2005-08-05,111.81230163574219
2005-08-08,112.43211364746094
2005-08-09,109.95286560058594
2005-08-10,103.38298797607422
2005-08-11,101.02774810791016
2005-08-12,99.35430145263672
2005-08-15,103.38298797607422
2005-08-16,102.0194091796875
2005-08-17,101.70952606201172
2005-08-18,92.78436279296875
2005-08-19,94.58177947998047
2005-08-22,97.4328842163086
2005-08-23,96.99903869628906
2005-08-24,95.88338470458984
2005-08-25,92.59841918945312
2005-08-26,91.35880279541016
2005-08-29,92.72237396240234
2005-08-30,90.4291000366211
2005-08-31,77.10338592529297
2005-09-01,77.47525024414062
2005-09-02,78.96279907226562
2005-09-06,78.8388442993164
2005-09-07,78.8388442993164
2005-09-08,78.0330810546875
2005-09-09,78.34300231933594
2005-09-12,78.8388442993164
2005-09-13,78.59089660644531
2005-09-14,78.2190170288086
2005-09-15,75.9257583618164
2005-09-16,76.2976303100586
2005-09-19,71.46317291259766
2005-09-20,64.27348327636719
2005-09-21,63.219810485839844
2005-09-22,65.14118957519531
2005-09-23,66.44276428222656
2005-09-26,68.98397827148438
2005-09-27,68.48812866210938
2005-09-28,70.04751586914062
2005-09-29,71.41976928710938
2005-09-30,73.914794921875
2005-10-03,72.9791488647461
2005-10-04,71.73165130615234
2005-10-05,69.23662567138672
2005-10-06,69.42376708984375
2005-10-07,69.61088562011719
2005-10-10,69.17424011230469
2005-10-11,67.36537170410156
2005-10-12,66.61685943603516
2005-10-13,63.49810028076172
2005-10-14,63.997100830078125
2005-10-17,63.373321533203125
2005-10-18,62.68722152709961
2005-10-19,62.188209533691406
2005-10-20,63.373321533203125
2005-10-21,62.37535095214844
2005-10-24,62.00107955932617
2005-10-25,60.316959381103516
2005-10-26,53.51806640625
2005-10-27,53.89229202270508
2005-10-28,58.508079528808594
2005-10-31,57.38530731201172
2005-11-01,57.260562896728516
2005-11-02,58.07143783569336
2005-11-03,57.135826110839844
2005-11-04,57.946678161621094
2005-11-07,58.69520950317383
2005-11-08,60.62882995605469
2005-11-09,60.75360107421875
2005-11-10,77.78205871582031
2005-11-11,80.77606964111328
2005-11-14,77.34542083740234
2005-11-15,76.40980529785156
2005-11-16,71.79402160644531
2005-11-17,75.28702545166016
2005-11-18,74.78802490234375
2005-11-21,77.96916961669922
2005-11-22,81.77407836914062
2005-11-23,79.46620178222656
2005-11-25,80.58892059326172
2005-11-28,75.91077423095703
2005-11-29,78.46817016601562
2005-11-30,81.33746337890625
2005-12-01,79.90281677246094
2005-12-02,80.90081787109375
2005-12-05,82.5849609375
2005-12-06,90.81849670410156
2005-12-07,90.19473266601562
2005-12-08,91.76280212402344
2005-12-09,92.76634979248047
2005-12-12,95.5888671875
2005-12-13,91.07284545898438
2005-12-14,91.76280212402344
2005-12-15,91.26100158691406
2005-12-16,90.75923919677734
2005-12-19,90.63379669189453
2005-12-20,89.2539291381836
2005-12-21,93.0172348022461
2005-12-22,94.08351135253906
2005-12-23,91.82550048828125
2005-12-27,90.19474792480469
2005-12-28,89.75569152832031
2005-12-29,88.94031524658203
2005-12-30,86.61959075927734
2006-01-03,71.8171157836914
2006-01-04,76.70942687988281
2006-01-05,77.3366470336914
2006-01-06,80.22190856933594
2006-01-09,80.4727783203125
2006-01-10,79.406494140625
2006-01-11,79.78284454345703
2006-01-12,78.34024810791016
2006-01-13,79.0301742553711
2006-01-17,78.40293884277344
2006-01-18,79.34381103515625
2006-01-19,81.03727722167969
2006-01-20,81.60179138183594
2006-01-23,81.91539764404297
2006-01-24,86.80772399902344
2006-01-25,85.92962646484375
2006-01-26,85.49058532714844
2006-01-27,87.43495178222656
2006-01-30,87.30952453613281
2006-01-31,89.56748962402344
2006-02-01,87.1213607788086
2006-02-02,86.99590301513672
2006-02-03,85.80420684814453
2006-02-06,81.47633361816406
2006-02-07,80.22190856933594
2006-02-08,81.72722625732422
2006-02-09,78.27749633789062
2006-02-10,75.95677185058594
2006-02-13,83.3580093383789
2006-02-14,81.41361236572266
2006-02-15,81.10001373291016
2006-02-16,81.60179138183594
2006-02-17,82.16626739501953
2006-02-21,82.10355377197266
2006-02-22,81.78997802734375
2006-02-23,81.53905487060547
2006-02-24,83.04439544677734
2006-02-27,86.1805191040039
2006-02-28,83.98524475097656
2006-03-01,82.66808319091797
2006-03-02,82.2917251586914
2006-03-03,82.60533905029297
2006-03-06,81.41361236572266
2006-03-07,79.97100830078125
2006-03-08,81.66448974609375
2006-03-09,86.4314193725586
2006-03-10,86.11780548095703
2006-03-13,85.30240631103516
2006-03-14,83.98524475097656
2006-03-15,91.7000732421875
2006-03-16,89.3166275024414
2006-03-17,87.56043243408203
2006-03-20,87.9367446899414
2006-03-21,87.56043243408203
2006-03-22,87.62311553955078
2006-03-23,93.20541381835938
2006-03-24,95.40071868896484
2006-03-27,100.92030334472656
2006-03-28,99.41492462158203
2006-03-29,104.7103271484375
2006-03-30,105.08858489990234
2006-03-31,109.56448364257812
2006-04-03,105.46682739257812
2006-04-04,102.7560806274414
2006-04-05,106.85371398925781
2006-04-06,110.88831329345703
2006-04-07,112.52738189697266
2006-04-10,111.2034912109375
2006-04-11,108.17757415771484
2006-04-12,113.47298431396484
2006-04-13,113.59905242919922
2006-04-17,108.99708557128906
2006-04-18,111.8969497680664
2006-04-19,111.64482879638672
2006-04-20,115.8685302734375
2006-04-21,112.14911651611328
2006-04-24,109.6905517578125
2006-04-25,112.9686508178711
2006-04-26,114.92289733886719
2006-04-27,114.60770416259766
2006-04-28,115.80545806884766
2006-05-01,116.18372344970703
2006-05-02,118.07493591308594
2006-05-03,117.8857650756836
2006-05-04,120.15528106689453
2006-05-05,120.40740203857422
2006-05-08,124.12681579589844
2006-05-09,126.45930480957031
2006-05-10,101.6213150024414
2006-05-11,100.423583984375
2006-05-12,100.6126937866211
2006-05-15,98.34321594238281
2006-05-16,94.87599182128906
2006-05-17,89.26538848876953
2006-05-18,85.98728942871094
2006-05-19,84.537353515625
2006-05-22,85.04170227050781
2006-05-23,88.00460815429688
2006-05-24,87.37419891357422
2006-05-25,90.33711242675781
2006-05-26,91.47180938720703
2006-05-30,87.6263427734375
2006-05-31,88.19373321533203
2006-06-01,87.50029754638672
2006-06-02,85.60904693603516
2006-06-05,82.33094787597656
2006-06-06,82.20487213134766
2006-06-07,78.35941314697266
2006-06-08,76.46818542480469
2006-06-09,76.34207916259766
2006-06-12,75.39649963378906
2006-06-13,70.66844177246094
2006-06-14,69.6597900390625
2006-06-15,74.3248062133789
2006-06-16,73.00094604492188
2006-06-19,70.22715759277344
2006-06-20,71.55101776123047
2006-06-21,71.48796844482422
2006-06-22,72.63076782226562
2006-06-23,71.8689193725586
2006-06-26,72.82124328613281
2006-06-27,70.85310363769531
2006-06-28,70.47217559814453
2006-06-29,77.0749740600586
2006-06-30,80.05889129638672
2006-07-03,80.56681060791016
2006-07-05,79.04310607910156
2006-07-06,79.61449432373047
2006-07-07,81.01123046875
2006-07-10,85.13800048828125
2006-07-11,86.97915649414062
2006-07-12,86.15379333496094
2006-07-13,79.80496215820312
2006-07-14,77.39237976074219
2006-07-17,76.05913543701172
2006-07-18,74.66238403320312
2006-07-19,81.45565032958984
2006-07-20,79.42402648925781
2006-07-21,80.56681060791016
2006-07-24,85.01100158691406
2006-07-25,89.96312713623047
2006-07-26,91.86778259277344
2006-07-27,88.18543243408203
2006-07-28,91.80427551269531
2006-07-31,92.0582275390625
2006-08-01,91.10589599609375
2006-08-02,91.80427551269531
2006-08-03,93.13753509521484
2006-08-04,91.99472045898438
2006-08-07,89.89959716796875
2006-08-08,89.64566040039062
2006-08-09,79.36053466796875
2006-08-10,86.53472900390625
2006-08-11,82.91588592529297
2006-08-14,84.43960571289062
2006-08-15,85.26498413085938
2006-08-16,88.56635284423828
2006-08-17,88.18543243408203
2006-08-18,89.01080322265625
2006-08-21,85.70939636230469
2006-08-22,87.80451202392578
2006-08-23,86.91566467285156
2006-08-24,86.72520446777344
2006-08-25,87.23311614990234
2006-08-28,87.74100494384766
2006-08-29,88.37590026855469
2006-08-30,90.53450775146484
2006-08-31,91.93122863769531
2006-09-01,94.97866821289062
2006-09-05,96.12149047851562
2006-09-06,94.7247543334961
2006-09-07,96.8198471069336
2006-09-08,95.86753845214844
2006-09-11,95.29612731933594
2006-09-12,104.12102508544922
2006-09-13,106.72406005859375
2006-09-14,106.59709167480469
2006-09-15,105.708251953125
2006-09-18,107.2319564819336
2006-09-19,106.53358459472656
2006-09-20,110.27941131591797
2006-09-21,108.81917572021484
2006-09-22,107.86685943603516
2006-09-25,109.8349838256836
2006-09-26,109.13660430908203
2006-09-27,111.42218780517578
2006-09-28,114.53312683105469
2006-09-29,112.5014877319336
2006-10-02,111.86659240722656
2006-10-03,112.81891632080078
2006-10-04,116.6282730102539
2006-10-05,117.96151733398438
2006-10-06,117.89805603027344
2006-10-09,119.10429382324219
2006-10-10,121.19944763183594
2006-10-11,122.79332733154297
2006-10-12,122.47455596923828
2006-10-13,121.77320861816406
2006-10-16,106.15309143066406
2006-10-17,114.88764190673828
2006-10-18,113.61249542236328
2006-10-19,112.59241485595703
2006-10-20,113.0386962890625
2006-10-23,113.0386962890625
2006-10-24,112.847412109375
2006-10-25,113.42121124267578
2006-10-26,114.12255859375
2006-10-27,95.2508544921875
2006-10-30,99.26748657226562
2006-10-31,100.09626770019531
2006-11-01,96.07969665527344
2006-11-02,94.67706298828125
2006-11-03,93.14694213867188
2006-11-06,95.18711853027344
2006-11-07,94.80457305908203
2006-11-08,96.90856170654297
2006-11-09,91.74430084228516
2006-11-10,92.19062042236328
2006-11-13,94.3582763671875
2006-11-14,95.18711853027344
2006-11-15,98.50241088867188
2006-11-16,94.48583221435547
2006-11-17,95.56966400146484
2006-11-20,95.56966400146484
2006-11-21,98.43867492675781
2006-11-22,97.03604125976562
2006-11-24,96.5897445678711
2006-11-27,93.78449249267578
2006-11-28,96.65347290039062
2006-11-29,96.65347290039062
2006-11-30,95.12339782714844
2006-12-01,91.80809020996094
2006-12-04,94.6133041381836
2006-12-05,94.42205810546875
2006-12-06,93.33232879638672
2006-12-07,92.49900817871094
2006-12-08,90.70413970947266
2006-12-11,90.25545501708984
2006-12-12,86.2811279296875
2006-12-13,88.46058654785156
2006-12-14,89.67852783203125
2006-12-15,90.83236694335938
2006-12-18,100.12712860107422
2006-12-19,99.55021667480469
2006-12-20,98.4604721069336
2006-12-21,96.47330474853516
2006-12-22,96.5374526977539
2006-12-26,98.52456665039062
2006-12-27,98.71688842773438
2006-12-28,96.98616790771484
2006-12-29,94.42205047607422
2007-01-03,96.79381561279297
2007-01-04,97.24254608154297
2007-01-05,96.3451156616211
2007-01-08,95.57588195800781
2007-01-09,96.2168960571289
2007-01-10,96.02460479736328
2007-01-11,96.5374526977539
2007-01-12,97.05023193359375
2007-01-16,97.883544921875
2007-01-17,95.06305694580078
2007-01-18,95.44766235351562
2007-01-19,96.98616790771484
2007-01-22,97.43486022949219
2007-01-23,98.52456665039062
2007-01-24,100.19122314453125
2007-01-25,99.10149383544922
2007-01-26,97.8194808959961
2007-01-29,99.99887084960938
2007-01-30,102.43478393554688
2007-01-31,103.39632415771484
2007-02-01,104.74246978759766
2007-02-02,102.81939697265625
2007-02-05,103.39632415771484
2007-02-06,103.33222198486328
2007-02-07,103.39632415771484
2007-02-08,102.62708282470703
2007-02-09,100.383544921875
2007-02-12,100.76813507080078
2007-02-13,100.19122314453125
2007-02-14,100.383544921875
2007-02-15,99.93480682373047
2007-02-16,98.71688842773438
2007-02-20,99.99887084960938
2007-02-21,101.21685028076172
2007-02-22,100.83223724365234
2007-02-23,99.67840576171875
2007-02-26,98.2040786743164
2007-02-27,95.06305694580078
2007-02-28,95.12715911865234
2007-03-01,93.07592010498047
2007-03-02,91.08873748779297
2007-03-05,88.52470397949219
2007-03-06,93.33232879638672
2007-03-07,92.62720489501953
2007-03-08,95.83228302001953
2007-03-09,95.83228302001953
2007-03-12,95.06305694580078
2007-03-13,92.62720489501953
2007-03-14,96.3451156616211
2007-03-15,96.3451156616211
2007-03-16,90.3836441040039
2007-03-19,91.08873748779297
2007-03-20,91.85799407958984
2007-03-21,94.1015396118164
2007-03-22,95.3835678100586
2007-03-23,94.99897766113281
2007-03-26,96.86929321289062
2007-03-27,97.32069396972656
2007-03-28,96.80477905273438
2007-03-29,101.57731628417969
2007-03-30,103.57664489746094
2007-04-02,98.99755096435547
2007-04-03,98.09467315673828
2007-04-04,97.6432113647461
2007-04-05,98.35260009765625
2007-04-09,98.0301742553711
2007-04-10,97.38525390625
2007-04-11,97.06275177001953
2007-04-12,96.99826049804688
2007-04-13,98.6106185913086
2007-04-16,98.48162841796875
2007-04-17,97.44975280761719
2007-04-18,95.57940673828125
2007-04-19,93.90258026123047
2007-04-20,95.6438980102539
2007-04-23,94.22505187988281
2007-04-24,93.77355194091797
2007-04-25,96.61132049560547
2007-04-26,96.54680633544922
2007-04-27,97.2562484741211
2007-04-30,99.70701599121094
2007-05-01,92.74169921875
2007-05-02,93.32215118408203
2007-05-03,93.5156021118164
2007-05-04,93.12867736816406
2007-05-07,101.31932830810547
2007-05-08,97.77220153808594
2007-05-09,98.09467315673828
2007-05-10,94.4830322265625
2007-05-11,93.90258026123047
2007-05-14,93.58012390136719
2007-05-15,93.45111846923828
2007-05-16,94.67650604248047
2007-05-17,94.2895278930664
2007-05-18,95.12798309326172
2007-05-21,96.22435760498047
2007-05-22,96.80477905273438
2007-05-23,98.54613494873047
2007-05-24,96.15985870361328
2007-05-25,96.28884887695312
2007-05-29,100.15843200683594
2007-05-30,90.41993713378906
2007-05-31,90.41993713378906
2007-06-01,90.09745788574219
2007-06-04,90.9358901977539
2007-06-05,91.64533233642578
2007-06-06,91.70980072021484
2007-06-07,92.354736328125
2007-06-08,93.38664245605469
2007-06-11,93.06417846679688
2007-06-12,95.45043182373047
2007-06-13,95.96636962890625
2007-06-14,97.57874298095703
2007-06-15,99.44902801513672
2007-06-18,99.51353454589844
2007-06-19,99.96497344970703
2007-06-20,99.44902801513672
2007-06-21,100.67440795898438
2007-06-22,99.32001495361328
2007-06-25,98.99755096435547
2007-06-26,99.57801055908203
2007-06-27,102.10799407958984
2007-06-28,103.34056091308594
2007-06-29,103.08110809326172
2007-07-02,104.18392181396484
2007-07-03,103.1459732055664
2007-07-05,103.79468536376953
2007-07-06,79.46781921386719
2007-07-09,78.17037200927734
2007-07-10,77.32701873779297
2007-07-11,76.93780517578125
2007-07-12,78.75422668457031
2007-07-13,78.75422668457031
2007-07-16,78.88396453857422
2007-07-17,78.23523712158203
2007-07-18,75.70523071289062
2007-07-19,76.54859161376953
2007-07-20,72.26704406738281
2007-07-23,72.07240295410156
2007-07-24,69.8667984008789
2007-07-25,70.32089233398438
2007-07-26,68.43962097167969
2007-07-27,68.5044937133789
2007-07-30,60.91450119018555
2007-07-31,61.04423141479492
2007-08-01,62.73088836669922
2007-08-02,63.768856048583984
2007-08-03,60.65500259399414
2007-08-06,57.93040084838867
2007-08-07,57.15193557739258
2007-08-08,54.75168991088867
2007-08-09,52.41630935668945
2007-08-10,54.621952056884766
2007-08-13,58.06016159057617
2007-08-14,56.373497009277344
2007-08-15,54.881446838378906
2007-08-16,53.19477844238281
2007-08-17,54.55707550048828
2007-08-20,55.65989685058594
2007-08-21,55.076053619384766
2007-08-22,56.957340240478516
2007-08-23,57.41143035888672
2007-08-24,57.41143035888672
2007-08-27,59.09809875488281
2007-08-28,56.30862045288086
2007-08-29,56.762718200683594
2007-08-30,54.23271942138672
2007-08-31,53.45426940917969
2007-09-04,51.37837219238281
2007-09-05,49.756568908691406
2007-09-06,47.42118453979492
2007-09-07,45.73452377319336
2007-09-10,43.65863037109375
2007-09-11,41.97197341918945
2007-09-12,41.3232536315918
2007-09-13,41.647613525390625
2007-09-14,41.06376647949219
2007-09-17,40.5447883605957
2007-09-18,40.804290771484375
2007-09-19,42.68556213378906
2007-09-20,42.81529998779297
2007-09-21,43.20453643798828
2007-09-24,46.902225494384766
2007-09-25,45.4101676940918
2007-09-26,49.561954498291016
2007-09-27,51.50811767578125
2007-09-28,52.546051025390625
2007-10-01,51.767601013183594
2007-10-02,53.129913330078125
2007-10-03,56.892452239990234
2007-10-04,58.44936752319336
2007-10-05,59.033226013183594
2007-10-08,60.719879150390625
2007-10-09,60.719886779785156
2007-10-10,59.86836242675781
2007-10-11,58.88584899902344
2007-10-12,59.34435272216797
2007-10-15,58.95134735107422
2007-10-16,58.95134735107422
2007-10-17,59.67185592651367
2007-10-18,59.016845703125
2007-10-19,56.26579666137695
2007-10-22,55.676265716552734
2007-10-23,56.85530090332031
2007-10-24,55.3487663269043
2007-10-25,54.43173599243164
2007-10-26,55.02125549316406
2007-10-29,54.49724197387695
2007-10-30,51.025657653808594
2007-10-31,52.073692321777344
2007-11-01,51.025657653808594
2007-11-02,49.78113555908203
2007-11-05,47.94709396362305
2007-11-06,48.92961502075195
2007-11-07,47.5540771484375
2007-11-08,49.51911926269531
2007-11-09,48.07809829711914
2007-11-12,43.09998321533203
2007-11-13,45.916542053222656
2007-11-14,43.951499938964844
2007-11-15,42.903480529785156
2007-11-16,41.92094421386719
2007-11-19,40.479923248291016
2007-11-20,42.24845886230469
2007-11-21,40.80743408203125
2007-11-23,41.069435119628906
2007-11-26,40.676429748535156
2007-11-27,41.33143615722656
2007-11-28,42.46107482910156
2007-11-29,42.59397888183594
2007-11-30,41.929481506347656
2007-12-03,41.929481506347656
2007-12-04,41.39789581298828
2007-12-05,41.26499938964844
2007-12-06,42.12884521484375
2007-12-07,42.062381744384766
2007-12-10,41.73013687133789
2007-12-11,40.534034729003906
2007-12-12,41.065650939941406
2007-12-13,40.666954040527344
2007-12-14,39.86955261230469
2007-12-17,39.13861846923828
2007-12-18,39.736656188964844
2007-12-19,39.40441131591797
2007-12-20,40.06891632080078
2007-12-21,43.989410400390625
2007-12-24,44.786808013916016
2007-12-26,48.70732498168945
2007-12-27,44.055877685546875
2007-12-28,42.660430908203125
2007-12-31,41.99594497680664
2008-01-02,42.3946418762207
2008-01-03,41.19855499267578
2008-01-04,40.866294860839844
2008-01-07,39.33796691894531
2008-01-08,39.33796691894531
2008-01-09,38.6734733581543
2008-01-10,36.081947326660156
2008-01-11,36.87934112548828
2008-01-14,37.54383850097656
2008-01-15,35.94905471801758
2008-01-16,36.61354064941406
2008-01-17,35.48390579223633
2008-01-18,34.6865234375
2008-01-22,33.82267379760742
2008-01-23,35.749698638916016
2008-01-24,37.61029052734375
2008-01-25,36.54709243774414
2008-01-28,37.54383850097656
2008-01-29,39.33796691894531
2008-01-30,40.73339080810547
2008-01-31,40.666954040527344
2008-02-01,44.52100372314453
2008-02-04,44.786808013916016
2008-02-05,44.38811111450195
2008-02-06,44.18876647949219
2008-02-07,48.17572021484375
2008-02-08,46.91318893432617
2008-02-11,43.989410400390625
2008-02-12,44.055877685546875
2008-02-13,44.055877685546875
2008-02-14,43.39136505126953
2008-02-15,42.99267578125
2008-02-19,43.9229621887207
2008-02-20,44.255210876464844
2008-02-21,42.92622756958008
2008-02-22,42.46107482910156
2008-02-25,42.72687911987305
2008-02-26,47.710567474365234
2008-02-27,48.375064849853516
2008-02-28,52.42847442626953
2008-02-29,51.69752883911133
2008-03-03,52.7607307434082
2008-03-04,51.232391357421875
2008-03-05,51.43408966064453
2008-03-06,49.75323486328125
2008-03-07,48.811946868896484
2008-03-10,51.50132369995117
2008-03-11,53.85450744628906
2008-03-12,54.594078063964844
2008-03-13,57.08175277709961
2008-03-14,56.27494430541992
2008-03-17,48.206851959228516
2008-03-18,46.593223571777344
2008-03-19,46.05535888671875
2008-03-20,48.94642639160156
2008-03-24,50.156639099121094
2008-03-25,50.5600471496582
2008-03-26,50.29111099243164
2008-03-27,48.47578048706055
2008-03-28,48.74471664428711
2008-03-31,47.937923431396484
2008-04-01,49.5515251159668
2008-04-02,49.14812469482422
2008-04-03,49.2825927734375
2008-04-04,48.206851959228516
2008-04-07,49.685997009277344
2008-04-08,48.274078369140625
2008-04-09,47.467281341552734
2008-04-10,47.131099700927734
2008-04-11,46.05535888671875
2008-04-14,44.77791213989258
2008-04-15,45.45024871826172
2008-04-16,45.45024871826172
2008-04-17,44.44173049926758
2008-04-18,45.584712982177734
2008-04-21,44.03833770751953
2008-04-22,43.63493728637695
2008-04-23,42.559181213378906
2008-04-24,45.11408233642578
2008-04-25,44.508975982666016
2008-04-28,44.71067428588867
2008-04-29,44.37450408935547
2008-04-30,43.90385818481445
2008-05-01,45.45024871826172
2008-05-02,44.44173049926758
2008-05-05,44.105567932128906
2008-05-06,44.105567932128906
2008-05-07,43.90385818481445
2008-05-08,43.4332389831543
2008-05-09,43.1642951965332
2008-05-12,44.24003601074219
2008-05-13,44.77791213989258
2008-05-14,45.3157844543457
2008-05-15,44.9796142578125
2008-05-16,46.794944763183594
2008-05-19,44.9796142578125
2008-05-20,45.18132019042969
2008-05-21,43.56769943237305
2008-05-22,44.03833770751953
2008-05-23,43.298770904541016
2008-05-27,44.105567932128906
2008-05-28,43.23152542114258
2008-05-29,43.702171325683594
2008-05-30,42.49195098876953
2008-06-02,40.609397888183594
2008-06-03,40.814144134521484
2008-06-04,41.633155822753906
2008-06-05,42.042667388916016
2008-06-06,40.26814651489258
2008-06-09,38.561866760253906
2008-06-10,39.176124572753906
2008-06-11,38.766624450683594
2008-06-12,38.42536163330078
2008-06-13,38.903114318847656
2008-06-16,40.06338882446289
2008-06-17,41.906166076660156
2008-06-18,41.837921142578125
2008-06-19,41.15541458129883
2008-06-20,42.11091995239258
2008-06-23,44.226707458496094
2008-06-24,42.79343795776367
2008-06-25,42.24742126464844
2008-06-26,40.814144134521484
2008-06-27,38.69835662841797
2008-06-30,37.12859344482422
2008-07-01,36.58258819580078
2008-07-02,36.03657531738281
2008-07-03,36.241329193115234
2008-07-07,38.42536163330078
2008-07-08,40.67764663696289
2008-07-09,39.65387725830078
2008-07-10,38.69835662841797
2008-07-11,38.69835662841797
2008-07-14,40.47288513183594
2008-07-15,40.131649017333984
2008-07-16,42.861690521240234
2008-07-17,42.92993927001953
2008-07-18,42.11091995239258
2008-07-21,43.339439392089844
2008-07-22,47.502769470214844
2008-07-23,47.22974395751953
2008-07-24,41.22365951538086
2008-07-25,44.02194595336914
2008-07-28,41.22365951538086
2008-07-29,44.02194595336914
2008-07-30,45.59173583984375
2008-07-31,45.25047302246094
2008-08-01,45.182220458984375
2008-08-04,39.858638763427734
2008-08-05,39.176124572753906
2008-08-06,39.10786819458008
2008-08-07,38.561866760253906
2008-08-08,37.67460632324219
2008-08-11,40.74589920043945
2008-08-12,40.54114532470703
2008-08-13,40.40464401245117
2008-08-14,42.452186584472656
2008-08-15,41.22365951538086
2008-08-18,40.131649017333984
2008-08-19,38.15236282348633
2008-08-20,38.22060775756836
2008-08-21,35.55881118774414
2008-08-22,37.87935256958008
2008-08-25,35.28580856323242
2008-08-26,32.760536193847656
2008-08-27,29.757465362548828
2008-08-28,31.3955020904541
2008-08-29,30.23522186279297
2008-09-02,28.528949737548828
2008-09-03,30.37173080444336
2008-09-04,29.211467742919922
2008-09-05,28.938467025756836
2008-09-08,28.66415786743164
2008-09-09,28.595584869384766
2008-09-10,27.086946487426758
2008-09-11,25.37258529663086
2008-09-12,25.85260772705078
2008-09-15,24.961137771606445
2008-09-16,23.863948822021484
2008-09-17,24.48111343383789
2008-09-18,26.744081497192383
2008-09-19,26.812650680541992
2008-09-22,25.098291397094727
2008-09-23,27.086946487426758
2008-09-24,26.6069278717041
2008-09-25,26.812650680541992
2008-09-26,27.224098205566406
2008-09-29,27.15553092956543
2008-09-30,27.429819107055664
2008-10-01,27.361244201660156
2008-10-02,26.332626342773438
2008-10-03,25.9897518157959
2008-10-06,27.361244201660156
2008-10-07,26.881223678588867
2008-10-08,27.566972732543945
2008-10-09,26.332626342773438
2008-10-10,25.098291397094727
2008-10-13,27.292673110961914
2008-10-14,27.018373489379883
2008-10-15,26.126903533935547
2008-10-16,28.184141159057617
2008-10-17,27.018373489379883
2008-10-20,28.801307678222656
2008-10-21,28.66415786743164
2008-10-22,30.241378784179688
2008-10-23,29.14417839050293
2008-10-24,25.30400276184082
2008-10-27,23.31534767150879
2008-10-28,26.881223678588867
2008-10-29,28.52701759338379
2008-10-30,29.00704002380371
2008-10-31,27.498390197753906
2008-11-03,26.881223678588867
2008-11-04,26.881223678588867
2008-11-05,27.361244201660156
2008-11-06,26.058330535888672
2008-11-07,26.401199340820312
2008-11-10,25.578306198120117
2008-11-11,26.46977996826172
2008-11-12,24.00109100341797
2008-11-13,25.30400276184082
2008-11-14,23.178197860717773
2008-11-17,22.972469329833984
2008-11-18,22.42387580871582
2008-11-19,20.435216903686523
2008-11-20,17.143640518188477
2008-11-21,15.429276466369629
2008-11-24,14.537806510925293
2008-11-25,17.349365234375
2008-11-26,15.292132377624512
2008-11-28,15.429276466369629
2008-12-01,12.892014503479004
2008-12-02,14.126360893249512
2008-12-03,15.086400032043457
2008-12-04,13.714909553527832
2008-12-05,15.154977798461914
2008-12-08,17.006484985351562
2008-12-09,15.554717063903809
2008-12-10,15.76211166381836
2008-12-11,14.448602676391602
2008-12-12,14.586868286132812
2008-12-15,15.209056854248047
2008-12-16,15.831242561340332
2008-12-17,15.76211166381836
2008-12-18,15.831242561340332
2008-12-19,17.905208587646484
2008-12-22,17.55954360961914
2008-12-23,16.937355041503906
2008-12-24,17.144752502441406
2008-12-26,17.97433853149414
2008-12-29,17.628679275512695
2008-12-30,17.97433853149414
2008-12-31,16.937355041503906
2009-01-02,17.97433853149414
2009-01-05,19.426111221313477
2009-01-06,19.633508682250977
2009-01-07,18.458261489868164
2009-01-08,19.633508682250977
2009-01-09,19.011320114135742
2009-01-12,18.389135360717773
2009-01-13,18.52739143371582
2009-01-14,18.32000160217285
2009-01-15,19.356983184814453
2009-01-16,18.87305450439453
2009-01-20,18.250873565673828
2009-01-21,19.149580001831055
2009-01-22,18.458261489868164
2009-01-23,18.389135360717773
2009-01-26,18.665658950805664
2009-01-27,18.458261489868164
2009-01-28,18.73479461669922
2009-01-29,18.73479461669922
2009-01-30,18.596527099609375
2009-02-02,19.633508682250977
2009-02-03,21.016145706176758
2009-02-04,23.02098274230957
2009-02-05,25.440603256225586
2009-02-06,26.961509704589844
2009-02-09,26.20105743408203
2009-02-10,24.74928092956543
2009-02-11,24.61101722717285
2009-02-12,25.16407012939453
2009-02-13,26.546716690063477
2009-02-17,24.74928092956543
2009-02-18,24.403627395629883
2009-02-19,24.19622230529785
2009-02-20,24.05796241760254
2009-02-23,23.36663818359375
2009-02-24,23.159244537353516
2009-02-25,22.53706169128418
2009-02-26,21.63833236694336
2009-02-27,24.127094268798828
2009-03-02,19.2878475189209
2009-03-03,18.181732177734375
2009-03-04,18.94218635559082
2009-03-05,17.410097122192383
2009-03-06,19.63858985900879
2009-03-09,18.10650634765625
2009-03-10,21.727807998657227
2009-03-11,20.892118453979492
2009-03-12,24.304494857788086
2009-03-13,23.74736976623535
2009-03-16,21.51888084411621
2009-03-17,23.399173736572266
2009-03-18,24.374141693115234
2009-03-19,24.513418197631836
2009-03-20,25.00090217590332
2009-03-23,26.324066162109375
2009-03-24,25.906225204467773
2009-03-25,25.83658790588379
2009-03-26,26.254425048828125
2009-03-27,25.00090217590332
2009-03-30,22.215282440185547
2009-03-31,23.190250396728516
2009-04-01,25.070537567138672
2009-04-02,25.76694679260254
2009-04-03,25.83658790588379
2009-04-06,24.513418197631836
2009-04-07,24.58306121826172
2009-04-08,24.304494857788086
2009-04-09,25.488386154174805
2009-04-13,24.93126106262207
2009-04-14,24.72233772277832
2009-04-15,25.140178680419922
2009-04-16,24.93126106262207
2009-04-17,24.72233772277832
2009-04-20,22.702770233154297
2009-04-21,24.79197883605957
2009-04-22,24.443777084350586
2009-04-23,23.74736976623535
2009-04-24,24.861623764038086
2009-04-27,24.652700424194336
2009-04-28,24.304494857788086
2009-04-29,25.697301864624023
2009-04-30,30.43285369873047
2009-05-01,31.407817840576172
2009-05-04,32.939910888671875
2009-05-05,31.33817481994629
2009-05-06,31.54709243774414
2009-05-07,27.159746170043945
2009-05-08,29.52752685546875
2009-05-11,29.59716796875
2009-05-12,30.64177894592285
2009-05-13,28.48291778564453
2009-05-14,28.761478424072266
2009-05-15,27.438310623168945
2009-05-18,26.254425048828125
2009-05-19,25.00090217590332
2009-05-20,22.9813232421875
2009-05-21,22.772409439086914
2009-05-22,22.56348991394043
2009-05-26,22.424205780029297
2009-05-27,22.91168785095215
2009-05-28,21.170679092407227
2009-05-29,21.379594802856445
2009-06-01,20.818822860717773
2009-06-02,22.501148223876953
2009-06-03,22.921735763549805
2009-06-04,23.342321395874023
2009-06-05,21.80018424987793
2009-06-08,21.58989143371582
2009-06-09,22.360960006713867
2009-06-10,21.029117584228516
2009-06-11,22.01047706604004
2009-06-12,22.571250915527344
2009-06-15,22.01047706604004
2009-06-16,22.851638793945312
2009-06-17,23.342321395874023
2009-06-18,23.13202667236328
2009-06-19,24.674161911010742
2009-06-22,22.711448669433594
2009-06-23,21.730085372924805
2009-06-24,22.431053161621094
2009-06-25,23.342321395874023
2009-06-26,24.463869094848633
2009-06-29,23.622703552246094
2009-06-30,23.13202667236328
2009-07-01,23.412416458129883
2009-07-02,21.94037628173828
2009-07-06,22.641347885131836
2009-07-07,22.290863037109375
2009-07-08,22.711448669433594
2009-07-09,22.711448669433594
2009-07-10,22.571250915527344
2009-07-13,23.13202667236328
2009-07-14,23.202125549316406
2009-07-15,23.8330020904541
2009-07-16,23.69280242919922
2009-07-17,23.48250961303711
2009-07-20,23.48250961303711
2009-07-21,23.69280242919922
2009-07-22,24.7442626953125
2009-07-23,24.604066848754883
2009-07-24,26.07610321044922
2009-07-27,26.426584243774414
2009-07-28,26.356494903564453
2009-07-29,25.585418701171875
2009-07-30,24.95454978942871
2009-07-31,24.604066848754883
2009-08-03,25.16484260559082
2009-08-04,25.094745635986328
2009-08-05,23.06192970275879
2009-08-06,23.622703552246094
2009-08-07,24.674161911010742
2009-08-10,24.814355850219727
2009-08-11,24.604066848754883
2009-08-12,25.445236206054688
2009-08-13,24.533971786499023
2009-08-14,24.7442626953125
2009-08-17,23.8330020904541
2009-08-18,23.903091430664062
2009-08-19,24.533971786499023
2009-08-20,24.393770217895508
2009-08-21,25.445236206054688
2009-08-24,25.445236206054688
2009-08-25,26.777074813842773
2009-08-26,26.70697784423828
2009-08-27,27.61823272705078
2009-08-28,27.127553939819336
2009-08-31,27.337844848632812
2009-09-01,25.16484260559082
2009-09-02,26.70697784423828
2009-09-03,27.337844848632812
2009-09-04,28.10891342163086
2009-09-08,28.038818359375
2009-09-09,29.090280532836914
2009-09-10,29.160371780395508
2009-09-11,30.56230926513672
2009-09-14,31.61376953125
2009-09-15,31.61376953125
2009-09-16,33.646583557128906
2009-09-17,31.40348243713379
2009-09-18,31.40348243713379
2009-09-21,30.422119140625
2009-09-22,30.7025089263916
2009-09-23,29.931447982788086
2009-09-24,28.879987716674805
2009-09-25,29.160371780395508
2009-09-28,28.739788055419922
2009-09-29,28.669692993164062
2009-09-30,26.847177505493164
2009-10-01,25.305030822753906
2009-10-02,25.16484260559082
2009-10-05,26.146198272705078
2009-10-06,26.356494903564453
2009-10-07,26.70697784423828
2009-10-08,26.146198272705078
2009-10-09,26.70697784423828
2009-10-12,25.655521392822266
2009-10-13,25.3751277923584
2009-10-14,25.16484260559082
2009-10-15,25.094745635986328
2009-10-16,24.533971786499023
2009-10-19,24.7442626953125
2009-10-20,23.8330020904541
2009-10-21,23.06192970275879
2009-10-22,23.552614212036133
2009-10-23,23.552614212036133
2009-10-26,23.69280242919922
2009-10-27,23.552614212036133
2009-10-28,23.48250961303711
2009-10-29,24.043285369873047
2009-10-30,23.8330020904541
2009-11-02,20.468341827392578
2009-11-03,20.608531951904297
2009-11-04,20.468341827392578
2009-11-05,21.519790649414062
2009-11-06,20.538434982299805
2009-11-09,21.58989143371582
2009-11-10,21.029117584228516
2009-11-11,20.818822860717773
2009-11-12,19.55707359313965
2009-11-13,18.225236892700195
2009-11-16,19.627174377441406
2009-11-17,22.01047706604004
2009-11-18,21.379596710205078
2009-11-19,20.608531951904297
2009-11-20,20.608531951904297
2009-11-23,20.538434982299805
2009-11-24,19.837467193603516
2009-11-25,19.76736831665039
2009-11-27,18.36542510986328
2009-11-30,19.90756607055664
2009-12-01,20.398244857788086
2009-12-02,19.627174377441406
2009-12-03,18.29532814025879
2009-12-04,18.29532814025879
2009-12-07,17.103679656982422
2009-12-08,16.4027042388916
2009-12-09,17.80465316772461
2009-12-10,17.103679656982422
2009-12-11,16.6830997467041
2009-12-14,20.608531951904297
2009-12-15,19.90756607055664
2009-12-16,21.029117584228516
2009-12-17,22.781538009643555
2009-12-18,27.267763137817383
2009-12-21,21.379596710205078
2009-12-22,21.730085372924805
2009-12-23,21.730085372924805
2009-12-24,21.730085372924805
2009-12-28,21.659988403320312
2009-12-29,21.519790649414062
2009-12-30,21.94037628173828
2009-12-31,21.80018424987793
2010-01-04,21.730085372924805
2010-01-05,21.099212646484375
2010-01-06,20.608531951904297
2010-01-07,21.029117584228516
2010-01-08,21.30950164794922
2010-01-11,21.099212646484375
2010-01-12,20.678632736206055
2010-01-13,20.538434982299805
2010-01-14,20.258045196533203
2010-01-15,20.258045196533203
2010-01-19,21.58989143371582
2010-01-20,20.608531951904297
2010-01-21,19.837467193603516
2010-01-22,19.627174377441406
2010-01-25,19.48697853088379
2010-01-26,19.48697853088379
2010-01-27,20.328144073486328
2010-01-28,20.538434982299805
2010-01-29,21.239404678344727
2010-02-01,21.870281219482422
2010-02-02,21.099212646484375
2010-02-03,21.239404678344727
2010-02-04,21.029117584228516
2010-02-05,20.678632736206055
2010-02-08,19.55707359313965
2010-02-09,20.117855072021484
2010-02-10,19.48697853088379
2010-02-11,21.029117584228516
2010-02-12,20.538434982299805
2010-02-16,21.169309616088867
2010-02-17,21.379596710205078
2010-02-18,21.029117584228516
2010-02-19,22.781538009643555
2010-02-22,23.272214889526367
2010-02-23,24.674161911010742
2010-02-24,24.95454978942871
2010-02-25,24.884449005126953
2010-02-26,24.7442626953125
2010-03-01,25.3751277923584
2010-03-02,26.286388397216797
2010-03-03,26.70697784423828
2010-03-04,27.337844848632812
2010-03-05,28.319210052490234
2010-03-08,30.912799835205078
2010-03-09,29.370662689208984
2010-03-10,28.9500789642334
2010-03-11,25.79570960998535
2010-03-12,25.445236206054688
2010-03-15,25.16484260559082
2010-03-16,25.3751277923584
2010-03-17,27.127553939819336
2010-03-18,26.56678581237793
2010-03-19,26.426584243774414
2010-03-22,28.459402084350586
2010-03-23,28.389305114746094
2010-03-24,26.70697784423828
2010-03-25,26.07610321044922
2010-03-26,25.305030822753906
2010-03-29,23.903091430664062
2010-03-30,24.043285369873047
2010-03-31,23.412416458129883
2010-04-01,23.8330020904541
2010-04-05,26.636884689331055
2010-04-06,25.655521392822266
2010-04-07,26.636884689331055
2010-04-08,26.286388397216797
2010-04-09,26.777074813842773
2010-04-12,27.197650909423828
2010-04-13,27.407947540283203
2010-04-14,27.82852554321289
2010-04-15,28.179018020629883
2010-04-16,27.82852554321289
2010-04-19,27.548141479492188
2010-04-20,27.89862823486328
2010-04-21,27.96872329711914
2010-04-22,27.407947540283203
2010-04-23,28.879987716674805
2010-04-26,28.9500789642334
2010-04-27,29.370662689208984
2010-04-28,29.440763473510742
2010-04-29,29.65105628967285
2010-04-30,27.057458877563477
2010-05-03,29.58095359802246
2010-05-04,27.61823272705078
2010-05-05,24.604066848754883
2010-05-06,23.13202667236328
2010-05-07,20.74872589111328
2010-05-10,22.0805721282959
2010-05-11,22.360960006713867
2010-05-12,22.991832733154297
2010-05-13,22.501148223876953
2010-05-14,21.44969940185547
2010-05-17,22.851638793945312
2010-05-18,21.099212646484375
2010-05-19,20.959022521972656
2010-05-20,20.398244857788086
2010-05-21,19.276691436767578
2010-05-24,17.80465316772461
2010-05-25,17.944841384887695
2010-05-26,17.734556198120117
2010-05-27,18.225236892700195
2010-05-28,17.734556198120117
2010-06-01,16.542905807495117
2010-06-02,17.5943603515625
2010-06-03,17.5943603515625
2010-06-04,16.963485717773438
2010-06-07,14.650284767150879
2010-06-08,13.248340606689453
2010-06-09,14.089509010314941
2010-06-10,15.0708646774292
2010-06-11,15.912033081054688
2010-06-14,17.17377281188965
2010-06-15,17.243877410888672
2010-06-16,17.033586502075195
2010-06-17,16.4027042388916
2010-06-18,17.243877410888672
2010-06-21,16.542905807495117
2010-06-22,16.542905807495117
2010-06-23,16.963485717773438
2010-06-24,17.103679656982422
2010-06-25,16.61300277709961
2010-06-28,15.841937065124512
2010-06-29,14.510088920593262
2010-06-30,13.94931411743164
2010-07-01,14.930672645568848
2010-07-02,14.0194091796875
2010-07-06,14.439993858337402
2010-07-07,14.720381736755371
2010-07-08,14.79047679901123
2010-07-09,14.79047679901123
2010-07-12,14.650284767150879
2010-07-13,16.192420959472656
2010-07-14,16.332611083984375
2010-07-15,14.439993858337402
2010-07-16,14.720381736755371
2010-07-19,17.103679656982422
2010-07-20,16.542905807495117
2010-07-21,18.43552589416504
2010-07-22,19.206594467163086
2010-07-23,20.328144073486328
2010-07-26,20.8889217376709
2010-07-27,20.18794822692871
2010-07-28,19.69727325439453
2010-07-29,19.206594467163086
2010-07-30,19.066396713256836
2010-08-02,19.416881561279297
2010-08-03,20.047754287719727
2010-08-04,19.69727325439453
2010-08-05,18.786014556884766
2010-08-06,18.99630355834961
2010-08-09,18.645814895629883
2010-08-10,17.80465316772461
2010-08-11,16.542905807495117
2010-08-12,17.384071350097656
2010-08-13,16.89339256286621
2010-08-16,17.243877410888672
2010-08-17,16.753192901611328
2010-08-18,16.4027042388916
2010-08-19,16.4027042388916
2010-08-20,17.103679656982422
2010-08-23,16.052223205566406
2010-08-24,17.033586502075195
2010-08-25,15.841937065124512
2010-08-26,16.26251220703125
2010-08-27,16.052223205566406
2010-08-30,15.771838188171387
2010-08-31,16.192420959472656
2010-09-01,16.6830997467041
2010-09-02,16.12232208251953
2010-09-03,17.033586502075195
2010-09-07,16.332611083984375
2010-09-08,16.26251220703125
2010-09-09,16.6830997467041
2010-09-10,16.753192901611328
2010-09-13,17.033586502075195
2010-09-14,17.384071350097656
2010-09-15,17.524259567260742
2010-09-16,16.753192901611328
2010-09-17,16.052223205566406
2010-09-20,16.47280502319336
2010-09-21,16.4027042388916
2010-09-22,16.61300277709961
2010-09-23,16.6830997467041
2010-09-24,16.4027042388916
2010-09-27,16.61300277709961
2010-09-28,15.561541557312012
2010-09-29,15.0708646774292
2010-09-30,14.369894027709961
2010-10-01,14.860572814941406
2010-10-04,14.79047679901123
2010-10-05,14.930672645568848
2010-10-06,14.860572814941406
2010-10-07,14.930672645568848
2010-10-08,14.79047679901123
2010-10-11,14.860572814941406
2010-10-12,15.2110595703125
2010-10-13,14.79047679901123
2010-10-14,15.3512544631958
2010-10-15,14.930672645568848
2010-10-18,14.650284767150879
2010-10-19,13.80911636352539
2010-10-20,14.089509010314941
2010-10-21,14.089509010314941
2010-10-22,13.668922424316406
2010-10-25,14.089509010314941
2010-10-26,14.0194091796875
2010-10-27,13.668922424316406
2010-10-28,13.178247451782227
2010-10-29,13.10815143585205
2010-11-01,13.10815143585205
2010-11-02,13.248340606689453
2010-11-03,12.6875638961792
2010-11-04,13.668922424316406
2010-11-05,13.80911636352539
2010-11-08,13.668922424316406
2010-11-09,14.089509010314941
2010-11-10,13.10815143585205
2010-11-11,13.668922424316406
2010-11-12,12.827760696411133
2010-11-15,13.528729438781738
2010-11-16,12.056692123413086
2010-11-17,11.84640121459961
2010-11-18,12.056692123413086
2010-11-19,12.056692123413086
2010-11-22,12.407177925109863
2010-11-23,13.248340606689453
2010-11-24,13.318442344665527
2010-11-26,13.03805160522461
2010-11-29,13.80911636352539
2010-11-30,13.458632469177246
2010-12-01,13.178247451782227
2010-12-02,13.458632469177246
2010-12-03,13.178247451782227
2010-12-06,12.547372817993164
2010-12-07,11.986597061157227
2010-12-08,12.196885108947754
2010-12-09,12.196885108947754
2010-12-10,11.776307106018066
2010-12-13,11.91650104522705
2010-12-14,11.355724334716797
2010-12-15,12.617467880249023
2010-12-16,12.477274894714355
2010-12-17,12.477274894714355
2010-12-20,12.196885108947754
2010-12-21,12.337080955505371
2010-12-22,12.126790046691895
2010-12-23,12.407177925109863
2010-12-27,12.407177925109863
2010-12-28,12.337080955505371
2010-12-29,12.6875638961792
2010-12-30,12.617467880249023
2010-12-31,12.617467880249023
2011-01-03,12.6875638961792
2011-01-04,12.75766372680664
2011-01-05,12.75766372680664
2011-01-06,12.75766372680664
2011-01-07,13.03805160522461
2011-01-10,12.96795654296875
2011-01-11,13.598825454711914
2011-01-12,13.668922424316406
2011-01-13,13.03805160522461
2011-01-14,13.10815143585205
2011-01-18,13.598825454711914
2011-01-19,13.458632469177246
2011-01-20,12.75766372680664
2011-01-21,12.266985893249512
2011-01-24,12.056692123413086
2011-01-25,11.84640121459961
2011-01-26,11.91650104522705
2011-01-27,12.266985893249512
2011-01-28,11.84640121459961
2011-01-31,12.477274894714355
2011-02-01,12.75766372680664
2011-02-02,12.75766372680664
2011-02-03,12.827760696411133
2011-02-04,12.96795654296875
2011-02-07,12.897854804992676
2011-02-08,12.827760696411133
2011-02-09,12.617467880249023
2011-02-10,12.96795654296875
2011-02-11,13.318442344665527
2011-02-14,14.439993858337402
2011-02-15,14.0194091796875
2011-02-16,13.94931411743164
2011-02-17,13.879218101501465
2011-02-18,14.0194091796875
2011-02-22,13.879218101501465
2011-02-23,13.80911636352539
2011-02-24,13.739021301269531
2011-02-25,13.80911636352539
2011-02-28,13.528729438781738
2011-03-01,13.03805160522461
2011-03-02,13.458632469177246
2011-03-03,13.318442344665527
2011-03-04,13.178247451782227
2011-03-07,13.10815143585205
2011-03-08,13.178247451782227
2011-03-09,13.528729438781738
2011-03-10,13.178247451782227
2011-03-11,12.6875638961792
2011-03-14,12.477274894714355
2011-03-15,12.477274894714355
2011-03-16,12.126790046691895
2011-03-17,11.776307106018066
2011-03-18,11.636107444763184
2011-03-21,11.84640121459961
2011-03-22,11.706208229064941
2011-03-23,11.706208229064941
2011-03-24,11.706208229064941
2011-03-25,11.776307106018066
2011-03-28,11.56601333618164
2011-03-29,11.776307106018066
2011-03-30,11.495916366577148
2011-03-31,11.355724334716797
2011-04-01,11.495916366577148
2011-04-04,11.355724334716797
2011-04-05,11.355724334716797
2011-04-06,11.215526580810547
2011-04-07,11.285625457763672
2011-04-08,11.355724334716797
2011-04-11,11.425819396972656
2011-04-12,11.145431518554688
2011-04-13,10.44446086883545
2011-04-14,10.304265975952148
2011-04-15,10.865042686462402
2011-04-18,10.65475082397461
2011-04-19,10.584654808044434
2011-04-20,12.126790046691895
2011-04-21,12.056692123413086
2011-04-25,12.266985893249512
2011-04-26,11.776307106018066
2011-04-27,11.636107444763184
2011-04-28,11.636107444763184
2011-04-29,11.56601333618164
2011-05-02,11.495916366577148
2011-05-03,10.935140609741211
2011-05-04,10.65475082397461
2011-05-05,10.023877143859863
2011-05-06,10.023877143859863
2011-05-09,9.18271255493164
2011-05-10,8.762129783630371
2011-05-11,8.131256103515625
2011-05-12,8.34154987335205
2011-05-13,8.411645889282227
2011-05-16,8.061161041259766
2011-05-17,8.2013521194458
2011-05-18,7.780770778656006
2011-05-19,8.271452903747559
2011-05-20,7.920968532562256
2011-05-23,8.271452903747559
2011-05-24,7.99106502532959
2011-05-25,8.271452903747559
2011-05-26,8.131256103515625
2011-05-27,8.762129783630371
2011-05-31,8.411645889282227
2011-06-01,8.902326583862305
2011-06-02,8.481742858886719
2011-06-03,8.411645889282227
2011-06-06,8.271452903747559
2011-06-07,8.34154987335205
2011-06-08,8.061161041259766
2011-06-09,7.99106502532959
2011-06-10,7.850870609283447
2011-06-13,7.780770778656006
2011-06-14,7.5003838539123535
2011-06-15,7.7106757164001465
2011-06-16,7.430286407470703
2011-06-17,6.939609050750732
2011-06-20,7.00970458984375
2011-06-21,7.00970458984375
2011-06-22,7.149897575378418
2011-06-23,6.519025802612305
2011-06-24,7.149897575378418
2011-06-27,6.659221172332764
2011-06-28,6.589123725891113
2011-06-29,6.519025802612305
2011-06-30,6.729316234588623
2011-07-01,6.589123725891113
2011-07-05,6.799412727355957
2011-07-06,6.589123725891113
2011-07-07,6.659221172332764
2011-07-08,6.659221172332764
2011-07-11,6.448927402496338
2011-07-12,6.37883186340332
2011-07-13,6.098442554473877
2011-07-14,5.958250522613525
2011-07-15,6.1685404777526855
2011-07-18,5.888153553009033
2011-07-19,5.888153553009033
2011-07-20,6.448927402496338
2011-07-21,6.589123725891113
2011-07-22,6.659221172332764
2011-07-25,6.308733940124512
2011-07-26,6.308733940124512
2011-07-27,5.607763290405273
2011-07-28,5.397472858428955
2011-07-29,5.747958183288574
2011-08-01,5.677862167358398
2011-08-02,5.046987056732178
2011-08-03,5.046987056732178
2011-08-04,5.18718147277832
2011-08-05,4.97689151763916
2011-08-08,4.906793594360352
2011-08-09,4.556309223175049
2011-08-10,4.0656280517578125
2011-08-11,4.906793594360352
2011-08-12,4.97689151763916
2011-08-15,4.97689151763916
2011-08-16,5.046987056732178
2011-08-17,4.906793594360352
2011-08-18,4.906793594360352
2011-08-19,4.906793594360352
2011-08-22,4.346017837524414
2011-08-23,4.556309223175049
2011-08-24,4.346017837524414
2011-08-25,4.556309223175049
2011-08-26,4.486210346221924
2011-08-29,4.0656280517578125
2011-08-30,3.9254353046417236
2011-08-31,3.7151432037353516
2011-09-01,4.0656280517578125
2011-09-02,3.9254353046417236
2011-09-06,4.135726451873779
2011-09-07,3.9254353046417236
2011-09-08,3.9254353046417236
2011-09-09,3.8553378582000732
2011-09-12,3.8553378582000732
2011-09-13,3.7151432037353516
2011-09-14,4.346017837524414
2011-09-15,3.9254353046417236
2011-09-16,3.8553378582000732
2011-09-19,3.785240650177002
2011-09-20,3.7151432037353516
2011-09-21,3.785240650177002
2011-09-22,3.7151432037353516
2011-09-23,3.7151432037353516
2011-09-26,3.7151432037353516
2011-09-27,3.7151432037353516
2011-09-28,3.8553378582000732
2011-09-29,3.785240650177002
2011-09-30,3.785240650177002
2011-10-03,3.3646581172943115
2011-10-04,3.7151432037353516
2011-10-05,3.7151432037353516
2011-10-06,3.504852294921875
2011-10-07,3.7151432037353516
2011-10-10,3.785240650177002
2011-10-11,3.6450464725494385
2011-10-12,3.8553378582000732
2011-10-13,3.8553378582000732
2011-10-14,3.995532512664795
2011-10-17,3.785240650177002
2011-10-18,3.8553378582000732
2011-10-19,3.504852294921875
2011-10-20,3.6450464725494385
2011-10-21,4.205822944641113
2011-10-24,3.8553378582000732
2011-10-25,4.205822944641113
2011-10-26,4.0656280517578125
2011-10-27,3.8553378582000732
2011-10-28,3.995532512664795
2011-10-31,3.9254353046417236
2011-11-01,4.205822944641113
2011-11-02,5.5376667976379395
2011-11-03,4.626404762268066
2011-11-04,4.556309223175049
2011-11-07,4.556309223175049
2011-11-08,4.135726451873779
2011-11-09,4.0656280517578125
2011-11-10,4.205822944641113
2011-11-11,4.205822944641113
2011-11-14,4.2759199142456055
2011-11-15,4.346017837524414
2011-11-16,3.8553378582000732
2011-11-17,3.574948787689209
2011-11-18,3.6450464725494385
2011-11-21,3.504852294921875
2011-11-22,3.574948787689209
2011-11-23,3.504852294921875
2011-11-25,3.504852294921875
2011-11-28,3.785240650177002
2011-11-29,3.785240650177002
2011-11-30,3.434755325317383
2011-12-01,3.504852294921875
2011-12-02,3.504852294921875
2011-12-05,3.8553378582000732
2011-12-06,4.2759199142456055
2011-12-07,3.995532512664795
2011-12-08,3.785240650177002
2011-12-09,3.6450464725494385
2011-12-12,3.574948787689209
2011-12-13,3.6450464725494385
2011-12-14,3.504852294921875
2011-12-15,3.434755325317383
2011-12-16,3.434755325317383
2011-12-19,3.434755325317383
2011-12-20,3.434755325317383
2011-12-21,3.3646581172943115
2011-12-22,3.3646581172943115
2011-12-23,3.3646581172943115
2011-12-27,3.2945618629455566
2011-12-28,2.8038816452026367
2011-12-29,3.0842702388763428
2011-12-30,3.0842702388763428
2012-01-03,3.224463701248169
2012-01-04,2.873979091644287
2012-01-05,3.0842702388763428
2012-01-06,3.0842702388763428
2012-01-09,3.434755325317383
2012-01-10,3.0141730308532715
2012-01-11,2.8038816452026367
2012-01-12,2.7337851524353027
2012-01-13,2.8038816452026367
2012-01-17,3.0422115325927734
2012-01-18,3.0492212772369385
2012-01-19,3.0772602558135986
2012-01-20,3.161377191543579
2012-01-23,3.3436295986175537
2012-01-24,3.3225998878479004
2012-01-25,3.18941593170166
2012-01-26,3.112308979034424
2012-01-27,3.2104451656341553
2012-01-30,3.161377191543579
2012-01-31,3.161377191543579
2012-02-01,2.7758431434631348
2012-02-02,3.0352025032043457
2012-02-03,3.0562312602996826
2012-02-06,3.0772602558135986
2012-02-07,3.1683871746063232
2012-02-08,3.112308979034424
2012-02-09,3.154366970062256
2012-02-10,3.0141730308532715
2012-02-13,3.0492212772369385
2012-02-14,3.0141730308532715
2012-02-15,3.0141730308532715
2012-02-16,3.112308979034424
2012-02-17,3.0842702388763428
2012-02-21,3.0352025032043457
2012-02-22,2.9651052951812744
2012-02-23,2.831920862197876
2012-02-24,2.873979091644287
2012-02-27,2.9440767765045166
2012-02-28,2.9440767765045166
2012-02-29,2.7337851524353027
2012-03-01,2.8038816452026367
2012-03-02,2.7968719005584717
2012-03-05,2.7478044033050537
2012-03-06,2.7898621559143066
2012-03-07,2.6706976890563965
2012-03-08,2.7618236541748047
2012-03-09,2.7968719005584717
2012-03-12,2.7968719005584717
2012-03-13,2.7828524112701416
2012-03-14,2.6847167015075684
2012-03-15,2.8038816452026367
2012-03-16,2.7127561569213867
2012-03-19,2.6706976890563965
2012-03-20,2.57957124710083
2012-03-21,2.6076104640960693
2012-03-22,2.6286396980285645
2012-03-23,2.48844575881958
2012-03-26,2.6426589488983154
2012-03-27,2.6777069568634033
2012-03-28,2.7337851524353027
2012-03-29,2.6426589488983154
2012-03-30,2.5585427284240723
2012-04-02,2.565551996231079
2012-04-03,2.7688333988189697
2012-04-04,2.7407948970794678
2012-04-05,2.838931083679199
2012-04-09,2.6146199703216553
2012-04-10,2.8038816452026367
2012-04-11,3.140347719192505
2012-04-12,3.070251226425171
2012-04-13,3.070251226425171
2012-04-16,3.18941593170166
2012-04-17,3.217454671859741
2012-04-18,3.217454671859741
2012-04-19,3.0842702388763428
2012-04-20,3.3155899047851562
2012-04-23,3.3155899047851562
2012-04-24,3.336620330810547
2012-04-25,3.203435182571411
2012-04-26,2.9931440353393555
2012-04-27,2.93005633354187
2012-04-30,3.154366970062256
2012-05-01,3.126328945159912
2012-05-02,3.1683871746063232
2012-05-03,3.112308979034424
2012-05-04,3.455785036087036
2012-05-07,3.147357225418091
2012-05-08,3.147357225418091
2012-05-09,3.0632407665252686
2012-05-10,3.3225998878479004
2012-05-11,3.2595129013061523
2012-05-14,3.2595129013061523
2012-05-15,3.3015711307525635
2012-05-16,3.154366970062256
2012-05-17,3.091280221939087
2012-05-18,3.0842702388763428
2012-05-21,3.0842702388763428
2012-05-22,2.8038816452026367
2012-05-23,2.810891628265381
2012-05-24,2.9721148014068604
2012-05-25,2.3482518196105957
2012-05-29,3.154366970062256
2012-05-30,3.6380369663238525
2012-05-31,3.511861801147461
2012-06-01,3.525881767272949
2012-06-04,3.553920269012451
2012-06-05,3.722153425216675
2012-06-06,3.7501919269561768
2012-06-07,3.532891035079956
2012-06-08,3.5469112396240234
2012-06-11,4.430135250091553
2012-06-12,4.212832927703857
2012-06-13,3.9254353046417236
2012-06-14,4.2268524169921875
2012-06-15,4.2899394035339355
2012-06-18,4.556309223175049
2012-06-19,4.465181827545166
2012-06-20,4.2899394035339355
2012-06-21,4.59135627746582
2012-06-22,4.507240295410156
2012-06-25,4.556309223175049
2012-06-26,4.885763168334961
2012-06-27,4.906793594360352
2012-06-28,4.871744632720947
2012-06-29,4.899783611297607
2012-07-02,4.885763168334961
2012-07-03,4.941842079162598
2012-07-05,5.14512300491333
2012-07-06,5.257279396057129
2012-07-09,5.320365905761719
2012-07-10,5.334385395050049
2012-07-11,5.383452892303467
2012-07-12,4.8016486167907715
2012-07-13,4.626404762268066
2012-07-16,4.689492702484131
2012-07-17,4.135726451873779
2012-07-18,4.430135250091553
2012-07-19,4.542288303375244
2012-07-20,4.654443740844727
2012-07-23,4.584347724914551
2012-07-24,4.3810648918151855
2012-07-25,4.310969352722168
2012-07-26,4.303959369659424
2012-07-27,4.703513145446777
2012-07-30,4.563318252563477
2012-07-31,4.240871429443359
2012-08-01,4.815668106079102
2012-08-02,4.654443740844727
2012-08-03,4.745570659637451
2012-08-06,4.514250755310059
2012-08-07,4.416114330291748
2012-08-08,4.205822944641113
2012-08-09,4.268909931182861
2012-08-10,4.086658954620361
2012-08-13,4.647434711456299
2012-08-14,4.549298286437988
2012-08-15,4.584347724914551
2012-08-16,4.472191333770752
2012-08-17,4.696503639221191
2012-08-20,4.696503639221191
2012-08-21,4.500230312347412
2012-08-22,4.528268814086914
2012-08-23,4.500230312347412
2012-08-24,4.626404762268066
2012-08-27,4.507240295410156
2012-08-28,4.549298286437988
2012-08-29,4.479200839996338
2012-08-30,4.416114330291748
2012-08-31,4.3810648918151855
2012-09-04,4.317976951599121
2012-09-05,4.205822944641113
2012-09-06,4.135726451873779
2012-09-07,4.0656280517578125
2012-09-10,3.9044055938720703
2012-09-11,3.743183135986328
2012-09-12,3.6310272216796875
2012-09-13,3.687105178833008
2012-09-14,3.602987766265869
2012-09-17,3.6099984645843506
2012-09-18,3.6170084476470947
2012-09-19,3.6170084476470947
2012-09-20,3.7151432037353516
2012-09-21,3.6380369663238525
2012-09-24,3.588968276977539
2012-09-25,3.6450464725494385
2012-09-26,3.778231143951416
2012-09-27,3.6450464725494385
2012-09-28,3.6310272216796875
2012-10-01,3.687105178833008
2012-10-02,3.6800954341888428
2012-10-03,3.69411563873291
2012-10-04,3.757201671600342
2012-10-05,3.757201671600342
2012-10-08,3.778231143951416
2012-10-09,3.6310272216796875
2012-10-10,3.6310272216796875
2012-10-11,3.666076898574829
2012-10-12,3.6800954341888428
2012-10-15,3.595977783203125
2012-10-16,3.624018907546997
2012-10-17,3.595977783203125
2012-10-18,3.574948787689209
2012-10-19,3.5469112396240234
2012-10-22,3.5819599628448486
2012-10-23,3.4627950191497803
2012-10-24,3.469804525375366
2012-10-25,3.434755325317383
2012-10-26,3.434755325317383
2012-10-31,3.4067163467407227
2012-11-01,3.504852294921875
2012-11-02,3.455785036087036
2012-11-05,3.3646581172943115
2012-11-06,3.4067163467407227
2012-11-07,3.4067163467407227
2012-11-08,3.876366376876831
2012-11-09,3.7992615699768066
2012-11-12,4.353026866912842
2012-11-13,4.135726451873779
2012-11-14,3.890385389328003
2012-11-15,3.995532512664795
2012-11-16,4.030580520629883
2012-11-19,4.205822944641113
2012-11-20,4.0656280517578125
2012-11-21,4.205822944641113
2012-11-23,4.205822944641113
2012-11-26,4.353026866912842
2012-11-27,4.549298286437988
2012-11-28,4.906793594360352
2012-11-29,4.955862522125244
2012-11-30,5.425512313842773
2012-12-03,5.369433403015137
2012-12-04,5.257279396057129
2012-12-05,5.166152000427246
2012-12-06,5.236248970031738
2012-12-07,5.124094486236572
2012-12-10,4.913803577423096
2012-12-11,5.082036018371582
2012-12-12,5.110076427459717
2012-12-13,4.93483304977417
2012-12-14,4.913803577423096
2012-12-17,4.899783611297607
2012-12-18,4.654443740844727
2012-12-19,4.731550693511963
2012-12-20,4.731550693511963
2012-12-21,4.59135627746582
2012-12-24,4.451163291931152
2012-12-26,4.268909931182861
2012-12-27,3.9324448108673096
2012-12-28,4.002541542053223
2012-12-31,3.939453125
2013-01-02,4.247880935668945
2013-01-03,4.3810648918151855
2013-01-04,4.360036849975586
2013-01-07,4.121706962585449
2013-01-08,4.0656280517578125
2013-01-09,4.570327281951904
2013-01-10,4.3810648918151855
2013-01-11,4.59135627746582
2013-01-14,4.59135627746582
2013-01-15,4.402094841003418
2013-01-16,4.3810648918151855
2013-01-17,4.409104824066162
2013-01-18,4.458172798156738
2013-01-22,4.731550693511963
2013-01-23,4.549298286437988
2013-01-24,4.59135627746582
2013-01-25,4.654443740844727
2013-01-28,4.156754970550537
2013-01-29,4.184793949127197
2013-01-30,4.205822944641113
2013-01-31,4.346017837524414
2013-02-01,4.212832927703857
2013-02-04,4.205822944641113
2013-02-05,4.198812961578369
2013-02-06,4.114696979522705
2013-02-07,4.121706962585449
2013-02-08,4.135726451873779
2013-02-11,4.121706962585449
2013-02-12,4.121706962585449
2013-02-13,4.142735958099365
2013-02-14,4.170774936676025
2013-02-15,4.142735958099365
2013-02-19,4.114696979522705
2013-02-20,4.135726451873779
2013-02-21,4.009552001953125
2013-02-22,4.079648494720459
2013-02-25,3.890385389328003
2013-02-26,3.995532512664795
2013-02-27,3.995532512664795
2013-02-28,4.037590503692627
2013-03-01,3.9745020866394043
2013-03-04,3.9885215759277344
2013-03-05,4.32498836517334
2013-03-06,4.086658954620361
2013-03-07,3.967493772506714
2013-03-08,4.451163291931152
2013-03-11,4.416114330291748
2013-03-12,4.402094841003418
2013-03-13,4.402094841003418
2013-03-14,4.395086288452148
2013-03-15,4.037590503692627
2013-03-18,3.9745020866394043
2013-03-19,4.072638988494873
2013-03-20,4.374054908752441
2013-03-21,4.205822944641113
2013-03-22,4.2759199142456055
2013-03-25,4.59135627746582
2013-03-26,4.268909931182861
2013-03-27,4.303959369659424
2013-03-28,4.479200839996338
2013-04-01,4.409104824066162
2013-04-02,4.577338218688965
2013-04-03,4.5352783203125
2013-04-04,4.570327281951904
2013-04-05,4.310969352722168
2013-04-08,4.563318252563477
2013-04-09,4.927823066711426
2013-04-10,4.885763168334961
2013-04-11,4.836697101593018
2013-04-12,5.02595853805542
2013-04-15,4.97689151763916
2013-04-16,5.327375411987305
2013-04-17,5.327375411987305
2013-04-18,5.243258953094482
2013-04-19,5.327375411987305
2013-04-22,5.327375411987305
2013-04-23,5.432521343231201
2013-04-24,5.432521343231201
2013-04-25,5.432521343231201
2013-04-26,5.327375411987305
2013-04-29,5.257279396057129
2013-04-30,5.222230434417725
2013-05-01,5.4815897941589355
2013-05-02,5.5096282958984375
2013-05-03,5.285317897796631
2013-05-06,5.257279396057129
2013-05-07,5.1170854568481445
2013-05-08,5.124094486236572
2013-05-09,5.432521343231201
2013-05-10,6.308733940124512
2013-05-13,6.519025802612305
2013-05-14,7.465336322784424
2013-05-15,8.720073699951172
2013-05-16,8.937372207641602
2013-05-17,8.937372207641602
2013-05-20,8.867278099060059
2013-05-21,8.425665855407715
2013-05-22,7.780770778656006
2013-05-23,6.6311798095703125
2013-05-24,6.93259859085083
2013-05-28,7.177936553955078
2013-05-29,7.00970458984375
2013-05-30,6.911570072174072
2013-05-31,6.911570072174072
2013-06-03,7.135879039764404
2013-06-04,7.030734062194824
2013-06-05,6.93259859085083
2013-06-06,7.135879039764404
2013-06-07,7.135879039764404
2013-06-10,7.00970458984375
2013-06-11,7.044754505157471
2013-06-12,7.290092945098877
2013-06-13,8.334538459777832
2013-06-14,8.159296989440918
2013-06-17,7.850870609283447
2013-06-18,7.906948089599609
2013-06-19,7.850870609283447
2013-06-20,7.5354323387146
2013-06-21,7.219996929168701
2013-06-24,7.290092945098877
2013-06-25,7.703664779663086
2013-06-26,7.3601908683776855
2013-06-27,7.787781715393066
2013-06-28,7.77376127243042
2013-07-01,7.60552978515625
2013-07-02,7.920968532562256
2013-07-03,7.977043151855469
2013-07-05,7.843859672546387
2013-07-08,7.857879161834717
2013-07-09,7.934987545013428
2013-07-10,8.222384452819824
2013-07-11,7.8018012046813965
2013-07-12,8.271452903747559
2013-07-15,9.056537628173828
2013-07-16,8.523801803588867
2013-07-17,8.902326583862305
2013-07-18,9.042519569396973
2013-07-19,8.979432106018066
2013-07-22,9.084576606750488
2013-07-23,9.196731567382812
2013-07-24,9.414032936096191
2013-07-25,8.642966270446777
2013-07-26,8.194344520568848
2013-07-29,8.061161041259766
2013-07-30,8.656984329223633
2013-07-31,9.364968299865723
2013-08-01,9.589275360107422
2013-08-02,9.736478805541992
2013-08-05,9.631336212158203
2013-08-06,9.561236381530762
2013-08-07,9.505160331726074
2013-08-08,9.673394203186035
2013-08-09,9.708440780639648
2013-08-12,9.855646133422852
2013-08-13,9.9888277053833
2013-08-14,10.605684280395508
2013-08-15,11.208518028259277
2013-08-16,15.288164138793945
2013-08-19,14.229701042175293
2013-08-20,13.185256004333496
2013-08-21,14.369894027709961
2013-08-22,14.369894027709961
2013-08-23,14.832535743713379
2013-08-26,17.524259567260742
2013-08-27,18.680866241455078
2013-08-28,20.272066116333008
2013-08-29,20.061777114868164
2013-08-30,19.42388916015625
2013-09-03,20.349178314208984
2013-09-04,20.678632736206055
2013-09-05,21.113231658935547
2013-09-06,21.989444732666016
2013-09-09,24.3657283782959
2013-09-10,24.393770217895508
2013-09-11,23.447465896606445
2013-09-12,19.45193099975586
2013-09-13,17.79764175415039
2013-09-16,20.713680267333984
2013-09-17,19.69727325439453
2013-09-18,19.199583053588867
2013-09-19,19.36781120300293
2013-09-20,18.260276794433594
2013-09-23,18.064014434814453
2013-09-24,18.27429962158203
2013-09-25,17.2648983001709
2013-09-26,17.867740631103516
2013-09-27,16.858341217041016
2013-09-30,16.84432029724121
2013-10-01,17.342010498046875
2013-10-02,16.549915313720703
2013-10-03,16.080259323120117
2013-10-04,16.199430465698242
2013-10-07,16.052223205566406
2013-10-08,16.115314483642578
2013-10-09,15.568557739257812
2013-10-10,16.332611083984375
2013-10-11,16.35364532470703
2013-10-14,16.577953338623047
2013-10-15,16.711137771606445
2013-10-16,16.486827850341797
2013-10-17,17.02657127380371
2013-10-18,16.388689041137695
2013-10-21,17.159757614135742
2013-10-22,16.83731460571289
2013-10-23,16.865354537963867
2013-10-24,17.412107467651367
2013-10-25,17.047603607177734
2013-10-28,17.17377281188965
2013-10-29,16.830303192138672
2013-10-30,16.7181453704834
2013-10-31,16.535898208618164
2013-11-01,15.442384719848633
2013-11-04,16.830303192138672
2013-11-05,17.11770248413086
2013-11-06,18.575719833374023
2013-11-07,19.837467193603516
2013-11-08,20.426280975341797
2013-11-11,20.68564224243164
2013-11-12,19.928590774536133
2013-11-13,19.97064971923828
2013-11-14,17.159757614135742
2013-11-15,17.16676902770996
2013-11-18,17.17377281188965
2013-11-19,17.208826065063477
2013-11-20,16.711137771606445
2013-11-21,16.500844955444336
2013-11-22,16.865354537963867
2013-11-25,14.95871353149414
2013-11-26,14.741409301757812
2013-11-27,14.797489166259766
2013-11-29,15.0708646774292
2013-12-02,14.299795150756836
2013-12-03,13.675930976867676
2013-12-04,12.596440315246582
2013-12-05,12.189875602722168
2013-12-06,12.126790046691895
2013-12-09,12.084732055664062
2013-12-10,12.014634132385254
2013-12-11,12.119779586791992
2013-12-12,11.986597061157227
2013-12-13,11.92350959777832
2013-12-16,11.811351776123047
2013-12-17,11.762286186218262
2013-12-18,11.84640121459961
2013-12-19,12.266985893249512
2013-12-20,12.610458374023438
2013-12-23,12.834769248962402
2013-12-24,13.318442344665527
2013-12-26,12.75766372680664
2013-12-27,12.358108520507812
2013-12-30,11.87444019317627
2013-12-31,11.888459205627441
2014-01-02,11.92350959777832
2014-01-03,11.91650104522705
2014-01-06,12.266985893249512
2014-01-07,11.972576141357422
2014-01-08,12.407177925109863
2014-01-09,11.825373649597168
2014-01-10,12.084732055664062
2014-01-13,12.231934547424316
2014-01-14,12.035663604736328
2014-01-15,11.986597061157227
2014-01-16,11.91650104522705
2014-01-17,11.551993370056152
2014-01-21,11.551993370056152
2014-01-22,11.145431518554688
2014-01-23,11.559002876281738
2014-01-24,11.04028606414795
2014-01-27,11.187487602233887
2014-01-28,11.250574111938477
2014-01-29,11.04028606414795
2014-01-30,10.605684280395508
2014-01-31,10.738866806030273
2014-02-03,9.484132766723633
2014-02-04,9.266831398010254
2014-02-05,9.112618446350098
2014-02-06,9.084576606750488
2014-02-07,9.035510063171387
2014-02-10,8.860270500183105
2014-02-11,9.54721736907959
2014-02-12,10.15005111694336
2014-02-13,11.215526580810547
2014-02-14,12.974967956542969
2014-02-18,13.234322547912598
2014-02-19,13.304417610168457
2014-02-20,13.739021301269531
2014-02-21,13.879218101501465
2014-02-24,13.991371154785156
2014-02-25,13.774070739746094
2014-02-26,12.337080955505371
2014-02-27,12.470267295837402
2014-02-28,11.979584693908691
2014-03-03,11.804344177246094
2014-03-04,11.741254806518555
2014-03-05,11.776307106018066
2014-03-06,11.075333595275879
2014-03-07,11.215526580810547
2014-03-10,11.215526580810547
2014-03-11,11.432829856872559
2014-03-12,13.696966171264648
2014-03-13,12.883837699890137
2014-03-14,12.288016319274902
2014-03-17,12.189875602722168
2014-03-18,12.330073356628418
2014-03-19,12.57541275024414
2014-03-20,12.568399429321289
2014-03-21,12.617467880249023
2014-03-24,12.231934547424316
2014-03-25,12.491293907165527
2014-03-26,12.407177925109863
2014-03-27,12.161840438842773
2014-03-28,12.098750114440918
2014-03-31,12.13379955291748
2014-04-01,12.477274894714355
2014-04-02,12.610458374023438
2014-04-03,12.617467880249023
2014-04-04,12.694575309753418
2014-04-07,12.18286418914795
2014-04-08,12.316051483154297
2014-04-09,12.960943222045898
2014-04-10,12.617467880249023
2014-04-11,12.309041023254395
2014-04-14,12.386149406433105
2014-04-15,12.266985893249512
2014-04-16,12.245954513549805
2014-04-17,12.245954513549805
2014-04-21,12.238945007324219
2014-04-22,12.266985893249512
2014-04-23,12.266985893249512
2014-04-24,12.266985893249512
2014-04-25,11.944540023803711
2014-04-28,11.986597061157227
2014-04-29,11.993603706359863
2014-04-30,11.404792785644531
2014-05-01,10.276228904724121
2014-05-02,10.549606323242188
2014-05-05,10.52857780456543
2014-05-06,10.304265975952148
2014-05-07,10.31127643585205
2014-05-08,10.22716236114502
2014-05-09,10.255199432373047
2014-05-12,10.37436294555664
2014-05-13,10.34632682800293
2014-05-14,10.766905784606934
2014-05-15,10.65475082397461
2014-05-16,10.584654808044434
2014-05-19,10.584654808044434
2014-05-20,10.255199432373047
2014-05-21,10.297257423400879
2014-05-22,10.304265975952148
2014-05-23,10.31127643585205
2014-05-27,10.304265975952148
2014-05-28,10.29024600982666
2014-05-29,10.269217491149902
2014-05-30,10.164072036743164
2014-06-02,9.252809524536133
2014-06-03,9.540207862854004
2014-06-04,9.11962604522705
2014-06-05,9.15467643737793
2014-06-06,9.11962604522705
2014-06-09,9.259817123413086
2014-06-10,9.238790512084961
2014-06-11,9.112618446350098
2014-06-12,9.308887481689453
2014-06-13,9.273836135864258
2014-06-16,9.161684036254883
2014-06-17,9.18271255493164
2014-06-18,9.196731567382812
2014-06-19,9.126636505126953
2014-06-20,9.077569961547852
2014-06-23,9.112618446350098
2014-06-24,9.028501510620117
2014-06-25,9.105607032775879
2014-06-26,9.091588020324707
2014-06-27,8.832228660583496
2014-06-30,8.509779930114746
2014-07-01,8.516793251037598
2014-07-02,8.411645889282227
2014-07-03,8.755121231079102
2014-07-07,8.593897819519043
2014-07-08,8.586886405944824
2014-07-09,8.425665855407715
2014-07-10,8.418657302856445
2014-07-11,8.656984329223633
2014-07-14,8.453704833984375
2014-07-15,8.656984329223633
2014-07-16,8.671005249023438
2014-07-17,8.663992881774902
2014-07-18,8.565860748291016
2014-07-21,8.28547191619873
2014-07-22,8.47473430633545
2014-07-23,8.481742858886719
2014-07-24,8.250422477722168
2014-07-25,8.418657302856445
2014-07-28,8.523801803588867
2014-07-29,8.278459548950195
2014-07-30,8.642966270446777
2014-07-31,8.642966270446777
2014-08-01,8.586886405944824
2014-08-04,8.762129783630371
2014-08-05,8.446696281433105
2014-08-06,8.278459548950195
2014-08-07,8.579878807067871
2014-08-08,8.55885124206543
2014-08-11,8.755121231079102
2014-08-12,8.49576187133789
2014-08-13,8.49576187133789
2014-08-14,8.663992881774902
2014-08-15,8.720073699951172
2014-08-18,8.755121231079102
2014-08-19,8.706053733825684
2014-08-20,8.699043273925781
2014-08-21,8.741103172302246
2014-08-22,8.762129783630371
2014-08-25,8.804189682006836
2014-08-26,9.028501510620117
2014-08-27,9.189723014831543
2014-08-28,9.133646965026855
2014-08-29,9.091588020324707
2014-09-02,9.196731567382812
2014-09-03,9.196731567382812
2014-09-04,9.336929321289062
2014-09-05,9.47712230682373
2014-09-08,9.813587188720703
2014-09-09,10.164072036743164
2014-09-10,10.304265975952148
2014-09-11,10.507548332214355
2014-09-12,10.801956176757812
2014-09-15,10.801956176757812
2014-09-16,10.808964729309082
2014-09-17,10.893080711364746
2014-09-18,10.942150115966797
2014-09-19,11.559002876281738
2014-09-22,11.72022533416748
2014-09-23,11.66415023803711
2014-09-24,12.049683570861816
2014-09-25,12.056692123413086
2014-09-26,12.140810012817383
2014-09-29,11.152441024780273
2014-09-30,10.928130149841309
2014-10-01,10.32529354095459
2014-10-02,9.890692710876465
2014-10-03,10.164072036743164
2014-10-06,10.234170913696289
2014-10-07,10.409411430358887
2014-10-08,10.668770790100098
2014-10-09,10.689798355102539
2014-10-10,10.731858253479004
2014-10-13,10.262207984924316
2014-10-14,9.785547256469727
2014-10-15,8.874289512634277
2014-10-16,10.479511260986328
2014-10-17,10.100984573364258
2014-10-20,10.3533353805542
2014-10-21,10.220152854919434
2014-10-22,9.974809646606445
2014-10-23,10.234170913696289
2014-10-24,9.925743103027344
2014-10-27,9.827607154846191
2014-10-28,10.044906616210938
2014-10-29,9.946772575378418
2014-10-30,9.946772575378418
2014-10-31,10.093974113464355
2014-11-03,9.848636627197266
2014-11-04,16.164384841918945
2014-11-05,16.12232208251953
2014-11-06,15.582575798034668
2014-11-07,15.183018684387207
2014-11-10,13.858185768127441
2014-11-11,14.678322792053223
2014-11-12,15.975120544433594
2014-11-13,15.239099502563477
2014-11-14,14.236711502075195
2014-11-17,15.778843879699707
2014-11-18,15.19002628326416
2014-11-19,15.379294395446777
2014-11-20,15.267135620117188
2014-11-21,15.23208999633789
2014-11-24,16.381681442260742
2014-11-25,16.746183395385742
2014-11-26,17.573326110839844
2014-11-28,17.699506759643555
2014-12-01,18.94723129272461
2014-12-02,19.108455657958984
2014-12-03,19.206594467163086
2014-12-04,18.84208869934082
2014-12-05,19.045368194580078
2014-12-08,21.484745025634766
2014-12-09,20.916959762573242
2014-12-10,19.38884162902832
2014-12-11,20.405250549316406
2014-12-12,19.69727325439453
2014-12-15,20.608531951904297
2014-12-16,20.510398864746094
2014-12-17,20.279075622558594
2014-12-18,19.76035499572754
2014-12-19,20.237018585205078
2014-12-22,20.363189697265625
2014-12-23,20.30010223388672
2014-12-24,20.30010223388672
2014-12-26,20.096824645996094
2014-12-29,19.59913444519043
2014-12-30,18.673858642578125
2014-12-31,18.680866241455078
2015-01-02,17.63641929626465
2015-01-05,15.806884765625
2015-01-06,16.409719467163086
2015-01-07,16.823291778564453
2015-01-08,17.349027633666992
2015-01-09,18.30935287475586
2015-01-12,19.36781120300293
2015-01-13,19.97064971923828
2015-01-14,18.26729393005371
2015-01-15,16.816282272338867
2015-01-16,15.666691780090332
2015-01-20,14.860572814941406
2015-01-21,14.860572814941406
2015-01-22,14.397932052612305
2015-01-23,14.55214786529541
2015-01-26,15.0708646774292
2015-01-27,14.783468246459961
2015-01-28,14.643270492553711
2015-01-29,13.767061233520508
2015-01-30,13.10815143585205
2015-02-02,13.003003120422363
2015-02-03,14.012395858764648
2015-02-04,14.937684059143066
2015-02-05,15.344244003295898
2015-02-06,14.85356616973877
2015-02-09,15.687719345092773
2015-02-10,15.449390411376953
2015-02-11,15.596592903137207
2015-02-12,16.26251220703125
2015-02-13,16.746183395385742
2015-02-17,17.02657127380371
2015-02-18,17.068632125854492
2015-02-19,16.360652923583984
2015-02-20,16.332611083984375
2015-02-23,16.760204315185547
2015-02-24,16.732168197631836
2015-02-25,15.848942756652832
2015-02-26,15.92604923248291
2015-02-27,16.12933349609375
2015-03-02,15.890998840332031
2015-03-03,15.421351432800293
2015-03-04,13.157217025756836
2015-03-05,12.617467880249023
2015-03-06,13.03805160522461
2015-03-09,12.939912796020508
2015-03-10,12.897854804992676
2015-03-11,12.771678924560547
2015-03-12,12.673548698425293
2015-03-13,12.666540145874023
2015-03-16,12.000612258911133
2015-03-17,12.540361404418945
2015-03-18,12.73663330078125
2015-03-19,13.248340606689453
2015-03-20,13.283392906188965
2015-03-23,13.332456588745117
2015-03-24,13.493681907653809
2015-03-25,13.395548820495605
2015-03-26,13.31142807006836
2015-03-27,13.381525039672852
2015-03-30,12.904861450195312
2015-03-31,13.15020751953125
2015-04-01,13.003003120422363
2015-04-02,13.332456588745117
2015-04-06,13.717994689941406
2015-04-07,14.243719100952148
2015-04-08,14.678322792053223
2015-04-09,14.320828437805176
2015-04-10,14.55214786529541
2015-04-13,14.748420715332031
2015-04-14,14.306809425354004
2015-04-15,14.482053756713867
2015-04-16,14.306809425354004
2015-04-17,13.914262771606445
2015-04-20,14.306809425354004
2015-04-21,14.503080368041992
2015-04-22,14.601213455200195
2015-04-23,14.369894027709961
2015-04-24,14.411951065063477
2015-04-27,13.781079292297363
2015-04-28,13.935293197631836
2015-04-29,13.851180076599121
2015-04-30,13.53573989868164
2015-05-01,13.956320762634277
2015-05-04,13.703973770141602
2015-05-05,13.689953804016113
2015-05-06,13.570786476135254
2015-05-07,13.598825454711914
2015-05-08,13.122167587280273
2015-05-11,12.855799674987793
2015-05-12,14.2927885055542
2015-05-13,14.706357955932617
2015-05-14,14.587196350097656
2015-05-15,14.194652557373047
2015-05-18,14.40494441986084
2015-05-19,14.566166877746582
2015-05-20,14.243719100952148
2015-05-21,14.650284767150879
2015-05-22,14.720381736755371
2015-05-26,14.664307594299316
2015-05-27,14.482053756713867
2015-05-28,14.685331344604492
2015-05-29,14.545140266418457
2015-06-01,14.250730514526367
2015-06-02,14.2086763381958
2015-06-03,14.2927885055542
2015-06-04,14.538128852844238
2015-06-05,14.545140266418457
2015-06-08,14.0194091796875
2015-06-09,13.942304611206055
2015-06-10,13.886225700378418
2015-06-11,13.851180076599121
2015-06-12,13.879218101501465
2015-06-15,13.80911636352539
2015-06-16,13.81612777709961
2015-06-17,14.131564140319824
2015-06-18,13.92828369140625
2015-06-19,14.299795150756836
2015-06-22,14.496075630187988
2015-06-23,14.334846496582031
2015-06-24,14.236711502075195
2015-06-25,13.605836868286133
2015-06-26,13.416577339172363
2015-06-29,12.680556297302246
2015-06-30,12.617467880249023
2015-07-01,12.414189338684082
2015-07-02,12.58242130279541
2015-07-06,12.659525871276855
2015-07-07,12.645508766174316
2015-07-08,12.519335746765137
2015-07-09,12.49830436706543
2015-07-10,12.18286418914795
2015-07-13,11.965566635131836
2015-07-14,12.13379955291748
2015-07-15,12.196885108947754
2015-07-16,12.084732055664062
2015-07-17,12.063702583312988
2015-07-20,12.007620811462402
2015-07-21,12.0917387008667
2015-07-22,12.021642684936523
2015-07-23,12.259973526000977
2015-07-24,12.302033424377441
2015-07-27,12.021642684936523
2015-07-28,12.056692123413086
2015-07-29,12.168846130371094
2015-07-30,12.140810012817383
2015-07-31,12.18286418914795
2015-08-03,12.210906982421875
2015-08-04,14.348865509033203
2015-08-05,14.720381736755371
2015-08-06,14.369894027709961
2015-08-07,13.15020751953125
2015-08-10,13.732011795043945
2015-08-11,12.79971981048584
2015-08-12,12.58242130279541
2015-08-13,13.318442344665527
2015-08-14,13.073099136352539
2015-08-17,13.500690460205078
2015-08-18,13.213292121887207
2015-08-19,13.03805160522461
2015-08-20,12.729625701904297
2015-08-21,12.6875638961792
2015-08-24,12.154828071594238
2015-08-25,11.944540023803711
2015-08-26,11.881450653076172
2015-08-27,12.259973526000977
2015-08-28,12.295022964477539
2015-08-31,11.860421180725098
2015-09-01,12.126790046691895
2015-09-02,12.000612258911133
2015-09-03,12.0917387008667
2015-09-04,11.888459205627441
2015-09-08,12.014634132385254
2015-09-09,11.91650104522705
2015-09-10,11.853411674499512
2015-09-11,11.958555221557617
2015-09-14,12.189875602722168
2015-09-15,13.500690460205078
2015-09-16,13.556769371032715
2015-09-17,13.696966171264648
2015-09-18,13.872208595275879
2015-09-21,14.159605026245117
2015-09-22,14.012395858764648
2015-09-23,13.528729438781738
2015-09-24,13.732011795043945
2015-09-25,13.795100212097168
2015-09-28,13.696966171264648
2015-09-29,13.500690460205078
2015-09-30,13.290399551391602
2015-10-01,13.255351066589355
2015-10-02,13.003003120422363
2015-10-05,13.62686538696289
2015-10-06,13.68294620513916
2015-10-07,14.580185890197754
2015-10-08,14.636268615722656
2015-10-09,14.664307594299316
2015-10-12,14.664307594299316
2015-10-13,14.454012870788574
2015-10-14,14.439993858337402
2015-10-15,14.944694519042969
2015-10-16,15.28115463256836
2015-10-19,15.912033081054688
2015-10-20,15.112924575805664
2015-10-21,15.848942756652832
2015-10-22,15.883993148803711
2015-10-23,15.764825820922852
2015-10-26,16.21344757080078
2015-10-27,16.360652923583984
2015-10-28,17.16676902770996
2015-10-29,17.29294204711914
2015-10-30,17.412107467651367
2015-11-02,19.55707359313965
2015-11-03,19.34678840637207
2015-11-04,19.669233322143555
2015-11-05,19.37482452392578
2015-11-06,17.5943603515625
2015-11-09,18.211214065551758
2015-11-10,13.68294620513916
2015-11-11,13.753042221069336
2015-11-12,14.13857650756836
2015-11-13,13.577798843383789
2015-11-16,13.388537406921387
2015-11-17,13.577798843383789
2015-11-18,13.746031761169434
2015-11-19,13.84416675567627
2015-11-20,13.90024471282959
2015-11-23,13.956320762634277
2015-11-24,14.678322792053223
2015-11-25,15.09189510345459
2015-11-27,15.2110595703125
2015-11-30,15.29517936706543
2015-12-01,15.000767707824707
2015-12-02,14.881607055664062
2015-12-03,14.629255294799805
2015-12-04,14.334846496582031
2015-12-07,14.222695350646973
2015-12-08,13.907256126403809
2015-12-09,14.0194091796875
2015-12-10,14.075486183166504
2015-12-11,13.90024471282959
2015-12-14,13.339470863342285
2015-12-15,13.367506980895996
2015-12-16,13.486672401428223
2015-12-17,13.598825454711914
2015-12-18,13.521721839904785
2015-12-21,13.416577339172363
2015-12-22,13.542749404907227
2015-12-23,13.605836868286133
2015-12-24,13.416577339172363
2015-12-28,13.47265338897705
2015-12-29,13.493681907653809
2015-12-30,13.15020751953125
2015-12-31,13.213292121887207
2016-01-04,13.304417610168457
2016-01-05,13.388537406921387
2016-01-06,13.563776969909668
2016-01-07,13.087120056152344
2016-01-08,12.540361404418945
2016-01-11,12.084732055664062
2016-01-12,12.154828071594238
2016-01-13,12.22492504119873
2016-01-14,11.91650104522705
2016-01-15,11.986597061157227
2016-01-19,11.811351776123047
2016-01-20,11.84640121459961
2016-01-21,11.888459205627441
2016-01-22,11.986597061157227
2016-01-25,12.070712089538574
2016-01-26,12.266985893249512
2016-01-27,12.533353805541992
2016-01-28,12.316051483154297
2016-01-29,12.337080955505371
2016-02-01,12.470267295837402
2016-02-02,12.526341438293457
2016-02-03,12.428205490112305
2016-02-04,12.722618103027344
2016-02-05,12.37213134765625
2016-02-08,12.014634132385254
2016-02-09,12.014634132385254
2016-02-10,12.04267406463623
2016-02-11,11.979584693908691
2016-02-12,11.986597061157227
2016-02-16,11.832383155822754
2016-02-17,12.112772941589355
2016-02-18,11.91650104522705
2016-02-19,12.0917387008667
2016-02-22,12.028655052185059
2016-02-23,11.993603706359863
2016-02-24,12.210906982421875
2016-02-25,12.470267295837402
2016-02-26,12.743642807006836
2016-02-29,12.729625701904297
2016-03-01,12.75766372680664
2016-03-02,12.778690338134766
2016-03-03,13.68294620513916
2016-03-04,13.29741096496582
2016-03-07,12.974967956542969
2016-03-08,13.059080123901367
2016-03-09,13.381525039672852
2016-03-10,13.227312088012695
2016-03-11,13.045063972473145
2016-03-14,12.96795654296875
2016-03-15,13.86519718170166
2016-03-16,13.80911636352539
2016-03-17,14.222695350646973
2016-03-18,14.033429145812988
2016-03-21,14.145586013793945
2016-03-22,14.454012870788574
2016-03-23,14.615235328674316
2016-03-24,14.916653633117676
2016-03-28,15.75080680847168
2016-03-29,16.47981834411621
2016-03-30,17.054611206054688
2016-03-31,16.47280502319336
2016-04-01,15.456399917602539
2016-04-04,15.722765922546387
2016-04-05,16.0382080078125
2016-04-06,15.708745002746582
2016-04-07,15.32321834564209
2016-04-08,15.28115463256836
2016-04-11,15.799874305725098
2016-04-12,15.48443603515625
2016-04-13,15.049835205078125
2016-04-14,15.330224990844727
2016-04-15,14.425976753234863
2016-04-18,14.52410888671875
2016-04-19,15.140962600708008
2016-04-20,14.447004318237305
2016-04-21,14.159605026245117
2016-04-22,14.720381736755371
2016-04-25,14.390929222106934
2016-04-26,14.096517562866211
2016-04-27,14.369894027709961
2016-04-28,14.4750394821167
2016-04-29,14.510088920593262
2016-05-02,14.0194091796875
2016-05-03,14.334846496582031
2016-05-04,13.851180076599121
2016-05-05,13.977352142333984
2016-05-06,13.367506980895996
2016-05-09,13.15020751953125
2016-05-10,13.024030685424805
2016-05-11,13.129176139831543
2016-05-12,13.66191291809082
2016-05-13,13.86519718170166
2016-05-16,13.94931411743164
2016-05-17,13.80911636352539
2016-05-18,14.2927885055542
2016-05-19,14.215681076049805
2016-05-20,14.299795150756836
2016-05-23,14.145586013793945
2016-05-24,14.496075630187988
2016-05-25,14.271758079528809
2016-05-26,14.601213455200195
2016-05-27,14.531119346618652
2016-05-31,14.615235328674316
2016-06-01,14.566166877746582
2016-06-02,14.566166877746582
2016-06-03,14.13857650756836
2016-06-06,15.000767707824707
2016-06-07,15.38630485534668
2016-06-08,15.056845664978027
2016-06-09,15.154979705810547
2016-06-10,15.421351432800293
2016-06-13,15.154979705810547
2016-06-14,15.32321834564209
2016-06-15,15.077877044677734
2016-06-16,15.330224990844727
2016-06-17,14.720381736755371
2016-06-20,14.944694519042969
2016-06-21,14.685331344604492
2016-06-22,14.846555709838867
2016-06-23,14.846555709838867
2016-06-24,14.334846496582031
2016-06-27,14.05445671081543
2016-06-28,14.334846496582031
2016-06-29,14.678322792053223
2016-06-30,14.187644958496094
2016-07-01,14.432984352111816
2016-07-05,14.362883567810059
2016-07-06,14.418963432312012
2016-07-07,14.425976753234863
2016-07-08,14.033429145812988
2016-07-11,14.187644958496094
2016-07-12,14.0194091796875
2016-07-13,13.675930976867676
2016-07-14,13.746031761169434
2016-07-15,14.299795150756836
2016-07-18,13.444613456726074
2016-07-19,12.491293907165527
2016-07-20,12.491293907165527
2016-07-21,12.407177925109863
2016-07-22,12.386149406433105
2016-07-25,12.407177925109863
2016-07-26,12.259973526000977
2016-07-27,12.526341438293457
2016-07-28,12.547372817993164
2016-07-29,12.897854804992676
2016-08-01,12.470267295837402
2016-08-02,12.519335746765137
2016-08-03,12.428205490112305
2016-08-04,12.337080955505371
2016-08-05,12.344090461730957
2016-08-08,12.358108520507812
2016-08-09,12.203896522521973
2016-08-10,12.245954513549805
2016-08-11,11.832383155822754
2016-08-12,12.014634132385254
2016-08-15,12.13379955291748
2016-08-16,11.93752670288086
2016-08-17,11.951545715332031
2016-08-18,11.986597061157227
2016-08-19,12.049683570861816
2016-08-22,12.119779586791992
2016-08-23,11.741254806518555
2016-08-24,11.888459205627441
2016-08-25,11.783315658569336
2016-08-26,12.442224502563477
2016-08-29,11.873940467834473
2016-08-30,11.746874809265137
2016-08-31,11.93747615814209
2016-09-01,11.972773551940918
2016-09-02,12.008073806762695
2016-09-06,12.361042976379395
2016-09-07,12.601065635681152
2016-09-08,12.685776710510254
2016-09-09,12.918736457824707
2016-09-12,12.826964378356934
2016-09-13,13.186997413635254
2016-09-14,12.982269287109375
2016-09-15,12.43163776397705
2016-09-16,12.43869686126709
2016-09-19,12.389281272888184
2016-09-20,12.226913452148438
2016-09-21,12.72813606262207
2016-09-22,12.424577713012695
2016-09-23,12.819908142089844
2016-09-26,12.671656608581543
2016-09-27,13.031686782836914
2016-09-28,12.812847137451172
2016-09-29,12.643415451049805
2016-09-30,12.685776710510254
2016-10-03,12.594006538391113
2016-10-04,12.523406028747559
2016-10-05,12.678715705871582
2016-10-06,12.565764427185059
2016-10-07,12.565764427185059
2016-10-10,12.586945533752441
2016-10-11,12.57988452911377
2016-10-12,12.530467987060547
2016-10-13,12.353985786437988
2016-10-14,12.353985786437988
2016-10-17,12.248091697692871
2016-10-18,12.311625480651855
2016-10-19,12.389281272888184
2016-10-20,12.177498817443848
2016-10-21,12.445754051208496
2016-10-24,12.177498817443848
2016-10-25,12.248091697692871
2016-10-26,12.177498817443848
2016-10-27,12.212794303894043
2016-10-28,12.389281272888184
2016-10-31,12.283388137817383
2016-11-01,12.424577713012695
2016-11-02,12.212794303894043
2016-11-03,12.212794303894043
2016-11-04,12.212794303894043
2016-11-07,12.219856262207031
2016-11-08,12.00101375579834
2016-11-09,12.353985786437988
2016-11-10,11.83864688873291
2016-11-11,11.648039817810059
2016-11-14,11.648039817810059
2016-11-15,11.718635559082031
2016-11-16,11.789231300354004
2016-11-17,11.895120620727539
2016-11-18,11.93041706085205
2016-11-21,12.177498817443848
2016-11-22,12.248091697692871
2016-11-23,12.530467987060547
2016-11-25,12.565764427185059
2016-11-28,12.512447357177734
2016-11-29,11.765961647033691
2016-11-30,11.588233947753906
2016-12-01,11.552685737609863
2016-12-02,11.801511764526367
2016-12-05,12.085887908935547
2016-12-06,12.050339698791504
2016-12-07,12.284950256347656
2016-12-08,12.939006805419922
2016-12-09,12.675959587097168
2016-12-12,12.69018268585205
2016-12-13,12.69018268585205
2016-12-14,13.08119010925293
2016-12-15,13.436660766601562
2016-12-16,14.183143615722656
2016-12-19,15.171337127685547
2016-12-20,15.533915519714355
2016-12-21,14.645249366760254
2016-12-22,13.792125701904297
2016-12-23,14.183143615722656
2016-12-27,14.431971549987793
2016-12-28,14.574155807495117
2016-12-29,14.609702110290527
2016-12-30,14.431971549987793
2017-01-03,14.410642623901367
2017-01-04,14.360877990722656
2017-01-05,14.261343955993652
2017-01-06,14.467516899108887
2017-01-09,13.898768424987793
2017-01-10,13.877440452575684
2017-01-11,13.877440452575684
2017-01-12,13.84900188446045
2017-01-13,13.472206115722656
2017-01-17,13.91298770904541
2017-01-18,13.436660766601562
2017-01-19,13.600175857543945
2017-01-20,13.57884693145752
2017-01-23,13.365568161010742
2017-01-24,13.223380088806152
2017-01-25,13.472206115722656
2017-01-26,13.472206115722656
2017-01-27,13.756577491760254
2017-01-30,13.507757186889648
2017-01-31,14.112044334411621
2017-02-01,13.827677726745605
2017-02-02,13.799238204956055
2017-02-03,13.408222198486328
2017-02-06,13.294477462768555
2017-02-07,13.66416072845459
2017-02-08,13.436660766601562
2017-02-09,13.365568161010742
2017-02-10,13.685486793518066
2017-02-13,13.721033096313477
2017-02-14,13.54330062866211
2017-02-15,13.330018997192383
2017-02-16,13.40110969543457
2017-02-17,13.863222122192383
2017-02-21,13.57884693145752
2017-02-22,13.756577491760254
2017-02-23,13.507757186889648
2017-02-24,13.813454627990723
2017-02-27,13.57884693145752
2017-02-28,13.365568161010742
2017-03-01,13.223380088806152
2017-03-02,13.152289390563965
2017-03-03,13.152289390563965
2017-03-06,13.170177459716797
2017-03-07,12.633353233337402
2017-03-08,12.704928398132324
2017-03-09,12.669142723083496
2017-03-10,12.597566604614258
2017-03-13,12.633353233337402
2017-03-14,11.953372955322266
2017-03-15,12.16810417175293
2017-03-16,11.917580604553223
2017-03-17,12.16810417175293
2017-03-20,11.824532508850098
2017-03-21,11.47380542755127
2017-03-22,10.73655891418457
2017-03-23,10.879714965820312
2017-03-24,11.452329635620117
2017-03-27,11.81021499633789
2017-03-28,11.953372955322266
2017-03-29,11.989158630371094
2017-03-30,11.667065620422363
2017-03-31,11.738638877868652
2017-04-03,11.667065620422363
2017-04-04,11.416543006896973
2017-04-05,11.273390769958496
2017-04-06,11.166024208068848
2017-04-07,11.130234718322754
2017-04-10,11.667065620422363
2017-04-11,11.667065620422363
2017-04-12,11.595488548278809
2017-04-13,11.702853202819824
2017-04-17,11.888954162597656
2017-04-18,11.81021499633789
2017-04-19,11.881794929504395
2017-04-20,11.738638877868652
2017-04-21,11.738638877868652
2017-04-24,11.667065620422363
2017-04-25,11.523910522460938
2017-04-26,11.523910522460938
2017-04-27,11.523910522460938
2017-04-28,11.201813697814941
2017-05-01,11.094446182250977
2017-05-02,10.951292037963867
2017-05-03,11.065815925598145
2017-05-04,10.59340763092041
2017-05-05,10.521828651428223
2017-05-08,10.092369079589844
2017-05-09,9.4266996383667
2017-05-10,9.376598358154297
2017-05-11,10.163944244384766
2017-05-12,10.486042022705078
2017-05-15,10.414464950561523
2017-05-16,10.378674507141113
2017-05-17,10.307098388671875
2017-05-18,10.450255393981934
2017-05-19,9.949213981628418
2017-05-22,10.307098388671875
2017-05-23,10.521828651428223
2017-05-24,10.70077133178711
2017-05-25,10.70077133178711
2017-05-26,10.70077133178711
2017-05-30,10.414464950561523
2017-05-31,10.450255393981934
2017-06-01,10.521828651428223
2017-06-02,10.772348403930664
2017-06-05,10.70077133178711
2017-06-06,9.627114295959473
2017-06-07,9.934896469116211
2017-06-08,10.149629592895508
2017-06-09,10.342885971069336
2017-06-12,10.342885971069336
2017-06-13,9.841849327087402
2017-06-14,10.414464950561523
2017-06-15,10.342885971069336
2017-06-16,9.734481811523438
2017-06-19,9.933145523071289
2017-06-20,10.113748550415039
2017-06-21,10.402710914611816
2017-06-22,10.294349670410156
2017-06-23,10.655556678771973
2017-06-26,10.836156845092773
2017-06-27,11.161243438720703
2017-06-28,11.45020866394043
2017-06-29,11.341846466064453
2017-06-30,11.269604682922363
2017-07-03,11.59468936920166
2017-07-05,11.341846466064453
2017-07-06,11.269604682922363
2017-07-07,11.55856990814209
2017-07-10,11.52244758605957
2017-07-11,11.45020866394043
2017-07-12,11.45020866394043
2017-07-13,11.833084106445312
2017-07-14,11.739171028137207
2017-07-17,11.55856990814209
2017-07-18,11.41408634185791
2017-07-19,11.977567672729492
2017-07-20,11.977567672729492
2017-07-21,11.955892562866211
2017-07-24,11.41408634185791
2017-07-25,11.955892562866211
2017-07-26,11.934221267700195
2017-07-27,11.919772148132324
2017-07-28,12.028135299682617
2017-07-31,12.028135299682617
2017-08-01,11.377967834472656
2017-08-02,11.486327171325684
2017-08-03,11.45020866394043
2017-08-04,11.327397346496582
2017-08-07,10.944518089294434
2017-08-08,11.55856990814209
2017-08-09,11.55856990814209
2017-08-10,11.125123023986816
2017-08-11,10.980639457702637
2017-08-14,10.836156845092773
2017-08-15,10.980639457702637
2017-08-16,10.836156845092773
2017-08-17,11.052881240844727
2017-08-18,11.305726051330566
2017-08-21,11.486327171325684
2017-08-22,11.486327171325684
2017-08-23,10.836156845092773
2017-08-24,11.052881240844727
2017-08-25,10.72779655456543
2017-08-28,10.511073112487793
2017-08-29,10.655556678771973
2017-08-30,10.69167709350586
2017-08-31,10.872279167175293
2017-09-01,10.800036430358887
2017-09-05,11.161243438720703
2017-09-06,10.836156845092773
2017-09-07,10.713347434997559
2017-09-08,10.265453338623047
2017-09-11,10.402710914611816
2017-09-12,10.639552116394043
2017-09-13,10.785301208496094
2017-09-14,11.258976936340332
2017-09-15,10.967482566833496
2017-09-18,10.31161880493164
2017-09-19,10.624977111816406
2017-09-20,10.56667709350586
2017-09-21,10.348057746887207
2017-09-22,10.20230770111084
2017-09-25,10.20230770111084
2017-09-26,10.56667709350586
2017-09-27,10.931046485900879
2017-09-28,10.530241012573242
2017-09-29,10.56667709350586
2017-10-02,10.712424278259277
2017-10-03,10.348057746887207
2017-10-04,10.20230770111084
2017-10-05,10.420929908752441
2017-10-06,10.52295207977295
2017-10-09,10.275181770324707
2017-10-10,10.67598819732666
2017-10-11,10.384495735168457
2017-10-12,10.457365989685059
2017-10-13,10.348057746887207
2017-10-16,10.479231834411621
2017-10-17,10.384495735168457
2017-10-18,10.384495735168457
2017-10-19,10.639552116394043
2017-10-20,10.530241012573242
2017-10-23,10.530241012573242
2017-10-24,10.493804931640625
2017-10-25,10.639552116394043
2017-10-26,10.60311508178711
2017-10-27,10.428216934204102
2017-10-30,10.493804931640625
2017-10-31,10.493804931640625
2017-11-01,10.493804931640625
2017-11-02,10.530241012573242
2017-11-03,10.748863220214844
2017-11-06,10.384495735168457
2017-11-07,10.384495735168457
2017-11-08,10.275181770324707
2017-11-09,10.31161880493164
2017-11-10,10.384495735168457
2017-11-13,10.33348274230957
2017-11-14,10.384495735168457
2017-11-15,10.348057746887207
2017-11-16,10.275181770324707
2017-11-17,10.420929908752441
2017-11-20,10.29704475402832
2017-11-21,10.275181770324707
2017-11-22,10.129435539245605
2017-11-24,10.056565284729004
2017-11-27,9.91810131072998
2017-11-28,10.384495735168457
2017-11-29,10.20230770111084
2017-11-30,10.348057746887207
2017-12-01,10.530241012573242
2017-12-04,10.56667709350586
2017-12-05,10.56667709350586
2017-12-06,10.474794387817383
2017-12-07,10.879085540771484
2017-12-08,10.842329978942871
2017-12-11,10.842329978942871
2017-12-12,10.952593803405762
2017-12-13,10.952593803405762
2017-12-14,10.98934268951416
2017-12-15,10.842329978942871
2017-12-18,10.98934268951416
2017-12-19,10.842329978942871
2017-12-20,10.621807098388672
2017-12-21,10.474794387817383
2017-12-22,10.364531517028809
2017-12-26,10.511547088623047
2017-12-27,10.842329978942871
2017-12-28,10.952593803405762
2017-12-29,11.02609920501709
2018-01-02,10.842329978942871
2018-01-03,10.621807098388672
2018-01-04,10.511547088623047
2018-01-05,10.732070922851562
2018-01-08,10.511547088623047
2018-01-09,10.695316314697266
2018-01-10,10.98934268951416
2018-01-11,10.879085540771484
2018-01-12,11.2539701461792
2018-01-16,11.430390357971191
2018-01-17,11.797924041748047
2018-01-18,11.283373832702637
2018-01-19,11.393632888793945
2018-01-22,11.540648460388184
2018-01-23,11.393632888793945
2018-01-24,11.136359214782715
2018-01-25,10.805575370788574
2018-01-26,10.658561706542969
2018-01-29,10.98934268951416
2018-01-30,10.548299789428711
2018-01-31,10.621807098388672
2018-02-01,10.621807098388672
2018-02-02,10.621807098388672
2018-02-05,10.64385986328125
2018-02-06,10.732070922851562
2018-02-07,10.658561706542969
2018-02-08,10.607108116149902
2018-02-09,10.474794387817383
2018-02-12,10.76882266998291
2018-02-13,10.511547088623047
2018-02-14,10.548299789428711
2018-02-15,10.474794387817383
2018-02-16,10.474794387817383
2018-02-20,10.144012451171875
2018-02-21,10.43803882598877
2018-02-22,10.621807098388672
2018-02-23,10.107255935668945
2018-02-26,10.291023254394531
2018-02-27,10.364531517028809
2018-02-28,10.180765151977539
2018-03-01,9.960245132446289
2018-03-02,10.180765151977539
2018-03-05,10.327778816223145
2018-03-06,10.180765151977539
2018-03-07,10.291023254394531
2018-03-08,10.291023254394531
2018-03-09,10.386585235595703
2018-03-12,11.320128440856934
2018-03-13,10.879085540771484
2018-03-14,11.099605560302734
2018-03-15,11.393632888793945
2018-03-16,11.981694221496582
2018-03-19,11.24661922454834
2018-03-20,11.339261054992676
2018-03-21,11.079864501953125
2018-03-22,11.079864501953125
2018-03-23,11.04281234741211
2018-03-26,11.205859184265137
2018-03-27,11.168800354003906
2018-03-28,10.894583702087402
2018-03-29,11.635712623596191
2018-04-02,12.895631790161133
2018-04-03,12.413896560668945
2018-04-04,12.895631790161133
2018-04-05,13.080914497375488
2018-04-06,13.043855667114258
2018-04-09,13.043855667114258
2018-04-10,13.340309143066406
2018-04-11,13.340309143066406
2018-04-12,13.599700927734375
2018-04-13,13.636757850646973
2018-04-16,13.192079544067383
2018-04-17,13.673812866210938
2018-04-18,15.45252513885498
2018-04-19,15.415464401245117
2018-04-20,15.230182647705078
2018-04-23,15.45252513885498
2018-04-24,15.044901847839355
2018-04-25,14.970793724060059
2018-04-26,15.193129539489746
2018-04-27,15.044901847839355
2018-04-30,14.785507202148438
2018-05-01,15.156072616577148
2018-05-02,14.89667797088623
2018-05-03,14.00732421875
2018-05-04,14.081438064575195
2018-05-07,14.22966194152832
2018-05-08,14.081438064575195
2018-05-09,11.339261054992676
2018-05-10,11.820995330810547
2018-05-11,11.376317977905273
2018-05-14,12.080390930175781
2018-05-15,12.191559791564941
2018-05-16,11.59865665435791
2018-05-17,11.783939361572266
2018-05-18,14.452000617980957
2018-05-21,15.081958770751953
2018-05-22,15.249741554260254
2018-05-23,15.436171531677246
2018-05-24,15.436171531677246
2018-05-25,15.436171531677246
2018-05-29,15.510741233825684
2018-05-30,15.622598648071289
2018-05-31,15.659880638122559
2018-06-01,15.734452247619629
2018-06-04,15.659880638122559
2018-06-05,15.622598648071289
2018-06-06,15.659880638122559
2018-06-07,15.771739959716797
2018-06-08,15.734452247619629
2018-06-11,15.622598648071289
2018-06-12,15.585314750671387
2018-06-13,15.622598648071289
2018-06-14,15.473454475402832
2018-06-15,15.36159896850586
2018-06-18,14.876887321472168
2018-06-19,15.510741233825684
2018-06-20,15.458541870117188
2018-06-21,15.212457656860352
2018-06-22,15.212457656860352
2018-06-25,15.085688591003418
2018-06-26,15.36159896850586
2018-06-27,15.249741554260254
2018-06-28,15.137887954711914
2018-06-29,15.287030220031738
2018-07-02,14.914176940917969
2018-07-03,14.35489273071289
2018-07-05,14.578603744506836
2018-07-06,14.392176628112793
2018-07-09,14.615888595581055
2018-07-10,15.137887954711914
2018-07-11,14.988747596740723
2018-07-12,14.988747596740723
2018-07-13,14.988747596740723
2018-07-16,15.272115707397461
2018-07-17,15.36159896850586
2018-07-18,15.100601196289062
2018-07-19,14.951457977294922
2018-07-20,14.988747596740723
2018-07-23,14.914176940917969
2018-07-24,14.876887321472168
2018-07-25,14.653178215026855
2018-07-26,14.35489273071289
2018-07-27,14.317610740661621
2018-07-30,14.578603744506836
2018-07-31,14.802321434020996
2018-08-01,14.802321434020996
2018-08-02,14.690458297729492
2018-08-03,15.026033401489258
2018-08-06,14.690458297729492
2018-08-07,12.677048683166504
2018-08-08,13.161759376525879
2018-08-09,13.795610427856445
2018-08-10,13.497325897216797
2018-08-13,15.436171531677246
2018-08-14,15.510741233825684
2018-08-15,15.063319206237793
2018-08-16,15.100601196289062
2018-08-17,15.212457656860352
2018-08-20,15.398884773254395
2018-08-21,14.988747596740723
2018-08-22,15.249741554260254
2018-08-23,15.100601196289062
2018-08-24,15.234827995300293
2018-08-27,14.914176940917969
2018-08-28,14.876887321472168
2018-08-29,14.727747917175293
2018-08-30,13.8701810836792
2018-08-31,14.243033409118652
2018-09-04,14.802321434020996
2018-09-05,14.988747596740723
2018-09-06,15.212457656860352
2018-09-07,15.279571533203125
2018-09-10,15.249741554260254
2018-09-11,15.324312210083008
2018-09-12,15.36159896850586
2018-09-13,15.406339645385742
2018-09-14,15.857219696044922
2018-09-17,15.475120544433594
2018-09-18,15.360491752624512
2018-09-19,15.475120544433594
2018-09-20,15.513330459594727
2018-09-21,15.436912536621094
2018-09-24,15.054805755615234
2018-09-25,15.360491752624512
2018-09-26,15.245857238769531
2018-09-27,15.627959251403809
2018-09-28,15.245857238769531
2018-10-01,15.589750289916992
2018-10-02,15.146513938903809
2018-10-03,15.459837913513184
2018-10-04,15.329920768737793
2018-10-05,15.406342506408691
2018-10-08,15.582104682922363
2018-10-09,14.94017505645752
2018-10-10,14.993674278259277
2018-10-11,14.328811645507812
2018-10-12,14.710917472839355
2018-10-15,15.016599655151367
2018-10-16,15.360491752624512
2018-10-17,15.276429176330566
2018-10-18,15.085376739501953
2018-10-19,15.276429176330566
2018-10-22,15.123587608337402
2018-10-23,14.710917472839355
2018-10-24,14.886682510375977
2018-10-25,14.519866943359375
2018-10-26,14.137763023376465
2018-10-29,12.838619232177734
2018-10-30,12.532938957214355
2018-10-31,12.380099296569824
2018-11-01,13.10608959197998
2018-11-02,13.10608959197998
2018-11-05,12.68578052520752
2018-11-06,12.876830101013184
2018-11-07,12.94560718536377
2018-11-08,13.732731819152832
2018-11-09,12.769840240478516
2018-11-12,12.800407409667969
2018-11-13,13.006745338439941
2018-11-14,13.0984468460083
2018-11-15,13.748017311096191
2018-11-16,13.694524765014648
2018-11-19,12.808049201965332
2018-11-20,12.861542701721191
2018-11-21,12.94560718536377
2018-11-23,12.708702087402344
2018-11-26,13.60282039642334
2018-11-27,13.870292663574219
2018-11-28,14.665064811706543
2018-11-29,14.917252540588379
2018-11-30,14.787335395812988
2018-12-03,15.933642387390137
2018-12-04,16.04063606262207
2018-12-06,15.570921897888184
2018-12-07,15.610064506530762
2018-12-10,15.657033920288086
2018-12-11,15.891888618469238
2018-12-12,15.55526065826416
2018-12-13,14.952468872070312
2018-12-14,14.944639205932617
2018-12-17,14.686297416687012
2018-12-18,15.265607833862305
2018-12-19,15.320406913757324
2018-12-20,15.57874870300293
2018-12-21,15.657033920288086
2018-12-24,15.265607833862305
2018-12-26,14.72544002532959
2018-12-27,15.304750442504883
2018-12-28,14.835040092468262
2018-12-31,14.717611312866211
2019-01-02,15.046408653259277
2019-01-03,14.69412612915039
2019-01-04,14.686297416687012
2019-01-07,15.265607833862305
2019-01-08,14.96812629699707
2019-01-09,15.570921897888184
2019-01-10,15.539606094360352
2019-01-11,15.516119003295898
2019-01-14,15.226469039916992
2019-01-15,15.226469039916992
2019-01-16,15.226469039916992
2019-01-17,15.02292251586914
2019-01-18,15.265607833862305
2019-01-22,15.265607833862305
2019-01-23,15.249948501586914
2019-01-24,14.780238151550293
2019-01-25,15.257781028747559
2019-01-28,15.242118835449219
2019-01-29,14.842864990234375
2019-01-30,14.905496597290039
2019-01-31,14.991607666015625
2019-02-01,14.952468872070312
2019-02-04,15.02292251586914
2019-02-05,14.858526229858398
2019-02-06,15.02292251586914
2019-02-07,14.952468872070312
2019-02-08,14.991607666015625
2019-02-11,14.874184608459473
2019-02-12,15.06989860534668
2019-02-13,15.030749320983887
2019-02-14,15.06989860534668
2019-02-15,15.085555076599121
2019-02-19,14.913323402404785
2019-02-20,14.921152114868164
2019-02-21,15.492636680603027
2019-02-22,15.312580108642578
2019-02-25,15.085555076599121
2019-02-26,15.163836479187012
2019-02-27,14.921152114868164
2019-02-28,15.038581848144531
2019-03-01,15.101211547851562
2019-03-04,15.132523536682129
2019-03-05,15.195150375366211
2019-03-06,15.328235626220703
2019-03-07,15.281267166137695
2019-03-08,15.4221773147583
2019-03-11,14.952468872070312
2019-03-12,15.06989860534668
2019-03-13,13.33979320526123
2019-03-14,13.817329406738281
2019-03-15,13.55116081237793
2019-03-18,14.060014724731445
2019-03-19,13.817329406738281
2019-03-20,13.895618438720703
2019-03-21,14.404139518737793
2019-03-22,14.191268920898438
2019-03-25,14.033588409423828
2019-03-26,14.080893516540527
2019-03-27,14.33318042755127
2019-03-28,13.994169235229492
2019-03-29,13.994169235229492
2019-04-01,14.1597318649292
2019-04-02,14.04146957397461
2019-04-03,14.191268920898438
2019-04-04,14.270110130310059
2019-04-05,14.112428665161133
2019-04-08,14.104541778564453
2019-04-09,13.797065734863281
2019-04-10,13.529007911682129
2019-04-11,13.032316207885742
2019-04-12,13.529007911682129
2019-04-15,13.103270530700684
2019-04-16,13.197880744934082
2019-04-17,13.079618453979492
2019-04-18,13.071734428405762
2019-04-22,13.316137313842773
2019-04-23,13.962630271911621
2019-04-24,14.412019729614258
2019-04-25,14.412019729614258
2019-04-26,13.552660942077637
2019-04-29,14.183385848999023
2019-04-30,14.183385848999023
2019-05-01,14.31740951538086
2019-05-02,14.31740951538086
2019-05-03,14.388367652893066
2019-05-06,14.191268920898438
2019-05-07,14.112428665161133
2019-05-08,14.033588409423828
2019-05-09,13.994169235229492
2019-05-10,13.875905990600586
2019-05-13,14.025703430175781
2019-05-14,13.994169235229492
2019-05-15,13.994169235229492
2019-05-16,13.59996509552002
2019-05-17,13.60784912109375
2019-05-20,13.60784912109375
2019-05-21,13.458053588867188
2019-05-22,13.655153274536133
2019-05-23,13.655153274536133
2019-05-24,13.655153274536133
2019-05-28,14.112428665161133
2019-05-29,13.59996509552002
2019-05-30,13.536893844604492
2019-05-31,13.402865409851074
2019-06-03,13.284601211547852
2019-06-04,13.402865409851074
2019-06-05,13.213645935058594
2019-06-06,13.213645935058594
2019-06-07,13.205764770507812
2019-06-10,13.371328353881836
2019-06-11,13.150574684143066
2019-06-12,13.150574684143066
2019-06-13,13.150574684143066
2019-06-14,13.150574684143066
2019-06-17,13.150574684143066
2019-06-18,13.355560302734375
2019-06-19,13.308257102966309
2019-06-20,13.224853515625
2019-06-21,13.224853515625
2019-06-24,13.343999862670898
2019-06-25,13.240741729736328
2019-06-26,13.193085670471191
2019-06-27,13.193085670471191
2019-06-28,13.494912147521973
2019-07-01,13.502857208251953
2019-07-02,13.502857208251953
2019-07-03,13.860289573669434
2019-07-05,13.113656997680664
2019-07-08,13.12954330444336
2019-07-09,13.034226417541504
2019-07-10,13.018340110778809
2019-07-11,13.153368949890137
2019-07-12,13.034226417541504
2019-07-15,13.185142517089844
2019-07-16,13.161312103271484
2019-07-17,13.105714797973633
2019-07-18,13.105714797973633
2019-07-19,12.136682510375977
2019-07-22,12.803885459899902
2019-07-23,13.026285171508789
2019-07-24,13.304282188415527
2019-07-25,13.67759895324707
2019-07-26,13.502857208251953
2019-07-29,12.724457740783691
2019-07-30,13.177197456359863
2019-07-31,13.439313888549805
2019-08-01,12.787999153137207
2019-08-02,12.787999153137207
2019-08-05,12.787999153137207
2019-08-06,13.058058738708496
2019-08-07,12.907142639160156
2019-08-08,13.145427703857422
2019-08-09,13.407543182373047
2019-08-12,12.86742877960205
2019-08-13,12.613256454467773
2019-08-14,12.319371223449707
2019-08-15,11.92222785949707
2019-08-16,11.683942794799805
2019-08-19,11.890456199645996
2019-08-20,11.890456199645996
2019-08-21,12.208170890808105
2019-08-22,12.907142639160156
2019-08-23,12.907142639160156
2019-08-26,12.700627326965332
2019-08-27,12.311426162719727
2019-08-28,12.708572387695312
2019-08-29,12.708572387695312
2019-08-30,12.780057907104492
2019-09-03,12.875370979309082
2019-09-04,12.581485748291016
2019-09-05,13.042170524597168
2019-09-06,12.795943260192871
2019-09-09,12.896005630493164
2019-09-10,12.896005630493164
2019-09-11,12.904008865356445
2019-09-12,12.904008865356445
2019-09-13,13.032087326049805
2019-09-16,12.99206256866455
2019-09-17,13.01607894897461
2019-09-18,13.01607894897461
2019-09-19,12.936031341552734
2019-09-20,13.248221397399902
2019-09-23,13.728521347045898
2019-09-24,13.728521347045898
2019-09-25,13.46435832977295
2019-09-26,13.768545150756836
2019-09-27,13.74453067779541
2019-09-30,14.008694648742676
2019-10-01,14.008694648742676
2019-10-02,13.456352233886719
2019-10-03,13.52839469909668
2019-10-04,13.768545150756836
2019-10-07,13.728521347045898
2019-10-08,13.200194358825684
2019-10-09,13.568424224853516
2019-10-10,13.632461547851562
2019-10-11,13.344285011291504
2019-10-14,13.256227493286133
2019-10-15,13.304256439208984
2019-10-16,13.576427459716797
2019-10-17,13.584431648254395
2019-10-18,13.536402702331543
2019-10-21,13.32827377319336
2019-10-22,13.136152267456055
2019-10-23,12.912013053894043
2019-10-24,13.120142936706543
2019-10-25,12.759919166564941
2019-10-28,13.04809856414795
2019-10-29,12.775928497314453
2019-10-30,12.783934593200684
2019-10-31,12.407699584960938
2019-11-01,11.927403450012207
2019-11-04,11.927403450012207
2019-11-05,11.927403450012207
2019-11-06,11.927403450012207
2019-11-07,12.407699584960938
2019-11-08,11.855358123779297
2019-11-11,12.103511810302734
2019-11-12,12.255606651306152
2019-11-13,12.087503433227539
2019-11-14,12.087503433227539
2019-11-15,12.1595458984375
2019-11-18,12.976052284240723
2019-11-19,12.32765007019043
2019-11-20,12.12752628326416
2019-11-21,12.423709869384766
2019-11-22,12.735904693603516
2019-11-25,12.936031341552734
2019-11-26,12.976052284240723
2019-11-27,12.527774810791016
2019-11-29,12.527774810791016
2019-12-02,12.647851943969727
2019-12-03,12.647851943969727
2019-12-04,12.60782527923584
2019-12-05,12.743910789489746
2019-12-06,12.847972869873047
2019-12-09,12.60782527923584
2019-12-10,12.119523048400879
2019-12-11,12.663859367370605
2019-12-12,12.764719009399414
2019-12-13,12.086945533752441
2019-12-16,12.345145225524902
2019-12-17,12.296733856201172
2019-12-18,12.59527587890625
2019-12-19,12.813131332397461
2019-12-20,12.853476524353027
2019-12-23,12.861543655395508
2019-12-24,12.861543655395508
2019-12-26,12.813131332397461
2019-12-27,12.982573509216309
2019-12-30,13.079399108886719
2019-12-31,12.982573509216309
2020-01-02,12.667893409729004
2020-01-03,12.667893409729004
2020-01-06,12.675963401794434
2020-01-07,12.901886940002441
2020-01-08,12.901886940002441
2020-01-09,12.901886940002441
2020-01-10,13.103604316711426
2020-01-13,13.103604316711426
2020-01-14,13.20042896270752
2020-01-15,13.20042896270752
2020-01-16,13.20042896270752
2020-01-17,12.966438293457031
2020-01-21,12.651755332946777
2020-01-22,12.111151695251465
2020-01-23,12.909956932067871
2020-01-24,12.909956932067871
2020-01-27,12.53072452545166
2020-01-28,12.53072452545166
2020-01-29,12.53072452545166
2020-01-30,12.046603202819824
2020-01-31,12.562999725341797
2020-02-03,12.353214263916016
2020-02-04,13.603866577148438
2020-02-05,14.104126930236816
2020-02-06,13.055193901062012
2020-02-07,13.692621231079102
2020-02-10,13.071332931518555
2020-02-11,13.006779670715332
2020-02-12,13.006779670715332
2020-02-13,13.006779670715332
2020-02-14,13.006779670715332
2020-02-18,13.006779670715332
2020-02-19,12.554932594299316
2020-02-20,12.312870025634766
2020-02-21,12.39355754852295
2020-02-24,12.111151695251465
2020-02-25,12.296733856201172
2020-02-26,12.788925170898438
2020-02-27,12.506519317626953
2020-02-28,12.232184410095215
2020-03-02,12.143428802490234
2020-03-03,13.055193901062012
2020-03-04,13.055193901062012
2020-03-05,12.304800987243652
2020-03-06,12.304800987243652
2020-03-09,11.005736351013184
2020-03-10,11.02187442779541
2020-03-11,10.949256896972656
2020-03-12,10.179671287536621
2020-03-13,8.151885032653809
2020-03-16,7.32936429977417
2020-03-17,6.514990329742432
2020-03-18,5.700616836547852
2020-03-19,5.2852864265441895
2020-03-20,5.708760738372803
2020-03-23,5.847204685211182
2020-03-24,6.148522853851318
2020-03-25,6.466127872467041
2020-03-26,8.241462707519531
2020-03-27,8.787093162536621
2020-03-30,8.778949737548828
2020-03-31,8.778949737548828
2020-04-01,8.51020622253418
2020-04-02,8.51020622253418
2020-04-03,6.303253173828125
2020-04-06,7.989007472991943
2020-04-07,7.777268886566162
2020-04-08,7.182777404785156
2020-04-09,8.127449989318848
2020-04-13,8.225175857543945
2020-04-14,8.396194458007812
2020-04-15,8.8685302734375
2020-04-16,8.876672744750977
2020-04-17,8.550924301147461
2020-04-20,9.120985984802246
2020-04-21,8.143738746643066
2020-04-22,8.135594367980957
2020-04-23,8.086731910705566
2020-04-24,8.249608039855957
2020-04-27,8.75451946258545
2020-04-28,8.469489097595215
2020-04-29,9.039549827575684
2020-04-30,8.852242469787598
2020-05-01,8.8685302734375
2020-05-04,8.958111763000488
2020-05-05,8.958111763000488
2020-05-06,8.575355529785156
2020-05-07,8.75451946258545
2020-05-08,9.194280624389648
2020-05-11,9.22685432434082
2020-05-12,9.511887550354004
2020-05-13,9.60146713256836
2020-05-14,9.406017303466797
2020-05-15,9.479312896728516
2020-05-18,9.479312896728516
2020-05-19,10.163386344909668
2020-05-20,11.3849458694458
2020-05-21,11.808419227600098
2020-05-22,11.401233673095703
2020-05-26,12.003870010375977
2020-05-27,11.65368938446045
2020-05-28,10.611289978027344
2020-05-29,12.630937576293945
2020-06-01,13.013693809509277
2020-06-02,13.103275299072266
2020-06-03,13.070697784423828
2020-06-04,13.266149520874023
2020-06-05,13.445311546325684
2020-06-08,13.477886199951172
2020-06-09,13.591898918151855
2020-06-10,13.681479454040527
2020-06-11,13.373799324035645
2020-06-12,13.767630577087402
2020-06-15,13.619945526123047
2020-06-16,13.546100616455078
2020-06-17,13.455846786499023
2020-06-18,13.414823532104492
2020-06-19,13.455846786499023
2020-06-22,13.390210151672363
2020-06-23,13.890703201293945
2020-06-24,13.455846786499023
2020-06-25,13.496871948242188
2020-06-26,12.717418670654297
2020-06-29,12.241540908813477
2020-06-30,12.143082618713379
2020-07-01,13.743013381958008
2020-07-02,13.980956077575684
2020-07-06,14.276326179504395
2020-07-07,13.414823532104492
2020-07-08,14.071205139160156
2020-07-09,13.701991081237793
2020-07-10,14.276326179504395
2020-07-13,13.956340789794922
2020-07-14,13.956340789794922
2020-07-15,14.112229347229004
2020-07-16,14.112229347229004
2020-07-17,14.104025840759277
2020-07-20,13.849677085876465
2020-07-21,13.578919410705566
2020-07-22,13.505075454711914
2020-07-23,12.889719009399414
2020-07-24,12.889719009399414
2020-07-27,14.358372688293457
2020-07-28,14.030183792114258
2020-07-29,14.087616920471191
2020-07-30,14.153254508972168
2020-07-31,14.153254508972168
2020-08-03,14.358372688293457
2020-08-04,14.620925903320312
2020-08-05,14.522469520568848
2020-08-06,14.793228149414062
2020-08-07,14.981939315795898
2020-08-10,14.850663185119629
2020-08-11,14.358372688293457
2020-08-12,13.939929008483887
2020-08-13,13.915315628051758
2020-08-14,13.734809875488281
2020-08-17,13.32457160949707
2020-08-18,13.193293571472168
2020-08-19,13.258934020996094
2020-08-20,13.423029899597168
2020-08-21,13.423029899597168
2020-08-24,13.299958229064941
2020-08-25,12.881513595581055
2020-08-26,13.037403106689453
2020-08-27,14.465035438537598
2020-08-28,14.333759307861328
2020-08-31,15.441405296325684
2020-09-01,15.162442207336426
2020-09-02,15.720368385314941
2020-09-03,13.423029899597168
2020-09-04,13.669171333312988
2020-09-08,14.071205139160156
2020-09-09,14.021981239318848
2020-09-10,13.939929008483887
2020-09-11,13.866086959838867
2020-09-14,13.832955360412598
2020-09-15,13.750123977661133
2020-09-16,14.247115135192871
2020-09-17,14.247115135192871
2020-09-18,14.081450462341309
2020-09-21,13.88265609741211
2020-09-22,13.824673652648926
2020-09-23,14.081450462341309
2020-09-24,13.650723457336426
2020-09-25,13.874368667602539
2020-09-28,13.915786743164062
2020-09-29,13.874368667602539
2020-09-30,13.874368667602539
2020-10-01,13.88265609741211
2020-10-02,13.88265609741211
2020-10-05,13.915786743164062
2020-10-06,13.832955360412598
2020-10-07,13.832955360412598
2020-10-08,13.832955360412598
2020-10-09,13.915786743164062
2020-10-12,13.501626968383789
2020-10-13,13.750123977661133
2020-10-14,13.211716651916504
2020-10-15,13.567891120910645
2020-10-16,13.509908676147461
2020-10-19,13.725274085998535
2020-10-20,13.716989517211914
2020-10-21,13.832955360412598
2020-10-22,13.832955360412598
2020-10-23,13.832955360412598
2020-10-26,13.832955360412598
2020-10-27,13.004633903503418
2020-10-28,13.485061645507812
2020-10-29,13.427078247070312
2020-10-30,13.667289733886719
2020-11-02,13.4353609085083
2020-11-03,13.824673652648926
2020-11-04,13.650723457336426
2020-11-05,13.650723457336426
2020-11-06,13.592741966247559
2020-11-09,13.253129959106445
2020-11-10,13.269697189331055
2020-11-11,13.592741966247559
2020-11-12,13.27798080444336
2020-11-13,13.344246864318848
2020-11-16,13.128883361816406
2020-11-17,13.4933443069458
2020-11-18,13.41879653930664
2020-11-19,13.41879653930664
2020-11-20,13.170299530029297
2020-11-23,13.990335464477539
2020-11-24,14.197416305541992
2020-11-25,15.282517433166504
2020-11-27,15.241097450256348
2020-11-30,15.282517433166504
2020-12-01,15.365349769592285
2020-12-02,15.555863380432129
2020-12-03,15.77122688293457
2020-12-04,16.524995803833008
2020-12-07,16.524995803833008
2020-12-08,16.3427677154541
2020-12-09,16.44216537475586
2020-12-10,16.152254104614258
2020-12-11,15.878905296325684
2020-12-14,16.061140060424805
2020-12-15,16.21091079711914
2020-12-16,16.158052444458008
2020-12-17,15.638243675231934
2020-12-18,15.277023315429688
2020-12-21,15.382745742797852
2020-12-22,15.514901161193848
2020-12-23,16.008272171020508
2020-12-24,15.77039623260498
2020-12-28,16.589752197265625
2020-12-29,15.858501434326172
2020-12-30,15.928983688354492
2020-12-31,16.387121200561523
2021-01-04,16.45760154724121
2021-01-05,16.695478439331055
2021-01-06,16.113998413085938
2021-01-07,16.299015045166016
2021-01-08,16.519269943237305
2021-01-11,16.422359466552734
2021-01-12,16.56332015991211
2021-01-13,15.990653991699219
2021-01-14,16.008272171020508
2021-01-15,15.920172691345215
2021-01-19,16.43116569519043
2021-01-20,16.466411590576172
2021-01-21,16.783578872680664
2021-01-22,16.924541473388672
2021-01-25,16.827632904052734
2021-01-26,16.739524841308594
2021-01-27,16.439979553222656
2021-01-28,16.404739379882812
2021-01-29,16.31663703918457
2021-02-01,16.4752197265625
2021-02-02,16.5280818939209
2021-02-03,16.61618995666504
2021-02-04,16.25496482849121
2021-02-05,16.28139305114746
2021-02-08,16.28139305114746
2021-02-09,16.360685348510742
2021-02-10,16.299015045166016
2021-02-11,15.990653991699219
2021-02-12,16.113998413085938
2021-02-16,16.017087936401367
2021-02-17,15.840879440307617
2021-02-18,16.14042854309082
2021-02-19,16.07875633239746
2021-02-22,15.726348876953125
2021-02-23,15.946603775024414
2021-02-24,15.647055625915527
2021-02-25,15.638243675231934
2021-02-26,15.655865669250488
2021-03-01,16.184480667114258
2021-03-02,16.184480667114258
2021-03-03,16.31663703918457
2021-03-04,16.158052444458008
2021-03-05,16.387121200561523
2021-03-08,15.735159873962402
2021-03-09,15.823259353637695
2021-03-10,15.823259353637695
2021-03-11,16.008272171020508
2021-03-12,16.04351806640625
2021-03-15,16.194616317749023
2021-03-16,15.652429580688477
2021-03-17,15.821308135986328
2021-03-18,15.679094314575195
2021-03-19,15.607983589172363
2021-03-22,15.892415046691895
2021-03-23,15.643542289733887
2021-03-24,15.883528709411621
2021-03-25,15.554654121398926
2021-03-26,15.581321716308594
2021-03-29,12.852590560913086
2021-03-30,16.887908935546875
2021-03-31,18.1145076751709
2021-04-01,17.43010139465332
2021-04-05,17.412328720092773
2021-04-06,18.034515380859375
2021-04-07,18.425600051879883
2021-04-08,18.034515380859375
2021-04-09,18.23894691467285
2021-04-12,18.10562515258789
2021-04-13,17.207895278930664
2021-04-14,17.43010139465332
2021-04-15,17.403438568115234
2021-04-16,17.003461837768555
2021-04-19,17.69675636291504
2021-04-20,18.221168518066406
2021-04-21,18.078956604003906
2021-04-22,17.812301635742188
2021-04-23,17.927852630615234
2021-04-26,17.723421096801758
2021-04-27,17.776750564575195
2021-04-28,17.21678352355957
2021-04-29,17.63453483581543
2021-04-30,17.296775817871094
2021-05-03,17.27011489868164
2021-05-04,17.33232879638672
2021-05-05,17.776750564575195
2021-05-06,16.843473434448242
2021-05-07,18.070066452026367
2021-05-10,17.776750564575195
2021-05-11,18.070066452026367
2021-05-12,18.070066452026367
2021-05-13,18.070066452026367
2021-05-14,17.60787010192871
2021-05-17,17.687864303588867
2021-05-18,17.794530868530273
2021-05-19,18.398937225341797
2021-05-20,17.447879791259766
2021-05-21,17.447879791259766
2021-05-24,17.776750564575195
2021-05-25,17.598979949951172
2021-05-26,17.63453483581543
2021-05-27,18.221168518066406
2021-05-28,22.354263305664062
2021-06-01,22.85519790649414
2021-06-02,22.810476303100586
2021-06-03,23.00727081298828
2021-06-04,23.069887161254883
2021-06-07,23.025157928466797
2021-06-08,22.962543487548828
2021-06-09,22.962543487548828
2021-06-10,23.060941696166992
2021-06-11,23.034103393554688
2021-06-14,22.998323440551758
2021-06-15,22.953596115112305
2021-06-16,22.85519790649414
2021-06-17,22.87308692932129
2021-06-18,23.07883071899414
2021-06-21,23.07883071899414
2021-06-22,23.096717834472656
2021-06-23,23.159339904785156
2021-06-24,23.141448974609375
2021-06-25,23.248790740966797
2021-06-28,22.944652557373047
2021-06-29,24.527965545654297
2021-06-30,24.78738021850586
2021-07-01,24.322223663330078
2021-07-02,24.984176635742188
2021-07-06,26.12022590637207
2021-07-07,39.09983444213867
2021-07-08,32.12251281738281
2021-07-09,28.973773956298828
2021-07-12,28.848539352416992
2021-07-13,26.030776977539062
2021-07-14,25.53878402709961
2021-07-15,25.02890396118164
2021-07-16,25.33304214477539
2021-07-19,24.08070182800293
2021-07-20,24.402732849121094
2021-07-21,24.78738021850586
2021-07-22,25.959211349487305
2021-07-23,25.511947631835938
2021-07-26,25.395660400390625
2021-07-27,24.688982009887695
2021-07-28,25.377769470214844
2021-07-29,25.055736541748047
2021-07-30,23.53504180908203
2021-08-02,24.465351104736328
2021-08-03,22.85519790649414
2021-08-04,23.821290969848633
2021-08-05,24.089649200439453
2021-08-06,22.46160888671875
2021-08-09,24.340116500854492
2021-08-10,24.116485595703125
2021-08-11,26.066556930541992
2021-08-12,28.955881118774414
2021-08-13,27.23838996887207
2021-08-16,28.222370147705078
2021-08-17,27.873502731323242
2021-08-18,27.95401382446289
2021-08-19,28.624908447265625
2021-08-20,28.893264770507812
2021-08-23,30.065095901489258
2021-08-24,29.877248764038086
2021-08-25,31.084863662719727
2021-08-26,28.186588287353516
2021-08-27,29.20635223388672
2021-08-30,30.315568923950195
2021-08-31,29.921972274780273
2021-09-01,29.51943588256836
2021-09-02,29.877248764038086
2021-09-03,29.96669578552246
2021-09-07,29.96669578552246
2021-09-08,29.96669578552246
2021-09-09,26.16495704650879
2021-09-10,26.370697021484375
2021-09-13,30.628650665283203
2021-09-14,30.05278968811035
2021-09-15,28.973051071166992
2021-09-16,27.803329467773438
2021-09-17,29.62088966369629
2021-09-20,28.43317985534668
2021-09-21,30.06178855895996
2021-09-22,31.096540451049805
2021-09-23,32.91410446166992
2021-09-24,32.39222717285156
2021-09-27,33.02207946777344
2021-09-28,29.872835159301758
2021-09-29,30.079782485961914
2021-09-30,29.40494728088379
2021-10-01,30.142765045166016
2021-10-04,29.21599006652832
2021-10-05,29.162002563476562
2021-10-06,29.989805221557617
2021-10-07,30.502683639526367
2021-10-08,30.05278968811035
2021-10-11,27.632369995117188
2021-10-12,30.169761657714844
2021-10-13,29.251983642578125
2021-10-14,30.592660903930664
2021-10-15,31.86135482788086
2021-10-18,36.70219421386719
2021-10-19,36.89114761352539
2021-10-20,36.837154388427734
2021-10-21,36.28829574584961
2021-10-22,36.216312408447266
2021-10-25,36.08134460449219
2021-10-26,36.76518249511719
2021-10-27,36.44125747680664
2021-10-28,36.80117416381836
2021-10-29,36.60321807861328
2021-11-01,37.017120361328125
2021-11-02,34.98360824584961
2021-11-03,33.9218635559082
2021-11-04,30.088777542114258
2021-11-05,31.771377563476562
2021-11-08,31.942333221435547
2021-11-09,32.302249908447266
2021-11-10,33.292015075683594
2021-11-11,34.86663055419922
2021-11-12,33.65192794799805
2021-11-15,35.415504455566406
2021-11-16,35.68544387817383
2021-11-17,35.361515045166016
2021-11-18,35.388511657714844
2021-11-19,34.28177261352539
2021-11-22,34.956607818603516
2021-11-23,35.667442321777344
2021-11-24,34.46173095703125
2021-11-26,34.515716552734375
2021-11-29,33.22903060913086
2021-11-30,32.365234375
2021-12-01,32.059303283691406
2021-12-02,31.573423385620117
2021-12-03,31.99632453918457
2021-12-06,32.12229919433594
2021-12-07,33.16604232788086
2021-12-08,33.292015075683594
2021-12-09,33.83188247680664
2021-12-10,34.5697021484375
2021-12-13,34.731666564941406
2021-12-14,36.47295379638672
2021-12-15,37.17888259887695
2021-12-16,36.66120529174805
2021-12-17,33.87514114379883
2021-12-20,34.854026794433594
2021-12-21,34.816383361816406
2021-12-22,36.237648010253906
2021-12-23,34.590476989746094
2021-12-27,36.407066345214844
2021-12-28,36.33176803588867
2021-12-29,36.15293502807617
2021-12-30,37.404781341552734
2021-12-31,36.06821823120117
2022-01-03,37.16946792602539
2022-01-04,36.77415084838867
2022-01-05,35.588191986083984
2022-01-06,34.59989547729492
2022-01-07,34.69401550292969
2022-01-10,35.20228958129883
2022-01-11,35.767024993896484
2022-01-12,36.30353546142578
2022-01-13,36.877689361572266
2022-01-14,35.767024993896484
2022-01-18,35.861148834228516
2022-01-19,35.69172668457031
2022-01-20,37.00946044921875
2022-01-21,35.69172668457031
2022-01-24,32.57623291015625
2022-01-25,33.08449935913086
2022-01-26,32.03972625732422
2022-01-27,32.67977523803711
2022-01-28,32.40681457519531
2022-01-31,31.719707489013672
2022-02-01,31.18320083618164
2022-02-02,32.0020751953125
2022-02-03,31.34321403503418
2022-02-04,32.472694396972656
2022-02-07,33.611595153808594
2022-02-08,34.392826080322266
2022-02-09,34.8257942199707
2022-02-10,35.15522003173828
2022-02-11,35.15522003173828
2022-02-14,34.458702087402344
2022-02-15,34.543418884277344
2022-02-16,34.854026794433594
2022-02-17,34.458702087402344
2022-02-18,34.44929504394531
2022-02-22,34.16692352294922
2022-02-23,33.88454818725586
2022-02-24,33.846900939941406
2022-02-25,33.71513366699219
2022-02-28,33.225685119628906
2022-03-01,33.0750846862793
2022-03-02,33.865726470947266
2022-03-03,32.4444580078125
2022-03-04,32.4444580078125
2022-03-07,32.96213912963867
2022-03-08,33.0562629699707
2022-03-09,32.660945892333984
2022-03-10,31.2020263671875
2022-03-11,30.11960220336914
2022-03-14,30.750232696533203
2022-03-15,30.778640747070312
2022-03-16,32.61589050292969
2022-03-17,34.48154830932617
2022-03-18,34.07432556152344
2022-03-21,32.5780143737793
2022-03-22,32.19919204711914
2022-03-23,33.66709899902344
2022-03-24,35.021358489990234
2022-03-25,34.63307571411133
2022-03-28,35.04030227661133
2022-03-29,35.53276062011719
2022-03-30,34.94559860229492
2022-03-31,34.41525650024414
2022-04-01,34.86983108520508
2022-04-04,33.6197509765625
2022-04-05,33.676570892333984
2022-04-06,31.67832374572754
2022-04-07,32.59695053100586
2022-04-08,32.24654769897461
2022-04-11,32.256019592285156
2022-04-12,31.346864700317383
2022-04-13,32.284427642822266
2022-04-14,31.25215721130371
2022-04-18,30.835468292236328
2022-04-19,31.545740127563477
2022-04-20,31.905614852905273
2022-04-21,31.962440490722656
2022-04-22,30.87334632873535
2022-04-25,30.589235305786133
2022-04-26,29.831607818603516
2022-04-27,29.812667846679688
2022-04-28,31.64991569519043
2022-04-29,31.365800857543945
2022-05-02,30.683942794799805
2022-05-03,29.708492279052734
2022-05-04,30.021013259887695
2022-05-05,30.87334632873535
2022-05-06,29.661142349243164
2022-05-09,29.30126953125
2022-05-10,29.452795028686523
2022-05-11,29.452795028686523
2022-05-12,27.748130798339844
2022-05-13,25.75935935974121
2022-05-16,27.511371612548828
2022-05-17,26.516984939575195
2022-05-18,26.516984939575195
2022-05-19,22.72884178161621
2022-05-20,22.567846298217773
2022-05-23,21.58293342590332
2022-05-24,22.444734573364258
2022-05-25,23.098188400268555
2022-05-26,23.723230361938477
2022-05-27,26.033994674682617
2022-05-31,23.52435302734375
2022-06-01,23.48647117614746
2022-06-02,23.581174850463867
2022-06-03,22.738313674926758
2022-06-06,23.25918197631836
2022-06-07,24.130455017089844
2022-06-08,23.685348510742188
2022-06-09,23.685348510742188
2022-06-10,22.12274169921875
2022-06-13,20.929479598999023
2022-06-14,19.50550651550293
2022-06-15,19.44816780090332
2022-06-16,20.384737014770508
2022-06-17,20.88169288635254
2022-06-21,15.816567420959473
2022-06-22,15.768782615661621
2022-06-23,15.864354133605957
2022-06-24,16.246625900268555
2022-06-27,16.160612106323242
2022-06-28,15.482080459594727
2022-06-29,14.908668518066406
2022-06-30,15.768782615661621
2022-07-01,15.893023490905762
2022-07-05,16.246625900268555
2022-07-06,16.093717575073242
2022-07-07,16.58111572265625
2022-07-08,16.724468231201172
2022-07-11,17.020729064941406
2022-07-12,17.517684936523438
2022-07-13,17.517684936523438
2022-07-14,17.517684936523438
2022-07-15,17.67059326171875
2022-07-18,17.2596492767334
2022-07-19,17.297880172729492
2022-07-20,17.297880172729492
2022-07-21,15.787899017333984
2022-07-22,15.052021026611328
2022-07-25,15.09980583190918
2022-07-26,15.768782615661621
2022-07-27,15.854796409606934
2022-07-28,16.389976501464844
2022-07-29,16.848705291748047
2022-08-01,16.63845443725586
2022-08-02,17.489013671875
2022-08-03,18.110210418701172
2022-08-04,18.234447479248047
2022-08-05,18.349132537841797
2022-08-08,19.70620346069336
2022-08-09,19.887781143188477
2022-08-10,19.62019157409668
2022-08-11,19.687089920043945
2022-08-12,19.113677978515625
2022-08-15,19.31437110900879
2022-08-16,18.95121192932129
2022-08-17,19.113677978515625
2022-08-18,22.45857048034668
2022-08-19,25.32562255859375
2022-08-22,25.230052947998047
2022-08-23,23.404699325561523
2022-08-24,24.092790603637695
2022-08-25,24.36993980407715
2022-08-26,24.274370193481445
2022-08-29,23.89209747314453
2022-08-30,23.49070930480957
2022-08-31,22.334335327148438
2022-09-01,24.446393966674805
2022-09-02,22.17186737060547
2022-09-06,21.273523330688477
2022-09-07,21.550670623779297
2022-09-08,19.429052352905273
2022-09-09,19.266586303710938
2022-09-12,19.21880340576172
2022-09-13,17.80948829650879
2022-09-14,17.481292724609375
2022-09-15,17.49094581604004
2022-09-16,17.597126007080078
2022-09-19,16.795940399169922
2022-09-20,19.160886764526367
2022-09-21,19.730403900146484
2022-09-22,18.832691192626953
2022-09-23,18.562408447265625
2022-09-26,22.008472442626953
2022-09-27,21.728540420532227
2022-09-28,22.172571182250977
2022-09-29,20.657073974609375
2022-09-30,20.077905654907227
2022-10-03,21.61270523071289
2022-10-04,22.008472442626953
2022-10-05,22.15326690673828
2022-10-06,22.355974197387695
2022-10-07,22.191877365112305
2022-10-10,21.815414428710938
2022-10-11,21.352081298828125
2022-10-12,23.359872817993164
2022-10-13,22.327016830444336
2022-10-14,22.211181640625
2022-10-17,21.641664505004883
2022-10-18,21.641664505004883
2022-10-19,21.825069427490234
2022-10-20,21.825069427490234
2022-10-21,21.622360229492188
2022-10-24,21.564441680908203
2022-10-25,21.564441680908203
2022-10-26,20.637767791748047
2022-10-27,20.801868438720703
2022-10-28,20.801868438720703
2022-10-31,20.801868438720703
2022-11-01,20.338531494140625
2022-11-02,20.010334014892578
2022-11-03,21.1879825592041
2022-11-04,21.516178131103516
2022-11-07,21.120410919189453
2022-11-08,20.89839744567871
2022-11-09,20.492977142333984
2022-11-10,20.492977142333984
2022-11-11,20.492977142333984
2022-11-14,21.23624610900879
2022-11-15,22.018125534057617
2022-11-16,21.718887329101562
2022-11-17,21.091453552246094
2022-11-18,21.622360229492188
2022-11-21,21.352081298828125
2022-11-22,21.38103675842285
2022-11-23,21.718887329101562
2022-11-25,21.960208892822266
2022-11-28,22.172571182250977
2022-11-29,22.05673599243164
2022-11-30,21.564441680908203
2022-12-01,21.718887329101562
2022-12-02,21.1879825592041
2022-12-05,21.52583122253418
2022-12-06,21.149368286132812
2022-12-07,20.830825805664062
2022-12-08,21.23624610900879
2022-12-09,21.76715087890625
2022-12-12,21.13971710205078
2022-12-13,21.227394104003906
2022-12-14,21.23713493347168
2022-12-15,21.23713493347168
2022-12-16,19.454383850097656
2022-12-19,20.331148147583008
2022-12-20,19.775863647460938
2022-12-21,19.103681564331055
2022-12-22,18.79194450378418
2022-12-23,18.314592361450195
2022-12-27,18.246402740478516
2022-12-28,17.730087280273438
2022-12-29,17.652151107788086
2022-12-30,17.43783187866211
2023-01-03,16.794872283935547
2023-01-04,16.794872283935547
2023-01-05,16.609777450561523
2023-01-06,16.268814086914062
2023-01-09,17.194286346435547
2023-01-10,16.531843185424805
2023-01-11,15.499212265014648
2023-01-12,15.733015060424805
2023-01-13,16.112947463989258
2023-01-17,15.684307098388672
2023-01-18,15.742757797241211
2023-01-19,16.005786895751953
2023-01-20,16.10320472717285
2023-01-23,15.82069206237793
2023-01-24,15.489470481872559
2023-01-25,15.39205265045166
2023-01-26,15.859660148620605
2023-01-27,15.63559627532959
2023-01-30,17.09686851501465
2023-01-31,17.535249710083008
2023-02-01,18.11975860595703
2023-02-02,17.535249710083008
2023-02-03,16.414941787719727
2023-02-06,16.512361526489258
2023-02-07,16.424684524536133
2023-02-08,16.473392486572266
2023-02-09,16.65848731994629
2023-02-10,16.492877960205078
2023-02-13,16.950740814208984
2023-02-14,16.512361526489258
2023-02-15,16.609777450561523
2023-02-16,16.268814086914062
2023-02-17,16.56106948852539
2023-02-21,16.56106948852539
2023-02-22,16.50261878967285
2023-02-23,16.259075164794922
2023-02-24,16.75590705871582
2023-02-27,16.18113899230957
2023-02-28,16.75590705871582
2023-03-01,16.36623191833496
2023-03-02,16.707195281982422
2023-03-03,17.048160552978516
2023-03-06,16.726680755615234
2023-03-07,16.492877960205078
2023-03-08,16.492877960205078
2023-03-09,17.652151107788086
2023-03-10,17.94440460205078
2023-03-13,17.55473518371582
2023-03-14,17.564476013183594
2023-03-15,17.98807144165039
2023-03-16,17.337900161743164
2023-03-17,17.337900161743164
2023-03-20,17.00296401977539
2023-03-21,16.106515884399414
2023-03-22,16.244430541992188
2023-03-23,16.26413345336914
2023-03-24,16.500558853149414
2023-03-27,16.845346450805664
2023-03-28,16.865049362182617
2023-03-29,17.436410903930664
2023-03-30,16.746835708618164
2023-03-31,16.993112564086914
2023-04-03,16.993112564086914
2023-04-04,16.993112564086914
2023-04-05,16.57936668395996
2023-04-06,16.26413345336914
2023-04-10,16.15576934814453
2023-04-11,15.663216590881348
2023-04-12,15.515450477600098
2023-04-13,15.269173622131348
2023-04-14,15.269173622131348
2023-04-17,14.678108215332031
2023-04-18,14.589448928833008
2023-04-19,14.589448928833008
2023-04-20,13.791511535644531
2023-04-21,13.791511535644531
2023-04-24,13.742256164550781
2023-04-25,13.692999839782715
2023-04-26,13.692999839782715
2023-04-27,12.688190460205078
2023-04-28,12.225189208984375
2023-05-01,11.840997695922852
2023-05-02,12.510870933532715
2023-05-03,12.116827964782715
2023-05-04,12.806403160095215
2023-05-05,12.806403160095215
2023-05-08,13.269404411315918
2023-05-09,13.121637344360352
2023-05-10,13.269404411315918
2023-05-11,13.269404411315918
2023-05-12,12.313849449157715
2023-05-15,12.510870933532715
2023-05-16,12.609381675720215
2023-05-17,12.323700904846191
2023-05-18,12.412360191345215
2023-05-19,12.845808029174805
2023-05-22,12.658638000488281
2023-05-23,12.323700904846191
2023-05-24,12.175933837890625
2023-05-25,11.959211349487305
2023-05-26,12.540423393249512
2023-05-30,12.313849449157715
2023-05-31,12.353253364562988
2023-06-01,12.353253364562988
2023-06-02,12.510870933532715
2023-06-05,12.609381675720215
2023-06-06,13.348213195800781
2023-06-07,12.392658233642578
2023-06-08,12.313849449157715
2023-06-09,12.313849449157715
2023-06-12,12.067572593688965
2023-06-13,13.230000495910645
2023-06-14,13.430000305175781
2023-06-15,13.430000305175781
2023-06-16,12.649999618530273
2023-06-20,12.550000190734863
2023-06-21,12.789999961853027
2023-06-22,12.789999961853027
2023-06-23,12.789999961853027
2023-06-26,12.789999961853027
2023-06-27,13.449999809265137
2023-06-28,12.800000190734863
2023-06-29,12.600000381469727
2023-06-30,12.010000228881836
2023-07-03,12.100000381469727
2023-07-05,12.100000381469727
2023-07-06,12.100000381469727
2023-07-07,11.609999656677246
2023-07-10,12.210000038146973
2023-07-11,12.210000038146973
2023-07-12,11.8100004196167
2023-07-13,11.8100004196167
2023-07-14,11.8100004196167
2023-07-17,11.75
2023-07-18,11.75
2023-07-19,11.760000228881836
2023-07-20,11.800000190734863
2023-07-21,11.800000190734863
2023-07-24,11.90999984741211
2023-07-25,11.670000076293945
2023-07-26,11.710000038146973
2023-07-27,11.710000038146973
2023-07-28,11.899999618530273
2023-07-31,11.899999618530273
2023-08-01,11.729999542236328
2023-08-02,11.84000015258789
2023-08-03,11.890000343322754
2023-08-04,13.970000267028809
2023-08-07,13.5
2023-08-08,13.5600004196167
2023-08-09,13.25
2023-08-10,13.899999618530273
2023-08-11,14.079999923706055
2023-08-14,14.229999542236328
2023-08-15,13.329999923706055
2023-08-16,13.359999656677246
2023-08-17,13.5
2023-08-18,12.819999694824219
2023-08-21,12.039999961853027
2023-08-22,12.289999961853027
2023-08-23,12.279999732971191
2023-08-24,11.760000228881836
2023-08-25,12.010000228881836
2023-08-28,12.15999984741211
2023-08-29,12.59000015258789
2023-08-30,13.109999656677246
2023-08-31,13.15999984741211
2023-09-01,12.8100004196167
2023-09-05,12.649999618530273
2023-09-06,12.600000381469727
2023-09-07,12.520000457763672
2023-09-08,11.729999542236328
2023-09-11,12.300000190734863
2023-09-12,12.229999542236328
2023-09-13,10.609999656677246
2023-09-14,10.65999984741211
2023-09-15,11.270000457763672
2023-09-18,11.199999809265137
2023-09-19,11.199999809265137
2023-09-20,11.020000457763672
2023-09-21,11.020000457763672
2023-09-22,11.210000038146973
2023-09-25,10.880000114440918
2023-09-26,10.800000190734863
2023-09-27,10.539999961853027
2023-09-28,10.399999618530273
2023-09-29,10.350000381469727
2023-10-02,10.699999809265137
2023-10-03,10.430000305175781
2023-10-04,10.600000381469727
2023-10-05,10.140000343322754
2023-10-06,10.100000381469727
2023-10-09,10.140000343322754
2023-10-10,9.75
2023-10-11,9.75
2023-10-12,9.75
2023-10-13,9.75
2023-10-16,9.300000190734863
2023-10-17,9.5
2023-10-18,9.800000190734863
2023-10-19,9.5
2023-10-20,9.3100004196167
2023-10-23,9.029999732971191
2023-10-24,9.319999694824219
2023-10-25,8.550000190734863
2023-10-26,8.600000381469727
2023-10-27,8.680000305175781
2023-10-30,8.680000305175781
2023-10-31,8.760000228881836
2023-11-01,8.760000228881836
2023-11-02,8.760000228881836
2023-11-03,8.760000228881836
2023-11-06,8.6899995803833
2023-11-07,8.779999732971191
2023-11-08,8.779999732971191
2023-11-09,8.779999732971191
2023-11-10,8.489999771118164
2023-11-13,8.489999771118164
2023-11-14,8.460000038146973
2023-11-15,8.890000343322754
2023-11-16,9.140000343322754
2023-11-17,9.279999732971191
2023-11-20,9.300000190734863
2023-11-21,9.0600004196167
2023-11-22,9.970000267028809
2023-11-24,9.0600004196167
2023-11-27,9.199999809265137
2023-11-28,8.989999771118164
2023-11-29,9.100000381469727
2023-11-30,8.899999618530273
2023-12-01,8.550000190734863
2023-12-04,8.9399995803833
2023-12-05,8.8100004196167
2023-12-06,8.510000228881836
2023-12-07,8.399999618530273
2023-12-08,8.399999618530273
2023-12-11,8.949999809265137
2023-12-12,8.75
2023-12-13,8.329999923706055
2023-12-14,8.420000076293945
2023-12-15,8.359999656677246
2023-12-18,8.329999923706055
2023-12-19,8.359999656677246
2023-12-20,8.300000190734863
2023-12-21,7.570000171661377
2023-12-22,7.650000095367432
2023-12-26,7.730000019073486
2023-12-27,8.100000381469727
2023-12-28,8.300000190734863
2023-12-29,8.100000381469727
2024-01-02,8.109999656677246
2024-01-03,8.149999618530273
2024-01-04,8.779999732971191
2024-01-05,8.779999732971191
2024-01-08,9.0
2024-01-09,9.0
2024-01-10,9.0
2024-01-11,9.0
2024-01-12,8.75
2024-01-16,8.75
2024-01-17,8.109999656677246
2024-01-18,8.109999656677246
2024-01-19,8.109999656677246
2024-01-22,9.170000076293945
2024-01-23,9.170000076293945
2024-01-24,9.170000076293945
2024-01-25,9.170000076293945
2024-01-26,9.75
2024-01-29,9.75
2024-01-30,9.800000190734863
2024-01-31,9.289999961853027
2024-02-01,9.199999809265137
2024-02-02,9.020000457763672
2024-02-05,9.100000381469727
2024-02-06,9.720000267028809
2024-02-07,8.600000381469727
2024-02-08,8.949999809265137
2024-02-09,8.949999809265137
2024-02-12,8.880000114440918
2024-02-13,8.789999961853027
2024-02-14,8.789999961853027
2024-02-15,8.949999809265137
2024-02-16,8.949999809265137
2024-02-20,9.069999694824219
2024-02-21,9.069999694824219
2024-02-22,9.069999694824219
2024-02-23,9.069999694824219
2024-02-26,8.869999885559082
2024-02-27,8.869999885559082
2024-02-28,8.5
2024-02-29,8.979999542236328
2024-03-01,8.979999542236328
2024-03-04,8.229999542236328
2024-03-05,8.800000190734863
2024-03-06,8.859999656677246
2024-03-07,8.859999656677246
2024-03-08,8.15999984741211
2024-03-11,9.15999984741211
2024-03-12,8.550000190734863
2024-03-13,8.850000381469727
2024-03-14,9.010000228881836
2024-03-15,9.010000228881836
2024-03-18,9.010000228881836
2024-03-19,8.529999732971191
2024-03-20,8.529999732971191
2024-03-21,8.529999732971191
2024-03-22,8.680000305175781
2024-03-25,8.680000305175781
2024-03-26,8.220000267028809
2024-03-27,8.220000267028809
2024-03-28,8.220000267028809
2024-04-01,8.199999809265137
2024-04-02,8.800000190734863
2024-04-03,8.800000190734863
2024-04-04,8.800000190734863
2024-04-05,8.800000190734863
2024-04-08,8.4399995803833
2024-04-09,8.4399995803833
2024-04-10,8.3100004196167
2024-04-11,8.3100004196167
2024-04-12,8.5
2024-04-15,8.5
2024-04-16,8.5
2024-04-17,8.199999809265137
2024-04-18,8.199999809265137
2024-04-19,8.329999923706055
2024-04-22,8.329999923706055
2024-04-23,8.329999923706055
2024-04-24,8.329999923706055
2024-04-25,8.34000015258789
2024-04-26,8.1899995803833
2024-04-29,8.279999732971191
2024-04-30,8.279999732971191
2024-05-01,8.069999694824219
2024-05-02,8.069999694824219
2024-05-03,8.010000228881836
2024-05-06,8.010000228881836
2024-05-07,7.630000114440918
2024-05-08,7.300000190734863
2024-05-09,7.300000190734863
2024-05-10,7.949999809265137
2024-05-13,7.360000133514404
2024-05-14,7.400000095367432
2024-05-15,7.949999809265137
2024-05-16,7.949999809265137
2024-05-17,7.949999809265137
2024-05-20,7.949999809265137
2024-05-21,7.949999809265137
2024-05-22,7.659999847412109
2024-05-23,7.659999847412109
2024-05-24,7.659999847412109
2024-05-28,7.659999847412109
2024-05-29,7.659999847412109
2024-05-30,7.659999847412109
2024-05-31,7.75
2024-06-03,7.5
2024-06-04,7.5
2024-06-05,7.639999866485596
2024-06-06,7.639999866485596
2024-06-07,7.75
2024-06-10,8.0
2024-06-11,8.0
2024-06-12,8.0
2024-06-13,7.980000019073486
2024-06-14,7.980000019073486
2024-06-17,7.980000019073486
2024-06-18,7.980000019073486
2024-06-20,7.260000228881836
2024-06-21,6.820000171661377
2024-06-24,7.699999809265137
2024-06-25,6.75
2024-06-26,6.75
2024-06-27,6.949999809265137
2024-06-28,6.789999961853027
2024-07-01,6.789999961853027
2024-07-02,7.0
2024-07-03,6.75
2024-07-05,7.389999866485596
2024-07-08,7.159999847412109
2024-07-09,7.25
2024-07-10,7.25
2024-07-11,7.079999923706055
2024-07-12,7.0
2024-07-15,7.019999980926514
2024-07-16,7.050000190734863
2024-07-17,7.0
2024-07-18,7.0
2024-07-19,7.0
2024-07-22,7.0
2024-07-23,7.139999866485596
2024-07-24,7.300000190734863
2024-07-25,7.389999866485596
2024-07-26,7.389999866485596
2024-07-29,7.389999866485596
2024-07-30,7.670000076293945
2024-07-31,7.340000152587891
2024-08-01,7.340000152587891
2024-08-02,7.0
2024-08-05,7.0
2024-08-06,7.0
2024-08-07,7.320000171661377
2024-08-08,7.090000152587891
2024-08-09,7.090000152587891
2024-08-12,7.340000152587891
2024-08-13,7.199999809265137
2024-08-14,7.059999942779541
2024-08-15,7.260000228881836
2024-08-16,7.480000019073486
2024-08-19,7.150000095367432
2024-08-20,7.119999885559082
2024-08-21,7.0
2024-08-22,7.0
2024-08-23,7.0
2024-08-26,7.550000190734863
2024-08-27,7.590000152587891
2024-08-28,7.590000152587891
2024-08-29,7.5
2024-08-30,7.550000190734863
2024-09-03,7.760000228881836
2024-09-04,7.659999847412109
2024-09-05,7.519999980926514
2024-09-06,7.519999980926514
2024-09-09,7.5
2024-09-10,7.5
2024-09-11,7.599999904632568
2024-09-12,7.760000228881836
2024-09-13,7.619999885559082
2024-09-16,7.599999904632568
2024-09-17,7.559999942779541
2024-09-18,7.53000020980835
2024-09-19,7.510000228881836
2024-09-20,7.5
2024-09-23,7.5
2024-09-24,7.5
2024-09-25,7.5
2024-09-26,7.599999904632568
2024-09-27,7.630000114440918
2024-09-30,7.75
2024-10-01,7.900000095367432
2024-10-02,7.610000133514404
2024-10-03,7.050000190734863
2024-10-04,7.349999904632568
2024-10-07,7.46999979019165
2024-10-08,7.5
2024-10-09,7.5
2024-10-10,7.5
2024-10-11,7.699999809265137
2024-10-14,7.650000095367432
2024-10-15,7.71999979019165
2024-10-16,7.610000133514404
2024-10-17,8.029999732971191
2024-10-18,8.050000190734863
2024-10-21,8.0
2024-10-22,8.0
2024-10-23,7.53000020980835
2024-10-24,7.53000020980835
2024-10-25,7.519999980926514
2024-10-28,8.260000228881836
2024-10-29,8.0600004196167
2024-10-30,8.170000076293945
2024-10-31,7.820000171661377
2024-11-01,7.820000171661377
2024-11-04,8.09000015258789
2024-11-05,8.5
2024-11-06,8.229999542236328
2024-11-07,7.789999961853027
2024-11-08,8.010000228881836
2024-11-11,7.820000171661377
2024-11-12,7.5
2024-11-13,8.0
2024-11-14,7.510000228881836
2024-11-15,8.4399995803833
2024-11-18,8.130000114440918
2024-11-19,8.050000190734863
2024-11-20,8.399999618530273
2024-11-21,8.399999618530273
2024-11-22,8.399999618530273
2024-11-25,7.880000114440918
2024-11-26,7.860000133514404
2024-11-27,7.860000133514404
2024-11-29,8.5
2024-12-02,9.119999885559082
2024-12-03,8.979999542236328
2024-12-04,10.5
2024-12-05,11.300000190734863
2024-12-06,11.010000228881836
2024-12-09,11.0
2024-12-10,11.770000457763672
2024-12-11,12.210000038146973
2024-12-12,11.779999732971191
2024-12-13,10.430000305175781
2024-12-16,11.5
2024-12-17,12.399999618530273
2024-12-18,11.880000114440918
2024-12-19,11.449999809265137
2024-12-20,11.869999885559082
2024-12-23,11.59000015258789
2024-12-24,10.880000114440918
2024-12-26,10.380000114440918
2024-12-27,11.0
2024-12-30,14.0
2024-12-31,13.430000305175781
2025-01-02,14.890000343322754
2025-01-03,14.729999542236328
2025-01-06,15.720000267028809
2025-01-07,15.010000228881836
2025-01-08,15.15999984741211
2025-01-10,14.979999542236328
2025-01-13,15.170000076293945
2025-01-14,12.649999618530273
2025-01-15,12.630000114440918
2025-01-16,11.199999809265137
2025-01-17,11.0
2025-01-21,11.329999923706055
2025-01-22,11.850000381469727
2025-01-23,12.0
2025-01-24,12.25
2025-01-27,11.859999656677246
2025-01-28,11.859999656677246
2025-01-29,12.039999961853027
2025-01-30,11.630000114440918
2025-01-31,11.630000114440918
2025-02-03,12.0600004196167
2025-02-04,11.979999542236328
2025-02-05,11.5
2025-02-06,11.5
2025-02-07,11.40999984741211
2025-02-10,11.199999809265137
2025-02-11,10.989999771118164
2025-02-12,10.539999961853027
2025-02-13,10.539999961853027
2025-02-14,11.800000190734863
2025-02-18,11.300000190734863
2025-02-19,11.220000267028809
2025-02-20,11.510000228881836
2025-02-21,11.239999771118164
2025-02-24,11.100000381469727
2025-02-25,11.050000190734863
2025-02-26,11.100000381469727
2025-02-27,11.100000381469727
2025-02-28,11.300000190734863
2025-03-03,11.300000190734863
2025-03-04,11.390000343322754
2025-03-05,11.600000381469727
2025-03-06,11.050000190734863
2025-03-07,11.619999885559082
2025-03-10,11.75
2025-03-11,10.970000267028809
2025-03-12,10.899999618530273
2025-03-13,10.449999809265137
2025-03-14,10.229999542236328
2025-03-17,9.600000381469727
2025-03-18,9.800000190734863
2025-03-19,9.8100004196167
2025-03-20,9.800000190734863
2025-03-21,9.699999809265137
2025-03-24,9.619999885559082
2025-03-25,9.420000076293945
2025-03-26,9.0
2025-03-27,9.140000343322754
2025-03-28,8.829999923706055
2025-03-31,9.180000305175781
2025-04-01,8.710000038146973
2025-04-02,8.420000076293945
2025-04-03,7.929999828338623
2025-04-04,8.350000381469727
2025-04-07,8.369999885559082
2025-04-08,8.369999885559082
2025-04-09,8.369999885559082
2025-04-10,8.369999885559082
2025-04-11,9.960000038146973
2025-04-14,10.680000305175781
2025-04-15,10.699999809265137
2025-04-16,9.5
2025-04-17,9.5
2025-04-21,9.470000267028809
2025-04-22,9.699999809265137
2025-04-23,9.5
2025-04-24,10.75
2025-04-25,11.25
2025-04-28,11.25
2025-04-29,11.020000457763672
2025-04-30,10.449999809265137
2025-05-01,10.449999809265137
2025-05-02,10.3100004196167
2025-05-05,10.109999656677246
2025-05-06,10.109999656677246
2025-05-07,10.0
2025-05-08,10.0
2025-05-09,11.050000190734863
2025-05-12,11.970000267028809
2025-05-13,11.789999961853027
2025-05-14,11.789999961853027
2025-05-15,10.890000343322754
2025-05-16,10.550000190734863
2025-05-19,9.010000228881836
2025-05-20,9.010000228881836
2025-05-21,10.520000457763672
2025-05-22,10.199999809265137
2025-05-23,9.5
2025-05-27,9.520000457763672
2025-05-28,9.510000228881836
2025-05-29,9.510000228881836
2025-05-30,9.989999771118164
2025-06-02,9.989999771118164
2025-06-03,10.600000381469727
2025-06-04,10.359999656677246
2025-06-05,10.0600004196167
2025-06-06,10.670000076293945
2025-06-09,10.920000076293945
2025-06-10,10.579999923706055
2025-06-11,10.460000038146973
2025-06-12,9.5600004196167
2025-06-13,9.399999618530273
2025-06-16,9.350000381469727
2025-06-17,9.350000381469727
2025-06-18,8.800000190734863
2025-06-20,9.800000190734863
2025-06-23,9.1899995803833
2025-06-24,9.199999809265137
2025-06-25,9.800000190734863
2025-06-26,9.449999809265137
2025-06-27,9.0
2025-06-30,9.350000381469727
2025-07-01,9.180000305175781
2025-07-02,9.25
2025-07-03,9.199999809265137
2025-07-07,9.199999809265137
2025-07-08,8.40999984741211
2025-07-09,9.100000381469727
2025-07-10,8.699999809265137
2025-07-11,8.5
2025-07-14,8.3100004196167
2025-07-15,8.3100004196167
2025-07-16,8.010000228881836
2025-07-17,7.860000133514404
2025-07-18,7.860000133514404
2025-07-21,8.079999923706055
2025-07-22,8.329999923706055
2025-07-23,8.329999923706055
2025-07-24,8.329999923706055
2025-07-25,8.329999923706055
2025-07-28,8.199999809265137
2025-07-29,9.4399995803833
2025-07-30,9.229999542236328
2025-07-31,8.199999809265137
2025-08-01,8.199999809265137
2025-08-04,8.4399995803833
2025-08-05,7.989999771118164
2025-08-06,8.199999809265137
2025-08-07,7.579999923706055
2025-08-08,8.369999885559082
2025-08-11,8.0
2025-08-12,8.710000038146973
2025-08-13,9.989999771118164
2025-08-14,9.899999618530273
2025-08-15,9.100000381469727
2025-08-18,8.550000190734863
2025-08-19,8.430000305175781
2025-08-20,8.5
2025-08-21,8.5
2025-08-22,8.329999923706055
2025-08-25,8.329999923706055
2025-08-26,9.180000305175781
2025-08-27,8.850000381469727
2025-08-28,9.100000381469727
2025-08-29,9.579999923706055
2025-09-02,8.600000381469727
2025-09-03,9.460000038146973
2025-09-04,9.270000457763672
2025-09-05,9.569999694824219
2025-09-08,9.369999885559082
2025-09-09,8.550000190734863
2025-09-10,8.170000076293945
2025-09-11,8.119999885559082
2025-09-12,7.800000190734863
2025-09-15,8.050000190734863
2025-09-16,8.0
2025-09-17,9.510000228881836
2025-09-18,8.399999618530273
2025-09-19,8.829999923706055
2025-09-22,8.5600004196167
2025-09-23,8.600000381469727
2025-09-24,8.479999542236328
2025-09-25,8.380000114440918
2025-09-26,8.300000190734863
2025-09-29,8.510000228881836
2025-09-30,9.949999809265137
2025-10-01,9.880000114440918
2025-10-02,8.75
2025-10-03,8.930000305175781
2025-10-06,9.0
2025-10-07,8.890000343322754
2025-10-08,8.399999618530273
2025-10-09,8.569999694824219
2025-10-10,9.0
2025-10-13,10.0600004196167
2025-10-14,9.739999771118164
2025-10-15,8.920000076293945
2025-10-16,8.880000114440918
2025-10-17,8.720000267028809
2025-10-20,9.449999809265137
2025-10-21,9.680000305175781
2025-10-22,9.050000190734863
2025-10-23,9.359999656677246
2025-10-24,9.050000190734863
2025-10-27,8.90999984741211
2025-10-28,8.890000343322754
2025-10-29,8.84000015258789
2025-10-30,8.699999809265137
2025-10-31,10.1899995803833
2025-11-03,9.369999885559082
2025-11-04,8.949999809265137
2025-11-05,9.0600004196167
2025-11-06,9.0
2025-11-07,9.199999809265137
2025-11-10,9.670000076293945
2025-11-11,9.720000267028809
2025-11-12,9.510000228881836
2025-11-13,9.520000457763672
2025-11-14,9.59000015258789
2025-11-17,9.510000228881836
2025-11-18,9.34000015258789
2025-11-19,9.460000038146973
2025-11-20,9.6899995803833
2025-11-21,9.770000457763672
2025-11-24,9.84000015258789
2025-11-25,9.6899995803833
2025-11-26,9.699999809265137
2025-11-28,9.420000076293945
2025-12-01,9.329999923706055
2025-12-02,9.34000015258789
2025-12-03,9.149999618530273
2025-12-04,9.300000190734863
2025-12-05,9.640000343322754
2025-12-08,9.260000228881836
2025-12-09,9.470000267028809
2025-12-10,9.109999656677246
2025-12-11,8.84000015258789
2025-12-12,8.649999618530273
2025-12-15,8.350000381469727
2025-12-16,8.329999923706055
2025-12-17,8.520000457763672
2025-12-18,8.199999809265137
2025-12-19,8.109999656677246
2025-12-22,8.350000381469727
2025-12-23,8.109999656677246
2025-12-24,7.840000152587891
2025-12-26,7.659999847412109
2025-12-29,8.90999984741211
2025-12-30,7.949999809265137
2025-12-31,8.25
2026-01-02,8.350000381469727
2026-01-05,7.869999885559082
2026-01-06,7.860000133514404
2026-01-07,8.0
2026-01-08,7.989999771118164
2026-01-09,7.710000038146973
2026-01-12,7.599999904632568
2026-01-13,7.590000152587891
2026-01-14,7.599999904632568
2026-01-15,9.130000114440918
2026-01-16,7.610000133514404
2026-01-20,7.369999885559082
2026-01-21,7.400000095367432
2026-01-22,7.559999942779541
2026-01-23,7.690000057220459
2026-01-26,7.679999828338623
2026-01-27,7.639999866485596
2026-01-28,7.690000057220459
2026-01-29,7.510000228881836
2026-01-30,7.449999809265137
2026-02-02,7.650000095367432
2026-02-03,7.579999923706055
2026-02-04,7.590000152587891
2026-02-05,7.409999847412109
2026-02-06,7.389999866485596
2026-02-09,7.25
2026-02-10,7.420000076293945
2026-02-11,7.239999771118164
2026-02-12,7.210000038146973
2026-02-13,7.21999979019165
2026-02-17,7.159999847412109
2026-02-18,7.289999961853027
2026-02-19,7.099999904632568
2026-02-20,7.139999866485596
2026-02-23,7.0
2026-02-24,7.0
2026-02-25,6.980000019073486
2026-02-26,7.039999961853027
2026-02-27,6.829999923706055
2026-03-02,6.829999923706055
2026-03-03,6.730000019073486
2026-03-04,6.75
2026-03-05,6.699999809265137
2026-03-06,6.699999809265137
2026-03-09,6.5
2026-03-10,6.590000152587891
2026-03-11,6.349999904632568
2026-03-12,6.349999904632568
2026-03-13,6.599999904632568
2026-03-16,6.599999904632568
2026-03-17,6.260000228881836
2026-03-18,6.570000171661377
2026-03-19,6.730000019073486
2026-03-20,6.75
2026-03-23,6.860000133514404
2026-03-24,6.989999771118164
2026-03-25,6.989999771118164
2026-03-26,6.949999809265137
2026-03-27,6.949999809265137
2026-03-30,6.800000190734863
2026-03-31,5.78000020980835
2026-04-01,6.320000171661377
2026-04-02,5.789999961853027
2026-04-06,5.5
2026-04-07,5.610000133514404
