Date,Close
1977-01-03,6.621343612670898
1977-01-04,6.6424994468688965
1977-01-05,6.600193023681641
1977-01-06,6.557879447937012
1977-01-07,6.579038143157959
1977-01-10,6.6424994468688965
1977-01-11,6.663653373718262
1977-01-12,6.663653373718262
1977-01-13,6.70596170425415
1977-01-14,6.727115631103516
1977-01-17,6.579038143157959
1977-01-18,6.600193023681641
1977-01-19,6.621343612670898
1977-01-20,6.579038143157959
1977-01-21,6.579038143157959
1977-01-24,6.600193023681641
1977-01-25,6.6424994468688965
1977-01-26,6.579038143157959
1977-01-27,6.600193023681641
1977-01-28,6.600193023681641
1977-01-31,6.53672981262207
1977-02-01,6.579038143157959
1977-02-02,6.53672981262207
1977-02-03,6.53672981262207
1977-02-04,6.557879447937012
1977-02-07,6.579038143157959
1977-02-08,6.600193023681641
1977-02-09,6.557879447937012
1977-02-10,6.6424994468688965
1977-02-11,6.621343612670898
1977-02-14,6.600193023681641
1977-02-15,6.600193023681641
1977-02-16,6.600193023681641
1977-02-17,6.579038143157959
1977-02-18,6.6424994468688965
1977-02-22,6.6424994468688965
1977-02-23,6.663653373718262
1977-02-24,6.663653373718262
1977-02-25,6.600193023681641
1977-02-28,6.579038143157959
1977-03-01,6.600193023681641
1977-03-02,6.663653373718262
1977-03-03,6.663653373718262
1977-03-04,6.70596170425415
1977-03-07,6.70596170425415
1977-03-08,6.663653373718262
1977-03-09,6.6424994468688965
1977-03-10,6.621343612670898
1977-03-11,6.6424994468688965
1977-03-14,6.684807300567627
1977-03-15,6.727115631103516
1977-03-16,6.769427299499512
1977-03-17,6.748270034790039
1977-03-18,6.727115631103516
1977-03-21,6.748270034790039
1977-03-22,6.70596170425415
1977-03-23,6.727115631103516
1977-03-24,6.727115631103516
1977-03-25,6.663653373718262
1977-03-28,6.6424994468688965
1977-03-29,6.663653373718262
1977-03-30,6.6424994468688965
1977-03-31,6.6424994468688965
1977-04-01,6.684807300567627
1977-04-04,6.663653373718262
1977-04-05,6.663653373718262
1977-04-06,6.684807300567627
1977-04-07,6.748270034790039
1977-04-11,6.727115631103516
1977-04-12,6.85404634475708
1977-04-13,6.896356105804443
1977-04-14,6.938662528991699
1977-04-15,6.896356105804443
1977-04-18,6.748270034790039
1977-04-19,6.684807300567627
1977-04-20,6.769427299499512
1977-04-21,6.748270034790039
1977-04-22,6.70596170425415
1977-04-25,6.621343612670898
1977-04-26,6.684807300567627
1977-04-27,6.70596170425415
1977-04-28,6.70596170425415
1977-04-29,6.727115631103516
1977-05-02,6.769427299499512
1977-05-03,6.769427299499512
1977-05-04,6.790580749511719
1977-05-05,6.769427299499512
1977-05-06,6.769427299499512
1977-05-09,6.790580749511719
1977-05-10,6.790580749511719
1977-05-11,6.811733245849609
1977-05-12,6.790580749511719
1977-05-13,6.769427299499512
1977-05-16,6.769427299499512
1977-05-17,6.811733245849609
1977-05-18,6.811733245849609
1977-05-19,6.811733245849609
1977-05-20,6.896356105804443
1977-05-23,6.832889080047607
1977-05-24,6.811733245849609
1977-05-25,6.832889080047607
1977-05-26,6.811733245849609
1977-05-27,6.769427299499512
1977-05-31,6.727115631103516
1977-06-01,6.748270034790039
1977-06-02,6.790580749511719
1977-06-03,6.811733245849609
1977-06-06,6.70596170425415
1977-06-07,6.769427299499512
1977-06-08,6.748270034790039
1977-06-09,6.769427299499512
1977-06-10,6.769427299499512
1977-06-13,6.769427299499512
1977-06-14,6.769427299499512
1977-06-15,6.727115631103516
1977-06-16,6.727115631103516
1977-06-17,6.748270034790039
1977-06-20,6.727115631103516
1977-06-21,6.727115631103516
1977-06-22,6.748270034790039
1977-06-23,6.769427299499512
1977-06-24,6.769427299499512
1977-06-27,6.727115631103516
1977-06-28,6.727115631103516
1977-06-29,6.769427299499512
1977-06-30,6.748270034790039
1977-07-01,6.811733245849609
1977-07-05,6.832889080047607
1977-07-06,6.875198841094971
1977-07-07,6.938662528991699
1977-07-08,6.938662528991699
1977-07-11,6.980968952178955
1977-07-12,6.980968952178955
1977-07-13,7.002125263214111
1977-07-15,7.002125263214111
1977-07-18,6.875198841094971
1977-07-19,6.980968952178955
1977-07-20,7.02327823638916
1977-07-21,7.06558895111084
1977-07-22,6.959817886352539
1977-07-25,6.980968952178955
1977-07-26,7.002125263214111
1977-07-27,6.980968952178955
1977-07-28,6.917507648468018
1977-07-29,6.875198841094971
1977-08-01,6.85404634475708
1977-08-02,6.875198841094971
1977-08-03,6.896356105804443
1977-08-04,6.959817886352539
1977-08-05,7.04443359375
1977-08-08,6.980968952178955
1977-08-09,6.875198841094971
1977-08-10,6.980968952178955
1977-08-11,6.917507648468018
1977-08-12,6.875198841094971
1977-08-15,6.811733245849609
1977-08-16,6.53672981262207
1977-08-17,6.473261833190918
1977-08-18,6.494419574737549
1977-08-19,6.452106952667236
1977-08-22,6.473261833190918
1977-08-23,6.515568733215332
1977-08-24,6.515568733215332
1977-08-25,6.515568733215332
1977-08-26,6.621343612670898
1977-08-29,6.6424994468688965
1977-08-30,6.6424994468688965
1977-08-31,6.70596170425415
1977-09-01,6.727115631103516
1977-09-02,6.811733245849609
1977-09-06,6.790580749511719
1977-09-07,6.85404634475708
1977-09-08,6.85404634475708
1977-09-09,6.811733245849609
1977-09-12,6.769427299499512
1977-09-13,6.790580749511719
1977-09-14,6.790580749511719
1977-09-15,6.769427299499512
1977-09-16,6.790580749511719
1977-09-19,6.769427299499512
1977-09-20,6.769427299499512
1977-09-21,6.727115631103516
1977-09-22,6.663653373718262
1977-09-23,6.6424994468688965
1977-09-26,6.579038143157959
1977-09-27,6.557879447937012
1977-09-28,6.515568733215332
1977-09-29,6.579038143157959
1977-09-30,6.600193023681641
1977-10-03,6.70596170425415
1977-10-04,6.70596170425415
1977-10-05,6.684807300567627
1977-10-06,6.727115631103516
1977-10-07,6.727115631103516
1977-10-10,6.727115631103516
1977-10-11,6.663653373718262
1977-10-12,6.600193023681641
1977-10-13,6.494419574737549
1977-10-14,6.53672981262207
1977-10-17,6.473261833190918
1977-10-18,6.4309539794921875
1977-10-19,6.388646602630615
1977-10-20,6.346338272094727
1977-10-21,6.325185298919678
1977-10-24,6.198258876800537
1977-10-25,6.092479705810547
1977-10-26,6.261715412139893
1977-10-27,6.261715412139893
1977-10-28,6.282872676849365
1977-10-31,6.219411849975586
1977-11-01,6.029017448425293
1977-11-02,5.9867095947265625
1977-11-03,6.029017448425293
1977-11-04,6.1136369705200195
1977-11-07,6.092479705810547
1977-11-08,6.134795665740967
1977-11-09,6.304027080535889
1977-11-10,6.346338272094727
1977-11-11,6.494419574737549
1977-11-14,6.4309539794921875
1977-11-15,6.452106952667236
1977-11-16,6.515568733215332
1977-11-17,6.494419574737549
1977-11-18,6.515568733215332
1977-11-21,6.579038143157959
1977-11-22,6.6424994468688965
1977-11-23,6.557879447937012
1977-11-25,6.579038143157959
1977-11-28,6.473261833190918
1977-11-29,6.4309539794921875
1977-11-30,6.473261833190918
1977-12-01,6.473261833190918
1977-12-02,6.53672981262207
1977-12-05,6.557879447937012
1977-12-06,6.515568733215332
1977-12-07,6.473261833190918
1977-12-08,6.452106952667236
1977-12-09,6.473261833190918
1977-12-12,6.494419574737549
1977-12-13,6.515568733215332
1977-12-14,6.557879447937012
1977-12-15,6.557879447937012
1977-12-16,6.557879447937012
1977-12-19,6.515568733215332
1977-12-20,6.494419574737549
1977-12-21,6.515568733215332
1977-12-22,6.53672981262207
1977-12-23,6.600193023681641
1977-12-27,6.557879447937012
1977-12-28,6.515568733215332
1977-12-29,6.53672981262207
1977-12-30,6.557879447937012
1978-01-03,6.579038143157959
1978-01-04,6.494419574737549
1978-01-05,6.53672981262207
1978-01-06,6.452106952667236
1978-01-09,6.282872676849365
1978-01-10,6.261715412139893
1978-01-11,6.282872676849365
1978-01-12,6.261715412139893
1978-01-13,6.304027080535889
1978-01-16,6.15594482421875
1978-01-17,6.177102088928223
1978-01-18,6.261715412139893
1978-01-19,6.134795665740967
1978-01-20,6.198258876800537
1978-01-23,6.240565299987793
1978-01-24,6.198258876800537
1978-01-25,6.15594482421875
1978-01-26,6.134795665740967
1978-01-27,6.0713276863098145
1978-01-30,6.134795665740967
1978-01-31,6.177102088928223
1978-02-01,6.1136369705200195
1978-02-02,6.219411849975586
1978-02-03,6.219411849975586
1978-02-06,6.134795665740967
1978-02-07,6.177102088928223
1978-02-08,6.219411849975586
1978-02-09,6.219411849975586
1978-02-10,6.219411849975586
1978-02-13,6.219411849975586
1978-02-14,6.198258876800537
1978-02-15,6.177102088928223
1978-02-16,6.1136369705200195
1978-02-17,6.134795665740967
1978-02-21,6.092479705810547
1978-02-22,6.134795665740967
1978-02-23,6.134795665740967
1978-02-24,6.134795665740967
1978-02-27,6.15594482421875
1978-02-28,6.092479705810547
1978-03-01,5.965557098388672
1978-03-02,5.9867095947265625
1978-03-03,5.944403648376465
1978-03-06,5.880940914154053
1978-03-07,5.965557098388672
1978-03-08,6.050174236297607
1978-03-09,5.92324686050415
1978-03-10,5.965557098388672
1978-03-13,6.007864952087402
1978-03-14,5.9867095947265625
1978-03-15,5.9867095947265625
1978-03-16,5.965557098388672
1978-03-17,5.965557098388672
1978-03-20,6.007864952087402
1978-03-21,6.029017448425293
1978-03-22,5.965557098388672
1978-03-23,5.9867095947265625
1978-03-27,5.965557098388672
1978-03-28,5.944403648376465
1978-03-29,6.1136369705200195
1978-03-30,6.134795665740967
1978-03-31,6.346338272094727
1978-04-03,6.304027080535889
1978-04-04,6.388646602630615
1978-04-05,6.53672981262207
1978-04-06,6.494419574737549
1978-04-07,6.579038143157959
1978-04-10,6.621343612670898
1978-04-11,6.557879447937012
1978-04-12,6.494419574737549
1978-04-13,6.515568733215332
1978-04-14,6.579038143157959
1978-04-17,6.621343612670898
1978-04-18,6.600193023681641
1978-04-19,6.600193023681641
1978-04-20,6.600193023681641
1978-04-21,6.6424994468688965
1978-04-24,6.621343612670898
1978-04-25,6.6424994468688965
1978-04-26,6.600193023681641
1978-04-27,6.600193023681641
1978-04-28,6.684807300567627
1978-05-01,6.70596170425415
1978-05-02,6.727115631103516
1978-05-03,6.748270034790039
1978-05-04,6.769427299499512
1978-05-05,6.748270034790039
1978-05-08,6.790580749511719
1978-05-09,6.748270034790039
1978-05-10,6.769427299499512
1978-05-11,6.790580749511719
1978-05-12,6.896356105804443
1978-05-15,6.85404634475708
1978-05-16,6.959817886352539
1978-05-17,6.896356105804443
1978-05-18,6.896356105804443
1978-05-19,6.832889080047607
1978-05-22,6.811733245849609
1978-05-23,6.811733245849609
1978-05-24,6.790580749511719
1978-05-25,6.811733245849609
1978-05-26,6.811733245849609
1978-05-30,6.811733245849609
1978-05-31,6.875198841094971
1978-06-01,6.832889080047607
1978-06-02,6.790580749511719
1978-06-05,6.875198841094971
1978-06-06,6.938662528991699
1978-06-07,6.917507648468018
1978-06-08,6.938662528991699
1978-06-09,6.917507648468018
1978-06-12,6.896356105804443
1978-06-13,6.896356105804443
1978-06-14,6.938662528991699
1978-06-15,6.917507648468018
1978-06-16,7.002125263214111
1978-06-19,7.129052639007568
1978-06-20,7.150210380554199
1978-06-21,7.150210380554199
1978-06-22,7.2348222732543945
1978-06-23,7.2348222732543945
1978-06-26,7.107897758483887
1978-06-27,7.2348222732543945
1978-06-28,7.171358108520508
1978-06-29,7.107897758483887
1978-06-30,7.129052639007568
1978-07-03,7.086740016937256
1978-07-05,7.04443359375
1978-07-06,7.06558895111084
1978-07-07,7.086740016937256
1978-07-10,7.107897758483887
1978-07-11,7.107897758483887
1978-07-12,7.107897758483887
1978-07-13,7.107897758483887
1978-07-14,7.150210380554199
1978-07-17,7.02327823638916
1978-07-18,7.002125263214111
1978-07-19,7.02327823638916
1978-07-20,7.06558895111084
1978-07-21,7.086740016937256
1978-07-24,7.086740016937256
1978-07-25,7.107897758483887
1978-07-26,7.107897758483887
1978-07-27,7.086740016937256
1978-07-28,7.107897758483887
1978-07-31,7.086740016937256
1978-08-01,7.086740016937256
1978-08-02,7.171358108520508
1978-08-03,7.213666915893555
1978-08-04,7.2559814453125
1978-08-07,7.192516326904297
1978-08-08,7.277129650115967
1978-08-09,7.2559814453125
1978-08-10,7.2982869148254395
1978-08-11,7.2559814453125
1978-08-14,7.2348222732543945
1978-08-15,7.2348222732543945
1978-08-16,7.213666915893555
1978-08-17,7.2559814453125
1978-08-18,7.2559814453125
1978-08-21,7.2559814453125
1978-08-22,7.2348222732543945
1978-08-23,7.171358108520508
1978-08-24,7.150210380554199
1978-08-25,7.2348222732543945
1978-08-28,7.213666915893555
1978-08-29,7.171358108520508
1978-08-30,7.213666915893555
1978-08-31,7.150210380554199
1978-09-01,7.06558895111084
1978-09-05,6.832889080047607
1978-09-06,6.917507648468018
1978-09-07,6.980968952178955
1978-09-08,6.980968952178955
1978-09-11,7.002125263214111
1978-09-12,7.02327823638916
1978-09-13,7.06558895111084
1978-09-14,7.002125263214111
1978-09-15,6.896356105804443
1978-09-18,6.790580749511719
1978-09-19,6.515568733215332
1978-09-20,6.579038143157959
1978-09-21,6.600193023681641
1978-09-22,6.600193023681641
1978-09-25,6.579038143157959
1978-09-26,6.579038143157959
1978-09-27,6.53672981262207
1978-09-28,6.515568733215332
1978-09-29,6.600193023681641
1978-10-02,6.557879447937012
1978-10-03,6.579038143157959
1978-10-04,6.6424994468688965
1978-10-05,6.6424994468688965
1978-10-06,6.727115631103516
1978-10-09,6.727115631103516
1978-10-10,6.70596170425415
1978-10-11,6.70596170425415
1978-10-12,6.684807300567627
1978-10-13,6.70596170425415
1978-10-16,6.452106952667236
1978-10-17,6.4309539794921875
1978-10-18,6.282872676849365
1978-10-19,6.177102088928223
1978-10-20,6.134795665740967
1978-10-23,6.134795665740967
1978-10-24,6.198258876800537
1978-10-25,6.092479705810547
1978-10-26,6.092479705810547
1978-10-27,6.1136369705200195
1978-10-30,6.177102088928223
1978-10-31,6.092479705810547
1978-11-01,6.092479705810547
1978-11-02,6.177102088928223
1978-11-03,6.177102088928223
1978-11-06,6.134795665740967
1978-11-07,6.050174236297607
1978-11-08,6.1136369705200195
1978-11-09,6.029017448425293
1978-11-10,6.0713276863098145
1978-11-13,6.092479705810547
1978-11-14,6.050174236297607
1978-11-15,6.029017448425293
1978-11-16,6.092479705810547
1978-11-17,6.134795665740967
1978-11-20,6.240565299987793
1978-11-21,6.198258876800537
1978-11-22,6.240565299987793
1978-11-24,6.282872676849365
1978-11-27,6.346338272094727
1978-11-28,6.240565299987793
1978-11-29,6.007864952087402
1978-11-30,6.007864952087402
1978-12-01,6.050174236297607
1978-12-04,5.9867095947265625
1978-12-05,6.007864952087402
1978-12-06,6.092479705810547
1978-12-07,6.050174236297607
1978-12-08,6.029017448425293
1978-12-11,6.007864952087402
1978-12-12,6.050174236297607
1978-12-13,6.007864952087402
1978-12-14,6.029017448425293
1978-12-15,6.050174236297607
1978-12-18,6.007864952087402
1978-12-19,6.029017448425293
1978-12-20,6.029017448425293
1978-12-21,6.050174236297607
1978-12-22,6.092479705810547
1978-12-26,6.092479705810547
1978-12-27,6.029017448425293
1978-12-28,6.050174236297607
1978-12-29,6.0713276863098145
1979-01-02,6.0713276863098145
1979-01-03,6.0713276863098145
1979-01-04,6.1136369705200195
1979-01-05,6.177102088928223
1979-01-08,6.134795665740967
1979-01-09,6.15594482421875
1979-01-10,6.15594482421875
1979-01-11,6.15594482421875
1979-01-12,6.219411849975586
1979-01-15,6.219411849975586
1979-01-16,6.1136369705200195
1979-01-17,6.092479705810547
1979-01-18,6.134795665740967
1979-01-19,6.219411849975586
1979-01-22,6.177102088928223
1979-01-23,6.219411849975586
1979-01-24,6.219411849975586
1979-01-25,6.177102088928223
1979-01-26,6.177102088928223
1979-01-29,6.177102088928223
1979-01-30,6.177102088928223
1979-01-31,6.198258876800537
1979-02-01,6.198258876800537
1979-02-02,6.177102088928223
1979-02-05,6.134795665740967
1979-02-06,6.134795665740967
1979-02-07,6.1136369705200195
1979-02-08,6.1136369705200195
1979-02-09,6.092479705810547
1979-02-12,6.007864952087402
1979-02-13,6.0713276863098145
1979-02-14,6.050174236297607
1979-02-15,6.0713276863098145
1979-02-16,6.007864952087402
1979-02-20,6.050174236297607
1979-02-21,5.9867095947265625
1979-02-22,5.965557098388672
1979-02-23,5.944403648376465
1979-02-26,5.902092456817627
1979-02-27,5.902092456817627
1979-02-28,5.965557098388672
1979-03-01,5.92324686050415
1979-03-02,6.007864952087402
1979-03-05,6.050174236297607
1979-03-06,6.0713276863098145
1979-03-07,6.092479705810547
1979-03-08,6.15594482421875
1979-03-09,6.0713276863098145
1979-03-12,6.0713276863098145
1979-03-13,6.134795665740967
1979-03-14,6.177102088928223
1979-03-15,6.304027080535889
1979-03-16,6.388646602630615
1979-03-19,6.367495059967041
1979-03-20,6.325185298919678
1979-03-21,6.346338272094727
1979-03-22,6.346338272094727
1979-03-23,6.261715412139893
1979-03-26,6.325185298919678
1979-03-27,6.346338272094727
1979-03-28,6.388646602630615
1979-03-29,6.367495059967041
1979-03-30,6.4309539794921875
1979-04-02,6.304027080535889
1979-04-03,6.346338272094727
1979-04-04,6.367495059967041
1979-04-05,6.388646602630615
1979-04-06,6.515568733215332
1979-04-09,6.388646602630615
1979-04-10,6.346338272094727
1979-04-11,6.346338272094727
1979-04-12,6.388646602630615
1979-04-16,6.219411849975586
1979-04-17,6.240565299987793
1979-04-18,6.261715412139893
1979-04-19,6.325185298919678
1979-04-20,6.219411849975586
1979-04-23,6.240565299987793
1979-04-24,6.473261833190918
1979-04-25,6.515568733215332
1979-04-26,6.557879447937012
1979-04-27,6.557879447937012
1979-04-30,6.557879447937012
1979-05-01,6.663653373718262
1979-05-02,6.53672981262207
1979-05-03,6.557879447937012
1979-05-04,6.494419574737549
1979-05-07,6.325185298919678
1979-05-08,6.388646602630615
1979-05-09,6.388646602630615
1979-05-10,6.388646602630615
1979-05-11,6.388646602630615
1979-05-14,6.367495059967041
1979-05-15,6.388646602630615
1979-05-16,6.325185298919678
1979-05-17,6.261715412139893
1979-05-18,6.304027080535889
1979-05-21,6.325185298919678
1979-05-22,6.388646602630615
1979-05-23,6.473261833190918
1979-05-24,6.53672981262207
1979-05-25,6.494419574737549
1979-05-29,6.515568733215332
1979-05-30,6.452106952667236
1979-05-31,6.452106952667236
1979-06-01,6.409801483154297
1979-06-04,6.452106952667236
1979-06-05,6.4309539794921875
1979-06-06,6.473261833190918
1979-06-07,6.473261833190918
1979-06-08,6.473261833190918
1979-06-11,6.4309539794921875
1979-06-12,6.452106952667236
1979-06-13,6.4309539794921875
1979-06-14,6.4309539794921875
1979-06-15,6.4309539794921875
1979-06-18,6.452106952667236
1979-06-19,6.4309539794921875
1979-06-20,6.473261833190918
1979-06-21,6.494419574737549
1979-06-22,6.557879447937012
1979-06-25,6.53672981262207
1979-06-26,6.515568733215332
1979-06-27,6.53672981262207
1979-06-28,6.6424994468688965
1979-06-29,6.600193023681641
1979-07-02,6.600193023681641
1979-07-03,6.663653373718262
1979-07-05,6.70596170425415
1979-07-06,6.727115631103516
1979-07-09,6.959817886352539
1979-07-10,6.917507648468018
1979-07-11,6.896356105804443
1979-07-12,6.917507648468018
1979-07-13,6.917507648468018
1979-07-16,6.85404634475708
1979-07-17,6.832889080047607
1979-07-18,6.811733245849609
1979-07-19,6.663653373718262
1979-07-20,6.557879447937012
1979-07-23,6.452106952667236
1979-07-24,6.452106952667236
1979-07-25,6.515568733215332
1979-07-26,6.557879447937012
1979-07-27,6.557879447937012
1979-07-30,6.557879447937012
1979-07-31,6.53672981262207
1979-08-01,6.53672981262207
1979-08-02,6.53672981262207
1979-08-03,6.557879447937012
1979-08-06,6.557879447937012
1979-08-07,6.621343612670898
1979-08-08,6.621343612670898
1979-08-09,6.579038143157959
1979-08-10,6.600193023681641
1979-08-13,6.579038143157959
1979-08-14,6.557879447937012
1979-08-15,6.600193023681641
1979-08-16,6.727115631103516
1979-08-17,6.727115631103516
1979-08-20,6.769427299499512
1979-08-21,6.769427299499512
1979-08-22,6.748270034790039
1979-08-23,6.748270034790039
1979-08-24,6.6424994468688965
1979-08-27,6.621343612670898
1979-08-28,6.663653373718262
1979-08-29,6.727115631103516
1979-08-30,6.6424994468688965
1979-08-31,6.684807300567627
1979-09-04,6.684807300567627
1979-09-05,6.6424994468688965
1979-09-06,6.663653373718262
1979-09-07,6.727115631103516
1979-09-10,6.684807300567627
1979-09-11,6.6424994468688965
1979-09-12,6.6424994468688965
1979-09-13,6.663653373718262
1979-09-14,6.663653373718262
1979-09-17,6.6424994468688965
1979-09-18,6.600193023681641
1979-09-19,6.53672981262207
1979-09-20,6.621343612670898
1979-09-21,6.663653373718262
1979-09-24,6.600193023681641
1979-09-25,6.600193023681641
1979-09-26,6.621343612670898
1979-09-27,6.600193023681641
1979-09-28,6.600193023681641
1979-10-01,6.600193023681641
1979-10-02,6.557879447937012
1979-10-03,6.473261833190918
1979-10-04,6.600193023681641
1979-10-05,6.473261833190918
1979-10-08,6.4309539794921875
1979-10-09,6.346338272094727
1979-10-10,6.050174236297607
1979-10-11,6.1136369705200195
1979-10-12,6.177102088928223
1979-10-15,6.050174236297607
1979-10-16,5.965557098388672
1979-10-17,5.965557098388672
1979-10-18,5.965557098388672
1979-10-19,6.007864952087402
1979-10-22,5.817476749420166
1979-10-23,5.944403648376465
1979-10-24,5.92324686050415
1979-10-25,5.92324686050415
1979-10-26,5.944403648376465
1979-10-29,5.944403648376465
1979-10-30,5.965557098388672
1979-10-31,5.9867095947265625
1979-11-01,6.007864952087402
1979-11-02,6.007864952087402
1979-11-05,5.965557098388672
1979-11-06,5.902092456817627
1979-11-07,5.92324686050415
1979-11-08,5.902092456817627
1979-11-09,5.944403648376465
1979-11-12,5.92324686050415
1979-11-13,5.92324686050415
1979-11-14,5.902092456817627
1979-11-15,5.902092456817627
1979-11-16,5.902092456817627
1979-11-19,5.859787940979004
1979-11-20,5.902092456817627
1979-11-21,5.754013538360596
1979-11-23,5.754013538360596
1979-11-26,5.92324686050415
1979-11-27,5.9867095947265625
1979-11-28,6.050174236297607
1979-11-29,6.0713276863098145
1979-11-30,5.92324686050415
1979-12-03,5.859787940979004
1979-12-04,5.859787940979004
1979-12-05,5.8386335372924805
1979-12-06,5.8386335372924805
1979-12-07,5.796321868896484
1979-12-10,5.817476749420166
1979-12-11,5.880940914154053
1979-12-12,5.817476749420166
1979-12-13,5.8386335372924805
1979-12-14,5.817476749420166
1979-12-17,5.880940914154053
1979-12-18,5.880940914154053
1979-12-19,5.944403648376465
1979-12-20,5.965557098388672
1979-12-21,6.007864952087402
1979-12-24,5.92324686050415
1979-12-26,5.965557098388672
1979-12-27,6.007864952087402
1979-12-28,6.029017448425293
1979-12-31,6.029017448425293
1980-01-02,5.902092456817627
1980-01-03,6.029017448425293
1980-01-04,5.965557098388672
1980-01-07,6.029017448425293
1980-01-08,6.1136369705200195
1980-01-09,6.1136369705200195
1980-01-10,6.134795665740967
1980-01-11,6.134795665740967
1980-01-14,6.007864952087402
1980-01-15,6.050174236297607
1980-01-16,6.050174236297607
1980-01-17,6.0713276863098145
1980-01-18,6.092479705810547
1980-01-21,6.092479705810547
1980-01-22,6.029017448425293
1980-01-23,6.029017448425293
1980-01-24,6.0713276863098145
1980-01-25,6.050174236297607
1980-01-28,5.944403648376465
1980-01-29,5.944403648376465
1980-01-30,5.944403648376465
1980-01-31,5.92324686050415
1980-02-01,5.902092456817627
1980-02-04,5.902092456817627
1980-02-05,5.8386335372924805
1980-02-06,5.754013538360596
1980-02-07,5.584775447845459
1980-02-08,5.627085208892822
1980-02-11,5.542469024658203
1980-02-12,5.605927467346191
1980-02-13,5.605927467346191
1980-02-14,5.563621997833252
1980-02-15,5.479005336761475
1980-02-19,5.4578471183776855
1980-02-20,5.5213165283203125
1980-02-21,5.436695575714111
1980-02-22,5.4155426025390625
1980-02-25,5.394389629364014
1980-02-26,5.3309245109558105
1980-02-27,5.352079391479492
1980-02-28,5.288613319396973
1980-02-29,5.267457008361816
1980-03-03,5.2463059425354
1980-03-04,5.2463059425354
1980-03-05,5.2463059425354
1980-03-06,5.1828436851501465
1980-03-07,5.1828436851501465
1980-03-10,5.077070713043213
1980-03-11,5.077070713043213
1980-03-12,5.055919170379639
1980-03-13,5.013606071472168
1980-03-14,4.992449760437012
1980-03-17,4.992449760437012
1980-03-18,4.8866801261901855
1980-03-19,4.8443708419799805
1980-03-20,4.738598823547363
1980-03-21,4.8866801261901855
1980-03-24,4.780909538269043
1980-03-25,4.717443466186523
1980-03-26,4.738598823547363
1980-03-27,4.653979778289795
1980-03-28,4.780909538269043
1980-03-31,4.907832622528076
1980-04-01,4.780909538269043
1980-04-02,4.8866801261901855
1980-04-03,5.077070713043213
1980-04-07,5.077070713043213
1980-04-08,5.077070713043213
1980-04-09,5.055919170379639
1980-04-10,5.034761905670166
1980-04-11,5.034761905670166
1980-04-14,4.907832622528076
1980-04-15,4.9289870262146
1980-04-16,4.907832622528076
1980-04-17,4.8866801261901855
1980-04-18,4.802060127258301
1980-04-21,4.865522384643555
1980-04-22,4.950143814086914
1980-04-23,4.865522384643555
1980-04-24,4.907832622528076
1980-04-25,4.907832622528076
1980-04-28,4.9289870262146
1980-04-29,4.992449760437012
1980-04-30,5.119378566741943
1980-05-01,5.013606071472168
1980-05-02,5.055919170379639
1980-05-05,5.203999042510986
1980-05-06,5.203999042510986
1980-05-07,5.2251505851745605
1980-05-08,5.203999042510986
1980-05-09,5.2251505851745605
1980-05-12,5.203999042510986
1980-05-13,5.2251505851745605
1980-05-14,5.1828436851501465
1980-05-15,5.203999042510986
1980-05-16,5.2463059425354
1980-05-19,5.2463059425354
1980-05-20,5.267457008361816
1980-05-21,5.30977201461792
1980-05-22,5.373230934143066
1980-05-23,5.352079391479492
1980-05-27,5.352079391479492
1980-05-28,5.373230934143066
1980-05-29,5.352079391479492
1980-05-30,5.352079391479492
1980-06-02,5.267457008361816
1980-06-03,5.3309245109558105
1980-06-04,5.3309245109558105
1980-06-05,5.352079391479492
1980-06-06,5.352079391479492
1980-06-09,5.30977201461792
1980-06-10,5.394389629364014
1980-06-11,5.373230934143066
1980-06-12,5.3309245109558105
1980-06-13,5.436695575714111
1980-06-16,5.5001606941223145
1980-06-17,5.563621997833252
1980-06-18,5.584775447845459
1980-06-19,5.584775447845459
1980-06-20,5.542469024658203
1980-06-23,5.690547943115234
1980-06-24,5.859787940979004
1980-06-25,5.859787940979004
1980-06-26,5.754013538360596
1980-06-27,5.796321868896484
1980-06-30,5.690547943115234
1980-07-01,5.605927467346191
1980-07-02,5.542469024658203
1980-07-03,5.627085208892822
1980-07-07,5.732856750488281
1980-07-08,5.690547943115234
1980-07-09,5.711701393127441
1980-07-10,5.66939640045166
1980-07-11,5.66939640045166
1980-07-14,5.436695575714111
1980-07-15,5.373230934143066
1980-07-16,5.3309245109558105
1980-07-17,5.30977201461792
1980-07-18,5.373230934143066
1980-07-21,5.436695575714111
1980-07-22,5.352079391479492
1980-07-23,5.352079391479492
1980-07-24,5.352079391479492
1980-07-25,5.3309245109558105
1980-07-28,5.373230934143066
1980-07-29,5.394389629364014
1980-07-30,5.394389629364014
1980-07-31,5.4155426025390625
1980-08-01,5.4155426025390625
1980-08-04,5.4155426025390625
1980-08-05,5.4155426025390625
1980-08-06,5.584775447845459
1980-08-07,5.8386335372924805
1980-08-08,5.711701393127441
1980-08-11,5.64824104309082
1980-08-12,5.5213165283203125
1980-08-13,5.542469024658203
1980-08-14,5.4578471183776855
1980-08-15,5.5001606941223145
1980-08-18,5.4578471183776855
1980-08-19,5.479005336761475
1980-08-20,5.394389629364014
1980-08-21,5.479005336761475
1980-08-22,5.5001606941223145
1980-08-25,5.4155426025390625
1980-08-26,5.394389629364014
1980-08-27,5.30977201461792
1980-08-28,5.267457008361816
1980-08-29,5.3309245109558105
1980-09-02,5.373230934143066
1980-09-03,5.394389629364014
1980-09-04,5.436695575714111
1980-09-05,5.479005336761475
1980-09-08,5.605927467346191
1980-09-09,5.754013538360596
1980-09-10,5.66939640045166
1980-09-11,5.627085208892822
1980-09-12,5.627085208892822
1980-09-15,5.563621997833252
1980-09-16,5.5213165283203125
1980-09-17,5.563621997833252
1980-09-18,5.5213165283203125
1980-09-19,5.605927467346191
1980-09-22,5.627085208892822
1980-09-23,5.584775447845459
1980-09-24,5.64824104309082
1980-09-25,5.64824104309082
1980-09-26,5.4155426025390625
1980-09-29,5.352079391479492
1980-09-30,5.30977201461792
1980-10-01,5.373230934143066
1980-10-02,5.542469024658203
1980-10-03,5.584775447845459
1980-10-06,5.627085208892822
1980-10-07,5.627085208892822
1980-10-08,5.64824104309082
1980-10-09,5.732856750488281
1980-10-10,5.66939640045166
1980-10-13,5.627085208892822
1980-10-14,5.584775447845459
1980-10-15,5.64824104309082
1980-10-16,5.64824104309082
1980-10-17,5.5213165283203125
1980-10-20,5.30977201461792
1980-10-21,5.30977201461792
1980-10-22,5.30977201461792
1980-10-23,5.267457008361816
1980-10-24,5.267457008361816
1980-10-27,5.2251505851745605
1980-10-28,5.1828436851501465
1980-10-29,5.2251505851745605
1980-10-30,5.1828436851501465
1980-10-31,5.2251505851745605
1980-11-03,5.203999042510986
1980-11-05,5.1828436851501465
1980-11-06,5.1828436851501465
1980-11-07,5.161686897277832
1980-11-10,5.119378566741943
1980-11-11,5.140533447265625
1980-11-12,5.161686897277832
1980-11-13,5.140533447265625
1980-11-14,5.055919170379639
1980-11-17,5.119378566741943
1980-11-18,5.140533447265625
1980-11-19,5.098222732543945
1980-11-20,5.140533447265625
1980-11-21,5.077070713043213
1980-11-24,4.992449760437012
1980-11-25,5.013606071472168
1980-11-26,5.034761905670166
1980-11-28,4.992449760437012
1980-12-01,4.9289870262146
1980-12-02,4.907832622528076
1980-12-03,4.82321310043335
1980-12-04,4.8443708419799805
1980-12-05,4.865522384643555
1980-12-08,4.8443708419799805
1980-12-09,4.7597527503967285
1980-12-10,4.611670970916748
1980-12-11,4.611670970916748
1980-12-12,4.653979778289795
1980-12-15,4.802060127258301
1980-12-16,4.717443466186523
1980-12-17,4.738598823547363
1980-12-18,4.82321310043335
1980-12-19,4.8443708419799805
1980-12-22,4.8866801261901855
1980-12-23,4.907832622528076
1980-12-24,5.055919170379639
1980-12-26,5.098222732543945
1980-12-29,5.140533447265625
1980-12-30,5.1828436851501465
1980-12-31,5.140533447265625
1981-01-02,5.2463059425354
1981-01-05,5.2463059425354
1981-01-06,5.4155426025390625
1981-01-07,5.288613319396973
1981-01-08,5.267457008361816
1981-01-09,5.267457008361816
1981-01-12,5.098222732543945
1981-01-13,5.098222732543945
1981-01-14,5.161686897277832
1981-01-15,5.1828436851501465
1981-01-16,5.2251505851745605
1981-01-19,5.203999042510986
1981-01-20,5.119378566741943
1981-01-21,5.161686897277832
1981-01-22,5.098222732543945
1981-01-23,5.098222732543945
1981-01-26,5.055919170379639
1981-01-27,5.013606071472168
1981-01-28,5.034761905670166
1981-01-29,4.992449760437012
1981-01-30,5.034761905670166
1981-02-02,4.992449760437012
1981-02-03,5.034761905670166
1981-02-04,4.992449760437012
1981-02-05,5.013606071472168
1981-02-06,5.055919170379639
1981-02-09,4.950143814086914
1981-02-10,4.992449760437012
1981-02-11,4.950143814086914
1981-02-12,4.950143814086914
1981-02-13,4.865522384643555
1981-02-17,4.907832622528076
1981-02-18,4.950143814086914
1981-02-19,4.971298694610596
1981-02-20,4.992449760437012
1981-02-23,4.9289870262146
1981-02-24,4.8866801261901855
1981-02-25,4.8866801261901855
1981-02-26,4.907832622528076
1981-02-27,4.8866801261901855
1981-03-02,4.8866801261901855
1981-03-03,4.8443708419799805
1981-03-04,4.865522384643555
1981-03-05,4.865522384643555
1981-03-06,4.8443708419799805
1981-03-09,4.865522384643555
1981-03-10,4.8443708419799805
1981-03-11,4.8866801261901855
1981-03-12,4.992449760437012
1981-03-13,4.992449760437012
1981-03-16,5.055919170379639
1981-03-17,5.119378566741943
1981-03-18,5.1828436851501465
1981-03-19,5.373230934143066
1981-03-20,5.690547943115234
1981-03-23,5.859787940979004
1981-03-24,5.880940914154053
1981-03-25,6.219411849975586
1981-03-26,6.092479705810547
1981-03-27,6.325185298919678
1981-03-30,6.579038143157959
1981-03-31,6.579038143157959
1981-04-01,7.404059886932373
1981-04-02,7.129052639007568
1981-04-03,7.2559814453125
1981-04-06,7.171358108520508
1981-04-07,7.467520713806152
1981-04-08,7.425212383270264
1981-04-09,7.425212383270264
1981-04-10,7.2348222732543945
1981-04-13,7.150210380554199
1981-04-14,7.086740016937256
1981-04-15,7.2348222732543945
1981-04-16,7.171358108520508
1981-04-20,7.002125263214111
1981-04-21,6.811733245849609
1981-04-22,7.04443359375
1981-04-23,7.192516326904297
1981-04-24,7.2348222732543945
1981-04-27,7.150210380554199
1981-04-28,7.02327823638916
1981-04-29,6.938662528991699
1981-04-30,6.875198841094971
1981-05-01,6.917507648468018
1981-05-04,6.875198841094971
1981-05-05,6.896356105804443
1981-05-06,6.896356105804443
1981-05-07,6.917507648468018
1981-05-08,6.811733245849609
1981-05-11,6.748270034790039
1981-05-12,6.748270034790039
1981-05-13,6.769427299499512
1981-05-14,6.832889080047607
1981-05-15,7.02327823638916
1981-05-18,6.938662528991699
1981-05-19,6.917507648468018
1981-05-20,6.832889080047607
1981-05-21,6.748270034790039
1981-05-22,6.811733245849609
1981-05-26,7.150210380554199
1981-05-27,7.150210380554199
1981-05-28,7.129052639007568
1981-05-29,7.129052639007568
1981-06-01,7.02327823638916
1981-06-02,6.769427299499512
1981-06-03,6.811733245849609
1981-06-04,6.790580749511719
1981-06-05,6.790580749511719
1981-06-08,6.811733245849609
1981-06-09,6.811733245849609
1981-06-10,6.748270034790039
1981-06-11,6.85404634475708
1981-06-12,7.002125263214111
1981-06-15,7.107897758483887
1981-06-16,7.002125263214111
1981-06-17,7.04443359375
1981-06-18,7.04443359375
1981-06-19,6.938662528991699
1981-06-22,7.002125263214111
1981-06-23,7.02327823638916
1981-06-24,6.938662528991699
1981-06-25,6.85404634475708
1981-06-26,6.790580749511719
1981-06-29,6.727115631103516
1981-06-30,6.769427299499512
1981-07-01,6.769427299499512
1981-07-02,6.811733245849609
1981-07-06,6.727115631103516
1981-07-07,6.790580749511719
1981-07-08,6.769427299499512
1981-07-09,6.748270034790039
1981-07-10,6.748270034790039
1981-07-13,6.621343612670898
1981-07-14,6.473261833190918
1981-07-15,6.600193023681641
1981-07-16,6.579038143157959
1981-07-17,6.53672981262207
1981-07-20,6.304027080535889
1981-07-21,6.134795665740967
1981-07-22,6.219411849975586
1981-07-23,6.261715412139893
1981-07-24,6.325185298919678
1981-07-27,6.325185298919678
1981-07-28,6.240565299987793
1981-07-29,6.198258876800537
1981-07-30,6.240565299987793
1981-07-31,6.240565299987793
1981-08-03,6.240565299987793
1981-08-04,6.240565299987793
1981-08-05,6.325185298919678
1981-08-06,6.388646602630615
1981-08-07,6.367495059967041
1981-08-10,6.367495059967041
1981-08-11,6.261715412139893
1981-08-12,6.219411849975586
1981-08-13,6.177102088928223
1981-08-14,6.198258876800537
1981-08-17,6.15594482421875
1981-08-18,6.050174236297607
1981-08-19,6.007864952087402
1981-08-20,5.9867095947265625
1981-08-21,5.817476749420166
1981-08-24,5.754013538360596
1981-08-25,5.902092456817627
1981-08-26,5.965557098388672
1981-08-27,5.902092456817627
1981-08-28,5.902092456817627
1981-08-31,5.796321868896484
1981-09-01,5.711701393127441
1981-09-02,5.732856750488281
1981-09-03,5.479005336761475
1981-09-04,5.542469024658203
1981-09-08,5.436695575714111
1981-09-09,5.5001606941223145
1981-09-10,5.690547943115234
1981-09-11,5.605927467346191
1981-09-14,5.542469024658203
1981-09-15,5.563621997833252
1981-09-16,5.5213165283203125
1981-09-17,5.4155426025390625
1981-09-18,5.2463059425354
1981-09-21,5.2463059425354
1981-09-22,5.4155426025390625
1981-09-23,5.352079391479492
1981-09-24,5.288613319396973
1981-09-25,5.034761905670166
1981-09-28,5.2251505851745605
1981-09-29,5.288613319396973
1981-09-30,5.373230934143066
1981-10-01,5.4155426025390625
1981-10-02,5.5001606941223145
1981-10-05,5.542469024658203
1981-10-06,5.732856750488281
1981-10-07,6.0713276863098145
1981-10-08,6.050174236297607
1981-10-09,6.219411849975586
1981-10-12,5.859787940979004
1981-10-13,5.944403648376465
1981-10-14,5.754013538360596
1981-10-15,5.64824104309082
1981-10-16,5.64824104309082
1981-10-19,5.563621997833252
1981-10-20,5.627085208892822
1981-10-21,5.542469024658203
1981-10-22,5.5001606941223145
1981-10-23,5.436695575714111
1981-10-26,5.479005336761475
1981-10-27,5.690547943115234
1981-10-28,5.5001606941223145
1981-10-29,5.690547943115234
1981-10-30,6.0713276863098145
1981-11-02,6.219411849975586
1981-11-03,6.261715412139893
1981-11-04,6.198258876800537
1981-11-05,6.007864952087402
1981-11-06,5.965557098388672
1981-11-09,5.965557098388672
1981-11-10,6.007864952087402
1981-11-11,6.177102088928223
1981-11-12,6.050174236297607
1981-11-13,6.007864952087402
1981-11-16,5.944403648376465
1981-11-17,5.92324686050415
1981-11-18,5.8386335372924805
1981-11-19,5.8386335372924805
1981-11-20,5.859787940979004
1981-11-23,5.796321868896484
1981-11-24,5.7751688957214355
1981-11-25,5.754013538360596
1981-11-27,5.817476749420166
1981-11-30,5.859787940979004
1981-12-01,5.817476749420166
1981-12-02,5.8386335372924805
1981-12-03,5.796321868896484
1981-12-04,5.7751688957214355
1981-12-07,5.64824104309082
1981-12-08,5.605927467346191
1981-12-09,5.563621997833252
1981-12-10,5.66939640045166
1981-12-11,5.965557098388672
1981-12-14,5.902092456817627
1981-12-15,5.9867095947265625
1981-12-16,5.880940914154053
1981-12-17,5.711701393127441
1981-12-18,5.64824104309082
1981-12-21,5.690547943115234
1981-12-22,5.627085208892822
1981-12-23,5.627085208892822
1981-12-24,5.64824104309082
1981-12-28,5.605927467346191
1981-12-29,5.627085208892822
1981-12-30,5.711701393127441
1981-12-31,5.817476749420166
1982-01-04,6.029017448425293
1982-01-05,5.64824104309082
1982-01-06,5.5213165283203125
1982-01-07,5.5213165283203125
1982-01-08,5.436695575714111
1982-01-11,5.161686897277832
1982-01-12,5.394389629364014
1982-01-13,5.4155426025390625
1982-01-14,5.3309245109558105
1982-01-15,5.3309245109558105
1982-01-18,5.352079391479492
1982-01-19,5.3309245109558105
1982-01-20,5.352079391479492
1982-01-21,5.4155426025390625
1982-01-22,5.436695575714111
1982-01-25,5.4578471183776855
1982-01-26,5.436695575714111
1982-01-27,5.2251505851745605
1982-01-28,5.394389629364014
1982-01-29,5.394389629364014
1982-02-01,5.267457008361816
1982-02-02,5.203999042510986
1982-02-03,5.1828436851501465
1982-02-04,5.119378566741943
1982-02-05,5.098222732543945
1982-02-08,5.077070713043213
1982-02-09,4.971298694610596
1982-02-10,5.034761905670166
1982-02-11,4.907832622528076
1982-02-12,4.9289870262146
1982-02-16,4.865522384643555
1982-02-17,4.907832622528076
1982-02-18,4.8443708419799805
1982-02-19,4.696290016174316
1982-02-22,4.675137519836426
1982-02-23,4.675137519836426
1982-02-24,4.611670970916748
1982-02-25,4.632824420928955
1982-02-26,4.527052402496338
1982-03-01,4.484745502471924
1982-03-02,4.484745502471924
1982-03-03,4.357816696166992
1982-03-04,4.378973484039307
1982-03-05,4.548207759857178
1982-03-08,4.505900859832764
1982-03-09,4.505900859832764
1982-03-10,4.632824420928955
1982-03-11,4.590518474578857
1982-03-12,4.569364547729492
1982-03-15,4.569364547729492
1982-03-16,4.484745502471924
1982-03-17,4.505900859832764
1982-03-18,4.569364547729492
1982-03-19,4.569364547729492
1982-03-22,4.569364547729492
1982-03-23,4.548207759857178
1982-03-24,4.548207759857178
1982-03-25,4.611670970916748
1982-03-26,4.696290016174316
1982-03-29,4.7597527503967285
1982-03-30,4.7597527503967285
1982-03-31,4.696290016174316
1982-04-01,4.717443466186523
1982-04-02,4.717443466186523
1982-04-05,4.696290016174316
1982-04-06,4.7597527503967285
1982-04-07,4.802060127258301
1982-04-08,4.82321310043335
1982-04-12,4.632824420928955
1982-04-13,4.653979778289795
1982-04-14,4.569364547729492
1982-04-15,4.527052402496338
1982-04-16,4.527052402496338
1982-04-19,4.505900859832764
1982-04-20,4.548207759857178
1982-04-21,4.653979778289795
1982-04-22,4.653979778289795
1982-04-23,4.738598823547363
1982-04-26,4.611670970916748
1982-04-27,4.632824420928955
1982-04-28,4.675137519836426
1982-04-29,4.590518474578857
1982-04-30,4.653979778289795
1982-05-03,4.548207759857178
1982-05-04,4.548207759857178
1982-05-05,4.421282768249512
1982-05-06,4.548207759857178
1982-05-07,4.527052402496338
1982-05-10,4.548207759857178
1982-05-11,4.675137519836426
1982-05-12,4.611670970916748
1982-05-13,4.590518474578857
1982-05-14,4.590518474578857
1982-05-17,4.569364547729492
1982-05-18,4.527052402496338
1982-05-19,4.505900859832764
1982-05-20,4.505900859832764
1982-05-21,4.527052402496338
1982-05-24,4.505900859832764
1982-05-25,4.653979778289795
1982-05-26,4.653979778289795
1982-05-27,4.632824420928955
1982-05-28,4.653979778289795
1982-06-01,4.653979778289795
1982-06-02,4.675137519836426
1982-06-03,4.696290016174316
1982-06-04,4.653979778289795
1982-06-07,4.675137519836426
1982-06-08,4.675137519836426
1982-06-09,4.569364547729492
1982-06-10,4.653979778289795
1982-06-11,4.632824420928955
1982-06-14,4.611670970916748
1982-06-15,4.611670970916748
1982-06-16,4.632824420928955
1982-06-17,4.590518474578857
1982-06-18,4.590518474578857
1982-06-21,4.569364547729492
1982-06-22,4.632824420928955
1982-06-23,4.675137519836426
1982-06-24,4.653979778289795
1982-06-25,4.653979778289795
1982-06-28,4.780909538269043
1982-06-29,4.82321310043335
1982-06-30,4.907832622528076
1982-07-01,4.865522384643555
1982-07-02,4.780909538269043
1982-07-06,4.7597527503967285
1982-07-07,4.802060127258301
1982-07-08,4.8443708419799805
1982-07-09,4.865522384643555
1982-07-12,4.82321310043335
1982-07-13,4.7597527503967285
1982-07-14,4.802060127258301
1982-07-15,4.780909538269043
1982-07-16,4.653979778289795
1982-07-19,4.653979778289795
1982-07-20,4.696290016174316
1982-07-21,4.738598823547363
1982-07-22,4.802060127258301
1982-07-23,4.632824420928955
1982-07-26,4.653979778289795
1982-07-27,4.696290016174316
1982-07-28,4.675137519836426
1982-07-29,4.696290016174316
1982-07-30,4.717443466186523
1982-08-02,4.717443466186523
1982-08-03,4.675137519836426
1982-08-04,4.7597527503967285
1982-08-05,4.611670970916748
1982-08-06,4.590518474578857
1982-08-09,4.505900859832764
1982-08-10,4.505900859832764
1982-08-11,4.527052402496338
1982-08-12,4.421282768249512
1982-08-13,4.527052402496338
1982-08-16,4.632824420928955
1982-08-17,4.717443466186523
1982-08-18,4.7597527503967285
1982-08-19,4.865522384643555
1982-08-20,4.8443708419799805
1982-08-23,5.098222732543945
1982-08-24,5.077070713043213
1982-08-25,5.098222732543945
1982-08-26,5.119378566741943
1982-08-27,5.119378566741943
1982-08-30,5.161686897277832
1982-08-31,5.288613319396973
1982-09-01,5.30977201461792
1982-09-02,5.267457008361816
1982-09-03,5.267457008361816
1982-09-07,5.3309245109558105
1982-09-08,5.288613319396973
1982-09-09,5.4155426025390625
1982-09-10,5.30977201461792
1982-09-13,5.2251505851745605
1982-09-14,5.2251505851745605
1982-09-15,5.2463059425354
1982-09-16,5.1828436851501465
1982-09-17,5.288613319396973
1982-09-20,5.2251505851745605
1982-09-21,5.436695575714111
1982-09-22,5.30977201461792
1982-09-23,5.288613319396973
1982-09-24,5.30977201461792
1982-09-27,5.3309245109558105
1982-09-28,5.3309245109558105
1982-09-29,5.1828436851501465
1982-09-30,5.140533447265625
1982-10-01,5.161686897277832
1982-10-04,5.161686897277832
1982-10-05,5.161686897277832
1982-10-06,5.373230934143066
1982-10-07,5.5001606941223145
1982-10-08,5.479005336761475
1982-10-11,5.5213165283203125
1982-10-12,5.4578471183776855
1982-10-13,5.436695575714111
1982-10-14,5.394389629364014
1982-10-15,5.436695575714111
1982-10-18,5.542469024658203
1982-10-19,5.711701393127441
1982-10-20,5.8386335372924805
1982-10-21,5.902092456817627
1982-10-22,6.007864952087402
1982-10-25,5.754013538360596
1982-10-26,5.711701393127441
1982-10-27,5.479005336761475
1982-10-28,5.30977201461792
1982-10-29,5.288613319396973
1982-11-01,5.267457008361816
1982-11-02,5.5213165283203125
1982-11-03,5.965557098388672
1982-11-04,5.711701393127441
1982-11-05,5.754013538360596
1982-11-08,5.711701393127441
1982-11-09,5.732856750488281
1982-11-10,5.64824104309082
1982-11-11,5.542469024658203
1982-11-12,5.373230934143066
1982-11-15,5.203999042510986
1982-11-16,5.2251505851745605
1982-11-17,5.267457008361816
1982-11-18,5.373230934143066
1982-11-19,5.373230934143066
1982-11-22,5.267457008361816
1982-11-23,5.161686897277832
1982-11-24,5.1828436851501465
1982-11-26,5.1828436851501465
1982-11-29,5.161686897277832
1982-11-30,5.203999042510986
1982-12-01,5.3309245109558105
1982-12-02,5.3309245109558105
1982-12-03,5.3309245109558105
1982-12-06,5.394389629364014
1982-12-07,5.373230934143066
1982-12-08,5.267457008361816
1982-12-09,5.267457008361816
1982-12-10,5.1828436851501465
1982-12-13,5.2463059425354
1982-12-14,5.1828436851501465
1982-12-15,5.161686897277832
1982-12-16,5.2251505851745605
1982-12-17,5.2463059425354
1982-12-20,5.1828436851501465
1982-12-21,5.267457008361816
1982-12-22,5.2251505851745605
1982-12-23,5.267457008361816
1982-12-27,5.267457008361816
1982-12-28,5.2251505851745605
1982-12-29,5.2463059425354
1982-12-30,5.203999042510986
1982-12-31,5.2251505851745605
1983-01-03,5.203999042510986
1983-01-04,5.161686897277832
1983-01-05,5.161686897277832
1983-01-06,5.2463059425354
1983-01-07,5.563621997833252
1983-01-10,5.584775447845459
1983-01-11,5.542469024658203
1983-01-12,5.690547943115234
1983-01-13,5.732856750488281
1983-01-14,5.817476749420166
1983-01-17,5.690547943115234
1983-01-18,5.732856750488281
1983-01-19,5.711701393127441
1983-01-20,5.66939640045166
1983-01-21,5.732856750488281
1983-01-24,5.4155426025390625
1983-01-25,5.140533447265625
1983-01-26,5.161686897277832
1983-01-27,5.267457008361816
1983-01-28,5.2251505851745605
1983-01-31,5.2251505851745605
1983-02-01,5.1828436851501465
1983-02-02,5.203999042510986
1983-02-03,5.30977201461792
1983-02-04,5.3309245109558105
1983-02-07,5.267457008361816
1983-02-08,5.1828436851501465
1983-02-09,5.288613319396973
1983-02-10,5.394389629364014
1983-02-11,5.394389629364014
1983-02-14,5.436695575714111
1983-02-15,5.4155426025390625
1983-02-16,5.373230934143066
1983-02-17,5.4155426025390625
1983-02-18,5.5213165283203125
1983-02-22,5.4578471183776855
1983-02-23,5.436695575714111
1983-02-24,5.4578471183776855
1983-02-25,5.4578471183776855
1983-02-28,5.436695575714111
1983-03-01,5.4578471183776855
1983-03-02,5.4155426025390625
1983-03-03,5.436695575714111
1983-03-04,5.4155426025390625
1983-03-07,5.4155426025390625
1983-03-08,5.4155426025390625
1983-03-09,5.66939640045166
1983-03-10,5.8386335372924805
1983-03-11,5.754013538360596
1983-03-14,5.8386335372924805
1983-03-15,5.880940914154053
1983-03-16,5.965557098388672
1983-03-17,5.8386335372924805
1983-03-18,5.796321868896484
1983-03-21,5.796321868896484
1983-03-22,5.754013538360596
1983-03-23,5.8386335372924805
1983-03-24,5.817476749420166
1983-03-25,5.817476749420166
1983-03-28,5.754013538360596
1983-03-29,5.754013538360596
1983-03-30,5.754013538360596
1983-03-31,5.711701393127441
1983-04-04,5.605927467346191
1983-04-05,5.66939640045166
1983-04-06,5.711701393127441
1983-04-07,5.796321868896484
1983-04-08,5.8386335372924805
1983-04-11,5.754013538360596
1983-04-12,5.64824104309082
1983-04-13,5.64824104309082
1983-04-14,5.92324686050415
1983-04-15,6.15594482421875
1983-04-18,6.325185298919678
1983-04-19,6.325185298919678
1983-04-20,6.240565299987793
1983-04-21,6.177102088928223
1983-04-22,6.388646602630615
1983-04-25,6.4309539794921875
1983-04-26,6.494419574737549
1983-04-27,6.4309539794921875
1983-04-28,6.473261833190918
1983-04-29,6.473261833190918
1983-05-02,6.304027080535889
1983-05-03,6.409801483154297
1983-05-04,6.621343612670898
1983-05-05,6.790580749511719
1983-05-06,6.917507648468018
1983-05-09,6.938662528991699
1983-05-10,7.192516326904297
1983-05-11,7.404059886932373
1983-05-12,7.2982869148254395
1983-05-13,7.404059886932373
1983-05-16,7.213666915893555
1983-05-17,7.213666915893555
1983-05-18,7.2348222732543945
1983-05-19,7.2348222732543945
1983-05-20,7.129052639007568
1983-05-23,7.277129650115967
1983-05-24,7.53098201751709
1983-05-25,7.53098201751709
1983-05-26,7.552142143249512
1983-05-27,7.784841537475586
1983-05-31,7.636757850646973
1983-06-01,7.657915115356445
1983-06-02,7.509835720062256
1983-06-03,7.4463701248168945
1983-06-06,7.488679885864258
1983-06-07,7.425212383270264
1983-06-08,7.277129650115967
1983-06-09,7.107897758483887
1983-06-10,7.2348222732543945
1983-06-13,7.319445610046387
1983-06-14,7.404059886932373
1983-06-15,7.488679885864258
1983-06-16,7.594445705413818
1983-06-17,7.552142143249512
1983-06-20,7.488679885864258
1983-06-21,7.53098201751709
1983-06-22,7.509835720062256
1983-06-23,7.488679885864258
1983-06-24,7.4463701248168945
1983-06-27,7.425212383270264
1983-06-28,7.467520713806152
1983-06-29,7.425212383270264
1983-06-30,7.404059886932373
1983-07-01,7.404059886932373
1983-07-05,7.319445610046387
1983-07-06,7.277129650115967
1983-07-07,7.2348222732543945
1983-07-08,7.277129650115967
1983-07-11,7.2559814453125
1983-07-12,7.192516326904297
1983-07-13,7.107897758483887
1983-07-14,7.192516326904297
1983-07-15,6.938662528991699
1983-07-18,6.917507648468018
1983-07-19,6.896356105804443
1983-07-20,7.02327823638916
1983-07-21,7.107897758483887
1983-07-22,7.086740016937256
1983-07-25,7.129052639007568
1983-07-26,7.171358108520508
1983-07-27,7.06558895111084
1983-07-28,7.04443359375
1983-07-29,7.002125263214111
1983-08-01,6.938662528991699
1983-08-02,6.811733245849609
1983-08-03,6.727115631103516
1983-08-04,6.70596170425415
1983-08-05,6.748270034790039
1983-08-08,6.748270034790039
1983-08-09,6.6424994468688965
1983-08-10,6.600193023681641
1983-08-11,6.663653373718262
1983-08-12,6.70596170425415
1983-08-15,6.727115631103516
1983-08-16,6.769427299499512
1983-08-17,6.790580749511719
1983-08-18,6.70596170425415
1983-08-19,6.748270034790039
1983-08-22,6.769427299499512
1983-08-23,6.769427299499512
1983-08-24,6.790580749511719
1983-08-25,6.769427299499512
1983-08-26,6.769427299499512
1983-08-29,6.748270034790039
1983-08-30,6.748270034790039
1983-08-31,6.875198841094971
1983-09-01,6.917507648468018
1983-09-02,7.02327823638916
1983-09-06,7.02327823638916
1983-09-07,7.150210380554199
1983-09-08,7.2348222732543945
1983-09-09,7.404059886932373
1983-09-12,7.319445610046387
1983-09-13,7.361749649047852
1983-09-14,7.277129650115967
1983-09-15,6.959817886352539
1983-09-16,7.129052639007568
1983-09-19,7.319445610046387
1983-09-20,7.319445610046387
1983-09-21,7.2559814453125
1983-09-22,7.53098201751709
1983-09-23,7.573291301727295
1983-09-26,7.53098201751709
1983-09-27,7.4463701248168945
1983-09-28,7.361749649047852
1983-09-29,7.404059886932373
1983-09-30,7.277129650115967
1983-10-03,7.361749649047852
1983-10-04,7.361749649047852
1983-10-05,7.361749649047852
1983-10-06,7.361749649047852
1983-10-07,7.2348222732543945
1983-10-10,7.277129650115967
1983-10-11,7.150210380554199
1983-10-12,7.129052639007568
1983-10-13,7.192516326904297
1983-10-14,7.340597152709961
1983-10-17,7.361749649047852
1983-10-18,7.319445610046387
1983-10-19,7.2982869148254395
1983-10-20,7.319445610046387
1983-10-21,7.2982869148254395
1983-10-24,7.277129650115967
1983-10-25,7.425212383270264
1983-10-26,7.361749649047852
1983-10-27,7.382907390594482
1983-10-28,7.2982869148254395
1983-10-31,7.2348222732543945
1983-11-01,7.319445610046387
1983-11-02,7.53098201751709
1983-11-03,7.700226306915283
1983-11-04,7.763685703277588
1983-11-07,7.7425312995910645
1983-11-08,7.700226306915283
1983-11-09,7.721376419067383
1983-11-10,7.954073429107666
1983-11-11,8.207931518554688
1983-11-14,8.186774253845215
1983-11-15,8.059846878051758
1983-11-16,8.038694381713867
1983-11-17,8.123311042785645
1983-11-18,8.10215950012207
1983-11-21,8.10215950012207
1983-11-22,8.229083061218262
1983-11-23,8.229083061218262
1983-11-25,8.271395683288574
1983-11-28,8.229083061218262
1983-11-29,8.207931518554688
1983-11-30,8.250237464904785
1983-12-01,8.271395683288574
1983-12-02,8.250237464904785
1983-12-05,8.229083061218262
1983-12-06,8.313697814941406
1983-12-07,8.356006622314453
1983-12-08,8.292550086975098
1983-12-09,8.292550086975098
1983-12-12,8.292550086975098
1983-12-13,8.229083061218262
1983-12-14,8.165620803833008
1983-12-15,8.038694381713867
1983-12-16,8.017537117004395
1983-12-19,8.059846878051758
1983-12-20,8.081002235412598
1983-12-21,8.14447021484375
1983-12-22,8.059846878051758
1983-12-23,8.017537117004395
1983-12-27,7.97523307800293
1983-12-28,7.911769390106201
1983-12-29,7.911769390106201
1983-12-30,7.932920455932617
1984-01-03,7.848304271697998
1984-01-04,8.059846878051758
1984-01-05,8.207931518554688
1984-01-06,8.398319244384766
1984-01-09,8.334856986999512
1984-01-10,8.186774253845215
1984-01-11,8.229083061218262
1984-01-12,8.334856986999512
1984-01-13,8.313697814941406
1984-01-16,8.271395683288574
1984-01-17,8.356006622314453
1984-01-18,8.631019592285156
1984-01-19,8.757946968078613
1984-01-20,8.588713645935059
1984-01-23,8.588713645935059
1984-01-24,8.67332649230957
1984-01-25,8.800256729125977
1984-01-26,8.969491004943848
1984-01-27,9.159880638122559
1984-01-30,8.800256729125977
1984-01-31,8.8214111328125
1984-02-01,8.779099464416504
1984-02-02,8.67332649230957
1984-02-03,8.652170181274414
1984-02-06,8.5040922164917
1984-02-07,8.398319244384766
1984-02-08,8.165620803833008
1984-02-09,8.10215950012207
1984-02-10,8.250237464904785
1984-02-13,8.229083061218262
1984-02-14,8.271395683288574
1984-02-15,8.334856986999512
1984-02-16,8.356006622314453
1984-02-17,8.14447021484375
1984-02-21,7.954073429107666
1984-02-22,7.911769390106201
1984-02-23,7.890614032745361
1984-02-24,8.250237464904785
1984-02-27,8.377161026000977
1984-02-28,8.271395683288574
1984-02-29,8.207931518554688
1984-03-01,8.250237464904785
1984-03-02,8.250237464904785
1984-03-05,8.250237464904785
1984-03-06,8.250237464904785
1984-03-07,8.038694381713867
1984-03-08,8.017537117004395
1984-03-09,7.784841537475586
1984-03-12,7.911769390106201
1984-03-13,8.038694381713867
1984-03-14,8.081002235412598
1984-03-15,8.123311042785645
1984-03-16,8.313697814941406
1984-03-19,8.207931518554688
1984-03-20,8.10215950012207
1984-03-21,8.059846878051758
1984-03-22,7.954073429107666
1984-03-23,7.97523307800293
1984-03-26,7.954073429107666
1984-03-27,7.911769390106201
1984-03-28,7.954073429107666
1984-03-29,7.954073429107666
1984-03-30,7.848304271697998
1984-04-02,7.805992126464844
1984-04-03,7.7425312995910645
1984-04-04,7.636757850646973
1984-04-05,7.573291301727295
1984-04-06,7.636757850646973
1984-04-09,7.615604400634766
1984-04-10,7.784841537475586
1984-04-11,7.721376419067383
1984-04-12,7.99638557434082
1984-04-13,8.038694381713867
1984-04-16,8.038694381713867
1984-04-17,8.10215950012207
1984-04-18,7.97523307800293
1984-04-19,7.869466304779053
1984-04-23,7.657915115356445
1984-04-24,7.594445705413818
1984-04-25,7.657915115356445
1984-04-26,7.657915115356445
1984-04-27,7.615604400634766
1984-04-30,7.636757850646973
1984-05-01,7.657915115356445
1984-05-02,7.552142143249512
1984-05-03,7.488679885864258
1984-05-04,7.4463701248168945
1984-05-07,7.467520713806152
1984-05-08,7.636757850646973
1984-05-09,7.594445705413818
1984-05-10,7.573291301727295
1984-05-11,7.467520713806152
1984-05-14,7.425212383270264
1984-05-15,7.425212383270264
1984-05-16,7.404059886932373
1984-05-17,7.319445610046387
1984-05-18,7.2348222732543945
1984-05-21,7.04443359375
1984-05-22,6.980968952178955
1984-05-23,6.980968952178955
1984-05-24,7.086740016937256
1984-05-25,7.086740016937256
1984-05-29,7.107897758483887
1984-05-30,7.192516326904297
1984-05-31,7.171358108520508
1984-06-01,7.361749649047852
1984-06-04,7.382907390594482
1984-06-05,7.382907390594482
1984-06-06,7.4463701248168945
1984-06-07,7.425212383270264
1984-06-08,7.425212383270264
1984-06-11,7.404059886932373
1984-06-12,7.361749649047852
1984-06-13,7.382907390594482
1984-06-14,7.2982869148254395
1984-06-15,7.361749649047852
1984-06-18,7.4463701248168945
1984-06-19,7.425212383270264
1984-06-20,7.509835720062256
1984-06-21,7.700226306915283
1984-06-22,7.805992126464844
1984-06-25,7.784841537475586
1984-06-26,7.7425312995910645
1984-06-27,7.721376419067383
1984-06-28,7.827149391174316
1984-06-29,7.890614032745361
1984-07-02,7.784841537475586
1984-07-03,7.784841537475586
1984-07-05,7.700226306915283
1984-07-06,7.7425312995910645
1984-07-09,7.552142143249512
1984-07-10,7.594445705413818
1984-07-11,7.53098201751709
1984-07-12,7.467520713806152
1984-07-13,7.467520713806152
1984-07-16,7.4463701248168945
1984-07-17,7.319445610046387
1984-07-18,7.340597152709961
1984-07-19,7.2982869148254395
1984-07-20,7.129052639007568
1984-07-23,7.04443359375
1984-07-24,6.896356105804443
1984-07-25,6.938662528991699
1984-07-26,7.02327823638916
1984-07-27,7.213666915893555
1984-07-30,7.213666915893555
1984-07-31,7.277129650115967
1984-08-01,7.53098201751709
1984-08-02,7.721376419067383
1984-08-03,8.46178913116455
1984-08-06,8.229083061218262
1984-08-07,8.017537117004395
1984-08-08,7.827149391174316
1984-08-09,7.869466304779053
1984-08-10,8.059846878051758
1984-08-13,8.10215950012207
1984-08-14,8.081002235412598
1984-08-15,8.10215950012207
1984-08-16,8.10215950012207
1984-08-17,8.017537117004395
1984-08-20,8.059846878051758
1984-08-21,8.10215950012207
1984-08-22,8.10215950012207
1984-08-23,8.059846878051758
1984-08-24,8.081002235412598
1984-08-27,7.932920455932617
1984-08-28,7.890614032745361
1984-08-29,7.954073429107666
1984-08-30,7.97523307800293
1984-08-31,7.99638557434082
1984-09-04,7.97523307800293
1984-09-05,7.99638557434082
1984-09-06,8.017537117004395
1984-09-07,7.954073429107666
1984-09-10,7.827149391174316
1984-09-11,7.890614032745361
1984-09-12,7.7425312995910645
1984-09-13,7.763685703277588
1984-09-14,7.99638557434082
1984-09-17,8.14447021484375
1984-09-18,8.165620803833008
1984-09-19,8.123311042785645
1984-09-20,8.165620803833008
1984-09-21,8.10215950012207
1984-09-24,8.10215950012207
1984-09-25,8.165620803833008
1984-09-26,8.14447021484375
1984-09-27,8.229083061218262
1984-09-28,8.250237464904785
1984-10-01,8.229083061218262
1984-10-02,8.229083061218262
1984-10-03,8.207931518554688
1984-10-04,8.229083061218262
1984-10-05,8.14447021484375
1984-10-08,8.081002235412598
1984-10-09,8.081002235412598
1984-10-10,8.059846878051758
1984-10-11,8.10215950012207
1984-10-12,8.165620803833008
1984-10-15,8.229083061218262
1984-10-16,8.229083061218262
1984-10-17,8.229083061218262
1984-10-18,8.377161026000977
1984-10-19,8.46178913116455
1984-10-22,8.398319244384766
1984-10-23,8.313697814941406
1984-10-24,8.334856986999512
1984-10-25,8.334856986999512
1984-10-26,8.292550086975098
1984-10-29,8.229083061218262
1984-10-30,8.229083061218262
1984-10-31,8.165620803833008
1984-11-01,8.271395683288574
1984-11-02,8.419475555419922
1984-11-05,8.482937812805176
1984-11-06,8.56755256652832
1984-11-07,8.440631866455078
1984-11-08,8.398319244384766
1984-11-09,8.377161026000977
1984-11-12,8.356006622314453
1984-11-13,8.356006622314453
1984-11-14,8.334856986999512
1984-11-15,8.292550086975098
1984-11-16,8.271395683288574
1984-11-19,8.207931518554688
1984-11-20,8.207931518554688
1984-11-21,8.14447021484375
1984-11-23,8.313697814941406
1984-11-26,8.419475555419922
1984-11-27,8.419475555419922
1984-11-28,8.398319244384766
1984-11-29,8.313697814941406
1984-11-30,8.292550086975098
1984-12-03,8.292550086975098
1984-12-04,8.271395683288574
1984-12-05,8.229083061218262
1984-12-06,8.313697814941406
1984-12-07,8.356006622314453
1984-12-10,8.46178913116455
1984-12-11,8.652170181274414
1984-12-12,8.652170181274414
1984-12-13,8.525248527526855
1984-12-14,8.5040922164917
1984-12-17,8.398319244384766
1984-12-18,8.631019592285156
1984-12-19,8.779099464416504
1984-12-20,8.694480895996094
1984-12-21,8.46178913116455
1984-12-24,8.440631866455078
1984-12-26,8.440631866455078
1984-12-27,8.419475555419922
1984-12-28,8.46178913116455
1984-12-31,8.54639720916748
1985-01-02,8.46178913116455
1985-01-03,8.482937812805176
1985-01-04,8.482937812805176
1985-01-07,8.356006622314453
1985-01-08,8.292550086975098
1985-01-09,8.46178913116455
1985-01-10,8.588713645935059
1985-01-11,8.482937812805176
1985-01-14,8.588713645935059
1985-01-15,8.250237464904785
1985-01-16,8.419475555419922
1985-01-17,8.419475555419922
1985-01-18,8.440631866455078
1985-01-21,8.525248527526855
1985-01-22,8.525248527526855
1985-01-23,8.694480895996094
1985-01-24,8.863714218139648
1985-01-25,9.138729095458984
1985-01-28,9.26564884185791
1985-01-29,9.30795955657959
1985-01-30,9.159880638122559
1985-01-31,8.609865188598633
1985-02-01,8.736791610717773
1985-02-04,8.757946968078613
1985-02-05,8.715633392333984
1985-02-06,8.715633392333984
1985-02-07,8.800256729125977
1985-02-08,8.67332649230957
1985-02-11,8.54639720916748
1985-02-12,8.54639720916748
1985-02-13,8.715633392333984
1985-02-14,8.779099464416504
1985-02-15,8.8214111328125
1985-02-19,9.011801719665527
1985-02-20,9.011801719665527
1985-02-21,8.969491004943848
1985-02-22,8.88487434387207
1985-02-25,8.736791610717773
1985-02-26,8.757946968078613
1985-02-27,8.715633392333984
1985-02-28,8.67332649230957
1985-03-01,8.757946968078613
1985-03-04,8.609865188598633
1985-03-05,8.525248527526855
1985-03-06,8.46178913116455
1985-03-07,8.398319244384766
1985-03-08,8.525248527526855
1985-03-11,8.440631866455078
1985-03-12,8.54639720916748
1985-03-13,8.67332649230957
1985-03-14,8.67332649230957
1985-03-15,8.631019592285156
1985-03-18,8.46178913116455
1985-03-19,8.715633392333984
1985-03-20,8.694480895996094
1985-03-21,8.779099464416504
1985-03-22,8.927178382873535
1985-03-25,8.8214111328125
1985-03-26,8.800256729125977
1985-03-27,8.88487434387207
1985-03-28,8.948330879211426
1985-03-29,8.969491004943848
1985-04-01,9.075260162353516
1985-04-02,9.117573738098145
1985-04-03,9.054104804992676
1985-04-04,8.969491004943848
1985-04-08,8.906023025512695
1985-04-09,8.863714218139648
1985-04-10,8.88487434387207
1985-04-11,8.842565536499023
1985-04-12,8.842565536499023
1985-04-15,8.800256729125977
1985-04-16,8.779099464416504
1985-04-17,8.842565536499023
1985-04-18,8.842565536499023
1985-04-19,8.906023025512695
1985-04-22,8.927178382873535
1985-04-23,8.927178382873535
1985-04-24,8.990647315979004
1985-04-25,8.990647315979004
1985-04-26,9.054104804992676
1985-04-29,8.990647315979004
1985-04-30,8.990647315979004
1985-05-01,9.054104804992676
1985-05-02,9.032947540283203
1985-05-03,8.927178382873535
1985-05-06,8.927178382873535
1985-05-07,8.948330879211426
1985-05-08,8.863714218139648
1985-05-09,8.88487434387207
1985-05-10,9.054104804992676
1985-05-13,9.054104804992676
1985-05-14,9.202190399169922
1985-05-15,9.244494438171387
1985-05-16,9.329115867614746
1985-05-17,9.456047058105469
1985-05-20,9.477197647094727
1985-05-21,9.582969665527344
1985-05-22,9.561819076538086
1985-05-23,9.519505500793457
1985-05-24,9.519505500793457
1985-05-28,9.582969665527344
1985-05-29,9.6464262008667
1985-05-30,9.688741683959961
1985-05-31,9.709896087646484
1985-06-03,9.604120254516602
1985-06-04,9.667587280273438
1985-06-05,9.752206802368164
1985-06-06,9.752206802368164
1985-06-07,9.73104476928711
1985-06-10,9.773360252380371
1985-06-11,9.8579740524292
1985-06-12,9.836825370788574
1985-06-13,9.582969665527344
1985-06-14,9.6464262008667
1985-06-17,9.519505500793457
1985-06-18,9.688741683959961
1985-06-19,9.836825370788574
1985-06-20,9.815665245056152
1985-06-21,9.942597389221191
1985-06-24,9.942597389221191
1985-06-25,9.96374797821045
1985-06-26,9.96374797821045
1985-06-27,9.942597389221191
1985-06-28,10.069523811340332
1985-07-01,9.942597389221191
1985-07-02,9.8579740524292
1985-07-03,9.8579740524292
1985-07-05,10.154141426086426
1985-07-08,10.111838340759277
1985-07-09,10.006054878234863
1985-07-10,10.006054878234863
1985-07-11,10.006054878234863
1985-07-12,10.027212142944336
1985-07-15,10.048364639282227
1985-07-16,10.090677261352539
1985-07-17,10.154141426086426
1985-07-18,10.111838340759277
1985-07-19,10.111838340759277
1985-07-22,9.96374797821045
1985-07-23,9.8579740524292
1985-07-24,9.836825370788574
1985-07-25,9.8579740524292
1985-07-26,9.794515609741211
1985-07-29,9.667587280273438
1985-07-30,9.582969665527344
1985-07-31,9.73104476928711
1985-08-01,9.773360252380371
1985-08-02,9.773360252380371
1985-08-05,9.73104476928711
1985-08-06,9.625274658203125
1985-08-07,9.73104476928711
1985-08-08,9.73104476928711
1985-08-09,9.836825370788574
1985-08-12,9.921441078186035
1985-08-13,9.879133224487305
1985-08-14,10.027212142944336
1985-08-15,10.111838340759277
1985-08-16,9.984899520874023
1985-08-19,9.879133224487305
1985-08-20,9.879133224487305
1985-08-21,9.900287628173828
1985-08-22,9.582969665527344
1985-08-23,9.709896087646484
1985-08-26,9.667587280273438
1985-08-27,9.6464262008667
1985-08-28,9.688741683959961
1985-08-29,9.815665245056152
1985-08-30,9.942597389221191
1985-09-03,9.879133224487305
1985-09-04,9.900287628173828
1985-09-05,10.027212142944336
1985-09-06,10.069523811340332
1985-09-09,9.96374797821045
1985-09-10,9.879133224487305
1985-09-11,9.794515609741211
1985-09-12,9.688741683959961
1985-09-13,9.54066276550293
1985-09-16,9.413734436035156
1985-09-17,9.138729095458984
1985-09-18,9.159880638122559
1985-09-19,9.244494438171387
1985-09-20,9.30795955657959
1985-09-23,9.477197647094727
1985-09-24,9.392580032348633
1985-09-25,9.28680419921875
1985-09-26,9.202190399169922
1985-09-30,9.032947540283203
1985-10-01,9.054104804992676
1985-10-02,9.011801719665527
1985-10-03,8.842565536499023
1985-10-04,8.863714218139648
1985-10-07,8.631019592285156
1985-10-08,8.715633392333984
1985-10-09,8.969491004943848
1985-10-10,9.223341941833496
1985-10-11,9.350275039672852
1985-10-14,9.434886932373047
1985-10-15,9.434886932373047
1985-10-16,9.498350143432617
1985-10-17,9.561819076538086
1985-10-18,9.498350143432617
1985-10-21,9.477197647094727
1985-10-22,9.434886932373047
1985-10-23,9.434886932373047
1985-10-24,9.37142562866211
1985-10-25,9.413734436035156
1985-10-28,9.329115867614746
1985-10-29,9.244494438171387
1985-10-30,9.519505500793457
1985-10-31,9.477197647094727
1985-11-01,10.090677261352539
1985-11-04,10.027212142944336
1985-11-05,9.942597389221191
1985-11-06,10.450301170349121
1985-11-07,10.323373794555664
1985-11-08,10.238757133483887
1985-11-11,10.386837005615234
1985-11-12,10.28106689453125
1985-11-13,10.302225112915039
1985-11-14,10.323373794555664
1985-11-15,10.323373794555664
1985-11-18,10.598380088806152
1985-11-19,10.556077003479004
1985-11-20,10.429147720336914
1985-11-21,10.746461868286133
1985-11-22,10.936853408813477
1985-11-25,10.915694236755371
1985-11-26,11.127243995666504
1985-11-27,10.894542694091797
1985-11-29,10.831085205078125
1985-12-02,10.302225112915039
1985-12-03,10.344533920288086
1985-12-04,10.47146224975586
1985-12-05,10.407998085021973
1985-12-06,10.386837005615234
1985-12-09,10.429147720336914
1985-12-10,10.323373794555664
1985-12-11,10.386837005615234
1985-12-12,10.429147720336914
1985-12-13,10.4926118850708
1985-12-16,10.534914016723633
1985-12-17,10.429147720336914
1985-12-18,10.429147720336914
1985-12-19,10.47146224975586
1985-12-20,10.344533920288086
1985-12-23,10.132978439331055
1985-12-24,10.048364639282227
1985-12-26,10.132978439331055
1985-12-27,10.111838340759277
1985-12-30,10.111838340759277
1985-12-31,10.154141426086426
1986-01-02,10.17529582977295
1986-01-03,10.302225112915039
1986-01-06,10.323373794555664
1986-01-07,10.746461868286133
1986-01-08,10.577226638793945
1986-01-09,10.450301170349121
1986-01-10,10.344533920288086
1986-01-13,10.323373794555664
1986-01-14,10.323373794555664
1986-01-15,10.513763427734375
1986-01-16,10.704158782958984
1986-01-17,10.767622947692871
1986-01-20,11.042633056640625
1986-01-21,10.915694236755371
1986-01-22,10.915694236755371
1986-01-23,10.915694236755371
1986-01-24,11.084938049316406
1986-01-27,11.106091499328613
1986-01-28,11.148396492004395
1986-01-29,11.33879280090332
1986-01-30,11.211854934692383
1986-01-31,11.148396492004395
1986-02-03,11.211854934692383
1986-02-04,11.381095886230469
1986-02-05,11.508027076721191
1986-02-06,12.142655372619629
1986-02-07,12.523430824279785
1986-02-10,12.375353813171387
1986-02-11,12.608054161071777
1986-02-12,13.052297592163086
1986-02-13,13.200386047363281
1986-02-14,13.136919021606445
1986-02-18,13.094600677490234
1986-02-19,12.988839149475098
1986-02-20,12.883063316345215
1986-02-21,12.946523666381836
1986-02-24,12.925372123718262
1986-02-25,12.756145477294922
1986-02-26,12.608054161071777
1986-02-27,12.608054161071777
1986-02-28,13.031137466430664
1986-03-03,13.031137466430664
1986-03-04,12.861907958984375
1986-03-05,12.734990119934082
1986-03-06,12.861907958984375
1986-03-07,12.861907958984375
1986-03-10,12.946523666381836
1986-03-11,13.07345962524414
1986-03-12,13.07345962524414
1986-03-13,13.284998893737793
1986-03-14,13.496540069580078
1986-03-17,13.22154426574707
1986-03-18,13.07345962524414
1986-03-19,12.861907958984375
1986-03-20,12.904213905334473
1986-03-21,12.967682838439941
1986-03-24,13.00998592376709
1986-03-25,12.756145477294922
1986-03-26,12.904213905334473
1986-03-27,12.967682838439941
1986-03-31,12.861907958984375
1986-04-01,12.629204750061035
1986-04-02,12.586905479431152
1986-04-03,12.354204177856445
1986-04-04,12.058034896850586
1986-04-07,11.8464937210083
1986-04-08,12.079190254211426
1986-04-09,12.036893844604492
1986-04-10,12.058034896850586
1986-04-11,12.163816452026367
1986-04-14,12.650370597839355
1986-04-15,12.671517372131348
1986-04-16,12.650370597839355
1986-04-17,12.502281188964844
1986-04-18,12.586905479431152
1986-04-21,12.608054161071777
1986-04-22,12.544588088989258
1986-04-23,12.248429298400879
1986-04-24,12.269591331481934
1986-04-25,12.248429298400879
1986-04-28,12.227273941040039
1986-04-29,12.079190254211426
1986-04-30,11.8464937210083
1986-05-01,11.973419189453125
1986-05-02,12.142655372619629
1986-05-05,12.142655372619629
1986-05-06,12.184959411621094
1986-05-07,11.952264785766602
1986-05-08,12.036893844604492
1986-05-09,12.015729904174805
1986-05-12,11.952264785766602
1986-05-13,11.761881828308105
1986-05-14,11.656103134155273
1986-05-15,11.88880729675293
1986-05-16,11.804184913635254
1986-05-19,11.719575881958008
1986-05-20,11.804184913635254
1986-05-21,11.931114196777344
1986-05-22,12.269591331481934
1986-05-23,12.523430824279785
1986-05-27,12.692676544189453
1986-05-28,12.629204750061035
1986-05-29,12.650370597839355
1986-05-30,12.417664527893066
1986-06-02,12.417664527893066
1986-06-03,12.354204177856445
1986-06-04,12.502281188964844
1986-06-05,12.692676544189453
1986-06-06,12.79845142364502
1986-06-09,12.481130599975586
1986-06-10,12.184959411621094
1986-06-11,12.459973335266113
1986-06-12,12.56574535369873
1986-06-13,12.861907958984375
1986-06-16,12.861907958984375
1986-06-17,12.925372123718262
1986-06-18,12.79845142364502
1986-06-19,12.840754508972168
1986-06-20,12.861907958984375
1986-06-23,12.883063316345215
1986-06-24,13.115758895874023
1986-06-25,13.031137466430664
1986-06-26,12.840754508972168
1986-06-27,12.861907958984375
1986-06-30,12.861907958984375
1986-07-01,12.925372123718262
1986-07-02,13.771547317504883
1986-07-03,13.602316856384277
1986-07-07,13.263833999633789
1986-07-08,13.031137466430664
1986-07-09,13.031137466430664
1986-07-10,12.988839149475098
1986-07-11,13.07345962524414
1986-07-14,12.967682838439941
1986-07-15,12.586905479431152
1986-07-16,12.77729320526123
1986-07-17,14.385032653808594
1986-07-18,13.96193790435791
1986-07-21,13.56000804901123
1986-07-22,13.623466491699219
1986-07-23,14.13117790222168
1986-07-24,14.13117790222168
1986-07-25,14.279261589050293
1986-07-28,14.110027313232422
1986-07-29,13.792712211608887
1986-07-30,13.940793991088867
1986-07-31,13.623466491699219
1986-08-01,13.729236602783203
1986-08-04,13.792712211608887
1986-08-05,13.983098030090332
1986-08-06,14.004250526428223
1986-08-07,14.511962890625
1986-08-08,14.74466323852539
1986-08-11,14.935041427612305
1986-08-12,14.892740249633789
1986-08-13,14.892740249633789
1986-08-14,14.892740249633789
1986-08-15,14.850424766540527
1986-08-18,14.892740249633789
1986-08-19,14.78696346282959
1986-08-20,14.850424766540527
1986-08-21,15.167741775512695
1986-08-22,15.400452613830566
1986-08-25,15.125426292419434
1986-08-26,15.06196403503418
1986-08-27,14.850424766540527
1986-08-28,14.74466323852539
1986-08-29,14.935041427612305
1986-09-02,14.850424766540527
1986-09-03,14.808119773864746
1986-09-04,14.956201553344727
1986-09-05,14.850424766540527
1986-09-08,14.554259300231934
1986-09-09,14.385032653808594
1986-09-10,14.258105278015137
1986-09-11,13.792712211608887
1986-09-12,13.115758895874023
1986-09-15,12.904213905334473
1986-09-16,13.602316856384277
1986-09-17,13.517694473266602
1986-09-18,13.454231262207031
1986-09-19,13.475387573242188
1986-09-22,14.0888671875
1986-09-23,14.1946439743042
1986-09-24,14.0888671875
1986-09-25,13.70809268951416
1986-09-26,13.750397682189941
1986-09-29,13.475387573242188
1986-09-30,13.813859939575195
1986-10-01,14.004250526428223
1986-10-02,14.0888671875
1986-10-03,13.940793991088867
1986-10-06,14.04655647277832
1986-10-07,14.004250526428223
1986-10-08,14.342716217041016
1986-10-09,14.490798950195312
1986-10-10,14.42733383178711
1986-10-13,14.42733383178711
1986-10-14,14.511962890625
1986-10-15,14.977359771728516
1986-10-16,14.87158489227295
1986-10-17,14.765814781188965
1986-10-20,14.490798950195312
1986-10-21,14.279261589050293
1986-10-22,14.300420761108398
1986-10-23,14.511962890625
1986-10-24,14.385032653808594
1986-10-27,14.342716217041016
1986-10-28,14.74466323852539
1986-10-29,14.91389274597168
1986-10-30,14.935041427612305
1986-10-31,14.829273223876953
1986-11-03,15.019671440124512
1986-11-04,14.998514175415039
1986-11-05,14.892740249633789
1986-11-06,14.808119773864746
1986-11-07,14.74466323852539
1986-11-10,14.977359771728516
1986-11-11,14.935041427612305
1986-11-12,14.935041427612305
1986-11-13,14.850424766540527
1986-11-14,14.681194305419922
1986-11-17,14.596573829650879
1986-11-18,14.13117790222168
1986-11-19,14.342716217041016
1986-11-20,14.42733383178711
1986-11-21,14.4061861038208
1986-11-24,14.660039901733398
1986-11-25,14.554259300231934
1986-11-26,14.42733383178711
1986-11-28,14.363875389099121
1986-12-01,14.511962890625
1986-12-02,14.935041427612305
1986-12-03,14.850424766540527
1986-12-04,14.660039901733398
1986-12-05,14.829273223876953
1986-12-08,15.104284286499023
1986-12-09,14.765814781188965
1986-12-10,14.765814781188965
1986-12-11,14.681194305419922
1986-12-12,14.660039901733398
1986-12-15,14.660039901733398
1986-12-16,14.78696346282959
1986-12-17,14.575425148010254
1986-12-18,14.511962890625
1986-12-19,14.617727279663086
1986-12-22,14.448493957519531
1986-12-23,14.300420761108398
1986-12-24,14.258105278015137
1986-12-26,14.363875389099121
1986-12-29,14.363875389099121
1986-12-30,14.258105278015137
1986-12-31,14.236955642700195
1987-01-02,14.448493957519531
1987-01-05,15.06196403503418
1987-01-06,14.892740249633789
1987-01-07,15.104284286499023
1987-01-08,15.358139038085938
1987-01-09,15.358139038085938
1987-01-12,15.421592712402344
1987-01-13,15.400452613830566
1987-01-14,15.358139038085938
1987-01-15,15.675450325012207
1987-01-16,15.611984252929688
1987-01-19,15.442752838134766
1987-01-20,15.463902473449707
1987-01-21,15.167741775512695
1987-01-22,15.400452613830566
1987-01-23,15.654298782348633
1987-01-26,15.506217956542969
1987-01-27,16.331241607666016
1987-01-28,16.458166122436523
1987-01-29,16.162004470825195
1987-01-30,16.077388763427734
1987-02-02,16.47931480407715
1987-02-03,16.60624122619629
1987-02-04,16.838951110839844
1987-02-05,16.944725036621094
1987-02-06,17.219730377197266
1987-02-09,17.0081844329834
1987-02-10,16.817800521850586
1987-02-11,16.90240478515625
1987-02-12,16.9235782623291
1987-02-13,16.90240478515625
1987-02-17,17.240880966186523
1987-02-18,17.727428436279297
1987-02-19,17.706275939941406
1987-02-20,17.494731903076172
1987-02-23,17.579355239868164
1987-02-24,18.044757843017578
1987-02-25,17.89666175842285
1987-02-26,17.875516891479492
1987-02-27,17.43126678466797
1987-03-02,17.34665298461914
1987-03-03,17.156272888183594
1987-03-04,17.156272888183594
1987-03-05,16.944725036621094
1987-03-06,16.838951110839844
1987-03-09,16.47931480407715
1987-03-10,16.627395629882812
1987-03-11,16.20431900024414
1987-03-12,15.99277114868164
1987-03-13,16.331241607666016
1987-03-16,16.2889404296875
1987-03-17,16.331241607666016
1987-03-18,16.881263732910156
1987-03-19,17.34665298461914
1987-03-20,17.219730377197266
1987-03-23,17.388961791992188
1987-03-24,17.76974868774414
1987-03-25,17.388961791992188
1987-03-26,16.9235782623291
1987-03-27,16.754322052001953
1987-03-30,16.24662208557129
1987-03-31,16.37354850769043
1987-04-01,16.24662208557129
1987-04-02,16.37354850769043
1987-04-03,16.458166122436523
1987-04-06,16.807981491088867
1987-04-07,16.722660064697266
1987-04-08,16.509357452392578
1987-04-09,16.296058654785156
1987-04-10,16.210739135742188
1987-04-13,15.186899185180664
1987-04-14,14.5896635055542
1987-04-15,14.674983024597168
1987-04-16,14.760307312011719
1987-04-20,14.46168327331543
1987-04-21,14.888290405273438
1987-04-22,14.632332801818848
1987-04-23,14.760307312011719
1987-04-24,14.291038513183594
1987-04-27,14.035089492797852
1987-04-28,14.5896635055542
1987-04-29,14.41903018951416
1987-04-30,14.71764087677002
1987-05-01,14.547001838684082
1987-05-04,14.163064956665039
1987-05-05,14.376372337341309
1987-05-06,13.82179069519043
1987-05-07,13.608485221862793
1987-05-08,13.35252857208252
1987-05-11,12.968592643737793
1987-05-12,12.71263599395752
1987-05-13,12.58465576171875
1987-05-14,12.797955513000488
1987-05-15,12.499337196350098
1987-05-18,12.371352195739746
1987-05-19,12.62730884552002
1987-05-20,12.456674575805664
1987-05-21,12.669967651367188
1987-05-22,13.13923168182373
1987-05-26,13.437849044799805
1987-05-27,13.480508804321289
1987-05-28,13.309868812561035
1987-05-29,13.651147842407227
1987-06-01,14.376372337341309
1987-06-02,14.248384475708008
1987-06-03,13.651147842407227
1987-06-04,13.779132843017578
1987-06-05,14.077751159667969
1987-06-08,14.163064956665039
1987-06-09,13.907110214233398
1987-06-10,13.992427825927734
1987-06-11,14.077751159667969
1987-06-12,14.46168327331543
1987-06-15,14.973602294921875
1987-06-16,15.144245147705078
1987-06-17,14.973602294921875
1987-06-18,15.144245147705078
1987-06-19,15.101587295532227
1987-06-22,15.016265869140625
1987-06-23,14.973602294921875
1987-06-24,14.674983024597168
1987-06-25,14.674983024597168
1987-06-26,14.632332801818848
1987-06-29,14.376372337341309
1987-06-30,14.205730438232422
1987-07-01,14.077751159667969
1987-07-02,14.077751159667969
1987-07-06,14.25868034362793
1987-07-07,14.129439353942871
1987-07-08,14.430980682373047
1987-07-09,14.129439353942871
1987-07-10,13.957135200500488
1987-07-13,13.612505912780762
1987-07-14,13.655584335327148
1987-07-15,13.6986665725708
1987-07-16,13.784818649291992
1987-07-17,13.784818649291992
1987-07-20,14.086362838745117
1987-07-21,14.215592384338379
1987-07-22,14.301752090454102
1987-07-23,14.215592384338379
1987-07-24,14.387904167175293
1987-07-27,14.732523918151855
1987-07-28,15.2925443649292
1987-07-29,15.378693580627441
1987-07-30,15.809464454650879
1987-07-31,15.76638412475586
1987-08-03,15.507918357849121
1987-08-04,15.2925443649292
1987-08-05,15.98177433013916
1987-08-06,16.32639503479004
1987-08-07,16.455623626708984
1987-08-10,16.671022415161133
1987-08-11,16.843334197998047
1987-08-12,16.627931594848633
1987-08-13,16.41254425048828
1987-08-14,16.19717025756836
1987-08-17,16.240245819091797
1987-08-18,15.852545738220215
1987-08-19,16.111011505126953
1987-08-20,16.2833194732666
1987-08-21,16.49870491027832
1987-08-24,16.929479598999023
1987-08-25,16.929479598999023
1987-08-26,16.714099884033203
1987-08-27,16.41254425048828
1987-08-28,16.19717025756836
1987-08-31,16.024856567382812
1987-09-01,15.852545738220215
1987-09-02,15.507918357849121
1987-09-03,15.421758651733398
1987-09-04,15.163302421569824
1987-09-08,15.077142715454102
1987-09-09,14.904838562011719
1987-09-10,15.551005363464355
1987-09-11,15.89561653137207
1987-09-14,15.98177433013916
1987-09-15,15.594075202941895
1987-09-16,15.249458312988281
1987-09-17,15.335612297058105
1987-09-18,15.421758651733398
1987-09-21,15.2925443649292
1987-09-22,15.464837074279785
1987-09-23,15.421758651733398
1987-09-24,15.249458312988281
1987-09-25,14.990997314453125
1987-09-28,15.163302421569824
1987-09-29,15.077142715454102
1987-09-30,15.507918357849121
1987-10-01,15.852545738220215
1987-10-02,16.58486557006836
1987-10-05,16.723875045776367
1987-10-06,16.419797897338867
1987-10-07,16.33292007446289
1987-10-08,16.28947639465332
1987-10-09,16.028841018676758
1987-10-12,16.463232040405273
1987-10-13,16.550107955932617
1987-10-14,16.115724563598633
1987-10-15,15.898531913757324
1987-10-16,15.420711517333984
1987-10-19,11.858743667602539
1987-10-20,10.42526912689209
1987-10-21,11.641549110412598
1987-10-22,11.294045448303223
1987-10-23,11.120287895202637
1987-10-26,9.990876197814941
1987-10-27,9.513057708740234
1987-10-28,9.165549278259277
1987-10-29,9.469618797302246
1987-10-30,10.034319877624512
1987-11-02,9.947440147399902
1987-11-03,9.643373489379883
1987-11-04,9.513057708740234
1987-11-05,9.947440147399902
1987-11-06,9.860565185546875
1987-11-09,9.469618797302246
1987-11-10,9.295866012573242
1987-11-11,9.078668594360352
1987-11-12,9.33930492401123
1987-11-13,9.33930492401123
1987-11-16,9.252429008483887
1987-11-17,9.295866012573242
1987-11-18,9.426180839538574
1987-11-19,9.122112274169922
1987-11-20,8.861477851867676
1987-11-23,9.252429008483887
1987-11-24,9.382744789123535
1987-11-25,9.686811447143555
1987-11-27,9.382744789123535
1987-11-30,8.861477851867676
1987-12-01,8.904915809631348
1987-12-02,8.904915809631348
1987-12-03,8.166460037231445
1987-12-04,7.992705821990967
1987-12-07,7.862389087677002
1987-12-08,7.992705821990967
1987-12-09,8.166460037231445
1987-12-10,7.732071876525879
1987-12-11,7.688636779785156
1987-12-14,7.601754665374756
1987-12-15,7.949265956878662
1987-12-16,8.166460037231445
1987-12-17,8.209898948669434
1987-12-18,8.513970375061035
1987-12-21,8.904915809631348
1987-12-22,8.731160163879395
1987-12-23,8.904915809631348
1987-12-24,8.861477851867676
1987-12-28,8.340211868286133
1987-12-29,8.383647918701172
1987-12-30,8.600839614868164
1987-12-31,8.383647918701172
1988-01-04,8.966705322265625
1988-01-05,9.4967622756958
1988-01-06,9.4967622756958
1988-01-07,9.452588081359863
1988-01-08,8.922538757324219
1988-01-11,8.745848655700684
1988-01-12,8.657514572143555
1988-01-13,8.79002571105957
1988-01-14,8.87836742401123
1988-01-15,9.275907516479492
1988-01-18,9.364249229431152
1988-01-19,9.23173713684082
1988-01-20,8.745848655700684
1988-01-21,8.701683044433594
1988-01-22,9.187565803527832
1988-01-25,9.23173713684082
1988-01-26,8.922538757324219
1988-01-27,9.364249229431152
1988-01-28,9.717612266540527
1988-01-29,9.894304275512695
1988-02-01,9.761789321899414
1988-02-02,10.026809692382812
1988-02-03,9.894304275512695
1988-02-04,9.982647895812988
1988-02-05,10.026809692382812
1988-02-08,9.850132942199707
1988-02-09,9.850132942199707
1988-02-10,10.115154266357422
1988-02-11,9.850132942199707
1988-02-12,9.982647895812988
1988-02-16,9.982647895812988
1988-02-17,9.850132942199707
1988-02-18,9.717612266540527
1988-02-19,9.982647895812988
1988-02-22,10.380184173583984
1988-02-23,10.336009979248047
1988-02-24,10.291837692260742
1988-02-25,10.336009979248047
1988-02-26,10.777717590332031
1988-02-29,10.99857234954834
1988-03-01,10.866067886352539
1988-03-02,10.99857234954834
1988-03-03,10.954405784606934
1988-03-04,10.733551979064941
1988-03-07,10.601038932800293
1988-03-08,10.512688636779785
1988-03-09,10.512688636779785
1988-03-10,10.424347877502441
1988-03-11,10.601038932800293
1988-03-14,10.556868553161621
1988-03-15,10.601038932800293
1988-03-16,10.556868553161621
1988-03-17,10.866067886352539
1988-03-18,10.866067886352539
1988-03-21,10.821891784667969
1988-03-22,11.086918830871582
1988-03-23,11.13109302520752
1988-03-24,11.042746543884277
1988-03-25,11.219427108764648
1988-03-28,10.689375877380371
1988-03-29,10.689375877380371
1988-03-30,10.689375877380371
1988-03-31,10.512688636779785
1988-04-04,10.118696212768555
1988-04-05,9.670963287353516
1988-04-06,10.0739107131958
1988-04-07,10.118696212768555
1988-04-08,9.939604759216309
1988-04-11,9.76050853729248
1988-04-12,10.0739107131958
1988-04-13,9.805278778076172
1988-04-14,9.312777519226074
1988-04-15,8.820280075073242
1988-04-18,9.044140815734863
1988-04-19,9.178460121154785
1988-04-20,9.312777519226074
1988-04-21,9.178460121154785
1988-04-22,9.35755443572998
1988-04-25,9.268006324768066
1988-04-26,8.99936580657959
1988-04-27,9.178460121154785
1988-04-28,9.133688926696777
1988-04-29,8.865045547485352
1988-05-02,8.865045547485352
1988-05-03,8.775506019592285
1988-05-04,8.99936580657959
1988-05-05,8.90982437133789
1988-05-06,8.954597473144531
1988-05-09,8.90982437133789
1988-05-10,8.865045547485352
1988-05-11,8.820280075073242
1988-05-12,8.820280075073242
1988-05-13,8.865045547485352
1988-05-16,8.90982437133789
1988-05-17,8.775506019592285
1988-05-18,8.596412658691406
1988-05-19,8.506865501403809
1988-05-20,8.506865501403809
1988-05-23,8.372546195983887
1988-05-24,8.327773094177246
1988-05-25,8.372546195983887
1988-05-26,8.462096214294434
1988-05-27,8.372546195983887
1988-05-31,8.730731964111328
1988-06-01,9.133688926696777
1988-06-02,9.044140815734863
1988-06-03,8.90982437133789
1988-06-06,8.90982437133789
1988-06-07,8.685954093933105
1988-06-08,8.99936580657959
1988-06-09,9.178460121154785
1988-06-10,9.581416130065918
1988-06-13,9.44709587097168
1988-06-14,9.536645889282227
1988-06-15,9.670963287353516
1988-06-16,9.44709587097168
1988-06-17,9.312777519226074
1988-06-20,9.35755443572998
1988-06-21,9.312777519226074
1988-06-22,9.49186897277832
1988-06-23,9.670963287353516
1988-06-24,9.626184463500977
1988-06-27,9.626184463500977
1988-06-28,9.626184463500977
1988-06-29,9.71573543548584
1988-06-30,9.76050853729248
1988-07-01,9.905915260314941
1988-07-05,10.133111953735352
1988-07-06,9.905915260314941
1988-07-07,9.815032958984375
1988-07-08,9.633275032043457
1988-07-11,9.678716659545898
1988-07-12,9.451513290405273
1988-07-13,9.451513290405273
1988-07-14,9.496959686279297
1988-07-15,9.54239559173584
1988-07-18,9.406076431274414
1988-07-19,9.315195083618164
1988-07-20,9.406076431274414
1988-07-21,9.315195083618164
1988-07-22,9.042558670043945
1988-07-25,8.997112274169922
1988-07-26,9.088001251220703
1988-07-27,8.951677322387695
1988-07-28,8.951677322387695
1988-07-29,8.951677322387695
1988-08-01,9.224316596984863
1988-08-02,9.315195083618164
1988-08-03,9.633275032043457
1988-08-04,9.54239559173584
1988-08-05,9.496959686279297
1988-08-08,9.815032958984375
1988-08-09,9.996795654296875
1988-08-10,9.815032958984375
1988-08-11,9.724157333374023
1988-08-12,10.178559303283691
1988-08-15,9.678716659545898
1988-08-16,9.7695951461792
1988-08-17,10.178559303283691
1988-08-18,10.178559303283691
1988-08-19,10.269437789916992
1988-08-22,10.269437789916992
1988-08-23,10.04223918914795
1988-08-24,10.178559303283691
1988-08-25,10.087677955627441
1988-08-26,10.951040267944336
1988-08-29,10.723834991455078
1988-08-30,10.542074203491211
1988-08-31,10.542074203491211
1988-09-01,10.223991394042969
1988-09-02,10.496635437011719
1988-09-06,10.496635437011719
1988-09-07,10.405754089355469
1988-09-08,10.451191902160645
1988-09-09,10.31488037109375
1988-09-12,10.360312461853027
1988-09-13,10.360312461853027
1988-09-14,10.31488037109375
1988-09-15,10.269437789916992
1988-09-16,10.178559303283691
1988-09-19,10.223991394042969
1988-09-20,10.269437789916992
1988-09-21,10.405754089355469
1988-09-22,10.496635437011719
1988-09-23,10.542074203491211
1988-09-26,10.451191902160645
1988-09-27,10.31488037109375
1988-09-28,10.405754089355469
1988-09-29,10.587512969970703
1988-09-30,10.542074203491211
1988-10-03,10.505212783813477
1988-10-04,10.366983413696289
1988-10-05,10.413068771362305
1988-10-06,10.413068771362305
1988-10-07,10.643448829650879
1988-10-10,10.689518928527832
1988-10-11,10.643448829650879
1988-10-12,10.643448829650879
1988-10-13,10.505212783813477
1988-10-14,10.413068771362305
1988-10-17,10.413068771362305
1988-10-18,10.413068771362305
1988-10-19,10.320916175842285
1988-10-20,10.551291465759277
1988-10-21,10.643448829650879
1988-10-24,10.551291465759277
1988-10-25,10.689518928527832
1988-10-26,10.689518928527832
1988-10-27,10.551291465759277
1988-10-28,10.689518928527832
1988-10-31,10.689518928527832
1988-11-01,10.689518928527832
1988-11-02,10.73559284210205
1988-11-03,10.73559284210205
1988-11-04,10.689518928527832
1988-11-07,10.73559284210205
1988-11-08,10.73559284210205
1988-11-09,10.689518928527832
1988-11-10,10.689518928527832
1988-11-11,10.366983413696289
1988-11-14,10.274836540222168
1988-11-15,10.182690620422363
1988-11-16,9.952311515808105
1988-11-17,9.768012046813965
1988-11-18,9.952311515808105
1988-11-21,9.860159873962402
1988-11-22,9.814085960388184
1988-11-23,10.228758811950684
1988-11-25,10.182690620422363
1988-11-28,10.274836540222168
1988-11-29,10.413068771362305
1988-11-30,10.551291465759277
1988-12-01,10.45914363861084
1988-12-02,10.320916175842285
1988-12-05,10.228758811950684
1988-12-06,10.45914363861084
1988-12-07,10.551291465759277
1988-12-08,10.45914363861084
1988-12-09,10.505212783813477
1988-12-12,10.505212783813477
1988-12-13,10.228758811950684
1988-12-14,10.228758811950684
1988-12-15,10.320916175842285
1988-12-16,8.063212394714355
1988-12-19,8.109286308288574
1988-12-20,8.201440811157227
1988-12-21,8.109286308288574
1988-12-22,8.017138481140137
1988-12-23,8.109286308288574
1988-12-27,8.109286308288574
1988-12-28,8.109286308288574
1988-12-29,8.063212394714355
1988-12-30,8.017138481140137
1989-01-03,7.740687370300293
1989-01-04,7.971065998077393
1989-01-05,7.878911972045898
1989-01-06,7.924983024597168
1989-01-09,8.109286308288574
1989-01-10,8.155367851257324
1989-01-11,8.247513771057129
1989-01-12,8.29359245300293
1989-01-13,8.29359245300293
1989-01-16,8.201440811157227
1989-01-17,8.063212394714355
1989-01-18,8.109286308288574
1989-01-19,8.247513771057129
1989-01-20,8.247513771057129
1989-01-23,8.109286308288574
1989-01-24,8.38574504852295
1989-01-25,8.247513771057129
1989-01-26,8.29359245300293
1989-01-27,8.662196159362793
1989-01-30,8.800423622131348
1989-01-31,8.687665939331055
1989-02-01,8.641456604003906
1989-02-02,8.595244407653809
1989-02-03,8.73387622833252
1989-02-06,8.641456604003906
1989-02-07,8.78009033203125
1989-02-08,8.964935302734375
1989-02-09,9.057358741760254
1989-02-10,8.826297760009766
1989-02-13,8.78009033203125
1989-02-14,8.78009033203125
1989-02-15,8.826297760009766
1989-02-16,8.826297760009766
1989-02-17,8.872507095336914
1989-02-21,8.78009033203125
1989-02-22,8.456612586975098
1989-02-23,8.641456604003906
1989-02-24,8.456612586975098
1989-02-27,8.36418628692627
1989-02-28,8.133135795593262
1989-03-01,8.133135795593262
1989-03-02,8.225560188293457
1989-03-03,8.133135795593262
1989-03-06,8.271768569946289
1989-03-07,8.36418628692627
1989-03-08,8.225560188293457
1989-03-09,8.179347038269043
1989-03-10,8.133135795593262
1989-03-13,8.225560188293457
1989-03-14,8.225560188293457
1989-03-15,8.179347038269043
1989-03-16,8.317978858947754
1989-03-17,8.179347038269043
1989-03-20,8.133135795593262
1989-03-21,8.086921691894531
1989-03-22,8.040708541870117
1989-03-23,7.902080535888672
1989-03-27,7.902080535888672
1989-03-28,7.855868339538574
1989-03-29,7.902080535888672
1989-03-30,7.902080535888672
1989-03-31,7.99450159072876
1989-04-03,7.809657573699951
1989-04-04,8.040708541870117
1989-04-05,8.040708541870117
1989-04-06,8.086921691894531
1989-04-07,8.086921691894531
1989-04-10,7.855868339538574
1989-04-11,7.809657573699951
1989-04-12,7.76344633102417
1989-04-13,7.76344633102417
1989-04-14,7.76344633102417
1989-04-17,7.76344633102417
1989-04-18,7.902080535888672
1989-04-19,7.902080535888672
1989-04-20,7.855868339538574
1989-04-21,7.76344633102417
1989-04-24,7.809657573699951
1989-04-25,7.717234134674072
1989-04-26,7.717234134674072
1989-04-27,7.809657573699951
1989-04-28,7.717234134674072
1989-05-01,7.809657573699951
1989-05-02,7.835625171661377
1989-05-03,7.789255619049072
1989-05-04,7.6037983894348145
1989-05-05,7.742892742156982
1989-05-08,7.742892742156982
1989-05-09,7.6037983894348145
1989-05-10,7.650164604187012
1989-05-11,7.742892742156982
1989-05-12,7.835625171661377
1989-05-15,7.881981372833252
1989-05-16,7.881981372833252
1989-05-17,7.835625171661377
1989-05-18,7.789255619049072
1989-05-19,7.881981372833252
1989-05-22,8.067440032958984
1989-05-23,8.252907752990723
1989-05-24,8.206539154052734
1989-05-25,8.252907752990723
1989-05-26,8.206539154052734
1989-05-30,8.206539154052734
1989-05-31,8.345636367797852
1989-06-01,8.438363075256348
1989-06-02,8.623822212219238
1989-06-05,8.623822212219238
1989-06-06,8.71654987335205
1989-06-07,8.762909889221191
1989-06-08,8.99474048614502
1989-06-09,8.948371887207031
1989-06-12,8.902006149291992
1989-06-13,8.855639457702637
1989-06-14,8.67019271850586
1989-06-15,8.762909889221191
1989-06-16,8.71654987335205
1989-06-19,8.67019271850586
1989-06-20,8.67019271850586
1989-06-21,8.577458381652832
1989-06-22,8.623822212219238
1989-06-23,8.762909889221191
1989-06-26,8.71654987335205
1989-06-27,8.71654987335205
1989-06-28,8.577458381652832
1989-06-29,8.252907752990723
1989-06-30,8.252907752990723
1989-07-03,8.345636367797852
1989-07-05,8.252907752990723
1989-07-06,8.29926872253418
1989-07-07,8.438363075256348
1989-07-10,8.67019271850586
1989-07-11,8.762909889221191
1989-07-12,8.99474048614502
1989-07-13,8.902006149291992
1989-07-14,8.855639457702637
1989-07-17,9.087464332580566
1989-07-18,8.855639457702637
1989-07-19,9.180194854736328
1989-07-20,9.133831024169922
1989-07-21,9.133831024169922
1989-07-24,9.180194854736328
1989-07-25,9.504753112792969
1989-07-26,9.597479820251465
1989-07-27,10.10749340057373
1989-07-28,10.061126708984375
1989-07-31,10.01475715637207
1989-08-01,10.273212432861328
1989-08-02,10.319704055786133
1989-08-03,10.087272644042969
1989-08-04,10.133761405944824
1989-08-07,10.273212432861328
1989-08-08,10.412673950195312
1989-08-09,10.226726531982422
1989-08-10,10.412673950195312
1989-08-11,10.226726531982422
1989-08-14,9.808365821838379
1989-08-15,10.040792465209961
1989-08-16,10.226726531982422
1989-08-17,10.18024730682373
1989-08-18,10.273212432861328
1989-08-21,9.994305610656738
1989-08-22,10.087272644042969
1989-08-23,10.133761405944824
1989-08-24,10.087272644042969
1989-08-25,9.994305610656738
1989-08-28,10.040792465209961
1989-08-29,9.854846954345703
1989-08-30,10.133761405944824
1989-08-31,10.133761405944824
1989-09-01,10.226726531982422
1989-09-05,10.040792465209961
1989-09-06,9.947822570800781
1989-09-07,9.90133285522461
1989-09-08,10.040792465209961
1989-09-11,9.994305610656738
1989-09-12,10.226726531982422
1989-09-13,10.18024730682373
1989-09-14,9.947822570800781
1989-09-15,9.947822570800781
1989-09-18,9.994305610656738
1989-09-19,9.994305610656738
1989-09-20,9.947822570800781
1989-09-21,10.087272644042969
1989-09-22,10.226726531982422
1989-09-25,10.087272644042969
1989-09-26,10.087272644042969
1989-09-27,10.412673950195312
1989-09-28,10.459160804748535
1989-09-29,10.36618423461914
1989-10-02,10.319704055786133
1989-10-03,10.598613739013672
1989-10-04,10.784555435180664
1989-10-05,11.063467979431152
1989-10-06,10.970494270324707
1989-10-09,10.877532958984375
1989-10-10,11.016979217529297
1989-10-11,10.924009323120117
1989-10-12,10.924009323120117
1989-10-13,9.715394973754883
1989-10-16,10.319704055786133
1989-10-17,10.505644798278809
1989-10-18,10.738069534301758
1989-10-19,11.063467979431152
1989-10-20,11.016979217529297
1989-10-23,10.6915864944458
1989-10-24,10.505644798278809
1989-10-25,10.6915864944458
1989-10-26,10.645099639892578
1989-10-27,10.226726531982422
1989-10-30,10.505644798278809
1989-10-31,10.721949577331543
1989-11-01,10.535479545593262
1989-11-02,10.582098007202148
1989-11-03,10.628713607788086
1989-11-06,10.488856315612793
1989-11-07,10.349011421203613
1989-11-08,10.302393913269043
1989-11-09,10.209157943725586
1989-11-10,10.349011421203613
1989-11-13,10.442243576049805
1989-11-14,10.395625114440918
1989-11-15,10.349011421203613
1989-11-16,10.302393913269043
1989-11-17,10.349011421203613
1989-11-20,10.302393913269043
1989-11-21,10.395625114440918
1989-11-22,10.442243576049805
1989-11-24,10.628713607788086
1989-11-27,10.861798286437988
1989-11-28,10.861798286437988
1989-11-29,10.721949577331543
1989-11-30,10.861798286437988
1989-12-01,11.04826831817627
1989-12-04,11.094883918762207
1989-12-05,11.001649856567383
1989-12-06,10.675332069396973
1989-12-07,10.535479545593262
1989-12-08,10.815179824829102
1989-12-11,10.861798286437988
1989-12-12,10.955036163330078
1989-12-13,10.861798286437988
1989-12-14,11.001649856567383
1989-12-15,10.861798286437988
1989-12-18,10.302393913269043
1989-12-19,10.115922927856445
1989-12-20,10.115922927856445
1989-12-21,10.022686958312988
1989-12-22,10.115922927856445
1989-12-26,10.115922927856445
1989-12-27,10.255769729614258
1989-12-28,10.302393913269043
1989-12-29,10.628713607788086
1990-01-02,10.955036163330078
1990-01-03,11.094883918762207
1990-01-04,10.955036163330078
1990-01-05,11.04826831817627
1990-01-08,11.14150333404541
1990-01-09,11.001649856567383
1990-01-10,10.908417701721191
1990-01-11,11.001649856567383
1990-01-12,10.442243576049805
1990-01-15,10.395625114440918
1990-01-16,10.349011421203613
1990-01-17,10.628713607788086
1990-01-18,10.768563270568848
1990-01-19,10.768563270568848
1990-01-22,10.302393913269043
1990-01-23,9.976068496704102
1990-01-24,10.069302558898926
1990-01-25,9.696370124816895
1990-01-26,9.789606094360352
1990-01-29,9.742985725402832
1990-01-30,9.398826599121094
1990-01-31,9.772912979125977
1990-02-01,9.819672584533691
1990-02-02,10.100231170654297
1990-02-05,10.053476333618164
1990-02-06,9.726149559020996
1990-02-07,10.100231170654297
1990-02-08,10.0067138671875
1990-02-09,10.053476333618164
1990-02-12,9.819672584533691
1990-02-13,9.679388999938965
1990-02-14,9.679388999938965
1990-02-15,9.913191795349121
1990-02-16,10.0067138671875
1990-02-20,9.726149559020996
1990-02-21,9.726149559020996
1990-02-22,9.632636070251465
1990-02-23,9.632636070251465
1990-02-26,10.0067138671875
1990-02-27,9.959952354431152
1990-02-28,10.053476333618164
1990-03-01,10.053476333618164
1990-03-02,10.053476333618164
1990-03-05,10.0067138671875
1990-03-06,10.0067138671875
1990-03-07,9.913191795349121
1990-03-08,10.193753242492676
1990-03-09,10.240517616271973
1990-03-12,10.193753242492676
1990-03-13,10.146990776062012
1990-03-14,10.521073341369629
1990-03-15,10.614603042602539
1990-03-16,10.754880905151367
1990-03-19,10.661359786987305
1990-03-20,10.3808012008667
1990-03-21,10.3808012008667
1990-03-22,10.100231170654297
1990-03-23,10.146990776062012
1990-03-26,10.100231170654297
1990-03-27,10.240517616271973
1990-03-28,10.47431468963623
1990-03-29,10.3808012008667
1990-03-30,10.287272453308105
1990-04-02,10.100231170654297
1990-04-03,10.47431468963623
1990-04-04,10.521073341369629
1990-04-05,10.661359786987305
1990-04-06,10.754880905151367
1990-04-09,10.661359786987305
1990-04-10,10.895160675048828
1990-04-11,11.08220386505127
1990-04-12,11.035446166992188
1990-04-16,11.316004753112793
1990-04-17,11.596569061279297
1990-04-18,11.175724983215332
1990-04-19,11.12896728515625
1990-04-20,10.661359786987305
1990-04-23,10.661359786987305
1990-04-24,10.47431468963623
1990-04-25,10.708118438720703
1990-04-26,10.84840202331543
1990-04-27,10.708118438720703
1990-04-30,10.754880905151367
1990-05-01,10.878670692443848
1990-05-02,11.300684928894043
1990-05-03,11.019347190856934
1990-05-04,11.160017967224121
1990-05-07,11.20690631866455
1990-05-08,11.113125801086426
1990-05-09,11.113125801086426
1990-05-10,11.160017967224121
1990-05-11,11.441360473632812
1990-05-14,11.722707748413086
1990-05-15,11.957157135009766
1990-05-16,11.957157135009766
1990-05-17,12.050933837890625
1990-05-18,11.957157135009766
1990-05-21,12.097827911376953
1990-05-22,12.191618919372559
1990-05-23,12.144720077514648
1990-05-24,12.238507270812988
1990-05-25,12.004049301147461
1990-05-29,12.37917423248291
1990-05-30,12.238507270812988
1990-05-31,12.238507270812988
1990-06-01,12.332289695739746
1990-06-04,12.472962379455566
1990-06-05,12.894984245300293
1990-06-06,12.566740989685059
1990-06-07,12.37917423248291
1990-06-08,12.004049301147461
1990-06-11,12.285402297973633
1990-06-12,12.426068305969238
1990-06-13,12.472962379455566
1990-06-14,12.70740795135498
1990-06-15,12.613626480102539
1990-06-18,12.37917423248291
1990-06-19,12.332289695739746
1990-06-20,12.519845008850098
1990-06-21,12.613626480102539
1990-06-22,12.801200866699219
1990-06-25,12.75430679321289
1990-06-26,12.566740989685059
1990-06-27,12.894984245300293
1990-06-28,12.848088264465332
1990-06-29,12.801200866699219
1990-07-02,12.941864013671875
1990-07-03,13.22321605682373
1990-07-05,13.129434585571289
1990-07-06,13.22321605682373
1990-07-09,13.082537651062012
1990-07-10,13.082537651062012
1990-07-11,13.363884925842285
1990-07-12,13.645233154296875
1990-07-13,13.78589916229248
1990-07-16,14.02034854888916
1990-07-17,13.832784652709961
1990-07-18,13.598336219787598
1990-07-19,12.988757133483887
1990-07-20,12.519845008850098
1990-07-23,12.285402297973633
1990-07-24,12.050933837890625
1990-07-25,12.332289695739746
1990-07-26,12.566740989685059
1990-07-27,11.957157135009766
1990-07-30,11.863380432128906
1990-07-31,12.13620662689209
1990-08-01,12.13620662689209
1990-08-02,11.948050498962402
1990-08-03,11.712849617004395
1990-08-06,11.242452621459961
1990-08-07,11.289493560791016
1990-08-08,11.289493560791016
1990-08-09,11.712849617004395
1990-08-10,11.383577346801758
1990-08-13,11.336535453796387
1990-08-14,11.336535453796387
1990-08-15,11.336535453796387
1990-08-16,11.148377418518066
1990-08-17,10.960217475891113
1990-08-20,11.05429744720459
1990-08-21,10.819092750549316
1990-08-22,10.160542488098145
1990-08-23,10.066463470458984
1990-08-24,10.725019454956055
1990-08-27,10.725019454956055
1990-08-28,10.489823341369629
1990-08-29,10.442788124084473
1990-08-30,10.301660537719727
1990-08-31,10.489823341369629
1990-09-04,10.442788124084473
1990-09-05,10.442788124084473
1990-09-06,10.348703384399414
1990-09-07,10.442788124084473
1990-09-10,10.442788124084473
1990-09-11,10.489823341369629
1990-09-12,10.489823341369629
1990-09-13,10.019426345825195
1990-09-14,9.784226417541504
1990-09-17,9.690150260925293
1990-09-18,8.702319145202637
1990-09-19,7.996726989746094
1990-09-20,7.761526107788086
1990-09-21,7.808566570281982
1990-09-24,7.573371410369873
1990-09-25,8.043761253356934
1990-09-26,7.996726989746094
1990-09-27,7.808566570281982
1990-09-28,7.714488506317139
1990-10-01,7.432254314422607
1990-10-02,6.961855888366699
1990-10-03,7.150013446807861
1990-10-04,7.2911295890808105
1990-10-05,7.150013446807861
1990-10-08,6.961855888366699
1990-10-09,6.773695945739746
1990-10-10,6.867774486541748
1990-10-11,6.914816379547119
1990-10-12,7.244093894958496
1990-10-15,7.197055339813232
1990-10-16,7.008899211883545
1990-10-17,7.244093894958496
1990-10-18,7.90264892578125
1990-10-19,7.667449951171875
1990-10-22,7.949686527252197
1990-10-23,7.949686527252197
1990-10-24,7.949686527252197
1990-10-25,7.90264892578125
1990-10-26,7.150013446807861
1990-10-29,7.008899211883545
1990-10-30,6.952143669128418
1990-10-31,6.8575544357299805
1990-11-01,6.810261249542236
1990-11-02,7.3777852058410645
1990-11-05,7.472373962402344
1990-11-06,7.23590612411499
1990-11-07,7.094018459320068
1990-11-08,7.0467329025268555
1990-11-09,7.283198356628418
1990-11-12,7.75613260269165
1990-11-13,7.992600440979004
1990-11-14,8.181771278381348
1990-11-15,8.134478569030762
1990-11-16,8.181771278381348
1990-11-19,8.229066848754883
1990-11-20,8.229066848754883
1990-11-21,8.03989315032959
1990-11-23,8.087181091308594
1990-11-26,8.087181091308594
1990-11-27,8.323653221130371
1990-11-28,8.370950698852539
1990-11-29,8.465534210205078
1990-11-30,8.560118675231934
1990-12-03,8.702004432678223
1990-12-04,8.985761642456055
1990-12-05,9.458699226379395
1990-12-06,9.411398887634277
1990-12-07,9.222232818603516
1990-12-10,8.985761642456055
1990-12-11,8.938465118408203
1990-12-12,8.985761642456055
1990-12-13,8.8911714553833
1990-12-14,8.607418060302734
1990-12-17,8.323653221130371
1990-12-18,8.796587944030762
1990-12-19,8.938465118408203
1990-12-20,8.654706954956055
1990-12-21,8.749295234680176
1990-12-24,8.654706954956055
1990-12-26,8.607418060302734
1990-12-27,8.607418060302734
1990-12-28,8.512833595275879
1990-12-31,8.654706954956055
1991-01-02,8.749295234680176
1991-01-03,8.749295234680176
1991-01-04,8.985761642456055
1991-01-07,8.843877792358398
1991-01-08,8.654706954956055
1991-01-09,8.276359558105469
1991-01-10,8.418238639831543
1991-01-11,8.607418060302734
1991-01-14,8.702004432678223
1991-01-15,8.654706954956055
1991-01-16,8.654706954956055
1991-01-17,9.080348014831543
1991-01-18,9.269527435302734
1991-01-21,9.411398887634277
1991-01-22,9.36411190032959
1991-01-23,9.316817283630371
1991-01-24,9.458699226379395
1991-01-25,9.36411190032959
1991-01-28,9.080348014831543
1991-01-29,9.498275756835938
1991-01-30,9.783221244812012
1991-01-31,10.020679473876953
1991-02-01,10.258131980895996
1991-02-04,10.448099136352539
1991-02-05,10.685559272766113
1991-02-06,10.923009872436523
1991-02-07,10.733051300048828
1991-02-08,10.733051300048828
1991-02-11,11.112982749938965
1991-02-12,11.25545597076416
1991-02-13,11.350433349609375
1991-02-14,11.445420265197754
1991-02-15,11.635385513305664
1991-02-19,11.825349807739258
1991-02-20,11.825349807739258
1991-02-21,11.730360984802246
1991-02-22,11.777859687805176
1991-02-25,11.777859687805176
1991-02-26,11.587891578674316
1991-02-27,11.825349807739258
1991-02-28,11.682880401611328
1991-03-01,11.872843742370605
1991-03-04,12.252772331237793
1991-03-05,12.680197715759277
1991-03-06,12.347758293151855
1991-03-07,12.157788276672363
1991-03-08,12.062809944152832
1991-03-11,11.872843742370605
1991-03-12,11.777859687805176
1991-03-13,11.777859687805176
1991-03-14,11.587891578674316
1991-03-15,11.587891578674316
1991-03-18,11.587891578674316
1991-03-19,11.207958221435547
1991-03-20,11.16047191619873
1991-03-21,11.112982749938965
1991-03-22,11.065489768981934
1991-03-25,11.302943229675293
1991-03-26,11.587891578674316
1991-03-27,11.635385513305664
1991-03-28,11.587891578674316
1991-04-01,11.302943229675293
1991-04-02,11.777859687805176
1991-04-03,11.92033576965332
1991-04-04,12.110298156738281
1991-04-05,12.015318870544434
1991-04-08,12.015318870544434
1991-04-09,11.682880401611328
1991-04-10,11.777859687805176
1991-04-11,12.062809944152832
1991-04-12,11.872843742370605
1991-04-15,12.300268173217773
1991-04-16,12.585216522216797
1991-04-17,12.300268173217773
1991-04-18,12.062809944152832
1991-04-19,11.540401458740234
1991-04-22,11.16047191619873
1991-04-23,11.302943229675293
1991-04-24,11.682880401611328
1991-04-25,11.492914199829102
1991-04-26,11.445420265197754
1991-04-29,11.25545597076416
1991-04-30,11.198272705078125
1991-05-01,11.484184265136719
1991-05-02,11.531840324401855
1991-05-03,11.484184265136719
1991-05-06,11.484184265136719
1991-05-07,11.198272705078125
1991-05-08,11.15062141418457
1991-05-09,11.245919227600098
1991-05-10,11.007659912109375
1991-05-13,11.007659912109375
1991-05-14,10.91235637664795
1991-05-15,10.721748352050781
1991-05-16,10.864705085754395
1991-05-17,10.769403457641602
1991-05-20,11.007659912109375
1991-05-21,11.102967262268066
1991-05-22,11.293580055236816
1991-05-23,11.15062141418457
1991-05-24,11.102967262268066
1991-05-28,11.198272705078125
1991-05-29,11.436535835266113
1991-05-30,12.008360862731934
1991-05-31,12.056014060974121
1991-06-03,12.151314735412598
1991-06-04,12.056014060974121
1991-06-05,11.674797058105469
1991-06-06,11.674797058105469
1991-06-07,11.770097732543945
1991-06-10,11.674797058105469
1991-06-11,11.579489707946777
1991-06-12,11.102967262268066
1991-06-13,11.341226577758789
1991-06-14,11.341226577758789
1991-06-17,11.198272705078125
1991-06-18,11.007659912109375
1991-06-19,10.960004806518555
1991-06-20,10.91235637664795
1991-06-21,10.960004806518555
1991-06-24,10.435832977294922
1991-06-25,10.531139373779297
1991-06-26,10.435832977294922
1991-06-27,10.483488082885742
1991-06-28,10.578797340393066
1991-07-01,10.864705085754395
1991-07-02,10.483488082885742
1991-07-03,10.435832977294922
1991-07-05,10.578797340393066
1991-07-08,10.626443862915039
1991-07-09,10.769403457641602
1991-07-10,11.388879776000977
1991-07-11,11.388879776000977
1991-07-12,11.055317878723145
1991-07-15,11.293580055236816
1991-07-16,11.770097732543945
1991-07-17,11.913061141967773
1991-07-18,12.008360862731934
1991-07-19,11.627134323120117
1991-07-22,11.770097732543945
1991-07-23,11.865399360656738
1991-07-24,11.436535835266113
1991-07-25,11.770097732543945
1991-07-26,11.579489707946777
1991-07-29,11.627134323120117
1991-07-30,11.770686149597168
1991-07-31,12.105623245239258
1991-08-01,11.866382598876953
1991-08-02,12.009930610656738
1991-08-05,12.057777404785156
1991-08-06,12.440573692321777
1991-08-07,12.63195514678955
1991-08-08,12.96689510345459
1991-08-09,12.775498390197754
1991-08-12,12.584107398986816
1991-08-13,12.727651596069336
1991-08-14,12.96689510345459
1991-08-15,12.823351860046387
1991-08-16,12.584107398986816
1991-08-19,11.962080001831055
1991-08-20,12.344865798950195
1991-08-21,13.014739990234375
1991-08-22,13.014739990234375
1991-08-23,12.96689510345459
1991-08-26,12.96689510345459
1991-08-27,13.15829086303711
1991-08-28,13.253983497619629
1991-08-29,12.919041633605957
1991-08-30,12.87119197845459
1991-09-03,12.727651596069336
1991-09-04,12.63195514678955
1991-09-05,12.488414764404297
1991-09-06,12.297019958496094
1991-09-09,12.488414764404297
1991-09-10,12.392711639404297
1991-09-11,12.057777404785156
1991-09-12,12.67979621887207
1991-09-13,12.63195514678955
1991-09-16,12.919041633605957
1991-09-17,12.63195514678955
1991-09-18,13.014739990234375
1991-09-19,12.727651596069336
1991-09-20,12.823351860046387
1991-09-23,12.67979621887207
1991-09-24,12.727651596069336
1991-09-25,13.110441207885742
1991-09-26,13.206141471862793
1991-09-27,13.636772155761719
1991-09-30,13.588926315307617
1991-10-01,13.588926315307617
1991-10-02,13.73247241973877
1991-10-03,13.397531509399414
1991-10-04,12.919041633605957
1991-10-07,13.445366859436035
1991-10-08,13.014739990234375
1991-10-09,12.727651596069336
1991-10-10,13.110441207885742
1991-10-11,13.206141471862793
1991-10-14,13.349674224853516
1991-10-15,13.397531509399414
1991-10-16,13.541071891784668
1991-10-17,13.636772155761719
1991-10-18,13.541071891784668
1991-10-21,13.110441207885742
1991-10-22,13.206141471862793
1991-10-23,13.062590599060059
1991-10-24,13.206141471862793
1991-10-25,13.062590599060059
1991-10-28,13.588926315307617
1991-10-29,13.684959411621094
1991-10-30,13.829010009765625
1991-10-31,13.97305679321289
1991-11-01,13.87702751159668
1991-11-04,13.87702751159668
1991-11-05,13.97305679321289
1991-11-06,13.925041198730469
1991-11-07,14.117118835449219
1991-11-08,14.165135383605957
1991-11-11,14.117118835449219
1991-11-12,14.213150024414062
1991-11-13,13.97305679321289
1991-11-14,13.444872856140137
1991-11-15,13.300816535949707
1991-11-18,13.780996322631836
1991-11-19,13.300816535949707
1991-11-20,13.34884262084961
1991-11-21,13.588920593261719
1991-11-22,13.300816535949707
1991-11-25,12.964692115783691
1991-11-26,13.060729026794434
1991-11-27,12.676592826843262
1991-11-29,12.53254508972168
1991-12-02,12.676592826843262
1991-12-03,12.772625923156738
1991-12-04,12.62857437133789
1991-12-05,12.48453426361084
1991-12-06,12.580562591552734
1991-12-09,12.580562591552734
1991-12-10,12.48453426361084
1991-12-11,12.53254508972168
1991-12-12,12.53254508972168
1991-12-13,12.676592826843262
1991-12-16,12.868663787841797
1991-12-17,12.868663787841797
1991-12-18,12.82064151763916
1991-12-19,12.772625923156738
1991-12-20,13.012715339660645
1991-12-23,13.829010009765625
1991-12-24,14.117118835449219
1991-12-26,14.597286224365234
1991-12-27,15.125472068786621
1991-12-30,15.077462196350098
1991-12-31,15.125472068786621
1992-01-02,15.125472068786621
1992-01-03,15.125472068786621
1992-01-06,15.077462196350098
1992-01-07,14.981423377990723
1992-01-08,14.885387420654297
1992-01-09,15.029446601867676
1992-01-10,14.885387420654297
1992-01-13,14.837373733520508
1992-01-14,15.653678894042969
1992-01-15,15.461600303649902
1992-01-16,15.413582801818848
1992-01-17,15.749696731567383
1992-01-20,15.893759727478027
1992-01-21,15.893759727478027
1992-01-22,16.18185043334961
1992-01-23,16.22988510131836
1992-01-24,16.085830688476562
1992-01-27,15.845744132995605
1992-01-28,16.231048583984375
1992-01-29,15.556760787963867
1992-01-30,15.89391040802002
1992-01-31,15.990226745605469
1992-02-03,15.556760787963867
1992-02-04,15.653084754943848
1992-02-05,15.797568321228027
1992-02-06,15.797568321228027
1992-02-07,15.604928016662598
1992-02-10,15.942070960998535
1992-02-11,15.701257705688477
1992-02-12,15.797568321228027
1992-02-13,15.653084754943848
1992-02-14,15.41226577758789
1992-02-18,15.267776489257812
1992-02-19,15.364099502563477
1992-02-20,15.508601188659668
1992-02-21,15.556760787963867
1992-02-24,15.026963233947754
1992-02-25,15.219610214233398
1992-02-26,15.89391040802002
1992-02-27,15.990226745605469
1992-02-28,15.990226745605469
1992-03-02,15.797568321228027
1992-03-03,16.0865535736084
1992-03-04,16.182886123657227
1992-03-05,15.990226745605469
1992-03-06,15.508601188659668
1992-03-09,15.41226577758789
1992-03-10,15.41226577758789
1992-03-11,15.315947532653809
1992-03-12,15.219610214233398
1992-03-13,15.315947532653809
1992-03-16,15.315947532653809
1992-03-17,15.219610214233398
1992-03-18,15.315947532653809
1992-03-19,15.267776489257812
1992-03-20,15.171449661254883
1992-03-23,15.123289108276367
1992-03-24,15.41226577758789
1992-03-25,15.797568321228027
1992-03-26,16.038394927978516
1992-03-27,15.556760787963867
1992-03-30,15.845742225646973
1992-03-31,15.508601188659668
1992-04-01,15.364099502563477
1992-04-02,14.786144256591797
1992-04-03,14.834311485290527
1992-04-06,15.123289108276367
1992-04-07,14.593498229980469
1992-04-08,14.25635051727295
1992-04-09,14.545327186584473
1992-04-10,14.882469177246094
1992-04-13,15.219610214233398
1992-04-14,15.364099502563477
1992-04-15,14.978799819946289
1992-04-16,15.267776489257812
1992-04-20,14.882469177246094
1992-04-21,14.737984657287598
1992-04-22,14.786144256591797
1992-04-23,14.834311485290527
1992-04-24,14.786144256591797
1992-04-27,14.882469177246094
1992-04-28,14.959933280944824
1992-04-29,15.395668983459473
1992-04-30,15.73455810546875
1992-05-01,16.170284271240234
1992-05-04,15.928215026855469
1992-05-05,15.782980918884277
1992-05-06,15.782980918884277
1992-05-07,15.492483139038086
1992-05-08,15.492483139038086
1992-05-11,15.444069862365723
1992-05-12,15.347243309020996
1992-05-13,15.202004432678223
1992-05-14,15.25041389465332
1992-05-15,15.056764602661133
1992-05-18,15.008344650268555
1992-05-19,15.008344650268555
1992-05-20,14.959933280944824
1992-05-21,14.911520957946777
1992-05-22,14.959933280944824
1992-05-26,14.911520957946777
1992-05-27,14.911520957946777
1992-05-28,14.911520957946777
1992-05-29,14.863101959228516
1992-06-01,14.911520957946777
1992-06-02,14.766279220581055
1992-06-03,14.669456481933594
1992-06-04,14.427373886108398
1992-06-05,14.524211883544922
1992-06-08,15.056764602661133
1992-06-09,14.427373886108398
1992-06-10,14.282142639160156
1992-06-11,14.475794792175293
1992-06-12,14.71786117553711
1992-06-15,14.959933280944824
1992-06-16,14.911520957946777
1992-06-17,14.475794792175293
1992-06-18,14.427373886108398
1992-06-19,14.475794792175293
1992-06-22,14.71786117553711
1992-06-23,14.669456481933594
1992-06-24,14.475794792175293
1992-06-25,14.427373886108398
1992-06-26,14.572622299194336
1992-06-29,15.153595924377441
1992-06-30,14.863101959228516
1992-07-01,15.298830032348633
1992-07-02,15.153595924377441
1992-07-06,15.444069862365723
1992-07-07,14.911520957946777
1992-07-08,15.008344650268555
1992-07-09,15.25041389465332
1992-07-10,15.347243309020996
1992-07-13,15.153595924377441
1992-07-14,15.831395149230957
1992-07-15,15.976638793945312
1992-07-16,15.976638793945312
1992-07-17,15.73455810546875
1992-07-20,15.73455810546875
1992-07-21,16.121868133544922
1992-07-22,16.073455810546875
1992-07-23,16.121868133544922
1992-07-24,15.976638793945312
1992-07-27,15.928215026855469
1992-07-28,16.34661102294922
1992-07-29,16.735815048217773
1992-07-30,16.83310890197754
1992-07-31,17.12502098083496
1992-08-03,17.076370239257812
1992-08-04,17.02771759033203
1992-08-05,17.02771759033203
1992-08-06,17.12502098083496
1992-08-07,16.68716812133789
1992-08-10,16.735815048217773
1992-08-11,16.83310890197754
1992-08-12,16.541208267211914
1992-08-13,16.443912506103516
1992-08-14,16.589860916137695
1992-08-17,16.784467697143555
1992-08-18,16.735815048217773
1992-08-19,16.541208267211914
1992-08-20,16.395263671875
1992-08-21,16.152008056640625
1992-08-24,15.762811660766602
1992-08-25,15.860113143920898
1992-08-26,15.811456680297852
1992-08-27,16.054712295532227
1992-08-28,15.860113143920898
1992-08-31,15.470905303955078
1992-09-01,15.908763885498047
1992-09-02,15.908763885498047
1992-09-03,15.860113143920898
1992-09-04,15.762811660766602
1992-09-08,15.61685562133789
1992-09-09,15.519542694091797
1992-09-10,16.152008056640625
1992-09-11,15.811456680297852
1992-09-14,16.541208267211914
1992-09-15,16.054712295532227
1992-09-16,15.860113143920898
1992-09-17,16.00605583190918
1992-09-18,15.908763885498047
1992-09-21,16.00605583190918
1992-09-22,16.735815048217773
1992-09-23,16.638513565063477
1992-09-24,17.270973205566406
1992-09-25,16.735815048217773
1992-09-28,16.638513565063477
1992-09-29,16.443912506103516
1992-09-30,17.02771759033203
1992-10-01,17.22231674194336
1992-10-02,16.9304256439209
1992-10-05,16.9304256439209
1992-10-06,16.9304256439209
1992-10-07,16.589860916137695
1992-10-08,16.979076385498047
1992-10-09,16.83310890197754
1992-10-12,16.541208267211914
1992-10-13,16.443912506103516
1992-10-14,16.541208267211914
1992-10-15,16.34661102294922
1992-10-16,16.541208267211914
1992-10-19,16.68716812133789
1992-10-20,16.68716812133789
1992-10-21,16.589860916137695
1992-10-22,16.638513565063477
1992-10-23,16.492568969726562
1992-10-26,16.735815048217773
1992-10-27,16.735815048217773
1992-10-28,16.83310890197754
1992-10-29,16.735815048217773
1992-10-30,16.638513565063477
1992-11-02,16.83310890197754
1992-11-03,16.618061065673828
1992-11-04,16.618061065673828
1992-11-05,16.42255210876465
1992-11-06,16.764692306518555
1992-11-09,16.666929244995117
1992-11-10,16.86244773864746
1992-11-11,17.351207733154297
1992-11-12,17.693342208862305
1992-11-13,17.400081634521484
1992-11-16,17.400081634521484
1992-11-17,17.400081634521484
1992-11-18,17.2045841217041
1992-11-19,17.351207733154297
1992-11-20,17.546716690063477
1992-11-23,17.546716690063477
1992-11-24,17.791105270385742
1992-11-25,17.98661231994629
1992-11-27,18.182111740112305
1992-11-30,18.670883178710938
1992-12-01,18.915250778198242
1992-12-02,18.964128494262695
1992-12-03,18.86638641357422
1992-12-04,18.86638641357422
1992-12-07,18.670883178710938
1992-12-08,19.013019561767578
1992-12-09,18.76862907409668
1992-12-10,18.86638641357422
1992-12-11,18.76862907409668
1992-12-14,18.76862907409668
1992-12-15,18.475366592407227
1992-12-16,18.230995178222656
1992-12-17,18.230995178222656
1992-12-18,19.50177764892578
1992-12-21,19.013019561767578
1992-12-22,19.013019561767578
1992-12-23,19.208524703979492
1992-12-24,19.159648895263672
1992-12-28,19.35515022277832
1992-12-29,18.964128494262695
1992-12-30,19.061899185180664
1992-12-31,18.915250778198242
1993-01-04,19.061899185180664
1993-01-05,19.061899185180664
1993-01-06,19.25739860534668
1993-01-07,19.5506591796875
1993-01-08,19.35515022277832
1993-01-11,19.013019561767578
1993-01-12,19.404024124145508
1993-01-13,19.648412704467773
1993-01-14,20.332679748535156
1993-01-15,20.381567001342773
1993-01-18,20.2838191986084
1993-01-19,19.941673278808594
1993-01-20,20.23493003845215
1993-01-21,20.23493003845215
1993-01-22,20.528194427490234
1993-01-25,20.674816131591797
1993-01-26,20.723703384399414
1993-01-27,20.821460723876953
1993-01-28,21.065845489501953
1993-01-29,20.772584915161133
1993-02-01,21.16358757019043
1993-02-02,21.699695587158203
1993-02-03,22.38701820373535
1993-02-04,23.02525520324707
1993-02-05,22.092451095581055
1993-02-08,22.2888240814209
1993-02-09,21.79789161682129
1993-02-10,22.141538619995117
1993-02-11,22.2888240814209
1993-02-12,21.99425506591797
1993-02-16,20.668712615966797
1993-02-17,20.76690101623535
1993-02-18,20.816001892089844
1993-02-19,21.601516723632812
1993-02-22,21.2087459564209
1993-02-23,20.423234939575195
1993-02-24,20.71781349182129
1993-02-25,21.699695587158203
1993-02-26,21.552417755126953
1993-03-01,21.503318786621094
1993-03-02,22.313379287719727
1993-03-03,22.681575775146484
1993-03-04,22.16609764099121
1993-03-05,22.46065330505371
1993-03-08,23.56528663635254
1993-03-09,26.363670349121094
1993-03-10,27.615564346313477
1993-03-11,28.278350830078125
1993-03-12,29.16204833984375
1993-03-15,29.309328079223633
1993-03-16,28.20469856262207
1993-03-17,27.468273162841797
1993-03-18,27.689197540283203
1993-03-19,26.584575653076172
1993-03-22,26.73187828063965
1993-03-23,26.437307357788086
1993-03-24,27.321006774902344
1993-03-25,27.24734878540039
1993-03-26,27.615564346313477
1993-03-29,27.468273162841797
1993-03-30,27.541927337646484
1993-03-31,27.173715591430664
1993-04-01,26.363670349121094
1993-04-02,26.584575653076172
1993-04-05,26.437307357788086
1993-04-06,26.069103240966797
1993-04-07,26.952795028686523
1993-04-08,26.805496215820312
1993-04-12,27.468273162841797
1993-04-13,28.86749267578125
1993-04-14,29.382978439331055
1993-04-15,28.49925422668457
1993-04-16,28.131057739257812
1993-04-19,27.615564346313477
1993-04-20,27.173715591430664
1993-04-21,26.805496215820312
1993-04-22,26.952795028686523
1993-04-23,26.805496215820312
1993-04-26,24.52263069152832
1993-04-27,25.921804428100586
1993-04-28,26.363670349121094
1993-04-29,26.14272689819336
1993-04-30,27.100082397460938
1993-05-03,26.510940551757812
1993-05-04,26.975053787231445
1993-05-05,26.827260971069336
1993-05-06,26.60553550720215
1993-05-07,26.383825302124023
1993-05-10,27.196779251098633
1993-05-11,27.418493270874023
1993-05-12,27.492393493652344
1993-05-13,27.048973083496094
1993-05-14,26.23601722717285
1993-05-17,26.309925079345703
1993-05-18,26.531635284423828
1993-05-19,26.753345489501953
1993-05-20,27.418493270874023
1993-05-21,27.34457015991211
1993-05-24,27.196779251098633
1993-05-25,27.12286949157715
1993-05-26,28.00971221923828
1993-05-27,28.00971221923828
1993-05-28,27.418493270874023
1993-06-01,27.418493270874023
1993-06-02,27.861907958984375
1993-06-03,27.566287994384766
1993-06-04,27.196779251098633
1993-06-07,26.014297485351562
1993-06-08,26.23601722717285
1993-06-09,26.088211059570312
1993-06-10,26.014297485351562
1993-06-11,26.16212272644043
1993-06-14,27.12286949157715
1993-06-15,26.827260971069336
1993-06-16,26.827260971069336
1993-06-17,26.827260971069336
1993-06-18,26.60553550720215
1993-06-21,27.048973083496094
1993-06-22,27.196779251098633
1993-06-23,27.048973083496094
1993-06-24,29.118289947509766
1993-06-25,29.487817764282227
1993-06-28,31.113723754882812
1993-06-29,30.818078994750977
1993-06-30,31.113723754882812
1993-07-01,30.670278549194336
1993-07-02,29.85733413696289
1993-07-06,29.635623931884766
1993-07-07,30.596378326416016
1993-07-08,31.631038665771484
1993-07-09,30.89199447631836
1993-07-12,31.926660537719727
1993-07-13,30.965900421142578
1993-07-14,30.44855499267578
1993-07-15,30.670278549194336
1993-07-16,30.44855499267578
1993-07-19,30.965900421142578
1993-07-20,31.557138442993164
1993-07-21,31.926660537719727
1993-07-22,30.965900421142578
1993-07-23,31.631038665771484
1993-07-26,31.631038665771484
1993-07-27,31.631038665771484
1993-07-28,31.77883529663086
1993-07-29,32.14836502075195
1993-07-30,31.926660537719727
1993-08-02,32.07445526123047
1993-08-03,32.61830139160156
1993-08-04,32.544158935546875
1993-08-05,32.173492431640625
1993-08-06,32.61830139160156
1993-08-09,33.6561393737793
1993-08-10,33.6561393737793
1993-08-11,33.28548812866211
1993-08-12,33.21135711669922
1993-08-13,33.13721466064453
1993-08-16,32.91481018066406
1993-08-17,32.69242858886719
1993-08-18,32.544158935546875
1993-08-19,33.433738708496094
1993-08-20,32.76655197143555
1993-08-23,33.13721466064453
1993-08-24,33.50788497924805
1993-08-25,33.80441665649414
1993-08-26,34.47159957885742
1993-08-27,33.80441665649414
1993-08-30,34.19978713989258
1993-08-31,35.0893669128418
1993-09-01,35.4847412109375
1993-09-02,34.792850494384766
1993-09-03,35.0893669128418
1993-09-07,34.59517288208008
1993-09-08,33.60671615600586
1993-09-09,34.59517288208008
1993-09-10,35.58359146118164
1993-09-13,36.07783508300781
1993-09-14,36.76969909667969
1993-09-15,37.26393508911133
1993-09-16,37.16508865356445
1993-09-17,37.362789154052734
1993-09-20,37.362789154052734
1993-09-21,36.37433624267578
1993-09-22,37.46161651611328
1993-09-23,38.25233459472656
1993-09-24,38.35120391845703
1993-09-27,38.74656295776367
1993-09-28,39.14195251464844
1993-09-29,38.845436096191406
1993-09-30,37.758155822753906
1993-10-01,37.95581817626953
1993-10-04,37.758155822753906
1993-10-05,37.95581817626953
1993-10-06,37.659305572509766
1993-10-07,36.967384338378906
1993-10-08,36.76969909667969
1993-10-11,36.868560791015625
1993-10-12,38.15351104736328
1993-10-13,37.95581817626953
1993-10-14,38.45006561279297
1993-10-15,37.16508865356445
1993-10-18,36.76969909667969
1993-10-19,35.97896194458008
1993-10-20,35.68245315551758
1993-10-21,35.28707504272461
1993-10-22,35.28707504272461
1993-10-25,34.89168167114258
1993-10-26,34.29863739013672
1993-10-27,34.00209045410156
1993-10-28,34.69401550292969
1993-10-29,34.89168167114258
1993-11-01,34.49633026123047
1993-11-02,33.604156494140625
1993-11-03,31.819887161254883
1993-11-04,31.919002532958984
1993-11-05,32.21638107299805
1993-11-08,33.405906677246094
1993-11-09,33.70329666137695
1993-11-10,33.604156494140625
1993-11-11,33.604156494140625
1993-11-12,33.108558654785156
1993-11-15,32.8111457824707
1993-11-16,32.513755798339844
1993-11-17,32.315528869628906
1993-11-18,31.522506713867188
1993-11-19,31.720748901367188
1993-11-22,31.026870727539062
1993-11-23,32.11726379394531
1993-11-24,31.522506713867188
1993-11-26,31.720748901367188
1993-11-29,31.819887161254883
1993-11-30,31.720748901367188
1993-12-01,32.41463851928711
1993-12-02,32.315528869628906
1993-12-03,32.8111457824707
1993-12-06,34.00068283081055
1993-12-07,33.405906677246094
1993-12-08,33.00940704345703
1993-12-09,33.306793212890625
1993-12-10,32.6129035949707
1993-12-13,32.6129035949707
1993-12-14,31.819887161254883
1993-12-15,31.026870727539062
1993-12-16,31.026870727539062
1993-12-17,31.522506713867188
1993-12-20,31.324243545532227
1993-12-21,30.828622817993164
1993-12-22,31.423351287841797
1993-12-23,31.423351287841797
1993-12-27,31.720748901367188
1993-12-28,31.324243545532227
1993-12-29,30.828622817993164
1993-12-30,30.13471221923828
1993-12-31,30.828622817993164
1994-01-03,32.018123626708984
1994-01-04,32.11726379394531
1994-01-05,31.919002532958984
1994-01-06,31.621614456176758
1994-01-07,32.513755798339844
1994-01-10,32.018123626708984
1994-01-11,31.720748901367188
1994-01-12,31.720748901367188
1994-01-13,31.621614456176758
1994-01-14,31.621614456176758
1994-01-17,31.324243545532227
1994-01-18,31.324243545532227
1994-01-19,31.423351287841797
1994-01-20,31.1259822845459
1994-01-21,31.1259822845459
1994-01-24,31.324243545532227
1994-01-25,31.423351287841797
1994-01-26,31.919002532958984
1994-01-27,32.6129035949707
1994-01-28,32.9102783203125
1994-01-31,33.405906677246094
1994-02-01,33.60475158691406
1994-02-02,34.10188293457031
1994-02-03,33.405914306640625
1994-02-04,30.920360565185547
1994-02-07,31.616308212280273
1994-02-08,31.218626022338867
1994-02-09,31.715723037719727
1994-02-10,31.815153121948242
1994-02-11,31.616308212280273
1994-02-14,31.41745948791504
1994-02-15,31.119205474853516
1994-02-16,31.119205474853516
1994-02-17,30.82093048095703
1994-02-18,30.124969482421875
1994-02-22,30.323820114135742
1994-02-23,30.323820114135742
1994-02-24,29.528446197509766
1994-02-25,29.82672119140625
1994-02-28,29.528446197509766
1994-03-01,28.335369110107422
1994-03-02,28.03710174560547
1994-03-03,28.03710174560547
1994-03-04,28.335369110107422
1994-03-07,28.434772491455078
1994-03-08,27.838274002075195
1994-03-09,28.534217834472656
1994-03-10,28.235939025878906
1994-03-11,28.633644104003906
1994-03-14,28.733060836791992
1994-03-15,29.727283477783203
1994-03-16,29.727283477783203
1994-03-17,29.62786865234375
1994-03-18,28.633644104003906
1994-03-21,28.633644104003906
1994-03-22,29.329601287841797
1994-03-23,30.622066497802734
1994-03-24,29.92613983154297
1994-03-25,29.528446197509766
1994-03-28,28.832487106323242
1994-03-29,27.738821029663086
1994-03-30,27.440553665161133
1994-03-31,28.03710174560547
1994-04-04,27.639427185058594
1994-04-05,28.136518478393555
1994-04-06,27.838274002075195
1994-04-07,27.937685012817383
1994-04-08,27.937685012817383
1994-04-11,28.832487106323242
1994-04-12,28.93191146850586
1994-04-13,28.534217834472656
1994-04-14,28.235939025878906
1994-04-15,28.235939025878906
1994-04-18,27.639427185058594
1994-04-19,27.639427185058594
1994-04-20,27.539989471435547
1994-04-21,26.844038009643555
1994-04-22,28.03710174560547
1994-04-25,27.539989471435547
1994-04-26,27.738821029663086
1994-04-28,27.341144561767578
1994-04-29,27.639427185058594
1994-05-02,27.341144561767578
1994-05-03,27.760562896728516
1994-05-04,28.159969329833984
1994-05-05,27.760562896728516
1994-05-06,27.36112403869629
1994-05-09,26.5622615814209
1994-05-10,26.761991500854492
1994-05-11,26.162824630737305
1994-05-12,25.86325454711914
1994-05-13,26.162824630737305
1994-05-16,26.06296157836914
1994-05-17,27.161409378051758
1994-05-18,27.760562896728516
1994-05-19,27.760562896728516
1994-05-20,28.259841918945312
1994-05-23,27.161409378051758
1994-05-24,27.261268615722656
1994-05-25,27.261268615722656
1994-05-26,26.46239471435547
1994-05-27,26.761991500854492
1994-05-31,26.262693405151367
1994-06-01,26.46239471435547
1994-06-02,25.86325454711914
1994-06-03,26.262693405151367
1994-06-06,26.362537384033203
1994-06-07,26.262693405151367
1994-06-08,26.46239471435547
1994-06-09,26.961688995361328
1994-06-10,26.761991500854492
1994-06-13,26.761991500854492
1994-06-14,28.35970115661621
1994-06-15,28.958831787109375
1994-06-16,28.459545135498047
1994-06-17,27.760562896728516
1994-06-20,27.161409378051758
1994-06-21,26.761991500854492
1994-06-22,26.662113189697266
1994-06-23,26.162824630737305
1994-06-24,25.86325454711914
1994-06-27,25.86325454711914
1994-06-28,25.56368637084961
1994-06-29,26.662113189697266
1994-06-30,25.763385772705078
1994-07-01,25.86325454711914
1994-07-05,25.164243698120117
1994-07-06,25.56368637084961
1994-07-07,25.463825225830078
1994-07-08,25.56368637084961
1994-07-11,25.06439208984375
1994-07-12,24.764816284179688
1994-07-13,24.86467170715332
1994-07-14,25.06439208984375
1994-07-15,24.964534759521484
1994-07-18,25.663528442382812
1994-07-19,25.663528442382812
1994-07-20,26.262693405151367
1994-07-21,26.662113189697266
1994-07-22,26.86182975769043
1994-07-25,26.362537384033203
1994-07-26,26.06296157836914
1994-07-27,26.5622615814209
1994-07-28,26.262693405151367
1994-07-29,26.46239471435547
1994-08-01,27.261268615722656
1994-08-02,27.682525634765625
1994-08-03,27.281328201293945
1994-08-04,26.679533004760742
1994-08-05,26.77983283996582
1994-08-08,27.1810359954834
1994-08-09,26.980424880981445
1994-08-10,26.880144119262695
1994-08-11,26.77983283996582
1994-08-12,27.281328201293945
1994-08-15,27.582229614257812
1994-08-16,27.782817840576172
1994-08-17,27.883121490478516
1994-08-18,27.782817840576172
1994-08-19,27.883121490478516
1994-08-22,27.481924057006836
1994-08-23,28.384613037109375
1994-08-24,28.986408233642578
1994-08-25,28.986408233642578
1994-08-26,29.387603759765625
1994-08-29,29.487905502319336
1994-08-30,29.58820915222168
1994-08-31,29.688501358032227
1994-09-01,29.58820915222168
1994-09-02,29.487905502319336
1994-09-06,29.387603759765625
1994-09-07,29.487905502319336
1994-09-08,29.287303924560547
1994-09-09,28.685503005981445
1994-09-12,28.083715438842773
1994-09-13,28.2843017578125
1994-09-14,28.2843017578125
1994-09-15,28.484909057617188
1994-09-16,28.083715438842773
1994-09-19,27.1810359954834
1994-09-20,26.478925704956055
1994-09-21,26.077760696411133
1994-09-22,26.378639221191406
1994-09-23,25.77682876586914
1994-09-26,26.077760696411133
1994-09-27,25.77682876586914
1994-09-28,26.77983283996582
1994-09-29,26.17803192138672
1994-09-30,26.378639221191406
1994-10-03,26.17803192138672
1994-10-04,25.275344848632812
1994-10-05,25.175050735473633
1994-10-06,25.175050735473633
1994-10-07,25.275344848632812
1994-10-10,25.77682876586914
1994-10-11,26.378639221191406
1994-10-12,25.977441787719727
1994-10-13,26.77983283996582
1994-10-14,26.378639221191406
1994-10-17,26.077760696411133
1994-10-18,26.478925704956055
1994-10-19,27.1810359954834
1994-10-20,26.579225540161133
1994-10-21,26.579225540161133
1994-10-24,26.378639221191406
1994-10-25,26.679533004760742
1994-10-26,27.1810359954834
1994-10-27,27.08072280883789
1994-10-28,27.682525634765625
1994-10-31,27.883121490478516
1994-11-01,28.20547103881836
1994-11-02,27.701791763305664
1994-11-03,27.701791763305664
1994-11-04,26.6944580078125
1994-11-07,27.399599075317383
1994-11-08,27.50031852722168
1994-11-09,27.198123931884766
1994-11-10,26.895923614501953
1994-11-11,26.6944580078125
1994-11-14,26.795188903808594
1994-11-15,27.198123931884766
1994-11-16,26.895923614501953
1994-11-17,26.291519165039062
1994-11-18,25.989320755004883
1994-11-21,25.68712043762207
1994-11-22,24.981985092163086
1994-11-23,25.58639907836914
1994-11-25,25.888587951660156
1994-11-28,25.989320755004883
1994-11-29,25.989320755004883
1994-11-30,26.39226722717285
1994-12-01,26.09006118774414
1994-12-02,26.795188903808594
1994-12-05,26.996679306030273
1994-12-06,26.795188903808594
1994-12-07,26.291519165039062
1994-12-08,25.68712043762207
1994-12-09,25.18345069885254
1994-12-12,25.48565673828125
1994-12-13,25.384925842285156
1994-12-14,25.58639907836914
1994-12-15,25.68712043762207
1994-12-16,25.68712043762207
1994-12-19,26.39226722717285
1994-12-20,26.09006118774414
1994-12-21,26.59371566772461
1994-12-22,25.384925842285156
1994-12-23,26.190793991088867
1994-12-27,27.097393035888672
1994-12-28,26.6944580078125
1994-12-29,26.59371566772461
1994-12-30,26.09006118774414
1995-01-03,26.59371566772461
1995-01-04,26.895923614501953
1995-01-05,26.996679306030273
1995-01-06,27.802532196044922
1995-01-09,27.701791763305664
1995-01-10,28.104724884033203
1995-01-11,27.903270721435547
1995-01-12,27.701791763305664
1995-01-13,28.20547103881836
1995-01-16,29.112075805664062
1995-01-17,28.507671356201172
1995-01-18,28.80986976623535
1995-01-19,28.104724884033203
1995-01-20,27.802532196044922
1995-01-23,27.601076126098633
1995-01-24,28.20547103881836
1995-01-25,28.709121704101562
1995-01-26,28.910614013671875
1995-01-27,29.212793350219727
1995-01-30,29.515012741088867
1995-01-31,29.879629135131836
1995-02-01,29.98093032836914
1995-02-02,30.183486938476562
1995-02-03,32.00666809082031
1995-02-06,31.905378341674805
1995-02-07,31.702810287475586
1995-02-08,31.804088592529297
1995-02-09,31.702810287475586
1995-02-10,31.50023078918457
1995-02-13,31.50023078918457
1995-02-14,31.50023078918457
1995-02-15,31.905378341674805
1995-02-16,31.50023078918457
1995-02-17,31.297649383544922
1995-02-21,31.50023078918457
1995-02-22,31.398935317993164
1995-02-23,31.702810287475586
1995-02-24,32.209251403808594
1995-02-27,31.702810287475586
1995-02-28,31.50023078918457
1995-03-01,30.99379539489746
1995-03-02,30.791234970092773
1995-03-03,30.48735809326172
1995-03-06,30.183486938476562
1995-03-07,29.778343200683594
1995-03-08,30.08220863342285
1995-03-09,29.879629135131836
1995-03-10,30.588651657104492
1995-03-13,30.99379539489746
1995-03-14,31.398935317993164
1995-03-15,31.095094680786133
1995-03-16,31.804088592529297
1995-03-17,31.398935317993164
1995-03-20,31.398935317993164
1995-03-21,30.791234970092773
1995-03-22,31.297649383544922
1995-03-23,30.99379539489746
1995-03-24,31.601520538330078
1995-03-27,31.804088592529297
1995-03-28,31.50023078918457
1995-03-29,31.297649383544922
1995-03-30,31.297649383544922
1995-03-31,31.297649383544922
1995-04-03,30.89249610900879
1995-04-04,31.601520538330078
1995-04-05,31.297649383544922
1995-04-06,31.804088592529297
1995-04-07,32.00666809082031
1995-04-10,32.209251403808594
1995-04-11,32.107948303222656
1995-04-12,32.00666809082031
1995-04-13,31.905378341674805
1995-04-17,32.41181564331055
1995-04-18,32.51310348510742
1995-04-19,32.209251403808594
1995-04-20,31.50023078918457
1995-04-21,31.905378341674805
1995-04-24,33.22209548950195
1995-04-25,32.91824722290039
1995-04-26,33.22209548950195
1995-04-27,33.62723159790039
1995-04-28,33.52595520019531
1995-05-01,33.42467498779297
1995-05-02,33.38395690917969
1995-05-03,34.096435546875
1995-05-04,34.29998016357422
1995-05-05,34.70710372924805
1995-05-08,34.70710372924805
1995-05-09,35.31779479980469
1995-05-10,35.826690673828125
1995-05-11,35.012451171875
1995-05-12,34.401771545410156
1995-05-15,35.724918365478516
1995-05-16,35.41957473754883
1995-05-17,34.80889892578125
1995-05-18,33.892879486083984
1995-05-19,34.29998016357422
1995-05-22,34.096435546875
1995-05-23,34.50354766845703
1995-05-24,34.401771545410156
1995-05-25,33.791072845458984
1995-05-26,34.096435546875
1995-05-30,33.892879486083984
1995-05-31,34.29998016357422
1995-06-01,35.41957473754883
1995-06-02,36.233829498291016
1995-06-05,36.13202667236328
1995-06-06,35.826690673828125
1995-06-07,34.70710372924805
1995-06-08,34.198204040527344
1995-06-09,33.791072845458984
1995-06-12,34.096435546875
1995-06-13,34.70710372924805
1995-06-14,34.198204040527344
1995-06-15,34.198204040527344
1995-06-16,34.198204040527344
1995-06-19,35.11423873901367
1995-06-20,34.50354766845703
1995-06-21,35.215999603271484
1995-06-22,36.33558654785156
1995-06-23,36.233829498291016
1995-06-26,35.11423873901367
1995-06-27,34.60532760620117
1995-06-28,34.70710372924805
1995-06-29,35.521366119384766
1995-06-30,35.62314987182617
1995-07-03,36.13202667236328
1995-07-05,36.33558654785156
1995-07-06,36.53916549682617
1995-07-07,37.55696105957031
1995-07-10,37.65873336791992
1995-07-11,37.353397369384766
1995-07-12,37.65873336791992
1995-07-13,37.2515983581543
1995-07-14,36.946285247802734
1995-07-17,38.3712043762207
1995-07-18,38.269432067871094
1995-07-19,36.84450149536133
1995-07-20,36.43737030029297
1995-07-21,36.43737030029297
1995-07-24,36.84450149536133
1995-07-25,37.04806137084961
1995-07-26,37.76051712036133
1995-07-27,37.86229705810547
1995-07-28,38.269432067871094
1995-07-31,38.57476043701172
1995-08-01,38.269432067871094
1995-08-02,38.67653274536133
1995-08-03,38.43124008178711
1995-08-04,38.53345489501953
1995-08-07,39.248905181884766
1995-08-08,39.35112762451172
1995-08-09,39.04448699951172
1995-08-10,38.53345489501953
1995-08-11,38.43124008178711
1995-08-14,38.63565444946289
1995-08-15,38.63565444946289
1995-08-16,38.43124008178711
1995-08-17,37.81800079345703
1995-08-18,38.53345489501953
1995-08-21,38.43124008178711
1995-08-22,39.04448699951172
1995-08-23,39.146724700927734
1995-08-24,39.657772064208984
1995-08-25,40.37324142456055
1995-08-28,39.555545806884766
1995-08-29,39.35112762451172
1995-08-30,39.248905181884766
1995-08-31,39.248905181884766
1995-09-01,39.453338623046875
1995-09-05,40.47547912597656
1995-09-06,40.16883087158203
1995-09-07,39.96441650390625
1995-09-08,40.88429641723633
1995-09-11,40.88429641723633
1995-09-12,41.29313659667969
1995-09-13,41.49757385253906
1995-09-14,42.724098205566406
1995-09-15,43.1329460144043
1995-09-18,42.826297760009766
1995-09-19,42.826297760009766
1995-09-20,42.5196647644043
1995-09-21,41.701988220214844
1995-09-22,41.08871841430664
1995-09-25,41.08871841430664
1995-09-26,41.49757385253906
1995-09-27,41.804195404052734
1995-09-28,43.03071594238281
1995-09-29,43.4395751953125
1995-10-02,43.03071594238281
1995-10-03,42.9983024597168
1995-10-04,42.3825569152832
1995-10-05,42.27993392944336
1995-10-06,43.40878677368164
1995-10-09,42.690433502197266
1995-10-10,41.869476318359375
1995-10-11,42.3825569152832
1995-10-12,44.024497985839844
1995-10-13,44.53761672973633
1995-10-16,43.614036560058594
1995-10-17,44.024497985839844
1995-10-18,43.614036560058594
1995-10-19,42.89568328857422
1995-10-20,41.458953857421875
1995-10-23,40.63801574707031
1995-10-24,40.63801574707031
1995-10-25,40.94585418701172
1995-10-26,40.63801574707031
1995-10-27,41.0484733581543
1995-10-30,41.15110397338867
1995-10-31,41.458953857421875
1995-11-01,42.587806701660156
1995-11-02,43.37075424194336
1995-11-03,44.09189987182617
1995-11-06,45.019039154052734
1995-11-07,43.88585662841797
1995-11-08,45.740169525146484
1995-11-09,47.079429626464844
1995-11-10,45.63717269897461
1995-11-13,44.50395965576172
1995-11-14,43.26771545410156
1995-11-15,43.78281784057617
1995-11-16,44.81301498413086
1995-11-17,45.32810592651367
1995-11-20,44.50395965576172
1995-11-21,43.88585662841797
1995-11-22,43.88585662841797
1995-11-24,44.91603469848633
1995-11-27,44.19488525390625
1995-11-28,45.431114196777344
1995-11-29,48.521671295166016
1995-11-30,49.03676223754883
1995-12-01,48.93376922607422
1995-12-04,49.654876708984375
1995-12-05,51.406166076660156
1995-12-06,51.09713363647461
1995-12-07,50.582054138183594
1995-12-08,50.27296447753906
1995-12-11,50.066978454589844
1995-12-12,49.963924407958984
1995-12-13,50.37599182128906
1995-12-14,50.582054138183594
1995-12-15,49.86090087890625
1995-12-18,48.10960006713867
1995-12-19,48.521671295166016
1995-12-20,47.594505310058594
1995-12-21,47.182411193847656
1995-12-22,48.418643951416016
1995-12-26,49.75789260864258
1995-12-27,51.71525192260742
1995-12-28,52.33333206176758
1995-12-29,51.61222457885742
1996-01-02,50.89109420776367
1996-01-03,50.47903060913086
1996-01-04,50.788089752197266
1996-01-05,49.963924407958984
1996-01-08,49.654876708984375
1996-01-09,49.39734649658203
1996-01-10,47.38848876953125
1996-01-11,47.38848876953125
1996-01-12,48.62471008300781
1996-01-15,48.31564712524414
1996-01-16,49.4488410949707
1996-01-17,51.200138092041016
1996-01-18,49.963924407958984
1996-01-19,50.582054138183594
1996-01-22,50.37599182128906
1996-01-23,50.89109420776367
1996-01-24,51.09713363647461
1996-01-25,50.27296447753906
1996-01-26,50.066978454589844
1996-01-29,51.303199768066406
1996-01-30,53.054508209228516
1996-01-31,54.187705993652344
1996-02-01,53.6501579284668
1996-02-02,52.61640930175781
1996-02-05,52.61640930175781
1996-02-06,52.92652893066406
1996-02-07,53.236671447753906
1996-02-08,54.063636779785156
1996-02-09,53.960243225097656
1996-02-12,54.68386459350586
1996-02-13,55.20072555541992
1996-02-14,55.820960998535156
1996-02-15,55.924339294433594
1996-02-16,55.614234924316406
1996-02-20,54.47711944580078
1996-02-21,54.78725814819336
1996-02-22,56.95804214477539
1996-02-23,57.78502655029297
1996-02-26,57.37155532836914
1996-02-27,57.061439514160156
1996-02-28,57.164791107177734
1996-02-29,55.304115295410156
1996-03-01,56.44117736816406
1996-03-04,56.75129699707031
1996-03-05,55.924339294433594
1996-03-06,55.924339294433594
1996-03-07,55.614234924316406
1996-03-08,52.306297302246094
1996-03-11,51.789459228515625
1996-03-12,50.65237808227539
1996-03-13,51.892818450927734
1996-03-14,51.789459228515625
1996-03-15,51.479331970214844
1996-03-18,52.92652893066406
1996-03-19,53.029945373535156
1996-03-20,52.82319641113281
1996-03-21,53.236671447753906
1996-03-22,53.6501579284668
1996-03-25,53.34002685546875
1996-03-26,54.167015075683594
1996-03-27,53.960243225097656
1996-03-28,53.546775817871094
1996-03-29,54.580528259277344
1996-04-01,54.78725814819336
1996-04-02,54.580528259277344
1996-04-03,54.68386459350586
1996-04-04,54.47711944580078
1996-04-08,51.68607711791992
1996-04-09,51.065834045410156
1996-04-10,49.20515441894531
1996-04-11,48.89504623413086
1996-04-12,50.342254638671875
1996-04-15,51.58268737792969
1996-04-16,51.272586822509766
1996-04-17,49.92876052856445
1996-04-18,50.135494232177734
1996-04-19,50.549007415771484
1996-04-22,50.859092712402344
1996-04-23,51.789459228515625
1996-04-24,50.96247863769531
1996-04-25,51.272586822509766
1996-04-26,51.375980377197266
1996-04-29,50.96247863769531
1996-04-30,50.859092712402344
1996-05-01,50.549007415771484
1996-05-02,49.07567596435547
1996-05-03,48.03814697265625
1996-05-06,47.415626525878906
1996-05-07,47.31187057495117
1996-05-08,48.971927642822266
1996-05-09,48.7644157409668
1996-05-10,49.17943572998047
1996-05-13,49.80195236206055
1996-05-14,50.424461364746094
1996-05-15,50.63197708129883
1996-05-16,50.52825927734375
1996-05-17,51.254493713378906
1996-05-20,51.46201705932617
1996-05-21,51.87704086303711
1996-05-22,52.29206848144531
1996-05-23,51.66953659057617
1996-05-24,51.77328109741211
1996-05-28,50.73575973510742
1996-05-29,50.8913688659668
1996-05-30,51.82515335083008
1996-05-31,51.66953659057617
1996-06-03,51.82515335083008
1996-06-04,52.75896072387695
1996-06-05,53.84836196899414
1996-06-06,53.53710174560547
1996-06-07,51.82515335083008
1996-06-10,52.75896072387695
1996-06-11,53.070220947265625
1996-06-12,53.53710174560547
1996-06-13,54.31523132324219
1996-06-14,53.69271469116211
1996-06-17,53.69271469116211
1996-06-18,54.47089767456055
1996-06-19,54.00400924682617
1996-06-20,53.69271469116211
1996-06-21,54.31523132324219
1996-06-24,54.62654113769531
1996-06-25,56.027183532714844
1996-06-26,55.249046325683594
1996-06-27,55.71593475341797
1996-06-28,56.805362701416016
1996-07-01,57.27225112915039
1996-07-02,58.2060661315918
1996-07-03,57.11662292480469
1996-07-05,55.40467071533203
1996-07-08,54.15959930419922
1996-07-09,54.00400924682617
1996-07-10,53.38145446777344
1996-07-11,51.3582763671875
1996-07-12,51.66953659057617
1996-07-15,50.268856048583984
1996-07-16,50.73575973510742
1996-07-17,51.98080825805664
1996-07-18,53.070220947265625
1996-07-19,52.29206848144531
1996-07-22,51.20262908935547
1996-07-23,51.20262908935547
1996-07-24,50.58011245727539
1996-07-25,51.047027587890625
1996-07-26,50.73575973510742
1996-07-29,51.047027587890625
1996-07-30,50.58011245727539
1996-07-31,52.60332107543945
1996-08-01,55.1335334777832
1996-08-02,56.07062530517578
1996-08-05,55.28969955444336
1996-08-06,55.75827407836914
1996-08-07,57.16395950317383
1996-08-08,56.8515625
1996-08-09,56.69536209106445
1996-08-12,57.32011413574219
1996-08-13,56.22684860229492
1996-08-14,55.91447067260742
1996-08-15,55.75827407836914
1996-08-16,57.00774002075195
1996-08-19,57.32011413574219
1996-08-20,57.78870391845703
1996-08-21,57.16395950317383
1996-08-22,57.78870391845703
1996-08-23,57.16395950317383
1996-08-26,57.00774002075195
1996-08-27,57.32011413574219
1996-08-28,56.539207458496094
1996-08-29,55.28969955444336
1996-08-30,54.19642639160156
1996-09-03,55.28969955444336
1996-09-04,54.35258865356445
1996-09-05,53.72785186767578
1996-09-06,54.66495895385742
1996-09-09,56.22684860229492
1996-09-10,55.91447067260742
1996-09-11,56.383026123046875
1996-09-12,56.8515625
1996-09-13,58.56962966918945
1996-09-16,58.725791931152344
1996-09-17,58.725791931152344
1996-09-18,57.78870391845703
1996-09-19,58.725791931152344
1996-09-20,59.35055160522461
1996-09-23,59.35055160522461
1996-09-24,58.88198471069336
1996-09-25,59.81911087036133
1996-09-26,60.91236877441406
1996-09-27,61.068580627441406
1996-09-30,61.38096618652344
1996-10-01,62.31808090209961
1996-10-02,63.7237434387207
1996-10-03,63.7237434387207
1996-10-04,66.37889099121094
1996-10-07,66.37889099121094
1996-10-08,64.97319030761719
1996-10-09,64.19229125976562
1996-10-10,63.41132736206055
1996-10-11,64.8170394897461
1996-10-14,66.22268676757812
1996-10-15,65.91032409667969
1996-10-16,65.91032409667969
1996-10-17,66.53507232666016
1996-10-18,66.22268676757812
1996-10-21,66.53507232666016
1996-10-22,66.22268676757812
1996-10-23,66.8474349975586
1996-10-24,66.53507232666016
1996-10-25,65.754150390625
1996-10-28,65.12939453125
1996-10-29,67.94074249267578
1996-10-30,67.4721908569336
1996-10-31,67.97339630126953
1996-11-01,67.97339630126953
1996-11-04,69.38297271728516
1996-11-05,72.20211791992188
1996-11-06,75.49114990234375
1996-11-07,75.96105194091797
1996-11-08,78.31034088134766
1996-11-11,75.02132415771484
1996-11-12,75.96105194091797
1996-11-13,75.02132415771484
1996-11-14,75.02132415771484
1996-11-15,75.64775848388672
1996-11-18,75.64775848388672
1996-11-19,75.8044204711914
1996-11-20,76.11767578125
1996-11-21,74.70806884765625
1996-11-22,75.33453369140625
1996-11-25,77.8926773071289
1996-11-26,76.22210693359375
1996-11-27,75.38672637939453
1996-11-29,75.17793273925781
1996-12-02,74.34261322021484
1996-12-03,72.88079833984375
1996-12-04,72.33265686035156
1996-12-05,71.41900634765625
1996-12-06,70.79254150390625
1996-12-09,73.71607971191406
1996-12-10,73.71607971191406
1996-12-11,71.83668518066406
1996-12-12,70.16607666015625
1996-12-13,70.58372497558594
1996-12-16,70.37487030029297
1996-12-17,70.79254150390625
1996-12-18,72.25434112548828
1996-12-19,74.1337890625
1996-12-20,75.5955581665039
1996-12-23,76.01326751708984
1996-12-24,77.26622009277344
1996-12-26,77.47502136230469
1996-12-27,77.0573501586914
1996-12-30,79.14566040039062
1996-12-31,75.8044204711914
1997-01-02,74.34261322021484
1997-01-03,75.38672637939453
1997-01-06,75.8044204711914
1997-01-07,75.17793273925781
1997-01-08,74.9691390991211
1997-01-09,76.63972473144531
1997-01-10,75.5955581665039
1997-01-13,78.72801208496094
1997-01-14,81.02509307861328
1997-01-15,79.7721176147461
1997-01-16,80.39863586425781
1997-01-17,84.57518005371094
1997-01-20,86.87227630615234
1997-01-21,85.61931610107422
1997-01-22,89.5870361328125
1997-01-23,87.49874114990234
1997-01-24,85.41049194335938
1997-01-27,84.36631774902344
1997-01-28,84.9927978515625
1997-01-29,85.20159912109375
1997-01-30,87.96631622314453
1997-01-31,87.75686645507812
1997-02-03,91.31737518310547
1997-02-04,91.31737518310547
1997-02-05,89.43241119384766
1997-02-06,89.0135269165039
1997-02-07,87.96631622314453
1997-02-10,86.91910552978516
1997-02-11,88.38518524169922
1997-02-12,92.99295043945312
1997-02-13,94.87794494628906
1997-02-14,92.99295043945312
1997-02-18,97.60072326660156
1997-02-19,96.13459777832031
1997-02-20,92.1551742553711
1997-02-21,91.7363052368164
1997-02-24,93.41181945800781
1997-02-25,96.76289367675781
1997-02-26,92.99295043945312
1997-02-27,89.22293090820312
1997-02-28,89.85128784179688
1997-03-03,91.52687072753906
1997-03-04,88.17577362060547
1997-03-05,91.52687072753906
1997-03-06,91.52687072753906
1997-03-07,92.99295043945312
1997-03-10,94.87794494628906
1997-03-11,94.04019165039062
1997-03-12,91.52687072753906
1997-03-13,88.59461212158203
1997-03-14,89.22293090820312
1997-03-17,86.91910552978516
1997-03-18,88.17577362060547
1997-03-19,87.3379898071289
1997-03-20,84.61518859863281
1997-03-21,85.03410339355469
1997-03-24,89.22293090820312
1997-03-25,90.0607681274414
1997-03-26,87.54745483398438
1997-03-27,85.2435302734375
1997-03-31,80.42634582519531
1997-04-01,83.56800079345703
1997-04-02,79.1696548461914
1997-04-03,81.05469512939453
1997-04-04,80.42634582519531
1997-04-07,82.10191345214844
1997-04-08,82.52080535888672
1997-04-09,82.52080535888672
1997-04-10,82.10191345214844
1997-04-11,77.70358276367188
1997-04-14,81.05469512939453
1997-04-15,84.19636535644531
1997-04-16,85.45293426513672
1997-04-17,83.98689270019531
1997-04-18,83.7774429321289
1997-04-21,81.05469512939453
1997-04-22,83.98689270019531
1997-04-23,83.7774429321289
1997-04-24,82.31135559082031
1997-04-25,81.89242553710938
1997-04-28,84.19636535644531
1997-04-29,92.1551742553711
1997-04-30,92.99295043945312
1997-05-01,90.72480773925781
1997-05-02,91.7749252319336
1997-05-05,94.71504974365234
1997-05-06,95.55510711669922
1997-05-07,91.35486602783203
1997-05-08,93.87500762939453
1997-05-09,92.4049072265625
1997-05-12,93.4549560546875
1997-05-13,94.29501342773438
1997-05-14,94.71504974365234
1997-05-15,94.08499145507812
1997-05-16,92.82493591308594
1997-05-19,93.66497039794922
1997-05-20,96.81511688232422
1997-05-21,93.87500762939453
1997-05-22,93.2449722290039
1997-05-23,94.92503356933594
1997-05-27,94.08499145507812
1997-05-28,93.4549560546875
1997-05-29,91.7749252319336
1997-05-30,92.4049072265625
1997-06-02,92.19491577148438
1997-06-03,93.66497039794922
1997-06-04,92.82493591308594
1997-06-05,94.29501342773438
1997-06-06,97.23516845703125
1997-06-09,98.28522491455078
1997-06-10,100.8053970336914
1997-06-11,102.48546600341797
1997-06-12,105.63563537597656
1997-06-13,106.89566040039062
1997-06-16,105.00559997558594
1997-06-17,106.89566040039062
1997-06-18,108.57582092285156
1997-06-19,108.78579711914062
1997-06-20,110.88587188720703
1997-06-23,106.68572998046875
1997-06-24,108.1557388305664
1997-06-25,107.7357406616211
1997-06-26,106.26567077636719
1997-06-27,107.10568237304688
1997-06-30,105.9506607055664
1997-07-01,108.78579711914062
1997-07-02,112.35596466064453
1997-07-03,112.04097747802734
1997-07-07,113.51106262207031
1997-07-08,112.35596466064453
1997-07-09,110.88587188720703
1997-07-10,112.14598083496094
1997-07-11,111.20092010498047
1997-07-14,109.52082824707031
1997-07-15,111.3059310913086
1997-07-16,115.0860824584961
1997-07-17,113.8260498046875
1997-07-18,111.8309555053711
1997-07-21,110.46589660644531
1997-07-22,113.9310531616211
1997-07-23,114.77104949951172
1997-07-24,118.8663101196289
1997-07-25,117.08130645751953
1997-07-28,116.97621154785156
1997-07-29,119.91638946533203
1997-07-30,120.5464096069336
1997-07-31,121.11467742919922
1997-08-01,119.43097686767578
1997-08-04,117.22128295898438
1997-08-05,117.64218139648438
1997-08-06,117.85262298583984
1997-08-07,115.53767395019531
1997-08-08,111.32862091064453
1997-08-11,113.43313598632812
1997-08-12,110.90780639648438
1997-08-13,114.38023376464844
1997-08-14,114.90638732910156
1997-08-15,110.90780639648438
1997-08-18,112.38092041015625
1997-08-19,114.6958999633789
1997-08-20,115.95861053466797
1997-08-21,113.43313598632812
1997-08-22,112.486083984375
1997-08-25,111.53911590576172
1997-08-26,109.22417449951172
1997-08-27,108.17191314697266
1997-08-28,107.7509765625
1997-08-29,106.90921783447266
1997-09-02,112.5913314819336
1997-09-03,114.06449127197266
1997-09-04,113.64360809326172
1997-09-05,113.64360809326172
1997-09-08,113.74888610839844
1997-09-09,114.6958999633789
1997-09-10,111.32862091064453
1997-09-11,109.4345932006836
1997-09-12,111.53911590576172
1997-09-15,111.6443099975586
1997-09-16,118.16828918457031
1997-09-17,117.64218139648438
1997-09-18,119.1153335571289
1997-09-19,118.7996597290039
1997-09-22,121.74596405029297
1997-09-23,121.3250503540039
1997-09-24,116.90560913085938
1997-09-25,115.43246459960938
1997-09-26,116.48466491699219
1997-09-29,115.2220230102539
1997-09-30,115.01148986816406
1997-10-01,116.69518280029297
1997-10-02,117.74742889404297
1997-10-03,120.69374084472656
1997-10-06,125.32369995117188
1997-10-07,126.6916275024414
1997-10-08,125.53414154052734
1997-10-09,125.42892456054688
1997-10-10,125.42892456054688
1997-10-13,126.79681396484375
1997-10-14,127.00725555419922
1997-10-15,125.74456024169922
1997-10-16,124.37659454345703
1997-10-17,122.69306182861328
1997-10-20,123.64006805419922
1997-10-21,126.58639526367188
1997-10-22,128.5857391357422
1997-10-23,125.95496368408203
1997-10-24,122.79824829101562
1997-10-27,109.4345932006836
1997-10-28,117.53697967529297
1997-10-29,118.69445037841797
1997-10-30,117.15483856201172
1997-10-31,118.10399627685547
1997-11-03,120.42378234863281
1997-11-04,123.06005859375
1997-11-05,125.8017349243164
1997-11-06,126.96171569824219
1997-11-07,125.16903686523438
1997-11-10,123.27099609375
1997-11-11,121.7947006225586
1997-11-12,116.3112564086914
1997-11-13,117.47122955322266
1997-11-14,119.15853118896484
1997-11-17,124.00910949707031
1997-11-18,121.7947006225586
1997-11-19,123.90363311767578
1997-11-20,129.0707244873047
1997-11-21,127.64716339111328
1997-11-24,125.2745590209961
1997-11-25,124.95819091796875
1997-11-26,124.641845703125
1997-11-28,128.75439453125
1997-12-01,136.82131958007812
1997-12-02,138.8775177001953
1997-12-03,142.99014282226562
1997-12-04,141.88287353515625
1997-12-05,141.7247314453125
1997-12-08,140.77561950683594
1997-12-09,137.77032470703125
1997-12-10,135.8723602294922
1997-12-11,132.5505828857422
1997-12-12,133.34146118164062
1997-12-15,136.34671020507812
1997-12-16,138.8775177001953
1997-12-17,141.56655883789062
1997-12-18,139.51023864746094
1997-12-19,134.13233947753906
1997-12-22,131.60145568847656
1997-12-23,132.70877075195312
1997-12-24,130.3361358642578
1997-12-26,130.49432373046875
1997-12-29,131.9178466796875
1997-12-30,136.0304412841797
1997-12-31,136.34671020507812
1998-01-02,135.39768981933594
1998-01-05,134.44866943359375
1998-01-06,135.08135986328125
1998-01-07,130.65240478515625
1998-01-08,127.17256927490234
1998-01-09,120.68743133544922
1998-01-12,119.58023834228516
1998-01-13,125.59088134765625
1998-01-14,127.17256927490234
1998-01-15,125.90717315673828
1998-01-16,128.27984619140625
1998-01-20,128.43797302246094
1998-01-21,126.53987884521484
1998-01-22,122.2691879272461
1998-01-23,121.47831726074219
1998-01-26,119.10560607910156
1998-01-27,124.95819091796875
1998-01-28,126.8563461303711
1998-01-29,126.8563461303711
1998-01-30,125.4327392578125
1998-02-02,131.9178466796875
1998-02-03,134.76499938964844
1998-02-04,134.6067657470703
1998-02-05,134.4483184814453
1998-02-06,134.2897491455078
1998-02-09,134.76539611816406
1998-02-10,137.9363250732422
1998-02-11,137.3020782470703
1998-02-12,139.20472717285156
1998-02-13,138.57054138183594
1998-02-17,140.1559600830078
1998-02-18,141.42433166503906
1998-02-19,139.83888244628906
1998-02-20,142.2170867919922
1998-02-23,141.10728454589844
1998-02-24,139.68032836914062
1998-02-25,142.0585479736328
1998-02-26,142.0585479736328
1998-02-27,141.10728454589844
1998-03-02,139.20472717285156
1998-03-03,141.10728454589844
1998-03-04,139.83888244628906
1998-03-05,141.10728454589844
1998-03-06,141.42433166503906
1998-03-09,140.79022216796875
1998-03-10,146.49789428710938
1998-03-11,149.66883850097656
1998-03-12,152.20565795898438
1998-03-13,153.1569366455078
1998-03-16,152.83985900878906
1998-03-17,154.74241638183594
1998-03-18,153.79115295410156
1998-03-19,154.26673889160156
1998-03-20,157.27915954589844
1998-03-23,153.632568359375
1998-03-24,157.27915954589844
1998-03-25,158.54757690429688
1998-03-26,160.13294982910156
1998-03-27,157.27915954589844
1998-03-30,153.4739990234375
1998-03-31,152.20565795898438
1998-04-01,151.2543182373047
1998-04-02,155.37660217285156
1998-04-03,156.48638916015625
1998-04-06,185.1835479736328
1998-04-07,173.45098876953125
1998-04-08,170.59715270996094
1998-04-09,170.7556610107422
1998-04-13,168.69459533691406
1998-04-14,169.64585876464844
1998-04-15,164.2552490234375
1998-04-16,160.60870361328125
1998-04-17,164.2552490234375
1998-04-20,163.30398559570312
1998-04-21,164.88937377929688
1998-04-22,165.52359008789062
1998-04-23,161.71853637695312
1998-04-24,159.498779296875
1998-04-27,155.37660217285156
1998-04-28,154.10826110839844
1998-04-29,153.94956970214844
1998-04-30,155.53839111328125
1998-05-01,158.0803985595703
1998-05-04,157.28599548339844
1998-05-05,155.3795166015625
1998-05-06,152.20199584960938
1998-05-07,153.15528869628906
1998-05-08,151.5664825439453
1998-05-11,154.267333984375
1998-05-12,157.44496154785156
1998-05-13,156.65049743652344
1998-05-14,154.42633056640625
1998-05-15,159.19248962402344
1998-05-18,159.19248962402344
1998-05-19,161.5754852294922
1998-05-20,164.91197204589844
1998-05-21,161.25790405273438
1998-05-22,160.46347045898438
1998-05-26,159.51026916503906
1998-05-27,155.22061157226562
1998-05-28,156.65049743652344
1998-05-29,155.6973114013672
1998-06-01,160.14581298828125
1998-06-02,162.37005615234375
1998-06-03,158.8748016357422
1998-06-04,160.46347045898438
1998-06-05,163.6410369873047
1998-06-08,164.91197204589844
1998-06-09,164.27651977539062
1998-06-10,161.7345733642578
1998-06-11,157.6038055419922
1998-06-12,158.23924255371094
1998-06-15,152.20199584960938
1998-06-16,152.51983642578125
1998-06-17,157.6038055419922
1998-06-18,156.65049743652344
1998-06-19,155.85609436035156
1998-06-22,154.267333984375
1998-06-23,154.90283203125
1998-06-24,159.35134887695312
1998-06-25,157.6038055419922
1998-06-26,156.33274841308594
1998-06-29,156.17391967773438
1998-06-30,154.10855102539062
1998-07-01,160.46347045898438
1998-07-02,161.7345733642578
1998-07-06,162.21119689941406
1998-07-07,164.1176300048828
1998-07-08,176.033203125
1998-07-09,173.80899047851562
1998-07-10,175.39772033691406
1998-07-13,178.0985870361328
1998-07-14,180.64059448242188
1998-07-15,178.8930206298828
1998-07-16,180.32281494140625
1998-07-17,182.22933959960938
1998-07-20,184.6124725341797
1998-07-21,175.39772033691406
1998-07-22,176.033203125
1998-07-23,170.63148498535156
1998-07-24,169.04278564453125
1998-07-27,171.5847625732422
1998-07-28,167.7718048095703
1998-07-29,168.40724182128906
1998-07-30,173.9783477783203
1998-07-31,171.2724609375
1998-08-03,166.33798217773438
1998-08-04,157.42425537109375
1998-08-05,159.81173706054688
1998-08-06,160.76683044433594
1998-08-07,155.8323974609375
1998-08-10,156.78738403320312
1998-08-11,149.6245574951172
1998-08-12,150.73875427246094
1998-08-13,144.53097534179688
1998-08-14,142.620849609375
1998-08-17,148.19198608398438
1998-08-18,151.69387817382812
1998-08-19,148.19198608398438
1998-08-20,143.0983123779297
1998-08-21,139.1190185546875
1998-08-24,137.2089080810547
1998-08-25,140.3923797607422
1998-08-26,139.1190185546875
1998-08-27,128.61341857910156
1998-08-28,123.0423812866211
1998-08-31,113.01428985595703
1998-09-01,110.46753692626953
1998-09-02,113.3326416015625
1998-09-03,104.7372055053711
1998-09-04,99.48442077636719
1998-09-08,107.44318389892578
1998-09-09,102.03119659423828
1998-09-10,100.5986557006836
1998-09-11,104.10050964355469
1998-09-14,105.69222259521484
1998-09-15,109.35331726074219
1998-09-16,109.8308334350586
1998-09-17,103.6230239868164
1998-09-18,102.34961700439453
1998-09-21,100.91699981689453
1998-09-22,100.28028869628906
1998-09-23,109.35331726074219
1998-09-24,103.14546203613281
1998-09-25,102.5087661743164
1998-09-28,103.14546203613281
1998-09-29,99.80278778076172
1998-09-30,95.50503540039062
1998-10-01,91.04817199707031
1998-10-02,98.21104431152344
1998-10-05,87.8646469116211
1998-10-06,87.8646469116211
1998-10-07,80.86092376708984
1998-10-08,82.77102661132812
1998-10-09,90.25225830078125
1998-10-12,88.9788818359375
1998-10-13,88.7401351928711
1998-10-14,90.72977447509766
1998-10-15,101.39448547363281
1998-10-16,106.4881591796875
1998-10-19,108.87578582763672
1998-10-20,115.40192413330078
1998-10-21,111.9001235961914
1998-10-22,114.7652587890625
1998-10-23,118.74458312988281
1998-10-26,117.94873809814453
1998-10-27,110.94505310058594
1998-10-28,112.8551025390625
1998-10-29,116.3521499633789
1998-10-30,120.1878662109375
1998-11-02,117.95035552978516
1998-11-03,112.83598327636719
1998-11-04,112.83598327636719
1998-11-05,115.07350158691406
1998-11-06,117.95035552978516
1998-11-09,114.75381469726562
1998-11-10,111.23771667480469
1998-11-11,108.36088562011719
1998-11-12,107.24210357666016
1998-11-13,110.9180908203125
1998-11-16,112.83598327636719
1998-11-17,115.87258911132812
1998-11-18,113.15562438964844
1998-11-19,113.63504791259766
1998-11-20,115.23333740234375
1998-11-23,125.30224609375
1998-11-24,129.45765686035156
1998-11-25,133.9326934814453
1998-11-27,135.2113494873047
1998-11-30,128.4987335205078
1998-12-01,127.85942077636719
1998-12-02,128.6585693359375
1998-12-03,123.22455596923828
1998-12-04,126.74073791503906
1998-12-07,125.46206665039062
1998-12-08,124.02369689941406
1998-12-09,125.94154357910156
1998-12-10,122.58529663085938
1998-12-11,122.10578918457031
1998-12-14,117.79047393798828
1998-12-15,124.66300964355469
1998-12-16,121.7861099243164
1998-12-17,127.85942077636719
1998-12-18,127.53980255126953
1998-12-21,130.7362823486328
1998-12-22,128.9782257080078
1998-12-23,132.33447265625
1998-12-24,132.01490783691406
1998-12-28,130.57647705078125
1998-12-29,130.41665649414062
1998-12-30,129.29788208007812
1998-12-31,127.06034851074219
1999-01-04,128.6585693359375
1999-01-05,131.055908203125
1999-01-06,139.047119140625
1999-01-07,149.5955810546875
1999-01-08,148.15708923339844
1999-01-11,147.67762756347656
1999-01-12,142.56321716308594
1999-01-13,133.45327758789062
1999-01-14,130.0969696044922
1999-01-15,131.6952362060547
1999-01-19,131.85504150390625
1999-01-20,136.17030334472656
1999-01-21,134.0926055908203
1999-01-22,132.01490783691406
1999-01-25,136.17030334472656
1999-01-26,141.9239959716797
1999-01-27,138.08819580078125
1999-01-28,142.39865112304688
1999-01-29,143.84185791015625
1999-02-01,139.8329315185547
1999-02-02,136.14468383789062
1999-02-03,139.51217651367188
1999-02-04,136.30502319335938
1999-02-05,135.66360473632812
1999-02-08,134.70138549804688
1999-02-09,129.89065551757812
1999-02-10,134.38072204589844
1999-02-11,137.5878448486328
1999-02-12,133.09783935546875
1999-02-16,137.1067657470703
1999-02-17,136.14468383789062
1999-02-18,135.8238983154297
1999-02-19,139.0310516357422
1999-02-22,142.2383270263672
1999-02-23,149.29405212402344
1999-02-24,146.0869140625
1999-02-25,145.28509521484375
1999-02-26,150.7373046875
1999-03-01,157.1516876220703
1999-03-02,151.3787078857422
1999-03-03,148.49227905273438
1999-03-04,154.74632263183594
1999-03-05,158.4345703125
1999-03-08,159.07601928710938
1999-03-09,160.35891723632812
1999-03-10,164.20742797851562
1999-03-11,169.1785888671875
1999-03-12,169.1785888671875
1999-03-15,169.1785888671875
1999-03-16,165.49026489257812
1999-03-17,161.00027465820312
1999-03-18,165.971435546875
1999-03-19,164.84884643554688
1999-03-22,163.2453155517578
1999-03-23,156.83094787597656
1999-03-24,154.26513671875
1999-03-25,161.64178466796875
1999-03-26,162.60379028320312
1999-03-29,164.5281524658203
1999-03-30,164.5281524658203
1999-03-31,163.8867645263672
1999-04-01,165.971435546875
1999-04-05,170.621826171875
1999-04-06,171.9047393798828
1999-04-07,183.93161010742188
1999-04-08,187.29917907714844
1999-04-09,188.90261840820312
1999-04-12,189.86485290527344
1999-04-13,193.072021484375
1999-04-14,188.26123046875
1999-04-15,182.3280029296875
1999-04-16,183.7711944580078
1999-04-19,181.20555114746094
1999-04-20,186.81805419921875
1999-04-21,189.86485290527344
1999-04-22,192.4305877685547
1999-04-23,192.10984802246094
1999-04-26,189.38389587402344
1999-04-27,193.71348571777344
1999-04-28,191.30799865722656
1999-04-29,196.35113525390625
1999-04-30,192.65243530273438
1999-05-03,192.9740753173828
1999-05-04,185.8983154296875
1999-05-05,187.1849822998047
1999-05-06,179.62664794921875
1999-05-07,180.4307403564453
1999-05-10,183.4861602783203
1999-05-11,186.5415802001953
1999-05-12,190.2403106689453
1999-05-13,188.95382690429688
1999-05-14,182.68209838867188
1999-05-17,180.10916137695312
1999-05-18,177.69705200195312
1999-05-19,181.2348175048828
1999-05-20,177.5361785888672
1999-05-21,174.48068237304688
1999-05-24,167.56588745117188
1999-05-25,161.4550323486328
1999-05-26,166.44020080566406
1999-05-27,163.22393798828125
1999-05-28,170.46047973632812
1999-06-01,165.71649169921875
1999-06-02,160.65087890625
1999-06-03,163.0630645751953
1999-06-04,168.61109924316406
1999-06-07,170.54086303710938
1999-06-08,166.68133544921875
1999-06-09,167.16378784179688
1999-06-10,163.0630645751953
1999-06-11,166.19888305664062
1999-06-14,162.58067321777344
1999-06-15,169.09356689453125
1999-06-16,178.0185546875
1999-06-17,181.1544647216797
1999-06-18,178.7422332763672
1999-06-21,180.6719512939453
1999-06-22,178.5010986328125
1999-06-23,176.33001708984375
1999-06-24,169.09356689453125
1999-06-25,169.09356689453125
1999-06-28,177.5361785888672
1999-06-29,177.7773895263672
1999-06-30,183.32530212402344
1999-07-01,187.1849822998047
1999-07-02,188.8734588623047
1999-07-06,188.63214111328125
1999-07-07,188.14974975585938
1999-07-08,186.21994018554688
1999-07-09,188.8734588623047
1999-07-12,188.14974975585938
1999-07-13,184.04898071289062
1999-07-14,183.08424377441406
1999-07-15,185.255126953125
1999-07-16,189.11459350585938
1999-07-19,189.83824157714844
1999-07-20,187.66725158691406
1999-07-21,183.56658935546875
1999-07-22,184.7727508544922
1999-07-23,182.84295654296875
1999-07-26,181.87811279296875
1999-07-27,182.36050415039062
1999-07-28,183.56658935546875
1999-07-29,177.09262084960938
1999-07-30,172.49594116210938
1999-08-02,170.8024139404297
1999-08-03,170.8024139404297
1999-08-04,170.07662963867188
1999-08-05,170.318603515625
1999-08-06,164.5122528076172
1999-08-09,164.99609375
1999-08-10,163.54444885253906
1999-08-11,169.59274291992188
1999-08-12,170.560546875
1999-08-13,177.81838989257812
1999-08-16,179.26992797851562
1999-08-17,184.3505096435547
1999-08-18,181.0843963623047
1999-08-19,176.60867309570312
1999-08-20,179.26992797851562
1999-08-23,187.9793701171875
1999-08-24,189.67288208007812
1999-08-25,189.67288208007812
1999-08-26,184.59230041503906
1999-08-27,181.93112182617188
1999-08-30,173.22166442871094
1999-08-31,172.01211547851562
1999-09-01,173.7054901123047
1999-09-02,170.07662963867188
1999-09-03,176.60867309570312
1999-09-07,173.46356201171875
1999-09-08,170.8024139404297
1999-09-09,169.35084533691406
1999-09-10,167.89932250976562
1999-09-13,167.89932250976562
1999-09-14,166.68954467773438
1999-09-15,166.68954467773438
1999-09-16,167.17340087890625
1999-09-17,169.10890197753906
1999-09-20,170.560546875
1999-09-21,165.47994995117188
1999-09-22,165.9638671875
1999-09-23,166.93154907226562
1999-09-24,169.35084533691406
1999-09-27,165.9638671875
1999-09-28,169.35084533691406
1999-09-29,165.23800659179688
1999-09-30,170.318603515625
1999-10-01,167.4153594970703
1999-10-04,172.9796905517578
1999-10-05,174.91531372070312
1999-10-06,179.51185607910156
1999-10-07,177.576416015625
1999-10-08,180.23765563964844
1999-10-11,177.576416015625
1999-10-12,176.1248321533203
1999-10-13,169.59274291992188
1999-10-14,170.07662963867188
1999-10-15,163.06063842773438
1999-10-18,169.10890197753906
1999-10-19,173.9474639892578
1999-10-20,179.02809143066406
1999-10-21,181.6892852783203
1999-10-22,186.52781677246094
1999-10-25,185.07627868652344
1999-10-26,187.73760986328125
1999-10-27,198.62435913085938
1999-10-28,210.0843505859375
1999-10-29,210.569580078125
1999-11-01,207.17327880859375
1999-11-02,208.38616943359375
1999-11-03,205.7177276611328
1999-11-04,212.51019287109375
1999-11-05,211.05467224121094
1999-11-08,209.35653686523438
1999-11-09,204.9899444580078
1999-11-10,203.77694702148438
1999-11-11,202.3214874267578
1999-11-12,212.99559020996094
1999-11-15,216.8769989013672
1999-11-16,225.12503051757812
1999-11-17,218.817626953125
1999-11-18,218.33250427246094
1999-11-19,219.3028564453125
1999-11-22,217.3621368408203
1999-11-23,212.26768493652344
1999-11-24,209.35653686523438
1999-11-26,211.05467224121094
1999-11-29,205.7177276611328
1999-11-30,209.1139678955078
1999-12-01,210.81207275390625
1999-12-02,209.5991973876953
1999-12-03,221.9713592529297
1999-12-06,218.08985900878906
1999-12-07,221.9713592529297
1999-12-08,217.1800994873047
1999-12-09,213.96578979492188
1999-12-10,217.84732055664062
1999-12-13,214.7543182373047
1999-12-14,207.65847778320312
1999-12-15,211.53993225097656
1999-12-16,209.5991973876953
1999-12-17,211.53993225097656
1999-12-20,211.23666381835938
1999-12-21,217.3621368408203
1999-12-22,213.48057556152344
1999-12-23,215.90655517578125
1999-12-27,211.53993225097656
1999-12-28,215.42135620117188
1999-12-29,212.99559020996094
1999-12-30,214.69354248046875
1999-12-31,216.1491241455078
2000-01-03,205.7177276611328
2000-01-04,193.10292053222656
2000-01-05,200.86582946777344
2000-01-06,210.569580078125
2000-01-07,209.5991973876953
2000-01-10,208.8713836669922
2000-01-11,206.20291137695312
2000-01-12,213.48057556152344
2000-01-13,215.90655517578125
2000-01-14,225.12503051757812
2000-01-18,227.06578063964844
2000-01-19,231.9176483154297
2000-01-20,227.49032592773438
2000-01-21,219.06028747558594
2000-01-24,214.2084197998047
2000-01-25,216.8769989013672
2000-01-26,225.61009216308594
2000-01-27,229.00653076171875
2000-01-28,217.84732055664062
2000-01-31,221.24359130859375
2000-02-01,226.09552001953125
2000-02-02,224.15472412109375
2000-02-03,219.1822509765625
2000-02-04,213.10060119628906
2000-02-07,211.6410369873047
2000-02-08,217.9660186767578
2000-02-09,210.9112091064453
2000-02-10,208.96511840820312
2000-02-11,210.18150329589844
2000-02-14,210.18150329589844
2000-02-15,213.5873565673828
2000-02-16,208.72178649902344
2000-02-17,204.34307861328125
2000-02-18,200.2075653076172
2000-02-22,198.5048065185547
2000-02-23,198.26144409179688
2000-02-24,191.6933135986328
2000-02-25,186.82797241210938
2000-02-28,190.72019958496094
2000-02-29,201.4238739013672
2000-03-01,200.93743896484375
2000-03-02,200.450927734375
2000-03-03,207.99217224121094
2000-03-06,203.126708984375
2000-03-07,196.07199096679688
2000-03-08,196.5586395263672
2000-03-09,196.07199096679688
2000-03-10,190.72019958496094
2000-03-13,194.36911010742188
2000-03-14,193.63938903808594
2000-03-15,203.3699951171875
2000-03-16,218.45254516601562
2000-03-17,221.8582763671875
2000-03-20,218.69578552246094
2000-03-21,225.99366760253906
2000-03-22,228.66957092285156
2000-03-23,240.1031951904297
2000-03-24,235.72438049316406
2000-03-27,233.77833557128906
2000-03-28,237.42726135253906
2000-03-29,236.4541778564453
2000-03-30,237.42726135253906
2000-03-31,233.04849243164062
2000-04-03,241.31954956054688
2000-04-04,229.6427764892578
2000-04-05,228.42645263671875
2000-04-06,230.8590850830078
2000-04-07,229.6427764892578
2000-04-10,242.29257202148438
2000-04-11,246.91461181640625
2000-04-12,245.21177673339844
2000-04-13,243.50888061523438
2000-04-14,225.75048828125
2000-04-17,230.61572265625
2000-04-18,241.80601501464844
2000-04-19,232.07522583007812
2000-04-20,238.40029907226562
2000-04-24,240.58969116210938
2000-04-25,251.0500946044922
2000-04-26,243.26565551757812
2000-04-27,239.9877166748047
2000-04-28,230.23214721679688
2000-05-01,235.3538055419922
2000-05-02,238.52430725097656
2000-05-03,234.62225341796875
2000-05-04,228.76890563964844
2000-05-05,232.4271697998047
2000-05-08,233.15875244140625
2000-05-09,232.18309020996094
2000-05-10,220.23255920410156
2000-05-11,229.7442626953125
2000-05-12,234.865966796875
2000-05-15,245.3532257080078
2000-05-16,240.7194366455078
2000-05-17,238.28054809570312
2000-05-18,240.23167419433594
2000-05-19,237.79269409179688
2000-05-22,239.256103515625
2000-05-23,243.15823364257812
2000-05-24,239.4999237060547
2000-05-25,228.5249481201172
2000-05-26,227.30557250976562
2000-05-30,235.3538055419922
2000-05-31,242.67047119140625
2000-06-01,247.060546875
2000-06-02,259.9866943359375
2000-06-05,259.2549743652344
2000-06-06,252.9138641357422
2000-06-07,259.01116943359375
2000-06-08,251.6945343017578
2000-06-09,249.74331665039062
2000-06-12,249.74331665039062
2000-06-13,254.8649444580078
2000-06-14,261.9378967285156
2000-06-15,253.15782165527344
2000-06-16,244.62173461914062
2000-06-19,250.96273803710938
2000-06-20,251.20675659179688
2000-06-21,243.88995361328125
2000-06-22,242.9143524169922
2000-06-23,241.4509735107422
2000-06-26,249.74331665039062
2000-06-27,249.49942016601562
2000-06-28,250.47500610351562
2000-06-29,244.37783813476562
2000-06-30,235.10992431640625
2000-07-03,243.6460723876953
2000-07-05,246.81674194335938
2000-07-06,249.25555419921875
2000-07-07,254.3773193359375
2000-07-10,254.62109375
2000-07-11,260.9622497558594
2000-07-12,260.9622497558594
2000-07-13,259.9866943359375
2000-07-14,265.3523254394531
2000-07-17,259.01116943359375
2000-07-18,260.2305603027344
2000-07-19,265.3523254394531
2000-07-20,275.351806640625
2000-07-21,276.57122802734375
2000-07-24,276.0834045410156
2000-07-25,274.8640441894531
2000-07-26,271.6934814453125
2000-07-27,272.9128723144531
2000-07-28,268.0350646972656
2000-07-31,275.1078186035156
2000-08-01,275.1078186035156
2000-08-02,277.0588684082031
2000-08-03,279.0093994140625
2000-08-04,287.5679626464844
2000-08-07,288.3016357421875
2000-08-08,284.8781433105469
2000-08-09,284.1444396972656
2000-08-10,278.52032470703125
2000-08-11,283.41094970703125
2000-08-14,289.5242614746094
2000-08-15,289.2797546386719
2000-08-16,286.3452453613281
2000-08-17,292.4584045410156
2000-08-18,292.5809326171875
2000-08-21,300.7725830078125
2000-08-22,302.4844055175781
2000-08-23,294.9039611816406
2000-08-24,300.2835693359375
2000-08-25,297.10467529296875
2000-08-28,307.1304626464844
2000-08-29,302.5658264160156
2000-08-30,302.5658264160156
2000-08-31,304.6036682128906
2000-09-01,299.9575500488281
2000-09-05,300.2835693359375
2000-09-06,286.5084228515625
2000-09-07,285.6116943359375
2000-09-08,294.7408752441406
2000-09-11,296.044921875
2000-09-12,294.7408752441406
2000-09-13,290.82818603515625
2000-09-14,293.27374267578125
2000-09-15,287.2419128417969
2000-09-18,279.0908508300781
2000-09-19,283.0034484863281
2000-09-20,277.4607238769531
2000-09-21,268.65771484375
2000-09-22,275.1783447265625
2000-09-25,282.3513488769531
2000-09-26,279.0908508300781
2000-09-27,266.701416015625
2000-09-28,278.7648620605469
2000-09-29,282.0252685546875
2000-10-02,288.8720397949219
2000-10-03,296.6971130371094
2000-10-04,285.6116943359375
2000-10-05,292.784423828125
2000-10-06,279.0908508300781
2000-10-09,274.5263671875
2000-10-10,266.04931640625
2000-10-11,258.2242736816406
2000-10-12,243.8784942626953
2000-10-13,259.8546142578125
2000-10-16,265.0711364746094
2000-10-17,257.5721740722656
2000-10-18,258.55035400390625
2000-10-19,267.67950439453125
2000-10-20,265.7232360839844
2000-10-23,263.1148681640625
2000-10-24,269.6356506347656
2000-10-25,264.09295654296875
2000-10-26,255.61598205566406
2000-10-27,262.13677978515625
2000-10-30,268.98370361328125
2000-10-31,274.5263671875
2000-11-01,269.6356506347656
2000-11-02,277.5603942871094
2000-11-03,282.1374206542969
2000-11-06,287.0412902832031
2000-11-07,286.38739013671875
2000-11-08,277.5603942871094
2000-11-09,275.59893798828125
2000-11-10,269.3873291015625
2000-11-13,264.1566467285156
2000-11-14,265.46417236328125
2000-11-15,262.5216979980469
2000-11-16,270.3681335449219
2000-11-17,267.343994140625
2000-11-20,258.2718200683594
2000-11-21,256.964111328125
2000-11-22,246.175537109375
2000-11-24,247.48321533203125
2000-11-27,248.13706970214844
2000-11-28,249.1177978515625
2000-11-29,258.5985107421875
2000-11-30,260.56036376953125
2000-12-01,255.98329162597656
2000-12-04,250.09860229492188
2000-12-05,265.46417236328125
2000-12-06,260.2331848144531
2000-12-07,260.2331848144531
2000-12-08,269.3873291015625
2000-12-11,276.57958984375
2000-12-12,275.2718200683594
2000-12-13,277.2335205078125
2000-12-14,265.46417236328125
2000-12-15,251.40631103515625
2000-12-18,258.2718200683594
2000-12-19,262.8485412597656
2000-12-20,251.0794219970703
2000-12-21,255.0025177001953
2000-12-22,261.86785888671875
2000-12-26,266.4448547363281
2000-12-27,266.1180725097656
2000-12-28,268.07952880859375
2000-12-29,267.0987548828125
2001-01-02,264.1566467285156
2001-01-03,287.36822509765625
2001-01-04,291.2913513183594
2001-01-05,280.82965087890625
2001-01-08,279.1949462890625
2001-01-09,272.9835205078125
2001-01-10,282.1374206542969
2001-01-11,287.69525146484375
2001-01-12,277.8873596191406
2001-01-16,286.06048583984375
2001-01-17,281.4835510253906
2001-01-18,283.7720947265625
2001-01-19,284.4258728027344
2001-01-22,281.8104248046875
2001-01-23,287.0412902832031
2001-01-24,291.9453125
2001-01-25,289.32977294921875
2001-01-26,288.6759033203125
2001-01-29,293.9720764160156
2001-01-30,293.9720764160156
2001-01-31,292.7690734863281
2001-02-01,294.2373352050781
2001-02-02,290.8287658691406
2001-02-05,295.2338562011719
2001-02-06,289.09820556640625
2001-02-07,285.0603942871094
2001-02-08,283.6968994140625
2001-02-09,283.434814453125
2001-02-12,290.7763671875
2001-02-13,286.2665710449219
2001-02-14,281.3372802734375
2001-02-15,283.5397644042969
2001-02-16,283.1726379394531
2001-02-20,268.48956298828125
2001-02-21,253.28221130371094
2001-02-22,254.8553924560547
2001-02-23,252.75779724121094
2001-02-26,263.77001953125
2001-02-27,261.1480407714844
2001-02-28,257.8968811035156
2001-03-01,255.11756896972656
2001-03-02,251.70896911621094
2001-03-05,253.02001953125
2001-03-06,255.01271057128906
2001-03-07,264.5566711425781
2001-03-08,266.1298522949219
2001-03-09,257.6346435546875
2001-03-12,246.98944091796875
2001-03-13,253.75404357910156
2001-03-14,235.45291137695312
2001-03-15,243.31869506835938
2001-03-16,238.59921264648438
2001-03-19,242.7943115234375
2001-03-20,232.3064727783203
2001-03-21,221.5565185546875
2001-03-22,212.90382385253906
2001-03-23,224.70272827148438
2001-03-26,231.78207397460938
2001-03-27,243.5809783935547
2001-03-28,236.50160217285156
2001-03-29,234.4040069580078
2001-03-30,235.8722381591797
2001-04-02,241.5881805419922
2001-04-03,229.1600341796875
2001-04-04,223.9160614013672
2001-04-05,235.97720336914062
2001-04-06,224.17831420898438
2001-04-09,224.59780883789062
2001-04-10,238.07476806640625
2001-04-11,243.0041046142578
2001-04-12,248.0381622314453
2001-04-16,246.20289611816406
2001-04-17,251.28944396972656
2001-04-18,262.4590759277344
2001-04-19,263.77001953125
2001-04-20,259.1553649902344
2001-04-23,254.27850341796875
2001-04-24,255.3796844482422
2001-04-25,258.5260925292969
2001-04-26,259.62738037109375
2001-04-27,266.96893310546875
2001-04-30,257.7396545410156
2001-05-01,264.29449462890625
2001-05-02,265.34320068359375
2001-05-03,268.182861328125
2001-05-04,267.0259704589844
2001-05-07,266.3422546386719
2001-05-08,261.8725891113281
2001-05-09,260.03216552734375
2001-05-10,260.8209228515625
2001-05-11,259.0330810546875
2001-05-14,263.4502258300781
2001-05-15,265.8164978027344
2001-05-16,272.33697509765625
2001-05-17,266.5526428222656
2001-05-18,267.4466552734375
2001-05-21,271.1276550292969
2001-05-22,276.3336181640625
2001-05-23,273.49395751953125
2001-05-24,276.4386291503906
2001-05-25,272.7050476074219
2001-05-29,271.3379211425781
2001-05-30,267.0259704589844
2001-05-31,269.4974365234375
2001-06-01,272.3895263671875
2001-06-04,274.9136047363281
2001-06-05,276.4386291503906
2001-06-06,272.7050476074219
2001-06-07,270.4439697265625
2001-06-08,267.9198303222656
2001-06-11,265.0278015136719
2001-06-12,264.922607421875
2001-06-13,262.3459167480469
2001-06-14,255.6150665283203
2001-06-15,259.2433166503906
2001-06-18,261.8200378417969
2001-06-19,266.86822509765625
2001-06-20,266.3422546386719
2001-06-21,281.5920715332031
2001-06-22,280.8031921386719
2001-06-25,276.3336181640625
2001-06-26,274.2301330566406
2001-06-27,271.86370849609375
2001-06-28,276.59637451171875
2001-06-29,277.85833740234375
2001-07-02,281.223876953125
2001-07-03,278.9627685546875
2001-07-05,274.9136047363281
2001-07-06,267.07861328125
2001-07-09,267.1311950683594
2001-07-10,258.29693603515625
2001-07-11,250.30386352539062
2001-07-12,256.0882873535156
2001-07-13,256.9295959472656
2001-07-16,258.4547424316406
2001-07-17,266.6577453613281
2001-07-18,266.1845703125
2001-07-19,263.71307373046875
2001-07-20,265.8690490722656
2001-07-23,264.0812683105469
2001-07-24,257.508056640625
2001-07-25,259.50634765625
2001-07-26,262.92437744140625
2001-07-27,263.1872863769531
2001-07-30,261.0314025878906
2001-07-31,264.028564453125
2001-08-01,266.28985595703125
2001-08-02,269.2966613769531
2001-08-03,269.71856689453125
2001-08-06,265.8678894042969
2001-08-07,267.9776916503906
2001-08-08,261.647705078125
2001-08-09,260.6453552246094
2001-08-10,261.8586730957031
2001-08-13,259.1683654785156
2001-08-14,257.1637268066406
2001-08-15,256.37249755859375
2001-08-16,252.57440185546875
2001-08-17,245.82225036621094
2001-08-20,250.04229736328125
2001-08-21,247.40464782714844
2001-08-22,247.93226623535156
2001-08-23,246.82449340820312
2001-08-24,254.78994750976562
2001-08-27,253.20730590820312
2001-08-28,248.19606018066406
2001-08-29,245.03085327148438
2001-08-30,240.17770385742188
2001-08-31,241.6021728515625
2001-09-04,243.50100708007812
2001-09-05,240.44142150878906
2001-09-06,232.37049865722656
2001-09-07,229.04727172851562
2001-09-10,223.9303741455078
2001-09-17,208.8961639404297
2001-09-18,207.5245361328125
2001-09-19,202.8296661376953
2001-09-20,191.8046417236328
2001-09-21,191.8046417236328
2001-09-24,205.7310028076172
2001-09-25,205.94192504882812
2001-09-26,207.36636352539062
2001-09-27,210.32044982910156
2001-09-28,213.64370727539062
2001-10-01,220.23768615722656
2001-10-02,222.8753204345703
2001-10-03,229.36363220214844
2001-10-04,230.10220336914062
2001-10-05,227.3591766357422
2001-10-08,223.77203369140625
2001-10-09,225.2490692138672
2001-10-10,233.7420196533203
2001-10-11,241.3382568359375
2001-10-12,237.69839477539062
2001-10-15,236.32679748535156
2001-10-16,243.13194274902344
2001-10-17,245.6112060546875
2001-10-18,245.2946319580078
2001-10-19,241.86582946777344
2001-10-22,247.985107421875
2001-10-23,249.1983184814453
2001-10-24,247.61578369140625
2001-10-25,253.7349395751953
2001-10-26,256.2669372558594
2001-10-29,244.76705932617188
2001-10-30,240.28329467773438
2001-10-31,240.12498474121094
2001-11-01,244.83642578125
2001-11-02,248.43621826171875
2001-11-05,250.23605346679688
2001-11-06,251.7183837890625
2001-11-07,254.62997436523438
2001-11-08,256.74749755859375
2001-11-09,255.68875122070312
2001-11-12,255.1593017578125
2001-11-13,264.4234313964844
2001-11-14,267.0701599121094
2001-11-15,265.16455078125
2001-11-16,258.3354187011719
2001-11-19,262.5706481933594
2001-11-20,262.30584716796875
2001-11-21,258.8648376464844
2001-11-23,264.370361328125
2001-11-26,268.9760437011719
2001-11-27,267.5997009277344
2001-11-28,253.041748046875
2001-11-29,256.0062561035156
2001-11-30,253.57110595703125
2001-12-03,248.33035278320312
2001-12-04,253.2005615234375
2001-12-05,259.3941955566406
2001-12-06,262.5706481933594
2001-12-07,260.5058898925781
2001-12-10,253.67709350585938
2001-12-11,257.32977294921875
2001-12-12,254.8946075439453
2001-12-13,251.1890411376953
2001-12-14,247.16566467285156
2001-12-17,250.76544189453125
2001-12-18,254.62997436523438
2001-12-19,264.6879577636719
2001-12-20,263.15289306640625
2001-12-21,265.482177734375
2001-12-24,264.52923583984375
2001-12-26,265.8526611328125
2001-12-27,268.60552978515625
2001-12-28,270.987548828125
2001-12-31,267.2291259765625
2002-01-02,270.0347595214844
2002-01-03,270.2465515136719
2002-01-04,275.2756652832031
2002-01-07,272.04632568359375
2002-01-08,262.0412292480469
2002-01-09,263.5762939453125
2002-01-10,263.89398193359375
2002-01-11,259.76483154296875
2002-01-14,258.759033203125
2002-01-15,263.20574951171875
2002-01-16,258.6531982421875
2002-01-17,264.15869140625
2002-01-18,264.4762878417969
2002-01-22,260.45306396484375
2002-01-23,262.0412292480469
2002-01-24,264.15869140625
2002-01-25,262.6764831542969
2002-01-28,261.0353088378906
2002-01-29,247.27154541015625
2002-01-30,251.45362854003906
2002-01-31,251.7723846435547
2002-02-01,246.93875122070312
2002-02-04,235.30624389648438
2002-02-05,237.96206665039062
2002-02-06,233.71275329589844
2002-02-07,234.45632934570312
2002-02-08,241.62716674804688
2002-02-11,243.43307495117188
2002-02-12,239.8211669921875
2002-02-13,240.88340759277344
2002-02-14,241.94581604003906
2002-02-15,234.40321350097656
2002-02-19,224.2579345703125
2002-02-20,231.16322326660156
2002-02-21,227.33885192871094
2002-02-22,225.214111328125
2002-02-25,232.59738159179688
2002-02-26,232.65042114257812
2002-02-27,234.98757934570312
2002-02-28,240.352294921875
2002-03-01,243.27377319335938
2002-03-04,252.88784790039062
2002-03-05,253.36587524414062
2002-03-06,258.6774597167969
2002-03-07,258.78375244140625
2002-03-08,259.5804748535156
2002-03-11,259.7397155761719
2002-03-12,262.02386474609375
2002-03-13,257.0308837890625
2002-03-14,259.26171875
2002-03-15,263.9360046386719
2002-03-18,263.1924133300781
2002-03-19,265.0514831542969
2002-03-20,261.5989990234375
2002-03-21,263.4580993652344
2002-03-22,264.7327575683594
2002-03-25,258.41192626953125
2002-03-26,261.0677795410156
2002-03-27,265.58258056640625
2002-03-28,263.0331115722656
2002-04-01,262.66119384765625
2002-04-02,262.66119384765625
2002-04-03,259.04931640625
2002-04-04,258.41192626953125
2002-04-05,258.51812744140625
2002-04-08,258.1463623046875
2002-04-09,259.421142578125
2002-04-10,258.30572509765625
2002-04-11,248.3728790283203
2002-04-12,250.17893981933594
2002-04-15,243.91102600097656
2002-04-16,255.54368591308594
2002-04-17,252.94093322753906
2002-04-18,249.913330078125
2002-04-19,247.1512451171875
2002-04-22,241.4146728515625
2002-04-23,241.68020629882812
2002-04-24,237.43096923828125
2002-04-25,234.50950622558594
2002-04-26,228.6667938232422
2002-04-29,227.76376342773438
2002-04-30,229.99452209472656
2002-05-01,233.5001983642578
2002-05-02,239.7403564453125
2002-05-03,236.22039794921875
2002-05-06,226.30003356933594
2002-05-07,224.80674743652344
2002-05-08,238.7803497314453
2002-05-09,236.43382263183594
2002-05-10,230.94029235839844
2002-05-13,235.9536895751953
2002-05-14,242.1405487060547
2002-05-15,244.06048583984375
2002-05-16,247.2073974609375
2002-05-17,249.50076293945312
2002-05-20,244.54051208496094
2002-05-21,241.39382934570312
2002-05-22,240.0072021484375
2002-05-23,241.82058715820312
2002-05-24,239.047119140625
2002-05-28,234.5670166015625
2002-05-29,232.0069122314453
2002-05-30,231.15359497070312
2002-05-31,230.30035400390625
2002-06-03,226.13999938964844
2002-06-04,223.9533233642578
2002-06-05,225.81997680664062
2002-06-06,224.0066680908203
2002-06-07,218.6732177734375
2002-06-10,222.40658569335938
2002-06-11,217.12649536132812
2002-06-12,219.73995971679688
2002-06-13,214.29977416992188
2002-06-14,214.40640258789062
2002-06-17,228.43350219726562
2002-06-18,229.71353149414062
2002-06-19,224.32662963867188
2002-06-20,215.95315551757812
2002-06-21,212.27294921875
2002-06-24,211.15289306640625
2002-06-25,208.64630126953125
2002-06-26,197.3392333984375
2002-06-27,208.85960388183594
2002-06-28,206.6728515625
2002-07-01,205.2861328125
2002-07-02,199.8993377685547
2002-07-03,197.39254760742188
2002-07-05,210.93968200683594
2002-07-08,205.17953491210938
2002-07-09,200.37933349609375
2002-07-10,194.93911743164062
2002-07-11,196.8058319091797
2002-07-12,193.87246704101562
2002-07-15,197.01919555664062
2002-07-16,193.07235717773438
2002-07-17,196.96591186523438
2002-07-18,196.8058319091797
2002-07-19,192.0056915283203
2002-07-22,170.88510131835938
2002-07-23,144.00424194335938
2002-07-24,157.81805419921875
2002-07-25,158.13803100585938
2002-07-26,163.9515380859375
2002-07-29,177.65858459472656
2002-07-30,181.0720977783203
2002-07-31,178.88539123535156
2002-08-01,173.2012939453125
2002-08-02,165.5869140625
2002-08-05,153.6290283203125
2002-08-06,163.0130157470703
2002-08-07,169.01866149902344
2002-08-08,181.7809600830078
2002-08-09,183.9794921875
2002-08-12,182.74623107910156
2002-08-13,177.4911346435547
2002-08-14,188.96640014648438
2002-08-15,192.18380737304688
2002-08-16,187.14328002929688
2002-08-19,194.9185333251953
2002-08-20,191.91567993164062
2002-08-21,197.52220153808594
2002-08-22,202.29489135742188
2002-08-23,195.50953674316406
2002-08-26,197.80972290039062
2002-08-27,196.6595458984375
2002-08-28,190.62176513671875
2002-08-29,188.7242889404297
2002-08-30,188.32183837890625
2002-09-03,169.0007781982422
2002-09-04,174.2335968017578
2002-09-05,168.4832000732422
2002-09-06,174.11856079101562
2002-09-09,178.66122436523438
2002-09-10,177.51121520996094
2002-09-11,173.31338500976562
2002-09-12,167.62069702148438
2002-09-13,168.94326782226562
2002-09-16,171.818359375
2002-09-17,171.3583984375
2002-09-18,167.39071655273438
2002-09-19,158.99526977539062
2002-09-20,154.28005981445312
2002-09-23,158.53529357910156
2002-09-24,156.40765380859375
2002-09-25,161.4679412841797
2002-09-26,169.69078063964844
2002-09-27,166.87318420410156
2002-09-30,170.49586486816406
2002-10-01,178.2587890625
2002-10-02,170.2083740234375
2002-10-03,163.9405059814453
2002-10-04,160.89283752441406
2002-10-07,153.70504760742188
2002-10-08,160.08786010742188
2002-10-09,154.6251220703125
2002-10-10,164.2855224609375
2002-10-11,174.80856323242188
2002-10-14,174.2910614013672
2002-10-15,196.31459045410156
2002-10-16,194.64703369140625
2002-10-17,205.57257080078125
2002-10-18,201.14498901367188
2002-10-21,204.25001525878906
2002-10-22,204.3075408935547
2002-10-23,204.07745361328125
2002-10-24,199.3623046875
2002-10-25,205.28512573242188
2002-10-28,208.73526000976562
2002-10-29,209.88523864746094
2002-10-30,213.22052001953125
2002-10-31,213.50936889648438
2002-11-01,217.55419921875
2002-11-04,217.26531982421875
2002-11-05,219.63446044921875
2002-11-06,218.9409942626953
2002-11-07,210.6201171875
2002-11-08,213.04708862304688
2002-11-11,206.28652954101562
2002-11-12,210.27349853515625
2002-11-13,202.24159240722656
2002-11-14,208.82884216308594
2002-11-15,213.22039794921875
2002-11-18,206.9798583984375
2002-11-19,210.5624237060547
2002-11-20,218.36328125
2002-11-21,225.0082550048828
2002-11-22,222.69683837890625
2002-11-25,223.33251953125
2002-11-26,214.72286987304688
2002-11-27,225.1815643310547
2002-11-29,224.6614990234375
2002-12-02,222.58126831054688
2002-12-03,218.7098846435547
2002-12-04,218.7098846435547
2002-12-05,214.6072998046875
2002-12-06,217.03407287597656
2002-12-09,208.88671875
2002-12-10,212.5847930908203
2002-12-11,209.52227783203125
2002-12-12,211.60247802734375
2002-12-13,208.0198974609375
2002-12-16,216.57196044921875
2002-12-17,214.549560546875
2002-12-18,214.6649169921875
2002-12-19,213.79827880859375
2002-12-20,220.38555908203125
2002-12-23,217.72750854492188
2002-12-24,210.90907287597656
2002-12-26,208.1356201171875
2002-12-27,203.2239227294922
2002-12-30,203.6861572265625
2002-12-31,203.33938598632812
2003-01-02,210.04237365722656
2003-01-03,208.65562438964844
2003-01-06,215.58956909179688
2003-01-07,213.68260192871094
2003-01-08,212.00697326660156
2003-01-09,213.97158813476562
2003-01-10,216.45632934570312
2003-01-13,214.02944946289062
2003-01-14,219.1720733642578
2003-01-15,216.3985595703125
2003-01-16,214.4339141845703
2003-01-17,212.6426239013672
2003-01-21,208.82884216308594
2003-01-22,207.44207763671875
2003-01-23,214.6072998046875
2003-01-24,206.80648803710938
2003-01-27,202.7616424560547
2003-01-28,204.8996124267578
2003-01-29,205.41964721679688
2003-01-30,198.73703002929688
2003-01-31,199.60874938964844
2003-02-03,201.35195922851562
2003-02-04,195.48289489746094
2003-02-05,195.54086303710938
2003-02-06,192.63543701171875
2003-02-07,191.24072265625
2003-02-10,191.12461853027344
2003-02-11,186.24325561523438
2003-02-12,182.58241271972656
2003-02-13,185.02296447753906
2003-02-14,189.09071350097656
2003-02-18,193.158447265625
2003-02-19,193.85574340820312
2003-02-20,190.95022583007812
2003-02-21,192.9259490966797
2003-02-24,188.4515380859375
2003-02-25,191.12461853027344
2003-02-26,187.46360778808594
2003-02-27,190.95022583007812
2003-02-28,193.7395477294922
2003-03-03,192.0543975830078
2003-03-04,188.10284423828125
2003-03-05,192.75169372558594
2003-03-06,190.54354858398438
2003-03-07,192.693603515625
2003-03-10,187.11495971679688
2003-03-11,183.33782958984375
2003-03-12,183.97705078125
2003-03-13,194.0301513671875
2003-03-14,196.12210083007812
2003-03-17,198.73703002929688
2003-03-18,201.81687927246094
2003-03-19,206.05892944335938
2003-03-20,208.20895385742188
2003-03-21,216.17005920410156
2003-03-24,207.45362854003906
2003-03-25,208.6157989501953
2003-03-26,208.55764770507812
2003-03-27,208.6157989501953
2003-03-28,206.00083923339844
2003-03-31,200.18972778320312
2003-04-01,206.8724822998047
2003-04-02,215.2404327392578
2003-04-03,212.21849060058594
2003-04-04,216.34445190429688
2003-04-07,216.2863006591797
2003-04-08,218.55262756347656
2003-04-09,215.2404327392578
2003-04-10,214.71725463867188
2003-04-11,217.0416717529297
2003-04-14,223.3176727294922
2003-04-15,228.0826873779297
2003-04-16,222.3297576904297
2003-04-17,226.86227416992188
2003-04-21,224.88670349121094
2003-04-22,232.09225463867188
2003-04-23,234.1261749267578
2003-04-24,227.5015411376953
2003-04-25,223.4337615966797
2003-04-28,228.14080810546875
2003-04-29,227.2111358642578
2003-04-30,228.0826873779297
2003-05-01,227.79052734375
2003-05-02,231.87913513183594
2003-05-05,230.88629150390625
2003-05-06,233.33941650390625
2003-05-07,233.74822998046875
2003-05-08,229.01724243164062
2003-05-09,228.0827178955078
2003-05-12,230.0684814453125
2003-05-13,229.3677215576172
2003-05-14,227.20651245117188
2003-05-15,230.41900634765625
2003-05-16,228.6667022705078
2003-05-19,223.29310607910156
2003-05-20,224.98715209960938
2003-05-21,226.972900390625
2003-05-22,226.15525817871094
2003-05-23,228.31631469726562
2003-05-27,234.68280029296875
2003-05-28,240.29000854492188
2003-05-29,238.12879943847656
2003-05-30,239.58909606933594
2003-06-02,241.6333770751953
2003-06-03,246.77310180664062
2003-06-04,251.27066040039062
2003-06-05,254.0743408203125
2003-06-06,255.18386840820312
2003-06-09,250.33619689941406
2003-06-10,252.32192993164062
2003-06-11,257.520263671875
2003-06-12,257.4035949707031
2003-06-13,257.57867431640625
2003-06-16,264.2372131347656
2003-06-17,266.1063232421875
2003-06-18,262.30963134765625
2003-06-19,255.76797485351562
2003-06-20,257.2865905761719
2003-06-23,251.73793029785156
2003-06-24,253.19805908203125
2003-06-25,251.44580078125
2003-06-26,255.35919189453125
2003-06-27,251.21231079101562
2003-06-30,249.9855499267578
2003-07-01,255.8848114013672
2003-07-02,259.33087158203125
2003-07-03,256.2937316894531
2003-07-07,262.4849548339844
2003-07-08,264.9964294433594
2003-07-09,268.61767578125
2003-07-10,264.0035400390625
2003-07-11,269.55230712890625
2003-07-14,275.21795654296875
2003-07-15,273.52398681640625
2003-07-16,265.87255859375
2003-07-17,261.78411865234375
2003-07-18,267.1576843261719
2003-07-21,262.5432434082031
2003-07-22,265.4637451171875
2003-07-23,266.5735778808594
2003-07-24,262.0759582519531
2003-07-25,267.09912109375
2003-07-28,267.508056640625
2003-07-29,265.4053039550781
2003-07-30,264.17877197265625
2003-07-31,263.7078552246094
2003-08-01,255.7613067626953
2003-08-04,258.2335205078125
2003-08-05,253.5244598388672
2003-08-06,256.1733703613281
2003-08-07,259.5872497558594
2003-08-08,261.3532409667969
2003-08-11,262.2362365722656
2003-08-12,266.00360107421875
2003-08-13,264.70849609375
2003-08-14,265.65032958984375
2003-08-15,264.2964172363281
2003-08-18,262.8249206542969
2003-08-19,261.41217041015625
2003-08-20,259.9407043457031
2003-08-21,258.4690246582031
2003-08-22,253.7010498046875
2003-08-25,252.64144897460938
2003-08-26,254.93719482421875
2003-08-27,252.8769989013672
2003-08-28,253.64227294921875
2003-08-29,255.17266845703125
2003-09-02,260.05828857421875
2003-09-03,261.9419860839844
2003-09-04,261.41217041015625
2003-09-05,261.0000915527344
2003-09-08,262.0596923828125
2003-09-09,260.6470031738281
2003-09-10,258.7044372558594
2003-09-11,260.23486328125
2003-09-12,260.7647399902344
2003-09-15,259.9407043457031
2003-09-16,263.11920166015625
2003-09-17,264.5320129394531
2003-09-18,274.597412109375
2003-09-19,276.59893798828125
2003-09-22,273.00830078125
2003-09-23,277.6584167480469
2003-09-24,273.89117431640625
2003-09-25,270.59490966796875
2003-09-26,267.00421142578125
2003-09-29,271.1834411621094
2003-09-30,267.8870544433594
2003-10-01,276.65771484375
2003-10-02,278.12933349609375
2003-10-03,277.3052062988281
2003-10-06,278.48260498046875
2003-10-07,281.5434265136719
2003-10-08,279.9540100097656
2003-10-09,281.83770751953125
2003-10-10,281.95538330078125
2003-10-13,288.0183410644531
2003-10-14,288.43048095703125
2003-10-15,287.7239685058594
2003-10-16,288.43048095703125
2003-10-17,284.7810363769531
2003-10-20,283.3682556152344
2003-10-21,280.0130920410156
2003-10-22,277.8349914550781
2003-10-23,281.2491149902344
2003-10-24,280.18963623046875
2003-10-27,274.8919372558594
2003-10-28,280.0718994140625
2003-10-29,280.1307373046875
2003-10-30,281.79107666015625
2003-10-31,281.0796203613281
2003-11-03,284.8746337890625
2003-11-04,286.5350646972656
2003-11-05,287.6023864746094
2003-11-06,289.9151306152344
2003-11-07,283.1549987792969
2003-11-10,284.34100341796875
2003-11-11,281.0202331542969
2003-11-12,281.0202331542969
2003-11-13,279.3006286621094
2003-11-14,275.3274230957031
2003-11-17,274.55670166015625
2003-11-18,270.1684875488281
2003-11-19,272.4218444824219
2003-11-20,271.4137268066406
2003-11-21,274.7937316894531
2003-11-24,277.1658020019531
2003-11-25,278.1737976074219
2003-11-26,278.4111022949219
2003-11-28,278.88531494140625
2003-12-01,282.0282897949219
2003-12-02,280.0120849609375
2003-12-03,278.4111022949219
2003-12-04,279.8342590332031
2003-12-05,276.2169189453125
2003-12-08,280.90167236328125
2003-12-09,279.2413024902344
2003-12-10,280.8423156738281
2003-12-11,282.0876770019531
2003-12-12,281.968994140625
2003-12-15,283.3328857421875
2003-12-16,284.28167724609375
2003-12-17,281.61322021484375
2003-12-18,283.9852294921875
2003-12-19,286.23846435546875
2003-12-22,287.6023864746094
2003-12-23,285.0525817871094
2003-12-24,283.7480773925781
2003-12-26,283.8072509765625
2003-12-29,286.83148193359375
2003-12-30,287.1873779296875
2003-12-31,287.8395690917969
2004-01-02,290.5674133300781
2004-01-05,295.252197265625
2004-01-06,295.5487060546875
2004-01-07,295.9637451171875
2004-01-08,297.2088928222656
2004-01-09,295.84515380859375
2004-01-12,295.60784912109375
2004-01-13,294.1253662109375
2004-01-14,296.49737548828125
2004-01-15,293.53240966796875
2004-01-16,293.53240966796875
2004-01-20,292.28717041015625
2004-01-21,298.6322021484375
2004-01-22,300.5890197753906
2004-01-23,298.3948669433594
2004-01-26,302.01226806640625
2004-01-27,296.9125061035156
2004-01-28,291.93133544921875
2004-01-29,295.81744384765625
2004-01-30,295.81744384765625
2004-02-02,294.32281494140625
2004-02-03,292.2302551269531
2004-02-04,290.3770751953125
2004-02-05,287.6269226074219
2004-02-06,294.8011169433594
2004-02-09,293.8443908691406
2004-02-10,292.469482421875
2004-02-11,297.2522888183594
2004-02-12,295.9966735839844
2004-02-13,295.8770751953125
2004-02-17,298.32830810546875
2004-02-18,296.29559326171875
2004-02-19,293.6651306152344
2004-02-20,292.29010009765625
2004-02-23,294.8606872558594
2004-02-24,295.57830810546875
2004-02-25,297.9696044921875
2004-02-26,298.92620849609375
2004-02-27,300.4806213378906
2004-03-01,301.67633056640625
2004-03-02,297.5511169433594
2004-03-03,297.8502197265625
2004-03-04,295.2195129394531
2004-03-05,298.92620849609375
2004-03-08,298.5674133300781
2004-03-09,297.9696044921875
2004-03-10,294.20306396484375
2004-03-11,290.6758117675781
2004-03-12,294.8011169433594
2004-03-15,293.6651306152344
2004-03-16,298.86639404296875
2004-03-17,303.8286437988281
2004-03-18,306.5787353515625
2004-03-19,300.9588623046875
2004-03-22,296.59454345703125
2004-03-23,297.7305908203125
2004-03-24,297.6705322265625
2004-03-25,300.4806213378906
2004-03-26,299.28485107421875
2004-03-29,306.8179016113281
2004-03-30,310.52459716796875
2004-03-31,309.08966064453125
2004-04-01,312.6169738769531
2004-04-02,309.6875305175781
2004-04-05,312.2583923339844
2004-04-06,312.3180847167969
2004-04-07,309.1494140625
2004-04-08,308.0733337402344
2004-04-12,311.2418212890625
2004-04-13,306.1004333496094
2004-04-14,304.6059265136719
2004-04-15,298.44793701171875
2004-04-16,299.5241394042969
2004-04-19,298.80657958984375
2004-04-20,294.20306396484375
2004-04-21,293.7846374511719
2004-04-22,296.8934020996094
2004-04-23,294.02392578125
2004-04-26,292.8878173828125
2004-04-27,292.7085266113281
2004-04-28,289.53997802734375
2004-04-29,290.3838806152344
2004-04-30,289.901611328125
2004-05-03,292.73492431640625
2004-05-04,294.4228820800781
2004-05-05,293.15704345703125
2004-05-06,286.4052734375
2004-05-07,281.642822265625
2004-05-10,273.7457275390625
2004-05-11,275.4336853027344
2004-05-12,279.17108154296875
2004-05-13,277.0614013671875
2004-05-14,275.1923828125
2004-05-17,270.4300842285156
2004-05-18,272.1784362792969
2004-05-19,271.2741394042969
2004-05-20,272.96209716796875
2004-05-21,273.3237609863281
2004-05-24,273.5648498535156
2004-05-25,280.31658935546875
2004-05-26,280.55780029296875
2004-05-27,280.4372253417969
2004-05-28,279.8945617675781
2004-06-01,281.9441833496094
2004-06-02,283.5115661621094
2004-06-03,279.47259521484375
2004-06-04,280.6179504394531
2004-06-07,286.5257568359375
2004-06-08,286.9477233886719
2004-06-09,283.6322326660156
2004-06-10,285.4407653808594
2004-06-14,281.7633972167969
2004-06-15,283.4512939453125
2004-06-16,283.4512939453125
2004-06-17,283.81298828125
2004-06-18,286.3448791503906
2004-06-21,284.4158020019531
2004-06-22,283.2703552246094
2004-06-23,284.777587890625
2004-06-24,285.983154296875
2004-06-25,282.1251525878906
2004-06-28,280.4372253417969
2004-06-29,279.29180908203125
2004-06-30,280.31658935546875
2004-07-01,277.4833679199219
2004-07-02,275.85565185546875
2004-07-06,273.9867858886719
2004-07-07,275.07196044921875
2004-07-08,272.2989807128906
2004-07-09,271.4550476074219
2004-07-12,270.6712341308594
2004-07-13,273.08245849609375
2004-07-14,271.8771057128906
2004-07-15,266.5116882324219
2004-07-16,262.9550476074219
2004-07-19,265.185546875
2004-07-20,265.54730224609375
2004-07-21,264.88409423828125
2004-07-22,268.86279296875
2004-07-23,267.1145935058594
2004-07-26,264.1004638671875
2004-07-27,264.64306640625
2004-07-28,265.908935546875
2004-07-29,269.3765869140625
2004-07-30,268.2206726074219
2004-08-02,269.61993408203125
2004-08-03,267.91644287109375
2004-08-04,270.10650634765625
2004-08-05,266.6389465332031
2004-08-06,262.7454833984375
2004-08-09,264.44891357421875
2004-08-10,268.7681579589844
2004-08-11,269.8023986816406
2004-08-12,267.0647888183594
2004-08-13,267.7340087890625
2004-08-16,272.357421875
2004-08-17,274.7300109863281
2004-08-18,277.6500244140625
2004-08-19,276.55499267578125
2004-08-20,279.5359191894531
2004-08-23,278.74505615234375
2004-08-24,279.3533935546875
2004-08-25,281.6650695800781
2004-08-26,282.63848876953125
2004-08-27,284.22027587890625
2004-08-30,282.3343811035156
2004-08-31,283.3684387207031
2004-09-01,282.5776672363281
2004-09-02,286.045166015625
2004-09-03,284.9501953125
2004-09-07,287.201171875
2004-09-08,284.8284912109375
2004-09-09,285.6193542480469
2004-09-10,287.3836669921875
2004-09-13,285.92364501953125
2004-09-14,287.07940673828125
2004-09-15,285.802001953125
2004-09-16,287.0185852050781
2004-09-17,285.6193542480469
2004-09-20,276.1900939941406
2004-09-21,277.7108154296875
2004-09-22,269.98486328125
2004-09-23,266.9430847167969
2004-09-24,268.5856628417969
2004-09-27,265.3004150390625
2004-09-28,269.5589904785156
2004-09-29,271.9314880371094
2004-09-30,268.4031677246094
2004-10-01,272.9658203125
2004-10-04,272.11407470703125
2004-10-05,270.83648681640625
2004-10-06,272.17486572265625
2004-10-07,272.29656982421875
2004-10-08,271.0799255371094
2004-10-11,272.9048156738281
2004-10-12,272.5399169921875
2004-10-13,268.34234619140625
2004-10-14,265.8480529785156
2004-10-15,267.3081359863281
2004-10-18,269.01165771484375
2004-10-19,265.17889404296875
2004-10-20,263.3537902832031
2004-10-21,261.2854309082031
2004-10-22,258.9127502441406
2004-10-25,259.0345458984375
2004-10-26,263.657958984375
2004-10-27,267.3689880371094
2004-10-28,271.7279052734375
2004-10-29,272.4032287597656
2004-11-01,272.03485107421875
2004-11-02,275.6570739746094
2004-11-03,278.05145263671875
2004-11-04,282.9629821777344
2004-11-05,283.20849609375
2004-11-08,283.9451904296875
2004-11-09,283.6995849609375
2004-11-10,282.7173767089844
2004-11-11,284.0067443847656
2004-11-12,288.9796142578125
2004-11-15,286.5237731933594
2004-11-16,282.7173767089844
2004-11-17,283.515380859375
2004-11-18,281.8578796386719
2004-11-19,277.1920166015625
2004-11-22,277.3147277832031
2004-11-23,277.5602722167969
2004-11-24,279.463623046875
2004-11-26,278.84967041015625
2004-11-29,276.0255126953125
2004-11-30,274.7361755371094
2004-12-01,282.0420837402344
2004-12-02,280.93695068359375
2004-12-03,280.26153564453125
2004-12-06,283.4541320800781
2004-12-07,282.4104309082031
2004-12-08,284.19085693359375
2004-12-09,285.11163330078125
2004-12-10,281.8578796386719
2004-12-13,287.1376953125
2004-12-14,287.7516174316406
2004-12-15,290.4529113769531
2004-12-16,288.8567810058594
2004-12-17,286.2167663574219
2004-12-20,286.6465148925781
2004-12-21,289.7162780761719
2004-12-22,296.59234619140625
2004-12-23,299.2935485839844
2004-12-27,296.59234619140625
2004-12-28,296.837890625
2004-12-29,294.7505798339844
2004-12-30,294.87322998046875
2004-12-31,295.79425048828125
2005-01-03,296.3468017578125
2005-01-04,293.82965087890625
2005-01-05,297.5132141113281
2005-01-06,300.39862060546875
2005-01-07,298.6796569824219
2005-01-10,296.7764892578125
2005-01-11,296.03973388671875
2005-01-12,295.118896484375
2005-01-13,292.2333984375
2005-01-14,291.6807861328125
2005-01-18,295.7328186035156
2005-01-19,294.9346618652344
2005-01-20,293.2770690917969
2005-01-21,294.25927734375
2005-01-24,296.899169921875
2005-01-25,297.8200988769531
2005-01-26,297.6360168457031
2005-01-27,298.1271667480469
2005-01-28,297.0221252441406
2005-01-31,301.1354064941406
2005-02-01,303.7752685546875
2005-02-02,305.0031433105469
2005-02-03,304.44580078125
2005-02-04,308.34808349609375
2005-02-07,308.0383605957031
2005-02-08,306.48980712890625
2005-02-09,304.631591796875
2005-02-10,303.392578125
2005-02-11,305.9942932128906
2005-02-14,305.0651550292969
2005-02-15,305.9942932128906
2005-02-16,304.631591796875
2005-02-17,302.2777404785156
2005-02-18,300.8530578613281
2005-02-22,297.0127258300781
2005-02-23,299.6761779785156
2005-02-24,299.1806335449219
2005-02-25,299.0566711425781
2005-02-28,295.5879211425781
2005-03-01,296.5790710449219
2005-03-02,298.12762451171875
2005-03-03,297.1365661621094
2005-03-04,299.80010986328125
2005-03-07,300.2337646484375
2005-03-08,300.2337646484375
2005-03-09,296.5790710449219
2005-03-10,298.2514953613281
2005-03-11,296.0215759277344
2005-03-14,298.68505859375
2005-03-15,296.0835876464844
2005-03-16,293.4200439453125
2005-03-17,292.6148681640625
2005-03-18,290.1990966796875
2005-03-21,283.44732666015625
2005-03-22,275.2709045410156
2005-03-23,275.33294677734375
2005-03-24,275.76654052734375
2005-03-28,277.3151550292969
2005-03-29,274.713623046875
2005-03-30,278.2442932128906
2005-03-31,278.3680419921875
2005-04-01,276.3860168457031
2005-04-04,276.2000732421875
2005-04-05,278.3680419921875
2005-04-06,279.6688537597656
2005-04-07,281.5890808105469
2005-04-08,281.2174377441406
2005-04-11,282.51824951171875
2005-04-12,287.7213134765625
2005-04-13,283.75714111328125
2005-04-14,281.2174377441406
2005-04-15,283.3854064941406
2005-04-18,286.2347412109375
2005-04-19,287.1019592285156
2005-04-20,285.73919677734375
2005-04-21,286.6064758300781
2005-04-22,286.9159851074219
2005-04-25,289.7653503417969
2005-04-26,288.7743835449219
2005-04-27,291.4378967285156
2005-04-28,288.81170654296875
2005-04-29,293.6261901855469
2005-05-02,290.9376220703125
2005-05-03,292.6258544921875
2005-05-04,293.6887512207031
2005-05-05,293.12603759765625
2005-05-06,291.3128356933594
2005-05-09,292.93853759765625
2005-05-10,289.9997253417969
2005-05-11,292.0006408691406
2005-05-12,290.187255859375
2005-05-13,287.0610046386719
2005-05-16,292.6258544921875
2005-05-17,294.87677001953125
2005-05-18,298.5033874511719
2005-05-19,299.1286315917969
2005-05-20,298.8786315917969
2005-05-23,297.6280212402344
2005-05-24,298.3158264160156
2005-05-25,296.69012451171875
2005-05-26,296.2524719238281
2005-05-27,295.6272888183594
2005-05-31,294.564208984375
2005-06-01,298.3783874511719
2005-06-02,298.3158264160156
2005-06-03,297.37786865234375
2005-06-06,298.19073486328125
2005-06-07,298.00335693359375
2005-06-08,298.5660095214844
2005-06-09,298.12823486328125
2005-06-10,297.87823486328125
2005-06-13,297.6280212402344
2005-06-14,296.43994140625
2005-06-15,296.3775939941406
2005-06-16,297.2528381347656
2005-06-17,296.7525939941406
2005-06-20,296.1898498535156
2005-06-21,295.87725830078125
2005-06-22,296.6275329589844
2005-06-23,293.12603759765625
2005-06-24,293.5637512207031
2005-06-27,292.4383239746094
2005-06-28,294.0015563964844
2005-06-29,292.5008239746094
2005-06-30,289.061767578125
2005-07-01,288.6241455078125
2005-07-05,290.4999694824219
2005-07-06,289.4995422363281
2005-07-07,289.31201171875
2005-07-08,290.8126525878906
2005-07-11,288.3115234375
2005-07-12,287.6237487792969
2005-07-13,285.9981384277344
2005-07-14,290.7500915527344
2005-07-15,290.2498779296875
2005-07-18,281.3711242675781
2005-07-19,277.619384765625
2005-07-20,276.4315490722656
2005-07-21,276.0561828613281
2005-07-22,277.7445373535156
2005-07-25,278.4322204589844
2005-07-26,278.8700256347656
2005-07-27,277.5569152832031
2005-07-28,276.9885559082031
2005-07-29,274.7149658203125
2005-08-01,275.9779968261719
2005-08-02,278.31475830078125
2005-08-03,278.1884460449219
2005-08-04,277.367431640625
2005-08-05,275.5359191894531
2005-08-08,273.45196533203125
2005-08-09,275.3465881347656
2005-08-10,273.45196533203125
2005-08-11,274.7781982421875
2005-08-12,275.4728088378906
2005-08-15,276.5464172363281
2005-08-16,278.75677490234375
2005-08-17,278.504150390625
2005-08-18,279.19891357421875
2005-08-19,278.883056640625
2005-08-22,279.1357116699219
2005-08-23,275.093994140625
2005-08-24,271.8732604980469
2005-08-25,273.2625732421875
2005-08-26,272.1889343261719
2005-08-29,274.9676513671875
2005-08-30,273.19940185546875
2005-08-31,276.4201354980469
2005-09-01,276.04132080078125
2005-09-02,277.11474609375
2005-09-06,279.7672424316406
2005-09-07,280.77777099609375
2005-09-08,280.6513366699219
2005-09-09,281.7250061035156
2005-09-12,284.2510681152344
2005-09-13,284.8195495605469
2005-09-14,284.0616760253906
2005-09-15,284.3774719238281
2005-09-16,287.0298767089844
2005-09-19,286.46148681640625
2005-09-20,285.13519287109375
2005-09-21,283.0512390136719
2005-09-22,285.3246765136719
2005-09-23,285.7036437988281
2005-09-26,284.75634765625
2005-09-27,284.75634765625
2005-09-28,285.3246765136719
2005-09-29,288.2296142578125
2005-09-30,287.47210693359375
2005-10-03,287.4086608886719
2005-10-04,286.33514404296875
2005-10-05,285.8930969238281
2005-10-06,286.9035949707031
2005-10-07,286.7770690917969
2005-10-10,285.640380859375
2005-10-11,282.9248352050781
2005-10-12,281.66192626953125
2005-10-13,282.4195861816406
2005-10-14,284.4405212402344
2005-10-17,282.9880676269531
2005-10-18,280.77777099609375
2005-10-19,283.4933166503906
2005-10-20,280.01995849609375
2005-10-21,279.8302917480469
2005-10-24,284.5037536621094
2005-10-25,285.26165771484375
2005-10-26,288.29290771484375
2005-10-27,286.7770690917969
2005-10-28,289.8717041015625
2005-10-31,289.1138916015625
2005-11-01,286.7139892578125
2005-11-02,287.6614074707031
2005-11-03,289.8294982910156
2005-11-04,290.7860412597656
2005-11-07,296.0788269042969
2005-11-08,297.16290283203125
2005-11-09,298.5658264160156
2005-11-10,304.3688049316406
2005-11-11,306.0905456542969
2005-11-14,307.6211242675781
2005-11-15,303.92236328125
2005-11-16,304.11358642578125
2005-11-17,305.7077941894531
2005-11-18,308.7050476074219
2005-11-21,309.34283447265625
2005-11-22,311.9573059082031
2005-11-23,314.63543701171875
2005-11-25,315.7834777832031
2005-11-28,314.3804931640625
2005-11-29,313.0413513183594
2005-11-30,309.5978698730469
2005-12-01,311.5108947753906
2005-12-02,311.000732421875
2005-12-05,311.5108947753906
2005-12-06,311.7659606933594
2005-12-07,310.5543518066406
2005-12-08,309.2790222167969
2005-12-09,311.8935241699219
2005-12-12,310.4267272949219
2005-12-13,315.2733154296875
2005-12-14,316.5487060546875
2005-12-15,313.1051330566406
2005-12-16,314.8268737792969
2005-12-19,313.5516052246094
2005-12-20,313.806640625
2005-12-21,314.1892395019531
2005-12-22,313.6791076660156
2005-12-23,313.99786376953125
2005-12-27,310.23553466796875
2005-12-28,309.0877990722656
2005-12-29,309.7891540527344
2005-12-30,309.4703063964844
2006-01-03,314.3168029785156
2006-01-04,308.5138244628906
2006-01-05,310.0441589355469
2006-01-06,310.0441589355469
2006-01-09,308.57745361328125
2006-01-10,309.5340576171875
2006-01-11,312.33984375
2006-01-12,312.65875244140625
2006-01-13,311.9573059082031
2006-01-17,308.8326721191406
2006-01-18,308.38616943359375
2006-01-19,305.7077941894531
2006-01-20,291.35992431640625
2006-01-23,293.3368225097656
2006-01-24,293.4006652832031
2006-01-25,294.8035583496094
2006-01-26,299.7774658203125
2006-01-27,298.8846435546875
2006-01-30,298.5658264160156
2006-01-31,297.0353088378906
2006-02-01,295.4410705566406
2006-02-02,291.1874084472656
2006-02-03,290.41400146484375
2006-02-06,291.1230773925781
2006-02-07,290.349609375
2006-02-08,292.3475341796875
2006-02-09,295.1189880371094
2006-02-10,296.2146301269531
2006-02-13,294.4100341796875
2006-02-14,297.2457580566406
2006-02-15,298.0837097167969
2006-02-16,299.3082580566406
2006-02-17,298.0191650390625
2006-02-21,297.5680847167969
2006-02-22,302.14404296875
2006-02-23,301.6283874511719
2006-02-24,301.9506530761719
2006-02-27,301.4994201660156
2006-02-28,298.8570251464844
2006-03-01,299.8882751464844
2006-03-02,296.7945861816406
2006-03-03,295.956787109375
2006-03-06,297.0523681640625
2006-03-07,299.05029296875
2006-03-08,300.85504150390625
2006-03-09,299.6305236816406
2006-03-10,302.8529052734375
2006-03-13,301.88616943359375
2006-03-14,304.0774841308594
2006-03-15,302.9819030761719
2006-03-16,304.979736328125
2006-03-17,305.55987548828125
2006-03-20,305.4955139160156
2006-03-21,304.33538818359375
2006-03-22,307.235595703125
2006-03-23,307.8802185058594
2006-03-24,308.1380310058594
2006-03-27,307.042236328125
2006-03-28,306.784423828125
2006-03-29,306.97784423828125
2006-03-30,304.72210693359375
2006-03-31,304.3997497558594
2006-04-03,305.55987548828125
2006-04-04,310.7159423828125
2006-04-05,311.0381774902344
2006-04-06,308.3957824707031
2006-04-07,307.17108154296875
2006-04-10,308.9114074707031
2006-04-11,305.946533203125
2006-04-12,306.784423828125
2006-04-13,309.6846923828125
2006-04-17,311.6183166503906
2006-04-18,312.4562072753906
2006-04-19,310.84490966796875
2006-04-20,311.2959899902344
2006-04-21,309.4270324707031
2006-04-24,309.3624572753906
2006-04-25,305.882080078125
2006-04-26,307.7512512207031
2006-04-27,313.5466613769531
2006-04-28,325.26824951171875
2006-05-01,322.0773010253906
2006-05-02,322.9889831542969
2006-05-03,324.6170654296875
2006-05-04,321.55645751953125
2006-05-05,328.0030517578125
2006-05-08,326.6356201171875
2006-05-09,327.8728332519531
2006-05-10,327.5472106933594
2006-05-11,322.20751953125
2006-05-12,319.0167541503906
2006-05-15,322.4028625488281
2006-05-16,322.5982666015625
2006-05-17,317.9750061035156
2006-05-18,317.3236999511719
2006-05-19,317.7795104980469
2006-05-22,318.0400390625
2006-05-23,316.021240234375
2006-05-24,316.86785888671875
2006-05-25,319.5376281738281
2006-05-26,322.7936706542969
2006-05-30,319.212158203125
2006-05-31,321.0355224609375
2006-06-01,324.4867858886719
2006-06-02,326.5053405761719
2006-06-05,323.1192626953125
2006-06-06,324.03082275390625
2006-06-07,325.26824951171875
2006-06-08,325.26824951171875
2006-06-09,324.0959777832031
2006-06-12,321.2307434082031
2006-06-13,313.9375
2006-06-14,311.267578125
2006-06-15,316.998046875
2006-06-16,314.91436767578125
2006-06-19,311.3978576660156
2006-06-20,312.63507080078125
2006-06-21,314.97943115234375
2006-06-22,313.6770935058594
2006-06-23,310.8769836425781
2006-06-26,314.52349853515625
2006-06-27,311.0071716308594
2006-06-28,311.5932922363281
2006-06-29,318.1700744628906
2006-06-30,314.1979064941406
2006-07-03,318.88653564453125
2006-07-05,319.14703369140625
2006-07-06,320.8400573730469
2006-07-07,319.6028747558594
2006-07-10,321.2958984375
2006-07-11,322.9889831542969
2006-07-12,317.9750061035156
2006-07-13,311.7234802246094
2006-07-14,309.8348693847656
2006-07-17,302.1510314941406
2006-07-18,303.1277160644531
2006-07-19,307.6861267089844
2006-07-20,306.7743835449219
2006-07-21,305.602294921875
2006-07-24,309.0535583496094
2006-07-25,308.9884033203125
2006-07-26,309.5093994140625
2006-07-27,308.0767517089844
2006-07-28,314.7189636230469
2006-07-31,314.5887451171875
2006-08-01,315.8910217285156
2006-08-02,317.2585754394531
2006-08-03,318.8372802734375
2006-08-04,319.03466796875
2006-08-07,317.25848388671875
2006-08-08,317.7848205566406
2006-08-09,314.6273498535156
2006-08-10,315.54833984375
2006-08-11,313.37744140625
2006-08-14,313.90362548828125
2006-08-15,318.44256591796875
2006-08-16,319.23193359375
2006-08-17,319.4950866699219
2006-08-18,319.6924743652344
2006-08-21,318.9687194824219
2006-08-22,318.50830078125
2006-08-23,319.5608215332031
2006-08-24,320.4817810058594
2006-08-25,319.95550537109375
2006-08-28,323.1130676269531
2006-08-29,324.033935546875
2006-08-30,325.7442932128906
2006-08-31,324.6259460449219
2006-09-01,324.7575378417969
2006-09-05,325.0864562988281
2006-09-06,323.1787414550781
2006-09-07,319.3634948730469
2006-09-08,320.4817810058594
2006-09-11,321.7973937988281
2006-09-12,322.2579040527344
2006-09-13,324.297119140625
2006-09-14,324.23126220703125
2006-09-15,323.573486328125
2006-09-18,326.2045593261719
2006-09-19,326.92822265625
2006-09-20,328.24383544921875
2006-09-21,327.2569885253906
2006-09-22,325.61273193359375
2006-09-25,329.42803955078125
2006-09-26,330.4145812988281
2006-09-27,328.7043151855469
2006-09-28,328.441162109375
2006-09-29,326.7308349609375
2006-10-02,325.5467529296875
2006-10-03,329.4937438964844
2006-10-04,335.677001953125
2006-10-05,335.4138488769531
2006-10-06,335.80853271484375
2006-10-09,336.0059814453125
2006-10-10,334.2956848144531
2006-10-11,331.4012451171875
2006-10-12,330.085693359375
2006-10-13,331.4012451171875
2006-10-16,329.88836669921875
2006-10-17,329.2305603027344
2006-10-18,330.1515197753906
2006-10-19,328.0464782714844
2006-10-20,328.3096618652344
2006-10-23,332.9799499511719
2006-10-24,331.99334716796875
2006-10-25,334.6246337890625
2006-10-26,334.361328125
2006-10-27,331.26983642578125
2006-10-30,329.6910400390625
2006-10-31,329.9541320800781
2006-11-01,329.4937438964844
2006-11-02,330.4237365722656
2006-11-03,329.42718505859375
2006-11-06,333.6123352050781
2006-11-07,335.3394775390625
2006-11-08,335.93743896484375
2006-11-09,336.20318603515625
2006-11-10,336.3359375
2006-11-13,336.7346496582031
2006-11-14,337.1330871582031
2006-11-15,335.27313232421875
2006-11-16,336.5352783203125
2006-11-17,337.4653015136719
2006-11-20,337.0002746582031
2006-11-21,336.20318603515625
2006-11-22,337.26605224609375
2006-11-24,334.2102355957031
2006-11-27,331.4201354980469
2006-11-28,329.2278747558594
2006-11-29,331.220947265625
2006-11-30,329.42718505859375
2006-12-01,328.0321960449219
2006-12-04,332.15081787109375
2006-12-05,335.53875732421875
2006-12-06,337.33251953125
2006-12-07,336.8672790527344
2006-12-08,344.4403381347656
2006-12-11,351.2828063964844
2006-12-12,347.09759521484375
2006-12-13,347.5625915527344
2006-12-14,352.81060791015625
2006-12-15,359.18804931640625
2006-12-18,368.28912353515625
2006-12-19,366.8938293457031
2006-12-20,366.4288024902344
2006-12-21,363.771728515625
2006-12-22,362.37664794921875
2006-12-26,366.1631164550781
2006-12-27,374.732666015625
2006-12-28,371.2118225097656
2006-12-29,370.0160827636719
2007-01-03,367.02679443359375
2007-01-04,365.7646484375
2007-01-05,363.8380432128906
2007-01-08,365.69805908203125
2007-01-09,362.5094299316406
2007-01-10,359.58648681640625
2007-01-11,359.852294921875
2007-01-12,361.2472229003906
2007-01-16,363.8380432128906
2007-01-17,361.3137512207031
2007-01-18,361.3137512207031
2007-01-19,362.0444030761719
2007-01-22,363.2401123046875
2007-01-23,361.9779968261719
2007-01-24,364.2366027832031
2007-01-25,358.2579345703125
2007-01-26,363.173828125
2007-01-29,359.1214294433594
2007-01-30,360.5166015625
2007-01-31,366.22943115234375
2007-02-01,367.1688232421875
2007-02-02,366.69915771484375
2007-02-05,367.30291748046875
2007-02-06,368.64471435546875
2007-02-07,368.64471435546875
2007-02-08,365.22308349609375
2007-02-09,358.2461242675781
2007-02-12,358.4473876953125
2007-02-13,360.32586669921875
2007-02-14,363.4789733886719
2007-02-15,363.68017578125
2007-02-16,362.9421691894531
2007-02-20,363.546142578125
2007-02-21,360.5942687988281
2007-02-22,359.5207824707031
2007-02-23,360.7284851074219
2007-02-26,353.4158935546875
2007-02-27,339.461669921875
2007-02-28,337.9186706542969
2007-03-01,342.6820373535156
2007-03-02,335.23516845703125
2007-03-05,330.4049987792969
2007-03-06,339.32757568359375
2007-03-07,336.9123840332031
2007-03-08,338.7909240722656
2007-03-09,337.6504211425781
2007-03-12,337.8515625
2007-03-13,327.0505676269531
2007-03-14,329.264404296875
2007-03-15,336.3085632324219
2007-03-16,332.28338623046875
2007-03-19,335.8390197753906
2007-03-20,339.7300720214844
2007-03-21,349.0550842285156
2007-03-22,347.7805480957031
2007-03-23,346.9754638671875
2007-03-26,345.76806640625
2007-03-27,342.547607421875
2007-03-28,341.8768615722656
2007-03-29,344.82861328125
2007-03-30,344.4261169433594
2007-04-02,342.4805908203125
2007-04-03,344.8957824707031
2007-04-04,344.560302734375
2007-04-05,345.9692077636719
2007-04-09,346.0361633300781
2007-04-10,351.53741455078125
2007-04-11,347.51214599609375
2007-04-12,346.5058898925781
2007-04-13,346.1705017089844
2007-04-16,355.093017578125
2007-04-17,352.40948486328125
2007-04-18,355.4955749511719
2007-04-19,356.1663818359375
2007-04-20,358.38031005859375
2007-04-23,356.300537109375
2007-04-24,354.2879638671875
2007-04-25,360.9295654296875
2007-04-26,359.3195495605469
2007-04-27,358.0448303222656
2007-04-30,359.72210693359375
2007-05-01,363.6131286621094
2007-05-02,364.283935546875
2007-05-03,365.5714111328125
2007-05-04,366.5202941894531
2007-05-07,365.0971374511719
2007-05-08,364.012939453125
2007-05-09,366.7234802246094
2007-05-10,360.4893493652344
2007-05-11,359.8793640136719
2007-05-14,358.18548583984375
2007-05-15,357.71112060546875
2007-05-16,372.07659912109375
2007-05-17,371.33111572265625
2007-05-18,372.6866149902344
2007-05-21,371.60211181640625
2007-05-22,373.2283630371094
2007-05-23,372.7540588378906
2007-05-24,372.2119445800781
2007-05-25,373.4996032714844
2007-05-29,372.07659912109375
2007-05-30,374.04168701171875
2007-05-31,369.2306213378906
2007-06-01,369.3660583496094
2007-06-04,366.9266662597656
2007-06-05,365.232666015625
2007-06-06,361.37030029296875
2007-06-07,355.8816223144531
2007-06-08,361.37030029296875
2007-06-11,362.3189392089844
2007-06-12,356.42376708984375
2007-06-13,363.7419738769531
2007-06-14,363.6741027832031
2007-06-15,365.77471923828125
2007-06-18,365.63922119140625
2007-06-19,367.6720275878906
2007-06-20,362.1158447265625
2007-06-21,363.6064453125
2007-06-22,355.13623046875
2007-06-25,350.2574768066406
2007-06-26,346.598388671875
2007-06-27,351.0704650878906
2007-06-28,351.0704650878906
2007-06-29,347.5469665527344
2007-07-02,349.9186706542969
2007-07-03,351.4093322753906
2007-07-05,348.96990966796875
2007-07-06,350.3251953125
2007-07-09,349.64764404296875
2007-07-10,345.5819396972656
2007-07-11,348.360107421875
2007-07-12,358.04998779296875
2007-07-13,355.8816223144531
2007-07-16,353.6455383300781
2007-07-17,355.47509765625
2007-07-18,349.64764404296875
2007-07-19,346.4627990722656
2007-07-20,343.7524108886719
2007-07-23,344.63336181640625
2007-07-24,334.1302795410156
2007-07-25,333.45269775390625
2007-07-26,323.9660339355469
2007-07-27,318.2741394042969
2007-07-30,319.7650146484375
2007-07-31,315.5636901855469
2007-08-01,317.46112060546875
2007-08-02,323.8362731933594
2007-08-03,313.41650390625
2007-08-06,331.4456481933594
2007-08-07,333.0906982421875
2007-08-08,339.2603759765625
2007-08-09,321.5055847167969
2007-08-10,322.1911315917969
2007-08-13,319.0377502441406
2007-08-14,313.00518798828125
2007-08-15,312.6625061035156
2007-08-16,325.9613952636719
2007-08-17,334.59893798828125
2007-08-20,331.7196960449219
2007-08-21,329.4574279785156
2007-08-22,331.9940185546875
2007-08-23,331.4456481933594
2007-08-24,332.4739074707031
2007-08-27,327.6065368652344
2007-08-28,316.2956237792969
2007-08-29,321.8484191894531
2007-08-30,316.91265869140625
2007-08-31,321.3684387207031
2007-09-04,323.63079833984375
2007-09-05,315.3359680175781
2007-09-06,313.00518798828125
2007-09-07,311.7713623046875
2007-09-10,310.53741455078125
2007-09-11,315.4045715332031
2007-09-12,313.6907653808594
2007-09-13,317.8037414550781
2007-09-14,319.72320556640625
2007-09-17,315.54156494140625
2007-09-18,331.58258056640625
2007-09-19,330.89715576171875
2007-09-20,323.5622253417969
2007-09-21,325.6871337890625
2007-09-24,319.3805236816406
2007-09-25,317.4611511230469
2007-09-26,319.10626220703125
2007-09-27,321.3684387207031
2007-09-28,319.9289245605469
2007-10-01,327.1268615722656
2007-10-02,328.08648681640625
2007-10-03,328.2921447753906
2007-10-04,326.5097961425781
2007-10-05,331.1026916503906
2007-10-08,327.67529296875
2007-10-09,326.4413146972656
2007-10-10,323.15081787109375
2007-10-11,331.23980712890625
2007-10-12,328.155029296875
2007-10-15,316.98126220703125
2007-10-16,307.0412292480469
2007-10-17,306.1500549316406
2007-10-18,300.4603271484375
2007-10-19,290.38323974609375
2007-10-22,292.0970458984375
2007-10-23,290.9317321777344
2007-10-24,286.6815185546875
2007-10-25,282.6369934082031
2007-10-26,292.234130859375
2007-10-29,292.6453857421875
2007-10-30,288.6695861816406
2007-10-31,287.2300109863281
2007-11-01,267.43768310546875
2007-11-02,262.0209045410156
2007-11-05,249.3121337890625
2007-11-06,243.61761474609375
2007-11-07,232.0200653076172
2007-11-08,228.47840881347656
2007-11-09,229.8673095703125
2007-11-12,233.13121032714844
2007-11-13,249.3121337890625
2007-11-14,250.2845916748047
2007-11-15,240.1453857421875
2007-11-16,236.1175537109375
2007-11-19,222.22813415527344
2007-11-20,218.06143188476562
2007-11-21,213.40843200683594
2007-11-23,220.1448211669922
2007-11-26,213.20016479492188
2007-11-27,210.56117248535156
2007-11-28,224.24215698242188
2007-11-29,224.24215698242188
2007-11-30,231.25625610351562
2007-12-03,229.58938598632812
2007-12-04,226.04771423339844
2007-12-05,233.96456909179688
2007-12-06,238.5482177734375
2007-12-07,238.27023315429688
2007-12-10,241.46485900878906
2007-12-11,230.77005004882812
2007-12-12,218.5475311279297
2007-12-13,215.35292053222656
2007-12-14,213.20016479492188
2007-12-17,213.686279296875
2007-12-18,210.9778594970703
2007-12-19,209.79734802246094
2007-12-20,207.57496643066406
2007-12-21,210.00564575195312
2007-12-24,215.14466857910156
2007-12-26,211.4639434814453
2007-12-27,205.28326416015625
2007-12-28,203.40826416015625
2007-12-31,204.44992065429688
2008-01-02,200.8386993408203
2008-01-03,200.908203125
2008-01-04,196.11643981933594
2008-01-07,196.25534057617188
2008-01-08,188.47735595703125
2008-01-09,190.9078826904297
2008-01-10,195.21360778808594
2008-01-11,198.3386688232422
2008-01-14,201.81100463867188
2008-01-15,187.08834838867188
2008-01-16,182.22711181640625
2008-01-17,173.33795166015625
2008-01-18,169.79620361328125
2008-01-22,169.4490509033203
2008-01-23,183.06044006347656
2008-01-24,189.79678344726562
2008-01-25,185.0049591064453
2008-01-28,192.01904296875
2008-01-29,193.82472229003906
2008-01-30,193.61636352539062
2008-01-31,197.90174865722656
2008-02-01,208.58009338378906
2008-02-04,205.27822875976562
2008-02-05,190.03347778320312
2008-02-06,189.1201629638672
2008-02-07,187.5746307373047
2008-02-08,182.86756896972656
2008-02-11,181.32208251953125
2008-02-12,184.1322021484375
2008-02-13,185.04550170898438
2008-02-14,180.83030700683594
2008-02-15,179.00379943847656
2008-02-19,177.87966918945312
2008-02-20,179.0740203857422
2008-02-21,175.98289489746094
2008-02-22,176.47467041015625
2008-02-25,173.80502319335938
2008-02-26,175.28033447265625
2008-02-27,180.68983459472656
2008-02-28,175.70193481445312
2008-02-29,166.5690155029297
2008-03-03,162.21334838867188
2008-03-04,155.25839233398438
2008-03-05,155.60964965820312
2008-03-06,148.72483825683594
2008-03-07,146.89834594726562
2008-03-10,138.3275146484375
2008-03-11,150.9729766845703
2008-03-12,149.0059051513672
2008-03-13,148.0222930908203
2008-03-14,138.95977783203125
2008-03-17,130.81045532226562
2008-03-18,145.49330139160156
2008-03-19,143.38563537597656
2008-03-20,158.06846618652344
2008-03-24,163.47792053222656
2008-03-25,164.53170776367188
2008-03-26,154.9071502685547
2008-03-27,153.0805206298828
2008-03-28,146.33628845214844
2008-03-31,150.48121643066406
2008-04-01,167.48231506347656
2008-04-02,168.74688720703125
2008-04-03,171.13546752929688
2008-04-04,169.16842651367188
2008-04-07,172.82147216796875
2008-04-08,166.92031860351562
2008-04-09,165.65574645996094
2008-04-10,166.5690155029297
2008-04-11,164.11021423339844
2008-04-14,158.1387481689453
2008-04-15,160.1760711669922
2008-04-16,164.67222595214844
2008-04-17,168.817138671875
2008-04-18,176.40438842773438
2008-04-21,175.84237670898438
2008-04-22,176.47467041015625
2008-04-23,173.03225708007812
2008-04-24,180.97080993652344
2008-04-25,186.87205505371094
2008-04-28,188.3473663330078
2008-04-29,184.90499877929688
2008-04-30,177.5284881591797
2008-05-01,184.92845153808594
2008-05-02,187.7745819091797
2008-05-05,183.2207794189453
2008-05-06,184.07456970214844
2008-05-07,174.18426513671875
2008-05-08,172.90347290039062
2008-05-09,168.13613891601562
2008-05-12,168.20729064941406
2008-05-13,163.866943359375
2008-05-14,165.4323272705078
2008-05-15,168.84771728515625
2008-05-16,164.5072784423828
2008-05-19,163.58233642578125
2008-05-20,157.32080078125
2008-05-21,149.8496856689453
2008-05-22,154.54576110839844
2008-05-23,150.276611328125
2008-05-27,154.118896484375
2008-05-28,153.69195556640625
2008-05-29,156.8227081298828
2008-05-30,155.75540161132812
2008-06-02,152.69580078125
2008-06-03,152.41119384765625
2008-06-04,149.991943359375
2008-06-05,150.98817443847656
2008-06-06,142.73431396484375
2008-06-09,139.4612579345703
2008-06-10,144.1573944091797
2008-06-11,136.68624877929688
2008-06-12,141.524658203125
2008-06-13,145.7228240966797
2008-06-16,148.21310424804688
2008-06-17,145.58047485351562
2008-06-18,145.15354919433594
2008-06-19,143.51702880859375
2008-06-20,137.3266143798828
2008-06-23,131.99014282226562
2008-06-24,134.12472534179688
2008-06-25,134.12472534179688
2008-06-26,125.7286148071289
2008-06-27,122.7401351928711
2008-06-30,119.25354766845703
2008-07-01,121.88626098632812
2008-07-02,119.8227767944336
2008-07-03,119.68050384521484
2008-07-07,116.69207763671875
2008-07-08,123.73628997802734
2008-07-09,116.9766616821289
2008-07-10,115.83819580078125
2008-07-11,115.19783020019531
2008-07-14,108.2958755493164
2008-07-15,103.59978485107422
2008-07-16,117.19014739990234
2008-07-17,127.86317443847656
2008-07-18,137.68243408203125
2008-07-21,140.10159301757812
2008-07-22,148.6400146484375
2008-07-23,150.276611328125
2008-07-24,135.61898803710938
2008-07-25,134.12472534179688
2008-07-28,124.0208740234375
2008-07-29,131.27859497070312
2008-07-30,133.84010314941406
2008-07-31,135.28778076171875
2008-08-01,136.59071350097656
2008-08-04,136.30117797851562
2008-08-05,144.19117736816406
2008-08-06,142.59866333007812
2008-08-07,133.69529724121094
2008-08-08,140.35479736328125
2008-08-11,143.46728515625
2008-08-12,134.20205688476562
2008-08-13,128.91787719726562
2008-08-14,130.872314453125
2008-08-15,134.27439880371094
2008-08-18,127.54258728027344
2008-08-19,124.43009185791016
2008-08-20,126.60160064697266
2008-08-21,126.45681762695312
2008-08-22,131.3065948486328
2008-08-25,127.47018432617188
2008-08-26,129.13507080078125
2008-08-27,131.16188049316406
2008-08-28,138.11085510253906
2008-08-29,137.45932006835938
2008-09-02,138.3279571533203
2008-09-03,141.9472198486328
2008-09-04,132.46478271484375
2008-09-05,138.03839111328125
2008-09-08,147.08656311035156
2008-09-09,136.66314697265625
2008-09-10,135.21542358398438
2008-09-11,134.70872497558594
2008-09-12,130.00367736816406
2008-09-15,110.31495666503906
2008-09-16,114.00655364990234
2008-09-17,101.55631256103516
2008-09-18,120.52115631103516
2008-09-19,149.47528076171875
2008-09-22,144.8426971435547
2008-09-23,144.6978302001953
2008-09-24,137.2421875
2008-09-25,140.49954223632812
2008-09-26,145.85604858398438
2008-09-29,128.48353576660156
2008-09-30,148.46188354492188
2008-10-01,166.4857940673828
2008-10-02,162.86651611328125
2008-10-03,132.82669067382812
2008-10-06,126.02250671386719
2008-10-07,109.66345977783203
2008-10-08,104.23456573486328
2008-10-09,93.59396362304688
2008-10-10,102.13538360595703
2008-10-13,114.00655364990234
2008-10-14,134.7811279296875
2008-10-15,117.48103332519531
2008-10-16,115.09239196777344
2008-10-17,107.70907592773438
2008-10-20,109.22918701171875
2008-10-21,102.64203643798828
2008-10-22,96.41697692871094
2008-10-23,94.89690399169922
2008-10-24,87.87555694580078
2008-10-27,84.90776062011719
2008-10-28,97.06844329833984
2008-10-29,93.4491958618164
2008-10-30,96.08776092529297
2008-10-31,100.04561614990234
2008-11-03,102.53759002685547
2008-11-04,107.59485626220703
2008-11-05,92.5696792602539
2008-11-06,84.43408966064453
2008-11-07,86.63289642333984
2008-11-10,82.16199493408203
2008-11-11,79.156982421875
2008-11-12,70.65492248535156
2008-11-13,69.26234436035156
2008-11-14,69.7754135131836
2008-11-17,65.15790557861328
2008-11-18,61.27335739135742
2008-11-19,46.9078254699707
2008-11-20,34.521240234375
2008-11-21,27.631649017333984
2008-11-24,43.60961151123047
2008-11-25,44.562435150146484
2008-11-26,51.671913146972656
2008-11-28,60.76029586791992
2008-12-01,47.274295806884766
2008-12-02,52.91788101196289
2008-12-03,57.315494537353516
2008-12-04,54.23719787597656
2008-12-05,56.509273529052734
2008-12-08,62.07957458496094
2008-12-09,62.592655181884766
2008-12-10,60.83359909057617
2008-12-11,55.483150482177734
2008-12-12,56.435977935791016
2008-12-15,54.23719787597656
2008-12-16,60.3205451965332
2008-12-17,57.388790130615234
2008-12-18,54.45707321166992
2008-12-19,51.452030181884766
2008-12-22,49.47309112548828
2008-12-23,47.78733444213867
2008-12-24,49.69297790527344
2008-12-26,49.32651901245117
2008-12-29,48.15380859375
2008-12-30,49.839569091796875
2008-12-31,49.17991256713867
2009-01-02,52.33156204223633
2009-01-05,51.891780853271484
2009-01-06,54.676944732666016
2009-01-07,52.40483093261719
2009-01-08,52.4781494140625
2009-01-09,49.47309112548828
2009-01-12,41.044342041015625
2009-01-13,43.24315643310547
2009-01-14,33.201942443847656
2009-01-15,28.07140350341797
2009-01-16,25.6527156829834
2009-01-20,20.522171020507812
2009-01-21,26.898714065551758
2009-01-22,22.794269561767578
2009-01-23,25.43283462524414
2009-01-26,24.4067325592041
2009-01-27,26.019187927246094
2009-01-28,30.856555938720703
2009-01-29,28.65251922607422
2009-01-30,26.081138610839844
2009-02-02,26.815820693969727
2009-02-03,25.419919967651367
2009-02-04,25.640335083007812
2009-02-05,25.934207916259766
2009-02-06,28.725980758666992
2009-02-09,29.019855499267578
2009-02-10,24.61178207397461
2009-02-11,27.10968589782715
2009-02-12,26.521936416625977
2009-02-13,25.640335083007812
2009-02-17,22.48120880126953
2009-02-18,21.37919044494629
2009-02-19,18.44046974182129
2009-02-20,14.32625961303711
2009-02-23,15.722151756286621
2009-02-24,19.101680755615234
2009-02-25,18.513931274414062
2009-02-26,18.073129653930664
2009-02-27,11.020200729370117
2009-03-02,8.816158294677734
2009-03-03,8.963092803955078
2009-03-04,8.301880836486816
2009-03-05,7.493734836578369
2009-03-06,7.567203998565674
2009-03-09,7.714138984680176
2009-03-10,10.652859687805176
2009-03-11,11.314066886901855
2009-03-12,12.26915454864502
2009-03-13,13.07730484008789
2009-03-16,17.118043899536133
2009-03-17,18.44046974182129
2009-03-18,22.62813377380371
2009-03-19,19.101680755615234
2009-03-20,19.248615264892578
2009-03-23,22.99547576904297
2009-03-24,22.11386489868164
2009-03-25,21.67305564880371
2009-03-26,20.644512176513672
2009-03-27,19.248615264892578
2009-03-30,16.97110939025879
2009-03-31,18.5873966217041
2009-04-01,19.68941879272461
2009-04-02,20.13022804260254
2009-04-03,20.938385009765625
2009-04-06,19.983299255371094
2009-04-07,20.27716827392578
2009-04-08,19.836360931396484
2009-04-09,22.334272384643555
2009-04-13,27.917827606201172
2009-04-14,29.460674285888672
2009-04-15,29.16679573059082
2009-04-16,29.460674285888672
2009-04-17,26.815820693969727
2009-04-20,21.599592208862305
2009-04-21,23.803627014160156
2009-04-22,23.87709617614746
2009-04-23,23.509756088256836
2009-04-24,23.436288833618164
2009-04-27,22.554677963256836
2009-04-28,21.232248306274414
2009-04-29,22.922016143798828
2009-04-30,22.407733917236328
2009-05-01,21.81999397277832
2009-05-04,23.509756088256836
2009-05-05,24.317907333374023
2009-05-06,28.358640670776367
2009-05-07,27.991310119628906
2009-05-08,29.534133911132812
2009-05-11,28.358640670776367
2009-05-12,26.889284133911133
2009-05-13,25.052587509155273
2009-05-14,26.081138610839844
2009-05-15,25.566856384277344
2009-05-18,26.742351531982422
2009-05-19,27.69744110107422
2009-05-20,27.10968589782715
2009-05-21,27.330097198486328
2009-05-22,26.96275520324707
2009-05-26,27.69744110107422
2009-05-27,27.18316650390625
2009-05-28,26.96275520324707
2009-05-29,27.330097198486328
2009-06-01,27.10968589782715
2009-06-02,25.787267684936523
2009-06-03,24.905651092529297
2009-06-04,26.22808265686035
2009-06-05,25.419919967651367
2009-06-08,25.12605857849121
2009-06-09,25.052587509155273
2009-06-10,25.566856384277344
2009-06-11,25.566856384277344
2009-06-12,25.49339485168457
2009-06-15,24.758718490600586
2009-06-16,23.87709617614746
2009-06-17,22.62813377380371
2009-06-18,22.99547576904297
2009-06-19,23.289348602294922
2009-06-22,22.040401458740234
2009-06-23,22.11386489868164
2009-06-24,22.334272384643555
2009-06-25,22.260799407958984
2009-06-26,22.260799407958984
2009-06-29,22.187332153320312
2009-06-30,21.81999397277832
2009-07-01,21.81999397277832
2009-07-02,21.158775329589844
2009-07-06,20.49756622314453
2009-07-07,19.762893676757812
2009-07-08,19.248615264892578
2009-07-09,19.762893676757812
2009-07-10,19.028202056884766
2009-07-13,20.42409896850586
2009-07-14,21.452655792236328
2009-07-15,23.289348602294922
2009-07-16,22.260799407958984
2009-07-17,22.187332153320312
2009-07-20,20.49756622314453
2009-07-21,19.46901512145996
2009-07-22,20.571027755737305
2009-07-23,20.350643157958984
2009-07-24,20.056751251220703
2009-07-27,19.762893676757812
2009-07-28,21.81999397277832
2009-07-29,23.656694412231445
2009-07-30,23.06894874572754
2009-07-31,23.289348602294922
2009-08-03,23.362817764282227
2009-08-04,23.87709617614746
2009-08-05,26.30154800415039
2009-08-06,27.917827606201172
2009-08-07,28.285175323486328
2009-08-10,28.94638442993164
2009-08-11,27.10968589782715
2009-08-12,29.240264892578125
2009-08-13,29.8280029296875
2009-08-14,29.681068420410156
2009-08-17,29.387189865112305
2009-08-18,30.41574478149414
2009-08-19,30.342283248901367
2009-08-20,32.91366195678711
2009-08-21,34.52994918823242
2009-08-24,35.411582946777344
2009-08-25,34.89729309082031
2009-08-26,34.015689849853516
2009-08-27,37.10135269165039
2009-08-28,38.42376708984375
2009-08-31,36.73400115966797
2009-09-01,33.35445785522461
2009-09-02,33.50139617919922
2009-09-03,35.044227600097656
2009-09-04,35.63197326660156
2009-09-08,34.38301086425781
2009-09-09,34.236087799072266
2009-09-10,34.89729309082031
2009-09-11,33.868743896484375
2009-09-14,33.207523345947266
2009-09-15,30.268815994262695
2009-09-16,30.856555938720703
2009-09-17,32.47285842895508
2009-09-18,31.297365188598633
2009-09-21,32.54631423950195
2009-09-22,34.162620544433594
2009-09-23,33.207523345947266
2009-09-24,32.54631423950195
2009-09-25,32.1789665222168
2009-09-28,33.57487869262695
2009-09-29,34.52994918823242
2009-09-30,35.55850601196289
2009-10-01,33.28099822998047
2009-10-02,33.207523345947266
2009-10-05,34.30955123901367
2009-10-06,34.30955123901367
2009-10-07,34.08913040161133
2009-10-08,34.162620544433594
2009-10-09,34.015689849853516
2009-10-12,35.044227600097656
2009-10-13,35.485050201416016
2009-10-14,36.73400115966797
2009-10-15,34.89729309082031
2009-10-16,33.7218017578125
2009-10-19,33.35445785522461
2009-10-20,32.54631423950195
2009-10-21,32.47285842895508
2009-10-22,32.766727447509766
2009-10-23,32.766727447509766
2009-10-26,31.370847702026367
2009-10-27,31.370847702026367
2009-10-28,29.974939346313477
2009-10-29,31.664705276489258
2009-10-30,30.04841423034668
2009-11-02,29.313730239868164
2009-11-03,29.681068420410156
2009-11-04,29.16679573059082
2009-11-05,29.8280029296875
2009-11-06,29.8280029296875
2009-11-09,30.7830867767334
2009-11-10,30.709617614746094
2009-11-11,30.562700271606445
2009-11-12,29.8280029296875
2009-11-13,29.754533767700195
2009-11-16,30.709617614746094
2009-11-17,31.150419235229492
2009-11-18,31.51776695251465
2009-11-19,31.297365188598633
2009-11-20,30.856555938720703
2009-11-23,31.444303512573242
2009-11-24,30.930030822753906
2009-11-25,30.636150360107422
2009-11-27,29.8280029296875
2009-11-30,30.195356369018555
2009-12-01,30.12188720703125
2009-12-02,30.12188720703125
2009-12-03,29.754533767700195
2009-12-04,29.8280029296875
2009-12-07,29.607595443725586
2009-12-08,28.725980758666992
2009-12-09,28.358640670776367
2009-12-10,28.4321231842041
2009-12-11,29.019855499267578
2009-12-14,27.18316650390625
2009-12-15,26.15460968017578
2009-12-16,25.346452713012695
2009-12-17,23.509756088256836
2009-12-18,24.979122161865234
2009-12-21,25.12605857849121
2009-12-22,24.53830909729004
2009-12-23,24.170970916748047
2009-12-24,24.61178207397461
2009-12-28,24.905651092529297
2009-12-29,24.758718490600586
2009-12-30,24.391380310058594
2009-12-31,24.317907333374023
2010-01-04,24.979122161865234
2010-01-05,25.934207916259766
2010-01-06,26.742351531982422
2010-01-07,26.815820693969727
2010-01-08,26.375009536743164
2010-01-11,26.66888427734375
2010-01-12,25.86073112487793
2010-01-13,25.713796615600586
2010-01-14,25.787267684936523
2010-01-15,25.12605857849121
2010-01-19,26.00766944885254
2010-01-20,25.419919967651367
2010-01-21,24.024036407470703
2010-01-22,23.87709617614746
2010-01-25,23.73016357421875
2010-01-26,23.142423629760742
2010-01-27,23.509756088256836
2010-01-28,23.803627014160156
2010-01-29,24.391380310058594
2010-02-01,24.53830909729004
2010-02-02,25.052587509155273
2010-02-03,24.758718490600586
2010-02-04,23.362817764282227
2010-02-05,23.656694412231445
2010-02-08,23.142423629760742
2010-02-09,23.362817764282227
2010-02-10,23.509756088256836
2010-02-11,23.58322525024414
2010-02-12,23.362817764282227
2010-02-16,24.317907333374023
2010-02-17,25.052587509155273
2010-02-18,25.19951820373535
2010-02-19,25.12605857849121
2010-02-22,25.419919967651367
2010-02-23,24.61178207397461
2010-02-24,25.346452713012695
2010-02-25,24.905651092529297
2010-02-26,24.979122161865234
2010-03-01,24.905651092529297
2010-03-02,24.979122161865234
2010-03-03,24.979122161865234
2010-03-04,25.19951820373535
2010-03-05,25.713796615600586
2010-03-08,26.15460968017578
2010-03-09,28.06477165222168
2010-03-10,29.093318939208984
2010-03-11,30.709617614746094
2010-03-12,29.16679573059082
2010-03-15,28.57904815673828
2010-03-16,29.754533767700195
2010-03-17,29.754533767700195
2010-03-18,29.534133911132812
2010-03-19,28.65251922607422
2010-03-22,29.681068420410156
2010-03-23,30.342283248901367
2010-03-24,30.489215850830078
2010-03-25,31.370847702026367
2010-03-26,31.664705276489258
2010-03-29,30.709617614746094
2010-03-30,30.04841423034668
2010-03-31,29.754533767700195
2010-04-01,30.709617614746094
2010-04-05,31.297365188598633
2010-04-06,31.51776695251465
2010-04-07,32.032039642333984
2010-04-08,32.84018325805664
2010-04-09,33.427940368652344
2010-04-12,34.08913040161133
2010-04-13,33.94221878051758
2010-04-14,36.219722747802734
2010-04-15,35.338104248046875
2010-04-16,33.50139617919922
2010-04-19,35.85237121582031
2010-04-20,36.513587951660156
2010-04-21,36.219722747802734
2010-04-22,35.778900146484375
2010-04-23,35.7054557800293
2010-04-26,33.868743896484375
2010-04-27,31.885107040405273
2010-04-28,32.69325637817383
2010-04-29,33.50139617919922
2010-04-30,32.10551834106445
2010-05-03,32.399375915527344
2010-05-04,31.297365188598633
2010-05-05,30.709617614746094
2010-05-06,29.681068420410156
2010-05-07,29.387189865112305
2010-05-10,31.003496170043945
2010-05-11,30.636150360107422
2010-05-12,30.709617614746094
2010-05-13,30.04841423034668
2010-05-14,29.240264892578125
2010-05-17,28.358640670776367
2010-05-18,27.403560638427734
2010-05-19,27.991310119628906
2010-05-20,26.66888427734375
2010-05-21,27.550493240356445
2010-05-24,27.770904541015625
2010-05-25,27.770904541015625
2010-05-26,28.358640670776367
2010-05-27,29.534133911132812
2010-05-28,29.093318939208984
2010-06-01,28.285175323486328
2010-06-02,28.799457550048828
2010-06-03,29.093318939208984
2010-06-04,27.84436798095703
2010-06-07,26.742351531982422
2010-06-08,27.330097198486328
2010-06-09,28.4321231842041
2010-06-10,28.65251922607422
2010-06-11,28.50557518005371
2010-06-14,28.50557518005371
2010-06-15,29.313730239868164
2010-06-16,29.313730239868164
2010-06-17,29.093318939208984
2010-06-18,29.460674285888672
2010-06-21,29.534133911132812
2010-06-22,28.94638442993164
2010-06-23,28.57904815673828
2010-06-24,27.770904541015625
2010-06-25,28.94638442993164
2010-06-28,29.387189865112305
2010-06-29,27.403560638427734
2010-06-30,27.623964309692383
2010-07-01,27.770904541015625
2010-07-02,27.84436798095703
2010-07-06,27.84436798095703
2010-07-07,28.65251922607422
2010-07-08,29.16679573059082
2010-07-09,29.681068420410156
2010-07-12,30.195356369018555
2010-07-13,31.591236114501953
2010-07-14,30.930030822753906
2010-07-15,30.562700271606445
2010-07-16,28.65251922607422
2010-07-19,29.240264892578125
2010-07-20,29.313730239868164
2010-07-21,28.94638442993164
2010-07-22,30.04841423034668
2010-07-23,29.534133911132812
2010-07-26,30.489215850830078
2010-07-27,30.562700271606445
2010-07-28,30.04841423034668
2010-07-29,30.268815994262695
2010-07-30,30.12188720703125
2010-08-02,30.7830867767334
2010-08-03,30.342283248901367
2010-08-04,30.41574478149414
2010-08-05,30.12188720703125
2010-08-06,29.8280029296875
2010-08-09,29.974939346313477
2010-08-10,29.387189865112305
2010-08-11,28.285175323486328
2010-08-12,28.4321231842041
2010-08-13,28.50557518005371
2010-08-16,28.4321231842041
2010-08-17,28.285175323486328
2010-08-18,28.358640670776367
2010-08-19,27.84436798095703
2010-08-20,27.550493240356445
2010-08-23,27.550493240356445
2010-08-24,27.25662612915039
2010-08-25,27.036222457885742
2010-08-26,26.889284133911133
2010-08-27,27.623964309692383
2010-08-30,26.96275520324707
2010-08-31,27.25662612915039
2010-09-01,28.285175323486328
2010-09-02,28.50557518005371
2010-09-03,28.725980758666992
2010-09-07,28.138248443603516
2010-09-08,28.211706161499023
2010-09-09,28.725980758666992
2010-09-10,28.725980758666992
2010-09-13,29.313730239868164
2010-09-14,28.94638442993164
2010-09-15,28.799457550048828
2010-09-16,29.16679573059082
2010-09-17,29.019855499267578
2010-09-20,29.313730239868164
2010-09-21,28.94638442993164
2010-09-22,28.50557518005371
2010-09-23,27.917827606201172
2010-09-24,28.65251922607422
2010-09-27,28.4321231842041
2010-09-28,28.50557518005371
2010-09-29,28.799457550048828
2010-09-30,28.725980758666992
2010-10-01,30.04841423034668
2010-10-04,29.607595443725586
2010-10-05,30.342283248901367
2010-10-06,30.12188720703125
2010-10-07,30.709617614746094
2010-10-08,30.7830867767334
2010-10-11,30.709617614746094
2010-10-12,31.150419235229492
2010-10-13,31.22389793395996
2010-10-14,29.8280029296875
2010-10-15,29.019855499267578
2010-10-18,30.636150360107422
2010-10-19,29.8280029296875
2010-10-20,30.195356369018555
2010-10-21,29.901477813720703
2010-10-22,30.195356369018555
2010-10-25,30.930030822753906
2010-10-26,30.709617614746094
2010-10-27,30.636150360107422
2010-10-28,30.636150360107422
2010-10-29,30.636150360107422
2010-11-01,30.489215850830078
2010-11-02,30.636150360107422
2010-11-03,30.7830867767334
2010-11-04,31.811643600463867
2010-11-05,32.98712158203125
2010-11-08,32.61979293823242
2010-11-09,31.591236114501953
2010-11-10,32.47285842895508
2010-11-11,32.032039642333984
2010-11-12,31.51776695251465
2010-11-15,31.738176345825195
2010-11-16,31.003496170043945
2010-11-17,30.7830867767334
2010-11-18,31.591236114501953
2010-11-19,31.370847702026367
2010-11-22,30.709617614746094
2010-11-23,30.12188720703125
2010-11-24,30.636150360107422
2010-11-26,30.195356369018555
2010-11-29,30.489215850830078
2010-11-30,30.856555938720703
2010-12-01,31.591236114501953
2010-12-02,32.47285842895508
2010-12-03,32.69325637817383
2010-12-06,32.69325637817383
2010-12-07,33.94221878051758
2010-12-08,34.08913040161133
2010-12-09,34.45648956298828
2010-12-10,35.044227600097656
2010-12-13,35.338104248046875
2010-12-14,34.45648956298828
2010-12-15,33.7218017578125
2010-12-16,33.7218017578125
2010-12-17,34.52994918823242
2010-12-20,34.603424072265625
2010-12-21,34.82382583618164
2010-12-22,34.7503547668457
2010-12-23,34.38301086425781
2010-12-27,35.044227600097656
2010-12-28,35.11769104003906
2010-12-29,35.044227600097656
2010-12-30,34.970767974853516
2010-12-31,34.7503547668457
2011-01-03,35.999324798583984
2011-01-04,35.999324798583984
2011-01-05,36.513587951660156
2011-01-06,36.36665725708008
2011-01-07,36.293190002441406
2011-01-10,36.072792053222656
2011-01-11,36.293190002441406
2011-01-12,37.32174301147461
2011-01-13,37.027862548828125
2011-01-14,37.68907928466797
2011-01-18,35.26463317871094
2011-01-19,34.970767974853516
2011-01-20,35.26463317871094
2011-01-21,35.92584991455078
2011-01-24,35.7054557800293
2011-01-25,35.411582946777344
2011-01-26,35.338104248046875
2011-01-27,35.485050201416016
2011-01-28,34.6768913269043
2011-01-31,35.411582946777344
2011-02-01,35.999324798583984
2011-02-02,35.63197326660156
2011-02-03,35.338104248046875
2011-02-04,35.411582946777344
2011-02-07,35.999324798583984
2011-02-08,35.92584991455078
2011-02-09,35.55850601196289
2011-02-10,35.11769104003906
2011-02-11,35.85237121582031
2011-02-14,36.072792053222656
2011-02-15,36.072792053222656
2011-02-16,35.999324798583984
2011-02-17,36.293190002441406
2011-02-18,36.072792053222656
2011-02-22,34.45648956298828
2011-02-23,34.52994918823242
2011-02-24,34.45648956298828
2011-02-25,34.52994918823242
2011-02-28,34.38301086425781
2011-03-01,33.57487869262695
2011-03-02,33.7952766418457
2011-03-03,34.38301086425781
2011-03-04,33.35445785522461
2011-03-07,33.207523345947266
2011-03-08,34.08913040161133
2011-03-09,34.162620544433594
2011-03-10,33.35445785522461
2011-03-11,33.57487869262695
2011-03-14,33.35445785522461
2011-03-15,32.61979293823242
2011-03-16,32.252445220947266
2011-03-17,32.69325637817383
2011-03-18,33.060604095458984
2011-03-21,32.54631423950195
2011-03-22,32.47285842895508
2011-03-23,32.325931549072266
2011-03-24,32.54631423950195
2011-03-25,32.766727447509766
2011-03-28,32.54631423950195
2011-03-29,32.69325637817383
2011-03-30,32.69325637817383
2011-03-31,32.47285842895508
2011-04-01,32.69325637817383
2011-04-04,32.54631423950195
2011-04-05,32.84018325805664
2011-04-06,33.7218017578125
2011-04-07,33.64833068847656
2011-04-08,33.50139617919922
2011-04-11,33.28099822998047
2011-04-12,33.427940368652344
2011-04-13,33.060604095458984
2011-04-14,32.54631423950195
2011-04-15,32.47285842895508
2011-04-18,32.47285842895508
2011-04-19,33.28099822998047
2011-04-20,33.57487869262695
2011-04-21,33.427940368652344
2011-04-25,33.207523345947266
2011-04-26,33.13406753540039
2011-04-27,33.13406753540039
2011-04-28,33.7218017578125
2011-04-29,33.7218017578125
2011-05-02,32.98712158203125
2011-05-03,33.207523345947266
2011-05-04,33.207523345947266
2011-05-05,32.91366195678711
2011-05-06,33.207523345947266
2011-05-09,32.44346237182617
2011-05-10,32.47285842895508
2011-05-11,31.532453536987305
2011-05-12,31.165128707885742
2011-05-13,30.511259078979492
2011-05-16,30.2614688873291
2011-05-17,30.518604278564453
2011-05-18,30.29820442199707
2011-05-19,30.40105438232422
2011-05-20,30.136573791503906
2011-05-23,29.504737854003906
2011-05-24,29.761890411376953
2011-05-25,29.63695526123047
2011-05-26,29.55612564086914
2011-05-27,30.107261657714844
2011-05-31,30.239543914794922
2011-06-01,29.137248992919922
2011-06-02,29.401796340942383
2011-06-03,29.284217834472656
2011-06-06,27.976163864135742
2011-06-07,27.616090774536133
2011-06-08,27.050249099731445
2011-06-09,27.755708694458008
2011-06-10,27.86594009399414
2011-06-13,28.784521102905273
2011-06-14,28.497926712036133
2011-06-15,27.924728393554688
2011-06-16,27.65283966064453
2011-06-17,28.145185470581055
2011-06-20,28.042299270629883
2011-06-21,28.887405395507812
2011-06-22,29.03436851501465
2011-06-23,28.96088409423828
2011-06-24,29.093158721923828
2011-06-27,29.38710594177246
2011-06-28,29.504690170288086
2011-06-29,30.496746063232422
2011-06-30,30.599620819091797
2011-07-01,31.51085662841797
2011-07-05,31.283048629760742
2011-07-06,30.87152862548828
2011-07-07,31.32715606689453
2011-07-08,30.886219024658203
2011-07-11,29.240135192871094
2011-07-12,28.711034774780273
2011-07-13,29.004968643188477
2011-07-14,28.674299240112305
2011-07-15,28.203977584838867
2011-07-18,27.733678817749023
2011-07-19,27.939435958862305
2011-07-20,28.380342483520508
2011-07-21,29.629610061645508
2011-07-22,29.585512161254883
2011-07-25,29.328311920166016
2011-07-26,29.188688278198242
2011-07-27,28.123146057128906
2011-07-28,28.064350128173828
2011-07-29,28.18194580078125
2011-08-01,28.284862518310547
2011-08-02,27.22637367248535
2011-08-03,27.38808822631836
2011-08-04,25.58721160888672
2011-08-05,24.580188751220703
2011-08-08,20.544750213623047
2011-08-09,23.389394760131836
2011-08-10,20.941667556762695
2011-08-11,22.26475715637207
2011-08-12,21.941343307495117
2011-08-15,22.985118865966797
2011-08-16,22.007497787475586
2011-08-17,21.941343307495117
2011-08-18,20.566791534423828
2011-08-19,19.677383422851562
2011-08-22,19.155494689941406
2011-08-23,20.08165740966797
2011-08-24,20.91226577758789
2011-08-25,21.9266414642334
2011-08-26,21.933992385864258
2011-08-29,22.999826431274414
2011-08-30,22.7425479888916
2011-08-31,22.82341194152832
2011-09-01,22.05159568786621
2011-09-02,20.87551498413086
2011-09-06,20.360984802246094
2011-09-07,21.301849365234375
2011-09-08,20.566791534423828
2011-09-09,19.655330657958984
2011-09-12,19.817035675048828
2011-09-13,19.883195877075195
2011-09-14,20.133113861083984
2011-09-15,21.015174865722656
2011-09-16,21.30919647216797
2011-09-19,20.368328094482422
2011-09-20,19.794986724853516
2011-09-21,18.758562088012695
2011-09-22,17.61187744140625
2011-09-23,18.36163330078125
2011-09-26,19.640625
2011-09-27,19.839094161987305
2011-09-28,19.052587509155273
2011-09-29,19.772933959960938
2011-09-30,18.832067489624023
2011-10-03,16.987079620361328
2011-10-04,17.92795181274414
2011-10-05,18.163169860839844
2011-10-06,19.12609100341797
2011-10-07,18.1043701171875
2011-10-10,19.4715633392334
2011-10-11,20.46388816833496
2011-10-12,21.463552474975586
2011-10-13,20.316877365112305
2011-10-14,20.87551498413086
2011-10-17,20.530040740966797
2011-10-18,21.963390350341797
2011-10-19,21.60321807861328
2011-10-20,22.110401153564453
2011-10-21,22.272117614746094
2011-10-24,23.22768783569336
2011-10-25,22.713157653808594
2011-10-26,22.896913528442383
2011-10-27,25.11678123474121
2011-10-28,25.109424591064453
2011-10-31,23.220333099365234
2011-11-01,21.441509246826172
2011-11-02,21.9266414642334
2011-11-03,22.63252830505371
2011-11-04,22.309001922607422
2011-11-07,22.463407516479492
2011-11-08,23.103126525878906
2011-11-09,21.21339988708496
2011-11-10,21.051631927490234
2011-11-11,21.566347122192383
2011-11-14,20.867809295654297
2011-11-15,20.60310173034668
2011-11-16,19.750154495239258
2011-11-17,19.117801666259766
2011-11-18,19.32369041442871
2011-11-21,18.382497787475586
2011-11-22,17.98543357849121
2011-11-23,17.28689956665039
2011-11-25,17.375131607055664
2011-11-28,18.41927146911621
2011-11-29,18.558971405029297
2011-11-30,20.206039428710938
2011-12-01,19.845745086669922
2011-12-02,20.713397979736328
2011-12-05,21.93399429321289
2011-12-06,21.875164031982422
2011-12-07,21.93399429321289
2011-12-08,20.40456771850586
2011-12-09,21.154579162597656
2011-12-12,20.014862060546875
2011-12-13,19.779569625854492
2011-12-14,19.154558181762695
2011-12-15,19.058975219726562
2011-12-16,19.139860153198242
2011-12-19,18.250146865844727
2011-12-20,19.081026077270508
2011-12-21,19.191322326660156
2011-12-22,20.331035614013672
2011-12-23,20.19133758544922
2011-12-27,19.779569625854492
2011-12-28,19.213388442993164
2011-12-29,19.6766300201416
2011-12-30,19.34573745727539
2012-01-03,20.831045150756836
2012-01-04,20.713397979736328
2012-01-05,20.96339225769043
2012-01-06,20.992813110351562
2012-01-09,21.382518768310547
2012-01-10,22.05899429321289
2012-01-11,22.992828369140625
2012-01-12,23.2354736328125
2012-01-13,22.603130340576172
2012-01-17,20.750158309936523
2012-01-18,21.345752716064453
2012-01-19,21.566347122192383
2012-01-20,21.794288635253906
2012-01-23,21.948701858520508
2012-01-24,21.985464096069336
2012-01-25,22.02958869934082
2012-01-26,22.338411331176758
2012-01-27,22.698707580566406
2012-01-30,22.22812271118164
2012-01-31,22.588415145874023
2012-02-01,23.2354736328125
2012-02-02,23.529685974121094
2012-02-03,24.669763565063477
2012-02-06,24.493242263793945
2012-02-07,24.324058532714844
2012-02-08,25.17729377746582
2012-02-09,24.75803565979004
2012-02-10,24.221088409423828
2012-02-13,24.184309005737305
2012-02-14,23.595888137817383
2012-02-15,23.33109474182129
2012-02-16,24.059267044067383
2012-02-17,24.213733673095703
2012-02-21,24.537368774414062
2012-02-22,23.80182647705078
2012-02-23,24.059267044067383
2012-02-24,23.79448127746582
2012-02-27,24.221088409423828
2012-02-28,24.625627517700195
2012-02-29,24.507951736450195
2012-03-01,25.103721618652344
2012-03-02,25.081661224365234
2012-03-05,24.772733688354492
2012-03-06,23.625307083129883
2012-03-07,24.449111938476562
2012-03-08,25.00810432434082
2012-03-09,25.15521812438965
2012-03-12,25.221418380737305
2012-03-13,26.810163497924805
2012-03-14,25.898107528686523
2012-03-15,26.677772521972656
2012-03-16,26.9866943359375
2012-03-19,27.339746475219727
2012-03-20,28.00908088684082
2012-03-21,27.803138732910156
2012-03-22,27.14115333557129
2012-03-23,27.31032943725586
2012-03-26,27.53098487854004
2012-03-27,27.052894592285156
2012-03-28,27.258846282958984
2012-03-29,26.854297637939453
2012-03-30,26.88371467590332
2012-04-02,27.119094848632812
2012-04-03,26.75132179260254
2012-04-04,25.773073196411133
2012-04-05,25.58917808532715
2012-04-09,24.986042022705078
2012-04-10,24.169601440429688
2012-04-11,24.706546783447266
2012-04-12,25.471492767333984
2012-04-13,24.57415008544922
2012-04-16,25.00810432434082
2012-04-17,25.802490234375
2012-04-18,25.802490234375
2012-04-19,25.633319854736328
2012-04-20,24.92720603942871
2012-04-23,24.456464767456055
2012-04-24,24.581497192382812
2012-04-25,24.772733688354492
2012-04-26,24.919845581054688
2012-04-27,24.64034080505371
2012-04-30,24.302000045776367
2012-05-01,24.713903427124023
2012-05-02,24.051918029785156
2012-05-03,23.89740753173828
2012-05-04,23.24994468688965
2012-05-07,23.30144500732422
2012-05-08,23.04393196105957
2012-05-09,22.40382194519043
2012-05-10,22.55097770690918
2012-05-11,21.5944881439209
2012-05-14,20.704219818115234
2012-05-15,20.446706771850586
2012-05-16,19.806596755981445
2012-05-17,19.431360244750977
2012-05-18,19.137052536010742
2012-05-21,19.31363868713379
2012-05-22,19.806596755981445
2012-05-23,19.97582244873047
2012-05-24,19.61530113220215
2012-05-25,19.475505828857422
2012-05-29,19.880178451538086
2012-05-30,19.12970733642578
2012-05-31,19.50494384765625
2012-06-01,18.68088722229004
2012-06-04,18.261512756347656
2012-06-05,18.94576072692871
2012-06-06,19.968463897705078
2012-06-07,19.799238204956055
2012-06-08,20.43199348449707
2012-06-11,19.482860565185547
2012-06-12,20.321619033813477
2012-06-13,20.358415603637695
2012-06-14,20.534992218017578
2012-06-15,20.829301834106445
2012-06-18,20.270118713378906
2012-06-19,20.96908950805664
2012-06-20,21.233964920043945
2012-06-21,20.47613525390625
2012-06-22,20.593860626220703
2012-06-25,19.681516647338867
2012-06-26,19.66680335998535
2012-06-27,19.93903160095215
2012-06-28,19.41664695739746
2012-06-29,20.167123794555664
2012-07-02,20.203908920288086
2012-07-03,20.343698501586914
2012-07-05,19.74773597717285
2012-07-06,19.394577026367188
2012-07-09,19.21063232421875
2012-07-10,19.041404724121094
2012-07-11,19.0340518951416
2012-07-12,18.599960327148438
2012-07-13,19.60793685913086
2012-07-16,19.72566032409668
2012-07-17,20.14504623413086
2012-07-18,19.93903160095215
2012-07-19,19.563804626464844
2012-07-20,19.0340518951416
2012-07-23,18.644102096557617
2012-07-24,18.570524215698242
2012-07-25,18.975189208984375
2012-07-26,19.335710525512695
2012-07-27,20.086185455322266
2012-07-30,19.968463897705078
2012-07-31,19.961109161376953
2012-08-01,19.703590393066406
2012-08-02,19.26932716369629
2012-08-03,20.167285919189453
2012-08-06,21.021093368530273
2012-08-07,21.26396942138672
2012-08-08,21.241897583007812
2012-08-09,21.241897583007812
2012-08-10,21.271337509155273
2012-08-13,21.18301773071289
2012-08-14,21.175655364990234
2012-08-15,21.15357780456543
2012-08-16,21.21245765686035
2012-08-17,21.36702537536621
2012-08-20,22.066259384155273
2012-08-21,22.618276596069336
2012-08-22,22.441631317138672
2012-08-23,21.779203414916992
2012-08-24,21.95584487915039
2012-08-27,21.852806091308594
2012-08-28,21.595197677612305
2012-08-29,22.01473045349121
2012-08-30,21.823362350463867
2012-08-31,21.86752700805664
2012-09-04,21.86017417907715
2012-09-05,21.91168975830078
2012-09-06,22.905332565307617
2012-09-07,23.60456657409668
2012-09-10,23.427915573120117
2012-09-11,24.03882598876953
2012-09-12,24.325870513916016
2012-09-13,25.3563289642334
2012-09-14,25.606569290161133
2012-09-17,25.069263458251953
2012-09-18,24.980945587158203
2012-09-19,25.157594680786133
2012-09-20,24.885255813598633
2012-09-21,24.78221321105957
2012-09-24,24.649734497070312
2012-09-25,24.186031341552734
2012-09-26,23.928417205810547
2012-09-27,24.26699447631836
2012-09-28,24.082984924316406
2012-10-01,24.105066299438477
2012-10-02,24.480436325073242
2012-10-03,25.069263458251953
2012-10-04,25.73169708251953
2012-10-05,25.591848373413086
2012-10-08,25.599212646484375
2012-10-09,25.466720581054688
2012-10-10,25.86418342590332
2012-10-11,26.143861770629883
2012-10-12,25.577123641967773
2012-10-15,26.982955932617188
2012-10-16,27.417217254638672
2012-10-17,28.285741806030273
2012-10-18,28.278362274169922
2012-10-19,27.350976943969727
2012-10-22,27.76314353942871
2012-10-23,27.152236938476562
2012-10-24,27.454004287719727
2012-10-25,27.53498077392578
2012-10-26,26.93878936767578
2012-10-31,27.52025604248047
2012-11-01,27.93991470336914
2012-11-02,27.682226181030273
2012-11-05,27.476085662841797
2012-11-06,28.32274055480957
2012-11-07,26.54106903076172
2012-11-08,26.50425148010254
2012-11-09,26.452726364135742
2012-11-12,26.813472747802734
2012-11-13,26.622060775756836
2012-11-14,25.782758712768555
2012-11-15,25.922636032104492
2012-11-16,25.753313064575195
2012-11-19,26.577880859375
2012-11-20,26.50425148010254
2012-11-21,26.33492660522461
2012-11-23,26.526336669921875
2012-11-26,26.18767547607422
2012-11-27,25.797483444213867
2012-11-28,25.81955909729004
2012-11-29,25.922636032104492
2012-11-30,25.451446533203125
2012-12-03,25.19377326965332
2012-12-04,25.245311737060547
2012-12-05,26.842924118041992
2012-12-06,27.25520896911621
2012-12-07,27.7116756439209
2012-12-10,27.380373001098633
2012-12-11,27.240488052368164
2012-12-12,27.630685806274414
2012-12-13,27.4539852142334
2012-12-14,27.682226181030273
2012-12-17,28.823381423950195
2012-12-18,29.05161476135254
2012-12-19,29.04424285888672
2012-12-20,29.5743350982666
2012-12-21,29.07369613647461
2012-12-24,28.992721557617188
2012-12-26,29.11788558959961
2012-12-27,28.897005081176758
2012-12-28,28.720314025878906
2012-12-31,29.1252384185791
2013-01-02,30.369462966918945
2013-01-03,30.47254753112793
2013-01-04,31.23821258544922
2013-01-07,31.267662048339844
2013-01-08,31.26030158996582
2013-01-09,30.951080322265625
2013-01-10,31.53270721435547
2013-01-11,31.171960830688477
2013-01-14,31.08360481262207
2013-01-15,31.341297149658203
2013-01-16,31.275035858154297
2013-01-17,30.362104415893555
2013-01-18,30.671310424804688
2013-01-22,30.759660720825195
2013-01-23,30.936365127563477
2013-01-24,31.5106201171875
2013-01-25,31.591604232788086
2013-01-28,31.171960830688477
2013-01-29,31.039438247680664
2013-01-30,30.884822845458984
2013-01-31,31.04683494567871
2013-02-01,31.68014144897461
2013-02-04,31.08363914489746
2013-02-05,31.60649871826172
2013-02-06,31.70223617553711
2013-02-07,31.569692611694336
2013-02-08,31.42976951599121
2013-02-11,31.7758731842041
2013-02-12,32.65956497192383
2013-02-13,32.401817321777344
2013-02-14,32.637454986572266
2013-02-15,32.28398895263672
2013-02-19,32.77001953125
2013-02-20,31.827409744262695
2013-02-21,31.186744689941406
2013-02-22,31.51078224182129
2013-02-25,30.30307388305664
2013-02-26,30.406166076660156
2013-02-27,31.04683494567871
2013-02-28,30.906909942626953
2013-03-01,31.0100040435791
2013-03-04,31.621225357055664
2013-03-05,32.10725402832031
2013-03-06,32.82893371582031
2013-03-07,33.138221740722656
2013-03-08,34.37537384033203
2013-03-11,35.05288314819336
2013-03-12,34.574214935302734
2013-03-13,34.58894348144531
2013-03-14,34.94977569580078
2013-03-15,34.802490234375
2013-03-18,34.05135726928711
2013-03-19,33.71998596191406
2013-03-20,33.94090270996094
2013-03-21,33.30758285522461
2013-03-22,33.30758285522461
2013-03-25,32.762657165527344
2013-03-26,33.01303482055664
2013-03-27,32.740562438964844
2013-03-28,32.57854461669922
2013-04-01,32.24717330932617
2013-04-02,32.48283004760742
2013-04-03,31.297204971313477
2013-04-04,31.496042251586914
2013-04-05,31.67276382446289
2013-04-08,32.07780838012695
2013-04-09,32.32083511352539
2013-04-10,33.182411193847656
2013-04-11,33.0424919128418
2013-04-12,32.97621536254883
2013-04-15,33.0424919128418
2013-04-16,34.360660552978516
2013-04-17,33.68316650390625
2013-04-18,33.20450210571289
2013-04-19,33.16032028198242
2013-04-22,33.24868392944336
2013-04-23,34.213375091552734
2013-04-24,34.69940948486328
2013-04-25,34.69203186035156
2013-04-26,34.5521125793457
2013-04-29,34.47847366333008
2013-04-30,34.360660552978516
2013-05-01,33.778892517089844
2013-05-02,34.27976608276367
2013-05-03,34.59648895263672
2013-05-06,34.972137451171875
2013-05-07,35.43617248535156
2013-05-08,36.30532455444336
2013-05-09,35.79710388183594
2013-05-10,35.90757369995117
2013-05-13,36.03278350830078
2013-05-14,36.894554138183594
2013-05-15,37.81527328491211
2013-05-16,37.277591705322266
2013-05-17,37.896297454833984
2013-05-20,38.00678634643555
2013-05-21,38.05097198486328
2013-05-22,37.56483459472656
2013-05-23,37.21866226196289
2013-05-24,37.2112922668457
2013-05-28,38.146728515625
2013-05-29,38.50765609741211
2013-05-30,39.23684310913086
2013-05-31,38.29404067993164
2013-06-03,38.271934509277344
2013-06-04,37.73424530029297
2013-06-05,36.850379943847656
2013-06-06,37.43962478637695
2013-06-07,38.00678634643555
2013-06-10,38.24985885620117
2013-06-11,36.791439056396484
2013-06-12,36.415802001953125
2013-06-13,37.041873931884766
2013-06-14,36.25375747680664
2013-06-17,36.356876373291016
2013-06-18,36.835628509521484
2013-06-19,36.482086181640625
2013-06-20,35.281490325927734
2013-06-21,34.52283477783203
2013-06-24,33.46954345703125
2013-06-25,34.61858367919922
2013-06-26,35.06789016723633
2013-06-27,35.56138610839844
2013-06-28,35.33305358886719
2013-07-01,35.53928756713867
2013-07-02,35.46564483642578
2013-07-03,35.11206817626953
2013-07-05,35.74552536010742
2013-07-08,36.47472381591797
2013-07-09,36.982948303222656
2013-07-10,36.555747985839844
2013-07-11,36.85774612426758
2013-07-12,37.424896240234375
2013-07-15,38.161460876464844
2013-07-16,38.176185607910156
2013-07-17,38.146728515625
2013-07-18,38.80965042114258
2013-07-19,38.559200286865234
2013-07-22,39.03797912597656
2013-07-23,38.949581146240234
2013-07-24,38.44135665893555
2013-07-25,38.78755187988281
2013-07-26,38.456092834472656
2013-07-29,38.0362434387207
2013-07-30,38.139373779296875
2013-07-31,38.404510498046875
2013-08-01,38.94231414794922
2013-08-02,39.045467376708984
2013-08-05,38.94969177246094
2013-08-06,37.92566680908203
2013-08-07,37.940406799316406
2013-08-08,38.14668655395508
2013-08-09,37.807796478271484
2013-08-12,37.498390197753906
2013-08-13,38.13931655883789
2013-08-14,38.0067138671875
2013-08-15,37.46891403198242
2013-08-16,37.09318923950195
2013-08-19,36.34175109863281
2013-08-20,36.77641296386719
2013-08-21,36.21650695800781
2013-08-22,36.769039154052734
2013-08-23,36.71009826660156
2013-08-26,36.540653228759766
2013-08-27,35.538734436035156
2013-08-28,35.59031677246094
2013-08-29,35.70818328857422
2013-08-30,35.60504913330078
2013-09-03,36.3712043762207
2013-09-04,36.540653228759766
2013-09-05,36.73219680786133
2013-09-06,36.260711669921875
2013-09-09,36.90163803100586
2013-09-10,37.638343811035156
2013-09-11,37.37314224243164
2013-09-12,37.02688980102539
2013-09-13,37.196327209472656
2013-09-16,37.572044372558594
2013-09-17,37.719390869140625
2013-09-18,38.46345901489258
2013-09-19,38.27192306518555
2013-09-20,37.72676086425781
2013-09-23,36.518550872802734
2013-09-24,36.06916427612305
2013-09-25,36.29017639160156
2013-09-26,36.04706573486328
2013-09-27,36.0175895690918
2013-09-30,35.73763656616211
2013-10-01,35.803958892822266
2013-10-02,35.88500213623047
2013-10-03,35.6566162109375
2013-10-04,36.20176696777344
2013-10-07,35.494529724121094
2013-10-08,35.11880874633789
2013-10-09,35.325096130371094
2013-10-10,36.29755783081055
2013-10-11,36.260711669921875
2013-10-14,36.540653228759766
2013-10-15,35.9954948425293
2013-10-16,37.45417785644531
2013-10-17,37.66044998168945
2013-10-18,37.68255615234375
2013-10-21,37.594154357910156
2013-10-22,37.39522933959961
2013-10-23,36.97532272338867
2013-10-24,36.94585037231445
2013-10-25,36.87953186035156
2013-10-28,36.94585037231445
2013-10-29,36.9974250793457
2013-10-30,36.75431442260742
2013-10-31,35.943756103515625
2013-11-01,35.91429901123047
2013-11-04,35.833229064941406
2013-11-05,35.64902114868164
2013-11-06,35.82588195800781
2013-11-07,35.62691116333008
2013-11-08,36.79852294921875
2013-11-11,36.967994689941406
2013-11-12,36.48904037475586
2013-11-13,36.835365295410156
2013-11-14,36.997459411621094
2013-11-15,37.13747024536133
2013-11-18,37.424842834472656
2013-11-19,37.7048454284668
2013-11-20,37.41011047363281
2013-11-21,38.117496490478516
2013-11-22,38.6185417175293
2013-11-25,39.26698303222656
2013-11-26,39.06065368652344
2013-11-27,39.09012985229492
2013-11-29,38.99433898925781
2013-12-02,38.77328872680664
2013-12-03,38.41222381591797
2013-12-04,38.34592056274414
2013-12-05,37.623809814453125
2013-12-06,37.94064712524414
2013-12-09,38.39750289916992
2013-12-10,38.12485122680664
2013-12-11,37.36589431762695
2013-12-12,37.51326370239258
2013-12-13,37.55747604370117
2013-12-16,37.50590515136719
2013-12-17,37.35116195678711
2013-12-18,38.286956787109375
2013-12-19,38.2280158996582
2013-12-20,38.47117233276367
2013-12-23,38.6185417175293
2013-12-24,38.63328552246094
2013-12-26,38.57433319091797
2013-12-27,38.508026123046875
2013-12-30,38.257484436035156
2013-12-31,38.39750289916992
2014-01-02,38.5153923034668
2014-01-03,39.3480339050293
2014-01-06,39.650150299072266
2014-01-07,39.92277526855469
2014-01-08,40.38699722290039
2014-01-09,40.67436599731445
2014-01-10,40.32068634033203
2014-01-13,39.583831787109375
2014-01-14,39.75330352783203
2014-01-15,40.51963424682617
2014-01-16,38.75853729248047
2014-01-17,38.5153923034668
2014-01-21,38.205902099609375
2014-01-22,38.24275588989258
2014-01-23,37.37328338623047
2014-01-24,36.34904098510742
2014-01-27,35.96587371826172
2014-01-28,36.54798126220703
2014-01-29,35.4279670715332
2014-01-30,35.597469329833984
2014-01-31,34.956275939941406
2014-02-03,34.1529541015625
2014-02-04,34.47722244262695
2014-02-05,34.68358612060547
2014-02-06,35.56062698364258
2014-02-07,36.36396408081055
2014-02-10,36.34922409057617
2014-02-11,36.599815368652344
2014-02-12,36.8209114074707
2014-02-13,36.74720764160156
2014-02-14,36.49663162231445
2014-02-18,36.393455505371094
2014-02-19,35.51640701293945
2014-02-20,35.47218704223633
2014-02-21,35.567996978759766
2014-02-24,36.09865188598633
2014-02-25,35.67118453979492
2014-02-26,35.61222839355469
2014-02-27,35.884910583496094
2014-02-28,35.84068298339844
2014-03-03,35.08894348144531
2014-03-04,35.98809051513672
2014-03-05,36.42293930053711
2014-03-06,36.63666534423828
2014-03-07,36.570316314697266
2014-03-10,36.53346633911133
2014-03-11,35.693294525146484
2014-03-12,35.36162567138672
2014-03-13,34.88257598876953
2014-03-14,34.550933837890625
2014-03-17,35.17738342285156
2014-03-18,35.479549407958984
2014-03-19,36.069175720214844
2014-03-20,37.012542724609375
2014-03-21,36.90934753417969
2014-03-24,36.88724136352539
2014-03-25,37.07149124145508
2014-03-26,36.96830368041992
2014-03-27,34.971012115478516
2014-03-28,34.8236083984375
2014-03-31,35.081581115722656
2014-04-01,35.22896957397461
2014-04-02,35.553253173828125
2014-04-03,35.140525817871094
2014-04-04,34.72043228149414
2014-04-07,34.30772018432617
2014-04-08,34.34455871582031
2014-04-09,34.75728988647461
2014-04-10,34.071868896484375
2014-04-11,33.6665153503418
2014-04-14,35.13315200805664
2014-04-15,35.604854583740234
2014-04-16,35.509033203125
2014-04-17,35.538509368896484
2014-04-21,35.25844192504883
2014-04-22,35.3911247253418
2014-04-23,35.67118453979492
2014-04-24,35.61959457397461
2014-04-25,35.19211959838867
2014-04-28,34.860469818115234
2014-04-29,35.494300842285156
2014-04-30,35.310035705566406
2014-05-01,35.20684051513672
2014-05-02,35.18473434448242
2014-05-05,34.779293060302734
2014-05-06,34.17481994628906
2014-05-07,34.42544937133789
2014-05-08,34.74980163574219
2014-05-09,34.63923645019531
2014-05-12,34.84562683105469
2014-05-13,34.95620346069336
2014-05-14,34.73506164550781
2014-05-15,34.29277801513672
2014-05-16,34.233787536621094
2014-05-19,34.477046966552734
2014-05-20,34.314876556396484
2014-05-21,34.53602981567383
2014-05-22,34.74980163574219
2014-05-23,34.860382080078125
2014-05-27,35.06679153442383
2014-05-28,34.88248825073242
2014-05-29,34.85301208496094
2014-05-30,35.06679153442383
2014-06-02,35.20684051513672
2014-06-03,35.52383041381836
2014-06-04,35.29530715942383
2014-06-05,35.84817123413086
2014-06-06,36.0693244934082
2014-06-09,36.54848861694336
2014-06-10,36.36418151855469
2014-06-11,35.980865478515625
2014-06-12,35.582794189453125
2014-06-13,35.08153533935547
2014-06-16,35.11838150024414
2014-06-17,35.22895431518555
2014-06-18,35.33216857910156
2014-06-19,35.05942153930664
2014-06-20,34.89723587036133
2014-06-23,35.42799377441406
2014-06-24,35.24369812011719
2014-06-25,35.251068115234375
2014-06-26,34.81614303588867
2014-06-27,34.74980163574219
2014-06-30,34.72032165527344
2014-07-01,34.985694885253906
2014-07-02,35.391136169433594
2014-07-03,35.5606803894043
2014-07-07,35.36900329589844
2014-07-08,34.95620346069336
2014-07-09,34.92672348022461
2014-07-10,34.57288360595703
2014-07-11,34.6466064453125
2014-07-14,35.6933708190918
2014-07-15,36.33470916748047
2014-07-16,36.72540283203125
2014-07-17,36.253604888916016
2014-07-18,36.53373336791992
2014-07-21,36.378929138183594
2014-07-22,36.56321334838867
2014-07-23,36.99077224731445
2014-07-24,36.92443084716797
2014-07-25,36.88019943237305
2014-07-28,36.63694763183594
2014-07-29,36.4305305480957
2014-07-30,36.85808563232422
2014-07-31,36.061790466308594
2014-08-01,35.464576721191406
2014-08-04,35.641517639160156
2014-08-05,35.30973434448242
2014-08-06,35.49406051635742
2014-08-07,35.43507766723633
2014-08-08,35.72262954711914
2014-08-11,35.67840576171875
2014-08-12,35.71525573730469
2014-08-13,35.943824768066406
2014-08-14,36.2239990234375
2014-08-15,35.92169952392578
2014-08-18,36.50416946411133
2014-08-19,36.64427185058594
2014-08-20,36.71799850463867
2014-08-21,37.65437698364258
2014-08-22,37.5511589050293
2014-08-25,38.0672721862793
2014-08-26,38.43593215942383
2014-08-27,38.23685836791992
2014-08-28,37.89031982421875
2014-08-29,38.08202362060547
2014-09-02,38.31056594848633
2014-09-03,38.5096549987793
2014-09-04,38.68661117553711
2014-09-05,38.5612678527832
2014-09-08,38.376930236816406
2014-09-09,37.794471740722656
2014-09-10,38.21473693847656
2014-09-11,38.5096549987793
2014-09-12,38.62025833129883
2014-09-15,38.568641662597656
2014-09-16,38.60551452636719
2014-09-17,38.627620697021484
2014-09-18,39.56401062011719
2014-09-19,39.431278228759766
2014-09-22,39.10688781738281
2014-09-23,38.959415435791016
2014-09-24,39.269081115722656
2014-09-25,38.31056594848633
2014-09-26,38.70135498046875
2014-09-29,38.376930236816406
2014-09-30,38.20735549926758
2014-10-01,37.67649841308594
2014-10-02,37.78709411621094
2014-10-03,38.57600784301758
2014-10-06,38.54652786254883
2014-10-07,37.80183410644531
2014-10-08,38.73822784423828
2014-10-09,37.70598220825195
2014-10-10,36.946571350097656
2014-10-13,36.791725158691406
2014-10-14,37.949283599853516
2014-10-15,36.6295166015625
2014-10-16,36.68113708496094
2014-10-17,36.917076110839844
2014-10-20,37.2562255859375
2014-10-21,37.80183410644531
2014-10-22,37.38157653808594
2014-10-23,37.90507507324219
2014-10-24,38.1926155090332
2014-10-27,38.03778076171875
2014-10-28,38.66448974609375
2014-10-29,38.81932830810547
2014-10-30,39.1954231262207
2014-10-31,39.47565841674805
2014-11-03,39.43140411376953
2014-11-04,39.22492599487305
2014-11-05,39.837005615234375
2014-11-06,39.81488800048828
2014-11-07,39.63790512084961
2014-11-10,39.74113464355469
2014-11-11,39.6821403503418
2014-11-12,39.394535064697266
2014-11-13,39.40928268432617
2014-11-14,39.365055084228516
2014-11-17,39.50516891479492
2014-11-18,39.6821403503418
2014-11-19,39.57152557373047
2014-11-20,39.46828842163086
2014-11-21,39.57152557373047
2014-11-24,40.11724090576172
2014-11-25,40.06562042236328
2014-11-26,39.91813278198242
2014-11-28,39.80012893676758
2014-12-01,39.34291458129883
2014-12-02,40.087738037109375
2014-12-03,40.714561462402344
2014-12-04,40.69245147705078
2014-12-05,41.35615921020508
2014-12-08,41.570003509521484
2014-12-09,41.1865234375
2014-12-10,40.16884994506836
2014-12-11,40.1983642578125
2014-12-12,39.379791259765625
2014-12-15,38.929954528808594
2014-12-16,37.73527908325195
2014-12-17,38.679222106933594
2014-12-18,39.89600372314453
2014-12-19,39.82962417602539
2014-12-22,39.792747497558594
2014-12-23,40.131980895996094
2014-12-24,40.220481872558594
2014-12-26,40.13935852050781
2014-12-29,40.360599517822266
2014-12-30,40.44172286987305
2014-12-31,39.903377532958984
2015-01-02,40.013999938964844
2015-01-05,38.752960205078125
2015-01-06,37.38867950439453
2015-01-07,37.73527908325195
2015-01-08,38.30310821533203
2015-01-09,37.44768524169922
2015-01-12,37.15269088745117
2015-01-13,36.88720703125
2015-01-14,36.1718864440918
2015-01-15,34.82973098754883
2015-01-16,35.10995864868164
2015-01-20,34.85185241699219
2015-01-21,35.20582962036133
2015-01-22,36.55535888671875
2015-01-23,35.85478210449219
2015-01-26,36.053897857666016
2015-01-27,35.62616729736328
2015-01-28,34.74123001098633
2015-01-29,35.12478256225586
2015-01-30,34.63058853149414
2015-02-02,35.19854736328125
2015-02-03,36.05416488647461
2015-02-04,35.700130462646484
2015-02-05,35.803375244140625
2015-02-06,36.245948791503906
2015-02-09,36.297584533691406
2015-02-10,36.43034362792969
2015-02-11,36.644256591796875
2015-02-12,37.53675079345703
2015-02-13,37.76541519165039
2015-02-17,38.1268424987793
2015-02-18,37.92768096923828
2015-02-19,37.70641326904297
2015-02-20,38.193233489990234
2015-02-23,37.85393142700195
2015-02-24,38.281734466552734
2015-02-25,38.4218864440918
2015-02-26,38.657901763916016
2015-02-27,38.665287017822266
2015-03-02,39.45452880859375
2015-03-03,39.63156509399414
2015-03-04,39.58729553222656
2015-03-05,39.506168365478516
2015-03-06,39.137359619140625
2015-03-09,39.05622482299805
2015-03-10,37.78753662109375
2015-03-11,38.59892654418945
2015-03-12,39.88972854614258
2015-03-13,39.491397857666016
2015-03-16,39.60205841064453
2015-03-17,39.71269989013672
2015-03-18,39.624176025390625
2015-03-19,38.63579559326172
2015-03-20,39.0783576965332
2015-03-23,38.70955276489258
2015-03-24,38.311248779296875
2015-03-25,37.898193359375
2015-03-26,37.75803756713867
2015-03-27,37.6179084777832
2015-03-30,38.089962005615234
2015-03-31,38.001441955566406
2015-04-01,38.07520294189453
2015-04-02,38.252235412597656
2015-04-06,38.07520294189453
2015-04-07,38.001441955566406
2015-04-08,38.27436065673828
2015-04-09,38.451393127441406
2015-04-10,38.67266082763672
2015-04-13,38.842315673828125
2015-04-14,38.893951416015625
2015-04-15,39.24800491333008
2015-04-16,39.845455169677734
2015-04-17,39.14474105834961
2015-04-20,39.240631103515625
2015-04-21,38.70955276489258
2015-04-22,39.166866302490234
2015-04-23,39.25537872314453
2015-04-24,39.019351959228516
2015-04-27,38.945587158203125
2015-04-28,39.10785675048828
2015-04-29,39.6536750793457
2015-04-30,39.32914733886719
2015-05-01,39.6536750793457
2015-05-04,39.95610809326172
2015-05-05,39.35127639770508
2015-05-06,38.960323333740234
2015-05-07,39.35902786254883
2015-05-08,39.88321304321289
2015-05-11,39.846309661865234
2015-05-12,39.67649841308594
2015-05-13,40.01612091064453
2015-05-14,40.311431884765625
2015-05-15,40.0456428527832
2015-05-18,40.36312484741211
2015-05-19,40.850399017333984
2015-05-20,40.525550842285156
2015-05-21,40.48862838745117
2015-05-22,40.58460235595703
2015-05-26,40.0456428527832
2015-05-27,40.51078796386719
2015-05-28,40.27452850341797
2015-05-29,39.92751693725586
2015-06-01,40.20068359375
2015-06-02,40.40003204345703
2015-06-03,41.07189178466797
2015-06-04,40.850399017333984
2015-06-05,41.52225875854492
2015-06-08,41.0866584777832
2015-06-09,41.34506607055664
2015-06-10,42.09813690185547
2015-06-11,42.23841094970703
2015-06-12,42.16457748413086
2015-06-15,41.8249626159668
2015-06-16,42.13505172729492
2015-06-17,41.743751525878906
2015-06-18,41.90616989135742
2015-06-19,41.5148811340332
2015-06-22,42.04645538330078
2015-06-23,42.37131118774414
2015-06-24,41.832359313964844
2015-06-25,41.48534393310547
2015-06-26,41.596092224121094
2015-06-29,40.518165588378906
2015-06-30,40.7839469909668
2015-07-01,41.10881805419922
2015-07-02,40.87994384765625
2015-07-06,40.66582107543945
2015-07-07,40.23759460449219
2015-07-08,38.98249053955078
2015-07-09,39.65434646606445
2015-07-10,40.28190612792969
2015-07-13,41.00543212890625
2015-07-14,41.278621673583984
2015-07-15,41.6846809387207
2015-07-16,43.257259368896484
2015-07-17,43.375396728515625
2015-07-20,43.449241638183594
2015-07-21,43.633811950683594
2015-07-22,44.54930877685547
2015-07-23,44.20230484008789
2015-07-24,43.338478088378906
2015-07-27,42.792144775390625
2015-07-28,43.0948371887207
2015-07-29,43.50091552734375
2015-07-30,43.50830078125
2015-07-31,43.19795608520508
2015-08-03,43.18317794799805
2015-08-04,43.20534896850586
2015-08-05,43.40485382080078
2015-08-06,42.93193817138672
2015-08-07,42.79153060913086
2015-08-10,43.40485382080078
2015-08-11,42.59202575683594
2015-08-12,42.052608489990234
2015-08-13,42.36296081542969
2015-08-14,42.55508041381836
2015-08-17,42.688087463378906
2015-08-18,42.525508880615234
2015-08-19,42.119110107421875
2015-08-20,40.885093688964844
2015-08-21,39.60674285888672
2015-08-24,37.19782257080078
2015-08-25,36.85791778564453
2015-08-26,38.63135528564453
2015-08-27,39.48850631713867
2015-08-28,39.37028121948242
2015-08-31,39.51806640625
2015-09-01,37.641178131103516
2015-09-02,38.239707946777344
2015-09-03,38.269283294677734
2015-09-04,37.38254928588867
2015-09-08,38.16583251953125
2015-09-09,37.59684753417969
2015-09-10,37.737247467041016
2015-09-11,37.75941467285156
2015-09-14,37.670745849609375
2015-09-15,38.4244499206543
2015-09-16,38.86042785644531
2015-09-17,38.16583251953125
2015-09-18,37.16086196899414
2015-09-21,37.47123336791992
2015-09-22,37.22737503051758
2015-09-23,37.03526306152344
2015-09-24,36.3037109375
2015-09-25,37.352996826171875
2015-09-28,36.229820251464844
2015-09-29,36.2076530456543
2015-09-30,36.65841293334961
2015-10-01,36.86530303955078
2015-10-02,36.85791778564453
2015-10-05,37.80374526977539
2015-10-06,37.7298583984375
2015-10-07,37.9219856262207
2015-10-08,38.16583251953125
2015-10-09,37.96630859375
2015-10-12,37.89242935180664
2015-10-13,37.84069061279297
2015-10-14,37.47861862182617
2015-10-15,39.141212463378906
2015-10-16,38.93431091308594
2015-10-19,39.05991744995117
2015-10-20,39.0451545715332
2015-10-21,38.28406524658203
2015-10-22,38.80130386352539
2015-10-23,39.63629150390625
2015-10-26,39.24467086791992
2015-10-27,38.87520217895508
2015-10-28,40.441741943359375
2015-10-29,39.68733596801758
2015-10-30,39.324920654296875
2015-11-02,39.813072204589844
2015-11-03,40.0571403503418
2015-11-04,39.813072204589844
2015-11-05,40.04975128173828
2015-11-06,41.321861267089844
2015-11-09,41.20352554321289
2015-11-10,41.27009963989258
2015-11-11,40.60445785522461
2015-11-12,39.53940963745117
2015-11-13,39.324920654296875
2015-11-16,39.70951843261719
2015-11-17,39.561588287353516
2015-11-18,40.66362762451172
2015-11-19,40.722801208496094
2015-11-20,40.49351501464844
2015-11-23,40.14589309692383
2015-11-24,40.071929931640625
2015-11-25,39.99797058105469
2015-11-27,40.094120025634766
2015-11-30,40.00536346435547
2015-12-01,40.589664459228516
2015-12-02,40.04233932495117
2015-12-03,39.576393127441406
2015-12-04,40.74496841430664
2015-12-07,40.23465347290039
2015-12-08,39.48763656616211
2015-12-09,39.05867004394531
2015-12-10,38.940338134765625
2015-12-11,37.80133819580078
2015-12-14,37.7939453125
2015-12-15,38.84417724609375
2015-12-16,39.86484909057617
2015-12-17,39.08086013793945
2015-12-18,37.87528991699219
2015-12-21,38.30427169799805
2015-12-22,38.46699523925781
2015-12-23,38.92554473876953
2015-12-24,38.984703063964844
2015-12-28,38.74065017700195
2015-12-29,39.18440628051758
2015-12-30,38.68146514892578
2015-12-31,38.27468490600586
2016-01-04,37.81612777709961
2016-01-05,37.616424560546875
2016-01-06,37.06913375854492
2016-01-07,35.175724029541016
2016-01-08,34.11809539794922
2016-01-11,34.650604248046875
2016-01-12,34.672786712646484
2016-01-13,33.42285919189453
2016-01-14,33.563385009765625
2016-01-15,31.4111270904541
2016-01-19,31.019136428833008
2016-01-20,29.946704864501953
2016-01-21,29.695241928100586
2016-01-22,30.3682804107666
2016-01-25,29.251476287841797
2016-01-26,29.954099655151367
2016-01-27,29.998476028442383
2016-01-28,29.909616470336914
2016-01-29,31.531354904174805
2016-02-01,31.45729637145996
2016-02-02,29.931821823120117
2016-02-03,29.88740348815918
2016-02-04,30.20582389831543
2016-02-05,29.517133712768555
2016-02-08,27.99907112121582
2016-02-09,27.776918411254883
2016-02-10,27.702869415283203
2016-02-11,25.903398513793945
2016-02-12,27.79913330078125
2016-02-16,28.7988338470459
2016-02-17,29.457901000976562
2016-02-18,28.821056365966797
2016-02-19,28.872888565063477
2016-02-22,29.265369415283203
2016-02-23,28.302688598632812
2016-02-24,28.206411361694336
2016-02-25,28.5988826751709
2016-02-26,29.250539779663086
2016-02-29,28.769203186035156
2016-03-01,30.561267852783203
2016-03-02,31.264766693115234
2016-03-03,31.71647834777832
2016-03-04,31.71647834777832
2016-03-07,31.55357551574707
2016-03-08,30.398359298706055
2016-03-09,30.472414016723633
2016-03-10,30.635318756103516
2016-03-11,31.834972381591797
2016-03-14,31.597999572753906
2016-03-15,31.53877067565918
2016-03-16,31.272174835205078
2016-03-17,31.731306076049805
2016-03-18,32.24225616455078
2016-03-21,32.286678314208984
2016-03-22,32.12377166748047
2016-03-23,31.375839233398438
2016-03-24,31.057424545288086
2016-03-28,31.042613983154297
2016-03-29,30.894506454467773
2016-03-30,31.012985229492188
2016-03-31,30.91672134399414
2016-04-01,31.44989776611328
2016-04-04,31.146289825439453
2016-04-05,30.738996505737305
2016-04-06,30.99818229675293
2016-04-07,29.82074737548828
2016-04-08,29.968868255615234
2016-04-11,30.450193405151367
2016-04-12,31.02779769897461
2016-04-13,32.76801681518555
2016-04-14,33.3086051940918
2016-04-15,33.26416778564453
2016-04-18,33.404876708984375
2016-04-19,33.78994369506836
2016-04-20,34.6119270324707
2016-04-21,34.508243560791016
2016-04-22,34.7822380065918
2016-04-25,34.574886322021484
2016-04-26,34.878517150878906
2016-04-27,35.048831939697266
2016-04-28,34.6411018371582
2016-04-29,34.30752944946289
2016-05-02,34.60404968261719
2016-05-03,33.78119659423828
2016-05-04,33.10661315917969
2016-05-05,32.78784942626953
2016-05-06,32.921295166015625
2016-05-09,32.53580856323242
2016-05-10,33.240047454833984
2016-05-11,32.965763092041016
2016-05-12,32.61735916137695
2016-05-13,31.95758056640625
2016-05-16,31.98724365234375
2016-05-17,32.394962310791016
2016-05-18,34.00358963012695
2016-05-19,33.40312194824219
2016-05-20,33.284523010253906
2016-05-23,33.44020080566406
2016-05-24,33.996185302734375
2016-05-25,34.79678726196289
2016-05-26,34.18150329589844
2016-05-27,34.5299186706543
2016-05-31,34.522491455078125
2016-06-01,34.79678726196289
2016-06-02,34.81901931762695
2016-06-03,33.64775466918945
2016-06-06,33.90721893310547
2016-06-07,33.75896072387695
2016-06-08,33.77377700805664
2016-06-09,33.36606216430664
2016-06-10,32.5432243347168
2016-06-13,31.994657516479492
2016-06-14,31.105104446411133
2016-06-15,31.14214515686035
2016-06-16,31.223691940307617
2016-06-17,31.490571975708008
2016-06-20,31.727779388427734
2016-06-21,31.816740036010742
2016-06-22,31.638826370239258
2016-06-23,32.958351135253906
2016-06-24,29.874530792236328
2016-06-27,28.525354385375977
2016-06-28,29.978309631347656
2016-06-29,31.223691940307617
2016-06-30,31.423858642578125
2016-07-01,31.260766983032227
2016-07-05,30.230350494384766
2016-07-06,30.437917709350586
2016-07-07,30.608417510986328
2016-07-08,31.119924545288086
2016-07-11,31.349720001220703
2016-07-12,32.202213287353516
2016-07-13,32.12067794799805
2016-07-14,32.950931549072266
2016-07-15,32.86198425292969
2016-07-18,33.039894104003906
2016-07-19,32.876792907714844
2016-07-20,32.965763092041016
2016-07-21,32.71371078491211
2016-07-22,32.83973693847656
2016-07-25,32.64699935913086
2016-07-26,32.72856140136719
2016-07-27,32.83233642578125
2016-07-28,32.795135498046875
2016-07-29,32.5942497253418
2016-08-01,32.304100036621094
2016-08-02,31.984182357788086
2016-08-03,32.65377426147461
2016-08-04,32.616573333740234
2016-08-05,34.01527786254883
2016-08-08,34.19382858276367
2016-08-09,34.14919662475586
2016-08-10,33.814395904541016
2016-08-11,34.02272033691406
2016-08-12,33.91111373901367
2016-08-15,34.51374816894531
2016-08-16,34.68486785888672
2016-08-17,34.692298889160156
2016-08-18,34.5955924987793
2016-08-19,34.6179084777832
2016-08-22,34.71461868286133
2016-08-23,34.66254806518555
2016-08-24,34.71461868286133
2016-08-25,34.75926971435547
2016-08-26,35.049415588378906
2016-08-29,35.1610221862793
2016-08-30,35.63718032836914
2016-08-31,35.51814270019531
2016-09-01,35.23542022705078
2016-09-02,35.34701919555664
2016-09-06,35.1833381652832
2016-09-07,35.32468795776367
2016-09-08,35.55533981323242
2016-09-09,35.09406661987305
2016-09-12,35.55533981323242
2016-09-13,34.90806579589844
2016-09-14,34.781585693359375
2016-09-15,35.02710723876953
2016-09-16,34.528629302978516
2016-09-19,34.66254806518555
2016-09-20,34.62535858154297
2016-09-21,34.893192291259766
2016-09-22,35.049415588378906
2016-09-23,35.079185485839844
2016-09-26,34.14175033569336
2016-09-27,34.498863220214844
2016-09-28,34.870880126953125
2016-09-29,34.07478713989258
2016-09-30,35.138694763183594
2016-10-03,34.98991012573242
2016-10-04,35.525577545166016
2016-10-05,36.195159912109375
2016-10-06,36.50764465332031
2016-10-07,36.663883209228516
2016-10-10,36.86476135253906
2016-10-11,36.44812774658203
2016-10-12,36.23237609863281
2016-10-13,36.06124496459961
2016-10-14,36.165401458740234
2016-10-17,36.15797424316406
2016-10-18,36.44812774658203
2016-10-19,36.81267547607422
2016-10-20,36.88709259033203
2016-10-21,36.87964630126953
2016-10-24,36.88709259033203
2016-10-25,36.894527435302734
2016-10-26,37.20700454711914
2016-10-27,37.147483825683594
2016-10-28,36.872196197509766
2016-10-31,36.567161560058594
2016-11-01,36.41094207763672
2016-11-02,36.11332321166992
2016-11-03,35.97149658203125
2016-11-04,35.95658493041992
2016-11-07,37.18820571899414
2016-11-08,37.255401611328125
2016-11-09,38.509429931640625
2016-11-10,40.017276763916016
2016-11-11,39.43503952026367
2016-11-14,40.81597137451172
2016-11-15,41.390743255615234
2016-11-16,40.77865982055664
2016-11-17,41.390743255615234
2016-11-18,41.39820861816406
2016-11-21,41.45792007446289
2016-11-22,41.87593460083008
2016-11-23,42.31634521484375
2016-11-25,42.38352966308594
2016-11-28,41.40568161010742
2016-11-29,41.4430046081543
2016-11-30,42.092411041259766
2016-12-01,42.74928283691406
2016-12-02,41.81621551513672
2016-12-05,42.75676345825195
2016-12-06,43.23448181152344
2016-12-07,44.08544921875
2016-12-08,44.89906311035156
2016-12-09,44.81695556640625
2016-12-12,44.451194763183594
2016-12-13,44.630340576171875
2016-12-14,44.37655258178711
2016-12-15,44.95878219604492
2016-12-16,44.600494384765625
2016-12-19,44.53330993652344
2016-12-20,45.3842658996582
2016-12-21,45.3469352722168
2016-12-22,45.15285110473633
2016-12-23,45.526084899902344
2016-12-27,45.600730895996094
2016-12-28,44.81695556640625
2016-12-29,44.32429122924805
2016-12-30,44.36161422729492
2017-01-03,45.227500915527344
2017-01-04,45.83959197998047
2017-01-05,45.04090118408203
2017-01-06,45.19765090942383
2017-01-09,44.95132064819336
2017-01-10,44.95878219604492
2017-01-11,44.75723648071289
2017-01-12,44.21232986450195
2017-01-13,44.51090621948242
2017-01-17,43.57784652709961
2017-01-18,42.838863372802734
2017-01-19,42.2939567565918
2017-01-20,41.883399963378906
2017-01-23,41.56243896484375
2017-01-24,42.353668212890625
2017-01-25,43.06278991699219
2017-01-26,42.81645965576172
2017-01-27,42.62984085083008
2017-01-30,42.25661849975586
2017-01-31,41.674400329589844
2017-02-01,41.838623046875
2017-02-02,41.90599060058594
2017-02-03,43.238468170166016
2017-02-06,43.148643493652344
2017-02-07,42.81178283691406
2017-02-08,42.16050720214844
2017-02-09,42.86418151855469
2017-02-10,43.14115905761719
2017-02-13,44.129295349121094
2017-02-14,44.78805923461914
2017-02-15,45.28960037231445
2017-02-16,45.19977951049805
2017-02-17,45.042572021484375
2017-02-21,45.32704162597656
2017-02-22,45.37944030761719
2017-02-23,45.37944030761719
2017-02-24,44.585933685302734
2017-02-27,44.930294036865234
2017-02-28,44.773075103759766
2017-03-01,46.068138122558594
2017-03-02,45.38692855834961
2017-03-03,45.663902282714844
2017-03-06,45.12491989135742
2017-03-07,45.28960037231445
2017-03-08,45.746246337890625
2017-03-09,46.07563018798828
2017-03-10,46.03070831298828
2017-03-13,46.0606575012207
2017-03-14,45.99327850341797
2017-03-15,45.544132232666016
2017-03-16,45.77619552612305
2017-03-17,45.19228744506836
2017-03-20,44.608402252197266
2017-03-21,43.44808578491211
2017-03-22,43.24595642089844
2017-03-23,43.4555549621582
2017-03-24,43.47053527832031
2017-03-27,43.665164947509766
2017-03-28,44.481136322021484
2017-03-29,44.458675384521484
2017-03-30,45.2971076965332
2017-03-31,44.78057098388672
2017-04-03,44.67577362060547
2017-04-04,44.67577362060547
2017-04-05,44.608402252197266
2017-04-06,44.83295440673828
2017-04-07,44.48861312866211
2017-04-10,44.37633514404297
2017-04-11,44.18918228149414
2017-04-12,43.79991912841797
2017-04-13,43.44808578491211
2017-04-17,44.15924835205078
2017-04-18,43.73255157470703
2017-04-19,43.21602249145508
2017-04-20,43.725059509277344
2017-04-21,43.208526611328125
2017-04-24,44.4961051940918
2017-04-25,45.07251739501953
2017-04-26,44.990177154541016
2017-04-27,44.577354431152344
2017-04-28,44.37469482421875
2017-05-01,44.62989044189453
2017-05-02,44.817543029785156
2017-05-03,45.2153434753418
2017-05-04,45.19282913208008
2017-05-05,45.2153434753418
2017-05-08,45.410491943359375
2017-05-09,45.20783996582031
2017-05-10,45.312923431396484
2017-05-11,45.56060791015625
2017-05-12,45.83833694458008
2017-05-15,46.10103225708008
2017-05-16,46.904170989990234
2017-05-17,45.02018737792969
2017-05-18,45.09525680541992
2017-05-19,45.8608512878418
2017-05-22,45.83081817626953
2017-05-23,46.31871795654297
2017-05-24,46.739036560058594
2017-05-25,46.49885559082031
2017-05-26,46.588924407958984
2017-05-30,46.26617431640625
2017-05-31,45.44053268432617
2017-06-01,45.845848083496094
2017-06-02,45.86835861206055
2017-06-05,45.97344970703125
2017-06-06,45.793296813964844
2017-06-07,46.44632339477539
2017-06-08,47.44459533691406
2017-06-09,48.37531661987305
2017-06-12,48.277748107910156
2017-06-13,48.55547332763672
2017-06-14,48.57798385620117
2017-06-15,48.11262130737305
2017-06-16,47.95500183105469
2017-06-19,48.39783477783203
2017-06-20,47.96999740600586
2017-06-21,47.90994644165039
2017-06-22,47.7523307800293
2017-06-23,47.59470748901367
2017-06-26,47.87241744995117
2017-06-27,48.2101936340332
2017-06-28,48.923255920410156
2017-06-29,50.27431106567383
2017-06-30,50.199241638183594
2017-07-03,51.23506164550781
2017-07-05,51.37766647338867
2017-07-06,50.7621955871582
2017-07-07,50.972347259521484
2017-07-10,50.7772102355957
2017-07-11,50.15420913696289
2017-07-12,50.22926712036133
2017-07-13,50.30432891845703
2017-07-14,50.07914733886719
2017-07-17,50.161712646484375
2017-07-18,50.206748962402344
2017-07-19,50.06414031982422
2017-07-20,49.80894088745117
2017-07-21,49.538719177246094
2017-07-24,49.61378479003906
2017-07-25,51.06242752075195
2017-07-26,51.02488708496094
2017-07-27,50.73966979980469
2017-07-28,50.61206817626953
2017-07-31,51.37766647338867
2017-08-01,52.24085235595703
2017-08-02,52.10573196411133
2017-08-03,51.37429428100586
2017-08-04,52.0152587890625
2017-08-07,52.060482025146484
2017-08-08,51.93983840942383
2017-08-09,51.60049819946289
2017-08-10,50.688106536865234
2017-08-11,50.37138748168945
2017-08-14,51.19331741333008
2017-08-15,51.253665924072266
2017-08-16,51.05759811401367
2017-08-17,50.22057342529297
2017-08-18,50.20549774169922
2017-08-21,49.73044967651367
2017-08-22,50.40909957885742
2017-08-23,50.695648193359375
2017-08-24,51.042518615722656
2017-08-25,51.16316604614258
2017-08-28,51.132991790771484
2017-08-29,50.884159088134766
2017-08-30,51.28380584716797
2017-08-31,51.29890441894531
2017-09-01,51.7136344909668
2017-09-05,50.64286422729492
2017-09-06,50.76350021362305
2017-09-07,49.81338119506836
2017-09-08,49.896324157714844
2017-09-11,51.05759811401367
2017-09-12,51.87199401855469
2017-09-13,52.32440948486328
2017-09-14,52.21131134033203
2017-09-15,52.060482025146484
2017-09-18,53.23683547973633
2017-09-19,53.65156936645508
2017-09-20,53.88533020019531
2017-09-21,54.11152648925781
2017-09-22,53.8400764465332
2017-09-25,53.41781234741211
2017-09-26,53.49322509765625
2017-09-27,54.50366973876953
2017-09-28,54.78266525268555
2017-09-29,54.850528717041016
2017-10-02,55.649818420410156
2017-10-03,55.898658752441406
2017-10-04,55.84589767456055
2017-10-05,57.0976448059082
2017-10-06,57.03731918334961
2017-10-09,56.848777770996094
2017-10-10,56.69044494628906
2017-10-11,56.50947570800781
2017-10-12,54.571529388427734
2017-10-13,54.37547302246094
2017-10-16,54.11909103393555
2017-10-17,54.435791015625
2017-10-18,55.1370735168457
2017-10-19,54.95610427856445
2017-10-20,55.44623565673828
2017-10-23,55.44623565673828
2017-10-24,55.98161697387695
2017-10-25,55.51409149169922
2017-10-26,55.64229965209961
2017-10-27,55.70261001586914
2017-10-30,55.63474655151367
2017-10-31,55.42361068725586
2017-11-01,55.823280334472656
2017-11-02,56.358638763427734
2017-11-03,56.07844543457031
2017-11-06,55.889122009277344
2017-11-07,55.06365203857422
2017-11-08,54.783470153808594
2017-11-09,54.85161209106445
2017-11-10,54.71531295776367
2017-11-13,54.518409729003906
2017-11-14,54.17003631591797
2017-11-15,54.32150650024414
2017-11-16,54.27605056762695
2017-11-17,54.01856994628906
2017-11-20,54.56383514404297
2017-11-21,54.813743591308594
2017-11-22,54.722869873046875
2017-11-24,54.54113006591797
2017-11-27,54.06401824951172
2017-11-28,55.81338119506836
2017-11-29,56.82817077636719
2017-11-30,57.17654800415039
2017-12-01,57.18411636352539
2017-12-04,58.388221740722656
2017-12-05,57.964134216308594
2017-12-06,57.131107330322266
2017-12-07,56.78274154663086
2017-12-08,57.33557891845703
2017-12-11,57.441619873046875
2017-12-12,57.66877365112305
2017-12-13,56.90391159057617
2017-12-14,55.980010986328125
2017-12-15,56.623714447021484
2017-12-18,57.305267333984375
2017-12-19,56.57069778442383
2017-12-20,56.54039764404297
2017-12-21,57.41888427734375
2017-12-22,57.1689567565918
2017-12-26,56.631282806396484
2017-12-27,56.7145881652832
2017-12-28,56.858482360839844
2017-12-29,56.35108184814453
2018-01-02,56.313228607177734
2018-01-03,56.487388610839844
2018-01-04,57.18411636352539
2018-01-05,57.108375549316406
2018-01-08,56.44195556640625
2018-01-09,57.03264617919922
2018-01-10,57.290130615234375
2018-01-11,57.22196960449219
2018-01-12,58.19133377075195
2018-01-16,58.395809173583984
2018-01-17,58.66843795776367
2018-01-18,58.607852935791016
2018-01-19,59.2969970703125
2018-01-22,59.51661682128906
2018-01-23,59.48632049560547
2018-01-24,60.16790771484375
2018-01-25,60.16033172607422
2018-01-26,60.64501953125
2018-01-29,60.55412292480469
2018-01-30,59.539337158203125
2018-01-31,59.43332290649414
2018-02-01,59.97856140136719
2018-02-02,58.56425476074219
2018-02-05,55.712860107421875
2018-02-06,56.89143371582031
2018-02-07,57.02069854736328
2018-02-08,54.64833068847656
2018-02-09,56.02461624145508
2018-02-12,56.84580993652344
2018-02-13,57.1651611328125
2018-02-14,58.328556060791016
2018-02-15,58.60988998413086
2018-02-16,58.4122200012207
2018-02-20,58.138458251953125
2018-02-21,58.54905700683594
2018-02-22,57.99396896362305
2018-02-23,58.60988998413086
2018-02-26,59.04331588745117
2018-02-27,58.07762145996094
2018-02-28,57.40089797973633
2018-03-01,56.0094108581543
2018-03-02,56.02461624145508
2018-03-05,56.587284088134766
2018-03-06,56.31354522705078
2018-03-07,56.20709991455078
2018-03-08,56.35157012939453
2018-03-09,57.87232971191406
2018-03-12,57.803897857666016
2018-03-13,56.959869384765625
2018-03-14,55.86492156982422
2018-03-15,55.76606750488281
2018-03-16,55.86492156982422
2018-03-19,55.27944564819336
2018-03-20,55.44671630859375
2018-03-21,55.75087356567383
2018-03-22,53.46213912963867
2018-03-23,51.6296272277832
2018-03-26,53.05913543701172
2018-03-27,51.9185676574707
2018-03-28,51.90336608886719
2018-03-29,51.32547378540039
2018-04-02,51.48515701293945
2018-04-03,52.070648193359375
2018-04-04,52.701759338378906
2018-04-05,53.39371109008789
2018-04-06,52.16188430786133
2018-04-09,52.80062484741211
2018-04-10,53.61420822143555
2018-04-11,53.14277267456055
2018-04-12,54.84602355957031
2018-04-13,53.9943962097168
2018-04-16,53.27964401245117
2018-04-17,53.02872085571289
2018-04-18,52.45085144042969
2018-04-19,53.43931198120117
2018-04-20,53.226417541503906
2018-04-23,52.831024169921875
2018-04-24,52.55729675292969
2018-04-25,52.73978042602539
2018-04-26,52.60292053222656
2018-04-27,52.45842742919922
2018-04-30,51.91096115112305
2018-05-01,51.8957633972168
2018-05-02,51.69805908203125
2018-05-03,51.6600456237793
2018-05-04,51.9045295715332
2018-05-07,52.33234405517578
2018-05-08,54.242271423339844
2018-05-09,54.96806335449219
2018-05-10,55.44173049926758
2018-05-11,55.66328048706055
2018-05-14,55.47991180419922
2018-05-15,55.5257568359375
2018-05-16,54.96806335449219
2018-05-17,54.67011260986328
2018-05-18,53.447757720947266
2018-05-21,53.80681228637695
2018-05-22,54.30340576171875
2018-05-23,53.66167449951172
2018-05-24,52.95115661621094
2018-05-25,52.2864990234375
2018-05-29,50.20084762573242
2018-05-30,50.94189453125
2018-05-31,50.949546813964844
2018-06-01,51.40028762817383
2018-06-04,51.44614028930664
2018-06-05,51.00303268432617
2018-06-06,52.126068115234375
2018-06-07,52.29413604736328
2018-06-08,52.309417724609375
2018-06-11,52.034385681152344
2018-06-12,51.65240478515625
2018-06-13,51.407936096191406
2018-06-14,50.544639587402344
2018-06-15,50.68214416503906
2018-06-18,50.995391845703125
2018-06-19,51.01829528808594
2018-06-20,51.476680755615234
2018-06-21,51.66768264770508
2018-06-22,51.339168548583984
2018-06-25,50.23140335083008
2018-06-26,50.65924072265625
2018-06-27,50.00984573364258
2018-06-28,51.094703674316406
2018-06-29,51.12525939941406
2018-07-02,51.30861282348633
2018-07-03,50.46824645996094
2018-07-05,50.85022735595703
2018-07-06,51.293331146240234
2018-07-09,52.66850280761719
2018-07-10,52.126068115234375
2018-07-11,51.8816032409668
2018-07-12,52.33998489379883
2018-07-13,51.18637466430664
2018-07-16,53.065773010253906
2018-07-17,52.98172378540039
2018-07-18,53.363704681396484
2018-07-19,52.70668411254883
2018-07-20,52.88239669799805
2018-07-23,53.63873291015625
2018-07-24,54.29576110839844
2018-07-25,54.7923469543457
2018-07-26,54.50203323364258
2018-07-27,54.769432067871094
2018-07-30,55.227806091308594
2018-07-31,54.92222595214844
2018-08-01,54.952781677246094
2018-08-02,54.8840217590332
2018-08-03,55.65280532836914
2018-08-06,55.66050720214844
2018-08-07,55.66817855834961
2018-08-08,56.03720474243164
2018-08-09,55.33760452270508
2018-08-10,54.015281677246094
2018-08-13,53.16960525512695
2018-08-14,53.82309341430664
2018-08-15,52.77752685546875
2018-08-16,53.47711944580078
2018-08-17,53.56169509887695
2018-08-20,54.22285842895508
2018-08-21,54.76870346069336
2018-08-22,54.676448822021484
2018-08-23,54.43811798095703
2018-08-24,54.33049011230469
2018-08-27,55.65280532836914
2018-08-28,55.64512252807617
2018-08-29,55.76043701171875
2018-08-30,54.937828063964844
2018-08-31,54.76870346069336
2018-09-04,54.89170455932617
2018-09-05,54.714874267578125
2018-09-06,53.89997482299805
2018-09-07,53.53861999511719
2018-09-10,53.530948638916016
2018-09-11,53.3771858215332
2018-09-12,54.207481384277344
2018-09-13,53.93071746826172
2018-09-14,54.23054122924805
2018-09-17,54.491939544677734
2018-09-18,54.8609619140625
2018-09-19,56.67531204223633
2018-09-20,57.49789810180664
2018-09-21,57.00587844848633
2018-09-24,56.76755142211914
2018-09-25,56.51386260986328
2018-09-26,55.69892883300781
2018-09-27,56.083335876464844
2018-09-28,55.15309524536133
2018-10-01,55.29917907714844
2018-10-02,55.1992301940918
2018-10-03,55.62974548339844
2018-10-04,55.829647064208984
2018-10-05,55.67586135864258
2018-10-08,55.80656051635742
2018-10-09,55.26841735839844
2018-10-10,53.77695083618164
2018-10-11,52.56995391845703
2018-10-12,53.692386627197266
2018-10-15,53.208045959472656
2018-10-16,53.59246063232422
2018-10-17,53.692386627197266
2018-10-18,52.75446319580078
2018-10-19,52.938968658447266
2018-10-22,51.19382858276367
2018-10-23,50.532657623291016
2018-10-24,49.048892974853516
2018-10-25,49.94837951660156
2018-10-26,49.364097595214844
2018-10-29,49.47172546386719
2018-10-30,49.61012268066406
2018-10-31,50.32509231567383
2018-11-01,50.609535217285156
2018-11-02,51.02754211425781
2018-11-05,52.09577560424805
2018-11-06,51.615840911865234
2018-11-07,52.838897705078125
2018-11-08,52.46734619140625
2018-11-09,50.9036979675293
2018-11-12,49.70386505126953
2018-11-13,50.14509582519531
2018-11-14,49.154266357421875
2018-11-15,50.005760192871094
2018-11-16,50.276676177978516
2018-11-19,50.021236419677734
2018-11-20,48.40340042114258
2018-11-21,48.666587829589844
2018-11-23,47.79961013793945
2018-11-26,49.332305908203125
2018-11-27,49.12330627441406
2018-11-28,50.76435852050781
2018-11-29,50.237979888916016
2018-11-30,50.152828216552734
2018-12-03,50.439247131347656
2018-12-04,48.19440460205078
2018-12-06,46.49141311645508
2018-12-07,45.16773986816406
2018-12-10,44.176910400390625
2018-12-11,43.51893997192383
2018-12-12,43.333160400390625
2018-12-13,43.17060470581055
2018-12-14,42.59003448486328
2018-12-17,41.99399185180664
2018-12-18,41.74628829956055
2018-12-19,40.887054443359375
2018-12-20,40.4613037109375
2018-12-21,38.88991928100586
2018-12-24,38.131324768066406
2018-12-26,39.81881332397461
2018-12-27,40.07426452636719
2018-12-28,40.120723724365234
2018-12-31,40.29875946044922
2019-01-02,41.43663787841797
2019-01-03,40.6858024597168
2019-01-04,42.6751823425293
2019-01-07,43.046749114990234
2019-01-08,42.93064498901367
2019-01-09,43.64279556274414
2019-01-10,43.689239501953125
2019-01-11,43.882755279541016
2019-01-14,45.61669921875
2019-01-15,47.51321029663086
2019-01-16,48.14021301269531
2019-01-17,48.356956481933594
2019-01-18,48.860111236572266
2019-01-22,47.87702560424805
2019-01-23,48.093772888183594
2019-01-24,48.542728424072266
2019-01-25,49.55677795410156
2019-01-28,49.42519760131836
2019-01-29,48.929779052734375
2019-01-30,49.71161651611328
2019-01-31,49.89737319946289
2019-02-01,49.632347106933594
2019-02-04,49.936363220214844
2019-02-05,49.741477966308594
2019-02-06,49.803836822509766
2019-02-07,48.961952209472656
2019-02-08,48.33833312988281
2019-02-11,48.026527404785156
2019-02-12,48.852821350097656
2019-02-13,49.14125061035156
2019-02-14,48.65793228149414
2019-02-15,50.10005187988281
2019-02-19,50.1858024597168
2019-02-20,50.38848876953125
2019-02-21,50.139034271240234
2019-02-22,49.998722076416016
2019-02-25,50.302738189697266
2019-02-26,49.98312759399414
2019-02-27,50.20139694213867
2019-02-28,49.873992919921875
2019-03-01,50.2559700012207
2019-03-04,49.69471740722656
2019-03-05,49.05549621582031
2019-03-06,48.728084564208984
2019-03-07,48.252586364746094
2019-03-08,48.37731170654297
2019-03-11,48.572181701660156
2019-03-12,48.961952209472656
2019-03-13,49.61676025390625
2019-03-14,49.97533416748047
2019-03-15,50.81721878051758
2019-03-18,51.39406967163086
2019-03-19,51.16021728515625
2019-03-20,50.12343978881836
2019-03-21,49.81943893432617
2019-03-22,47.535423278808594
2019-03-25,47.02873611450195
2019-03-26,47.72251892089844
2019-03-27,47.34054183959961
2019-03-28,48.3149528503418
2019-03-29,48.502044677734375
2019-04-01,50.17021560668945
2019-04-02,50.21698760986328
2019-04-03,50.71588134765625
2019-04-04,51.308326721191406
2019-04-05,51.097862243652344
2019-04-08,51.50320816040039
2019-04-09,50.825016021728516
2019-04-10,51.07445526123047
2019-04-11,51.37848663330078
2019-04-12,52.555572509765625
2019-04-15,52.524383544921875
2019-04-16,54.028865814208984
2019-04-17,54.83958053588867
2019-04-18,54.30950164794922
2019-04-22,53.85737609863281
2019-04-23,53.9431037902832
2019-04-24,53.65470504760742
2019-04-25,53.576744079589844
2019-04-26,54.18476486206055
2019-04-29,55.3696403503418
2019-04-30,55.1124153137207
2019-05-01,54.53555679321289
2019-05-02,54.84736633300781
2019-05-03,55.4436149597168
2019-05-06,55.239646911621094
2019-05-07,53.474422454833984
2019-05-08,53.52149200439453
2019-05-09,53.05861282348633
2019-05-10,53.27042770385742
2019-05-13,50.508846282958984
2019-05-14,51.19925308227539
2019-05-15,50.89328384399414
2019-05-16,51.76411819458008
2019-05-17,51.05018997192383
2019-05-20,50.96388244628906
2019-05-21,51.84257125854492
2019-05-22,50.72852325439453
2019-05-23,50.13226318359375
2019-05-24,50.516700744628906
2019-05-28,50.04597091674805
2019-05-29,49.98320007324219
2019-05-30,49.90474319458008
2019-05-31,48.75932693481445
2019-06-03,49.12021255493164
2019-06-04,51.685665130615234
2019-06-05,51.60721206665039
2019-06-06,52.14855194091797
2019-06-07,51.53660202026367
2019-06-10,52.658504486083984
2019-06-11,53.254756927490234
2019-06-12,52.415287017822266
2019-06-13,52.62711715698242
2019-06-14,52.94092559814453
2019-06-17,52.203460693359375
2019-06-18,53.33320617675781
2019-06-19,53.027225494384766
2019-06-20,53.427330017089844
2019-06-21,53.32535171508789
2019-06-24,52.88602066040039
2019-06-25,52.203460693359375
2019-06-26,52.736961364746094
2019-06-27,53.466583251953125
2019-06-28,54.94152069091797
2019-07-01,55.49854278564453
2019-07-02,55.26317596435547
2019-07-03,55.584835052490234
2019-07-05,56.0163459777832
2019-07-08,55.804500579833984
2019-07-09,56.141868591308594
2019-07-10,55.804500579833984
2019-07-11,56.18109130859375
2019-07-12,56.30661392211914
2019-07-15,56.259552001953125
2019-07-16,55.953582763671875
2019-07-17,55.561302185058594
2019-07-18,56.322322845458984
2019-07-19,55.6397590637207
2019-07-22,55.788814544677734
2019-07-23,56.47919464111328
2019-07-24,57.27946472167969
2019-07-25,56.00849151611328
2019-07-26,56.61259078979492
2019-07-29,56.298770904541016
2019-07-30,56.259552001953125
2019-07-31,55.82805252075195
2019-08-01,53.623477935791016
2019-08-02,53.441688537597656
2019-08-05,51.52090835571289
2019-08-06,52.36668395996094
2019-08-07,51.489295959472656
2019-08-08,52.753997802734375
2019-08-09,52.20858383178711
2019-08-12,50.777896881103516
2019-08-13,51.244258880615234
2019-08-14,48.54095458984375
2019-08-15,48.46980285644531
2019-08-16,50.177162170410156
2019-08-19,50.833213806152344
2019-08-20,50.129737854003906
2019-08-21,49.995357513427734
2019-08-22,50.517051696777344
2019-08-23,48.96778869628906
2019-08-26,49.576438903808594
2019-08-27,48.73856735229492
2019-08-28,49.2918701171875
2019-08-29,50.50914001464844
2019-08-30,50.86484146118164
2019-09-03,50.129737854003906
2019-09-04,50.80950927734375
2019-09-05,52.437808990478516
2019-09-06,52.14535903930664
2019-09-09,54.374393463134766
2019-09-10,54.52459716796875
2019-09-11,54.46134948730469
2019-09-12,54.777530670166016
2019-09-13,55.63910675048828
2019-09-16,55.196468353271484
2019-09-17,54.9198112487793
2019-09-18,55.40196990966797
2019-09-19,55.117427825927734
2019-09-20,54.817054748535156
2019-09-23,54.975135803222656
2019-09-24,53.6708984375
2019-09-25,54.84076690673828
2019-09-26,54.62733840942383
2019-09-27,54.903995513916016
2019-09-30,54.60363006591797
2019-10-01,53.868526458740234
2019-10-02,52.37458038330078
2019-10-03,52.72237014770508
2019-10-04,53.892242431640625
2019-10-07,53.868526458740234
2019-10-08,52.48524475097656
2019-10-09,53.299407958984375
2019-10-10,54.24001693725586
2019-10-11,55.409873962402344
2019-10-14,55.520545959472656
2019-10-15,56.29518508911133
2019-10-16,54.93561553955078
2019-10-17,55.0146484375
2019-10-18,55.12533187866211
2019-10-21,56.76152420043945
2019-10-22,56.959144592285156
2019-10-23,57.26742935180664
2019-10-24,57.14885711669922
2019-10-25,57.83652877807617
2019-10-28,58.16852569580078
2019-10-29,57.77328872680664
2019-10-30,57.678436279296875
2019-10-31,56.801063537597656
2019-11-01,58.7833137512207
2019-11-04,59.826194763183594
2019-11-05,59.571441650390625
2019-11-06,59.24506378173828
2019-11-07,60.35160827636719
2019-11-08,60.598419189453125
2019-11-11,60.184444427490234
2019-11-12,59.76251220703125
2019-11-13,58.83905792236328
2019-11-14,58.7833137512207
2019-11-15,59.2291259765625
2019-11-18,59.2291259765625
2019-11-19,59.5634765625
2019-11-20,58.83905792236328
2019-11-21,58.83108901977539
2019-11-22,59.603302001953125
2019-11-25,60.24812316894531
2019-11-26,60.07299041748047
2019-11-27,60.279972076416016
2019-11-29,59.80230712890625
2019-12-02,59.32465744018555
2019-12-03,58.37730407714844
2019-12-04,59.09379196166992
2019-12-05,59.47590255737305
2019-12-06,60.35160827636719
2019-12-09,59.969505310058594
2019-12-10,60.32774353027344
2019-12-11,60.14463806152344
2019-12-12,61.33877182006836
2019-12-13,60.8133430480957
2019-12-16,61.22731018066406
2019-12-17,61.888065338134766
2019-12-18,62.03135681152344
2019-12-19,62.25425720214844
2019-12-20,62.501068115234375
2019-12-23,62.7000846862793
2019-12-24,62.564727783203125
2019-12-26,63.55190658569336
2019-12-27,63.424530029296875
2019-12-30,63.297149658203125
2019-12-31,63.59965515136719
2020-01-02,64.66641998291016
2020-01-03,63.448402404785156
2020-01-06,63.249385833740234
2020-01-07,62.7000846862793
2020-01-08,63.177730560302734
2020-01-09,63.75090408325195
2020-01-10,63.09018325805664
2020-01-13,64.20469665527344
2020-01-14,65.20775604248047
2020-01-15,64.67439270019531
2020-01-16,64.48332214355469
2020-01-17,64.57886505126953
2020-01-21,63.607643127441406
2020-01-22,63.76683807373047
2020-01-23,63.52802658081055
2020-01-24,62.42939376831055
2020-01-27,61.06808853149414
2020-01-28,61.490028381347656
2020-01-29,60.885009765625
2020-01-30,61.64128875732422
2020-01-31,59.62984848022461
2020-02-03,60.20684051513672
2020-02-04,61.30470275878906
2020-02-05,63.187931060791016
2020-02-06,63.28407669067383
2020-02-07,63.05972671508789
2020-02-10,62.89143753051758
2020-02-11,63.380252838134766
2020-02-12,63.57256317138672
2020-02-13,63.30813217163086
2020-02-14,63.13985824584961
2020-02-18,62.17018127441406
2020-02-19,62.546836853027344
2020-02-20,62.68305969238281
2020-02-21,61.25661849975586
2020-02-24,58.123287200927734
2020-02-25,55.63903045654297
2020-02-26,54.637332916259766
2020-02-27,51.64822006225586
2020-02-28,50.854854583740234
2020-03-02,54.164512634277344
2020-03-03,52.12903594970703
2020-03-04,54.004234313964844
2020-03-05,50.87889099121094
2020-03-06,49.107879638671875
2020-03-09,41.16630935668945
2020-03-10,44.54008102416992
2020-03-11,40.701515197753906
2020-03-12,34.66720962524414
2020-03-13,40.90185546875
2020-03-16,33.00838088989258
2020-03-17,32.255088806152344
2020-03-18,29.19386863708496
2020-03-19,31.76626205444336
2020-03-20,30.50010108947754
2020-03-23,28.360437393188477
2020-03-24,32.58365249633789
2020-03-25,33.54530334472656
2020-03-26,36.878990173339844
2020-03-27,35.09995651245117
2020-03-30,35.3243408203125
2020-03-31,33.75364303588867
2020-04-01,30.860719680786133
2020-04-02,31.437694549560547
2020-04-03,30.043312072753906
2020-04-06,32.95227813720703
2020-04-07,33.05645751953125
2020-04-08,35.46857833862305
2020-04-09,37.992897033691406
2020-04-13,37.40789794921875
2020-04-14,36.39817428588867
2020-04-15,34.34666442871094
2020-04-16,32.471458435058594
2020-04-17,36.42221450805664
2020-04-20,35.26823806762695
2020-04-21,33.31289291381836
2020-04-22,33.84981918334961
2020-04-23,34.026119232177734
2020-04-24,34.53899002075195
2020-04-27,37.31172561645508
2020-04-28,37.83262252807617
2020-04-29,40.27679443359375
2020-04-30,38.914466857910156
2020-05-01,36.865478515625
2020-05-04,36.54153823852539
2020-05-05,35.59397888183594
2020-05-06,34.78411102294922
2020-05-07,36.152793884277344
2020-05-08,37.51338195800781
2020-05-11,35.691165924072266
2020-05-12,34.29817199707031
2020-05-13,32.880897521972656
2020-05-14,34.06332778930664
2020-05-15,33.949928283691406
2020-05-18,36.98696517944336
2020-05-19,35.98271560668945
2020-05-20,36.82499313354492
2020-05-21,36.44434356689453
2020-05-22,35.7154655456543
2020-05-26,39.01165008544922
2020-05-27,42.324031829833984
2020-05-28,39.81343078613281
2020-05-29,38.80107498168945
2020-06-01,40.04828643798828
2020-06-02,41.174015045166016
2020-06-03,43.198707580566406
2020-06-04,45.069515228271484
2020-06-05,47.6692008972168
2020-06-08,49.596710205078125
2020-06-09,48.187522888183594
2020-06-10,45.23958969116211
2020-06-11,39.1898193359375
2020-06-12,42.31593704223633
2020-06-15,42.90714645385742
2020-06-16,44.09766387939453
2020-06-17,42.9233512878418
2020-06-18,42.95574188232422
2020-06-19,42.858551025390625
2020-06-22,42.16207504272461
2020-06-23,42.882850646972656
2020-06-24,41.149723052978516
2020-06-25,42.664180755615234
2020-06-26,40.15358352661133
2020-06-29,40.72858810424805
2020-06-30,41.38458251953125
2020-07-01,40.777183532714844
2020-07-02,40.93915557861328
2020-07-06,42.089168548583984
2020-07-07,40.75286865234375
2020-07-08,41.2064208984375
2020-07-09,40.04828643798828
2020-07-10,42.63988494873047
2020-07-13,42.275447845458984
2020-07-14,40.615203857421875
2020-07-15,41.98389434814453
2020-07-16,41.67613220214844
2020-07-17,40.671897888183594
2020-07-20,40.60710525512695
2020-07-21,41.894805908203125
2020-07-22,41.83811569213867
2020-07-23,42.17826461791992
2020-07-24,41.8462028503418
2020-07-27,41.5384635925293
2020-07-28,41.522254943847656
2020-07-29,42.53459930419922
2020-07-30,41.198299407958984
2020-07-31,40.91197967529297
2020-08-03,41.22285461425781
2020-08-04,41.01833724975586
2020-08-05,41.75460433959961
2020-08-06,41.63189697265625
2020-08-07,42.63813018798828
2020-08-10,43.24348831176758
2020-08-11,43.97977066040039
2020-08-12,43.64435958862305
2020-08-13,43.26803970336914
2020-08-14,43.30077362060547
2020-08-17,42.065467834472656
2020-08-18,41.18195724487305
2020-08-19,41.14104080200195
2020-08-20,40.560218811035156
2020-08-21,40.33115005493164
2020-08-24,41.770965576171875
2020-08-25,42.253631591796875
2020-08-26,41.59917068481445
2020-08-27,42.31089782714844
2020-08-28,42.769012451171875
2020-08-31,41.82004165649414
2020-09-01,41.885494232177734
2020-09-02,42.49904251098633
2020-09-03,42.130924224853516
2020-09-04,42.96535110473633
2020-09-08,41.75460433959961
2020-09-09,42.04911804199219
2020-09-10,41.68097686767578
2020-09-11,41.72187805175781
2020-09-14,39.390350341796875
2020-09-15,36.65800094604492
2020-09-16,37.64785385131836
2020-09-17,37.24700164794922
2020-09-18,36.69888687133789
2020-09-21,35.93807601928711
2020-09-22,35.414520263671875
2020-09-23,34.236473083496094
2020-09-24,34.51462936401367
2020-09-25,34.37555694580078
2020-09-28,35.45541763305664
2020-09-29,34.70277786254883
2020-09-30,35.26725769042969
2020-10-01,35.537227630615234
2020-10-02,35.717201232910156
2020-10-05,36.73979949951172
2020-10-06,36.33076477050781
2020-10-07,36.68254089355469
2020-10-08,36.58436965942383
2020-10-09,36.756160736083984
2020-10-12,37.5333366394043
2020-10-13,35.73356246948242
2020-10-14,35.201812744140625
2020-10-15,35.67630386352539
2020-10-16,35.33271408081055
2020-10-19,35.09546661376953
2020-10-20,35.6026725769043
2020-10-21,35.18545150756836
2020-10-22,35.954444885253906
2020-10-23,35.954444885253906
2020-10-26,35.38996887207031
2020-10-27,34.261024475097656
2020-10-28,33.6474723815918
2020-10-29,34.081050872802734
2020-10-30,34.30466079711914
2020-11-02,34.958953857421875
2020-11-03,36.05220031738281
2020-11-04,34.85129928588867
2020-11-05,35.67121887207031
2020-11-06,35.37307357788086
2020-11-09,39.4561653137207
2020-11-10,39.464447021484375
2020-11-11,40.52456283569336
2020-11-12,39.98622131347656
2020-11-13,40.30095291137695
2020-11-16,41.74203872680664
2020-11-17,42.01535415649414
2020-11-18,42.28038787841797
2020-11-19,43.183143615722656
2020-11-20,42.77730941772461
2020-11-23,44.14386749267578
2020-11-24,47.257957458496094
2020-11-25,47.257957458496094
2020-11-27,46.9349479675293
2020-11-30,45.609798431396484
2020-12-01,45.94108963012695
2020-12-02,47.3739013671875
2020-12-03,46.86040496826172
2020-12-04,48.549957275390625
2020-12-07,48.144134521484375
2020-12-08,48.33462905883789
2020-12-09,48.823272705078125
2020-12-10,50.10701370239258
2020-12-11,48.80671310424805
2020-12-14,48.649349212646484
2020-12-15,49.41958999633789
2020-12-16,49.48585510253906
2020-12-17,49.734310150146484
2020-12-18,48.91438293457031
2020-12-21,50.71160888671875
2020-12-22,49.08001708984375
2020-12-23,50.33891296386719
2020-12-24,50.164981842041016
2020-12-28,50.628787994384766
2020-12-29,50.44658279418945
2020-12-30,50.4051628112793
2020-12-31,51.0677490234375
2021-01-04,49.80885314941406
2021-01-05,51.10087585449219
2021-01-06,54.04103088378906
2021-01-07,54.67875671386719
2021-01-08,54.14041519165039
2021-01-11,55.026615142822266
2021-01-12,55.217105865478516
2021-01-13,55.37446212768555
2021-01-14,57.15512466430664
2021-01-15,53.196250915527344
2021-01-19,52.7490119934082
2021-01-20,52.38460159301758
2021-01-21,51.24167251586914
2021-01-22,50.79443359375
2021-01-25,50.15671157836914
2021-01-26,50.44658279418945
2021-01-27,49.195980072021484
2021-01-28,49.97449493408203
2021-01-29,48.437599182128906
2021-02-01,48.80510711669922
2021-02-02,49.76567840576172
2021-02-03,51.03529739379883
2021-02-04,52.12950897216797
2021-02-05,52.27149963378906
2021-02-08,53.165252685546875
2021-02-09,52.72255325317383
2021-02-10,53.14018630981445
2021-02-11,52.78937530517578
2021-02-12,53.14854431152344
2021-02-16,53.557823181152344
2021-02-17,54.092403411865234
2021-02-18,53.02324676513672
2021-02-19,54.94438171386719
2021-02-22,54.72721862792969
2021-02-23,55.74625015258789
2021-02-24,57.29986572265625
2021-02-25,56.305877685546875
2021-02-26,55.02791976928711
2021-03-01,58.08502197265625
2021-03-02,57.55878448486328
2021-03-03,58.786643981933594
2021-03-04,58.310546875
2021-03-05,58.661346435546875
2021-03-08,60.32355499267578
2021-03-09,59.29616165161133
2021-03-10,61.60150909423828
2021-03-11,61.23400115966797
2021-03-12,62.795963287353516
2021-03-15,61.994110107421875
2021-03-16,61.250694274902344
2021-03-17,61.47623062133789
2021-03-18,61.676692962646484
2021-03-19,60.983436584472656
2021-03-22,60.106380462646484
2021-03-23,59.22935485839844
2021-03-24,58.53606414794922
2021-03-25,59.905921936035156
2021-03-26,60.99177169799805
2021-03-29,59.788978576660156
2021-03-30,60.9416618347168
2021-03-31,60.7662467956543
2021-04-01,61.092010498046875
2021-04-05,60.7662467956543
2021-04-06,60.64096450805664
2021-04-07,60.716129302978516
2021-04-08,60.41543960571289
2021-04-09,60.490604400634766
2021-04-12,60.716129302978516
2021-04-13,60.18989944458008
2021-04-14,60.89990997314453
2021-04-15,60.5908317565918
2021-04-16,60.51567077636719
2021-04-19,60.24838638305664
2021-04-20,58.2938346862793
2021-04-21,59.01216506958008
2021-04-22,58.310546875
2021-04-23,59.62190628051758
2021-04-26,60.30683517456055
2021-04-27,60.96670913696289
2021-04-28,60.89990997314453
2021-04-29,61.676692962646484
2021-04-30,59.918827056884766
2021-05-03,60.31413650512695
2021-05-04,60.83562469482422
2021-05-05,61.99630355834961
2021-05-06,62.89627456665039
2021-05-07,63.14860153198242
2021-05-10,63.19065856933594
2021-05-11,62.971981048583984
2021-05-12,62.43368148803711
2021-05-13,63.32523727416992
2021-05-14,64.3934097290039
2021-05-17,65.11675262451172
2021-05-18,64.44384765625
2021-05-19,64.30929565429688
2021-05-20,64.0905990600586
2021-05-21,65.31018829345703
2021-05-24,65.62977600097656
2021-05-25,64.99897766113281
2021-05-26,65.20084381103516
2021-05-27,66.2437744140625
2021-05-28,66.20172882080078
2021-06-01,67.08486938476562
2021-06-02,67.16898345947266
2021-06-03,66.97551727294922
2021-06-04,66.8577880859375
2021-06-07,66.70636749267578
2021-06-08,66.512939453125
2021-06-09,65.7222900390625
2021-06-10,64.67096710205078
2021-06-11,64.32612609863281
2021-06-14,63.21589279174805
2021-06-15,62.08883285522461
2021-06-16,60.10387420654297
2021-06-17,57.917057037353516
2021-06-18,56.86569595336914
2021-06-21,57.57220458984375
2021-06-22,58.00115966796875
2021-06-23,58.58150863647461
2021-06-24,59.986114501953125
2021-06-25,60.179588317871094
2021-06-28,60.14591598510742
2021-06-29,58.60674285888672
2021-06-30,59.506690979003906
2021-07-01,59.72539520263672
2021-07-02,59.22072982788086
2021-07-06,57.37034606933594
2021-07-07,57.134849548339844
2021-07-08,56.12553405761719
2021-07-09,57.57220458984375
2021-07-12,58.40488815307617
2021-07-13,57.504920959472656
2021-07-14,57.336700439453125
2021-07-15,57.57220458984375
2021-07-16,56.26852035522461
2021-07-19,54.73775100708008
2021-07-20,55.75546646118164
2021-07-21,57.101192474365234
2021-07-22,56.29375457763672
2021-07-23,56.10871124267578
2021-07-26,57.00027847290039
2021-07-27,57.17690658569336
2021-07-28,57.2778205871582
2021-07-29,57.87499237060547
2021-07-30,57.298797607421875
2021-08-02,57.39200210571289
2021-08-03,58.3664665222168
2021-08-04,58.061405181884766
2021-08-05,59.05284118652344
2021-08-06,60.22220230102539
2021-08-09,60.603511810302734
2021-08-10,61.840675354003906
2021-08-11,62.95917510986328
2021-08-12,62.81513595581055
2021-08-13,61.95082473754883
2021-08-16,61.09497833251953
2021-08-17,60.68825149536133
2021-08-18,60.26455307006836
2021-08-19,59.179931640625
2021-08-20,59.5273551940918
2021-08-23,60.069671630859375
2021-08-24,61.04414367675781
2021-08-25,62.0101432800293
2021-08-26,61.38307571411133
2021-08-27,61.84912872314453
2021-08-30,60.73061752319336
2021-08-31,60.93398666381836
2021-09-01,60.42556381225586
2021-09-02,60.586570739746094
2021-09-03,60.306922912597656
2021-09-07,60.01034927368164
2021-09-08,59.349430084228516
2021-09-09,59.70529556274414
2021-09-10,58.95113754272461
2021-09-13,59.756134033203125
2021-09-14,58.281734466552734
2021-09-15,59.696834564208984
2021-09-16,59.31552505493164
2021-09-17,59.281620025634766
2021-09-20,57.02764129638672
2021-09-21,56.72258377075195
2021-09-22,57.82414627075195
2021-09-23,60.06119155883789
2021-09-24,60.31541061401367
2021-09-27,61.230560302734375
2021-09-28,60.476417541503906
2021-09-29,60.61198806762695
2021-09-30,59.468048095703125
2021-10-01,60.31541061401367
2021-10-04,60.408626556396484
2021-10-05,61.459346771240234
2021-10-06,61.36613464355469
2021-10-07,61.171241760253906
2021-10-08,61.30681610107422
2021-10-11,60.739078521728516
2021-10-12,59.85784149169922
2021-10-13,59.53583526611328
2021-10-14,59.9934196472168
2021-10-15,61.2559814453125
2021-10-18,60.67976760864258
2021-10-19,60.806880950927734
2021-10-20,60.85771942138672
2021-10-21,59.747676849365234
2021-10-22,60.476417541503906
2021-10-25,60.018829345703125
2021-10-26,59.86630630493164
2021-10-27,59.57819366455078
2021-10-28,60.06119155883789
2021-10-29,59.02845764160156
2021-11-01,59.412532806396484
2021-11-02,58.55049514770508
2021-11-03,58.891902923583984
2021-11-04,57.18489074707031
2021-11-05,57.17634582519531
2021-11-08,58.42245864868164
2021-11-09,58.02984619140625
2021-11-10,58.21762466430664
2021-11-11,58.780941009521484
2021-11-12,59.02845764160156
2021-11-15,58.66998291015625
2021-11-16,57.81646728515625
2021-11-17,57.056854248046875
2021-11-18,57.27876663208008
2021-11-19,56.62156295776367
2021-11-22,57.219017028808594
2021-11-23,58.09813690185547
2021-11-24,57.42387008666992
2021-11-26,55.904624938964844
2021-11-29,55.51200485229492
2021-11-30,54.36831283569336
2021-12-01,53.36117172241211
2021-12-02,54.462196350097656
2021-12-03,53.566017150878906
2021-12-06,53.36117172241211
2021-12-07,53.68550491333008
2021-12-08,53.309974670410156
2021-12-09,53.036842346191406
2021-12-10,51.81633377075195
2021-12-13,51.36396408081055
2021-12-14,51.75658416748047
2021-12-15,51.415184020996094
2021-12-16,52.12358856201172
2021-12-17,50.81772994995117
2021-12-20,49.742313385009766
2021-12-21,50.681175231933594
2021-12-22,50.86893844604492
2021-12-23,51.38957595825195
2021-12-27,51.7651252746582
2021-12-28,51.739505767822266
2021-12-29,51.67123794555664
2021-12-30,51.577354431152344
2021-12-31,51.543216705322266
2022-01-03,53.85620880126953
2022-01-04,54.27442932128906
2022-01-05,53.642826080322266
2022-01-06,55.401065826416016
2022-01-07,56.14359664916992
2022-01-10,56.356990814208984
2022-01-11,57.27876663208008
2022-01-12,57.42387008666992
2022-01-13,57.85062026977539
2022-01-14,57.125144958496094
2022-01-18,55.73392105102539
2022-01-19,54.82920455932617
2022-01-20,55.0169792175293
2022-01-21,54.00130844116211
2022-01-24,53.51481246948242
2022-01-25,54.71825408935547
2022-01-26,55.264488220214844
2022-01-27,54.75239944458008
2022-01-28,55.213294982910156
2022-01-31,55.58030319213867
2022-02-01,56.8093376159668
2022-02-02,56.52767562866211
2022-02-03,55.69978713989258
2022-02-04,56.84388732910156
2022-02-07,57.08474349975586
2022-02-08,57.738529205322266
2022-02-09,58.357879638671875
2022-02-10,58.06541442871094
2022-02-11,57.76433181762695
2022-02-14,57.17076873779297
2022-02-15,57.63530349731445
2022-02-16,57.59226989746094
2022-02-17,55.665367126464844
2022-02-18,55.17504119873047
2022-02-22,54.95998764038086
2022-02-23,54.38362503051758
2022-02-24,52.1900520324707
2022-02-25,53.31694793701172
2022-02-28,50.951316833496094
2022-03-01,50.400779724121094
2022-03-02,51.235198974609375
2022-03-03,49.566349029541016
2022-03-04,48.680320739746094
2022-03-07,47.78569030761719
2022-03-08,47.20072555541992
2022-03-09,48.12976837158203
2022-03-10,47.209320068359375
2022-03-11,46.5899543762207
2022-03-14,46.650177001953125
2022-03-15,47.40718078613281
2022-03-16,48.860965728759766
2022-03-17,49.282474517822266
2022-03-18,49.33409118652344
2022-03-21,49.01580810546875
2022-03-22,49.463130950927734
2022-03-23,48.47386169433594
2022-03-24,48.534080505371094
2022-03-25,48.809356689453125
2022-03-28,48.10395812988281
2022-03-29,48.577091217041016
2022-03-30,47.28675842285156
2022-03-31,45.936195373535156
2022-04-01,45.0157470703125
2022-04-04,45.42005157470703
2022-04-05,44.37057113647461
2022-04-06,43.46733474731445
2022-04-07,43.0372200012207
2022-04-08,43.7684211730957
2022-04-11,43.48454284667969
2022-04-12,43.30388259887695
2022-04-13,43.14044952392578
2022-04-14,43.81142807006836
2022-04-18,44.9985466003418
2022-04-19,45.52328109741211
2022-04-20,45.67811584472656
2022-04-21,45.27382278442383
2022-04-22,44.069496154785156
2022-04-25,43.98347473144531
2022-04-26,43.20927047729492
2022-04-27,42.66732406616211
2022-04-28,43.02861785888672
2022-04-29,41.898799896240234
2022-05-02,42.333351135253906
2022-05-03,43.5413818359375
2022-05-04,45.392547607421875
2022-05-05,44.59298324584961
2022-05-06,44.86239242553711
2022-05-09,43.358863830566406
2022-05-10,42.36811828613281
2022-05-11,41.420806884765625
2022-05-12,40.464805603027344
2022-05-13,41.403419494628906
2022-05-16,41.24699020385742
2022-05-17,44.36701965332031
2022-05-18,42.86349105834961
2022-05-19,43.263275146484375
2022-05-20,43.23720169067383
2022-05-23,45.861846923828125
2022-05-24,45.78362274169922
2022-05-25,45.8010139465332
2022-05-26,47.00905227661133
2022-05-27,46.60057830810547
2022-05-31,46.41807556152344
2022-06-01,45.53159713745117
2022-06-02,45.56636047363281
2022-06-03,44.61037063598633
2022-06-06,44.67120361328125
2022-06-07,45.27955627441406
2022-06-08,44.67988586425781
2022-06-09,43.42840576171875
2022-06-10,41.464263916015625
2022-06-13,39.70869827270508
2022-06-14,39.94335174560547
2022-06-15,41.35127258300781
2022-06-16,40.75160598754883
2022-06-17,40.43003845214844
2022-06-21,41.68152618408203
2022-06-22,41.021018981933594
2022-06-23,40.28229522705078
2022-06-24,41.59461975097656
2022-06-27,41.568546295166016
2022-06-28,41.02971267700195
2022-06-29,40.934112548828125
2022-06-30,39.96942901611328
2022-07-01,40.73421859741211
2022-07-05,40.508262634277344
2022-07-06,40.108482360839844
2022-07-07,40.7863655090332
2022-07-08,40.69076919555664
2022-07-11,40.143245697021484
2022-07-12,40.091102600097656
2022-07-13,39.54357147216797
2022-07-14,38.36160659790039
2022-07-15,43.43708801269531
2022-07-18,43.51531219482422
2022-07-19,45.30562973022461
2022-07-20,45.58373260498047
2022-07-21,45.70541763305664
2022-07-22,45.114437103271484
2022-07-25,45.33171081542969
2022-07-26,44.67120361328125
2022-07-27,45.49683380126953
2022-07-28,45.392547607421875
2022-07-29,45.55052185058594
2022-08-01,45.568077087402344
2022-08-02,44.54121398925781
2022-08-03,45.295997619628906
2022-08-04,44.98881530761719
2022-08-05,45.339881896972656
2022-08-08,45.173118591308594
2022-08-09,45.71726608276367
2022-08-10,46.68269348144531
2022-08-11,47.39360427856445
2022-08-12,47.72711944580078
2022-08-15,47.455039978027344
2022-08-16,47.55158615112305
2022-08-17,47.18296432495117
2022-08-18,46.9986572265625
2022-08-19,46.17366409301758
2022-08-22,44.98004150390625
2022-08-23,44.71674346923828
2022-08-24,44.769405364990234
2022-08-25,45.69094467163086
2022-08-26,43.689884185791016
2022-08-29,43.33003616333008
2022-08-30,43.075523376464844
2022-08-31,42.83854675292969
2022-09-01,42.7859001159668
2022-09-02,42.86488723754883
2022-09-06,42.320735931396484
2022-09-07,42.680572509765625
2022-09-08,43.795204162597656
2022-09-09,44.47099685668945
2022-09-12,44.646522521972656
2022-09-13,43.00531005859375
2022-09-14,42.505035400390625
2022-09-15,42.51382064819336
2022-09-16,42.22419357299805
2022-09-19,42.338287353515625
2022-09-20,41.46940612792969
2022-09-21,40.66196060180664
2022-09-22,40.00372314453125
2022-09-23,38.84519958496094
2022-09-26,37.73057556152344
2022-09-27,37.379512786865234
2022-09-28,38.090415954589844
2022-09-29,37.203983306884766
2022-09-30,36.57206726074219
2022-10-03,37.35318374633789
2022-10-04,38.97685623168945
2022-10-05,38.476593017578125
2022-10-06,37.792015075683594
2022-10-07,37.0284423828125
2022-10-10,36.5106315612793
2022-10-11,35.5013313293457
2022-10-12,35.843605041503906
2022-10-13,37.695465087890625
2022-10-14,37.94120788574219
2022-10-17,38.25717544555664
2022-10-18,38.748661041259766
2022-10-19,38.037757873535156
2022-10-20,37.66913604736328
2022-10-21,38.84519958496094
2022-10-24,38.97685623168945
2022-10-25,39.77552795410156
2022-10-26,39.85451126098633
2022-10-27,39.880836486816406
2022-10-28,40.48643493652344
2022-10-31,40.249454498291016
2022-11-01,40.56541061401367
2022-11-02,39.97738265991211
2022-11-03,39.126060485839844
2022-11-04,40.06713104248047
2022-11-07,40.59982681274414
2022-11-08,40.946075439453125
2022-11-09,40.271339416503906
2022-11-10,42.98805236816406
2022-11-11,44.55947494506836
2022-11-14,43.52074432373047
2022-11-15,43.52961349487305
2022-11-16,42.943660736083984
2022-11-17,42.837127685546875
2022-11-18,43.20113754272461
2022-11-21,43.39645767211914
2022-11-22,43.79596710205078
2022-11-23,42.828250885009766
2022-11-25,42.87263488769531
2022-11-28,41.93155288696289
2022-11-29,42.2334098815918
2022-11-30,42.97917556762695
2022-12-01,42.41984939575195
2022-12-02,41.9404296875
2022-12-05,40.519920349121094
2022-12-06,39.933963775634766
2022-12-07,39.65874481201172
2022-12-08,39.676490783691406
2022-12-09,39.827423095703125
2022-12-12,40.63534164428711
2022-12-13,41.363346099853516
2022-12-14,40.821781158447266
2022-12-15,39.614356994628906
2022-12-16,39.37464141845703
2022-12-19,39.001766204833984
2022-12-20,38.89521408081055
2022-12-21,39.78303909301758
2022-12-22,39.055030822753906
2022-12-23,39.294734954833984
2022-12-27,39.410152435302734
2022-12-28,39.614356994628906
2022-12-29,40.093772888183594
2022-12-30,40.15591812133789
2023-01-03,40.64421463012695
2023-01-04,41.69184112548828
2023-01-05,41.505409240722656
2023-01-06,42.00258255004883
2023-01-09,42.2067756652832
2023-01-10,42.78385543823242
2023-01-11,43.245521545410156
2023-01-12,43.5828857421875
2023-01-13,44.31977462768555
2023-01-17,44.6660270690918
2023-01-18,43.884742736816406
2023-01-19,43.83148193359375
2023-01-20,45.3585205078125
2023-01-23,46.14867401123047
2023-01-24,45.6515007019043
2023-01-25,46.077659606933594
2023-01-26,46.33511734008789
2023-01-27,46.042144775390625
2023-01-30,45.94447708129883
2023-01-31,46.361759185791016
2023-02-01,46.29960632324219
2023-02-02,46.361759185791016
2023-02-03,45.68036651611328
2023-02-06,45.59967041015625
2023-02-07,45.841739654541016
2023-02-08,45.85967254638672
2023-02-09,44.81068801879883
2023-02-10,44.92723846435547
2023-02-13,45.72519302368164
2023-02-14,46.27210235595703
2023-02-15,46.46037673950195
2023-02-16,46.137611389160156
2023-02-17,46.101749420166016
2023-02-21,44.6851692199707
2023-02-22,44.86448287963867
2023-02-23,45.1693115234375
2023-02-24,44.99000549316406
2023-02-27,45.250003814697266
2023-02-28,45.44724655151367
2023-03-01,46.17346954345703
2023-03-02,46.08381652832031
2023-03-03,46.93555450439453
2023-03-06,46.78314971923828
2023-03-07,45.79691696166992
2023-03-08,45.43828582763672
2023-03-09,43.57341384887695
2023-03-10,43.340309143066406
2023-03-13,40.11264419555664
2023-03-14,42.497528076171875
2023-03-15,40.18436813354492
2023-03-16,40.90162658691406
2023-03-17,39.67332077026367
2023-03-20,39.529876708984375
2023-03-21,40.408512115478516
2023-03-22,39.18917465209961
2023-03-23,38.95606994628906
2023-03-24,38.6512336730957
2023-03-27,40.14850616455078
2023-03-28,40.542999267578125
2023-03-29,41.1974983215332
2023-03-30,41.30508804321289
2023-03-31,42.04027557373047
2023-04-03,41.87889099121094
2023-04-04,41.3230094909668
2023-04-05,41.03611755371094
2023-04-06,41.1168098449707
2023-04-10,41.70854568481445
2023-04-11,42.318206787109375
2023-04-12,42.067169189453125
2023-04-13,42.40787887573242
2023-04-14,44.43412399291992
2023-04-17,44.55067443847656
2023-04-18,44.90034103393555
2023-04-19,45.1872444152832
2023-04-20,44.29067611694336
2023-04-21,43.958946228027344
2023-04-24,43.958946228027344
2023-04-25,42.94581604003906
2023-04-26,42.013389587402344
2023-04-27,42.16579818725586
2023-04-28,42.6643180847168
2023-05-01,42.82746505737305
2023-05-02,41.6944694519043
2023-05-03,41.39535903930664
2023-05-04,40.697425842285156
2023-05-05,41.98451614379883
2023-05-08,42.02077102661133
2023-05-09,42.165802001953125
2023-05-10,42.02983856201172
2023-05-11,41.72166061401367
2023-05-12,41.19594955444336
2023-05-15,41.739784240722656
2023-05-16,41.0418586730957
2023-05-17,42.67338180541992
2023-05-18,42.0479621887207
2023-05-19,41.431610107421875
2023-05-22,41.50412368774414
2023-05-23,41.612892150878906
2023-05-24,40.32579803466797
2023-05-25,40.09013748168945
2023-05-26,40.42551040649414
2023-05-30,40.516151428222656
2023-05-31,40.17170333862305
2023-06-01,40.643043518066406
2023-06-02,41.98451614379883
2023-06-05,41.91200256347656
2023-06-06,42.8002815246582
2023-06-07,43.516334533691406
2023-06-08,43.597904205322266
2023-06-09,43.77919006347656
2023-06-12,43.9151496887207
2023-06-13,44.1326904296875
2023-06-14,43.724815368652344
2023-06-15,44.01485824584961
2023-06-16,43.67948913574219
2023-06-20,43.15377426147461
2023-06-21,42.972496032714844
2023-06-22,42.265506744384766
2023-06-23,41.71259689331055
2023-06-26,41.91200256347656
2023-06-27,42.057029724121094
2023-06-28,41.90293884277344
2023-06-29,41.95732879638672
2023-06-30,41.73072052001953
2023-07-03,42.365203857421875
2023-07-05,42.41958999633789
2023-07-06,41.13249588012695
2023-07-07,41.45880889892578
2023-07-10,41.39535903930664
2023-07-11,42.174861907958984
2023-07-12,42.94530487060547
2023-07-13,43.217227935791016
2023-07-14,41.46786880493164
2023-07-17,41.93013000488281
2023-07-18,42.61899948120117
2023-07-19,43.072200775146484
2023-07-20,42.972496032714844
2023-07-21,42.64619064331055
2023-07-24,43.1990966796875
2023-07-25,42.68244552612305
2023-07-26,43.04500961303711
2023-07-27,43.39850616455078
2023-07-28,42.972496032714844
2023-07-31,43.1990966796875
2023-08-01,42.6643180847168
2023-08-02,41.9754524230957
2023-08-03,41.88481140136719
2023-08-04,41.91231918334961
2023-08-07,42.0223503112793
2023-08-08,41.408016204833984
2023-08-09,40.747833251953125
2023-08-10,40.65614318847656
2023-08-11,40.867034912109375
2023-08-14,40.43607711791992
2023-08-15,39.620025634765625
2023-08-16,39.09737777709961
2023-08-17,38.93233871459961
2023-08-18,38.73978042602539
2023-08-21,38.57474136352539
2023-08-22,37.611976623535156
2023-08-23,37.666988372802734
2023-08-24,37.666988372802734
2023-08-25,37.813697814941406
2023-08-28,37.887054443359375
2023-08-29,38.25381851196289
2023-08-30,37.93289566040039
2023-08-31,37.85954666137695
2023-09-01,38.134613037109375
2023-09-05,37.92372512817383
2023-09-06,37.93289566040039
2023-09-07,37.346065521240234
2023-09-08,37.21770477294922
2023-09-11,37.21770477294922
2023-09-12,38.217140197753906
2023-09-13,38.84981155395508
2023-09-14,39.55583572387695
2023-09-15,39.16157531738281
2023-09-18,39.09737777709961
2023-09-19,39.134063720703125
2023-09-20,38.78562545776367
2023-09-21,38.24464797973633
2023-09-22,37.5202751159668
2023-09-25,37.611976623535156
2023-09-26,36.878440856933594
2023-09-27,37.0984992980957
2023-09-28,37.77701950073242
2023-09-29,37.71284103393555
2023-10-02,37.13518142700195
2023-10-03,36.5483512878418
2023-10-04,36.502506256103516
2023-10-05,36.56669616699219
2023-10-06,37.199363708496094
2023-10-09,37.35523986816406
2023-10-10,37.9970703125
2023-10-11,38.0796012878418
2023-10-12,38.0796012878418
2023-10-13,37.9879150390625
2023-10-16,37.547786712646484
2023-10-17,37.77701950073242
2023-10-18,37.107669830322266
2023-10-19,36.73173141479492
2023-10-20,36.383296966552734
2023-10-23,35.658939361572266
2023-10-24,35.695621490478516
2023-10-25,35.40220642089844
2023-10-26,36.071556091308594
2023-10-27,35.06294631958008
2023-10-30,35.695621490478516
2023-10-31,36.20909118652344
2023-11-01,36.30995559692383
2023-11-02,37.914554595947266
2023-11-03,39.25205993652344
2023-11-06,39.047725677490234
2023-11-07,38.97341537475586
2023-11-08,38.843379974365234
2023-11-09,38.54615783691406
2023-11-10,39.084877014160156
2023-11-13,39.660743713378906
2023-11-14,41.20259475708008
2023-11-15,41.68558120727539
2023-11-16,41.49052429199219
2023-11-17,42.13141632080078
2023-11-20,42.03852844238281
2023-11-21,41.880638122558594
2023-11-22,41.81561279296875
2023-11-24,42.01066589355469
2023-11-27,41.87134552001953
2023-11-28,41.6670036315918
2023-11-29,42.493656158447266
2023-11-30,42.8187370300293
2023-12-01,43.868316650390625
2023-12-04,43.99834060668945
2023-12-05,43.376033782958984
2023-12-06,44.45347213745117
2023-12-07,45.047908782958984
2023-12-08,45.41015625
2023-12-11,44.72282791137695
2023-12-12,44.63923645019531
2023-12-13,45.828128814697266
2023-12-14,46.664066314697266
2023-12-15,46.28325653076172
2023-12-18,46.1253547668457
2023-12-19,47.304954528808594
2023-12-20,46.50617218017578
2023-12-21,46.99844741821289
2023-12-22,47.23994064331055
2023-12-26,47.6857795715332
2023-12-27,47.7972297668457
2023-12-28,47.85295867919922
2023-12-29,47.77865982055664
2024-01-02,49.26477813720703
2024-01-03,49.82206344604492
2024-01-04,49.94281768798828
2024-01-05,50.46295928955078
2024-01-08,50.165733337402344
2024-01-09,49.67345428466797
2024-01-10,49.24619674682617
2024-01-11,48.37310791015625
2024-01-12,48.874671936035156
2024-01-16,48.178043365478516
2024-01-17,47.70435333251953
2024-01-18,47.47214889526367
2024-01-19,47.85295867919922
2024-01-22,49.079010009765625
2024-01-23,49.506263732910156
2024-01-24,49.46910858154297
2024-01-25,49.90565872192383
2024-01-26,49.84993362426758
2024-01-29,50.25861740112305
2024-01-30,53.02650833129883
2024-01-31,52.17198944091797
2024-02-01,52.069820404052734
2024-02-02,52.07919692993164
2024-02-05,51.104000091552734
2024-02-06,50.96334457397461
2024-02-07,51.141510009765625
2024-02-08,50.90708923339844
2024-02-09,50.62577819824219
2024-02-12,50.560142517089844
2024-02-13,49.47241973876953
2024-02-14,50.616397857666016
2024-02-15,51.76976013183594
2024-02-16,51.43218994140625
2024-02-20,51.9666748046875
2024-02-21,51.88228225708008
2024-02-22,52.41676330566406
2024-02-23,52.44489669799805
2024-02-26,51.9104118347168
2024-02-27,52.23860168457031
2024-02-28,51.61973190307617
2024-02-29,52.032310485839844
2024-03-01,52.13545227050781
2024-03-04,52.641807556152344
2024-03-05,52.75433349609375
2024-03-06,53.72014617919922
2024-03-07,54.12335205078125
2024-03-08,53.92643737792969
2024-03-11,53.83267593383789
2024-03-12,53.87017822265625
2024-03-13,54.160865783691406
2024-03-14,53.53261184692383
2024-03-15,54.02021026611328
2024-03-18,54.97665786743164
2024-03-19,55.19232177734375
2024-03-20,56.38319396972656
2024-03-21,57.5084114074707
2024-03-22,57.03019332885742
2024-03-25,57.15209197998047
2024-03-26,57.81784439086914
2024-03-27,58.83992004394531
2024-03-28,59.29939651489258
2024-04-01,59.50568389892578
2024-04-02,58.92432403564453
2024-04-03,57.84598159790039
2024-04-04,57.11458206176758
2024-04-05,57.76158142089844
2024-04-08,57.883487701416016
2024-04-09,57.81784439086914
2024-04-10,56.43006896972656
2024-04-11,56.92704391479492
2024-04-12,55.96122360229492
2024-04-15,54.91101837158203
2024-04-16,53.46697998046875
2024-04-17,54.54531478881836
2024-04-18,54.685970306396484
2024-04-19,55.45487594604492
2024-04-22,57.15209197998047
2024-04-23,58.764915466308594
2024-04-24,58.5773811340332
2024-04-25,57.93974304199219
2024-04-26,58.75552749633789
2024-04-29,58.380455017089844
2024-04-30,57.5084114074707
2024-05-01,57.527164459228516
2024-05-02,57.705322265625
2024-05-03,58.18770217895508
2024-05-06,59.40782165527344
2024-05-07,58.641700744628906
2024-05-08,59.351070404052734
2024-05-09,59.890201568603516
2024-05-10,60.08882141113281
2024-05-13,59.96586227416992
2024-05-14,60.14556884765625
2024-05-15,60.7603645324707
2024-05-16,60.6657829284668
2024-05-17,60.599578857421875
2024-05-20,59.738868713378906
2024-05-21,61.23328399658203
2024-05-22,60.363121032714844
2024-05-23,59.60645294189453
2024-05-24,60.13612365722656
2024-05-28,59.06732940673828
2024-05-29,58.651153564453125
2024-05-30,58.57549285888672
2024-05-31,58.934906005859375
2024-06-03,58.5660285949707
2024-06-04,57.724239349365234
2024-06-05,58.424156188964844
2024-06-06,58.58494567871094
2024-06-07,58.43362045288086
2024-06-10,58.10257339477539
2024-06-11,55.93661880493164
2024-06-12,56.759490966796875
2024-06-13,56.96757125854492
2024-06-14,56.11632537841797
2024-06-17,56.806785583496094
2024-06-18,57.48778533935547
2024-06-20,57.33644485473633
2024-06-21,56.74057388305664
2024-06-24,58.017452239990234
2024-06-25,58.24445724487305
2024-06-26,57.93232345581055
2024-06-27,58.21607208251953
2024-06-28,60.022613525390625
2024-07-01,59.994239807128906
2024-07-02,61.176536560058594
2024-07-03,60.96844482421875
2024-07-05,60.561737060546875
2024-07-08,61.23328399658203
2024-07-09,62.94524383544922
2024-07-10,63.35194396972656
2024-07-11,62.15074920654297
2024-07-12,61.025203704833984
2024-07-15,61.61161422729492
2024-07-16,63.626251220703125
2024-07-17,63.94782257080078
2024-07-18,61.37515640258789
2024-07-19,61.61161422729492
2024-07-22,61.006282806396484
2024-07-23,61.15761947631836
2024-07-24,60.2117805480957
2024-07-25,60.883331298828125
2024-07-26,61.649444580078125
2024-07-29,60.81712341308594
2024-07-30,62.30207443237305
2024-07-31,61.36570358276367
2024-08-01,59.85237121582031
2024-08-02,55.57719802856445
2024-08-05,53.6768798828125
2024-08-06,54.011104583740234
2024-08-07,53.581382751464844
2024-08-08,55.386207580566406
2024-08-09,55.23341751098633
2024-08-12,55.23341751098633
2024-08-13,55.52945327758789
2024-08-14,56.6085205078125
2024-08-15,57.79264831542969
2024-08-16,58.63298797607422
2024-08-19,59.234596252441406
2024-08-20,58.54704284667969
2024-08-21,57.80219650268555
2024-08-22,57.6971549987793
2024-08-23,59.33964157104492
2024-08-26,59.00541305541992
2024-08-27,58.90037536621094
2024-08-28,58.80488204956055
2024-08-29,59.09136199951172
2024-08-30,59.81711196899414
2024-09-03,58.690284729003906
2024-09-04,58.21281433105469
2024-09-05,57.8976936340332
2024-09-06,56.42708969116211
2024-09-09,56.8568115234375
2024-09-10,55.338462829589844
2024-09-11,54.71775436401367
2024-09-12,54.74640655517578
2024-09-13,55.07107925415039
2024-09-16,55.75863265991211
2024-09-17,56.61807632446289
2024-09-18,57.20058822631836
2024-09-19,60.17998504638672
2024-09-20,59.33964157104492
2024-09-23,59.75981903076172
2024-09-24,58.604339599609375
2024-09-25,57.65895080566406
2024-09-26,58.929019927978516
2024-09-27,59.08180618286133
2024-09-30,59.778907775878906
2024-10-01,59.02451705932617
2024-10-02,59.234596252441406
2024-10-03,58.54704284667969
2024-10-04,59.81711196899414
2024-10-07,59.778907775878906
2024-10-08,60.390071868896484
2024-10-09,61.230411529541016
2024-10-10,60.61925506591797
2024-10-11,62.777400970458984
2024-10-14,63.03524398803711
2024-10-15,59.81711196899414
2024-10-16,61.354549407958984
2024-10-17,61.08717727661133
2024-10-18,60.01763916015625
2024-10-21,59.04361343383789
2024-10-22,60.695648193359375
2024-10-23,60.25637435913086
2024-10-24,60.160884857177734
2024-10-25,58.97676086425781
2024-10-28,61.26861572265625
2024-10-29,61.77473068237305
2024-10-30,61.593284606933594
2024-10-31,61.278160095214844
2024-11-01,60.83888626098633
2024-11-04,60.06816864013672
2024-11-05,61.3398551940918
2024-11-06,66.50370025634766
2024-11-07,65.61737060546875
2024-11-08,66.11833190917969
2024-11-11,67.24552154541016
2024-11-12,66.49406433105469
2024-11-13,66.36882019042969
2024-11-14,65.6559066772461
2024-11-15,66.24358367919922
2024-11-18,66.47480010986328
2024-11-19,66.08943939208984
2024-11-20,65.78114318847656
2024-11-21,66.42662811279297
2024-11-22,67.28404998779297
2024-11-25,68.16075134277344
2024-11-26,67.19734191894531
2024-11-27,67.59233856201172
2024-11-29,68.27637481689453
2024-12-02,68.77732849121094
2024-12-03,68.80623626708984
2024-12-04,68.88330078125
2024-12-05,69.58659362792969
2024-12-06,69.509521484375
2024-12-09,69.2301254272461
2024-12-10,69.84669494628906
2024-12-11,69.32646942138672
2024-12-12,68.81586456298828
2024-12-13,68.41124725341797
2024-12-16,68.87366485595703
2024-12-17,68.5172119140625
2024-12-18,65.62700653076172
2024-12-19,65.916015625
2024-12-20,66.65784454345703
2024-12-23,67.21660614013672
2024-12-24,68.40160369873047
2024-12-26,68.73880004882812
2024-12-27,68.40160369873047
2024-12-30,67.81391906738281
2024-12-31,67.81391906738281
2025-01-02,67.3803939819336
2025-01-03,68.40160369873047
2025-01-06,70.07791900634766
2025-01-07,70.98352813720703
2025-01-08,70.57888793945312
2025-01-10,68.7869644165039
2025-01-13,70.10681915283203
2025-01-14,70.81010437011719
2025-01-15,75.40553283691406
2025-01-16,75.63676452636719
2025-01-17,77.0625991821289
2025-01-21,78.68109893798828
2025-01-22,78.70037841796875
2025-01-23,78.97977447509766
2025-01-24,78.49806213378906
2025-01-27,78.10306549072266
2025-01-28,77.01441955566406
2025-01-29,77.67916870117188
2025-01-30,78.8641586303711
2025-01-31,78.44990539550781
2025-02-03,77.22760009765625
2025-02-04,76.13141632080078
2025-02-05,77.08209228515625
2025-02-06,79.86620330810547
2025-02-07,79.27445220947266
2025-02-10,78.31407928466797
2025-02-11,78.68270111083984
2025-02-12,78.8379135131836
2025-02-13,79.64308166503906
2025-02-14,82.07797241210938
2025-02-18,82.09737396240234
2025-02-19,81.42803192138672
2025-02-20,78.90582275390625
2025-02-21,77.26640319824219
2025-02-24,76.18962860107422
2025-02-25,75.80158996582031
2025-02-26,76.7037582397461
2025-02-27,76.50975036621094
2025-02-28,77.55741882324219
2025-03-03,74.8606185913086
2025-03-04,70.18486022949219
2025-03-05,70.77660369873047
2025-03-06,68.46784210205078
2025-03-07,68.35142517089844
2025-03-10,65.39269256591797
2025-03-11,65.47999572753906
2025-03-12,65.9165267944336
2025-03-13,65.21808624267578
2025-03-14,66.7217025756836
2025-03-17,67.84698486328125
2025-03-18,68.11861419677734
2025-03-19,69.30209350585938
2025-03-20,69.67072296142578
2025-03-21,69.82593536376953
2025-03-24,71.82427978515625
2025-03-25,72.24142456054688
2025-03-26,71.04822540283203
2025-03-27,69.6998291015625
2025-03-28,68.2253189086914
2025-03-31,68.86555480957031
2025-04-01,68.42903137207031
2025-04-02,69.6125259399414
2025-04-03,61.163169860839844
2025-04-04,56.390403747558594
2025-04-07,57.0888557434082
2025-04-08,57.011253356933594
2025-04-09,62.230255126953125
2025-04-10,59.746864318847656
2025-04-11,59.79536819458008
2025-04-14,61.328086853027344
2025-04-15,62.40486526489258
2025-04-16,60.241600036621094
2025-04-17,61.35718536376953
2025-04-21,60.81394577026367
2025-04-22,62.618282318115234
2025-04-23,64.31591796875
2025-04-24,66.12025451660156
2025-04-25,66.3821792602539
2025-04-28,66.23665618896484
2025-04-29,66.81869506835938
2025-04-30,66.33365631103516
2025-05-01,66.1008529663086
2025-05-02,68.4775161743164
2025-05-05,68.68287658691406
2025-05-06,67.92993927001953
2025-05-07,68.6926498413086
2025-05-08,70.05183410644531
2025-05-09,69.86605072021484
2025-05-12,73.24935913085938
2025-05-13,73.89470672607422
2025-05-14,73.62091827392578
2025-05-15,74.27606964111328
2025-05-16,74.04138946533203
2025-05-19,74.44229888916016
2025-05-20,74.21739959716797
2025-05-21,71.7923812866211
2025-05-22,71.7923812866211
2025-05-23,71.46969604492188
2025-05-27,73.79693603515625
2025-05-28,73.36668395996094
2025-05-29,73.85560607910156
2025-05-30,73.65025329589844
2025-06-02,74.11962127685547
2025-06-03,74.83343505859375
2025-06-04,74.7063217163086
2025-06-05,74.97032928466797
2025-06-06,76.52508544921875
2025-06-09,76.43707275390625
2025-06-10,76.30017852783203
2025-06-11,76.64241790771484
2025-06-12,76.49574279785156
2025-06-13,74.66719818115234
2025-06-16,76.33929443359375
2025-06-17,75.6450424194336
2025-06-18,76.61309051513672
2025-06-20,76.71086883544922
2025-06-23,77.60070037841797
2025-06-24,79.34123229980469
2025-06-25,80.7981948852539
2025-06-26,82.4996337890625
2025-06-27,82.50940704345703
2025-06-30,83.23301696777344
2025-07-01,84.35750579833984
2025-07-02,84.83665466308594
2025-07-03,86.75320434570312
2025-07-07,85.65802001953125
2025-07-08,83.67302703857422
2025-07-09,83.88815307617188
2025-07-10,85.14955139160156
2025-07-11,84.80731201171875
2025-07-14,85.56024169921875
2025-07-15,88.7088623046875
2025-07-16,88.02437591552734
2025-07-17,91.02632141113281
2025-07-18,91.37834167480469
2025-07-21,90.59607696533203
2025-07-22,91.9161376953125
2025-07-23,93.8620376586914
2025-07-24,93.27533721923828
2025-07-25,93.94025421142578
2025-07-28,93.43179321289062
2025-07-29,92.38551330566406
2025-07-30,93.68601989746094
2025-07-31,91.62278747558594
2025-08-01,89.79425811767578
2025-08-04,90.63087463378906
2025-08-05,90.0796890258789
2025-08-06,90.77851867675781
2025-08-07,89.79425811767578
2025-08-08,91.27064514160156
2025-08-11,90.85725402832031
2025-08-12,94.2332763671875
2025-08-13,93.16043090820312
2025-08-14,93.95767974853516
2025-08-15,92.21554565429688
2025-08-18,92.73719787597656
2025-08-19,92.2647476196289
2025-08-20,91.70372009277344
2025-08-21,91.13285064697266
2025-08-22,93.76083374023438
2025-08-25,93.50492095947266
2025-08-26,94.21358489990234
2025-08-27,95.34549713134766
2025-08-28,95.29627990722656
2025-08-29,95.05022430419922
2025-09-02,93.28837585449219
2025-09-03,93.5344467163086
2025-09-04,95.55218505859375
2025-09-05,93.89863586425781
2025-09-08,94.3612289428711
2025-09-09,95.80809020996094
2025-09-10,95.6407699584961
2025-09-11,97.26480102539062
2025-09-12,97.87505340576172
2025-09-15,98.21954345703125
2025-09-16,99.05615997314453
2025-09-17,100.15853118896484
2025-09-18,100.79830169677734
2025-09-19,101.0640640258789
2025-09-22,101.8613052368164
2025-09-23,101.37902069091797
2025-09-24,100.0502700805664
2025-09-25,100.5030288696289
2025-09-26,101.79241180419922
2025-09-29,101.53651428222656
2025-09-30,99.90262603759766
2025-10-01,97.15653228759766
2025-10-02,95.80809020996094
2025-10-03,96.20179748535156
2025-10-06,96.50692749023438
2025-10-07,96.26085662841797
2025-10-08,95.17816925048828
2025-10-09,94.41044616699219
2025-10-10,92.4517593383789
2025-10-13,94.58760833740234
2025-10-14,98.26874542236328
2025-10-15,98.2096939086914
2025-10-16,94.7450942993164
2025-10-17,95.54235076904297
2025-10-20,97.73725891113281
2025-10-21,96.70377349853516
2025-10-22,94.78446197509766
2025-10-23,95.16832733154297
2025-10-24,97.2254409790039
2025-10-27,99.4006576538086
2025-10-28,99.79436492919922
2025-10-29,97.5600814819336
2025-10-30,98.64277648925781
2025-10-31,99.63687896728516
2025-11-03,100.6072006225586
2025-11-04,100.01313018798828
2025-11-05,100.68641662597656
2025-11-06,99.85470581054688
2025-11-07,99.79529571533203
2025-11-10,100.48838806152344
2025-11-11,99.76559448242188
2025-11-12,101.85477447509766
2025-11-13,99.67648315429688
2025-11-14,99.31013488769531
2025-11-17,97.22096252441406
2025-11-18,97.34967041015625
2025-11-19,98.84477233886719
2025-11-20,96.6664810180664
2025-11-21,97.72592163085938
2025-11-24,98.7061538696289
2025-11-25,100.17154693603516
2025-11-26,101.48841857910156
2025-11-28,102.57756805419922
2025-12-01,101.6666488647461
2025-12-02,102.1716079711914
2025-12-03,105.6667709350586
2025-12-04,106.7262191772461
2025-12-05,107.80545043945312
2025-12-08,107.84506225585938
2025-12-09,108.35002899169922
2025-12-10,109.99364471435547
2025-12-11,110.6372299194336
2025-12-12,110.69664001464844
2025-12-15,111.68677520751953
2025-12-16,110.18177032470703
2025-12-17,110.36000061035156
2025-12-18,111.71646881103516
2025-12-19,113.7264404296875
2025-12-22,116.92455291748047
2025-12-23,118.22163391113281
2025-12-24,120.36031341552734
2025-12-26,119.2315673828125
2025-12-29,116.96416473388672
2025-12-30,116.0532455444336
2025-12-31,115.53838348388672
2026-01-02,117.5285415649414
2026-01-05,122.08314514160156
2026-01-06,121.2910385131836
2026-01-07,120.17219543457031
2026-01-08,119.40978240966797
2026-01-09,120.1226806640625
2026-01-12,116.53840637207031
2026-01-13,115.15222930908203
2026-01-14,111.30062103271484
2026-01-15,116.30078125
2026-01-16,116.87505340576172
2026-01-20,111.68677520751953
2026-01-21,112.7363052368164
2026-01-22,114.51854705810547
2026-01-23,112.4689712524414
2026-01-26,113.68683624267578
2026-01-27,113.6571273803711
2026-01-28,113.07294464111328
2026-01-29,114.0630874633789
2026-01-30,114.56804656982422
2026-02-02,115.68277740478516
2026-02-03,117.15580749511719
2026-02-04,116.87712860107422
2026-02-05,115.19508361816406
2026-02-06,122.11236572265625
2026-02-09,123.18727111816406
2026-02-10,121.57490539550781
2026-02-11,116.83731079101562
2026-02-12,110.62669372558594
2026-02-13,110.33805847167969
2026-02-17,113.24430847167969
2026-02-18,115.72258758544922
2026-02-19,115.0059814453125
2026-02-20,115.453857421875
2026-02-23,110.22857666015625
2026-02-24,109.04417419433594
2026-02-25,113.80167388916016
2026-02-26,115.6429672241211
2026-02-27,109.67121887207031
2026-03-02,110.92527770996094
2026-03-03,110.23853302001953
2026-03-04,110.79589080810547
2026-03-05,108.43704986572266
2026-03-06,106.0284423828125
2026-03-09,106.0881576538086
2026-03-10,108.45695495605469
2026-03-11,108.6759262084961
2026-03-12,105.0032958984375
2026-03-13,105.1924057006836
2026-03-16,106.8445816040039
2026-03-17,107.20288848876953
2026-03-18,108.15837097167969
2026-03-19,109.33280944824219
2026-03-20,109.00436401367188
2026-03-23,111.11438751220703
2026-03-24,113.20449829101562
2026-03-25,113.9410171508789
2026-03-26,111.88076782226562
2026-03-27,106.87444305419922
2026-03-30,106.76496124267578
2026-03-31,112.87606048583984
2026-04-01,114.75715637207031
2026-04-02,114.70738983154297
2026-04-06,116.80745697021484
2026-04-07,116.57853698730469
2026-04-08,122.9085922241211
2026-04-09,124.33186340332031
2026-04-10,123.80435943603516
2026-04-13,125.68545532226562
2026-04-14,128.9699249267578
2026-04-15,131.0699920654297
2026-04-16,128.73104858398438
2026-04-17,131.55767822265625
2026-04-20,132.423583984375
2026-04-21,131.06002807617188
2026-04-22,129.1192169189453
2026-04-23,127.90495300292969
2026-04-24,127.37745666503906
2026-04-27,128.53199768066406
2026-04-28,127.92486572265625
2026-04-29,127.00920104980469
2026-04-30,127.37745666503906
2026-05-01,126.84000396728516
2026-05-04,125.62999725341797
2026-05-05,128.00999450683594
2026-05-06,127.5999984741211
2026-05-07,129.08999633789062
2026-05-08,125.55000305175781
2026-05-11,125.90499877929688
