Date,Close
2003-10-29,1.2778174877166748
2003-10-30,1.2786682844161987
2003-10-31,1.2786682844161987
2003-11-03,1.2778174877166748
2003-11-04,1.2786682844161987
2003-11-05,1.2786682844161987
2003-11-06,1.2948554754257202
2003-11-07,1.2829278707504272
2003-11-10,1.2820767164230347
2003-11-11,1.289743185043335
2003-11-12,1.2786682844161987
2003-11-13,1.289743185043335
2003-11-14,1.2871876955032349
2003-11-17,1.3076339960098267
2003-11-18,1.2991145849227905
2003-11-19,1.2948554754257202
2003-11-20,1.2991145849227905
2003-11-21,1.2974106073379517
2003-11-24,1.2778174877166748
2003-11-25,1.2599284648895264
2003-11-26,1.268446683883667
2003-11-28,1.2488535642623901
2003-12-01,1.260780692100525
2003-12-02,1.2522609233856201
2003-12-03,1.2522609233856201
2003-12-04,1.260780692100525
2003-12-05,1.260780692100525
2003-12-08,1.260780692100525
2003-12-09,1.256519079208374
2003-12-10,1.2556685209274292
2003-12-11,1.2556685209274292
2003-12-12,1.24374258518219
2003-12-15,1.2522609233856201
2003-12-16,1.2360748052597046
2003-12-17,1.2394825220108032
2003-12-18,1.242890477180481
2003-12-19,1.2488535642623901
2003-12-22,1.256519079208374
2003-12-23,1.2701504230499268
2003-12-24,1.2650041580200195
2003-12-26,1.2778698205947876
2003-12-29,1.2821568250656128
2003-12-30,1.285587191581726
2003-12-31,1.2778698205947876
2004-01-02,1.27872633934021
2004-01-05,1.285587191581726
2004-01-06,1.2821568250656128
2004-01-07,1.2864456176757812
2004-01-08,1.285587191581726
2004-01-09,1.285587191581726
2004-01-12,1.2907675504684448
2004-01-13,1.2933582067489624
2004-01-14,1.286450743675232
2004-01-15,1.2899048328399658
2004-01-16,1.2795436382293701
2004-01-20,1.2769542932510376
2004-01-21,1.286450743675232
2004-01-22,1.286450743675232
2004-01-23,1.2804077863693237
2004-01-26,1.2821344137191772
2004-01-27,1.2821344137191772
2004-01-28,1.277817726135254
2004-01-29,1.2804077863693237
2004-01-30,1.2786810398101807
2004-02-02,1.2873140573501587
2004-02-03,1.2907675504684448
2004-02-04,1.2942216396331787
2004-02-05,1.2899048328399658
2004-02-06,1.2821344137191772
2004-02-09,1.286450743675232
2004-02-10,1.297675371170044
2004-02-11,1.303758978843689
2004-02-12,1.303758978843689
2004-02-13,1.3011517524719238
2004-02-17,1.2994136810302734
2004-02-18,1.2907218933105469
2004-02-19,1.2820295095443726
2004-02-20,1.2907218933105469
2004-02-23,1.2776832580566406
2004-02-24,1.2646459341049194
2004-02-25,1.2759449481964111
2004-02-26,1.2776832580566406
2004-02-27,1.2785537242889404
2004-03-01,1.2863775491714478
2004-03-02,1.293328881263733
2004-03-03,1.3124513626098633
2004-03-04,1.3124513626098633
2004-03-05,1.3063665628433228
2004-03-08,1.3167970180511475
2004-03-09,1.302020788192749
2004-03-10,1.2950226068496704
2004-03-11,1.3028960227966309
2004-03-12,1.312520980834961
2004-03-15,1.309022307395935
2004-03-16,1.3063957691192627
2004-03-17,1.3186458349227905
2004-03-18,1.3081461191177368
2004-03-19,1.3081461191177368
2004-03-22,1.3028960227966309
2004-03-23,1.2915204763412476
2004-03-24,1.2993959188461304
2004-03-25,1.2985206842422485
2004-03-26,1.3020211458206177
2004-03-29,1.3055206537246704
2004-03-30,1.311646580696106
2004-03-31,1.31602144241333
2004-04-01,1.312520980834961
2004-04-02,1.3081461191177368
2004-04-05,1.2731449604034424
2004-04-06,1.2153947353363037
2004-04-07,1.2206454277038574
2004-04-08,1.2075188159942627
2004-04-12,1.139651894569397
2004-04-13,1.1458220481872559
2004-04-14,1.132599949836731
2004-04-15,1.1590421199798584
2004-04-16,1.2119256258010864
2004-04-19,1.1819584369659424
2004-04-20,1.163449764251709
2004-04-21,1.128193736076355
2004-04-22,1.1361263990402222
2004-04-23,1.1414152383804321
2004-04-26,1.0973442792892456
2004-04-27,1.086767554283142
2004-04-28,1.0929380655288696
2004-04-29,1.085885763168335
2004-04-30,1.0797163248062134
2004-05-03,1.1035135984420776
2004-05-04,1.1414152383804321
2004-05-05,1.1414152383804321
2004-05-06,1.1079219579696655
2004-05-07,1.0576812028884888
2004-05-10,1.0136120319366455
2004-05-11,1.0576812028884888
2004-05-12,1.0727919340133667
2004-05-13,1.062125325202942
2004-05-14,1.0772348642349243
2004-05-17,1.0754573345184326
2004-05-18,1.0896785259246826
2004-05-19,1.082567811012268
2004-05-20,1.0923441648483276
2004-05-21,1.0950109958648682
2004-05-24,1.0790131092071533
2004-05-25,1.0994555950164795
2004-05-26,1.1287864446640015
2004-05-27,1.1332309246063232
2004-05-28,1.1554508209228516
2004-06-01,1.1554508209228516
2004-06-02,1.1776702404022217
2004-06-03,1.1732265949249268
2004-06-04,1.168782114982605
2004-06-07,1.1723380088806152
2004-06-08,1.1625601053237915
2004-06-09,1.166115641593933
2004-06-10,1.1598467826843262
2004-06-14,1.1123780012130737
2004-06-15,1.1195435523986816
2004-06-16,1.126707911491394
2004-06-17,1.1195435523986816
2004-06-18,1.1052138805389404
2004-06-21,1.1150654554367065
2004-06-22,1.1096910238265991
2004-06-23,1.1105865240097046
2004-06-24,1.126707911491394
2004-06-25,1.1302905082702637
2004-06-28,1.1392470598220825
2004-06-29,1.132081389427185
2004-06-30,1.1392470598220825
2004-07-01,1.1553688049316406
2004-07-02,1.175968050956726
2004-07-06,1.1795498132705688
2004-07-07,1.173281192779541
2004-07-08,1.166115641593933
2004-07-09,1.206419825553894
2004-07-12,1.2172478437423706
2004-07-13,1.2352938652038574
2004-07-14,1.2289783954620361
2004-07-15,1.2434157133102417
2004-07-16,1.2244659662246704
2004-07-19,1.233491063117981
2004-07-20,1.2325870990753174
2004-07-21,1.2416104078292847
2004-07-22,1.238903284072876
2004-07-23,1.218150019645691
2004-07-26,1.2010060548782349
2004-07-27,1.2046147584915161
2004-07-28,1.205517292022705
2004-07-29,1.218150019645691
2004-07-30,1.2407087087631226
2004-08-02,1.2524391412734985
2004-08-03,1.2587549686431885
2004-08-04,1.2542433738708496
2004-08-05,1.2497318983078003
2004-08-06,1.2551461458206177
2004-08-09,1.2488285303115845
2004-08-10,1.2650710344314575
2004-08-11,1.2714321613311768
2004-08-12,1.2550740242004395
2004-08-13,1.2614365816116333
2004-08-16,1.2523480653762817
2004-08-17,1.2677974700927734
2004-08-18,1.2723417282104492
2004-08-19,1.2723417282104492
2004-08-20,1.2705236673355103
2004-08-23,1.273250699043274
2004-08-24,1.2859737873077393
2004-08-25,1.2859737873077393
2004-08-26,1.3041497468948364
2004-08-27,1.30869460105896
2004-08-30,1.2914268970489502
2004-08-31,1.3105119466781616
2004-09-01,1.3177818059921265
2004-09-02,1.3059684038162231
2004-09-03,1.2923352718353271
2004-09-07,1.3059684038162231
2004-09-08,1.3077867031097412
2004-09-09,1.284156084060669
2004-09-10,1.284156084060669
2004-09-13,1.27683424949646
2004-09-14,1.2631042003631592
2004-09-15,1.2631042003631592
2004-09-16,1.281409740447998
2004-09-17,1.294224739074707
2004-09-20,1.2869025468826294
2004-09-21,1.2905628681182861
2004-09-22,1.27408766746521
2004-09-23,1.2603585720062256
2004-09-24,1.2722574472427368
2004-09-27,1.2850710153579712
2004-09-28,1.285987377166748
2004-09-29,1.281409740447998
2004-09-30,1.2841558456420898
2004-10-01,1.3088691234588623
2004-10-04,1.3180221319198608
2004-10-05,1.3161908388137817
2004-10-06,1.3189382553100586
2004-10-07,1.3180221319198608
2004-10-08,1.3180221319198608
2004-10-11,1.325344443321228
2004-10-12,1.3179712295532227
2004-10-13,1.3133631944656372
2004-10-14,1.3170500993728638
2004-10-15,1.3235011100769043
2004-10-18,1.3207366466522217
2004-10-19,1.3244234323501587
2004-10-20,1.3124412298202515
2004-10-21,1.3225795030593872
2004-10-22,1.3225795030593872
2004-10-25,1.318892002105713
2004-10-26,1.3133631944656372
2004-10-27,1.327187180519104
2004-10-28,1.325343132019043
2004-10-29,1.3290305137634277
2004-11-01,1.3419352769851685
2004-11-02,1.3428566455841064
2004-11-03,1.353915810585022
2004-11-04,1.3631328344345093
2004-11-05,1.2995376586914062
2004-11-08,1.293086290359497
2004-11-09,1.3088663816452026
2004-11-10,1.334857702255249
2004-11-11,1.338571310043335
2004-11-12,1.3515690565109253
2004-11-15,1.3534245491027832
2004-11-16,1.364562749862671
2004-11-17,1.3432146310806274
2004-11-18,1.3450690507888794
2004-11-19,1.3376444578170776
2004-11-22,1.3153647184371948
2004-11-23,1.3469256162643433
2004-11-24,1.364562749862671
2004-11-26,1.364562749862671
2004-11-29,1.364562749862671
2004-11-30,1.3654909133911133
2004-12-01,1.3784877061843872
2004-12-02,1.374774694442749
2004-12-03,1.3896262645721436
2004-12-06,1.384056806564331
2004-12-07,1.3738458156585693
2004-12-08,1.3849856853485107
2004-12-09,1.3831284046173096
2004-12-10,1.3886990547180176
2004-12-13,1.3952401876449585
2004-12-14,1.391502022743225
2004-12-15,1.39430570602417
2004-12-16,1.3830904960632324
2004-12-17,1.3737471103668213
2004-12-20,1.3718773126602173
2004-12-21,1.3868294954299927
2004-12-22,1.3784184455871582
2004-12-23,1.3830904960632324
2004-12-27,1.3971093893051147
2004-12-28,1.3971093893051147
2004-12-29,1.39430570602417
2004-12-30,1.3971093893051147
2004-12-31,1.4036502838134766
2005-01-03,1.3952401876449585
2005-01-04,1.3877639770507812
2005-01-05,1.3316932916641235
2005-01-06,1.3251513242721558
2005-01-07,1.3270201683044434
2005-01-10,1.3288894891738892
2005-01-11,1.3223479986190796
2005-01-12,1.3072885274887085
2005-01-13,1.321406602859497
2005-01-14,1.3185831308364868
2005-01-18,1.3185831308364868
2005-01-19,1.329877495765686
2005-01-20,1.3242297172546387
2005-01-21,1.326112985610962
2005-01-24,1.3242297172546387
2005-01-25,1.3119962215423584
2005-01-26,1.2903480529785156
2005-01-27,1.2856414318084717
2005-01-28,1.2969353199005127
2005-01-31,1.300700068473816
2005-02-01,1.3242297172546387
2005-02-02,1.3374066352844238
2005-02-03,1.3204644918441772
2005-02-04,1.3421120643615723
2005-02-07,1.3524649143218994
2005-02-08,1.3571709394454956
2005-02-09,1.3609365224838257
2005-02-10,1.3505101203918457
2005-02-11,1.3514585494995117
2005-02-14,1.3590402603149414
2005-02-15,1.3552495241165161
2005-02-16,1.3590402603149414
2005-02-17,1.3590402603149414
2005-02-18,1.3372433185577393
2005-02-22,1.3040724992752075
2005-02-23,1.3097585439682007
2005-02-24,1.3078627586364746
2005-02-25,1.3334518671035767
2005-02-28,1.3220793008804321
2005-03-01,1.3438764810562134
2005-03-02,1.349563717842102
2005-03-03,1.3552495241165161
2005-03-04,1.3704134225845337
2005-03-07,1.3779947757720947
2005-03-08,1.369464635848999
2005-03-09,1.3467192649841309
2005-03-10,1.3352657556533813
2005-03-11,1.3238133192062378
2005-03-14,1.3314485549926758
2005-03-15,1.328586220741272
2005-03-16,1.3142685890197754
2005-03-17,1.3209501504898071
2005-03-18,1.307587742805481
2005-03-21,1.2799086570739746
2005-03-22,1.267500400543213
2005-03-23,1.2474569082260132
2005-03-24,1.2560482025146484
2005-03-28,1.2550939321517944
2005-03-29,1.2503221035003662
2005-03-30,1.2608202695846558
2005-03-31,1.2780001163482666
2005-04-01,1.2904069423675537
2005-04-04,1.2789537906646729
2005-04-05,1.2818169593811035
2005-04-06,1.2856354713439941
2005-04-07,1.2913621664047241
2005-04-08,1.292316198348999
2005-04-11,1.2913621664047241
2005-04-12,1.309631586074829
2005-04-13,1.2971315383911133
2005-04-14,1.2807847261428833
2005-04-15,1.2769386768341064
2005-04-18,1.2827084064483643
2005-04-19,1.2903997898101807
2005-04-20,1.274053692817688
2005-04-21,1.2779009342193604
2005-04-22,1.281746506690979
2005-04-25,1.2884776592254639
2005-04-26,1.3077086210250854
2005-04-27,1.3115553855895996
2005-04-28,1.3125159740447998
2005-04-29,1.3182860612869263
2005-05-02,1.3317461013793945
2005-05-03,1.320208191871643
2005-05-04,1.3307849168777466
2005-05-05,1.3394393920898438
2005-05-06,1.3269397020339966
2005-05-09,1.3461705446243286
2005-05-10,1.3452086448669434
2005-05-11,1.3423036336898804
2005-05-12,1.3277766704559326
2005-05-13,1.3190604448318481
2005-05-16,1.344240427017212
2005-05-17,1.3403667211532593
2005-05-18,1.3452088832855225
2005-05-19,1.3723262548446655
2005-05-20,1.3674839735031128
2005-05-23,1.3742631673812866
2005-05-24,1.3607046604156494
2005-05-25,1.335524082183838
2005-05-26,1.3374606370925903
2005-05-27,1.3393974304199219
2005-05-31,1.3568307161331177
2005-06-01,1.3820101022720337
2005-06-02,1.382978916168213
2005-06-03,1.3955693244934082
2005-06-06,1.3965388536453247
2005-06-07,1.405253529548645
2005-06-08,1.4168763160705566
2005-06-09,1.4149256944656372
2005-06-10,1.41395103931427
2005-06-13,1.4168760776519775
2005-06-14,1.4315038919448853
2005-06-15,1.4354037046432495
2005-06-16,1.4383288621902466
2005-06-17,1.4500303268432617
2005-06-20,1.452957034111023
2005-06-21,1.440279245376587
2005-06-22,1.4305278062820435
2005-06-23,1.4315038919448853
2005-06-24,1.427602767944336
2005-06-27,1.41395103931427
2005-06-28,1.4237017631530762
2005-06-29,1.4363787174224854
2005-06-30,1.4422290325164795
2005-07-01,1.4490549564361572
2005-07-05,1.4617315530776978
2005-07-06,1.4627070426940918
2005-07-07,1.4627070426940918
2005-07-08,1.4783092737197876
2005-07-11,1.4948869943618774
2005-07-12,1.4988123178482056
2005-07-13,1.48997962474823
2005-07-14,1.4624966382980347
2005-07-15,1.4674038887023926
2005-07-18,1.4723114967346191
2005-07-19,1.4801642894744873
2005-07-20,1.4929234981536865
2005-07-21,1.4772191047668457
2005-07-22,1.4831100702285767
2005-07-25,1.4880157709121704
2005-07-26,1.4988123178482056
2005-07-27,1.4988123178482056
2005-07-28,1.516480803489685
2005-07-29,1.5115737915039062
2005-08-01,1.5145180225372314
2005-08-02,1.5213886499404907
2005-08-03,1.5223703384399414
2005-08-04,1.502739429473877
2005-08-05,1.4448283910751343
2005-08-08,1.3771017789840698
2005-08-09,1.4036043882369995
2005-08-10,1.4094929695129395
2005-08-11,1.422342300415039
2005-08-12,1.4233317375183105
2005-08-15,1.437168836593628
2005-08-16,1.4421111345291138
2005-08-17,1.429261565208435
2005-08-18,1.4144351482391357
2005-08-19,1.4164116382598877
2005-08-22,1.422342300415039
2005-08-23,1.425306797027588
2005-08-24,1.4272844791412354
2005-08-25,1.4322267770767212
2005-08-26,1.4282734394073486
2005-08-29,1.4272844791412354
2005-08-30,1.4243197441101074
2005-08-31,1.4470527172088623
2005-09-01,1.4658331871032715
2005-09-02,1.4717645645141602
2005-09-06,1.4875789880752563
2005-09-07,1.4776942729949951
2005-09-08,1.4806585311889648
2005-09-09,1.4856010675430298
2005-09-12,1.488566279411316
2005-09-13,1.4786162376403809
2005-09-14,1.4776220321655273
2005-09-15,1.472646951675415
2005-09-16,1.472646951675415
2005-09-19,1.4696614742279053
2005-09-20,1.4676700830459595
2005-09-21,1.4298593997955322
2005-09-22,1.4408060312271118
2005-09-23,1.4408060312271118
2005-09-26,1.4487653970718384
2005-09-27,1.4368255138397217
2005-09-28,1.433840274810791
2005-09-29,1.4577209949493408
2005-09-30,1.47165048122406
2005-10-03,1.4766262769699097
2005-10-04,1.4696614742279053
2005-10-05,1.433840274810791
2005-10-06,1.418914556503296
2005-10-07,1.4149343967437744
2005-10-10,1.4069740772247314
2005-10-11,1.393044352531433
2005-10-12,1.3569655418395996
2005-10-13,1.340929627418518
2005-10-14,1.3770095109939575
2005-10-17,1.3890351057052612
2005-10-18,1.3730006217956543
2005-10-19,1.3850269317626953
2005-10-20,1.3619749546051025
2005-10-21,1.370995283126831
2005-10-24,1.403066635131836
2005-10-25,1.4170948266983032
2005-10-26,1.4080770015716553
2005-10-27,1.3920422792434692
2005-10-28,1.4211053848266602
2005-10-31,1.423108458518982
2005-11-01,1.4130873680114746
2005-11-02,1.4130873680114746
2005-11-03,1.4060726165771484
2005-11-04,1.39705228805542
2005-11-07,1.405070185661316
2005-11-08,1.4040679931640625
2005-11-09,1.4151713848114014
2005-11-10,1.4404066801071167
2005-11-11,1.4393962621688843
2005-11-14,1.4222372770309448
2005-11-15,1.421228289604187
2005-11-16,1.401039719581604
2005-11-17,1.416180968284607
2005-11-18,1.4293029308319092
2005-11-21,1.436368703842163
2005-11-22,1.4494907855987549
2005-11-23,1.4545373916625977
2005-11-25,1.4626129865646362
2005-11-28,1.4454532861709595
2005-11-29,1.4424248933792114
2005-11-30,1.4414156675338745
2005-12-01,1.4595850706100464
2005-12-02,1.4595850706100464
2005-12-05,1.4545373916625977
2005-12-06,1.4424248933792114
2005-12-07,1.4282927513122559
2005-12-08,1.4383877515792847
2005-12-09,1.435359001159668
2005-12-12,1.435359001159668
2005-12-13,1.4404420852661133
2005-12-14,1.4485737085342407
2005-12-15,1.4312926530838013
2005-12-16,1.4343425035476685
2005-12-19,1.4282426834106445
2005-12-20,1.4099459648132324
2005-12-21,1.4180784225463867
2005-12-22,1.4247145652770996
2005-12-23,1.4392309188842773
2005-12-27,1.4444148540496826
2005-12-28,1.4319725036621094
2005-12-29,1.4288618564605713
2005-12-30,1.4402676820755005
2006-01-03,1.4672274589538574
2006-01-04,1.4869273900985718
2006-01-05,1.5055934190750122
2006-01-06,1.5118144750595093
2006-01-09,1.5232199430465698
2006-01-10,1.5346254110336304
2006-01-11,1.532552719116211
2006-01-12,1.5346407890319824
2006-01-13,1.5148051977157593
2006-01-17,1.5106295347213745
2006-01-18,1.5127164125442505
2006-01-19,1.5304652452468872
2006-01-20,1.527333378791809
2006-01-23,1.525244951248169
2006-01-24,1.5429917573928833
2006-01-25,1.5492562055587769
2006-01-26,1.5419490337371826
2006-01-27,1.5628279447555542
2006-01-30,1.5607397556304932
2006-01-31,1.564915657043457
2006-02-01,1.565958857536316
2006-02-02,1.5638725757598877
2006-02-03,1.5513447523117065
2006-02-06,1.5638725757598877
2006-02-07,1.5513447523117065
2006-02-08,1.547168254852295
2006-02-09,1.5544770956039429
2006-02-10,1.557607889175415
2006-02-13,1.557607889175415
2006-02-14,1.5534045696258545
2006-02-15,1.561811923980713
2006-02-16,1.5681184530258179
2006-02-17,1.5807303190231323
2006-02-21,1.587037205696106
2006-02-22,1.5996496677398682
2006-02-23,1.6017502546310425
2006-02-24,1.5985972881317139
2006-02-27,1.6038525104522705
2006-02-28,1.6028029918670654
2006-03-01,1.6122616529464722
2006-03-02,1.615413784980774
2006-03-03,1.611210584640503
2006-03-06,1.6427401304244995
2006-03-07,1.6206705570220947
2006-03-08,1.632230520248413
2006-03-09,1.6500977277755737
2006-03-10,1.6500977277755737
2006-03-13,1.6532702445983887
2006-03-14,1.649039387702942
2006-03-15,1.670195460319519
2006-03-16,1.6839449405670166
2006-03-17,1.6924078464508057
2006-03-20,1.6670219898223877
2006-03-21,1.6532702445983887
2006-03-22,1.6596167087554932
2006-03-23,1.6723103523254395
2006-03-24,1.668080449104309
2006-03-27,1.654327392578125
2006-03-28,1.6596167087554932
2006-03-29,1.6892352104187012
2006-03-30,1.6723103523254395
2006-03-31,1.674425721168518
2006-04-03,1.6596167087554932
2006-04-04,1.660675287246704
2006-04-05,1.6638498306274414
2006-04-06,1.660675287246704
2006-04-07,1.6448092460632324
2006-04-10,1.6257691383361816
2006-04-11,1.6003812551498413
2006-04-12,1.5907989740371704
2006-04-13,1.5684397220611572
2006-04-17,1.5599204301834106
2006-04-18,1.597188115119934
2006-04-19,1.6163557767868042
2006-04-20,1.6248730421066284
2006-04-21,1.6397796869277954
2006-04-24,1.6238093376159668
2006-04-25,1.6078381538391113
2006-04-26,1.597188115119934
2006-04-27,1.6025129556655884
2006-04-28,1.604642629623413
2006-05-01,1.6035774946212769
2006-05-02,1.589735507965088
2006-05-03,1.583346962928772
2006-05-04,1.597188115119934
2006-05-05,1.6131608486175537
2006-05-08,1.6291332244873047
2006-05-09,1.6280686855316162
2006-05-10,1.6291332244873047
2006-05-11,1.6023377180099487
2006-05-12,1.5787577629089355
2006-05-15,1.5776867866516113
2006-05-16,1.5916200876235962
2006-05-17,1.5573228597640991
2006-05-18,1.5648244619369507
2006-05-19,1.5626815557479858
2006-05-22,1.5594655275344849
2006-05-23,1.546604037284851
2006-05-24,1.5369579792022705
2006-05-25,1.5648244619369507
2006-05-26,1.5841174125671387
2006-05-30,1.5809017419815063
2006-05-31,1.5744706392288208
2006-06-01,1.593763828277588
2006-06-02,1.6066255569458008
2006-06-05,1.6034090518951416
2006-06-06,1.5873323678970337
2006-06-07,1.5926916599273682
2006-06-08,1.5873323678970337
2006-06-09,1.6023377180099487
2006-06-12,1.5905474424362183
2006-06-13,1.566807508468628
2006-06-14,1.5743612051010132
2006-06-15,1.61428701877594
2006-06-16,1.6078130006790161
2006-06-19,1.5991798639297485
2006-06-20,1.5894689559936523
2006-06-21,1.6153677701950073
2006-06-22,1.6045762300491333
2006-06-23,1.5991798639297485
2006-06-26,1.606734037399292
2006-06-27,1.6099704504013062
2006-06-28,1.6121293306350708
2006-06-29,1.6391061544418335
2006-06-30,1.6585298776626587
2006-07-03,1.6844276189804077
2006-07-05,1.6833471059799194
2006-07-06,1.6822681427001953
2006-07-07,1.6865839958190918
2006-07-10,1.6919806003570557
2006-07-11,1.6952167749404907
2006-07-12,1.7027709484100342
2006-07-13,1.6897385120391846
2006-07-14,1.663676381111145
2006-07-17,1.6593332290649414
2006-07-18,1.6788811683654785
2006-07-19,1.7114592790603638
2006-07-20,1.7071155309677124
2006-07-21,1.6897385120391846
2006-07-24,1.6995136737823486
2006-07-25,1.710372805595398
2006-07-26,1.7125451564788818
2006-07-27,1.7125451564788818
2006-07-28,1.7255761623382568
2006-07-31,1.7212319374084473
2006-08-01,1.7212319374084473
2006-08-02,1.7353498935699463
2006-08-03,1.748380184173584
2006-08-04,1.7787872552871704
2006-08-07,1.770099401473999
2006-08-08,1.7505543231964111
2006-08-09,1.7440370321273804
2006-08-10,1.7538106441497803
2006-08-11,1.7570894956588745
2006-08-14,1.7691081762313843
2006-08-15,1.7756633758544922
2006-08-16,1.786592960357666
2006-08-17,1.7898703813552856
2006-08-18,1.7887769937515259
2006-08-21,1.7887769937515259
2006-08-22,1.8128175735473633
2006-08-23,1.8062608242034912
2006-08-24,1.7964273691177368
2006-08-25,1.7953331470489502
2006-08-28,1.8128175735473633
2006-08-29,1.8128175735473633
2006-08-30,1.8313930034637451
2006-08-31,1.8510609865188599
2006-09-01,1.8335803747177124
2006-09-05,1.8412288427352905
2006-09-06,1.8346710205078125
2006-09-07,1.8335803747177124
2006-09-08,1.840136170387268
2006-09-11,1.840136170387268
2006-09-12,1.8674532175064087
2006-09-13,1.8762470483779907
2006-09-14,1.8630573749542236
2006-09-15,1.8817418813705444
2006-09-18,1.8762470483779907
2006-09-19,1.8740482330322266
2006-09-20,1.8740482330322266
2006-09-21,1.8718498945236206
2006-09-22,1.8696528673171997
2006-09-25,1.8663543462753296
2006-09-26,1.8696528673171997
2006-09-27,1.8883365392684937
2006-09-28,1.8795439004898071
2006-09-29,1.8828420639038086
2006-10-02,1.907022476196289
2006-10-03,1.9125176668167114
2006-10-04,1.9213110208511353
2006-10-05,1.9334027767181396
2006-10-06,1.9312034845352173
2006-10-09,1.9224109649658203
2006-10-10,1.9312034845352173
2006-10-11,1.9498887062072754
2006-10-12,1.9565216302871704
2006-10-13,1.9697860479354858
2006-10-16,1.9819467067718506
2006-10-17,1.9775243997573853
2006-10-18,1.9764204025268555
2006-10-19,1.9786297082901
2006-10-20,1.9742077589035034
2006-10-23,1.9775243997573853
2006-10-24,1.9963159561157227
2006-10-25,1.9963159561157227
2006-10-26,2.0084733963012695
2006-10-27,2.0117905139923096
2006-10-30,2.000737190246582
2006-10-31,2.0073699951171875
2006-11-01,2.0062642097473145
2006-11-02,1.9532060623168945
2006-11-03,1.9322023391723633
2006-11-06,1.9454675912857056
2006-11-07,1.9344136714935303
2006-11-08,1.927782416343689
2006-11-09,1.9288870096206665
2006-11-10,1.9344136714935303
2006-11-13,1.944419264793396
2006-11-14,1.9666541814804077
2006-11-15,1.9677656888961792
2006-11-16,1.986665964126587
2006-11-17,1.9777731895446777
2006-11-20,2.026686429977417
2006-11-21,2.057816505432129
2006-11-22,2.0555942058563232
2006-11-24,2.075603485107422
2006-11-27,2.0289111137390137
2006-11-28,2.0355820655822754
2006-11-29,2.062265396118164
2006-11-30,2.0833866596221924
2006-12-01,2.08783221244812
2006-12-04,2.121184825897217
2006-12-05,2.1067333221435547
2006-12-06,2.095616102218628
2006-12-07,2.0867207050323486
2006-12-08,2.063375234603882
2006-12-11,2.0867207050323486
2006-12-12,2.0778276920318604
2006-12-13,2.082148313522339
2006-12-14,2.097330093383789
2006-12-15,2.073974370956421
2006-12-18,2.076310396194458
2006-12-19,2.051785707473755
2006-12-20,2.0728070735931396
2006-12-21,2.0622966289520264
2006-12-22,2.058793306350708
2006-12-26,2.0856518745422363
2006-12-27,2.1136786937713623
2006-12-28,2.117180824279785
2006-12-29,2.1323630809783936
2007-01-03,2.1358675956726074
2007-01-04,2.141706705093384
2007-01-05,2.1136786937713623
2007-01-08,2.124189853668213
2007-01-09,2.1382017135620117
2007-01-10,2.1522159576416016
2007-01-11,2.17100191116333
2007-01-12,2.162782669067383
2007-01-16,2.174522876739502
2007-01-17,2.182743787765503
2007-01-18,2.175696849822998
2007-01-19,2.1956584453582764
2007-01-22,2.1968328952789307
2007-01-23,2.2015292644500732
2007-01-24,2.227357864379883
2007-01-25,2.227357864379883
2007-01-26,2.2250125408172607
2007-01-29,2.2320573329925537
2007-01-30,2.249669313430786
2007-01-31,2.279024124145508
2007-02-01,2.2672817707061768
2007-02-02,2.2837188243865967
2007-02-05,2.2895915508270264
2007-02-06,2.310725688934326
2007-02-07,2.3342068195343018
2007-02-08,2.324815273284912
2007-02-09,2.303680419921875
2007-02-12,2.259061574935913
2007-02-13,2.3003733158111572
2007-02-14,2.2873878479003906
2007-02-15,2.29683256149292
2007-02-16,2.2814884185791016
2007-02-20,2.285029411315918
2007-02-21,2.3003733158111572
2007-02-22,2.2980124950408936
2007-02-23,2.2661454677581787
2007-02-26,2.2401788234710693
2007-02-27,2.2035887241363525
2007-02-28,2.2012290954589844
2007-03-01,2.174081802368164
2007-03-02,2.1469357013702393
2007-03-05,2.0595948696136475
2007-03-06,2.1091670989990234
2007-03-07,2.1020846366882324
2007-03-08,2.1433932781219482
2007-03-09,2.1681809425354004
2007-03-12,2.1965081691741943
2007-03-13,2.1146292686462402
2007-03-14,2.111069917678833
2007-03-15,2.1348013877868652
2007-03-16,2.121748447418213
2007-03-19,2.1253082752227783
2007-03-20,2.156160831451416
2007-03-21,2.1798946857452393
2007-03-22,2.2048139572143555
2007-03-23,2.207188129425049
2007-03-26,2.172774076461792
2007-03-27,2.149040937423706
2007-03-28,2.124122142791748
2007-03-29,2.1336143016815186
2007-03-30,2.1431093215942383
2007-04-02,2.154973268508911
2007-04-03,2.1775214672088623
2007-04-04,2.156160831451416
2007-04-05,2.1620945930480957
2007-04-09,2.1751487255096436
2007-04-10,2.172774076461792
2007-04-11,2.1419222354888916
2007-04-12,2.141923427581787
2007-04-13,2.177720069885254
2007-04-16,2.189652919769287
2007-04-17,2.2135183811187744
2007-04-18,2.2230656147003174
2007-04-19,2.212324619293213
2007-04-20,2.22664475440979
2007-04-23,2.2564756870269775
2007-04-24,2.2373836040496826
2007-04-25,2.2338039875030518
2007-04-26,2.2314157485961914
2007-04-27,2.3292644023895264
2007-04-30,2.294660806655884
2007-05-01,2.277954578399658
2007-05-02,2.3018178939819336
2007-05-03,2.3018178939819336
2007-05-04,2.2886953353881836
2007-05-07,2.303013801574707
2007-05-08,2.303013801574707
2007-05-09,2.34716534614563
2007-05-10,2.3352303504943848
2007-05-11,2.339200258255005
2007-05-14,2.3512256145477295
2007-05-15,2.3283767700195312
2007-05-16,2.3163492679595947
2007-05-17,2.280271530151367
2007-05-18,2.2562150955200195
2007-05-21,2.27064847946167
2007-05-22,2.295903444290161
2007-05-23,2.3043220043182373
2007-05-24,2.2634317874908447
2007-05-25,2.281471014022827
2007-05-29,2.3151466846466064
2007-05-30,2.3548340797424316
2007-05-31,2.345212936401367
2007-06-01,2.358443260192871
2007-06-04,2.3921189308166504
2007-06-05,2.3608486652374268
2007-06-06,2.339200258255005
2007-06-07,2.273052453994751
2007-06-08,2.287485361099243
2007-06-11,2.2586190700531006
2007-06-12,2.22975754737854
2007-06-13,2.253162145614624
2007-06-14,2.207080602645874
2007-06-15,2.20829439163208
2007-06-18,2.1694865226745605
2007-06-19,2.175551176071167
2007-06-20,2.1415951251983643
2007-06-21,2.1258318424224854
2007-06-22,2.0955135822296143
2007-06-25,2.0470058917999268
2007-06-26,2.051856756210327
2007-06-27,2.0967254638671875
2007-06-28,2.0930864810943604
2007-06-29,2.0858116149902344
2007-07-02,2.1173393726348877
2007-07-03,2.1331064701080322
2007-07-05,2.1549336910247803
2007-07-06,2.1500844955444336
2007-07-09,2.1452319622039795
2007-07-10,2.097938299179077
2007-07-11,2.079749822616577
2007-07-12,2.0972468852996826
2007-07-13,2.119267702102661
2007-07-16,2.1107048988342285
2007-07-17,2.103363513946533
2007-07-18,2.0691041946411133
2007-07-19,2.096022129058838
2007-07-20,2.067878246307373
2007-07-23,2.0323948860168457
2007-07-24,1.978555679321289
2007-07-25,1.9430726766586304
2007-07-26,1.8831148147583008
2007-07-27,1.8598681688308716
2007-07-30,1.8415131568908691
2007-07-31,1.8390660285949707
2007-08-01,1.825608253479004
2007-08-02,1.8390660285949707
2007-08-03,1.793792724609375
2007-08-06,1.7742162942886353
2007-08-07,1.763203501701355
2007-08-08,1.7864519357681274
2007-08-09,1.7693226337432861
2007-08-10,1.7680983543395996
2007-08-13,1.74126136302948
2007-08-14,1.6757174730300903
2007-08-15,1.5520473718643188
2007-08-16,1.5668885707855225
2007-08-17,1.6695339679718018
2007-08-20,1.78207266330719
2007-08-21,1.8364877700805664
2007-08-22,1.8760613203048706
2007-08-23,1.8797712326049805
2007-08-24,1.8760613203048706
2007-08-27,1.8562748432159424
2007-08-28,1.7894926071166992
2007-08-29,1.8154631853103638
2007-08-30,1.8401976823806763
2007-08-31,1.8983210325241089
2007-09-04,1.9156352281570435
2007-09-05,1.93789541721344
2007-09-06,1.8871928453445435
2007-09-07,1.8389599323272705
2007-09-10,1.793203353881836
2007-09-11,1.8055696487426758
2007-09-12,1.8055696487426758
2007-09-13,1.8259410858154297
2007-09-14,1.835939884185791
2007-09-17,1.835939884185791
2007-09-18,1.8846811056137085
2007-09-19,1.9184260368347168
2007-09-20,1.9071767330169678
2007-09-21,1.9171758890151978
2007-09-24,1.9371718168258667
2007-09-25,1.9121767282485962
2007-09-26,1.9096766710281372
2007-09-27,1.9259239435195923
2007-09-28,1.9259239435195923
2007-10-01,1.954669713973999
2007-10-02,1.9821656942367554
2007-10-03,1.9996620416641235
2007-10-04,2.0059092044830322
2007-10-05,2.0421555042266846
2007-10-08,2.0421555042266846
2007-10-09,2.0521535873413086
2007-10-10,2.053401470184326
2007-10-11,2.0613508224487305
2007-10-12,2.043689250946045
2007-10-15,1.9692593812942505
2007-10-16,1.9200596809387207
2007-10-17,1.904919981956482
2007-10-18,1.898612380027771
2007-10-19,1.8355363607406616
2007-10-22,1.8506741523742676
2007-10-23,1.8683353662490845
2007-10-24,1.8645511865615845
2007-10-25,1.858242392539978
2007-10-26,1.8695954084396362
2007-10-29,1.8658125400543213
2007-10-30,1.8620272874832153
2007-10-31,1.8759046792984009
2007-11-01,1.8254433870315552
2007-11-02,1.769934892654419
2007-11-05,1.761104702949524
2007-11-06,1.7686727046966553
2007-11-07,1.718212604522705
2007-11-08,1.7283045053482056
2007-11-09,1.7232588529586792
2007-11-12,1.7194737195968628
2007-11-13,1.8040634393692017
2007-11-14,1.7989588975906372
2007-11-15,1.779820203781128
2007-11-16,1.7466493844985962
2007-11-19,1.6688224077224731
2007-11-20,1.6241670846939087
2007-11-21,1.63309907913208
2007-11-23,1.695615530014038
2007-11-26,1.60630464553833
2007-11-27,1.5960993766784668
2007-11-28,1.677754521369934
2007-11-29,1.6815823316574097
2007-11-30,1.7122019529342651
2007-12-03,1.7083743810653687
2007-12-04,1.6688224077224731
2007-12-05,1.694339632987976
2007-12-06,1.7594081163406372
2007-12-07,1.8040634393692017
2007-12-10,1.8295807838439941
2007-12-11,1.7862024307250977
2007-12-12,1.7734425067901611
2007-12-13,1.7375526428222656
2007-12-14,1.6877063512802124
2007-12-17,1.600826621055603
2007-12-18,1.5609482526779175
2007-12-19,1.5552518367767334
2007-12-20,1.5951298475265503
2007-12-21,1.6122208833694458
2007-12-24,1.6990982294082642
2007-12-26,1.6791596412658691
2007-12-27,1.6164954900741577
2007-12-28,1.5751903057098389
2007-12-31,1.6392815113067627
2008-01-02,1.6464018821716309
2008-01-03,1.6193410158157349
2008-01-04,1.5509799718856812
2008-01-07,1.5666457414627075
2008-01-08,1.5609482526779175
2008-01-09,1.5524029731750488
2008-01-10,1.5780378580093384
2008-01-11,1.5799156427383423
2008-01-14,1.5582540035247803
2008-01-15,1.5264822244644165
2008-01-16,1.5308146476745605
2008-01-17,1.5019314289093018
2008-01-18,1.477380633354187
2008-01-22,1.4947105646133423
2008-01-23,1.6030231714248657
2008-01-24,1.6420155763626099
2008-01-25,1.6275748014450073
2008-01-28,1.6636793613433838
2008-01-29,1.6940040588378906
2008-01-30,1.6723427772521973
2008-01-31,1.721445083618164
2008-02-01,1.7763233184814453
2008-02-04,1.756103754043579
2008-02-05,1.7055587768554688
2008-02-06,1.6420155763626099
2008-02-07,1.6449053287506104
2008-02-08,1.650680661201477
2008-02-11,1.6102430820465088
2008-02-12,1.6347957849502563
2008-02-13,1.6381618976593018
2008-02-14,1.5591092109680176
2008-02-15,1.5400766134262085
2008-02-19,1.529829740524292
2008-02-20,1.578140139579773
2008-02-21,1.5503239631652832
2008-02-22,1.578140139579773
2008-02-25,1.6015623807907104
2008-02-26,1.6293784379959106
2008-02-27,1.6235214471817017
2008-02-28,1.6000993251800537
2008-02-29,1.5766754150390625
2008-03-03,1.5649648904800415
2008-03-04,1.5591092109680176
2008-03-05,1.5137264728546143
2008-03-06,1.4302808046340942
2008-03-07,1.3966100215911865
2008-03-10,1.3863625526428223
2008-03-11,1.422960877418518
2008-03-12,1.44931161403656
2008-03-13,1.4705766439437866
2008-03-14,1.4452975988388062
2008-03-17,1.391768217086792
2008-03-18,1.4542183876037598
2008-03-19,1.4720613956451416
2008-03-20,1.5360002517700195
2008-03-24,1.6192682981491089
2008-03-25,1.6371124982833862
2008-03-26,1.5657397508621216
2008-03-27,1.5642520189285278
2008-03-28,1.543434977531433
2008-03-31,1.5419474840164185
2008-04-01,1.6341373920440674
2008-04-02,1.6296778917312622
2008-04-03,1.6772589683532715
2008-04-04,1.6609023809432983
2008-04-07,1.6832071542739868
2008-04-08,1.6713110208511353
2008-04-09,1.6371124982833862
2008-04-10,1.646033763885498
2008-04-11,1.5876823663711548
2008-04-14,1.5469732284545898
2008-04-15,1.583159327507019
2008-04-16,1.6283938884735107
2008-04-17,1.6419627666473389
2008-04-18,1.6992576122283936
2008-04-21,1.6856869459152222
2008-04-22,1.6721181869506836
2008-04-23,1.711319923400879
2008-04-24,1.7052891254425049
2008-04-25,1.7263978719711304
2008-04-28,1.745998501777649
2008-04-29,1.7309216260910034
2008-04-30,1.711319923400879
2008-05-01,1.7580604553222656
2008-05-02,1.7475066184997559
2008-05-05,1.75504469871521
2008-05-06,1.759568691253662
2008-05-07,1.7173516750335693
2008-05-08,1.6977494955062866
2008-05-09,1.7143361568450928
2008-05-12,1.7444905042648315
2008-05-13,1.7235573530197144
2008-05-14,1.7159169912338257
2008-05-15,1.7525888681411743
2008-05-16,1.7480049133300781
2008-05-19,1.7587010860443115
2008-05-20,1.737309455871582
2008-05-21,1.6945255994796753
2008-05-22,1.7082778215408325
2008-05-23,1.6853580474853516
2008-05-27,1.7082778215408325
2008-05-28,1.7021645307540894
2008-05-29,1.6960536241531372
2008-05-30,1.7128605842590332
2008-06-02,1.705222725868225
2008-06-03,1.7556440830230713
2008-06-04,1.7327256202697754
2008-06-05,1.7648128271102905
2008-06-06,1.7174445390701294
2008-06-09,1.683828592300415
2008-06-10,1.6639655828475952
2008-06-11,1.613543152809143
2008-06-12,1.5519914627075195
2008-06-13,1.6233108043670654
2008-06-16,1.6403638124465942
2008-06-17,1.6078065633773804
2008-06-18,1.5798979997634888
2008-06-19,1.5907517671585083
2008-06-20,1.5581929683685303
2008-06-23,1.5194307565689087
2008-06-24,1.4961750507354736
2008-06-25,1.5194307565689087
2008-06-26,1.4651662111282349
2008-06-27,1.469817042350769
2008-06-30,1.4496616125106812
2008-07-01,1.4496616125106812
2008-07-02,1.4046982526779175
2008-07-03,1.4015982151031494
2008-07-07,1.3302775621414185
2008-07-08,1.39229416847229
2008-07-09,1.3411304950714111
2008-07-10,1.3302775621414185
2008-07-11,1.2944433689117432
2008-07-14,1.2470855712890625
2008-07-15,1.1649978160858154
2008-07-16,1.2865511178970337
2008-07-17,1.3181226253509521
2008-07-18,1.3481155633926392
2008-07-21,1.357587218284607
2008-07-22,1.420730471611023
2008-07-23,1.447567105293274
2008-07-24,1.357587218284607
2008-07-25,1.3717941045761108
2008-07-28,1.357587218284607
2008-07-29,1.4002094268798828
2008-07-30,1.4049444198608398
2008-07-31,1.3686368465423584
2008-08-01,1.4081015586853027
2008-08-04,1.3812670707702637
2008-08-05,1.453881025314331
2008-08-06,1.457038164138794
2008-08-07,1.4096804857254028
2008-08-08,1.4633519649505615
2008-08-11,1.507551908493042
2008-08-12,1.4759812355041504
2008-08-13,1.450785517692566
2008-08-14,1.4556001424789429
2008-08-15,1.4716484546661377
2008-08-18,1.4427611827850342
2008-08-19,1.3898005485534668
2008-08-20,1.3641225099563599
2008-08-21,1.3223973512649536
2008-08-22,1.346469521522522
2008-08-25,1.3352347612380981
2008-08-26,1.349679946899414
2008-08-27,1.349679946899414
2008-08-28,1.415479063987732
2008-08-29,1.4202930927276611
2008-09-02,1.4218974113464355
2008-09-03,1.4572042226791382
2008-09-04,1.4202930927276611
2008-09-05,1.4347364902496338
2008-09-08,1.4668340682983398
2008-09-09,1.4026391506195068
2008-09-10,1.413873553276062
2008-09-11,1.3947651386260986
2008-09-12,1.3539345264434814
2008-09-15,1.2314435243606567
2008-09-16,1.162848711013794
2008-09-17,1.046890377998352
2008-09-18,1.1089519262313843
2008-09-19,1.3131041526794434
2008-09-22,1.2069443464279175
2008-09-23,1.2085787057876587
2008-09-24,1.1906124353408813
2008-09-25,1.2249113321304321
2008-09-26,1.1971453428268433
2008-09-29,1.1416161060333252
2008-09-30,1.1677488088607788
2008-10-01,1.2004127502441406
2008-10-02,1.1073193550109863
2008-10-03,1.0713880062103271
2008-10-06,0.8884685635566711
2008-10-07,0.7480125427246094
2008-10-08,0.6990158557891846
2008-10-09,0.6140886545181274
2008-10-10,0.5277723073959351
2008-10-13,0.8086832165718079
2008-10-14,0.6299214959144592
2008-10-15,0.5652272701263428
2008-10-16,0.6043843030929565
2008-10-17,0.6401365995407104
2008-10-20,0.6418392062187195
2008-10-21,0.6163018941879272
2008-10-22,0.5550116300582886
2008-10-23,0.5192597508430481
2008-10-24,0.4937223494052887
2008-10-27,0.40859779715538025
2008-10-28,0.4783999025821686
2008-10-29,0.47669708728790283
2008-10-30,0.5039372444152832
2008-10-31,0.5362845063209534
2008-11-03,0.539689302444458
2008-11-04,0.5958719253540039
2008-11-05,0.5686319470405579
2008-11-06,0.5209617018699646
2008-11-07,0.5924670100212097
2008-11-10,0.5277723073959351
2008-11-11,0.46818485856056213
2008-11-12,0.46307727694511414
2008-11-13,0.4636186361312866
2008-11-14,0.43836265802383423
2008-11-17,0.3607928454875946
2008-11-18,0.32290950417518616
2008-11-19,0.2742026150226593
2008-11-20,0.2453390508890152
2008-11-21,0.22008341550827026
2008-11-24,0.2525547444820404
2008-11-25,0.27781030535697937
2008-11-26,0.28863397240638733
2008-11-28,0.29765382409095764
2008-12-01,0.29765382409095764
2008-12-02,0.2760064899921417
2008-12-03,0.3066737651824951
2008-12-04,0.3102819621562958
2008-12-05,0.3517726957798004
2008-12-08,0.37702828645706177
2008-12-09,0.38244014978408813
2008-12-10,0.38785216212272644
2008-12-11,0.35541796684265137
2008-12-12,0.3495911955833435
2008-12-15,0.3088056445121765
2008-12-16,0.35541796684265137
2008-12-17,0.3495911955833435
2008-12-18,0.31657418608665466
2008-12-19,0.33988016843795776
2008-12-22,0.33016934990882874
2008-12-23,0.318516343832016
2008-12-24,0.32434284687042236
2008-12-26,0.33988016843795776
2008-12-29,0.3224007189273834
2008-12-30,0.3359958827495575
2008-12-31,0.351533442735672
2009-01-02,0.3962031304836273
2009-01-05,0.4233938753604889
2009-01-06,0.44669976830482483
2009-01-07,0.436988890171051
2009-01-08,0.450583815574646
2009-01-09,0.4272783696651459
2009-01-12,0.3853803873062134
2009-01-13,0.39526209235191345
2009-01-14,0.3675936460494995
2009-01-15,0.3794516921043396
2009-01-16,0.38142791390419006
2009-01-20,0.3399253785610199
2009-01-21,0.36561742424964905
2009-01-22,0.35968831181526184
2009-01-23,0.35375940799713135
2009-01-26,0.34585410356521606
2009-01-27,0.3478303551673889
2009-01-28,0.3794516921043396
2009-01-29,0.36364084482192993
2009-01-30,0.34585410356521606
2009-02-02,0.35375940799713135
2009-02-03,0.3557356894016266
2009-02-04,0.34980693459510803
2009-02-05,0.3438778817653656
2009-02-06,0.35968831181526184
2009-02-09,0.3675936460494995
2009-02-10,0.34980693459510803
2009-02-11,0.3478303551673889
2009-02-12,0.35146644711494446
2009-02-13,0.32318782806396484
2009-02-17,0.28480926156044006
2009-02-18,0.2787492871284485
2009-02-19,0.26461002230644226
2009-02-20,0.27470946311950684
2009-02-23,0.2423906773328781
2009-02-24,0.2666299641132355
2009-02-25,0.25249043107032776
2009-02-26,0.2625900208950043
2009-02-27,0.250470370054245
2009-03-02,0.2221914678812027
2009-03-03,0.2141115963459015
2009-03-04,0.2141115963459015
2009-03-05,0.19593258202075958
2009-03-06,0.17573334276676178
2009-03-09,0.16967356204986572
2009-03-10,0.18987281620502472
2009-03-11,0.1979525089263916
2009-03-12,0.2143433392047882
2009-03-13,0.21854618191719055
2009-03-16,0.22274892032146454
2009-03-17,0.22064760327339172
2009-03-18,0.24586451053619385
2009-03-19,0.23535767197608948
2009-03-20,0.22064760327339172
2009-03-23,0.2500673532485962
2009-03-24,0.24796588718891144
2009-03-25,0.25216883420944214
2009-03-26,0.26477721333503723
2009-03-27,0.2626758813858032
2009-03-30,0.24376308917999268
2009-03-31,0.2626758813858032
2009-04-01,0.2710813283920288
2009-04-02,0.29629844427108765
2009-04-03,0.31731265783309937
2009-04-06,0.30470412969589233
2009-04-07,0.28369012475013733
2009-04-08,0.2899942100048065
2009-04-09,0.3257182538509369
2009-04-13,0.3339043855667114
2009-04-14,0.3188246190547943
2009-04-15,0.34036681056022644
2009-04-16,0.3532920777797699
2009-04-17,0.35760053992271423
2009-04-20,0.33821263909339905
2009-04-21,0.35544630885124207
2009-04-22,0.3446753919124603
2009-04-23,0.3662176728248596
2009-04-24,0.3899141848087311
2009-04-27,0.3856056034564972
2009-04-28,0.3834511339664459
2009-04-29,0.41361042857170105
2009-04-30,0.4179188907146454
2009-05-01,0.42653557658195496
2009-05-04,0.4523865580558777
2009-05-05,0.4545404314994812
2009-05-06,0.4523865580558777
2009-05-07,0.44592368602752686
2009-05-08,0.4717746376991272
2009-05-11,0.5040872693061829
2009-05-12,0.5019330978393555
2009-05-13,0.3876187205314636
2009-05-14,0.3898085057735443
2009-05-15,0.3744792938232422
2009-05-18,0.39856866002082825
2009-05-19,0.402948260307312
2009-05-20,0.39856866002082825
2009-05-21,0.40075868368148804
2009-05-22,0.39418843388557434
2009-05-26,0.42046812176704407
2009-05-27,0.4051383435726166
2009-05-28,0.4226578176021576
2009-05-29,0.41827768087387085
2009-06-01,0.4314174950122833
2009-06-02,0.4336073100566864
2009-06-03,0.4270375370979309
2009-06-04,0.444557249546051
2009-06-05,0.4533168375492096
2009-06-08,0.43579748272895813
2009-06-09,0.4423672556877136
2009-06-10,0.4467473030090332
2009-06-11,0.44453543424606323
2009-06-12,0.44674748182296753
2009-06-15,0.44011223316192627
2009-06-16,0.4246310889720917
2009-06-17,0.4179959297180176
2009-06-18,0.4224191904067993
2009-06-19,0.4224191904067993
2009-06-22,0.402514785528183
2009-06-23,0.4091496169567108
2009-06-24,0.4179959297180176
2009-06-25,0.4423238933086395
2009-06-26,0.43568921089172363
2009-06-29,0.4334772229194641
2009-06-30,0.42684242129325867
2009-07-01,0.44674748182296753
2009-07-02,0.44011223316192627
2009-07-06,0.4224191904067993
2009-07-07,0.4224191904067993
2009-07-08,0.41578447818756104
2009-07-09,0.41578447818756104
2009-07-10,0.41136133670806885
2009-07-13,0.41583263874053955
2009-07-14,0.42253944277763367
2009-07-15,0.44042474031448364
2009-07-16,0.4448963403701782
2009-07-17,0.4359533488750458
2009-07-20,0.442660391330719
2009-07-21,0.442660391330719
2009-07-22,0.45383909344673157
2009-07-23,0.46725258231163025
2009-07-24,0.47395968437194824
2009-07-27,0.4784308671951294
2009-07-28,0.4829022288322449
2009-07-29,0.4717243015766144
2009-07-30,0.49184513092041016
2009-07-31,0.4963161051273346
2009-08-03,0.5074949264526367
2009-08-04,0.5365579724311829
2009-08-05,0.5477364659309387
2009-08-06,0.5522078275680542
2009-08-07,0.5790358185768127
2009-08-10,0.5656217336654663
2009-08-11,0.5499722361564636
2009-08-12,0.5678573846817017
2009-08-13,0.5723641514778137
2009-08-14,0.5633505582809448
2009-08-17,0.5295491814613342
2009-08-18,0.5408161282539368
2009-08-19,0.5318030118942261
2009-08-20,0.5588436126708984
2009-08-21,0.5746175050735474
2009-08-24,0.5610971450805664
2009-08-25,0.5656039118766785
2009-08-26,0.5813777446746826
2009-08-27,0.5858849287033081
2009-08-28,0.5971518158912659
2009-08-31,0.5971518158912659
2009-09-01,0.5723641514778137
2009-09-02,0.5610971450805664
2009-09-03,0.5678572654724121
2009-09-04,0.5723641514778137
2009-09-08,0.5926445722579956
2009-09-09,0.60616534948349
2009-09-10,0.6286994218826294
2009-09-11,0.6264300346374512
2009-09-14,0.6332387328147888
2009-09-15,0.6536659002304077
2009-09-16,0.6763623356819153
2009-09-17,0.6695533394813538
2009-09-18,0.6695533394813538
2009-09-21,0.6627441048622131
2009-09-22,0.6763623356819153
2009-09-23,0.6627441048622131
2009-09-24,0.6400476098060608
2009-09-25,0.6536659002304077
2009-09-28,0.6627441048622131
2009-09-29,0.6695533394813538
2009-09-30,0.6559354662895203
2009-10-01,0.642317533493042
2009-10-02,0.6286994814872742
2009-10-05,0.6468566656112671
2009-10-06,0.6491263508796692
2009-10-07,0.642317533493042
2009-10-08,0.6491263508796692
2009-10-09,0.6604750156402588
2009-10-12,0.6604750156402588
2009-10-13,0.6559040546417236
2009-10-14,0.6719014644622803
2009-10-15,0.6719014644622803
2009-10-16,0.6559040546417236
2009-10-19,0.6581894159317017
2009-10-20,0.6604748368263245
2009-10-21,0.6444770693778992
2009-10-22,0.651333212852478
2009-10-23,0.6421915292739868
2009-10-26,0.6376209855079651
2009-10-27,0.6330504417419434
2009-10-28,0.5987697839736938
2009-10-29,0.639906108379364
2009-10-30,0.5964840650558472
2009-11-02,0.6010544896125793
2009-11-03,0.6101962327957153
2009-11-04,0.5941988825798035
2009-11-05,0.6010544896125793
2009-11-06,0.5964840650558472
2009-11-09,0.6170527338981628
2009-11-10,0.6124815344810486
2009-11-11,0.6216228604316711
2009-11-12,0.617018461227417
2009-11-13,0.6216232180595398
2009-11-16,0.6377397775650024
2009-11-17,0.6377397775650024
2009-11-18,0.6492511034011841
2009-11-19,0.6400418877601624
2009-11-20,0.6331347823143005
2009-11-23,0.6446463465690613
2009-11-24,0.6331347823143005
2009-11-25,0.6354373693466187
2009-11-27,0.6285303831100464
2009-11-30,0.6446463465690613
2009-12-01,0.6492511034011841
2009-12-02,0.6584601998329163
2009-12-03,0.6561580896377563
2009-12-04,0.6699718832969666
2009-12-07,0.6584601998329163
2009-12-08,0.6676695942878723
2009-12-09,0.6653671860694885
2009-12-10,0.6561580896377563
2009-12-11,0.6654323935508728
2009-12-14,0.672387957572937
2009-12-15,0.6700693368911743
2009-12-16,0.672387957572937
2009-12-17,0.6654323935508728
2009-12-18,0.6747069358825684
2009-12-21,0.6793435215950012
2009-12-22,0.6839806437492371
2009-12-23,0.6978920698165894
2009-12-24,0.7048481106758118
2009-12-28,0.7094850540161133
2009-12-29,0.7164411544799805
2009-12-30,0.7187591195106506
2009-12-31,0.7071664333343506
2010-01-04,0.7118039131164551
2010-01-05,0.7094850540161133
2010-01-06,0.7141220569610596
2010-01-07,0.7280335426330566
2010-01-08,0.7187591195106506
2010-01-11,0.7280335426330566
2010-01-12,0.7141220569610596
2010-01-13,0.7257906794548035
2010-01-14,0.7211235165596008
2010-01-15,0.7187893390655518
2010-01-19,0.7257906794548035
2010-01-20,0.7234573364257812
2010-01-21,0.71645587682724
2010-01-22,0.70011967420578
2010-01-25,0.70011967420578
2010-01-26,0.70011967420578
2010-01-27,0.6977861523628235
2010-01-28,0.70011967420578
2010-01-29,0.6884508728981018
2010-02-01,0.6977861523628235
2010-02-02,0.7024534940719604
2010-02-03,0.6907845139503479
2010-02-04,0.6791164875030518
2010-02-05,0.6814497113227844
2010-02-08,0.6697810888290405
2010-02-09,0.6697810888290405
2010-02-10,0.6697810888290405
2010-02-11,0.6768319606781006
2010-02-12,0.6768319606781006
2010-02-16,0.7003328204154968
2010-02-17,0.6979830265045166
2010-02-18,0.7026828527450562
2010-02-19,0.709732711315155
2010-02-22,0.7144333124160767
2010-02-23,0.7167835235595703
2010-02-24,0.7214833498001099
2010-02-25,0.7261834144592285
2010-02-26,0.7285335063934326
2010-03-01,0.7449849843978882
2010-03-02,0.7449849843978882
2010-03-03,0.7496848702430725
2010-03-04,0.7543850541114807
2010-03-05,0.7567355632781982
2010-03-08,0.7684861421585083
2010-03-09,0.7802364826202393
2010-03-10,0.7802364826202393
2010-03-11,0.7778719663619995
2010-03-12,0.7849655151367188
2010-03-15,0.787329912185669
2010-03-16,0.7991515398025513
2010-03-17,0.8180661201477051
2010-03-18,0.8204303979873657
2010-03-19,0.8086084723472595
2010-03-22,0.8204303979873657
2010-03-23,0.8157017827033997
2010-03-24,0.8227942585945129
2010-03-25,0.8204303979873657
2010-03-26,0.8204303979873657
2010-03-29,0.8275235295295715
2010-03-30,0.8227942585945129
2010-03-31,0.813338041305542
2010-04-01,0.8180661201477051
2010-04-05,0.8322524428367615
2010-04-06,0.8440738320350647
2010-04-07,0.8369812965393066
2010-04-08,0.8322524428367615
2010-04-09,0.8511669039726257
2010-04-12,0.8440738320350647
2010-04-13,0.8535848259925842
2010-04-14,0.8559622764587402
2010-04-15,0.8464520573616028
2010-04-16,0.8250525593757629
2010-04-19,0.8250525593757629
2010-04-20,0.8321861624717712
2010-04-21,0.8464520573616028
2010-04-22,0.8607176542282104
2010-04-23,0.8749833703041077
2010-04-26,0.8797392845153809
2010-04-27,0.8488293886184692
2010-04-28,0.8535848259925842
2010-04-29,0.8892496228218079
2010-04-30,0.8630957007408142
2010-05-03,0.8916274905204773
2010-05-04,0.8702281713485718
2010-05-05,0.8630957007408142
2010-05-06,0.8298081159591675
2010-05-07,0.806031346321106
2010-05-10,0.8654724955558777
2010-05-11,0.8726063966751099
2010-05-12,0.8844945430755615
2010-05-13,0.8797131776809692
2010-05-14,0.853417694568634
2010-05-17,0.8653702139854431
2010-05-18,0.8438562750816345
2010-05-19,0.8295122981071472
2010-05-20,0.786483645439148
2010-05-21,0.8056070804595947
2010-05-24,0.8008263111114502
2010-05-25,0.7960454821586609
2010-05-26,0.8056070804595947
2010-05-27,0.8462463617324829
2010-05-28,0.8390744924545288
2010-06-01,0.8127795457839966
2010-06-02,0.8295122981071472
2010-06-03,0.8319024443626404
2010-06-04,0.7936549782752991
2010-06-07,0.8008263111114502
2010-06-08,0.8056070804595947
2010-06-09,0.8127795457839966
2010-06-10,0.8462463617324829
2010-06-11,0.8486509323120117
2010-06-14,0.8534586429595947
2010-06-15,0.8750947117805481
2010-06-16,0.8654793500900269
2010-06-17,0.8630754947662354
2010-06-18,0.8558630347251892
2010-06-21,0.8558630347251892
2010-06-22,0.8318222165107727
2010-06-23,0.8342253565788269
2010-06-24,0.8173975348472595
2010-06-25,0.8462461233139038
2010-06-28,0.8414374589920044
2010-06-29,0.8173975348472595
2010-06-30,0.8029718399047852
2010-07-01,0.8101847767829895
2010-07-02,0.7957598567008972
2010-07-06,0.7885475158691406
2010-07-07,0.8198009729385376
2010-07-08,0.8222046494483948
2010-07-09,0.8390340209007263
2010-07-12,0.8029718399047852
2010-07-13,0.8102281093597412
2010-07-14,0.8005537390708923
2010-07-15,0.7981347441673279
2010-07-16,0.788460373878479
2010-07-19,0.7957169413566589
2010-07-20,0.8005537390708923
2010-07-21,0.7957169413566589
2010-07-22,0.8174837827682495
2010-07-23,0.829576849937439
2010-07-26,0.8440885543823242
2010-07-27,0.8368327021598816
2010-07-28,0.8440885543823242
2010-07-29,0.8368327021598816
2010-07-30,0.8392507433891296
2010-08-02,0.8634371757507324
2010-08-03,0.853763222694397
2010-08-04,0.8513439297676086
2010-08-05,0.8513439297676086
2010-08-06,0.8489258289337158
2010-08-09,0.8610184788703918
2010-08-10,0.8561819791793823
2010-08-11,0.8513439297676086
2010-08-12,0.8416149020195007
2010-08-13,0.8391822576522827
2010-08-16,0.8367495536804199
2010-08-17,0.85134357213974
2010-08-18,0.8659388422966003
2010-08-19,0.8537771105766296
2010-08-20,0.8537771105766296
2010-08-23,0.85134357213974
2010-08-24,0.85134357213974
2010-08-25,0.858641505241394
2010-08-26,0.8464791178703308
2010-08-27,0.858641505241394
2010-08-30,0.85134357213974
2010-08-31,0.858641505241394
2010-09-01,0.8781006932258606
2010-09-02,0.8878302574157715
2010-09-03,0.8999921679496765
2010-09-07,0.8902627825737
2010-09-08,0.8902627825737
2010-09-09,0.8926953077316284
2010-09-10,0.8878302574157715
2010-09-13,0.8976137638092041
2010-09-14,0.9025049805641174
2010-09-15,0.9073968529701233
2010-09-16,0.9073968529701233
2010-09-17,0.9049508571624756
2010-09-20,0.9269636273384094
2010-09-21,0.9220718145370483
2010-09-22,0.900059700012207
2010-09-23,0.8829384446144104
2010-09-24,0.9049508571624756
2010-09-27,0.9025049805641174
2010-09-28,0.8951674103736877
2010-09-29,0.8976137638092041
2010-09-30,0.8951674103736877
2010-10-01,0.9049508571624756
2010-10-04,0.9098423719406128
2010-10-05,0.9220718145370483
2010-10-06,0.9147340655326843
2010-10-07,0.9171799421310425
2010-10-08,0.9220718145370483
2010-10-11,0.9196258187294006
2010-10-12,0.9220718145370483
2010-10-13,0.9294478893280029
2010-10-14,0.9343664646148682
2010-10-15,0.9245307445526123
2010-10-18,0.9319072365760803
2010-10-19,0.9269890785217285
2010-10-20,0.941742479801178
2010-10-21,0.941742479801178
2010-10-22,0.9491187334060669
2010-10-25,0.9515777826309204
2010-10-26,0.9466604590415955
2010-10-27,0.939283013343811
2010-10-28,0.9515777826309204
2010-10-29,0.9540364146232605
2010-11-01,0.9540364146232605
2010-11-02,0.9589542746543884
2010-11-03,0.956495463848114
2010-11-04,0.9810841679573059
2010-11-05,0.9835434556007385
2010-11-08,0.9835434556007385
2010-11-09,0.9614130258560181
2010-11-10,0.9638847708702087
2010-11-11,0.9614129066467285
2010-11-12,0.9589417576789856
2010-11-15,0.9490554332733154
2010-11-16,0.9268118739128113
2010-11-17,0.9342271685600281
2010-11-18,0.9416409730911255
2010-11-19,0.9515277743339539
2010-11-22,0.9490554332733154
2010-11-23,0.9465842843055725
2010-11-24,0.9515277743339539
2010-11-26,0.9589417576789856
2010-11-29,0.9564704895019531
2010-11-30,0.9589417576789856
2010-12-01,0.9589417576789856
2010-12-02,0.9762420654296875
2010-12-03,0.9787142276763916
2010-12-06,0.9762420654296875
2010-12-07,0.9811854958534241
2010-12-08,0.9614129066467285
2010-12-09,0.9490554332733154
2010-12-10,0.9614129066467285
2010-12-13,0.9539604187011719
2010-12-14,0.9440237879753113
2010-12-15,0.9291173219680786
2010-12-16,0.9365705847740173
2010-12-17,0.9390549659729004
2010-12-20,0.9539604187011719
2010-12-21,0.9614129066467285
2010-12-22,0.9614129066467285
2010-12-23,0.9614129066467285
2010-12-27,0.9738343358039856
2010-12-28,0.9763185381889343
2010-12-29,0.9788034558296204
2010-12-30,0.9887399077415466
2010-12-31,0.991224467754364
2011-01-03,1.006130576133728
2011-01-04,0.9937092661857605
2011-01-05,0.991224467754364
2011-01-06,0.9887399077415466
2011-01-07,0.9887399077415466
2011-01-10,0.9887399077415466
2011-01-11,0.9887399077415466
2011-01-12,0.991224467754364
2011-01-13,0.9962180256843567
2011-01-14,1.0037081241607666
2011-01-18,1.0037081241607666
2011-01-19,1.0012116432189941
2011-01-20,0.9862312078475952
2011-01-21,0.983733594417572
2011-01-24,0.983733594417572
2011-01-25,0.9862312078475952
2011-01-26,0.9962180256843567
2011-01-27,1.0037081241607666
2011-01-28,0.9912251830101013
2011-01-31,1.0037081241607666
2011-02-01,1.0062060356140137
2011-02-02,1.0087026357650757
2011-02-03,1.0037081241607666
2011-02-04,0.9987150430679321
2011-02-07,1.0037081241607666
2011-02-08,1.0087026357650757
2011-02-09,1.011198878288269
2011-02-10,1.011198878288269
2011-02-11,1.0262538194656372
2011-02-14,1.0262538194656372
2011-02-15,1.0237447023391724
2011-02-16,1.0262538194656372
2011-02-17,1.0312721729278564
2011-02-18,1.0362905263900757
2011-02-22,1.0237447023391724
2011-02-23,1.0187265872955322
2011-02-24,1.0187265872955322
2011-02-25,1.0362905263900757
2011-02-28,1.0538551807403564
2011-03-01,1.0337817668914795
2011-03-02,1.0262538194656372
2011-03-03,1.0337817668914795
2011-03-04,1.0262538194656372
2011-03-07,1.0187265872955322
2011-03-08,1.0337817668914795
2011-03-09,1.0362905263900757
2011-03-10,1.0287632942199707
2011-03-11,1.0413706302642822
2011-03-14,1.0338062047958374
2011-03-15,1.0161552429199219
2011-03-16,1.0060698986053467
2011-03-17,1.0085910558700562
2011-03-18,1.013634204864502
2011-03-21,1.0312849283218384
2011-03-22,1.0211979150772095
2011-03-23,1.0186773538589478
2011-03-24,1.0161552429199219
2011-03-25,1.0262420177459717
2011-03-28,1.0211979150772095
2011-03-29,1.0287630558013916
2011-03-30,1.0338062047958374
2011-03-31,1.0413706302642822
2011-04-01,1.046413779258728
2011-04-04,1.0489357709884644
2011-04-05,1.0539783239364624
2011-04-06,1.046413779258728
2011-04-07,1.0489357709884644
2011-04-08,1.0363272428512573
2011-04-11,1.0338062047958374
2011-04-12,1.0338062047958374
2011-04-13,1.0338059663772583
2011-04-14,1.0439412593841553
2011-04-15,1.054076910018921
2011-04-18,1.0692799091339111
2011-04-19,1.0642129182815552
2011-04-20,1.0743478536605835
2011-04-21,1.0819486379623413
2011-04-25,1.0870167016983032
2011-04-26,1.0971519947052002
2011-04-27,1.1047539710998535
2011-04-28,1.114888310432434
2011-04-29,1.1199572086334229
2011-05-02,1.1072876453399658
2011-05-03,1.1047539710998535
2011-05-04,1.0920852422714233
2011-05-05,1.0996860265731812
2011-05-06,1.0946186780929565
2011-05-09,1.0996860265731812
2011-05-10,1.114888310432434
2011-05-11,1.1072876453399658
2011-05-12,1.1021960973739624
2011-05-13,1.099651575088501
2011-05-16,1.099651575088501
2011-05-17,1.092014193534851
2011-05-18,1.1072872877120972
2011-05-19,1.1072872877120972
2011-05-20,1.092014193534851
2011-05-23,1.0945600271224976
2011-05-24,1.0971062183380127
2011-05-25,1.0971062183380127
2011-05-26,1.1072872877120972
2011-05-27,1.112378478050232
2011-05-31,1.1301970481872559
2011-06-01,1.112378478050232
2011-06-02,1.1072872877120972
2011-06-03,1.1047418117523193
2011-06-06,1.084377646446228
2011-06-07,1.099651575088501
2011-06-08,1.0869231224060059
2011-06-09,1.084377646446228
2011-06-10,1.0461955070495605
2011-06-13,1.0461962223052979
2011-06-14,1.0615438222885132
2011-06-15,1.0410802364349365
2011-06-16,1.053869605064392
2011-06-17,1.0641015768051147
2011-06-20,1.0768907070159912
2011-06-21,1.0896801948547363
2011-06-22,1.0947961807250977
2011-06-23,1.0820072889328003
2011-06-24,1.0768907070159912
2011-06-27,1.0641015768051147
2011-06-28,1.0820072889328003
2011-06-29,1.0947961807250977
2011-06-30,1.099912166595459
2011-07-01,1.1152602434158325
2011-07-05,1.1178178787231445
2011-07-06,1.1229333877563477
2011-07-07,1.13572359085083
2011-07-08,1.13572359085083
2011-07-11,1.1254916191101074
2011-07-12,1.1280492544174194
2011-07-13,1.1177711486816406
2011-07-14,1.112631916999817
2011-07-15,1.1306195259094238
2011-07-18,1.107493281364441
2011-07-19,1.1203404664993286
2011-07-20,1.1306195259094238
2011-07-21,1.140897274017334
2011-07-22,1.1306195259094238
2011-07-25,1.1177711486816406
2011-07-26,1.1229102611541748
2011-07-27,1.0895061492919922
2011-07-28,1.0817979574203491
2011-07-29,1.0689488649368286
2011-08-01,1.0715181827545166
2011-08-02,1.0406838655471802
2011-08-03,1.0483932495117188
2011-08-04,0.9918611645698547
2011-08-05,0.9687350392341614
2011-08-08,0.8531034588813782
2011-08-09,0.9044954776763916
2011-08-10,0.89935702085495
2011-08-11,0.9484595656394958
2011-08-12,0.9639647603034973
2011-08-15,1.0027309656143188
2011-08-16,1.0053155422210693
2011-08-17,1.0078983306884766
2011-08-18,0.9665494561195374
2011-08-19,0.9510429501533508
2011-08-22,0.9484595656394958
2011-08-23,0.9613809585571289
2011-08-24,0.9717186689376831
2011-08-25,0.9613809585571289
2011-08-26,0.9665494561195374
2011-08-29,1.0053155422210693
2011-08-30,1.0053155422210693
2011-08-31,1.0208210945129395
2011-09-01,1.0053155422210693
2011-09-02,0.9794712066650391
2011-09-06,0.9846399426460266
2011-09-07,1.0053155422210693
2011-09-08,0.9923925995826721
2011-09-09,0.9691337943077087
2011-09-12,0.9691337943077087
2011-09-13,0.9717317819595337
2011-09-14,0.984722912311554
2011-09-15,0.9925175905227661
2011-09-16,0.9899194240570068
2011-09-19,0.9795268774032593
2011-09-20,0.982124924659729
2011-09-21,0.9353573322296143
2011-09-22,0.9093751907348633
2011-09-23,0.9249637722969055
2011-09-26,0.9301608204841614
2011-09-27,0.9379551410675049
2011-09-28,0.9145716428756714
2011-09-29,0.9327592253684998
2011-09-30,0.9145716428756714
2011-10-03,0.8755983114242554
2011-10-04,0.8704017400741577
2011-10-05,0.8704017400741577
2011-10-06,0.9015806317329407
2011-10-07,0.8833927512168884
2011-10-10,0.9145716428756714
2011-10-11,0.9041788578033447
2011-10-12,0.9197677969932556
2011-10-13,0.9119293689727783
2011-10-14,0.9380588531494141
2011-10-17,0.9197679758071899
2011-10-18,0.9537362456321716
2011-10-19,0.9511232376098633
2011-10-20,0.9511232376098633
2011-10-21,0.9850921630859375
2011-10-24,1.0033828020095825
2011-10-25,0.9929314255714417
2011-10-26,0.9929314255714417
2011-10-27,1.0164482593536377
2011-10-28,1.0268996953964233
2011-10-31,1.0138356685638428
2011-11-01,0.9903178215026855
2011-11-02,1.0059961080551147
2011-11-03,1.011222243309021
2011-11-04,1.0059961080551147
2011-11-07,1.000770092010498
2011-11-08,1.0138356685638428
2011-11-09,0.9772530794143677
2011-11-10,0.9798803329467773
2011-11-11,1.006150484085083
2011-11-14,0.9877621531486511
2011-11-15,0.9982700347900391
2011-11-16,0.9903883337974548
2011-11-17,0.9719991683959961
2011-11-18,0.9746267795562744
2011-11-21,0.9536100625991821
2011-11-22,0.9536100625991821
2011-11-23,0.9273402094841003
2011-11-25,0.9352205991744995
2011-11-28,0.9457293152809143
2011-11-29,0.9457293152809143
2011-11-30,0.9772533774375916
2011-12-01,0.9641187191009521
2011-12-02,0.9588637948036194
2011-12-05,0.9719991683959961
2011-12-06,0.9667447805404663
2011-12-07,0.9667447805404663
2011-12-08,0.9562369585037231
2011-12-09,0.9588637948036194
2011-12-12,0.9431023597717285
2011-12-13,0.9378191828727722
2011-12-14,0.9404601454734802
2011-12-15,0.9483858346939087
2011-12-16,0.945744514465332
2011-12-19,0.9325356483459473
2011-12-20,0.9589526057243347
2011-12-21,0.9563111066818237
2011-12-22,0.9642355442047119
2011-12-23,0.9721605181694031
2011-12-27,0.9880113005638123
2011-12-28,0.9721605181694031
2011-12-29,0.9800869226455688
2011-12-30,0.9906535744667053
2012-01-03,0.9853699207305908
2012-01-04,0.9827284812927246
2012-01-05,0.9932957887649536
2012-01-06,1.0012202262878418
2012-01-09,1.0091451406478882
2012-01-10,1.022354245185852
2012-01-11,1.0302788019180298
2012-01-12,1.0223137140274048
2012-01-13,1.0170032978057861
2012-01-17,1.0223137140274048
2012-01-18,1.0302789211273193
2012-01-19,1.032934546470642
2012-01-20,1.038245439529419
2012-01-23,1.0515223741531372
2012-01-24,1.0594878196716309
2012-01-25,1.0594878196716309
2012-01-26,1.0594878196716309
2012-01-27,1.0674543380737305
2012-01-30,1.064799427986145
2012-01-31,1.0727652311325073
2012-02-01,1.0860422849655151
2012-02-02,1.094008207321167
2012-02-03,1.1019738912582397
2012-02-06,1.1019738912582397
2012-02-07,1.1019738912582397
2012-02-08,1.1046291589736938
2012-02-09,1.096663475036621
2012-02-10,1.0886973142623901
2012-02-13,1.0940344333648682
2012-02-14,1.0886973142623901
2012-02-15,1.0913658142089844
2012-02-16,1.1020392179489136
2012-02-17,1.1020392179489136
2012-02-21,1.0993709564208984
2012-02-22,1.0913658142089844
2012-02-23,1.0993709564208984
2012-02-24,1.0967028141021729
2012-02-27,1.1020392179489136
2012-02-28,1.0967028141021729
2012-02-29,1.1047075986862183
2012-03-01,1.1100443601608276
2012-03-02,1.1073757410049438
2012-03-05,1.1127125024795532
2012-03-06,1.0913658142089844
2012-03-07,1.0967028141021729
2012-03-08,1.1073757410049438
2012-03-09,1.1073757410049438
2012-03-12,1.1127125024795532
2012-03-13,1.128800868988037
2012-03-14,1.12075674533844
2012-03-15,1.1180757284164429
2012-03-16,1.1234376430511475
2012-03-19,1.1234376430511475
2012-03-20,1.1180757284164429
2012-03-21,1.1234376430511475
2012-03-22,1.1153937578201294
2012-03-23,1.1261191368103027
2012-03-26,1.1234376430511475
2012-03-27,1.1261191368103027
2012-03-28,1.1314812898635864
2012-03-29,1.128800868988037
2012-03-30,1.1475684642791748
2012-04-02,1.150249719619751
2012-04-03,1.1422061920166016
2012-04-04,1.128800868988037
2012-04-05,1.1261191368103027
2012-04-09,1.1261191368103027
2012-04-10,1.1127125024795532
2012-04-11,1.1261191368103027
2012-04-12,1.1288141012191772
2012-04-13,1.1288141012191772
2012-04-16,1.1395900249481201
2012-04-17,1.144978642463684
2012-04-18,1.144978642463684
2012-04-19,1.1395900249481201
2012-04-20,1.150365948677063
2012-04-23,1.1476719379425049
2012-04-24,1.1530601978302002
2012-04-25,1.1692243814468384
2012-04-26,1.1773061752319336
2012-04-27,1.1853886842727661
2012-04-30,1.1853886842727661
2012-05-01,1.1907769441604614
2012-05-02,1.1826938390731812
2012-05-03,1.1746128797531128
2012-05-04,1.1638365983963013
2012-05-07,1.1719183921813965
2012-05-08,1.1692243814468384
2012-05-09,1.1665303707122803
2012-05-10,1.1746128797531128
2012-05-11,1.1691986322402954
2012-05-14,1.1664928197860718
2012-05-15,1.1583731174468994
2012-05-16,1.142134189605713
2012-05-17,1.1204825639724731
2012-05-18,1.1042436361312866
2012-05-21,1.1096564531326294
2012-05-22,1.1150697469711304
2012-05-23,1.1204825639724731
2012-05-24,1.128602147102356
2012-05-25,1.1367216110229492
2012-05-29,1.1448413133621216
2012-05-30,1.123189091682434
2012-05-31,1.1204825639724731
2012-06-01,1.1042436361312866
2012-06-04,1.0934182405471802
2012-06-05,1.1042436361312866
2012-06-06,1.123189091682434
2012-06-07,1.128602147102356
2012-06-08,1.1340157985687256
2012-06-11,1.123189091682434
2012-06-12,1.1340157985687256
2012-06-13,1.1340157985687256
2012-06-14,1.139453649520874
2012-06-15,1.1421736478805542
2012-06-18,1.1421736478805542
2012-06-19,1.1476131677627563
2012-06-20,1.1530513763427734
2012-06-21,1.1448934078216553
2012-06-22,1.1530513763427734
2012-06-25,1.1448934078216553
2012-06-26,1.161210060119629
2012-06-27,1.1775264739990234
2012-06-28,1.1802456378936768
2012-06-29,1.1992818117141724
2012-07-02,1.2101600170135498
2012-07-03,1.2237571477890015
2012-07-05,1.2373547554016113
2012-07-06,1.2427942752838135
2012-07-09,1.2455129623413086
2012-07-10,1.2427942752838135
2012-07-11,1.2237571477890015
2012-07-12,1.223757266998291
2012-07-13,1.2374149560928345
2012-07-16,1.2428784370422363
2012-07-17,1.2565371990203857
2012-07-18,1.2538050413131714
2012-07-19,1.2538050413131714
2012-07-20,1.2592679262161255
2012-07-23,1.2538050413131714
2012-07-24,1.2592679262161255
2012-07-25,1.2592679262161255
2012-07-26,1.2674635648727417
2012-07-27,1.2729265689849854
2012-07-30,1.2893157005310059
2012-07-31,1.2893157005310059
2012-08-01,1.308437466621399
2012-08-02,1.302973985671997
2012-08-03,1.3275587558746338
2012-08-06,1.308437466621399
2012-08-07,1.3002415895462036
2012-08-08,1.2920476198196411
2012-08-09,1.2893157005310059
2012-08-10,1.2865841388702393
2012-08-13,1.2948143482208252
2012-08-14,1.2920711040496826
2012-08-15,1.2838406562805176
2012-08-16,1.2920711040496826
2012-08-17,1.286583662033081
2012-08-20,1.2893270254135132
2012-08-21,1.2893270254135132
2012-08-22,1.2893270254135132
2012-08-23,1.2920711040496826
2012-08-24,1.2948143482208252
2012-08-27,1.2948143482208252
2012-08-28,1.2975574731826782
2012-08-29,1.3030431270599365
2012-08-30,1.3057867288589478
2012-08-31,1.3195034265518188
2012-09-04,1.3167601823806763
2012-09-05,1.3167601823806763
2012-09-06,1.3140162229537964
2012-09-07,1.3222464323043823
2012-09-10,1.3222464323043823
2012-09-11,1.3222464323043823
2012-09-12,1.3222464323043823
2012-09-13,1.3250010013580322
2012-09-14,1.3360203504562378
2012-09-17,1.3332645893096924
2012-09-18,1.3222464323043823
2012-09-19,1.3250010013580322
2012-09-20,1.3194918632507324
2012-09-21,1.3222464323043823
2012-09-24,1.3250010013580322
2012-09-25,1.2974538803100586
2012-09-26,1.3057185411453247
2012-09-27,1.3084731101989746
2012-09-28,1.3002090454101562
2012-10-01,1.2947001457214355
2012-10-02,1.3057185411453247
2012-10-03,1.3029634952545166
2012-10-04,1.3057185411453247
2012-10-05,1.3084731101989746
2012-10-08,1.311227798461914
2012-10-09,1.3084731101989746
2012-10-10,1.3002090454101562
2012-10-11,1.3002092838287354
2012-10-12,1.2946761846542358
2012-10-15,1.3112750053405762
2012-10-16,1.3168069124221802
2012-10-17,1.305741786956787
2012-10-18,1.3140416145324707
2012-10-19,1.3140416145324707
2012-10-22,1.305741786956787
2012-10-23,1.289143443107605
2012-10-24,1.278077483177185
2012-10-25,1.2753115892410278
2012-10-26,1.2725447416305542
2012-10-31,1.2642459869384766
2012-11-01,1.3002092838287354
2012-11-02,1.2946761846542358
2012-11-05,1.278077483177185
2012-11-06,1.2974426746368408
2012-11-07,1.2753115892410278
2012-11-08,1.2642459869384766
2012-11-09,1.2642459869384766
2012-11-12,1.2559471130371094
2012-11-13,1.2392747402191162
2012-11-14,1.1920377016067505
2012-11-15,1.1725866794586182
2012-11-16,1.2087095975875854
2012-11-19,1.2309387922286987
2012-11-20,1.2448320388793945
2012-11-21,1.2448320388793945
2012-11-23,1.2642822265625
2012-11-26,1.2531673908233643
2012-11-27,1.2642822265625
2012-11-28,1.2698402404785156
2012-11-29,1.2781755924224854
2012-11-30,1.2781755924224854
2012-12-03,1.2809544801712036
2012-12-04,1.2670602798461914
2012-12-05,1.2587249279022217
2012-12-06,1.2726188898086548
2012-12-07,1.2670602798461914
2012-12-10,1.2670602798461914
2012-12-11,1.2809544801712036
2012-12-12,1.2698402404785156
2012-12-13,1.2614673376083374
2012-12-14,1.264257788658142
2012-12-17,1.255885124206543
2012-12-18,1.264257788658142
2012-12-19,1.2698400020599365
2012-12-20,1.2698400020599365
2012-12-21,1.2698400020599365
2012-12-24,1.2670485973358154
2012-12-26,1.2586760520935059
2012-12-27,1.2670485973358154
2012-12-28,1.2698400020599365
2012-12-31,1.2810027599334717
2013-01-02,1.3061200380325317
2013-01-03,1.308911681175232
2013-01-04,1.3172847032546997
2013-01-07,1.3200749158859253
2013-01-08,1.3256564140319824
2013-01-09,1.3396110534667969
2013-01-10,1.3312392234802246
2013-01-11,1.3452517986297607
2013-01-14,1.3284358978271484
2013-01-15,1.3452517986297607
2013-01-16,1.3424488306045532
2013-01-17,1.34805428981781
2013-01-18,1.3536592721939087
2013-01-22,1.3620673418045044
2013-01-23,1.378882646560669
2013-01-24,1.3704748153686523
2013-01-25,1.378882646560669
2013-01-28,1.378882646560669
2013-01-29,1.3816863298416138
2013-01-30,1.3872904777526855
2013-01-31,1.378882646560669
2013-02-01,1.3844879865646362
2013-02-04,1.390093207359314
2013-02-05,1.3872904777526855
2013-02-06,1.3872904777526855
2013-02-07,1.390093207359314
2013-02-08,1.3872904777526855
2013-02-11,1.3816863298416138
2013-02-12,1.3928956985473633
2013-02-13,1.3985230922698975
2013-02-14,1.4041507244110107
2013-02-15,1.3985230922698975
2013-02-19,1.4013375043869019
2013-02-20,1.3957096338272095
2013-02-21,1.3844541311264038
2013-02-22,1.4013375043869019
2013-02-25,1.381640076637268
2013-02-26,1.392896056175232
2013-02-27,1.3985230922698975
2013-02-28,1.4069664478302002
2013-03-01,1.4125933647155762
2013-03-04,1.4210355281829834
2013-03-05,1.423849105834961
2013-03-06,1.4125933647155762
2013-03-07,1.415407419204712
2013-03-08,1.4069664478302002
2013-03-11,1.4069664478302002
2013-03-12,1.4097789525985718
2013-03-13,1.4239057302474976
2013-03-14,1.4239057302474976
2013-03-15,1.4267312288284302
2013-03-18,1.421080231666565
2013-03-19,1.421080231666565
2013-03-20,1.4295562505722046
2013-03-21,1.4295562505722046
2013-03-22,1.432381272315979
2013-03-25,1.4267312288284302
2013-03-26,1.4493327140808105
2013-03-27,1.4493327140808105
2013-03-28,1.4578087329864502
2013-04-01,1.4662835597991943
2013-04-02,1.4747589826583862
2013-04-03,1.4578087329864502
2013-04-04,1.4578087329864502
2013-04-05,1.4691084623336792
2013-04-08,1.4662835597991943
2013-04-09,1.4860596656799316
2013-04-10,1.4917106628417969
2013-04-11,1.5058900117874146
2013-04-12,1.5030544996261597
2013-04-15,1.4746946096420288
2013-04-16,1.4945471286773682
2013-04-17,1.4860389232635498
2013-04-18,1.4832031726837158
2013-04-19,1.4917100667953491
2013-04-22,1.4917100667953491
2013-04-23,1.5030544996261597
2013-04-24,1.5087264776229858
2013-04-25,1.5087264776229858
2013-04-26,1.5087264776229858
2013-04-29,1.517234206199646
2013-04-30,1.531414270401001
2013-05-01,1.5342497825622559
2013-05-02,1.537086009979248
2013-05-03,1.5427579879760742
2013-05-06,1.5541014671325684
2013-05-07,1.5597745180130005
2013-05-08,1.5654455423355103
2013-05-09,1.5512652397155762
2013-05-10,1.54559326171875
2013-05-13,1.5569790601730347
2013-05-14,1.5683648586273193
2013-05-15,1.5769050121307373
2013-05-16,1.579749584197998
2013-05-17,1.5939826965332031
2013-05-20,1.591135859489441
2013-05-21,1.5939826965332031
2013-05-22,1.571211338043213
2013-05-23,1.5484403371810913
2013-05-24,1.5313624143600464
2013-05-28,1.5199756622314453
2013-05-29,1.4943588972091675
2013-05-30,1.480126142501831
2013-05-31,1.443123459815979
2013-06-03,1.4203516244888306
2013-06-04,1.4175059795379639
2013-06-05,1.4004276990890503
2013-06-06,1.4203516244888306
2013-06-07,1.4203516244888306
2013-06-10,1.411812424659729
2013-06-11,1.386196494102478
2013-06-12,1.3719635009765625
2013-06-13,1.389112949371338
2013-06-14,1.3976881504058838
2013-06-17,1.4034045934677124
2013-06-18,1.4091212749481201
2013-06-19,1.3719632625579834
2013-06-20,1.3033654689788818
2013-06-21,1.3262310028076172
2013-06-24,1.2862155437469482
2013-06-25,1.3033654689788818
2013-06-26,1.3405224084854126
2013-06-27,1.3691058158874512
2013-06-28,1.3776800632476807
2013-07-01,1.3862555027008057
2013-07-02,1.3948298692703247
2013-07-03,1.3776800632476807
2013-07-05,1.3805387020111084
2013-07-08,1.3605313301086426
2013-07-09,1.3691058158874512
2013-07-10,1.3662465810775757
2013-07-11,1.392080307006836
2013-07-12,1.4006905555725098
2013-07-15,1.4064308404922485
2013-07-16,1.4064308404922485
2013-07-17,1.4121711254119873
2013-07-18,1.4265222549438477
2013-07-19,1.4207823276519775
2013-07-22,1.4179120063781738
2013-07-23,1.4265222549438477
2013-07-24,1.4093009233474731
2013-07-25,1.403560757637024
2013-07-26,1.394949197769165
2013-07-29,1.3892093896865845
2013-07-30,1.3834686279296875
2013-07-31,1.366247534751892
2013-08-01,1.3518959283828735
2013-08-02,1.3432848453521729
2013-08-05,1.331803560256958
2013-08-06,1.331803560256958
2013-08-07,1.331803560256958
2013-08-08,1.3375449180603027
2013-08-09,1.3375449180603027
2013-08-12,1.3231927156448364
2013-08-13,1.311661958694458
2013-08-14,1.3030140399932861
2013-08-15,1.2857160568237305
2013-08-16,1.2626538276672363
2013-08-19,1.2251793146133423
2013-08-20,1.242475152015686
2013-08-21,1.2511236667633057
2013-08-22,1.2511236667633057
2013-08-23,1.268420696258545
2013-08-26,1.2741862535476685
2013-08-27,1.268420696258545
2013-08-28,1.2626538276672363
2013-08-29,1.2568893432617188
2013-08-30,1.259771466255188
2013-09-03,1.2453583478927612
2013-09-04,1.2511236667633057
2013-09-05,1.24824059009552
2013-09-06,1.2626538276672363
2013-09-09,1.271303415298462
2013-09-10,1.2741862535476685
2013-09-11,1.271303415298462
2013-09-12,1.2626155614852905
2013-09-13,1.271303415298462
2013-09-16,1.2770954370498657
2013-09-17,1.288678765296936
2013-09-18,1.3350127935409546
2013-09-19,1.3379085063934326
2013-09-20,1.329221248626709
2013-09-23,1.323428750038147
2013-09-24,1.3089503049850464
2013-09-25,1.3118458986282349
2013-09-26,1.3147428035736084
2013-09-27,1.3147428035736084
2013-09-30,1.3089503049850464
2013-10-01,1.323428750038147
2013-10-02,1.3350127935409546
2013-10-03,1.3176378011703491
2013-10-04,1.3031578063964844
2013-10-07,1.3002616167068481
2013-10-08,1.288678765296936
2013-10-09,1.2828867435455322
2013-10-10,1.3090680837631226
2013-10-11,1.3177953958511353
2013-10-14,1.3148865699768066
2013-10-15,1.3090680837631226
2013-10-16,1.3294306993484497
2013-10-17,1.3468855619430542
2013-10-18,1.3527040481567383
2013-10-21,1.355613112449646
2013-10-22,1.3643391132354736
2013-10-23,1.355613112449646
2013-10-24,1.3585213422775269
2013-10-25,1.3730672597885132
2013-10-28,1.3788855075836182
2013-10-29,1.3788855075836182
2013-10-30,1.375976800918579
2013-10-31,1.3701586723327637
2013-11-01,1.367248773574829
2013-11-04,1.3643391132354736
2013-11-05,1.355613112449646
2013-11-06,1.3410673141479492
2013-11-07,1.3236132860183716
2013-11-08,1.3119771480560303
2013-11-11,1.3003408908843994
2013-11-12,1.2974313497543335
2013-11-13,1.3032760620117188
2013-11-14,1.3061983585357666
2013-11-15,1.309119462966919
2013-11-18,1.309119462966919
2013-11-19,1.3032760620117188
2013-11-20,1.2915879487991333
2013-11-21,1.3003536462783813
2013-11-22,1.2974313497543335
2013-11-25,1.2915879487991333
2013-11-26,1.2886664867401123
2013-11-27,1.309119462966919
2013-11-29,1.2915879487991333
2013-12-02,1.2711323499679565
2013-12-03,1.2711323499679565
2013-12-04,1.2623664140701294
2013-12-05,1.2682104110717773
2013-12-06,1.2740548849105835
2013-12-09,1.2682104110717773
2013-12-10,1.2740548849105835
2013-12-11,1.26528799533844
2013-12-12,1.250609278678894
2013-12-13,1.2564808130264282
2013-12-16,1.2564808130264282
2013-12-17,1.2564808130264282
2013-12-18,1.2740956544876099
2013-12-19,1.2711595296859741
2013-12-20,1.2711595296859741
2013-12-23,1.2799670696258545
2013-12-24,1.2770309448242188
2013-12-26,1.2799670696258545
2013-12-27,1.282902479171753
2013-12-30,1.282902479171753
2013-12-31,1.2740956544876099
2014-01-02,1.2799670696258545
2014-01-03,1.288773536682129
2014-01-06,1.2975804805755615
2014-01-07,1.3063881397247314
2014-01-08,1.3063881397247314
2014-01-09,1.303452968597412
2014-01-10,1.3063881397247314
2014-01-13,1.2975410223007202
2014-01-14,1.306388258934021
2014-01-15,1.3093376159667969
2014-01-16,1.3093376159667969
2014-01-17,1.306388258934021
2014-01-21,1.315234899520874
2014-01-22,1.324081301689148
2014-01-23,1.3211325407028198
2014-01-24,1.3122860193252563
2014-01-27,1.315234899520874
2014-01-28,1.315234899520874
2014-01-29,1.3093376159667969
2014-01-30,1.324081301689148
2014-01-31,1.327031135559082
2014-02-03,1.306388258934021
2014-02-04,1.324081301689148
2014-02-05,1.315234899520874
2014-02-06,1.324081301689148
2014-02-07,1.332929015159607
2014-02-10,1.3447250127792358
2014-02-11,1.3506220579147339
2014-02-12,1.3506220579147339
2014-02-13,1.3565459251403809
2014-02-14,1.3624696731567383
2014-02-18,1.3624696731567383
2014-02-19,1.3624696731567383
2014-02-20,1.3624696731567383
2014-02-21,1.3595085144042969
2014-02-24,1.3713562488555908
2014-02-25,1.3654323816299438
2014-02-26,1.3713562488555908
2014-02-27,1.3743184804916382
2014-02-28,1.3713562488555908
2014-03-03,1.3713562488555908
2014-03-04,1.3950518369674683
2014-03-05,1.3950518369674683
2014-03-06,1.398012399673462
2014-03-07,1.377279281616211
2014-03-10,1.3802411556243896
2014-03-11,1.3861654996871948
2014-03-12,1.3861654996871948
2014-03-13,1.3950889110565186
2014-03-14,1.3891395330429077
2014-03-17,1.3891395330429077
2014-03-18,1.3921147584915161
2014-03-19,1.3802173137664795
2014-03-20,1.3712928295135498
2014-03-21,1.3861651420593262
2014-03-24,1.3891395330429077
2014-03-25,1.3980638980865479
2014-03-26,1.3861651420593262
2014-03-27,1.3831902742385864
2014-03-28,1.3980638980865479
2014-03-31,1.4040125608444214
2014-04-01,1.406988263130188
2014-04-02,1.4099615812301636
2014-04-03,1.4099615812301636
2014-04-04,1.4099615812301636
2014-04-07,1.4129365682601929
2014-04-08,1.4307836294174194
2014-04-09,1.427809238433838
2014-04-10,1.421861171722412
2014-04-11,1.4158859252929688
2014-04-14,1.4188728332519531
2014-04-15,1.4188728332519531
2014-04-16,1.43380868434906
2014-04-17,1.4397834539413452
2014-04-21,1.436795949935913
2014-04-22,1.4457578659057617
2014-04-23,1.4397834539413452
2014-04-24,1.4457578659057617
2014-04-25,1.43380868434906
2014-04-28,1.4427706003189087
2014-04-29,1.4457578659057617
2014-04-30,1.4457578659057617
2014-05-01,1.4606930017471313
2014-05-02,1.4547183513641357
2014-05-05,1.4606930017471313
2014-05-06,1.463679552078247
2014-05-07,1.4666672945022583
2014-05-08,1.47562837600708
2014-05-09,1.47562837600708
2014-05-12,1.4875764846801758
2014-05-13,1.4785799980163574
2014-05-14,1.4815782308578491
2014-05-15,1.4755805730819702
2014-05-16,1.4905754327774048
2014-05-19,1.4905754327774048
2014-05-20,1.4815782308578491
2014-05-21,1.4785799980163574
2014-05-22,1.472581148147583
2014-05-23,1.4785799980163574
2014-05-27,1.4875764846801758
2014-05-28,1.4755805730819702
2014-05-29,1.4905754327774048
2014-05-30,1.4875764846801758
2014-06-02,1.4995741844177246
2014-06-03,1.4965747594833374
2014-06-04,1.4995741844177246
2014-06-05,1.51456880569458
2014-06-06,1.517568826675415
2014-06-09,1.4995741844177246
2014-06-10,1.4905754327774048
2014-06-11,1.4815782308578491
2014-06-12,1.4785680770874023
2014-06-13,1.4815778732299805
2014-06-16,1.4785680770874023
2014-06-17,1.4785680770874023
2014-06-18,1.4845900535583496
2014-06-19,1.496634602546692
2014-06-20,1.5026578903198242
2014-06-23,1.5026578903198242
2014-06-24,1.496634602546692
2014-06-25,1.4936236143112183
2014-06-26,1.496634602546692
2014-06-27,1.5026578903198242
2014-06-30,1.5056700706481934
2014-07-01,1.5116909742355347
2014-07-02,1.5056700706481934
2014-07-03,1.496634602546692
2014-07-07,1.496634602546692
2014-07-08,1.5086804628372192
2014-07-09,1.5116909742355347
2014-07-10,1.5116909742355347
2014-07-11,1.5177384614944458
2014-07-14,1.5237843990325928
2014-07-15,1.5237843990325928
2014-07-16,1.5207610130310059
2014-07-17,1.5207610130310059
2014-07-18,1.5358792543411255
2014-07-21,1.5358792543411255
2014-07-22,1.5419257879257202
2014-07-23,1.5389018058776855
2014-07-24,1.5328552722930908
2014-07-25,1.5328552722930908
2014-07-28,1.5328552722930908
2014-07-29,1.5328552722930908
2014-07-30,1.5237843990325928
2014-07-31,1.5086678266525269
2014-08-01,1.4935513734817505
2014-08-04,1.4965755939483643
2014-08-05,1.484480619430542
2014-08-06,1.4875038862228394
2014-08-07,1.4905284643173218
2014-08-08,1.4965755939483643
2014-08-11,1.5056442022323608
2014-08-12,1.5086678266525269
2014-08-13,1.5177754163742065
2014-08-14,1.5177754163742065
2014-08-15,1.514739990234375
2014-08-18,1.5268813371658325
2014-08-19,1.5390247106552124
2014-08-20,1.554202675819397
2014-08-21,1.5511671304702759
2014-08-22,1.5450950860977173
2014-08-25,1.5390247106552124
2014-08-26,1.5420598983764648
2014-08-27,1.535988688468933
2014-08-28,1.5390247106552124
2014-08-29,1.5511671304702759
2014-09-02,1.554202675819397
2014-09-03,1.5450950860977173
2014-09-04,1.5450950860977173
2014-09-05,1.557237982749939
2014-09-08,1.5481305122375488
2014-09-09,1.5450950860977173
2014-09-10,1.532952070236206
2014-09-11,1.5299047231674194
2014-09-12,1.49942946434021
2014-09-15,1.4841898679733276
2014-09-16,1.49942946434021
2014-09-17,1.5024762153625488
2014-09-18,1.4902864694595337
2014-09-19,1.4811434745788574
2014-09-22,1.4720009565353394
2014-09-23,1.478095531463623
2014-09-24,1.4659056663513184
2014-09-25,1.4598101377487183
2014-09-26,1.4659056663513184
2014-09-29,1.4628570079803467
2014-09-30,1.4689533710479736
2014-10-01,1.4659056663513184
2014-10-02,1.4628570079803467
2014-10-03,1.4659056663513184
2014-10-06,1.478095531463623
2014-10-07,1.478095531463623
2014-10-08,1.5055241584777832
2014-10-09,1.5146660804748535
2014-10-10,1.4963078498840332
2014-10-13,1.493247389793396
2014-10-14,1.5116075277328491
2014-10-15,1.4901875257492065
2014-10-16,1.4963078498840332
2014-10-17,1.520786166191101
2014-10-20,1.5330265760421753
2014-10-21,1.5575064420700073
2014-10-22,1.551385760307312
2014-10-23,1.5636262893676758
2014-10-24,1.5605655908584595
2014-10-27,1.5728052854537964
2014-10-28,1.581986427307129
2014-10-29,1.5850456953048706
2014-10-30,1.581986427307129
2014-10-31,1.5942248106002808
2014-11-03,1.6003457307815552
2014-11-04,1.5972850322723389
2014-11-05,1.5911656618118286
2014-11-06,1.5758649110794067
2014-11-07,1.581986427307129
2014-11-10,1.581986427307129
2014-11-11,1.5942248106002808
2014-11-12,1.581986427307129
2014-11-13,1.591219425201416
2014-11-14,1.572752594947815
2014-11-17,1.5665968656539917
2014-11-18,1.5789084434509277
2014-11-19,1.5696741342544556
2014-11-20,1.5665968656539917
2014-11-21,1.572752594947815
2014-11-24,1.5758299827575684
2014-11-25,1.5881414413452148
2014-11-26,1.6004523038864136
2014-11-28,1.6035295724868774
2014-12-01,1.6035295724868774
2014-12-02,1.6004523038864136
2014-12-03,1.6066081523895264
2014-12-04,1.6066081523895264
2014-12-05,1.6004523038864136
2014-12-08,1.6066081523895264
2014-12-09,1.6127644777297974
2014-12-10,1.6066081523895264
2014-12-11,1.6035128831863403
2014-12-12,1.600417137145996
2014-12-15,1.581843376159668
2014-12-16,1.5694611072540283
2014-12-17,1.600417137145996
2014-12-18,1.618990421295166
2014-12-19,1.618990421295166
2014-12-22,1.6375635862350464
2014-12-23,1.6375635862350464
2014-12-24,1.63446843624115
2014-12-26,1.6437557935714722
2014-12-29,1.6437557935714722
2014-12-30,1.6437557935714722
2014-12-31,1.6375635862350464
2015-01-02,1.6437557935714722
2015-01-05,1.6375635862350464
2015-01-06,1.6499462127685547
2015-01-07,1.6716159582138062
2015-01-08,1.6809026002883911
2015-01-09,1.6747117042541504
2015-01-12,1.6809026002883911
2015-01-13,1.6902406215667725
2015-01-14,1.6995790004730225
2015-01-15,1.7058042287826538
2015-01-16,1.7120305299758911
2015-01-20,1.7120305299758911
2015-01-21,1.7151424884796143
2015-01-22,1.7369322776794434
2015-01-23,1.7369322776794434
2015-01-26,1.7493836879730225
2015-01-27,1.7556095123291016
2015-01-28,1.7493836879730225
2015-01-29,1.7524961233139038
2015-01-30,1.7307074069976807
2015-02-02,1.7307074069976807
2015-02-03,1.7275949716567993
2015-02-04,1.7338197231292725
2015-02-05,1.7524961233139038
2015-02-06,1.7120305299758911
2015-02-09,1.6995790004730225
2015-02-10,1.7026921510696411
2015-02-11,1.696465253829956
2015-02-12,1.7152469158172607
2015-02-13,1.7152469158172607
2015-02-17,1.6995959281921387
2015-02-18,1.7089861631393433
2015-02-19,1.6839468479156494
2015-02-20,1.687076210975647
2015-02-23,1.6995959281921387
2015-02-24,1.6808159351348877
2015-02-25,1.6902066469192505
2015-02-26,1.6745555400848389
2015-02-27,1.6933363676071167
2015-03-02,1.7058563232421875
2015-03-03,1.6933363676071167
2015-03-04,1.6808159351348877
2015-03-05,1.6902066469192505
2015-03-06,1.6276057958602905
2015-03-09,1.6369956731796265
2015-03-10,1.6369956731796265
2015-03-11,1.6369956731796265
2015-03-12,1.6653282642364502
2015-03-13,1.6590332984924316
2015-03-16,1.6747727394104004
2015-03-17,1.6653282642364502
2015-03-18,1.6905125379562378
2015-03-19,1.6936622858047485
2015-03-20,1.7125500440597534
2015-03-23,1.7188454866409302
2015-03-24,1.7125500440597534
2015-03-25,1.6936622858047485
2015-03-26,1.6873654127120972
2015-03-27,1.6905125379562378
2015-03-30,1.7094018459320068
2015-03-31,1.706254243850708
2015-04-01,1.7031049728393555
2015-04-02,1.7094018459320068
2015-04-06,1.7251425981521606
2015-04-07,1.7031049728393555
2015-04-08,1.6999576091766357
2015-04-09,1.671625018119812
2015-04-10,1.668477177619934
2015-04-13,1.6716433763504028
2015-04-14,1.6748090982437134
2015-04-15,1.6716433763504028
2015-04-16,1.668476939201355
2015-04-17,1.6621448993682861
2015-04-20,1.6589791774749756
2015-04-21,1.6621448993682861
2015-04-22,1.668476939201355
2015-04-23,1.6653105020523071
2015-04-24,1.6716433763504028
2015-04-27,1.6621448993682861
2015-04-28,1.6716433763504028
2015-04-29,1.6494812965393066
2015-04-30,1.6241530179977417
2015-05-01,1.6336511373519897
2015-05-04,1.6241530179977417
2015-05-05,1.5924928188323975
2015-05-06,1.582994818687439
2015-05-07,1.6019906997680664
2015-05-08,1.6178207397460938
2015-05-11,1.6114513874053955
2015-05-12,1.608267903327942
2015-05-13,1.605062484741211
2015-05-14,1.627488613128662
2015-05-15,1.6435078382492065
2015-05-18,1.6338965892791748
2015-05-19,1.6338965892791748
2015-05-20,1.6338965892791748
2015-05-21,1.6242859363555908
2015-05-22,1.6178785562515259
2015-05-26,1.605062484741211
2015-05-27,1.6210813522338867
2015-05-28,1.6146740913391113
2015-05-29,1.601859450340271
2015-06-01,1.6146740913391113
2015-06-02,1.601859450340271
2015-06-03,1.5826373100280762
2015-06-04,1.579433560371399
2015-06-05,1.5698221921920776
2015-06-08,1.5570083856582642
2015-06-09,1.5538042783737183
2015-06-10,1.5570083856582642
2015-06-11,1.5699013471603394
2015-06-12,1.5699013471603394
2015-06-15,1.5570083856582642
2015-06-16,1.5699013471603394
2015-06-17,1.573126196861267
2015-06-18,1.5924668312072754
2015-06-19,1.5763490200042725
2015-06-22,1.5699013471603394
2015-06-23,1.5602316856384277
2015-06-24,1.5570083856582642
2015-06-25,1.540889024734497
2015-06-26,1.5473366975784302
2015-06-29,1.5183253288269043
2015-06-30,1.5279947519302368
2015-07-01,1.5505598783493042
2015-07-02,1.5473366975784302
2015-07-06,1.5505598783493042
2015-07-07,1.5763490200042725
2015-07-08,1.566678524017334
2015-07-09,1.5505598783493042
2015-07-10,1.566678524017334
2015-07-13,1.5764093399047852
2015-07-14,1.5764093399047852
2015-07-15,1.5764093399047852
2015-07-16,1.595870852470398
2015-07-17,1.595870852470398
2015-07-20,1.6056009531021118
2015-07-21,1.5828970670700073
2015-07-22,1.5828970670700073
2015-07-23,1.5666792392730713
2015-07-24,1.5828970670700073
2015-07-27,1.5828970670700073
2015-07-28,1.5731664896011353
2015-07-29,1.5796523094177246
2015-07-30,1.5731664896011353
2015-07-31,1.5926276445388794
2015-08-03,1.6023578643798828
2015-08-04,1.5861400365829468
2015-08-05,1.5828970670700073
2015-08-06,1.5796523094177246
2015-08-07,1.5764093399047852
2015-08-10,1.5666792392730713
2015-08-11,1.5731664896011353
2015-08-12,1.5796523094177246
2015-08-13,1.5796526670455933
2015-08-14,1.5894436836242676
2015-08-17,1.592707633972168
2015-08-18,1.5992355346679688
2015-08-19,1.592707633972168
2015-08-20,1.5763896703720093
2015-08-21,1.5568069219589233
2015-08-24,1.46542227268219
2015-08-25,1.4491033554077148
2015-08-26,1.4784762859344482
2015-08-27,1.5078505277633667
2015-08-28,1.5111137628555298
2015-08-31,1.4980597496032715
2015-09-01,1.468685507774353
2015-09-02,1.4719491004943848
2015-09-03,1.4784762859344482
2015-09-04,1.462158441543579
2015-09-08,1.4817403554916382
2015-09-09,1.462158441543579
2015-09-10,1.4523667097091675
2015-09-11,1.4786545038223267
2015-09-14,1.4720816612243652
2015-09-15,1.4917975664138794
2015-09-16,1.4885118007659912
2015-09-17,1.5115140676498413
2015-09-18,1.5312288999557495
2015-09-21,1.5410860776901245
2015-09-22,1.524656057357788
2015-09-23,1.5410860776901245
2015-09-24,1.524656057357788
2015-09-25,1.5312288999557495
2015-09-28,1.5016555786132812
2015-09-29,1.5082275867462158
2015-09-30,1.5147995948791504
2015-10-01,1.5016555786132812
2015-10-02,1.5279422998428345
2015-10-05,1.5640873908996582
2015-10-06,1.5706591606140137
2015-10-07,1.6002318859100342
2015-10-08,1.6232331991195679
2015-10-09,1.6330912113189697
2015-10-12,1.649520754814148
2015-10-13,1.6396042108535767
2015-10-14,1.6263813972473145
2015-10-15,1.6429094076156616
2015-10-16,1.6594382524490356
2015-10-19,1.6726601123809814
2015-10-20,1.6693553924560547
2015-10-21,1.6627434492111206
2015-10-22,1.6759661436080933
2015-10-23,1.6693553924560547
2015-10-26,1.6660490036010742
2015-10-27,1.6528263092041016
2015-10-28,1.6627434492111206
2015-10-29,1.6726601123809814
2015-10-30,1.67927086353302
2015-11-02,1.67927086353302
2015-11-03,1.6759661436080933
2015-11-04,1.6627434492111206
2015-11-05,1.6660490036010742
2015-11-06,1.636297583580017
2015-11-09,1.6032423973083496
2015-11-10,1.5966306924819946
2015-11-11,1.5966306924819946
2015-11-12,1.5799988508224487
2015-11-13,1.5700194835662842
2015-11-16,1.5799988508224487
2015-11-17,1.5799988508224487
2015-11-18,1.5933036804199219
2015-11-19,1.6099356412887573
2015-11-20,1.6265671253204346
2015-11-23,1.6298938989639282
2015-11-24,1.6232407093048096
2015-11-25,1.6298938989639282
2015-11-27,1.6365448236465454
2015-11-30,1.6465249061584473
2015-12-01,1.6664823293685913
2015-12-02,1.6298938989639282
2015-12-03,1.6132622957229614
2015-12-04,1.6199136972427368
2015-12-07,1.6132622957229614
2015-12-08,1.6032824516296387
2015-12-09,1.5933036804199219
2015-12-10,1.6066092252731323
2015-12-11,1.5898736715316772
2015-12-14,1.5697914361953735
2015-12-15,1.583179235458374
2015-12-16,1.616650938987732
2015-12-17,1.613303542137146
2015-12-18,1.6032618284225464
2015-12-21,1.613303542137146
2015-12-22,1.6199978590011597
2015-12-23,1.6434262990951538
2015-12-24,1.640080213546753
2015-12-28,1.656815528869629
2015-12-29,1.660162329673767
2015-12-30,1.6635099649429321
2015-12-31,1.6768983602523804
2016-01-04,1.6300392150878906
2016-01-05,1.640080213546753
2016-01-06,1.653468132019043
2016-01-07,1.6333867311477661
2016-01-08,1.6333867311477661
2016-01-11,1.623345136642456
2016-01-12,1.6099562644958496
2016-01-13,1.569538950920105
2016-01-14,1.5661708116531372
2016-01-15,1.5156489610671997
2016-01-19,1.5358576774597168
2016-01-20,1.4684953689575195
2016-01-21,1.4786001443862915
2016-01-22,1.525753378868103
2016-01-25,1.52912175655365
2016-01-26,1.5560665130615234
2016-01-27,1.532489538192749
2016-01-28,1.5358576774597168
2016-01-29,1.5830118656158447
2016-02-01,1.576275110244751
2016-02-02,1.549330234527588
2016-02-03,1.569538950920105
2016-02-04,1.572907567024231
2016-02-05,1.5358576774597168
2016-02-08,1.4920717477798462
2016-02-09,1.4482868909835815
2016-02-10,1.4482868909835815
2016-02-11,1.4109776020050049
2016-02-12,1.4381120204925537
2016-02-16,1.444894552230835
2016-02-17,1.4822050333023071
2016-02-18,1.499163269996643
2016-02-19,1.5093395709991455
2016-02-22,1.5330814123153687
2016-02-23,1.5432571172714233
2016-02-24,1.5364727973937988
2016-02-25,1.5636069774627686
2016-02-26,1.5805658102035522
2016-02-29,1.577174425125122
2016-03-01,1.6043086051940918
2016-03-02,1.6110923290252686
2016-03-03,1.6348353624343872
2016-03-04,1.6416184902191162
2016-03-07,1.6314427852630615
2016-03-08,1.624658465385437
2016-03-09,1.6348353624343872
2016-03-10,1.6280516386032104
2016-03-11,1.6860727071762085
2016-03-14,1.6553559303283691
2016-03-15,1.651943325996399
2016-03-16,1.6690089702606201
2016-03-17,1.6928999423980713
2016-03-18,1.6894859075546265
2016-03-21,1.6894859075546265
2016-03-22,1.6894859075546265
2016-03-23,1.6860727071762085
2016-03-24,1.6826609373092651
2016-03-28,1.6997265815734863
2016-03-29,1.7236191034317017
2016-03-30,1.7236191034317017
2016-03-31,1.7372702360153198
2016-04-01,1.7372702360153198
2016-04-04,1.730444073677063
2016-04-05,1.7099660634994507
2016-04-06,1.7270301580429077
2016-04-07,1.7065521478652954
2016-04-08,1.7202049493789673
2016-04-11,1.7440968751907349
2016-04-12,1.7679879665374756
2016-04-13,1.7782870531082153
2016-04-14,1.767987847328186
2016-04-15,1.7782870531082153
2016-04-18,1.7714214324951172
2016-04-19,1.767987847328186
2016-04-20,1.754256248474121
2016-04-21,1.743957757949829
2016-04-22,1.7645554542541504
2016-04-25,1.7508234977722168
2016-04-26,1.7645554542541504
2016-04-27,1.7611219882965088
2016-04-28,1.7611219882965088
2016-04-29,1.7611219882965088
2016-05-02,1.7851535081863403
2016-05-03,1.7885864973068237
2016-05-04,1.8126168251037598
2016-05-05,1.8297820091247559
2016-05-06,1.8332149982452393
2016-05-09,1.8297820091247559
2016-05-10,1.8366484642028809
2016-05-11,1.8126168251037598
2016-05-12,1.8264278173446655
2016-05-13,1.8091647624969482
2016-05-16,1.8298805952072144
2016-05-17,1.8057119846343994
2016-05-18,1.7780908346176147
2016-05-19,1.7642810344696045
2016-05-20,1.7849960327148438
2016-05-23,1.7919009923934937
2016-05-24,1.781543493270874
2016-05-25,1.7953542470932007
2016-05-26,1.8057119846343994
2016-05-27,1.8022594451904297
2016-05-31,1.8160696029663086
2016-06-01,1.812617301940918
2016-06-02,1.8367856740951538
2016-06-03,1.8367856740951538
2016-06-06,1.8367856740951538
2016-06-07,1.8436906337738037
2016-06-08,1.8609532117843628
2016-06-09,1.8782180547714233
2016-06-10,1.8644063472747803
2016-06-13,1.864406704902649
2016-06-14,1.864406704902649
2016-06-15,1.8713496923446655
2016-06-16,1.888710856437683
2016-06-17,1.8921819925308228
2016-06-20,1.885237693786621
2016-06-21,1.9164841175079346
2016-06-22,1.9164841175079346
2016-06-23,1.926899790763855
2016-06-24,1.9060688018798828
2016-06-27,1.885237693786621
2016-06-28,1.9303723573684692
2016-06-29,1.9650906324386597
2016-06-30,1.9720343351364136
2016-07-01,1.9789791107177734
2016-07-05,1.9720343351364136
2016-07-06,1.9998098611831665
2016-07-07,1.9928665161132812
2016-07-08,2.0206410884857178
2016-07-11,2.027585029602051
2016-07-12,1.9998098611831665
2016-07-13,1.9823591709136963
2016-07-14,1.9858498573303223
2016-07-15,1.971889615058899
2016-07-18,1.999810814857483
2016-07-19,2.0137710571289062
2016-07-20,2.038200855255127
2016-07-21,2.027730703353882
2016-07-22,2.0416908264160156
2016-07-25,2.0416908264160156
2016-07-26,2.0661208629608154
2016-07-27,2.0556516647338867
2016-07-28,2.0556516647338867
2016-07-29,2.0905516147613525
2016-08-01,2.0800821781158447
2016-08-02,2.0451812744140625
2016-08-03,2.0661208629608154
2016-08-04,2.0591416358947754
2016-08-05,2.062631368637085
2016-08-08,2.062631368637085
2016-08-09,2.0591416358947754
2016-08-10,2.0556516647338867
2016-08-11,2.0556511878967285
2016-08-12,2.0591659545898438
2016-08-15,2.0661935806274414
2016-08-16,2.034567356109619
2016-08-17,2.045109272003174
2016-08-18,2.045109272003174
2016-08-19,2.0275397300720215
2016-08-22,2.0591659545898438
2016-08-23,2.0626790523529053
2016-08-24,2.0310535430908203
2016-08-25,2.045109272003174
2016-08-26,2.0310535430908203
2016-08-29,2.045109272003174
2016-08-30,2.045109272003174
2016-08-31,2.0486230850219727
2016-09-01,2.0415947437286377
2016-09-02,2.0591659545898438
2016-09-06,2.0521368980407715
2016-09-07,2.076735734939575
2016-09-08,2.0591659545898438
2016-09-09,1.9713168144226074
2016-09-12,1.9924005270004272
2016-09-13,1.939316749572754
2016-09-14,1.9463950395584106
2016-09-15,1.957012414932251
2016-09-16,1.9463950395584106
2016-09-19,1.957012414932251
2016-09-20,1.9711673259735107
2016-09-21,2.003016948699951
2016-09-22,2.020712375640869
2016-09-23,2.034867286682129
2016-09-26,2.0419442653656006
2016-09-27,2.027789354324341
2016-09-28,2.027789354324341
2016-09-29,2.0171730518341064
2016-09-30,2.01363468170166
2016-10-03,1.9888617992401123
2016-10-04,1.9711673259735107
2016-10-05,1.939316749572754
2016-10-06,1.921621561050415
2016-10-07,1.925161600112915
2016-10-10,1.9357774257659912
2016-10-11,1.9145443439483643
2016-10-12,1.9322401285171509
2016-10-13,1.9251086711883545
2016-10-14,1.9215443134307861
2016-10-17,1.9286741018295288
2016-10-18,1.946500301361084
2016-10-19,1.9500638246536255
2016-10-20,1.9607595205307007
2016-10-21,1.95719575881958
2016-10-24,1.9714555740356445
2016-10-25,1.978584885597229
2016-10-26,1.946500301361084
2016-10-27,1.9144136905670166
2016-10-28,1.917978286743164
2016-10-31,1.9251086711883545
2016-11-01,1.8930244445800781
2016-11-02,1.8573741912841797
2016-11-03,1.835983395576477
2016-11-04,1.835983395576477
2016-11-07,1.8858929872512817
2016-11-08,1.8965888023376465
2016-11-09,1.8502432107925415
2016-11-10,1.8250946998596191
2016-11-11,1.8250946998596191
2016-11-14,1.8107235431671143
2016-11-15,1.8250946998596191
2016-11-16,1.850243330001831
2016-11-17,1.8215022087097168
2016-11-18,1.828687071800232
2016-11-21,1.8322807550430298
2016-11-22,1.8610217571258545
2016-11-23,1.8430583477020264
2016-11-25,1.8789864778518677
2016-11-28,1.864614486694336
2016-11-29,1.8753918409347534
2016-11-30,1.864614486694336
2016-12-01,1.8358728885650635
2016-12-02,1.8394654989242554
2016-12-05,1.864614486694336
2016-12-06,1.8789864778518677
2016-12-07,1.9185054302215576
2016-12-08,1.9149128198623657
2016-12-09,1.9364683628082275
2016-12-12,1.94365394115448
2016-12-13,1.9400347471237183
2016-12-14,1.907459020614624
2016-12-15,1.9038395881652832
2016-12-16,1.907459020614624
2016-12-19,1.9291760921478271
2016-12-20,1.9038395881652832
2016-12-21,1.9002197980880737
2016-12-22,1.911078691482544
2016-12-23,1.9038395881652832
2016-12-27,1.9255563020706177
2016-12-28,1.9146980047225952
2016-12-29,1.9146980047225952
2016-12-30,1.94365394115448
2017-01-03,1.9364147186279297
2017-01-04,1.9834692478179932
2017-01-05,1.9726098775863647
2017-01-06,1.9907076358795166
2017-01-09,1.9798482656478882
2017-01-10,1.954512119293213
2017-01-11,1.954512119293213
2017-01-12,1.954512119293213
2017-01-13,1.9435733556747437
2017-01-17,1.9362804889678955
2017-01-18,1.932633876800537
2017-01-19,1.9180474281311035
2017-01-20,1.9216945171356201
2017-01-23,1.9362804889678955
2017-01-24,1.9435733556747437
2017-01-25,1.9472196102142334
2017-01-26,1.9472196102142334
2017-01-27,1.9289873838424683
2017-01-30,1.9216945171356201
2017-01-31,1.9289873838424683
2017-02-01,1.9107540845870972
2017-02-02,1.9180474281311035
2017-02-03,1.9362804889678955
2017-02-06,1.9472196102142334
2017-02-07,1.9362804889678955
2017-02-08,1.9508659839630127
2017-02-09,1.9472196102142334
2017-02-10,1.9581594467163086
2017-02-13,1.9618332386016846
2017-02-14,1.9581594467163086
2017-02-15,1.9361159801483154
2017-02-16,1.9618332386016846
2017-02-17,1.943463921546936
2017-02-21,1.9618332386016846
2017-02-22,1.9618332386016846
2017-02-23,1.9838764667510986
2017-02-24,1.9802021980285645
2017-02-27,1.9985718727111816
2017-02-28,2.0059192180633545
2017-03-01,1.9948978424072266
2017-03-02,1.9838764667510986
2017-03-03,1.9948978424072266
2017-03-06,1.9802021980285645
2017-03-07,1.9618332386016846
2017-03-08,1.9324421882629395
2017-03-09,1.8920291662216187
2017-03-10,1.8736600875854492
2017-03-13,1.8884719610214233
2017-03-14,1.8810659646987915
2017-03-15,1.9292032718658447
2017-03-16,1.910689115524292
2017-03-17,1.9292032718658447
2017-03-20,1.9292032718658447
2017-03-21,1.9143919944763184
2017-03-22,1.903283715248108
2017-03-23,1.9403114318847656
2017-03-24,1.9403114318847656
2017-03-27,1.925500512123108
2017-03-28,1.9329066276550293
2017-03-29,1.951420783996582
2017-03-30,1.951420783996582
2017-03-31,1.969935655593872
2017-04-03,1.9884504079818726
2017-04-04,1.9958560466766357
2017-04-05,1.9958560466766357
2017-04-06,2.0254788398742676
2017-04-07,2.0106678009033203
2017-04-10,2.018073797225952
2017-04-11,2.0365874767303467
2017-04-12,2.036588668823242
2017-04-13,2.044048547744751
2017-04-17,2.0515074729919434
2017-04-18,2.036588668823242
2017-04-19,2.0515074729919434
2017-04-20,2.047778367996216
2017-04-21,2.036588668823242
2017-04-24,2.017937660217285
2017-04-25,2.0291271209716797
2017-04-26,2.017937660217285
2017-04-27,2.0104777812957764
2017-04-28,2.0067481994628906
2017-05-01,2.0030174255371094
2017-05-02,1.9992865324020386
2017-05-03,1.9843672513961792
2017-05-04,1.9619863033294678
2017-05-05,1.9545260667800903
2017-05-08,1.9619863033294678
2017-05-09,1.96571683883667
2017-05-10,1.9396066665649414
2017-05-11,1.9433664083480835
2017-05-12,1.9396069049835205
2017-05-15,1.9508849382400513
2017-05-16,1.9396069049835205
2017-05-17,1.9283307790756226
2017-05-18,1.9396069049835205
2017-05-19,1.9508849382400513
2017-05-22,1.9659204483032227
2017-05-23,1.9659204483032227
2017-05-24,1.9621604681015015
2017-05-25,1.9809550046920776
2017-05-26,1.9771966934204102
2017-05-30,1.9621604681015015
2017-05-31,1.9771966934204102
2017-06-01,1.9997501373291016
2017-06-02,1.9922326803207397
2017-06-05,1.98847234249115
2017-06-06,1.9809550046920776
2017-06-07,1.9997501373291016
2017-06-08,2.003509283065796
2017-06-09,2.003509283065796
2017-06-12,2.0147852897644043
2017-06-13,2.024263381958008
2017-06-14,2.0394253730773926
2017-06-15,2.058379650115967
2017-06-16,2.050798177719116
2017-06-19,2.0735433101654053
2017-06-20,2.054588794708252
2017-06-21,2.0735433101654053
2017-06-22,2.065960645675659
2017-06-23,2.0887057781219482
2017-06-26,2.0887057781219482
2017-06-27,2.0811238288879395
2017-06-28,2.0697529315948486
2017-06-29,2.054588794708252
2017-06-30,2.0470077991485596
2017-07-03,2.065960645675659
2017-07-05,2.058379650115967
2017-07-06,2.0090997219085693
2017-07-07,2.0090997219085693
2017-07-10,2.024263381958008
2017-07-11,2.035634994506836
2017-07-12,2.058379650115967
2017-07-13,2.056468963623047
2017-07-14,2.056468963623047
2017-07-17,2.0717568397521973
2017-07-18,2.094693899154663
2017-07-19,2.094693899154663
2017-07-20,2.1061599254608154
2017-07-21,2.102337598800659
2017-07-24,2.094693899154663
2017-07-25,2.109982967376709
2017-07-26,2.113805055618286
2017-07-27,2.1061599254608154
2017-07-28,2.102337598800659
2017-07-31,2.094693899154663
2017-08-01,2.1176278591156006
2017-08-02,2.109982967376709
2017-08-03,2.1176278591156006
2017-08-04,2.113805055618286
2017-08-07,2.1214489936828613
2017-08-08,2.113805055618286
2017-08-09,2.1061599254608154
2017-08-10,2.0679361820220947
2017-08-11,2.0505900382995605
2017-08-14,2.0814273357391357
2017-08-15,2.0814273357391357
2017-08-16,2.0929908752441406
2017-08-17,2.0891354084014893
2017-08-18,2.0737180709838867
2017-08-21,2.085280418395996
2017-08-22,2.0891354084014893
2017-08-23,2.1006994247436523
2017-08-24,2.0929908752441406
2017-08-25,2.1045541763305664
2017-08-28,2.0929908752441406
2017-08-29,2.096844434738159
2017-08-30,2.108407974243164
2017-08-31,2.135389804840088
2017-09-01,2.1315343379974365
2017-09-05,2.1315343379974365
2017-09-06,2.1199722290039062
2017-09-07,2.135389804840088
2017-09-08,2.1315343379974365
2017-09-11,2.1508078575134277
2017-09-12,2.154662609100342
2017-09-13,2.1623713970184326
2017-09-14,2.160428285598755
2017-09-15,2.1409988403320312
2017-09-18,2.1409988403320312
2017-09-19,2.148770570755005
2017-09-20,2.1565425395965576
2017-09-21,2.1526577472686768
2017-09-22,2.148770570755005
2017-09-25,2.144885301589966
2017-09-26,2.148770570755005
2017-09-27,2.1371138095855713
2017-09-28,2.148770570755005
2017-09-29,2.179856777191162
2017-10-02,2.183741569519043
2017-10-03,2.191514253616333
2017-10-04,2.1876282691955566
2017-10-05,2.1953988075256348
2017-10-06,2.191514253616333
2017-10-09,2.1953988075256348
2017-10-10,2.191514253616333
2017-10-11,2.183741569519043
2017-10-12,2.1953988075256348
2017-10-13,2.201275110244751
2017-10-16,2.189523935317993
2017-10-17,2.1934401988983154
2017-10-18,2.189523935317993
2017-10-19,2.181690216064453
2017-10-20,2.1856071949005127
2017-10-23,2.189523935317993
2017-10-24,2.1856071949005127
2017-10-25,2.1660218238830566
2017-10-26,2.134687662124634
2017-10-27,2.146437644958496
2017-10-30,2.150355577468872
2017-10-31,2.1660218238830566
2017-11-01,2.1660218238830566
2017-11-02,2.1699395179748535
2017-11-03,2.1542725563049316
2017-11-06,2.1660218238830566
2017-11-07,2.1660218238830566
2017-11-08,2.181690216064453
2017-11-09,2.1699395179748535
2017-11-10,2.1699395179748535
2017-11-13,2.1542725563049316
2017-11-14,2.1246514320373535
2017-11-15,2.1167564392089844
2017-11-16,2.132551431655884
2017-11-17,2.1167564392089844
2017-11-20,2.1286027431488037
2017-11-21,2.140450954437256
2017-11-22,2.140450954437256
2017-11-24,2.1483476161956787
2017-11-27,2.1522974967956543
2017-11-28,2.1483476161956787
2017-11-29,2.1364998817443848
2017-11-30,2.1483476161956787
2017-12-01,2.1444003582000732
2017-12-04,2.1364998817443848
2017-12-05,2.1207034587860107
2017-12-06,2.132551431655884
2017-12-07,2.132551431655884
2017-12-08,2.1522974967956543
2017-12-11,2.1601955890655518
2017-12-12,2.1601955890655518
2017-12-13,2.1641452312469482
2017-12-14,2.1621549129486084
2017-12-15,2.1701178550720215
2017-12-18,2.166135787963867
2017-12-19,2.1740996837615967
2017-12-20,2.178081512451172
2017-12-21,2.1740996837615967
2017-12-22,2.178081512451172
2017-12-26,2.182063102722168
2017-12-27,2.190027952194214
2017-12-28,2.1860456466674805
2017-12-29,2.201972246170044
2018-01-02,2.217900514602661
2018-01-03,2.217900514602661
2018-01-04,2.213918924331665
2018-01-05,2.182063102722168
2018-01-08,2.182063102722168
2018-01-09,2.1740996837615967
2018-01-10,2.154189109802246
2018-01-11,2.1422436237335205
2018-01-12,2.1161439418792725
2018-01-16,2.0880351066589355
2018-01-17,2.084019899368286
2018-01-18,2.0800044536590576
2018-01-19,2.1000828742980957
2018-01-22,2.084019899368286
2018-01-23,2.1000828742980957
2018-01-24,2.0920519828796387
2018-01-25,2.096067190170288
2018-01-26,2.0920519828796387
2018-01-29,2.0679593086242676
2018-01-30,1.9916648864746094
2018-01-31,1.9354496002197266
2018-02-01,1.9394632577896118
2018-02-02,1.907340407371521
2018-02-05,1.8390780687332153
2018-02-06,1.8952946662902832
2018-02-07,1.899309515953064
2018-02-08,1.8591549396514893
2018-02-09,1.8591549396514893
2018-02-12,1.8471083641052246
2018-02-13,1.8671863079071045
2018-02-14,1.8611046075820923
2018-02-15,1.8732688426971436
2018-02-16,1.893541693687439
2018-02-20,1.8975964784622192
2018-02-21,1.8611046075820923
2018-02-22,1.8773226737976074
2018-02-23,1.893541693687439
2018-02-26,1.8975964784622192
2018-02-27,1.889487385749817
2018-02-28,1.9057060480117798
2018-03-01,1.9057060480117798
2018-03-02,1.893541693687439
2018-03-05,1.8975964784622192
2018-03-06,1.9057060480117798
2018-03-07,1.9259800910949707
2018-03-08,1.9300334453582764
2018-03-09,1.9381439685821533
2018-03-12,1.9462518692016602
2018-03-13,1.950307846069336
2018-03-14,1.9646326303482056
2018-03-15,1.9646326303482056
2018-03-16,1.9810044765472412
2018-03-19,1.9482609033584595
2018-03-20,1.9114240407943726
2018-03-21,1.9114240407943726
2018-03-22,1.9114240407943726
2018-03-23,1.874587059020996
2018-03-26,1.8909600973129272
2018-03-27,1.8909600973129272
2018-03-28,1.9277963638305664
2018-03-29,1.952354907989502
2018-04-02,1.9441688060760498
2018-04-03,1.952354907989502
2018-04-04,1.9564474821090698
2018-04-05,1.9318890571594238
2018-04-06,1.9564474821090698
2018-04-09,1.9728186130523682
2018-04-10,1.9687265157699585
2018-04-11,1.9646326303482056
2018-04-12,1.9482609033584595
2018-04-13,1.9379311800003052
2018-04-16,1.9461956024169922
2018-04-17,1.9668552875518799
2018-04-18,1.9585915803909302
2018-04-19,1.9296669960021973
2018-04-20,1.9090076684951782
2018-04-23,1.9379311800003052
2018-04-24,1.9296669960021973
2018-04-25,1.9296669960021973
2018-04-26,1.9296669960021973
2018-04-27,1.9461956024169922
2018-04-30,1.9544581174850464
2018-05-01,1.983383059501648
2018-05-02,1.979251503944397
2018-05-03,1.9751200675964355
2018-05-04,1.9916476011276245
2018-05-07,2.02470326423645
2018-05-08,2.020571708679199
2018-05-09,2.02470326423645
2018-05-10,2.020571708679199
2018-05-11,2.0288357734680176
2018-05-14,2.0184099674224854
2018-05-15,1.9975593090057373
2018-05-16,1.9808778762817383
2018-05-17,1.9850482940673828
2018-05-18,1.9767078161239624
2018-05-21,1.9933890104293823
2018-05-22,1.9933890104293823
2018-05-23,2.0017290115356445
2018-05-24,1.9933890104293823
2018-05-25,2.0267512798309326
2018-05-29,2.043431282043457
2018-05-30,2.060112714767456
2018-05-31,2.060112714767456
2018-06-01,2.0893049240112305
2018-06-04,2.085134983062744
2018-06-05,2.085134983062744
2018-06-06,2.097644329071045
2018-06-07,2.1143271923065186
2018-06-08,2.118496894836426
2018-06-11,2.131007671356201
2018-06-12,2.131007671356201
2018-06-13,2.101815700531006
2018-06-14,2.1333749294281006
2018-06-15,2.120750904083252
2018-06-18,2.103919744491577
2018-06-19,2.0955042839050293
2018-06-20,2.1249594688415527
2018-06-21,2.1249594688415527
2018-06-22,2.1459968090057373
2018-06-25,2.1333749294281006
2018-06-26,2.137582540512085
2018-06-27,2.1291663646698
2018-06-28,2.1502058506011963
2018-06-29,2.162829637527466
2018-07-02,2.1459968090057373
2018-07-03,2.154414653778076
2018-07-05,2.1796600818634033
2018-07-06,2.188075542449951
2018-07-09,2.1964919567108154
2018-07-10,2.188075542449951
2018-07-11,2.1796600818634033
2018-07-12,2.188075542449951
2018-07-13,2.190199136734009
2018-07-16,2.202932596206665
2018-07-17,2.190199136734009
2018-07-18,2.190199136734009
2018-07-19,2.207176446914673
2018-07-20,2.1817097663879395
2018-07-23,2.1859540939331055
2018-07-24,2.1944427490234375
2018-07-25,2.168975591659546
2018-07-26,2.1774656772613525
2018-07-27,2.1774656772613525
2018-07-30,2.1774656772613525
2018-07-31,2.1944427490234375
2018-08-01,2.1859540939331055
2018-08-02,2.1817097663879395
2018-08-03,2.1986875534057617
2018-08-06,2.1859540939331055
2018-08-07,2.1859540939331055
2018-08-08,2.1817097663879395
2018-08-09,2.190199136734009
2018-08-10,2.1859540939331055
2018-08-13,2.1944427490234375
2018-08-14,2.196584701538086
2018-08-15,2.2008659839630127
2018-08-16,2.2051475048065186
2018-08-17,2.2137115001678467
2018-08-20,2.2137115001678467
2018-08-21,2.2051475048065186
2018-08-22,2.2094287872314453
2018-08-23,2.196584701538086
2018-08-24,2.2051475048065186
2018-08-27,2.2179930210113525
2018-08-28,2.2179930210113525
2018-08-29,2.2179930210113525
2018-08-30,2.2222750186920166
2018-08-31,2.2179930210113525
2018-09-04,2.2179930210113525
2018-09-05,2.235121250152588
2018-09-06,2.2308382987976074
2018-09-07,2.2051475048065186
2018-09-10,2.2179930210113525
2018-09-11,2.2265567779541016
2018-09-12,2.2222750186920166
2018-09-13,2.2222750186920166
2018-09-14,2.2244341373443604
2018-09-17,2.21579647064209
2018-09-18,2.21579647064209
2018-09-19,2.20283842086792
2018-09-20,2.198518753051758
2018-09-21,2.1769216060638428
2018-09-24,2.1423683166503906
2018-09-25,2.146688222885132
2018-09-26,2.1250905990600586
2018-09-27,2.1207711696624756
2018-09-28,2.133729934692383
2018-10-01,2.1553268432617188
2018-10-02,2.1596457958221436
2018-10-03,2.1250905990600586
2018-10-04,2.10349440574646
2018-10-05,2.116452932357788
2018-10-08,2.1078133583068848
2018-10-09,2.094855785369873
2018-10-10,2.090536594390869
2018-10-11,2.0603013038635254
2018-10-12,2.066842555999756
2018-10-15,2.0624821186065674
2018-10-16,2.0842838287353516
2018-10-17,2.0886454582214355
2018-10-18,2.0842838287353516
2018-10-19,2.0886454582214355
2018-10-22,2.0712039470672607
2018-10-23,2.0624821186065674
2018-10-24,2.045039653778076
2018-10-25,2.0842838287353516
2018-10-26,2.0319595336914062
2018-10-29,2.0363190174102783
2018-10-30,2.0319595336914062
2018-10-31,2.045039653778076
2018-11-01,2.0101571083068848
2018-11-02,1.9839938879013062
2018-11-05,1.9839938879013062
2018-11-06,1.992714762687683
2018-11-07,2.0188779830932617
2018-11-08,2.0363190174102783
2018-11-09,2.023237705230713
2018-11-12,2.0363190174102783
2018-11-13,2.0275988578796387
2018-11-14,2.0275988578796387
2018-11-15,2.0056068897247314
2018-11-16,2.014404773712158
2018-11-19,1.9880146980285645
2018-11-20,1.9704209566116333
2018-11-21,1.974819540977478
2018-11-23,1.96602201461792
2018-11-26,1.96602201461792
2018-11-27,1.9704209566116333
2018-11-28,1.9924125671386719
2018-11-29,2.010005474090576
2018-11-30,2.0275988578796387
2018-12-03,2.04079270362854
2018-12-04,2.010005474090576
2018-12-06,2.014404773712158
2018-12-07,2.014404773712158
2018-12-10,2.0056068897247314
2018-12-11,2.0232014656066895
2018-12-12,1.9836159944534302
2018-12-13,1.9836159944534302
2018-12-14,1.9614280462265015
2018-12-17,1.8859883546829224
2018-12-18,1.8460501432418823
2018-12-19,1.8460501432418823
2018-12-20,1.7706108093261719
2018-12-21,1.7572977542877197
2018-12-24,1.7173583507537842
2018-12-26,1.7794857025146484
2018-12-27,1.7972359657287598
2018-12-28,1.8194247484207153
2018-12-31,1.8416121006011963
2019-01-02,1.8105489015579224
2019-01-03,1.8416121006011963
2019-01-04,1.8682385683059692
2019-01-07,1.9214894771575928
2019-01-08,1.9348013401031494
2019-01-09,1.9481147527694702
2019-01-10,1.9569904804229736
2019-01-11,1.9703031778335571
2019-01-14,1.983736515045166
2019-01-15,1.9926928281784058
2019-01-16,1.9882153272628784
2019-01-17,2.028517246246338
2019-01-18,1.9971717596054077
2019-01-22,1.9792592525482178
2019-01-23,1.9882153272628784
2019-01-24,1.9971717596054077
2019-01-25,2.0106048583984375
2019-01-28,2.0195600986480713
2019-01-29,2.0419509410858154
2019-01-30,2.055384635925293
2019-01-31,2.1091201305389404
2019-02-01,2.0867295265197754
2019-02-04,2.1046409606933594
2019-02-05,2.1270320415496826
2019-02-06,2.1225545406341553
2019-02-07,2.1270320415496826
2019-02-08,2.1225545406341553
2019-02-11,2.1270320415496826
2019-02-12,2.1270320415496826
2019-02-13,2.140465259552002
2019-02-14,2.140465021133423
2019-02-15,2.181107521057129
2019-02-19,2.1856229305267334
2019-02-20,2.1765925884246826
2019-02-21,2.1856229305267334
2019-02-22,2.181107521057129
2019-02-25,2.190138816833496
2019-02-26,2.181107521057129
2019-02-27,2.172076463699341
2019-02-28,2.190138816833496
2019-03-01,2.172076463699341
2019-03-04,2.181107521057129
2019-03-05,2.203685998916626
2019-03-06,2.190138816833496
2019-03-07,2.190138816833496
2019-03-08,2.190138816833496
2019-03-11,2.2217488288879395
2019-03-12,2.2217488288879395
2019-03-13,2.235295534133911
2019-03-14,2.2398481369018555
2019-03-15,2.2352962493896484
2019-03-18,2.226191282272339
2019-03-19,2.217085599899292
2019-03-20,2.230743885040283
2019-03-21,2.244400978088379
2019-03-22,2.2489540576934814
2019-03-25,2.2352962493896484
2019-03-26,2.2352962493896484
2019-03-27,2.258059024810791
2019-03-28,2.2626121044158936
2019-03-29,2.2626121044158936
2019-04-01,2.2489540576934814
2019-04-02,2.258059024810791
2019-04-03,2.258059024810791
2019-04-04,2.258059024810791
2019-04-05,2.2717161178588867
2019-04-08,2.2717161178588867
2019-04-09,2.253506898880005
2019-04-10,2.2717161178588867
2019-04-11,2.2808220386505127
2019-04-12,2.2808220386505127
2019-04-15,2.2624642848968506
2019-04-16,2.2303409576416016
2019-04-17,2.202805995941162
2019-04-18,2.2119855880737305
2019-04-22,2.189037322998047
2019-04-23,2.2303409576416016
2019-04-24,2.234929084777832
2019-04-25,2.2257511615753174
2019-04-26,2.239518880844116
2019-04-29,2.239518880844116
2019-04-30,2.27164363861084
2019-05-01,2.2808220386505127
2019-05-02,2.267054319381714
2019-05-03,2.2762327194213867
2019-05-06,2.267054319381714
2019-05-07,2.27164363861084
2019-05-08,2.2854113578796387
2019-05-09,2.2900002002716064
2019-05-10,2.308356285095215
2019-05-13,2.2991788387298584
2019-05-14,2.313056468963623
2019-05-15,2.322309732437134
2019-05-16,2.340813636779785
2019-05-17,2.322309732437134
2019-05-20,2.2945516109466553
2019-05-21,2.3084311485290527
2019-05-22,2.3084311485290527
2019-05-23,2.322309732437134
2019-05-24,2.326935052871704
2019-05-28,2.3084311485290527
2019-05-29,2.2806742191314697
2019-05-30,2.2991788387298584
2019-05-31,2.2899270057678223
2019-06-03,2.2899270057678223
2019-06-04,2.3084311485290527
2019-06-05,2.336188316345215
2019-06-06,2.33156156539917
2019-06-07,2.3500654697418213
2019-06-10,2.3593177795410156
2019-06-11,2.3731954097747803
2019-06-12,2.3917014598846436
2019-06-13,2.3870747089385986
2019-06-14,2.3963992595672607
2019-06-17,2.405724048614502
2019-06-18,2.4290356636047363
2019-06-19,2.4290356636047363
2019-06-20,2.4383602142333984
2019-06-21,2.4150478839874268
2019-06-24,2.4150478839874268
2019-06-25,2.3824121952056885
2019-06-26,2.3451132774353027
2019-06-27,2.3730878829956055
2019-06-28,2.3963992595672607
2019-07-01,2.3963992595672607
2019-07-02,2.3963992595672607
2019-07-03,2.4290356636047363
2019-07-05,2.4290356636047363
2019-07-08,2.4430224895477295
2019-07-09,2.4290356636047363
2019-07-10,2.4383602142333984
2019-07-11,2.4383602142333984
2019-07-12,2.419567823410034
2019-07-15,2.4383597373962402
2019-07-16,2.4289634227752686
2019-07-17,2.4148683547973633
2019-07-18,2.4007742404937744
2019-07-19,2.39607572555542
2019-07-22,2.4148683547973633
2019-07-23,2.4148683547973633
2019-07-24,2.4477555751800537
2019-07-25,2.443058729171753
2019-07-26,2.5229270458221436
2019-07-29,2.5370216369628906
2019-07-30,2.584003210067749
2019-07-31,2.560513496398926
2019-08-01,2.5370216369628906
2019-08-02,2.532323122024536
2019-08-05,2.4477555751800537
2019-08-06,2.4947381019592285
2019-08-07,2.5088324546813965
2019-08-08,2.555813789367676
2019-08-09,2.5511157512664795
2019-08-12,2.541720390319824
2019-08-13,2.5229270458221436
2019-08-14,2.53239369392395
2019-08-15,2.5229270458221436
2019-08-16,2.556061267852783
2019-08-19,2.5844619274139404
2019-08-20,2.570261001586914
2019-08-21,2.570261001586914
2019-08-22,2.570261001586914
2019-08-23,2.5749940872192383
2019-08-26,2.603395700454712
2019-08-27,2.5655274391174316
2019-08-28,2.5797290802001953
2019-08-29,2.5986626148223877
2019-08-30,2.5939290523529053
2019-09-03,2.6223292350769043
2019-09-04,2.655463218688965
2019-09-05,2.655463218688965
2019-09-06,2.6507301330566406
2019-09-09,2.6365296840667725
2019-09-10,2.6223292350769043
2019-09-11,2.6365296840667725
2019-09-12,2.683863401412964
2019-09-13,2.6457278728485107
2019-09-16,2.6552624702453613
2019-09-17,2.640960216522217
2019-09-18,2.621891975402832
2019-09-19,2.6790964603424072
2019-09-20,2.69816517829895
2019-09-23,2.702932357788086
2019-09-24,2.6743295192718506
2019-09-25,2.683863878250122
2019-09-26,2.7124664783477783
2019-09-27,2.6790964603424072
2019-09-30,2.702932357788086
2019-10-01,2.664795160293579
2019-10-02,2.6600277423858643
2019-10-03,2.6790964603424072
2019-10-04,2.669562578201294
2019-10-07,2.669562578201294
2019-10-08,2.6600277423858643
2019-10-09,2.6933984756469727
2019-10-10,2.664795160293579
2019-10-11,2.698406457901001
2019-10-14,2.73201584815979
2019-10-15,2.74161958694458
2019-10-16,2.7032077312469482
2019-10-17,2.7368173599243164
2019-10-18,2.7560222148895264
2019-10-21,2.76082444190979
2019-10-22,2.746419906616211
2019-10-23,2.7704272270202637
2019-10-24,2.76082444190979
2019-10-25,2.698406457901001
2019-10-28,2.6551942825317383
2019-10-29,2.664795398712158
2019-10-30,2.67919921875
2019-10-31,2.67919921875
2019-11-01,2.693603515625
2019-11-04,2.674398899078369
2019-11-05,2.645590305328369
2019-11-06,2.674398899078369
2019-11-07,2.650391101837158
2019-11-08,2.6551942825317383
2019-11-11,2.650391101837158
2019-11-12,2.6359875202178955
2019-11-13,2.674398899078369
2019-11-14,2.6937434673309326
2019-11-15,2.659891128540039
2019-11-18,2.732434034347534
2019-11-19,2.7227606773376465
2019-11-20,2.713088035583496
2019-11-21,2.698579788208008
2019-11-22,2.703415870666504
2019-11-25,2.7082512378692627
2019-11-26,2.746940851211548
2019-11-27,2.7227606773376465
2019-11-29,2.7372689247131348
2019-12-02,2.717924118041992
2019-12-03,2.746940851211548
2019-12-04,2.751777172088623
2019-12-05,2.7421038150787354
2019-12-06,2.746940851211548
2019-12-09,2.751777172088623
2019-12-10,2.7614502906799316
2019-12-11,2.7662861347198486
2019-12-12,2.751777172088623
2019-12-13,2.77125883102417
2019-12-16,2.737165689468384
2019-12-17,2.693333148956299
2019-12-18,2.693333148956299
2019-12-19,2.7128143310546875
2019-12-20,2.7274255752563477
2019-12-23,2.7420363426208496
2019-12-24,2.7420363426208496
2019-12-26,2.7079451084136963
2019-12-27,2.693333148956299
2019-12-30,2.7079451084136963
2019-12-31,2.717684030532837
2020-01-02,2.6982040405273438
2020-01-03,2.7030742168426514
2020-01-06,2.7030742168426514
2020-01-07,2.7079451084136963
2020-01-08,2.7030742168426514
2020-01-09,2.7030742168426514
2020-01-10,2.7128143310546875
2020-01-13,2.751779079437256
2020-01-14,2.771399736404419
2020-01-15,2.7959227561950684
2020-01-16,2.7959227561950684
2020-01-17,2.77630352973938
2020-01-21,2.7959227561950684
2020-01-22,2.8155438899993896
2020-01-23,2.820448875427246
2020-01-24,2.805734395980835
2020-01-27,2.805734395980835
2020-01-28,2.830259323120117
2020-01-29,2.8155438899993896
2020-01-30,2.830259323120117
2020-01-31,2.8008289337158203
2020-02-03,2.835165500640869
2020-02-04,2.8645949363708496
2020-02-05,2.9087424278259277
2020-02-06,2.9283623695373535
2020-02-07,2.9185523986816406
2020-02-10,2.9381728172302246
2020-02-11,2.962698459625244
2020-02-12,2.967604160308838
2020-02-13,2.9577929973602295
2020-02-14,2.9874215126037598
2020-02-18,2.9676685333251953
2020-02-19,2.923229217529297
2020-02-20,2.962731122970581
2020-02-21,2.9577932357788086
2020-02-24,2.8590357303619385
2020-02-25,2.750401258468628
2020-02-26,2.7306504249572754
2020-02-27,2.5775763988494873
2020-02-28,2.4541285037994385
2020-03-02,2.651643991470337
2020-03-03,2.6565816402435303
2020-03-04,2.7553389072418213
2020-03-05,2.7059614658355713
2020-03-06,2.6368303298950195
2020-03-09,2.439314126968384
2020-03-10,2.3948748111724854
2020-03-11,2.1825456619262695
2020-03-12,1.896147608757019
2020-03-13,1.9360666275024414
2020-03-16,1.5718064308166504
2020-03-17,1.5119277238845825
2020-03-18,1.1227192878723145
2020-03-19,1.1925770044326782
2020-03-20,1.3273037672042847
2020-03-23,1.1177297830581665
2020-03-24,1.252455234527588
2020-03-25,1.4221104383468628
2020-03-26,1.6566344499588013
2020-03-27,1.636675238609314
2020-03-30,1.581785798072815
2020-03-31,1.49695885181427
2020-04-01,1.3672229051589966
2020-04-02,1.3722127676010132
2020-04-03,1.3322935104370117
2020-04-06,1.4420708417892456
2020-04-07,1.5268982648849487
2020-04-08,1.6566344499588013
2020-04-09,1.796351432800293
2020-04-13,1.7215029001235962
2020-04-14,1.7871321439743042
2020-04-15,1.6760674715042114
2020-04-16,1.671019434928894
2020-04-17,1.69121253490448
2020-04-20,1.6104381084442139
2020-04-21,1.6104381084442139
2020-04-22,1.645777702331543
2020-04-23,1.595292568206787
2020-04-24,1.595292568206787
2020-04-27,1.6356797218322754
2020-04-28,1.671019434928894
2020-04-29,1.7164545059204102
2020-04-30,1.7366480827331543
2020-05-01,1.6760674715042114
2020-05-04,1.6508251428604126
2020-05-05,1.6508251428604126
2020-05-06,1.6104381084442139
2020-05-07,1.640728235244751
2020-05-08,1.671019434928894
2020-05-11,1.6558737754821777
2020-05-12,1.6003416776657104
2020-05-13,1.5851964950561523
2020-05-14,1.544287085533142
2020-05-15,1.5340601205825806
2020-05-18,1.6261043548583984
2020-05-19,1.6312179565429688
2020-05-20,1.6721255779266357
2020-05-21,1.6618989706039429
2020-05-22,1.6670128107070923
2020-05-26,1.7079211473464966
2020-05-27,1.7437162399291992
2020-05-28,1.779510259628296
2020-05-29,1.774397611618042
2020-06-01,1.8511000871658325
2020-06-02,1.8715541362762451
2020-06-03,1.943143606185913
2020-06-04,1.9278028011322021
2020-06-05,1.98916494846344
2020-06-08,2.0556414127349854
2020-06-09,2.0351874828338623
2020-06-10,2.00961971282959
2020-06-11,1.8459852933883667
2020-06-12,1.9287199974060059
2020-06-15,1.9287199974060059
2020-06-16,1.949403166770935
2020-06-17,1.9338897466659546
2020-06-18,1.949403166770935
2020-06-19,1.923548698425293
2020-06-22,1.9080358743667603
2020-06-23,1.8976939916610718
2020-06-24,1.8356444835662842
2020-06-25,1.8563283681869507
2020-06-26,1.8304743766784668
2020-06-29,1.8614991903305054
2020-06-30,1.8770111799240112
2020-07-01,1.9287199974060059
2020-07-02,1.923548698425293
2020-07-06,1.9183778762817383
2020-07-07,1.8821816444396973
2020-07-08,1.8770111799240112
2020-07-09,1.8614991903305054
2020-07-10,1.8770111799240112
2020-07-13,1.8821816444396973
2020-07-14,1.8821829557418823
2020-07-15,1.8664971590042114
2020-07-16,1.8874099254608154
2020-07-17,1.9030951261520386
2020-07-20,1.8664971590042114
2020-07-21,1.8978674411773682
2020-07-22,1.9292364120483398
2020-07-23,1.9030951261520386
2020-07-24,1.960606336593628
2020-07-27,1.9762910604476929
2020-07-28,1.9972041845321655
2020-07-29,2.0442590713500977
2020-07-30,2.033801794052124
2020-07-31,2.0181169509887695
2020-08-03,2.0128886699676514
2020-08-04,2.0547163486480713
2020-08-05,2.0547163486480713
2020-08-06,2.080857276916504
2020-08-07,2.1331393718719482
2020-08-10,2.1540539264678955
2020-08-11,2.0965418815612793
2020-08-12,2.1226844787597656
2020-08-13,2.2220208644866943
2020-08-14,2.163963556289673
2020-08-17,2.1428520679473877
2020-08-18,2.1481292247772217
2020-08-19,2.1217401027679443
2020-08-20,2.1164615154266357
2020-08-21,2.0584042072296143
2020-08-24,2.0636820793151855
2020-08-25,2.1111836433410645
2020-08-26,2.0003461837768555
2020-08-27,2.0003461837768555
2020-08-28,2.0531256198883057
2020-08-31,2.0742380619049072
2020-09-01,2.100628137588501
2020-09-02,2.1270174980163574
2020-09-03,2.042570114135742
2020-09-04,2.0320138931274414
2020-09-08,2.0056240558624268
2020-09-09,2.0531256198883057
2020-09-10,2.016179323196411
2020-09-11,2.0056240558624268
2020-09-14,2.037628412246704
2020-09-15,2.053631544113159
2020-09-16,2.0642995834350586
2020-09-17,2.0216264724731445
2020-09-18,2.0162928104400635
2020-09-21,1.946948766708374
2020-09-22,1.9682855606079102
2020-09-23,1.9256118535995483
2020-09-24,1.9362815618515015
2020-09-25,1.9629523754119873
2020-09-28,2.0162928104400635
2020-09-29,1.9789538383483887
2020-09-30,1.9789538383483887
2020-10-01,2.0429635047912598
2020-10-02,2.074968099594116
2020-10-05,2.1069724559783936
2020-10-06,2.1123063564300537
2020-10-07,2.1229746341705322
2020-10-08,2.160313844680786
2020-10-09,2.1496458053588867
2020-10-12,2.1656477451324463
2020-10-13,2.133643627166748
2020-10-14,2.0905392169952393
2020-10-15,2.1067028045654297
2020-10-16,2.0959274768829346
2020-10-19,2.0420467853546143
2020-10-20,2.063599109649658
2020-10-21,2.0366592407226562
2020-10-22,2.047435998916626
2020-10-23,2.0528228282928467
2020-10-26,2.0204946994781494
2020-10-27,2.0204946994781494
2020-10-28,1.9612268209457397
2020-10-29,1.9881668090820312
2020-10-30,1.9935548305511475
2020-11-02,2.025883197784424
2020-11-03,2.0582115650177
2020-11-04,2.0528228282928467
2020-11-05,2.0743744373321533
2020-11-06,2.063599109649658
2020-11-09,2.1282551288604736
2020-11-10,2.165971040725708
2020-11-11,2.171359062194824
2020-11-12,2.139031410217285
2020-11-13,2.171687364578247
2020-11-16,2.1880154609680176
2020-11-17,2.198902130126953
2020-11-18,2.1934592723846436
2020-11-19,2.1880154609680176
2020-11-20,2.198902130126953
2020-11-23,2.226116180419922
2020-11-24,2.296872854232788
2020-11-25,2.313201665878296
2020-11-27,2.3077588081359863
2020-11-30,2.2805442810058594
2020-12-01,2.3077588081359863
2020-12-02,2.3186442852020264
2020-12-03,2.3621864318847656
2020-12-04,2.4111721515655518
2020-12-07,2.4002864360809326
2020-12-08,2.4111721515655518
2020-12-09,2.4111721515655518
2020-12-10,2.4220569133758545
2020-12-11,2.4220569133758545
2020-12-14,2.433042526245117
2020-12-15,2.4714877605438232
2020-12-16,2.487964153289795
2020-12-17,2.4714877605438232
2020-12-18,2.405580997467041
2020-12-21,2.389104127883911
2020-12-22,2.416565179824829
2020-12-23,2.3836121559143066
2020-12-24,2.3945960998535156
2020-12-28,2.3726277351379395
2020-12-29,2.3836121559143066
2020-12-30,2.3781206607818604
2020-12-31,2.422057628631592
2021-01-04,2.1858937740325928
2021-01-05,2.18040132522583
2021-01-06,2.1858937740325928
2021-01-07,2.1968777179718018
2021-01-08,2.1968777179718018
2021-01-11,2.1968777179718018
2021-01-12,2.1858937740325928
2021-01-13,2.2298309803009033
2021-01-14,2.2359189987182617
2021-01-15,2.258056879043579
2021-01-19,2.2414543628692627
2021-01-20,2.285729169845581
2021-01-21,2.2635915279388428
2021-01-22,2.341074228286743
2021-01-25,2.390883207321167
2021-01-26,2.396418571472168
2021-01-27,2.3466086387634277
2021-01-28,2.3300044536590576
2021-01-29,2.3023324012756348
2021-02-01,2.3300044536590576
2021-02-02,2.352142333984375
2021-02-03,2.3466086387634277
2021-02-04,2.352142333984375
2021-02-05,2.368746042251587
2021-02-08,2.363210678100586
2021-02-09,2.3853485584259033
2021-02-10,2.4019527435302734
2021-02-11,2.4240896701812744
2021-02-12,2.402351140975952
2021-02-16,2.4190735816955566
2021-02-17,2.4135005474090576
2021-02-18,2.3744821548461914
2021-02-19,2.4079253673553467
2021-02-22,2.402351140975952
2021-02-23,2.4135005474090576
2021-02-24,2.4469428062438965
2021-02-25,2.396777868270874
2021-02-26,2.3856310844421387
2021-03-01,2.4135005474090576
2021-03-02,2.4135005474090576
2021-03-03,2.391204595565796
2021-03-04,2.363335132598877
2021-03-05,2.3856310844421387
2021-03-08,2.391204595565796
2021-03-09,2.4135005474090576
2021-03-10,2.4302210807800293
2021-03-11,2.441368579864502
2021-03-12,2.4924533367156982
2021-03-15,2.5036799907684326
2021-03-16,2.4980661869049072
2021-03-17,2.4924533367156982
2021-03-18,2.453157663345337
2021-03-19,2.4643845558166504
2021-03-22,2.469998359680176
2021-03-23,2.469998359680176
2021-03-24,2.469998359680176
2021-03-25,2.4868388175964355
2021-03-26,2.5036799907684326
2021-03-29,2.526135206222534
2021-03-30,2.542975664138794
2021-03-31,2.5598161220550537
2021-04-01,2.587885618209839
2021-04-05,2.593498706817627
2021-04-06,2.6047260761260986
2021-04-07,2.5991125106811523
2021-04-08,2.638408660888672
2021-04-09,2.593498706817627
2021-04-12,2.6047260761260986
2021-04-13,2.6327943801879883
2021-04-14,2.6616146564483643
2021-04-15,2.6616146564483643
2021-04-16,2.639010429382324
2021-04-19,2.655963182449341
2021-04-20,2.6446611881256104
2021-04-21,2.684217929840088
2021-04-22,2.6729156970977783
2021-04-23,2.684217929840088
2021-04-26,2.684217929840088
2021-04-27,2.6729156970977783
2021-04-28,2.6955196857452393
2021-04-29,2.6955196857452393
2021-04-30,2.7068209648132324
2021-05-03,2.6898694038391113
2021-05-04,2.684217929840088
2021-05-05,2.650312900543213
2021-05-06,2.650312900543213
2021-05-07,2.67856764793396
2021-05-10,2.6898694038391113
2021-05-11,2.639010429382324
2021-05-12,2.571197748184204
2021-05-13,2.605104446411133
2021-05-14,2.6284306049346924
2021-05-17,2.645498275756836
2021-05-18,2.6625654697418213
2021-05-19,2.6625654697418213
2021-05-20,2.69670033454895
2021-05-21,2.69670033454895
2021-05-24,2.7308366298675537
2021-05-25,2.7365264892578125
2021-05-26,2.7706611156463623
2021-05-27,2.7706611156463623
2021-05-28,2.8047966957092285
2021-06-01,2.8104865550994873
2021-06-02,2.8389313220977783
2021-06-03,2.8047966957092285
2021-06-04,2.8218636512756348
2021-06-07,2.890134811401367
2021-06-08,2.9015133380889893
2021-06-09,2.9015133380889893
2021-06-10,2.912891149520874
2021-06-11,2.918581247329712
2021-06-14,2.9191534519195557
2021-06-15,2.867640256881714
2021-06-16,2.867640256881714
2021-06-17,2.8390185832977295
2021-06-18,2.764610528945923
2021-06-21,2.833296537399292
2021-06-22,2.8104023933410645
2021-06-23,2.8218488693237305
2021-06-24,2.844743251800537
2021-06-25,2.861915349960327
2021-06-28,2.867640256881714
2021-06-29,2.89625883102417
2021-06-30,2.87908673286438
2021-07-01,2.867640256881714
2021-07-02,2.8905351161956787
2021-07-06,2.9191534519195557
2021-07-07,2.9363250732421875
2021-07-08,2.9191534519195557
2021-07-09,2.9420487880706787
2021-07-12,2.9763917922973633
2021-07-13,2.9191534519195557
2021-07-14,2.9773178100585938
2021-07-15,2.954282522201538
2021-07-16,2.942765235900879
2021-07-19,2.8563811779022217
2021-07-20,2.9312472343444824
2021-07-21,2.9370062351226807
2021-07-22,2.879417896270752
2021-07-23,2.9312472343444824
2021-07-26,2.9197301864624023
2021-07-27,2.9370062351226807
2021-07-28,2.9312472343444824
2021-07-29,2.9658005237579346
2021-07-30,2.983076333999634
2021-08-02,2.988835573196411
2021-08-03,2.954282522201538
2021-08-04,2.9197301864624023
2021-08-05,2.9485230445861816
2021-08-06,2.942765235900879
2021-08-09,2.9312472343444824
2021-08-10,2.9485230445861816
2021-08-11,2.9715590476989746
2021-08-12,2.9658005237579346
2021-08-13,2.9489986896514893
2021-08-16,2.943204641342163
2021-08-17,2.966379404067993
2021-08-18,2.9547924995422363
2021-08-19,2.9605860710144043
2021-08-20,2.9489986896514893
2021-08-23,2.937410593032837
2021-08-24,2.9316177368164062
2021-08-25,2.943204641342163
2021-08-26,2.9547924995422363
2021-08-27,2.9605860710144043
2021-08-30,2.9837610721588135
2021-08-31,3.001141309738159
2021-09-01,3.0301108360290527
2021-09-02,3.0474905967712402
2021-09-03,3.0474905967712402
2021-09-07,3.0069351196289062
2021-09-08,3.0359039306640625
2021-09-09,3.0127294063568115
2021-09-10,2.9837610721588135
2021-09-13,2.989553928375244
2021-09-14,2.955164670944214
2021-09-15,2.9784798622131348
2021-09-16,2.9784798622131348
2021-09-17,2.9609932899475098
2021-09-20,2.891047477722168
2021-09-21,2.9085350036621094
2021-09-22,2.926020860671997
2021-09-23,2.9318490028381348
2021-09-24,2.896876573562622
2021-09-27,2.850248098373413
2021-09-28,2.7977895736694336
2021-09-29,2.8211045265197754
2021-09-30,2.7977895736694336
2021-10-01,2.850248098373413
2021-10-04,2.850248098373413
2021-10-05,2.844419479370117
2021-10-06,2.844419479370117
2021-10-07,2.8385908603668213
2021-10-08,2.844419479370117
2021-10-11,2.8385908603668213
2021-10-12,2.856076240539551
2021-10-13,2.8677330017089844
2021-10-14,2.903514862060547
2021-10-15,2.9211103916168213
2021-10-18,2.909379720687866
2021-10-19,2.9269771575927734
2021-10-20,2.944573402404785
2021-10-21,2.9152448177337646
2021-10-22,2.9269771575927734
2021-10-25,2.938709020614624
2021-10-26,2.944573402404785
2021-10-27,2.938709020614624
2021-10-28,2.950439691543579
2021-10-29,2.944573402404785
2021-11-01,2.956305742263794
2021-11-02,2.956305742263794
2021-11-03,2.9797682762145996
2021-11-04,2.962172031402588
2021-11-05,2.9739010334014893
2021-11-08,2.956305742263794
2021-11-09,2.962172031402588
2021-11-10,2.956305742263794
2021-11-11,2.962172031402588
2021-11-12,2.956859827041626
2021-11-15,2.9627604484558105
2021-11-16,2.9686625003814697
2021-11-17,2.9509575366973877
2021-11-18,2.9509575366973877
2021-11-19,2.956859827041626
2021-11-22,2.939152479171753
2021-11-23,2.9745657444000244
2021-11-24,2.998173236846924
2021-11-26,2.939152479171753
2021-11-29,2.9509575366973877
2021-11-30,2.9096436500549316
2021-12-01,2.85652756690979
2021-12-02,2.915546417236328
2021-12-03,2.8860373497009277
2021-12-06,2.9627604484558105
2021-12-07,3.004075288772583
2021-12-08,3.015878200531006
2021-12-09,3.004075288772583
2021-12-10,3.015878200531006
2021-12-13,3.0394861698150635
2021-12-14,3.0222678184509277
2021-12-15,3.0103912353515625
2021-12-16,3.0341427326202393
2021-12-17,3.0163300037384033
2021-12-20,2.9747653007507324
2021-12-21,3.0103912353515625
2021-12-22,3.0400798320770264
2021-12-23,3.0341427326202393
2021-12-27,3.0757057666778564
2021-12-28,3.0638303756713867
2021-12-29,3.0935189723968506
2021-12-30,3.117269992828369
2021-12-31,3.129145383834839
2022-01-03,3.0994577407836914
2022-01-04,3.1113321781158447
2022-01-05,3.0222678184509277
2022-01-06,3.0638303756713867
2022-01-07,3.069767475128174
2022-01-10,3.0638303756713867
2022-01-11,3.0638303756713867
2022-01-12,3.0757057666778564
2022-01-13,3.081644296646118
2022-01-14,3.0404274463653564
2022-01-18,3.034454822540283
2022-01-19,2.980693817138672
2022-01-20,2.9627740383148193
2022-01-21,2.8791468143463135
2022-01-24,2.8731751441955566
2022-01-25,2.891094207763672
2022-01-26,2.867201328277588
2022-01-27,2.801494598388672
2022-01-28,2.8731751441955566
2022-01-31,2.9090142250061035
2022-02-01,2.920961380004883
2022-02-02,2.9627740383148193
2022-02-03,2.9090142250061035
2022-02-04,2.8731751441955566
2022-02-07,2.8791468143463135
2022-02-08,2.8433072566986084
2022-02-09,2.867201328277588
2022-02-10,2.8313605785369873
2022-02-11,2.8074686527252197
2022-02-14,2.7479398250579834
2022-02-15,2.7659780979156494
2022-02-16,2.790029525756836
2022-02-17,2.7479398250579834
2022-02-18,2.7539517879486084
2022-02-22,2.7118611335754395
2022-02-23,2.651731252670288
2022-02-24,2.7058470249176025
2022-02-25,2.7840168476104736
2022-02-28,2.7659780979156494
2022-03-01,2.7539517879486084
2022-03-02,2.802056074142456
2022-03-03,2.802056074142456
2022-03-04,2.8080687522888184
2022-03-07,2.7719907760620117
2022-03-08,2.8080687522888184
2022-03-09,2.862185001373291
2022-03-10,2.898263692855835
2022-03-11,2.8742122650146484
2022-03-14,2.8142950534820557
2022-03-15,2.7416677474975586
2022-03-16,2.820347785949707
2022-03-17,2.8687658309936523
2022-03-18,2.905078887939453
2022-03-21,2.8627121448516846
2022-03-22,2.8566606044769287
2022-03-23,2.8808693885803223
2022-03-24,2.9111313819885254
2022-03-25,2.9292876720428467
2022-03-28,2.941391944885254
2022-03-29,2.9777040481567383
2022-03-30,3.0200717449188232
2022-03-31,3.0200717449188232
2022-04-01,3.0503323078155518
2022-04-04,3.0140185356140137
2022-04-05,2.989807605743408
2022-04-06,2.9656012058258057
2022-04-07,2.941391944885254
2022-04-08,2.9595487117767334
2022-04-11,2.905078887939453
2022-04-12,2.9292876720428467
2022-04-13,2.917182683944702
2022-04-14,2.899517297744751
2022-04-18,2.9056084156036377
2022-04-19,2.942157506942749
2022-04-20,2.984797477722168
2022-04-21,2.942157506942749
2022-04-22,2.9177918434143066
2022-04-25,2.9117002487182617
2022-04-26,2.8751516342163086
2022-04-27,2.8751516342163086
2022-04-28,2.942157506942749
2022-04-29,2.832512617111206
2022-05-02,2.7959635257720947
2022-05-03,2.8568778038024902
2022-05-04,2.899517297744751
2022-05-05,2.814237594604492
2022-05-06,2.7959635257720947
2022-05-09,2.6680424213409424
2022-05-10,2.649768590927124
2022-05-11,2.7167751789093018
2022-05-12,2.6863176822662354
2022-05-13,2.69920015335083
2022-05-16,2.7114689350128174
2022-05-17,2.7360074520111084
2022-05-18,2.6562585830688477
2022-05-19,2.6562585830688477
2022-05-20,2.643989324569702
2022-05-23,2.686929702758789
2022-05-24,2.7176036834716797
2022-05-25,2.7482759952545166
2022-05-26,2.7912180423736572
2022-05-27,2.883236885070801
2022-05-31,2.870967388153076
2022-06-01,2.8464291095733643
2022-06-02,2.864832878112793
2022-06-03,2.834160089492798
2022-06-06,2.840294599533081
2022-06-07,2.834160089492798
2022-06-08,2.8157565593719482
2022-06-09,2.766679286956787
2022-06-10,2.7237370014190674
2022-06-13,2.5642404556274414
2022-06-14,2.4968740940093994
2022-06-15,2.5154149532318115
2022-06-16,2.385626792907715
2022-06-17,2.3794467449188232
2022-06-21,2.4227097034454346
2022-06-22,2.4474310874938965
2022-06-23,2.4968740940093994
2022-06-24,2.5401368141174316
2022-06-27,2.503054141998291
2022-06-28,2.4968740940093994
2022-06-29,2.478332757949829
2022-06-30,2.484513521194458
2022-07-01,2.5215957164764404
2022-07-05,2.5154149532318115
2022-07-06,2.527775764465332
2022-07-07,2.5401368141174316
2022-07-08,2.527775764465332
2022-07-11,2.527775764465332
2022-07-12,2.527775764465332
2022-07-13,2.5339558124542236
2022-07-14,2.478531837463379
2022-07-15,2.534578800201416
2022-07-18,2.497213840484619
2022-07-19,2.534578800201416
2022-07-20,2.5532610416412354
2022-07-21,2.559488534927368
2022-07-22,2.5532610416412354
2022-07-25,2.5719432830810547
2022-07-26,2.5470337867736816
2022-07-27,2.5843987464904785
2022-07-28,2.684037923812866
2022-07-29,2.7338576316833496
2022-08-01,2.7463128566741943
2022-08-02,2.715175151824951
2022-08-03,2.6964924335479736
2022-08-04,2.70894718170166
2022-08-05,2.70894718170166
2022-08-08,2.70894718170166
2022-08-09,2.7027199268341064
2022-08-10,2.7463128566741943
2022-08-11,2.7338576316833496
2022-08-12,2.765843629837036
2022-08-15,2.765843629837036
2022-08-16,2.765843629837036
2022-08-17,2.7344844341278076
2022-08-18,2.7156691551208496
2022-08-19,2.678039073944092
2022-08-22,2.640408515930176
2022-08-23,2.5965065956115723
2022-08-24,2.6027774810791016
2022-08-25,2.6278650760650635
2022-08-26,2.58396315574646
2022-08-29,2.5776913166046143
2022-08-30,2.546332359313965
2022-08-31,2.558875799179077
2022-09-01,2.5526039600372314
2022-09-02,2.521244764328003
2022-09-06,2.521244764328003
2022-09-07,2.565147638320923
2022-09-08,2.54006028175354
2022-09-09,2.558875799179077
2022-09-12,2.6027774810791016
2022-09-13,2.5275168418884277
2022-09-14,2.528148651123047
2022-09-15,2.5028672218322754
2022-09-16,2.464944839477539
2022-09-19,2.445983648300171
2022-09-20,2.3701395988464355
2022-09-21,2.344858169555664
2022-09-22,2.3069355487823486
2022-09-23,2.1994893550872803
2022-09-26,2.111003875732422
2022-09-27,2.0857231616973877
2022-09-28,2.161567449569702
2022-09-29,2.155247211456299
2022-09-30,2.1362857818603516
2022-10-03,2.193169116973877
2022-10-04,2.2500522136688232
2022-10-05,2.2310914993286133
2022-10-06,2.1742072105407715
2022-10-07,2.1046836376190186
2022-10-10,2.092043399810791
2022-10-11,2.1046836376190186
2022-10-12,2.0604407787323
2022-10-13,2.148926019668579
2022-10-14,2.0538861751556396
2022-10-17,2.1049153804779053
2022-10-18,2.1049153804779053
2022-10-19,2.0538861751556396
2022-10-20,2.0156145095825195
2022-10-21,2.028371810913086
2022-10-24,2.0347514152526855
2022-10-25,2.0985360145568848
2022-10-26,2.0857791900634766
2022-10-27,2.1176717281341553
2022-10-28,2.149564266204834
2022-10-31,2.143185615539551
2022-11-01,2.149564266204834
2022-11-02,2.1176717281341553
2022-11-03,2.1240506172180176
2022-11-04,2.1240506172180176
2022-11-07,2.0985360145568848
2022-11-08,2.1240506172180176
2022-11-09,2.1112935543060303
2022-11-10,2.2579991817474365
2022-11-11,2.3217852115631104
2022-11-14,2.2516613006591797
2022-11-15,2.2452280521392822
2022-11-16,2.2259280681610107
2022-11-17,2.1808948516845703
2022-11-18,2.2130606174468994
2022-11-21,2.2387943267822266
2022-11-22,2.232361316680908
2022-11-23,2.2516613006591797
2022-11-25,2.2516613006591797
2022-11-28,2.219494581222534
2022-11-29,2.2259280681610107
2022-11-30,2.277395009994507
2022-12-01,2.303128242492676
2022-12-02,2.3159947395324707
2022-12-05,2.2580947875976562
2022-12-06,2.1937618255615234
2022-12-07,2.219494581222534
2022-12-08,2.232361316680908
2022-12-09,2.2130606174468994
2022-12-12,2.2387943267822266
2022-12-13,2.2709615230560303
2022-12-14,2.265120267868042
2022-12-15,2.258629322052002
2022-12-16,2.1807453632354736
2022-12-19,2.12882399559021
2022-12-20,2.12233304977417
2022-12-21,2.1418039798736572
2022-12-22,2.0769007205963135
2022-12-23,2.09637188911438
2022-12-27,2.044450044631958
2022-12-28,1.9795458316802979
2022-12-29,2.0119969844818115
2022-12-30,2.031467914581299
2023-01-03,2.09637188911438
2023-01-04,2.154784679412842
2023-01-05,2.089881420135498
2023-01-06,2.1612751483917236
2023-01-09,2.174255847930908
2023-01-10,2.1937263011932373
2023-01-11,2.265120267868042
2023-01-12,2.2845914363861084
2023-01-13,2.2917940616607666
2023-01-17,2.298341751098633
2023-01-18,2.245957136154175
2023-01-19,2.2525057792663574
2023-01-20,2.2721493244171143
2023-01-23,2.278697967529297
2023-01-24,2.2917940616607666
2023-01-25,2.298341751098633
2023-01-26,2.298341751098633
2023-01-27,2.337629556655884
2023-01-30,2.3114373683929443
2023-01-31,2.363820791244507
2023-02-01,2.403109312057495
2023-02-02,2.4685885906219482
2023-02-03,2.3965611457824707
2023-02-06,2.3965611457824707
2023-02-07,2.383465051651001
2023-02-08,2.3769168853759766
2023-02-09,2.3441779613494873
2023-02-10,2.35072660446167
2023-02-13,2.3965611457824707
2023-02-14,2.390617609024048
2023-02-15,2.410428762435913
2023-02-16,2.390617609024048
2023-02-17,2.357597827911377
2023-02-21,2.2651431560516357
2023-02-22,2.258539915084839
2023-02-23,2.2651431560516357
2023-02-24,2.2255191802978516
2023-02-27,2.2189157009124756
2023-02-28,2.2189157009124756
2023-03-01,2.1792917251586914
2023-03-02,2.1924996376037598
2023-03-03,2.212311267852783
2023-03-06,2.2255191802978516
2023-03-07,2.172687292098999
2023-03-08,2.1858959197998047
2023-03-09,2.1462721824645996
2023-03-10,2.0670251846313477
2023-03-13,2.034005880355835
2023-03-14,2.061356544494629
2023-03-15,2.028001546859741
2023-03-16,2.048015594482422
2023-03-17,1.9813038110733032
2023-03-20,1.9879752397537231
2023-03-21,1.994645595550537
2023-03-22,1.9412778615951538
2023-03-23,1.9145945310592651
2023-03-24,1.9412778615951538
2023-03-27,1.9479492902755737
2023-03-28,1.9479492902755737
2023-03-29,1.967962384223938
2023-03-30,1.9879752397537231
2023-03-31,2.0546863079071045
2023-04-03,2.0546863079071045
2023-04-04,2.061356544494629
2023-04-05,2.028001546859741
2023-04-06,2.0346732139587402
2023-04-10,2.0413436889648438
2023-04-11,2.0680291652679443
2023-04-12,2.0546863079071045
2023-04-13,2.048015594482422
2023-04-14,2.008254289627075
2023-04-17,2.0554275512695312
2023-04-18,2.0284714698791504
2023-04-19,2.021732807159424
2023-04-20,1.9947766065597534
2023-04-21,2.0015158653259277
2023-04-24,1.9745593070983887
2023-04-25,1.9408633708953857
2023-04-26,1.9408633708953857
2023-04-27,1.9880366325378418
2023-04-28,2.014993906021118
2023-05-01,2.021732807159424
2023-05-02,1.9610813856124878
2023-05-03,1.954342007637024
2023-05-04,1.9408633708953857
2023-05-05,1.9678196907043457
2023-05-08,1.9745593070983887
2023-05-09,1.9610813856124878
2023-05-10,1.9745593070983887
2023-05-11,1.9408633708953857
2023-05-12,1.9483572244644165
2023-05-15,1.9483572244644165
2023-05-16,1.9211070537567139
2023-05-17,1.9279199838638306
2023-05-18,1.9142948389053345
2023-05-19,1.9006699323654175
2023-05-22,1.9211070537567139
2023-05-23,1.8870444297790527
2023-05-24,1.8529833555221558
2023-05-25,1.8393574953079224
2023-05-26,1.8666082620620728
2023-05-30,1.8870444297790527
2023-05-31,1.9211070537567139
2023-06-01,1.9483572244644165
2023-06-02,1.9960448741912842
2023-06-05,1.9892311096191406
2023-06-06,2.0096683502197266
2023-06-07,2.0369184017181396
2023-06-08,2.0301060676574707
2023-06-09,2.016481399536133
2023-06-12,2.0232934951782227
2023-06-13,2.0505430698394775
2023-06-14,2.058115243911743
2023-06-15,2.0374648571014404
2023-06-16,2.023698329925537
2023-06-20,1.9892817735671997
2023-06-21,1.9823986291885376
2023-06-22,1.9617488384246826
2023-06-23,1.9617488384246826
2023-06-26,2.0099313259124756
2023-06-27,2.058115243911743
2023-06-28,2.0443484783172607
2023-06-29,2.0856478214263916
2023-06-30,2.092531204223633
2023-07-03,2.140713930130005
2023-07-05,2.1338307857513428
2023-07-06,2.106297731399536
2023-07-07,2.1269474029541016
2023-07-10,2.1200647354125977
2023-07-11,2.1544806957244873
2023-07-12,2.175131320953369
2023-07-13,2.1820147037506104
2023-07-14,2.1549038887023926
2023-07-17,2.1479530334472656
2023-07-18,2.1270997524261475
2023-07-19,2.1688072681427
2023-07-20,2.1410019397735596
2023-07-21,2.1479530334472656
2023-07-24,2.1688072681427
2023-07-25,2.161855697631836
2023-07-26,2.1688072681427
2023-07-27,2.1549038887023926
2023-07-28,2.1479530334472656
2023-07-31,2.1827096939086914
2023-08-01,2.19661283493042
2023-08-02,2.1549038887023926
2023-08-03,2.1270997524261475
2023-08-04,2.1270997524261475
2023-08-07,2.120148181915283
2023-08-08,2.1410019397735596
2023-08-09,2.1479530334472656
2023-08-10,2.161855697631836
2023-08-11,2.1479530334472656
2023-08-14,2.155677080154419
2023-08-15,2.12056827545166
2023-08-16,2.0995030403137207
2023-08-17,2.0784385204315186
2023-08-18,2.071415901184082
2023-08-21,2.0503509044647217
2023-08-22,2.0503509044647217
2023-08-23,2.071415901184082
2023-08-24,2.064394474029541
2023-08-25,2.0573723316192627
2023-08-28,2.064394474029541
2023-08-29,2.106524705886841
2023-08-30,2.106524705886841
2023-08-31,2.127589702606201
2023-09-01,2.106524705886841
2023-09-05,2.0995030403137207
2023-09-06,2.064394474029541
2023-09-07,2.071415901184082
2023-09-08,2.0573723316192627
2023-09-11,2.071415901184082
2023-09-12,2.064394474029541
2023-09-13,2.0573723316192627
2023-09-14,2.100663423538208
2023-09-15,2.107759952545166
2023-09-18,2.100663423538208
2023-09-19,2.0864696502685547
2023-09-20,2.0722761154174805
2023-09-21,2.0084047317504883
2023-09-22,2.0013084411621094
2023-09-25,1.9942108392715454
2023-09-26,1.9445329904556274
2023-09-27,1.9374361038208008
2023-09-28,1.958726167678833
2023-09-29,1.980017066001892
2023-10-02,1.958726167678833
2023-10-03,1.8806614875793457
2023-10-04,1.8806614875793457
2023-10-05,1.8877581357955933
2023-10-06,1.9161452054977417
2023-10-09,1.9516299962997437
2023-10-10,1.9516299962997437
2023-10-11,1.9729204177856445
2023-10-12,1.9516299962997437
2023-10-13,1.9236361980438232
2023-10-16,1.9595251083374023
2023-10-17,1.94516921043396
2023-10-18,1.9164587259292603
2023-10-19,1.8662139177322388
2023-10-20,1.8590365648269653
2023-10-23,1.83750319480896
2023-10-24,1.8518588542938232
2023-10-25,1.808792233467102
2023-10-26,1.8446811437606812
2023-10-27,1.8016146421432495
2023-10-30,1.808792233467102
2023-10-31,1.8590365648269653
2023-11-01,1.9164587259292603
2023-11-02,1.995414137840271
2023-11-03,2.024125337600708
2023-11-06,1.981058120727539
2023-11-07,1.9523476362228394
2023-11-08,1.9379914999008179
2023-11-09,1.902103304862976
2023-11-10,1.94516921043396
2023-11-13,1.9379914999008179
2023-11-14,2.0331125259399414
2023-11-15,2.0548956394195557
2023-11-16,2.062156915664673
2023-11-17,2.047635316848755
2023-11-20,2.069418430328369
2023-11-21,2.069418430328369
2023-11-22,2.062156915664673
2023-11-24,2.0766797065734863
2023-11-27,2.0912013053894043
2023-11-28,2.0839409828186035
2023-11-29,2.1129846572875977
2023-11-30,2.134768009185791
2023-12-01,2.20737886428833
2023-12-04,2.20737886428833
2023-12-05,2.1928563117980957
2023-12-06,2.200117826461792
2023-12-07,2.2146408557891846
2023-12-08,2.1928563117980957
2023-12-11,2.221900701522827
2023-12-12,2.2436840534210205
2023-12-13,2.309034824371338
2023-12-14,2.412424087524414
2023-12-15,2.368429183959961
2023-12-18,2.3390982151031494
2023-12-19,2.3537638187408447
2023-12-20,2.324432849884033
2023-12-21,2.33176589012146
2023-12-22,2.324432849884033
2023-12-26,2.33176589012146
2023-12-27,2.3537638187408447
2023-12-28,2.3537638187408447
2023-12-29,2.3390982151031494
2024-01-02,2.3904261589050293
2024-01-03,2.3390982151031494
2024-01-04,2.368429183959961
2024-01-05,2.361095905303955
2024-01-08,2.41975736618042
2024-01-09,2.397758960723877
2024-01-10,2.412424087524414
2024-01-11,2.397758960723877
2024-01-12,2.398499011993408
2024-01-16,2.3392770290374756
2024-01-17,2.2578463554382324
2024-01-18,2.3244717121124268
2024-01-19,2.3614847660064697
2024-01-22,2.4355132579803467
2024-01-23,2.428109645843506
2024-01-24,2.4133050441741943
2024-01-25,2.4059019088745117
2024-01-26,2.4651241302490234
2024-01-29,2.5539581775665283
2024-01-30,2.531749963760376
2024-01-31,2.4947350025177
2024-02-01,2.5539581775665283
2024-02-02,2.4947350025177
2024-02-05,2.457721471786499
2024-02-06,2.4799296855926514
2024-02-07,2.4651241302490234
2024-02-08,2.487332820892334
2024-02-09,2.4799296855926514
2024-02-12,2.502138137817383
2024-02-13,2.4355132579803467
2024-02-14,2.488572835922241
2024-02-15,2.503519296646118
2024-02-16,2.4512064456939697
2024-02-20,2.428786516189575
2024-02-21,2.4437336921691895
2024-02-22,2.466153621673584
2024-02-23,2.473626136779785
2024-02-26,2.4512064456939697
2024-02-27,2.466153621673584
2024-02-28,2.4362599849700928
2024-02-29,2.4586799144744873
2024-03-01,2.4810993671417236
2024-03-04,2.4586799144744873
2024-03-05,2.4512064456939697
2024-03-06,2.4512064456939697
2024-03-07,2.4512064456939697
2024-03-08,2.4512064456939697
2024-03-11,2.4512064456939697
2024-03-12,2.4586799144744873
2024-03-13,2.4512064456939697
2024-03-14,2.414238452911377
2024-03-15,2.406693935394287
2024-03-18,2.406693935394287
2024-03-19,2.406693935394287
2024-03-20,2.4293277263641357
2024-03-21,2.4293277263641357
2024-03-22,2.4217824935913086
2024-03-25,2.4293277263641357
2024-03-26,2.4745943546295166
2024-03-27,2.497227668762207
2024-03-28,2.5198614597320557
2024-04-01,2.497227668762207
2024-04-02,2.4670498371124268
2024-04-03,2.4745943546295166
2024-04-04,2.4821388721466064
2024-04-05,2.4821388721466064
2024-04-08,2.4896838665008545
2024-04-09,2.512317180633545
2024-04-10,2.4670498371124268
2024-04-11,2.451960563659668
2024-04-12,2.4222536087036133
2024-04-15,2.3384647369384766
2024-04-16,2.3003787994384766
2024-04-17,2.315613031387329
2024-04-18,2.2851455211639404
2024-04-19,2.3003787994384766
2024-04-22,2.3460819721221924
2024-04-23,2.399402379989624
2024-04-24,2.399402379989624
2024-04-25,2.3689334392547607
2024-04-26,2.407019853591919
2024-04-29,2.3765509128570557
2024-04-30,2.3765509128570557
2024-05-01,2.3841676712036133
2024-05-02,2.4146368503570557
2024-05-03,2.4603395462036133
2024-05-06,2.4755733013153076
2024-05-07,2.506042718887329
2024-05-08,2.4831910133361816
2024-05-09,2.5212767124176025
2024-05-10,2.5365114212036133
2024-05-13,2.544128179550171
2024-05-14,2.5141429901123047
2024-05-15,2.5372090339660645
2024-05-16,2.5141429901123047
2024-05-17,2.5064542293548584
2024-05-20,2.5141429901123047
2024-05-21,2.498765468597412
2024-05-22,2.4449462890625
2024-05-23,2.4218809604644775
2024-05-24,2.4295694828033447
2024-05-28,2.406503200531006
2024-05-29,2.368060827255249
2024-05-30,2.4141921997070312
2024-05-31,2.452634334564209
2024-06-03,2.5064542293548584
2024-06-04,2.5141429901123047
2024-06-05,2.529520034790039
2024-06-06,2.529520034790039
2024-06-07,2.498765468597412
2024-06-10,2.5372090339660645
2024-06-11,2.5372090339660645
2024-06-12,2.5372090339660645
2024-06-13,2.5448970794677734
2024-06-14,2.567962408065796
2024-06-17,2.529935598373413
2024-06-18,2.537696123123169
2024-06-20,2.553217887878418
2024-06-21,2.5687389373779297
2024-06-24,2.5687389373779297
2024-06-25,2.529935598373413
2024-06-26,2.545456647872925
2024-06-27,2.5764994621276855
2024-06-28,2.6153011322021484
2024-07-01,2.607541084289551
2024-07-02,2.6153011322021484
2024-07-03,2.607541084289551
2024-07-05,2.638583183288574
2024-07-08,2.592020273208618
2024-07-09,2.592020273208618
2024-07-10,2.599780797958374
2024-07-11,2.654104709625244
2024-07-12,2.6929070949554443
2024-07-15,2.7015209197998047
2024-07-16,2.7328429222106934
2024-07-17,2.803316593170166
2024-07-18,2.7485036849975586
2024-07-19,2.740673542022705
2024-07-22,2.78765606880188
2024-07-23,2.7954864501953125
2024-07-24,2.7328429222106934
2024-07-25,2.764164924621582
2024-07-26,2.78765606880188
2024-07-29,2.803316593170166
2024-07-30,2.873791217803955
2024-07-31,2.873791217803955
2024-08-01,2.8581299781799316
2024-08-02,2.8659608364105225
2024-08-05,2.7563343048095703
2024-08-06,2.78765606880188
2024-08-07,2.811147928237915
2024-08-08,2.826807975769043
2024-08-09,2.8581299781799316
2024-08-12,2.826807975769043
2024-08-13,2.8424692153930664
2024-08-14,2.8581299781799316
2024-08-15,2.8510220050811768
2024-08-16,2.890509843826294
2024-08-19,2.929997682571411
2024-08-20,2.929997682571411
2024-08-21,2.929997682571411
2024-08-22,2.9615886211395264
2024-08-23,3.0089735984802246
2024-08-26,3.0247690677642822
2024-08-27,3.0326664447784424
2024-08-28,3.0247690677642822
2024-08-29,3.0642566680908203
2024-08-30,3.111642360687256
2024-09-03,3.080052137374878
2024-09-04,3.159027576446533
2024-09-05,3.151130437850952
2024-09-06,3.159027576446533
2024-09-09,3.159027576446533
2024-09-10,3.1669254302978516
2024-09-11,3.159027576446533
2024-09-12,3.1669254302978516
2024-09-13,3.1906185150146484
2024-09-16,3.2550830841064453
2024-09-17,3.215290069580078
2024-09-18,3.2550830841064453
2024-09-19,3.2073304653167725
2024-09-20,3.1595795154571533
2024-09-23,3.247124671936035
2024-09-24,3.2948760986328125
2024-09-25,3.2550830841064453
2024-09-26,3.247124671936035
2024-09-27,3.2630417346954346
2024-09-30,3.2710001468658447
2024-10-01,3.2869176864624023
2024-10-02,3.2630417346954346
2024-10-03,3.1914138793945312
2024-10-04,3.151620864868164
2024-10-07,3.1038687229156494
2024-10-08,3.1118273735046387
2024-10-09,3.151620864868164
2024-10-10,3.1357028484344482
2024-10-11,3.1595795154571533
2024-10-14,3.183454751968384
2024-10-15,3.176236629486084
2024-10-16,3.2163400650024414
2024-10-17,3.168215274810791
2024-10-18,3.200299024581909
2024-10-21,3.1521739959716797
2024-10-22,3.1521739959716797
2024-10-23,3.168215274810791
2024-10-24,3.168215274810791
2024-10-25,3.1521739959716797
2024-10-28,3.1521739959716797
2024-10-29,3.144153118133545
2024-10-30,3.168215274810791
2024-10-31,3.136132001876831
2024-11-01,3.088007926940918
2024-11-04,3.0639443397521973
2024-11-05,3.112070083618164
2024-11-06,3.047903299331665
2024-11-07,3.0960283279418945
2024-11-08,3.1521739959716797
2024-11-11,3.168215274810791
2024-11-12,3.120090961456299
2024-11-13,3.0559237003326416
2024-11-14,3.0559237003326416
2024-11-15,3.0163002014160156
2024-11-18,3.0486462116241455
2024-11-19,3.089078664779663
2024-11-20,3.056732654571533
2024-11-21,3.0729055404663086
2024-11-22,3.089078664779663
2024-11-25,3.121425151824951
2024-11-26,3.105252504348755
2024-11-27,3.129512071609497
2024-11-29,3.1537721157073975
2024-12-02,3.089078664779663
2024-12-03,3.09716534614563
2024-12-04,3.056732654571533
2024-12-05,3.0729055404663086
2024-12-06,3.056732654571533
2024-12-09,3.0648193359375
2024-12-10,3.000126361846924
2024-12-11,2.9839534759521484
2024-12-12,2.9516069889068604
2024-12-13,2.9435203075408936
2024-12-16,2.895400285720825
2024-12-17,2.895400285720825
2024-12-18,2.7730586528778076
2024-12-19,2.732278347015381
2024-12-20,2.7812156677246094
2024-12-23,2.7975270748138428
2024-12-24,2.8383073806762695
2024-12-26,2.8138396739959717
2024-12-27,2.8138396739959717
2024-12-30,2.968803882598877
2024-12-31,2.895400285720825
2025-01-02,2.8790879249572754
2025-01-03,2.9280245304107666
2025-01-06,2.9035556316375732
2025-01-07,2.87093186378479
2025-01-08,2.895400285720825
2025-01-10,2.8627758026123047
2025-01-13,2.8627758026123047
2025-01-14,2.8546197414398193
2025-01-15,2.921274185180664
2025-01-16,2.945960521697998
2025-01-17,2.9541900157928467
2025-01-21,3.0200209617614746
2025-01-22,2.9377317428588867
2025-01-23,2.932136058807373
2025-01-24,2.932136058807373
2025-01-27,2.8976404666900635
2025-01-28,2.9235119819641113
2025-01-29,2.8890159130096436
2025-01-30,2.932136058807373
2025-01-31,2.9407596588134766
2025-02-03,2.8890159130096436
2025-02-04,2.8458962440490723
2025-02-05,2.9148876667022705
2025-02-06,2.854832172393799
2025-02-07,2.8635356426239014
2025-02-10,2.8461287021636963
2025-02-11,2.8635356426239014
2025-02-12,2.854832172393799
2025-02-13,2.898350954055786
2025-02-14,2.9418697357177734
2025-02-18,2.950573205947876
2025-02-19,2.9070541858673096
2025-02-20,2.9070541858673096
2025-02-21,2.915757656097412
2025-02-24,2.9070541858673096
2025-02-25,2.898350954055786
2025-02-26,2.915757656097412
2025-02-27,2.872239589691162
2025-02-28,2.9418697357177734
2025-03-03,2.9679811000823975
2025-03-04,2.950573205947876
2025-03-05,2.933166027069092
2025-03-06,2.8635356426239014
2025-03-07,2.854832172393799
2025-03-10,2.8809428215026855
2025-03-11,2.872239589691162
2025-03-12,2.8809428215026855
2025-03-13,2.854832172393799
2025-03-14,2.8896470069885254
2025-03-17,2.9344546794891357
2025-03-18,2.9256691932678223
2025-03-19,2.9344546794891357
2025-03-20,2.952025890350342
2025-03-21,2.908097267150879
2025-03-24,2.94323992729187
2025-03-25,2.908097267150879
2025-03-26,2.8993115425109863
2025-03-27,2.8905255794525146
2025-03-28,2.8905255794525146
2025-03-31,2.8993115425109863
2025-04-01,2.8993115425109863
2025-04-02,2.8993115425109863
2025-04-03,2.820239543914795
2025-04-04,2.662095308303833
2025-04-07,2.521522045135498
2025-04-08,2.477593183517456
2025-04-09,2.6533091068267822
2025-04-10,2.591808795928955
2025-04-11,2.618165969848633
2025-04-14,2.6884524822235107
2025-04-15,2.689340114593506
2025-04-16,2.662712812423706
2025-04-17,2.7070913314819336
2025-04-21,2.662712812423706
2025-04-22,2.7070913314819336
2025-04-23,2.751469612121582
2025-04-24,2.786972761154175
2025-04-25,2.786972761154175
2025-04-28,2.8313515186309814
2025-04-29,2.8224751949310303
2025-04-30,2.8313515186309814
2025-05-01,2.857978105545044
2025-05-02,2.866854429244995
2025-05-05,2.875729560852051
2025-05-06,2.840226888656616
2025-05-07,2.8491029739379883
2025-05-08,2.857978105545044
2025-05-09,2.866854429244995
2025-05-12,2.884605884552002
2025-05-13,2.866854429244995
2025-05-14,2.8313515186309814
2025-05-15,2.8949873447418213
2025-05-16,2.9129128456115723
2025-05-19,2.9218759536743164
2025-05-20,2.9218759536743164
2025-05-21,2.8680989742279053
2025-05-22,2.850173234939575
2025-05-23,2.832247734069824
2025-05-27,2.8412106037139893
2025-05-28,2.850173234939575
2025-05-29,2.8949873447418213
2025-05-30,2.9039502143859863
2025-06-02,2.8680989742279053
2025-06-03,2.9039502143859863
2025-06-04,2.8860244750976562
2025-06-05,2.8680989742279053
2025-06-06,2.8770620822906494
2025-06-09,2.8949873447418213
2025-06-10,2.8860244750976562
2025-06-11,2.8860244750976562
2025-06-12,2.9039502143859863
2025-06-13,2.8860244750976562
2025-06-16,2.8597798347473145
2025-06-17,2.8688299655914307
2025-06-18,2.886929750442505
2025-06-20,2.895979166030884
2025-06-23,2.9231295585632324
2025-06-24,2.9593286514282227
2025-06-25,2.905029535293579
2025-06-26,2.886929750442505
2025-06-27,2.914079189300537
2025-06-30,2.914079189300537
2025-07-01,2.9412288665771484
2025-07-02,2.9321789741516113
2025-07-03,2.9502789974212646
2025-07-07,2.914079189300537
2025-07-08,2.9231295585632324
2025-07-09,2.9321789741516113
2025-07-10,2.9412288665771484
2025-07-11,2.9412288665771484
2025-07-14,2.9593286514282227
2025-07-15,2.951106548309326
2025-07-16,2.923696279525757
2025-07-17,2.923696279525757
2025-07-18,2.914559841156006
2025-07-21,2.914559841156006
2025-07-22,2.951106548309326
2025-07-23,2.951106548309326
2025-07-24,2.960242509841919
2025-07-25,2.960242509841919
2025-07-28,2.923696279525757
2025-07-29,2.951106548309326
2025-07-30,2.960242509841919
2025-07-31,2.941969633102417
2025-08-01,2.951106548309326
2025-08-04,2.951106548309326
2025-08-05,2.969379186630249
2025-08-06,2.951106548309326
2025-08-07,2.941969633102417
2025-08-08,2.960242509841919
2025-08-11,2.960242509841919
2025-08-12,2.941969633102417
2025-08-13,2.978515863418579
2025-08-14,2.987652063369751
2025-08-15,2.9609029293060303
2025-08-18,2.9793508052825928
2025-08-19,2.9609029293060303
2025-08-20,2.9701266288757324
2025-08-21,2.9609029293060303
2025-08-22,2.988574743270874
2025-08-25,3.0070226192474365
2025-08-26,2.9793508052825928
2025-08-27,2.988574743270874
2025-08-28,2.988574743270874
2025-08-29,3.016246795654297
2025-09-02,2.951678514480591
2025-09-03,2.9793508052825928
2025-09-04,3.0346944332122803
2025-09-05,3.025470495223999
2025-09-08,3.025470495223999
2025-09-09,3.0346944332122803
2025-09-10,3.0439188480377197
2025-09-11,3.0808143615722656
2025-09-12,3.053142547607422
2025-09-15,3.0354514122009277
2025-09-16,3.016829013824463
2025-09-17,3.0354514122009277
2025-09-18,3.04476261138916
2025-09-19,3.0540735721588135
2025-09-22,3.0540735721588135
2025-09-23,3.0354514122009277
2025-09-24,3.0075178146362305
2025-09-25,2.97027325630188
2025-09-26,2.97027325630188
2025-09-29,2.9888956546783447
2025-09-30,3.0075178146362305
2025-10-01,3.026139974594116
2025-10-02,3.0075178146362305
2025-10-03,3.0075178146362305
2025-10-06,2.979583740234375
2025-10-07,2.9888956546783447
2025-10-08,2.9888956546783447
2025-10-09,2.97027325630188
2025-10-10,2.933028221130371
2025-10-13,2.9888956546783447
2025-10-14,2.998206377029419
2025-10-15,2.9803431034088135
2025-10-16,2.9521381855010986
2025-10-17,2.9427366256713867
2025-10-20,2.9709417819976807
2025-10-21,2.9709417819976807
2025-10-22,2.9897449016571045
2025-10-23,2.9803431034088135
2025-10-24,3.0179500579833984
2025-10-27,3.0273518562316895
2025-10-28,3.0085482597351074
2025-10-29,2.9521381855010986
2025-10-30,2.9897449016571045
2025-10-31,3.0179500579833984
2025-11-03,2.9803431034088135
2025-11-04,2.9897449016571045
2025-11-05,2.9991469383239746
2025-11-06,2.9803431034088135
2025-11-07,2.9709417819976807
2025-11-10,2.9521381855010986
2025-11-11,2.9521381855010986
2025-11-12,2.9427366256713867
2025-11-13,2.9145314693450928
2025-11-14,2.8957278728485107
2025-11-17,2.87768292427063
2025-11-18,2.87768292427063
2025-11-19,2.8301963806152344
2025-11-20,2.81120228767395
2025-11-21,2.8396942615509033
2025-11-24,2.8396942615509033
2025-11-25,2.87768292427063
2025-11-26,2.906174898147583
2025-11-28,2.944164276123047
2025-12-01,2.9156723022460938
2025-12-02,2.87768292427063
2025-12-03,2.87768292427063
2025-12-04,2.8966777324676514
2025-12-05,2.87768292427063
2025-12-08,2.8586883544921875
2025-12-09,2.8301963806152344
2025-12-10,2.8396942615509033
2025-12-11,2.8206992149353027
2025-12-12,2.81120228767395
2025-12-15,2.812161922454834
2025-12-16,2.812161922454834
2025-12-17,2.812161922454834
2025-12-18,2.812161922454834
2025-12-19,2.812161922454834
2025-12-22,2.8409552574157715
2025-12-23,2.850553035736084
2025-12-24,2.888943910598755
2025-12-26,2.8985421657562256
2025-12-29,2.8985421657562256
2025-12-30,2.9369335174560547
2025-12-31,2.9177377223968506
2026-01-02,2.9177377223968506
2026-01-05,2.8985421657562256
2026-01-06,2.9177377223968506
2026-01-07,2.8793463706970215
2026-01-08,2.8985421657562256
2026-01-09,2.8985421657562256
2026-01-12,2.927335500717163
2026-01-13,2.927335500717163
2026-01-14,2.946531295776367
2026-01-15,2.9571964740753174
2026-01-16,2.9668924808502197
2026-01-20,2.947500705718994
2026-01-21,2.9281094074249268
2026-01-22,2.9281094074249268
2026-01-23,2.9087178707122803
2026-01-26,2.899022102355957
2026-01-27,2.899022102355957
2026-01-28,2.889326572418213
2026-01-29,2.8796308040618896
2026-01-30,2.889326572418213
2026-02-02,2.8796308040618896
2026-02-03,2.889326572418213
2026-02-04,2.9281094074249268
2026-02-05,2.9184134006500244
2026-02-06,2.93780517578125
2026-02-09,2.947500705718994
2026-02-10,2.9571964740753174
2026-02-11,2.986283779144287
2026-02-12,2.986283779144287
2026-02-13,3.0153708457946777
2026-02-17,3.0359368324279785
2026-02-18,2.96738338470459
2026-02-19,2.957590103149414
2026-02-20,3.006556749343872
2026-02-23,2.9869701862335205
2026-02-24,2.9967634677886963
2026-02-25,2.9869701862335205
2026-02-26,3.006556749343872
2026-02-27,3.0261435508728027
2026-03-02,3.0261435508728027
2026-03-03,2.9967634677886963
2026-03-04,3.0261435508728027
2026-03-05,2.96738338470459
2026-03-06,2.9380035400390625
2026-03-09,2.908623456954956
2026-03-10,2.9380035400390625
2026-03-11,2.9282102584838867
2026-03-12,2.8890368938446045
2026-03-13,2.8890368938446045
2026-03-16,2.9296159744262695
2026-03-17,2.9395134449005127
2026-03-18,2.880129337310791
2026-03-19,2.870231866836548
2026-03-20,2.7613608837127686
2026-03-23,2.7712583541870117
2026-03-24,2.7712583541870117
2026-03-25,2.781155586242676
2026-03-26,2.7613608837127686
2026-03-27,2.721771717071533
2026-03-30,2.7415661811828613
2026-03-31,2.810847759246826
2026-04-01,2.8504371643066406
2026-04-02,2.880129337310791
2026-04-06,2.880129337310791
2026-04-07,2.880129337310791
2026-04-08,2.9098212718963623
2026-04-09,2.969205379486084
2026-04-10,2.95930814743042
2026-04-13,2.969205379486084
2026-04-14,2.989000082015991
2026-04-15,3.009999990463257
2026-04-16,3.0299999713897705
2026-04-17,3.0399999618530273
2026-04-20,3.049999952316284
2026-04-21,3.009999990463257
2026-04-22,3.0
2026-04-23,3.009999990463257
2026-04-24,3.0
2026-04-27,2.990000009536743
2026-04-28,3.0199999809265137
2026-04-29,3.009999990463257
2026-04-30,3.0399999618530273
2026-05-01,3.0399999618530273
2026-05-04,3.009999990463257
2026-05-05,3.0199999809265137
2026-05-06,3.0799999237060547
2026-05-07,3.049999952316284
2026-05-08,3.0799999237060547
2026-05-11,3.065000057220459
