Date,Close
2007-10-18,12.97153091430664
2007-10-19,13.038450241088867
2007-10-22,13.053908348083496
2007-10-23,13.064193725585938
2007-10-24,13.079632759094238
2007-10-25,13.038450241088867
2007-10-26,13.017868995666504
2007-10-29,13.023014068603516
2007-10-30,12.9766845703125
2007-10-31,12.868584632873535
2007-11-01,12.945798873901367
2007-11-02,12.945798873901367
2007-11-05,12.884032249450684
2007-11-06,12.894326210021973
2007-11-07,12.796528816223145
2007-11-08,12.832552909851074
2007-11-09,12.817116737365723
2007-11-12,12.842844009399414
2007-11-13,12.842844009399414
2007-11-14,12.688421249389648
2007-11-15,12.890965461730957
2007-11-16,12.834137916564941
2007-11-19,12.741127967834473
2007-11-20,12.823800086975098
2007-11-21,12.865134239196777
2007-11-23,12.890965461730957
2007-11-26,12.952975273132324
2007-11-27,12.963298797607422
2007-11-28,12.937467575073242
2007-11-29,12.978803634643555
2007-11-30,12.973628997802734
2007-12-03,13.02530288696289
2007-12-04,13.020132064819336
2007-12-05,13.020132064819336
2007-12-06,12.968466758728027
2007-12-07,12.865134239196777
2007-12-10,12.947798728942871
2007-12-11,12.968466758728027
2007-12-12,12.92195987701416
2007-12-13,12.942621231079102
2007-12-14,12.9130220413208
2007-12-17,12.985761642456055
2007-12-18,13.037727355957031
2007-12-19,13.032530784606934
2007-12-20,13.022137641906738
2007-12-21,13.001361846923828
2007-12-24,12.990949630737305
2007-12-26,13.01693058013916
2007-12-27,12.933799743652344
2007-12-28,13.053324699401855
2007-12-31,13.06889820098877
2008-01-02,13.126065254211426
2008-01-03,13.152042388916016
2008-01-04,13.178030967712402
2008-01-07,13.21959400177002
2008-01-08,13.229992866516113
2008-01-09,13.162431716918945
2008-01-10,13.240382194519043
2008-01-11,13.224794387817383
2008-01-14,13.245575904846191
2008-01-15,13.313370704650879
2008-01-16,13.323802947998047
2008-01-17,13.402020454406738
2008-01-18,13.28207778930664
2008-01-22,13.33423137664795
2008-01-23,13.271657943725586
2008-01-24,13.198640823364258
2008-01-25,13.167359352111816
2008-01-28,13.109990119934082
2008-01-29,13.078712463378906
2008-01-30,13.00048828125
2008-01-31,12.885761260986328
2008-02-01,12.880542755126953
2008-02-04,12.890969276428223
2008-02-05,13.042197227478027
2008-02-06,12.969196319580078
2008-02-07,12.953548431396484
2008-02-08,12.885761260986328
2008-02-11,12.984841346740723
2008-02-12,12.953548431396484
2008-02-13,12.911826133728027
2008-02-14,12.859679222106934
2008-02-15,12.89319896697998
2008-02-19,12.751842498779297
2008-02-20,12.720438957214355
2008-02-21,12.631447792053223
2008-02-22,12.563401222229004
2008-02-25,12.427298545837402
2008-02-26,12.27548885345459
2008-02-27,12.191730499267578
2008-02-28,12.123682975769043
2008-02-29,11.778193473815918
2008-03-03,11.945693016052246
2008-03-04,12.102746963500977
2008-03-05,12.155084609985352
2008-03-06,12.505823135375977
2008-03-07,12.558173179626465
2008-03-10,12.380178451538086
2008-03-11,12.374945640563965
2008-03-12,12.285955429077148
2008-03-13,12.259780883789062
2008-03-14,12.267659187316895
2008-03-17,12.267659187316895
2008-03-18,12.288681030273438
2008-03-19,12.262408256530762
2008-03-20,12.283411979675293
2008-03-24,12.288681030273438
2008-03-25,12.241394996643066
2008-03-26,12.225631713867188
2008-03-27,12.215116500854492
2008-03-28,12.267659187316895
2008-03-31,12.304439544677734
2008-04-01,12.293929100036621
2008-04-02,12.204621315002441
2008-04-03,12.335965156555176
2008-04-04,12.47256851196289
2008-04-07,12.530356407165527
2008-04-08,12.530356407165527
2008-04-09,12.65644359588623
2008-04-10,12.70898151397705
2008-04-11,12.798294067382812
2008-04-14,12.777284622192383
2008-04-15,12.800479888916016
2008-04-16,12.74775218963623
2008-04-17,12.74775218963623
2008-04-18,12.700309753417969
2008-04-21,12.700309753417969
2008-04-22,12.805750846862793
2008-04-23,12.73194694519043
2008-04-24,12.658135414123535
2008-04-25,12.658135414123535
2008-04-28,12.621232986450195
2008-04-29,12.605417251586914
2008-04-30,12.721393585205078
2008-05-01,12.726675987243652
2008-05-02,12.679224967956543
2008-05-05,12.689760208129883
2008-05-06,12.684492111206055
2008-05-07,12.70559024810791
2008-05-08,12.689760208129883
2008-05-09,12.763581275939941
2008-05-12,12.800479888916016
2008-05-13,12.763581275939941
2008-05-14,12.768847465515137
2008-05-15,12.823339462280273
2008-05-16,12.818050384521484
2008-05-19,12.897407531738281
2008-05-20,12.902690887451172
2008-05-21,12.897407531738281
2008-05-22,12.886818885803223
2008-05-23,12.913264274597168
2008-05-27,12.870946884155273
2008-05-28,12.796883583068848
2008-05-29,12.802175521850586
2008-05-30,12.77573013305664
2008-06-02,12.823339462280273
2008-06-03,12.849788665771484
2008-06-04,12.828630447387695
2008-06-05,12.796883583068848
2008-06-06,12.828630447387695
2008-06-09,12.791589736938477
2008-06-10,12.781015396118164
2008-06-11,12.70695972442627
2008-06-12,12.643472671508789
2008-06-13,12.657280921936035
2008-06-16,12.636038780212402
2008-06-17,12.625423431396484
2008-06-18,12.641349792480469
2008-06-19,12.503307342529297
2008-06-20,12.460827827453613
2008-06-23,12.317480087280273
2008-06-24,12.312175750732422
2008-06-25,12.338726043701172
2008-06-26,12.381199836730957
2008-06-27,12.519229888916016
2008-06-30,12.609495162963867
2008-07-01,12.646660804748535
2008-07-02,12.699745178222656
2008-07-03,12.68382740020752
2008-07-07,12.678513526916504
2008-07-08,12.657280921936035
2008-07-09,12.742222785949707
2008-07-10,12.673206329345703
2008-07-11,12.774066925048828
2008-07-14,12.789998054504395
2008-07-15,12.816658020019531
2008-07-16,12.715392112731934
2008-07-17,12.630139350891113
2008-07-18,12.598163604736328
2008-07-21,12.587495803833008
2008-07-22,12.512898445129395
2008-07-23,12.358346939086914
2008-07-24,12.454270362854004
2008-07-25,12.464926719665527
2008-07-28,12.464926719665527
2008-07-29,12.48624324798584
2008-07-30,12.470258712768555
2008-07-31,12.523550033569336
2008-08-01,12.438285827636719
2008-08-04,12.475594520568848
2008-08-05,12.470258712768555
2008-08-06,12.363672256469727
2008-08-07,12.448939323425293
2008-08-08,12.512898445129395
2008-08-11,12.438285827636719
2008-08-12,12.523550033569336
2008-08-13,12.544867515563965
2008-08-14,12.619475364685059
2008-08-15,12.56597900390625
2008-08-18,12.694367408752441
2008-08-19,12.699722290039062
2008-08-20,12.640875816345215
2008-08-21,12.656922340393066
2008-08-22,12.614126205444336
2008-08-25,12.683667182922363
2008-08-26,12.662267684936523
2008-08-27,12.646228790283203
2008-08-28,12.635516166687012
2008-08-29,12.571327209472656
2008-09-02,12.651570320129395
2008-09-03,12.651570320129395
2008-09-04,12.662267684936523
2008-09-05,12.779964447021484
2008-09-08,12.790657997131348
2008-09-09,12.881597518920898
2008-09-10,12.8548583984375
2008-09-11,12.8548583984375
2008-09-12,12.833450317382812
2008-09-15,12.808218002319336
2008-09-16,12.367847442626953
2008-09-17,12.056377410888672
2008-09-18,12.045621871948242
2008-09-19,12.120821952819824
2008-09-22,11.857672691345215
2008-09-23,11.87378215789795
2008-09-24,11.94896125793457
2008-09-25,11.900636672973633
2008-09-26,11.863037109375
2008-09-29,11.723411560058594
2008-09-30,11.744891166687012
2008-10-01,11.4495267868042
2008-10-02,11.782477378845215
2008-10-03,11.712667465209961
2008-10-06,11.98656177520752
2008-10-07,11.621374130249023
2008-10-08,11.556930541992188
2008-10-09,11.476374626159668
2008-10-10,11.036009788513184
2008-10-13,11.22396183013916
2008-10-14,10.590282440185547
2008-10-15,10.119874000549316
2008-10-16,10.324867248535156
2008-10-17,10.394993782043457
2008-10-20,10.567622184753418
2008-10-21,10.918252944946289
2008-10-22,11.490055084228516
2008-10-23,11.463080406188965
2008-10-24,11.727413177490234
2008-10-27,11.678861618041992
2008-10-28,11.42532730102539
2008-10-29,11.40914535522461
2008-10-30,11.382170677185059
2008-10-31,11.543998718261719
2008-11-03,11.355195045471191
2008-11-04,11.463080406188965
2008-11-05,11.522415161132812
2008-11-06,11.560188293457031
2008-11-07,11.57097339630127
2008-11-10,11.651888847351074
2008-11-11,11.7435941696167
2008-11-12,11.630317687988281
2008-11-13,11.684257507324219
2008-11-14,11.640921592712402
2008-11-17,11.63550090789795
2008-11-18,11.662590026855469
2008-11-19,11.64633560180664
2008-11-20,11.58133602142334
2008-11-21,11.337571144104004
2008-11-24,11.375495910644531
2008-11-25,11.15882396697998
2008-11-26,11.180482864379883
2008-11-28,11.234647750854492
2008-12-01,11.196731567382812
2008-12-02,10.963807106018066
2008-12-03,10.952971458435059
2008-12-04,10.958392143249512
2008-12-05,10.866304397583008
2008-12-08,10.622532844543457
2008-12-09,10.763381004333496
2008-12-10,10.644208908081055
2008-12-11,10.535873413085938
2008-12-12,10.465448379516602
2008-12-15,10.357633590698242
2008-12-16,10.461095809936523
2008-12-17,10.842292785644531
2008-12-18,11.060113906860352
2008-12-19,11.114574432373047
2008-12-22,11.272497177124023
2008-12-23,11.30517578125
2008-12-24,11.337845802307129
2008-12-26,11.397748947143555
2008-12-29,11.403191566467285
2008-12-30,11.463089942932129
2008-12-31,11.533891677856445
2009-01-02,11.501212120056152
2009-01-05,11.446751594543457
2009-01-06,11.631903648376465
2009-01-07,11.691815376281738
2009-01-08,11.81706428527832
2009-01-09,11.898751258850098
2009-01-12,11.980435371398926
2009-01-13,11.958647727966309
2009-01-14,12.045781135559082
2009-01-15,11.992757797241211
2009-01-16,12.014615058898926
2009-01-20,11.981829643249512
2009-01-21,11.708518028259277
2009-01-22,11.57186222076416
2009-01-23,11.560937881469727
2009-01-26,11.478940963745117
2009-01-27,11.56640338897705
2009-01-28,11.588262557983398
2009-01-29,11.670256614685059
2009-01-30,11.741312026977539
2009-02-02,11.730384826660156
2009-02-03,11.812378883361816
2009-02-04,11.954492568969727
2009-02-05,12.063817977905273
2009-02-06,12.074749946594238
2009-02-09,12.014615058898926
2009-02-10,12.080217361450195
2009-02-11,12.09114933013916
2009-02-12,12.123945236206055
2009-02-13,12.196951866149902
2009-02-17,12.169503211975098
2009-02-18,12.131078720092773
2009-02-19,12.114615440368652
2009-02-20,12.109128952026367
2009-02-23,12.004827499389648
2009-02-24,12.010324478149414
2009-02-25,12.059723854064941
2009-02-26,12.048750877380371
2009-02-27,12.021297454833984
2009-03-02,11.99385929107666
2009-03-03,11.971893310546875
2009-03-04,11.922487258911133
2009-03-05,11.988367080688477
2009-03-06,12.015810012817383
2009-03-09,12.010324478149414
2009-03-10,11.966413497924805
2009-03-11,11.95543384552002
2009-03-12,11.988367080688477
2009-03-13,11.960258483886719
2009-03-16,11.927186965942383
2009-03-17,11.877574920654297
2009-03-18,11.894118309020996
2009-03-19,11.949233055114746
2009-03-20,12.087019920349121
2009-03-23,12.053948402404785
2009-03-24,12.05946159362793
2009-03-25,12.037425994873047
2009-03-26,12.026392936706543
2009-03-27,12.031900405883789
2009-03-30,12.020878791809082
2009-03-31,12.114571571350098
2009-04-01,12.164192199707031
2009-04-02,12.12559986114502
2009-04-03,12.158676147460938
2009-04-06,12.164192199707031
2009-04-07,12.17520523071289
2009-04-08,12.191743850708008
2009-04-09,12.153155326843262
2009-04-13,12.19725513458252
2009-04-14,12.235834121704102
2009-04-15,12.286754608154297
2009-04-16,12.40297794342041
2009-04-17,12.502605438232422
2009-04-20,12.530272483825684
2009-04-21,12.679709434509277
2009-04-22,12.69631576538086
2009-04-23,12.668643951416016
2009-04-24,12.557940483093262
2009-04-27,12.602230072021484
2009-04-28,12.591156005859375
2009-04-29,12.513676643371582
2009-04-30,12.480467796325684
2009-05-01,12.463855743408203
2009-05-04,12.463855743408203
2009-05-05,12.474934577941895
2009-05-06,12.524746894836426
2009-05-07,12.591156005859375
2009-05-08,12.624361991882324
2009-05-11,12.652037620544434
2009-05-12,12.663104057312012
2009-05-13,12.668643951416016
2009-05-14,12.707377433776855
2009-05-15,12.733490943908691
2009-05-18,12.727937698364258
2009-05-19,12.727937698364258
2009-05-20,12.772378921508789
2009-05-21,12.839057922363281
2009-05-22,12.8223876953125
2009-05-26,12.772378921508789
2009-05-27,12.694602012634277
2009-05-28,12.622373580932617
2009-05-29,12.555709838867188
2009-06-01,12.500150680541992
2009-06-02,12.51126480102539
2009-06-03,12.527936935424805
2009-06-04,12.522383689880371
2009-06-05,12.500150680541992
2009-06-08,12.450160026550293
2009-06-09,12.439046859741211
2009-06-10,12.33349323272705
2009-06-11,12.31682300567627
2009-06-12,12.322379112243652
2009-06-15,12.36255168914795
2009-06-16,12.429485321044922
2009-06-17,12.418329238891602
2009-06-18,12.462959289550781
2009-06-19,12.457381248474121
2009-06-22,12.485283851623535
2009-06-23,12.468544006347656
2009-06-24,12.468544006347656
2009-06-25,12.485283851623535
2009-06-26,12.468544006347656
2009-06-29,12.485283851623535
2009-06-30,12.49085807800293
2009-07-01,12.5020112991333
2009-07-02,12.440643310546875
2009-07-06,12.518750190734863
2009-07-07,12.54664134979248
2009-07-08,12.630315780639648
2009-07-09,12.708423614501953
2009-07-10,12.691692352294922
2009-07-13,12.691692352294922
2009-07-14,12.691692352294922
2009-07-15,12.631196022033691
2009-07-16,12.647992134094238
2009-07-17,12.496757507324219
2009-07-20,12.597587585449219
2009-07-21,12.591985702514648
2009-07-22,12.563977241516113
2009-07-23,12.575181007385254
2009-07-24,12.524773597717285
2009-07-27,12.54157543182373
2009-07-28,12.519170761108398
2009-07-29,12.575181007385254
2009-07-30,12.563977241516113
2009-07-31,12.575181007385254
2009-08-03,12.591985702514648
2009-08-04,12.580780029296875
2009-08-05,12.608798027038574
2009-08-06,12.625604629516602
2009-08-07,12.608798027038574
2009-08-10,12.65360164642334
2009-08-11,12.65360164642334
2009-08-12,12.698418617248535
2009-08-13,12.709609031677246
2009-08-14,12.76530647277832
2009-08-17,12.782185554504395
2009-08-18,12.799066543579102
2009-08-19,12.860947608947754
2009-08-20,12.855326652526855
2009-08-21,12.877836227416992
2009-08-24,12.877836227416992
2009-08-25,12.866576194763184
2009-08-26,12.844072341918945
2009-08-27,12.956594467163086
2009-08-28,13.001599311828613
2009-08-31,13.018481254577637
2009-09-01,13.09162712097168
2009-09-02,13.232266426086426
2009-09-03,13.282896995544434
2009-09-04,13.288535118103027
2009-09-08,13.322280883789062
2009-09-09,13.31666088104248
2009-09-10,13.384166717529297
2009-09-11,13.43480110168457
2009-09-14,13.440431594848633
2009-09-15,13.421789169311523
2009-09-16,13.455678939819336
2009-09-17,13.517813682556152
2009-09-18,13.546059608459473
2009-09-21,13.540416717529297
2009-09-22,13.57995319366455
2009-09-23,13.608193397521973
2009-09-24,13.630802154541016
2009-09-25,13.687289237976074
2009-09-28,13.709878921508789
2009-09-29,13.698580741882324
2009-09-30,13.726828575134277
2009-10-01,13.868056297302246
2009-10-02,13.839801788330078
2009-10-05,13.862398147583008
2009-10-06,13.811559677124023
2009-10-07,13.80025863647461
2009-10-08,13.698580741882324
2009-10-09,13.653387069702148
2009-10-12,13.642093658447266
2009-10-13,13.57995319366455
2009-10-14,13.47263240814209
2009-10-15,13.527083396911621
2009-10-16,13.555426597595215
2009-10-19,13.572441101074219
2009-10-20,13.561110496520996
2009-10-21,13.578117370605469
2009-10-22,13.566776275634766
2009-10-23,13.54976749420166
2009-10-26,13.544092178344727
2009-10-27,13.464692115783691
2009-10-28,13.424983024597168
2009-10-29,13.41930866241455
2009-10-30,13.356928825378418
2009-11-02,13.317221641540527
2009-11-03,13.407970428466797
2009-11-04,13.396632194519043
2009-11-05,13.41930866241455
2009-11-06,13.402300834655762
2009-11-09,13.390939712524414
2009-11-10,13.368268966674805
2009-11-11,13.373941421508789
2009-11-12,13.36259937286377
2009-11-13,13.348930358886719
2009-11-16,13.331831932067871
2009-11-17,13.303369522094727
2009-11-18,13.320446968078613
2009-11-19,13.309063911437988
2009-11-20,13.354626655578613
2009-11-23,13.354626655578613
2009-11-24,13.371703147888184
2009-11-25,13.366007804870605
2009-11-27,13.377398490905762
2009-11-30,13.394491195678711
2009-12-01,13.428653717041016
2009-12-02,13.497002601623535
2009-12-03,13.497002601623535
2009-12-04,13.468525886535645
2009-12-07,13.514081954956055
2009-12-08,13.553940773010254
2009-12-09,13.57103157043457
2009-12-10,13.548250198364258
2009-12-11,13.542557716369629
2009-12-14,13.542557716369629
2009-12-15,13.516827583312988
2009-12-16,13.539698600769043
2009-12-17,13.56828498840332
2009-12-18,13.579721450805664
2009-12-21,13.602591514587402
2009-12-22,13.579721450805664
2009-12-23,13.574014663696289
2009-12-24,13.59115982055664
2009-12-28,13.562572479248047
2009-12-29,13.579721450805664
2009-12-30,13.579721450805664
2009-12-31,13.562572479248047
2010-01-04,13.556844711303711
2010-01-05,13.585443496704102
2010-01-06,13.556844711303711
2010-01-07,13.59115982055664
2010-01-08,13.596877098083496
2010-01-11,13.59115982055664
2010-01-12,13.602591514587402
2010-01-13,13.596877098083496
2010-01-14,13.631179809570312
2010-01-15,13.633468627929688
2010-01-19,13.633468627929688
2010-01-20,13.633468627929688
2010-01-21,13.68514633178711
2010-01-22,13.65643310546875
2010-01-25,13.65643310546875
2010-01-26,13.604775428771973
2010-01-27,13.610511779785156
2010-01-28,13.558852195739746
2010-01-29,13.576078414916992
2010-02-01,13.570328712463379
2010-02-02,13.604775428771973
2010-02-03,13.621992111206055
2010-02-04,13.679399490356445
2010-02-05,13.68514633178711
2010-02-08,13.690877914428711
2010-02-09,13.667912483215332
2010-02-10,13.667912483215332
2010-02-11,13.662174224853516
2010-02-12,13.663908004760742
2010-02-16,13.663908004760742
2010-02-17,13.640859603881836
2010-02-18,13.623560905456543
2010-02-19,13.635092735290527
2010-02-22,13.606276512145996
2010-02-23,13.635092735290527
2010-02-24,13.640859603881836
2010-02-25,13.658146858215332
2010-02-26,13.681192398071289
2010-03-01,13.681192398071289
2010-03-02,13.692723274230957
2010-03-03,13.698485374450684
2010-03-04,13.721529006958008
2010-03-05,13.727303504943848
2010-03-08,13.698485374450684
2010-03-09,13.733063697814941
2010-03-10,13.733063697814941
2010-03-11,13.715771675109863
2010-03-12,13.721529006958008
2010-03-15,13.7087984085083
2010-03-16,13.70302677154541
2010-03-17,13.731951713562012
2010-03-18,13.731951713562012
2010-03-19,13.72616958618164
2010-03-22,13.73773193359375
2010-03-23,13.743515968322754
2010-03-24,13.7087984085083
2010-03-25,13.697223663330078
2010-03-26,13.697223663330078
2010-03-29,13.7087984085083
2010-03-30,13.691452026367188
2010-03-31,13.714591979980469
2010-04-01,13.691452026367188
2010-04-05,13.691452026367188
2010-04-06,13.697223663330078
2010-04-07,13.70302677154541
2010-04-08,13.714591979980469
2010-04-09,13.7087984085083
2010-04-12,13.714591979980469
2010-04-13,13.743515968322754
2010-04-14,13.755109786987305
2010-04-15,13.757425308227539
2010-04-16,13.757425308227539
2010-04-19,13.774864196777344
2010-04-20,13.780660629272461
2010-04-21,13.827144622802734
2010-04-22,13.844575881958008
2010-04-23,13.821331024169922
2010-04-26,13.827144622802734
2010-04-27,13.873618125915527
2010-04-28,13.885241508483887
2010-04-29,13.885241508483887
2010-04-30,13.8910493850708
2010-05-03,13.885241508483887
2010-05-04,13.920106887817383
2010-05-05,13.931721687316895
2010-05-06,13.896857261657715
2010-05-07,13.8910493850708
2010-05-10,14.605644226074219
2010-05-11,13.925899505615234
2010-05-12,13.908476829528809
2010-05-13,13.920106887817383
2010-05-14,13.928263664245605
2010-05-17,13.916609764099121
2010-05-18,13.951591491699219
2010-05-19,13.939929008483887
2010-05-20,13.963255882263184
2010-05-21,14.004082679748535
2010-05-24,14.02159309387207
2010-05-25,14.056571006774902
2010-05-26,14.009922981262207
2010-05-27,13.992420196533203
2010-05-28,14.004082679748535
2010-06-01,13.998261451721191
2010-06-02,14.009922981262207
2010-06-03,13.986593246459961
2010-06-04,14.004082679748535
2010-06-07,14.004082679748535
2010-06-08,13.992420196533203
2010-06-09,13.980749130249023
2010-06-10,13.969088554382324
2010-06-11,13.974929809570312
2010-06-14,13.945762634277344
2010-06-15,13.92937183380127
2010-06-16,13.92937183380127
2010-06-17,13.91180419921875
2010-06-18,13.92937183380127
2010-06-21,13.935218811035156
2010-06-22,13.935218811035156
2010-06-23,13.964503288269043
2010-06-24,13.964503288269043
2010-06-25,13.970356941223145
2010-06-28,13.976201057434082
2010-06-29,13.976201057434082
2010-06-30,14.005484580993652
2010-07-01,14.011336326599121
2010-07-02,14.023042678833008
2010-07-06,14.017207145690918
2010-07-07,14.023042678833008
2010-07-08,14.028909683227539
2010-07-09,14.028909683227539
2010-07-12,14.046472549438477
2010-07-13,14.046472549438477
2010-07-14,14.064041137695312
2010-07-15,14.052278518676758
2010-07-16,14.087546348571777
2010-07-19,14.07577896118164
2010-07-20,14.099297523498535
2010-07-21,14.099297523498535
2010-07-22,14.105180740356445
2010-07-23,14.099297523498535
2010-07-26,14.105180740356445
2010-07-27,14.111050605773926
2010-07-28,14.105180740356445
2010-07-29,14.099297523498535
2010-07-30,14.122808456420898
2010-08-02,14.128684043884277
2010-08-03,14.128684043884277
2010-08-04,14.140425682067871
2010-08-05,14.158080101013184
2010-08-06,14.152193069458008
2010-08-09,14.18156909942627
2010-08-10,14.199214935302734
2010-08-11,14.246221542358398
2010-08-12,14.2638578414917
2010-08-13,14.280374526977539
2010-08-16,14.298065185546875
2010-08-17,14.339361190795898
2010-08-18,14.368844032287598
2010-08-19,14.38654899597168
2010-08-20,14.43373966217041
2010-08-23,14.416037559509277
2010-08-24,14.486809730529785
2010-08-25,14.528125762939453
2010-08-26,14.528125762939453
2010-08-27,14.49863052368164
2010-08-30,14.510414123535156
2010-08-31,14.545806884765625
2010-09-01,14.53991413116455
2010-09-02,14.534016609191895
2010-09-03,14.46912670135498
2010-09-07,14.504512786865234
2010-09-08,14.49863052368164
2010-09-09,14.504512786865234
2010-09-10,14.49863052368164
2010-09-13,14.510414123535156
2010-09-14,14.504512786865234
2010-09-15,14.473145484924316
2010-09-16,14.490909576416016
2010-09-17,14.49682331085205
2010-09-20,14.479063034057617
2010-09-21,14.502748489379883
2010-09-22,14.550087928771973
2010-09-23,14.556021690368652
2010-09-24,14.532347679138184
2010-09-27,14.556021690368652
2010-09-28,14.579699516296387
2010-09-29,14.573762893676758
2010-09-30,14.556021690368652
2010-10-01,14.532347679138184
2010-10-04,14.5264253616333
2010-10-05,14.502748489379883
2010-10-06,14.5264253616333
2010-10-07,14.5264253616333
2010-10-08,14.556021690368652
2010-10-11,14.550087928771973
2010-10-12,14.567861557006836
2010-10-13,14.550087928771973
2010-10-14,14.550087928771973
2010-10-15,14.481202125549316
2010-10-18,14.522778511047363
2010-10-19,14.528717994689941
2010-10-20,14.51089096069336
2010-10-21,14.540596961975098
2010-10-22,14.534658432006836
2010-10-25,14.522778511047363
2010-10-26,14.49306869506836
2010-10-27,14.427740097045898
2010-10-28,14.445555686950684
2010-10-29,14.427740097045898
2010-11-01,14.421802520751953
2010-11-02,14.427740097045898
2010-11-03,14.392104148864746
2010-11-04,14.398039817810059
2010-11-05,14.350523948669434
2010-11-08,14.326762199401855
2010-11-09,14.154507637023926
2010-11-10,14.047591209411621
2010-11-11,13.768426895141602
2010-11-12,13.910985946655273
2010-11-15,13.870444297790527
2010-11-16,13.697588920593262
2010-11-17,13.52471923828125
2010-11-18,13.584334373474121
2010-11-19,13.769115447998047
2010-11-22,13.912169456481934
2010-11-23,13.936003684997559
2010-11-24,13.912169456481934
2010-11-26,13.9479341506958
2010-11-29,13.924092292785645
2010-11-30,13.971782684326172
2010-12-01,13.959843635559082
2010-12-02,13.918134689331055
2010-12-03,13.918134689331055
2010-12-06,13.912169456481934
2010-12-07,13.709511756896973
2010-12-08,13.542607307434082
2010-12-09,13.620094299316406
2010-12-10,13.548563957214355
2010-12-13,13.417436599731445
2010-12-14,13.190933227539062
2010-12-15,13.225665092468262
2010-12-16,13.357446670532227
2010-12-17,13.483238220214844
2010-12-20,13.453285217285156
2010-12-21,13.453285217285156
2010-12-22,13.471256256103516
2010-12-23,13.555116653442383
2010-12-27,13.513187408447266
2010-12-28,13.501209259033203
2010-12-29,13.465266227722168
2010-12-30,13.477249145507812
2010-12-31,13.501209259033203
2011-01-03,13.519176483154297
2011-01-04,13.525168418884277
2011-01-05,13.489232063293457
2011-01-06,13.501209259033203
2011-01-07,13.417346000671387
2011-01-10,13.405366897583008
2011-01-11,13.39937686920166
2011-01-12,13.2496337890625
2011-01-13,13.039986610412598
2011-01-14,12.886575698852539
2011-01-18,12.96478271484375
2011-01-19,13.042991638183594
2011-01-20,13.115185737609863
2011-01-21,13.139253616333008
2011-01-24,13.259573936462402
2011-01-25,13.307708740234375
2011-01-26,13.325751304626465
2011-01-27,13.301695823669434
2011-01-28,13.415994644165039
2011-01-31,13.440057754516602
2011-02-01,13.434036254882812
2011-02-02,13.397947311401367
2011-02-03,13.331771850585938
2011-02-04,13.199410438537598
2011-02-07,13.181365013122559
2011-02-08,13.145261764526367
2011-02-09,13.187395095825195
2011-02-10,13.205418586730957
2011-02-11,13.2716064453125
2011-02-14,13.259573936462402
2011-02-15,13.322405815124512
2011-02-16,13.388870239257812
2011-02-17,13.479498863220215
2011-02-18,13.449297904968262
2011-02-22,13.539916038513184
2011-02-23,13.57012939453125
2011-02-24,13.612421035766602
2011-02-25,13.618463516235352
2011-02-28,13.648679733276367
2011-03-01,13.606374740600586
2011-03-02,13.624502182006836
2011-03-03,13.594294548034668
2011-03-04,13.5882568359375
2011-03-07,13.56408977508545
2011-03-08,13.56408977508545
2011-03-09,13.545958518981934
2011-03-10,13.545958518981934
2011-03-11,13.57012939453125
2011-03-14,13.576173782348633
2011-03-15,13.627143859863281
2011-03-16,13.706007957458496
2011-03-17,13.6878080368042
2011-03-18,13.699934005737305
2011-03-21,13.699934005737305
2011-03-22,13.651409149169922
2011-03-23,13.633208274841309
2011-03-24,13.645339965820312
2011-03-25,13.627143859863281
2011-03-28,13.639264106750488
2011-03-29,13.572526931762695
2011-03-30,13.554325103759766
2011-03-31,13.487591743469238
2011-04-01,13.511857032775879
2011-04-04,13.49972152709961
2011-04-05,13.505794525146484
2011-04-06,13.469388961791992
2011-04-07,13.505794525146484
2011-04-08,13.48151969909668
2011-04-11,13.493659019470215
2011-04-12,13.505794525146484
2011-04-13,13.530061721801758
2011-04-14,13.54825496673584
2011-04-15,13.598820686340332
2011-04-18,13.641473770141602
2011-04-19,13.659756660461426
2011-04-20,13.671943664550781
2011-04-21,13.714590072631836
2011-04-25,13.73285961151123
2011-04-26,13.805980682373047
2011-04-27,13.830355644226074
2011-04-28,13.866921424865723
2011-04-29,13.866921424865723
2011-05-02,13.860808372497559
2011-05-03,13.903454780578613
2011-05-04,13.976581573486328
2011-05-05,14.03140926361084
2011-05-06,14.013130187988281
2011-05-09,14.067959785461426
2011-05-10,14.074056625366211
2011-05-11,14.080146789550781
2011-05-12,14.086238861083984
2011-05-13,14.143742561340332
2011-05-16,14.131514549255371
2011-05-17,14.186574935913086
2011-05-18,14.19268798828125
2011-05-19,14.180445671081543
2011-05-20,14.211038589477539
2011-05-23,14.223268508911133
2011-05-24,14.204926490783691
2011-05-25,14.23551082611084
2011-05-26,14.241630554199219
2011-05-27,14.23551082611084
2011-05-31,14.241630554199219
2011-06-01,14.241630554199219
2011-06-02,14.247742652893066
2011-06-03,14.272221565246582
2011-06-06,14.296687126159668
2011-06-07,14.308923721313477
2011-06-08,14.321149826049805
2011-06-09,14.296687126159668
2011-06-10,14.31503677368164
2011-06-13,14.302802085876465
2011-06-14,14.272221565246582
2011-06-15,14.267926216125488
2011-06-16,14.292487144470215
2011-06-17,14.310905456542969
2011-06-20,14.36005687713623
2011-06-21,14.32319164276123
2011-06-22,14.329334259033203
2011-06-23,14.372334480285645
2011-06-24,14.341629981994629
2011-06-27,14.36005687713623
2011-06-28,14.317057609558105
2011-06-29,14.298623085021973
2011-06-30,14.243348121643066
2011-07-01,14.255632400512695
2011-07-05,14.24948501586914
2011-07-06,14.267926216125488
2011-07-07,14.218772888183594
2011-07-08,14.243348121643066
2011-07-11,14.292487144470215
2011-07-12,14.372334480285645
2011-07-13,14.403032302856445
2011-07-14,14.36005687713623
2011-07-15,14.348939895629883
2011-07-18,14.392104148864746
2011-07-19,14.398283004760742
2011-07-20,14.361281394958496
2011-07-21,14.3366117477417
2011-07-22,14.361281394958496
2011-07-25,14.355113983154297
2011-07-26,14.367443084716797
2011-07-27,14.3366117477417
2011-07-28,14.324288368225098
2011-07-29,14.367443084716797
2011-08-01,14.41060733795166
2011-08-02,14.521607398986816
2011-08-03,14.66342544555664
2011-08-04,14.75592041015625
2011-08-05,14.712763786315918
2011-08-08,14.638778686523438
2011-08-09,14.651102066040039
2011-08-10,14.848411560058594
2011-08-11,14.675768852233887
2011-08-12,14.718918800354004
2011-08-15,14.794448852539062
2011-08-16,14.74492073059082
2011-08-17,14.794448852539062
2011-08-18,14.782052040100098
2011-08-19,14.782052040100098
2011-08-22,14.82540225982666
2011-08-23,14.788256645202637
2011-08-24,14.738729476928711
2011-08-25,14.732552528381348
2011-08-26,14.74492073059082
2011-08-29,14.732552528381348
2011-08-30,14.763495445251465
2011-08-31,14.769679069519043
2011-09-01,14.763495445251465
2011-09-02,14.831583023071289
2011-09-06,14.91206169128418
2011-09-07,14.93681812286377
2011-09-08,14.943013191223145
2011-09-09,14.967767715454102
2011-09-12,14.93681812286377
2011-09-13,14.943013191223145
2011-09-14,14.955390930175781
2011-09-15,14.924324035644531
2011-09-16,14.924324035644531
2011-09-19,14.899473190307617
2011-09-20,14.967815399169922
2011-09-21,15.005084037780762
2011-09-22,15.210127830505371
2011-09-23,15.135581016540527
2011-09-26,15.085869789123535
2011-09-27,15.042366981506348
2011-09-28,15.01751708984375
2011-09-29,15.011317253112793
2011-09-30,15.067220687866211
2011-10-03,15.061015129089355
2011-10-04,15.061015129089355
2011-10-05,14.955389022827148
2011-10-06,14.905682563781738
2011-10-07,14.887036323547363
2011-10-10,14.874617576599121
2011-10-11,14.911900520324707
2011-10-12,14.862189292907715
2011-10-13,14.887036323547363
2011-10-14,14.92819881439209
2011-10-17,14.940666198730469
2011-10-18,14.984321594238281
2011-10-19,14.971840858459473
2011-10-20,14.99678897857666
2011-10-21,14.984321594238281
2011-10-24,14.978086471557617
2011-10-25,14.99055290222168
2011-10-26,14.984321594238281
2011-10-27,14.87207317352295
2011-10-28,14.915729522705078
2011-10-31,14.959368705749512
2011-11-01,15.071623802185059
2011-11-02,15.06537914276123
2011-11-03,15.01549243927002
2011-11-04,15.021732330322266
2011-11-07,15.052909851074219
2011-11-08,15.01549243927002
2011-11-09,15.046666145324707
2011-11-10,15.027960777282715
2011-11-11,15.034208297729492
2011-11-14,15.003032684326172
2011-11-15,14.969850540161133
2011-11-16,14.976114273071289
2011-11-17,14.982364654541016
2011-11-18,15.013665199279785
2011-11-21,15.03244400024414
2011-11-22,15.044963836669922
2011-11-23,15.051225662231445
2011-11-25,15.051225662231445
2011-11-28,15.013665199279785
2011-11-29,15.013665199279785
2011-11-30,14.988641738891602
2011-12-01,14.969850540161133
2011-12-02,15.026180267333984
2011-12-05,15.026180267333984
2011-12-06,15.05748176574707
2011-12-07,15.157608032226562
2011-12-08,15.157608032226562
2011-12-09,15.163865089416504
2011-12-12,15.176380157470703
2011-12-13,15.170120239257812
2011-12-14,15.2139310836792
2011-12-15,15.237165451049805
2011-12-16,15.249739646911621
2011-12-19,15.230884552001953
2011-12-20,15.249739646911621
2011-12-21,15.249739646911621
2011-12-22,15.268568992614746
2011-12-23,15.262287139892578
2011-12-27,15.281134605407715
2011-12-28,15.312541007995605
2011-12-29,15.331387519836426
2011-12-30,15.3565092086792
2012-01-03,15.3502197265625
2012-01-04,15.369063377380371
2012-01-05,15.41930866241455
2012-01-06,15.41930866241455
2012-01-09,15.475842475891113
2012-01-10,15.538644790649414
2012-01-11,15.63286018371582
2012-01-12,15.657981872558594
2012-01-13,15.753820419311523
2012-01-17,15.766420364379883
2012-01-18,15.810543060302734
2012-01-19,15.722273826599121
2012-01-20,15.665535926818848
2012-01-23,15.64033031463623
2012-01-24,15.64033031463623
2012-01-25,15.715989112854004
2012-01-26,15.747513771057129
2012-01-27,15.797935485839844
2012-01-30,15.860986709594727
2012-01-31,15.879878044128418
2012-02-01,15.879878044128418
2012-02-02,15.886181831359863
2012-02-03,15.797935485839844
2012-02-06,15.810543060302734
2012-02-07,15.816838264465332
2012-02-08,15.785329818725586
2012-02-09,15.785329818725586
2012-02-10,15.816838264465332
2012-02-13,15.810543060302734
2012-02-14,15.829459190368652
2012-02-15,15.849695205688477
2012-02-16,15.82439136505127
2012-02-17,15.830723762512207
2012-02-21,15.82439136505127
2012-02-22,15.818070411682129
2012-02-23,15.837060928344727
2012-02-24,15.837060928344727
2012-02-27,15.86235523223877
2012-02-28,15.843369483947754
2012-02-29,15.868685722351074
2012-03-01,15.837060928344727
2012-03-02,15.82439136505127
2012-03-05,15.837060928344727
2012-03-06,15.805407524108887
2012-03-07,15.76744556427002
2012-03-08,15.761127471923828
2012-03-09,15.805407524108887
2012-03-12,15.837060928344727
2012-03-13,15.81174373626709
2012-03-14,15.748464584350586
2012-03-15,15.667169570922852
2012-03-16,15.635422706604004
2012-03-19,15.6544771194458
2012-03-20,15.635422706604004
2012-03-21,15.660829544067383
2012-03-22,15.686230659484863
2012-03-23,15.717988967895508
2012-03-26,15.730694770812988
2012-03-27,15.762429237365723
2012-03-28,15.762429237365723
2012-03-29,15.762429237365723
2012-03-30,15.737029075622559
2012-04-02,15.756084442138672
2012-04-03,15.686230659484863
2012-04-04,15.705272674560547
2012-04-05,15.724337577819824
2012-04-09,15.851359367370605
2012-04-10,15.876752853393555
2012-04-11,15.851359367370605
2012-04-12,15.800538063049316
2012-04-13,15.890410423278809
2012-04-16,15.890410423278809
2012-04-17,15.896798133850098
2012-04-18,15.915904998779297
2012-04-19,15.935035705566406
2012-04-20,15.896798133850098
2012-04-23,15.960540771484375
2012-04-24,15.979650497436523
2012-04-25,15.979650497436523
2012-04-26,15.979650497436523
2012-04-27,15.986023902893066
2012-04-30,15.99240493774414
2012-05-01,15.986023902893066
2012-05-02,16.024276733398438
2012-05-03,16.037019729614258
2012-05-04,16.088003158569336
2012-05-07,16.12626075744629
2012-05-08,16.119871139526367
2012-05-09,16.17087173461914
2012-05-10,16.16449546813965
2012-05-11,16.17087173461914
2012-05-14,16.21548843383789
2012-05-15,16.190540313720703
2012-05-16,16.15855598449707
2012-05-17,16.12017059326172
2012-05-18,16.15855598449707
2012-05-21,16.15855598449707
2012-05-22,16.139371871948242
2012-05-23,16.15855598449707
2012-05-24,16.152156829833984
2012-05-25,16.171348571777344
2012-05-29,16.145761489868164
2012-05-30,16.216123580932617
2012-05-31,16.22892951965332
2012-06-01,16.25450325012207
2012-06-04,16.273700714111328
2012-06-05,16.203336715698242
2012-06-06,16.139371871948242
2012-06-07,16.12017059326172
2012-06-08,16.139371871948242
2012-06-11,16.152156829833984
2012-06-12,16.100984573364258
2012-06-13,16.132976531982422
2012-06-14,16.132976531982422
2012-06-15,16.165075302124023
2012-06-18,16.17148208618164
2012-06-19,16.165075302124023
2012-06-20,16.15223503112793
2012-06-21,16.158653259277344
2012-06-22,16.158653259277344
2012-06-25,16.203584671020508
2012-06-26,16.184324264526367
2012-06-27,16.190752029418945
2012-06-28,16.21642303466797
2012-06-29,16.184324264526367
2012-07-02,16.184324264526367
2012-07-03,16.177900314331055
2012-07-05,16.209997177124023
2012-07-06,16.242107391357422
2012-07-09,16.287052154541016
2012-07-10,16.31913948059082
2012-07-11,16.35124397277832
2012-07-12,16.402597427368164
2012-07-13,16.409042358398438
2012-07-16,16.454151153564453
2012-07-17,16.460580825805664
2012-07-18,16.47991371154785
2012-07-19,16.486352920532227
2012-07-20,16.53788948059082
2012-07-23,16.570104598999023
2012-07-24,16.58298683166504
2012-07-25,16.608766555786133
2012-07-26,16.621641159057617
2012-07-27,16.589435577392578
2012-07-30,16.576547622680664
2012-07-31,16.58298683166504
2012-08-01,16.58298683166504
2012-08-02,16.570104598999023
2012-08-03,16.53788948059082
2012-08-06,16.56366539001465
2012-08-07,16.49923324584961
2012-08-08,16.4927978515625
2012-08-09,16.505687713623047
2012-08-10,16.525005340576172
2012-08-13,16.531442642211914
2012-08-14,16.473468780517578
2012-08-15,16.43792152404785
2012-08-16,16.450849533081055
2012-08-17,16.457294464111328
2012-08-20,16.470226287841797
2012-08-21,16.444381713867188
2012-08-22,16.4960880279541
2012-08-23,16.547801971435547
2012-08-24,16.567190170288086
2012-08-27,16.599515914916992
2012-08-28,16.593050003051758
2012-08-29,16.593050003051758
2012-08-30,16.61890411376953
2012-08-31,16.61244010925293
2012-09-04,16.61890411376953
2012-09-05,16.62537384033203
2012-09-06,16.56073570251465
2012-09-07,16.573657989501953
2012-09-10,16.573657989501953
2012-09-11,16.547801971435547
2012-09-12,16.515487670898438
2012-09-13,16.50255584716797
2012-09-14,16.432518005371094
2012-09-17,16.458459854125977
2012-09-18,16.464948654174805
2012-09-19,16.52330780029297
2012-09-20,16.594635009765625
2012-09-21,16.58167266845703
2012-09-24,16.594635009765625
2012-09-25,16.594635009765625
2012-09-26,16.653003692626953
2012-09-27,16.659488677978516
2012-09-28,16.698396682739258
2012-10-01,16.68543243408203
2012-10-02,16.711362838745117
2012-10-03,16.711362838745117
2012-10-04,16.717863082885742
2012-10-05,16.678945541381836
2012-10-08,16.711362838745117
2012-10-09,16.698396682739258
2012-10-10,16.717863082885742
2012-10-11,16.704879760742188
2012-10-12,16.7373104095459
2012-10-15,16.757474899291992
2012-10-16,16.744462966918945
2012-10-17,16.724946975708008
2012-10-18,16.731443405151367
2012-10-19,16.731443405151367
2012-10-22,16.724946975708008
2012-10-23,16.757474899291992
2012-10-24,16.77049446105957
2012-10-25,16.737953186035156
2012-10-26,16.750961303710938
2012-10-31,16.77699089050293
2012-11-01,16.77049446105957
2012-11-02,16.77049446105957
2012-11-05,16.7965030670166
2012-11-06,16.783491134643555
2012-11-07,16.874570846557617
2012-11-08,16.93961524963379
2012-11-09,16.972139358520508
2012-11-12,16.978654861450195
2012-11-13,17.004671096801758
2012-11-14,17.01767921447754
2012-11-15,17.08229637145996
2012-11-16,17.101884841918945
2012-11-19,17.101884841918945
2012-11-20,17.09535026550293
2012-11-21,17.101884841918945
2012-11-23,17.114940643310547
2012-11-26,17.154102325439453
2012-11-27,17.173686981201172
2012-11-28,17.19978904724121
2012-11-29,17.206327438354492
2012-11-30,17.212852478027344
2012-12-03,17.193279266357422
2012-12-04,17.186735153198242
2012-12-05,17.19978904724121
2012-12-06,17.206327438354492
2012-12-07,17.19978904724121
2012-12-10,17.193279266357422
2012-12-11,17.1475772857666
2012-12-12,17.062721252441406
2012-12-13,16.990928649902344
2012-12-14,16.908388137817383
2012-12-17,16.87565803527832
2012-12-18,16.744701385498047
2012-12-19,16.82982635498047
2012-12-20,16.803619384765625
2012-12-21,16.849464416503906
2012-12-24,16.856014251708984
2012-12-26,16.86256980895996
2012-12-27,16.856014251708984
2012-12-28,16.82982635498047
2012-12-31,16.86256980895996
2013-01-02,16.82982635498047
2013-01-03,16.83636474609375
2013-01-04,16.82982635498047
2013-01-07,16.82327651977539
2013-01-08,16.90185546875
2013-01-09,16.94770622253418
2013-01-10,16.94114875793457
2013-01-11,16.980443954467773
2013-01-14,17.00008201599121
2013-01-15,17.01585578918457
2013-01-16,17.022422790527344
2013-01-17,16.983003616333008
2013-01-18,17.01585578918457
2013-01-22,17.042142868041992
2013-01-23,17.01585578918457
2013-01-24,17.022422790527344
2013-01-25,16.9764404296875
2013-01-28,16.937013626098633
2013-01-29,16.92388153076172
2013-01-30,16.897586822509766
2013-01-31,16.92388153076172
2013-02-01,16.92388153076172
2013-02-04,16.930437088012695
2013-02-05,16.92388153076172
2013-02-06,16.943588256835938
2013-02-07,16.943588256835938
2013-02-08,16.937013626098633
2013-02-11,16.95016098022461
2013-02-12,16.943588256835938
2013-02-13,16.897586822509766
2013-02-14,16.91073989868164
2013-02-15,16.917333602905273
2013-02-19,16.923925399780273
2013-02-20,16.89095687866211
2013-02-21,16.90414047241211
2013-02-22,16.917333602905273
2013-02-25,16.93050765991211
2013-02-26,16.956865310668945
2013-02-27,16.963457107543945
2013-02-28,16.970050811767578
2013-03-01,16.970050811767578
2013-03-04,16.970050811767578
2013-03-05,16.956865310668945
2013-03-06,16.87778091430664
2013-03-07,16.858020782470703
2013-03-08,16.792112350463867
2013-03-11,16.7657470703125
2013-03-12,16.772342681884766
2013-03-13,16.7525691986084
2013-03-14,16.719614028930664
2013-03-15,16.71169090270996
2013-03-18,16.757963180541992
2013-03-19,16.791017532348633
2013-03-20,16.777793884277344
2013-03-21,16.77117919921875
2013-03-22,16.77117919921875
2013-03-25,16.797622680664062
2013-03-26,16.777793884277344
2013-03-27,16.78440284729004
2013-03-28,16.777793884277344
2013-04-01,16.804235458374023
2013-04-02,16.797622680664062
2013-04-03,16.824071884155273
2013-04-04,16.850509643554688
2013-04-05,16.929826736450195
2013-04-08,16.94305992126465
2013-04-09,16.962886810302734
2013-04-10,16.949665069580078
2013-04-11,16.929826736450195
2013-04-12,16.929826736450195
2013-04-15,16.955039978027344
2013-04-16,16.974924087524414
2013-04-17,16.988187789916992
2013-04-18,17.027969360351562
2013-04-19,17.021352767944336
2013-04-22,17.008079528808594
2013-04-23,17.008079528808594
2013-04-24,17.008079528808594
2013-04-25,17.021352767944336
2013-04-26,17.034608840942383
2013-04-29,17.061124801635742
2013-04-30,17.061124801635742
2013-05-01,17.10753631591797
2013-05-02,17.114171981811523
2013-05-03,17.08102035522461
2013-05-06,17.061124801635742
2013-05-07,17.061124801635742
2013-05-08,17.05451011657715
2013-05-09,17.06777000427246
2013-05-10,17.014711380004883
2013-05-13,16.988187789916992
2013-05-14,16.98155403137207
2013-05-15,16.986879348754883
2013-05-16,17.0068416595459
2013-05-17,16.97357940673828
2013-05-20,16.980228424072266
2013-05-21,16.96026611328125
2013-05-22,16.920372009277344
2013-05-23,16.887109756469727
2013-05-24,16.900407791137695
2013-05-28,16.81395721435547
2013-05-29,16.780696868896484
2013-05-30,16.767385482788086
2013-05-31,16.694232940673828
2013-06-03,16.740787506103516
2013-06-04,16.707529067993164
2013-06-05,16.67427635192871
2013-06-06,16.70088768005371
2013-06-07,16.647674560546875
2013-06-10,16.574508666992188
2013-06-11,16.468090057373047
2013-06-12,16.202045440673828
2013-06-13,16.135540008544922
2013-06-14,16.12152862548828
2013-06-17,16.148223876953125
2013-06-18,16.261655807495117
2013-06-19,16.16823959350586
2013-06-20,15.75452995300293
2013-06-21,15.52098274230957
2013-06-24,15.38751220703125
2013-06-25,15.667771339416504
2013-06-26,15.921348571777344
2013-06-27,16.001415252685547
2013-06-28,15.954710006713867
2013-07-01,15.98139476776123
2013-07-02,16.001415252685547
2013-07-03,15.954710006713867
2013-07-05,15.68779468536377
2013-07-08,15.68779468536377
2013-07-09,15.781211853027344
2013-07-10,15.714487075805664
2013-07-11,15.767868995666504
2013-07-12,15.77453327178955
2013-07-15,15.75044059753418
2013-07-16,15.770524024963379
2013-07-17,15.810709953308105
2013-07-18,15.716938018798828
2013-07-19,15.583013534545898
2013-07-22,15.382122039794922
2013-07-23,15.362027168273926
2013-07-24,15.335243225097656
2013-07-25,15.43569278717041
2013-07-26,15.583013534545898
2013-07-29,15.5629301071167
2013-07-30,15.5629301071167
2013-07-31,15.428996086120605
2013-08-01,15.455768585205078
2013-08-02,15.408894538879395
2013-08-05,15.415609359741211
2013-08-06,15.382122039794922
2013-08-07,15.368728637695312
2013-08-08,15.388806343078613
2013-08-09,15.462477684020996
2013-08-12,15.43569278717041
2013-08-13,15.348634719848633
2013-08-14,15.355335235595703
2013-08-15,15.356670379638672
2013-08-16,15.296191215515137
2013-08-19,15.1953763961792
2013-08-20,15.202105522155762
2013-08-21,15.161771774291992
2013-08-22,15.188660621643066
2013-08-23,15.235706329345703
2013-08-26,15.222267150878906
2013-08-27,15.235706329345703
2013-08-28,15.18193531036377
2013-08-29,15.18193531036377
2013-08-30,15.188660621643066
2013-09-03,15.114731788635254
2013-09-04,15.128178596496582
2013-09-05,15.067692756652832
2013-09-06,15.134893417358398
2013-09-09,15.067692756652832
2013-09-10,15.081124305725098
2013-09-11,15.128178596496582
2013-09-12,15.188660621643066
2013-09-13,15.236546516418457
2013-09-16,15.324220657348633
2013-09-17,15.317488670349121
2013-09-18,15.445634841918945
2013-09-19,15.459129333496094
2013-09-20,15.445634841918945
2013-09-23,15.479363441467285
2013-09-24,15.519824028015137
2013-09-25,15.540068626403809
2013-09-26,15.526567459106445
2013-09-27,15.513084411621094
2013-09-30,15.560297012329102
2013-10-01,15.5468111038208
2013-10-02,15.607519149780273
2013-10-03,15.62775707244873
2013-10-04,15.567049980163574
2013-10-07,15.681707382202148
2013-10-08,15.587276458740234
2013-10-09,15.553550720214844
2013-10-10,15.506345748901367
2013-10-11,15.533323287963867
2013-10-14,15.465874671936035
2013-10-15,15.419836044311523
2013-10-16,15.413067817687988
2013-10-17,15.43338394165039
2013-10-18,15.467222213745117
2013-10-21,15.446915626525879
2013-10-22,15.528153419494629
2013-10-23,15.595840454101562
2013-10-24,15.71767520904541
2013-10-25,15.69737434387207
2013-10-28,15.71767520904541
2013-10-29,15.683842658996582
2013-10-30,15.683842658996582
2013-10-31,15.744760513305664
2013-11-01,15.6906099319458
2013-11-04,15.6906099319458
2013-11-05,15.677064895629883
2013-11-06,15.69737434387207
2013-11-07,15.731205940246582
2013-11-08,15.629687309265137
2013-11-11,15.6702880859375
2013-11-12,15.663531303405762
2013-11-13,15.6906099319458
2013-11-14,15.710912704467773
2013-11-15,15.722464561462402
2013-11-18,15.75643253326416
2013-11-19,15.763227462768555
2013-11-20,15.736043930053711
2013-11-21,15.70887565612793
2013-11-22,15.736043930053711
2013-11-25,15.75643253326416
2013-11-26,15.776816368103027
2013-11-27,15.797196388244629
2013-11-29,15.783611297607422
2013-12-02,15.736043930053711
2013-12-03,15.729255676269531
2013-12-04,15.702075958251953
2013-12-05,15.674904823303223
2013-12-06,15.681695938110352
2013-12-09,15.688493728637695
2013-12-10,15.722464561462402
2013-12-11,15.722464561462402
2013-12-12,15.70887565612793
2013-12-13,15.747072219848633
2013-12-16,15.733427047729492
2013-12-17,15.753889083862305
2013-12-18,15.747072219848633
2013-12-19,15.753889083862305
2013-12-20,15.753889083862305
2013-12-23,15.658406257629395
2013-12-24,15.651586532592773
2013-12-26,15.665228843688965
2013-12-27,15.678860664367676
2013-12-30,15.672036170959473
2013-12-31,15.658406257629395
2014-01-02,15.692503929138184
2014-01-03,15.692503929138184
2014-01-06,15.706149101257324
2014-01-07,15.794797897338867
2014-01-08,15.808440208435059
2014-01-09,15.862995147705078
2014-01-10,15.978936195373535
2014-01-13,16.00621795654297
2014-01-14,16.033496856689453
2014-01-15,16.025283813476562
2014-01-16,16.05950927734375
2014-01-17,16.114276885986328
2014-01-21,16.100584030151367
2014-01-22,16.107440948486328
2014-01-23,16.210115432739258
2014-01-24,16.22380828857422
2014-01-27,16.21695327758789
2014-01-28,16.251188278198242
2014-01-29,16.285415649414062
2014-01-30,16.285415649414062
2014-01-31,16.271724700927734
2014-02-03,16.271724700927734
2014-02-04,16.114276885986328
2014-02-05,16.19641876220703
2014-02-06,16.278554916381836
2014-02-07,16.278554916381836
2014-02-10,16.271724700927734
2014-02-11,16.285415649414062
2014-02-12,16.22380828857422
2014-02-13,16.21695327758789
2014-02-14,16.23619842529297
2014-02-18,16.222463607788086
2014-02-19,16.208715438842773
2014-02-20,16.20184326171875
2014-02-21,16.284303665161133
2014-02-24,16.298038482666016
2014-02-25,16.366744995117188
2014-02-26,16.38048553466797
2014-02-27,16.40110206604004
2014-02-28,16.41483497619629
2014-03-03,16.46294593811035
2014-03-04,16.44919204711914
2014-03-05,16.456058502197266
2014-03-06,16.359878540039062
2014-03-07,16.352994918823242
2014-03-10,16.366744995117188
2014-03-11,16.387357711791992
2014-03-12,16.4766788482666
2014-03-13,16.497295379638672
2014-03-14,16.531095504760742
2014-03-17,16.572473526000977
2014-03-18,16.55867576599121
2014-03-19,16.49660873413086
2014-03-20,16.517297744750977
2014-03-21,16.544878005981445
2014-03-24,16.55867576599121
2014-03-25,16.565568923950195
2014-03-26,16.586265563964844
2014-03-27,16.648332595825195
2014-03-28,16.62764549255371
2014-03-31,16.634546279907227
2014-04-01,16.613845825195312
2014-04-02,16.586265563964844
2014-04-03,16.55867576599121
2014-04-04,16.634546279907227
2014-04-07,16.68280792236328
2014-04-08,16.71040916442871
2014-04-09,16.717296600341797
2014-04-10,16.744888305664062
2014-04-11,16.77247428894043
2014-04-14,16.77936553955078
2014-04-15,16.783519744873047
2014-04-16,16.783519744873047
2014-04-17,16.748910903930664
2014-04-21,16.783519744873047
2014-04-22,16.804275512695312
2014-04-23,16.818119049072266
2014-04-24,16.804275512695312
2014-04-25,16.8873348236084
2014-04-28,16.86656379699707
2014-04-29,16.852724075317383
2014-04-30,16.880409240722656
2014-05-01,16.89424705505371
2014-05-02,16.921945571899414
2014-05-05,16.908096313476562
2014-05-06,16.93577766418457
2014-05-07,16.949613571166992
2014-05-08,16.991161346435547
2014-05-09,17.005002975463867
2014-05-12,16.991161346435547
2014-05-13,17.025753021240234
2014-05-14,17.074201583862305
2014-05-15,17.106847763061523
2014-05-16,17.113794326782227
2014-05-19,17.072126388549805
2014-05-20,17.086013793945312
2014-05-21,17.02350616455078
2014-05-22,17.058225631713867
2014-05-23,17.09295082092285
2014-05-27,17.106847763061523
2014-05-28,17.17629623413086
2014-05-29,17.16239356994629
2014-05-30,17.169361114501953
2014-06-02,17.05129051208496
2014-06-03,17.02350616455078
2014-06-04,17.009597778320312
2014-06-05,17.009597778320312
2014-06-06,17.01655387878418
2014-06-09,17.01655387878418
2014-06-10,16.995716094970703
2014-06-11,17.02350616455078
2014-06-12,17.05129051208496
2014-06-13,17.068693161010742
2014-06-16,17.04083251953125
2014-06-17,17.047792434692383
2014-06-18,17.068693161010742
2014-06-19,17.04083251953125
2014-06-20,17.082651138305664
2014-06-23,17.082651138305664
2014-06-24,17.138399124145508
2014-06-25,17.173242568969727
2014-06-26,17.194162368774414
2014-06-27,17.180221557617188
2014-06-30,17.20112419128418
2014-07-01,17.145376205444336
2014-07-02,17.11750030517578
2014-07-03,17.110536575317383
2014-07-07,17.208099365234375
2014-07-08,17.20112419128418
2014-07-09,17.180221557617188
2014-07-10,17.18718719482422
2014-07-11,17.208099365234375
2014-07-14,17.215068817138672
2014-07-15,17.224868774414062
2014-07-16,17.21786117553711
2014-07-17,17.280805587768555
2014-07-18,17.301780700683594
2014-07-21,17.273815155029297
2014-07-22,17.30878257751465
2014-07-23,17.322751998901367
2014-07-24,17.329755783081055
2014-07-25,17.37871551513672
2014-07-28,17.36472511291504
2014-07-29,17.385711669921875
2014-07-30,17.30878257751465
2014-07-31,17.287805557250977
2014-08-01,17.34373664855957
2014-08-04,17.350738525390625
2014-08-05,17.350738525390625
2014-08-06,17.37171745300293
2014-08-07,17.399682998657227
2014-08-08,17.40667724609375
2014-08-11,17.40667724609375
2014-08-12,17.420677185058594
2014-08-13,17.413681030273438
2014-08-14,17.476619720458984
2014-08-15,17.513107299804688
2014-08-18,17.499069213867188
2014-08-19,17.50609016418457
2014-08-20,17.478029251098633
2014-08-21,17.485042572021484
2014-08-22,17.520130157470703
2014-08-25,17.541166305541992
2014-08-26,17.555212020874023
2014-08-27,17.576251983642578
2014-08-28,17.590293884277344
2014-08-29,17.583269119262695
2014-09-02,17.569242477416992
2014-09-03,17.590293884277344
2014-09-04,17.53415870666504
2014-09-05,17.590293884277344
2014-09-08,17.569242477416992
2014-09-09,17.583269119262695
2014-09-10,17.548194885253906
2014-09-11,17.569242477416992
2014-09-12,17.513107299804688
2014-09-15,17.532115936279297
2014-09-16,17.56026268005371
2014-09-17,17.56026268005371
2014-09-18,17.5532169342041
2014-09-19,17.574331283569336
2014-09-22,17.6165714263916
2014-09-23,17.63064956665039
2014-09-24,17.623613357543945
2014-09-25,17.693981170654297
2014-09-26,17.67287826538086
2014-09-29,17.693981170654297
2014-09-30,17.679914474487305
2014-10-01,17.79956817626953
2014-10-02,17.75733757019043
2014-10-03,17.79956817626953
2014-10-06,17.79956817626953
2014-10-07,17.827713012695312
2014-10-08,17.8629093170166
2014-10-09,17.85587501525879
2014-10-10,17.898109436035156
2014-10-13,17.93328285217285
2014-10-14,17.94736099243164
2014-10-15,18.022899627685547
2014-10-16,17.980548858642578
2014-10-17,17.938175201416016
2014-10-20,17.95231819152832
2014-10-21,17.874652862548828
2014-10-22,17.860530853271484
2014-10-23,17.78287124633789
2014-10-24,17.81112289428711
2014-10-27,17.853479385375977
2014-10-28,17.853479385375977
2014-10-29,17.853479385375977
2014-10-30,17.83935546875
2014-10-31,17.82523536682129
2014-11-03,17.818164825439453
2014-11-04,17.818164825439453
2014-11-05,17.804054260253906
2014-11-06,17.733463287353516
2014-11-07,17.78287124633789
2014-11-10,17.78287124633789
2014-11-11,17.78994369506836
2014-11-12,17.78994369506836
2014-11-13,17.78994369506836
2014-11-14,17.791358947753906
2014-11-17,17.71344566345215
2014-11-18,17.74886131286621
2014-11-19,17.763019561767578
2014-11-20,17.763019561767578
2014-11-21,17.78427505493164
2014-11-24,17.791358947753906
2014-11-25,17.81259536743164
2014-11-26,17.826770782470703
2014-11-28,17.84800910949707
2014-12-01,17.8763427734375
2014-12-02,17.84800910949707
2014-12-03,17.890514373779297
2014-12-04,17.904680252075195
2014-12-05,17.904680252075195
2014-12-08,17.933013916015625
2014-12-09,17.961341857910156
2014-12-10,18.01091957092285
2014-12-11,17.996749877929688
2014-12-12,18.032154083251953
2014-12-15,18.01226234436035
2014-12-16,18.07620620727539
2014-12-17,18.005163192749023
2014-12-18,18.02648162841797
2014-12-19,18.01226234436035
2014-12-22,18.01936149597168
2014-12-23,17.998048782348633
2014-12-24,18.005163192749023
2014-12-26,18.005163192749023
2014-12-29,18.01226234436035
2014-12-30,18.005163192749023
2014-12-31,18.054895401000977
2015-01-02,18.104625701904297
2015-01-05,18.118839263916016
2015-01-06,18.18279457092285
2015-01-07,18.24675178527832
2015-01-08,18.211227416992188
2015-01-09,18.225425720214844
2015-01-12,18.268062591552734
2015-01-13,18.303592681884766
2015-01-14,18.317800521850586
2015-01-15,18.3947696685791
2015-01-16,18.344879150390625
2015-01-20,18.380512237548828
2015-01-21,18.337745666503906
2015-01-22,18.309242248535156
2015-01-23,18.366260528564453
2015-01-26,18.380512237548828
2015-01-27,18.401899337768555
2015-01-28,18.444658279418945
2015-01-29,18.401899337768555
2015-01-30,18.430400848388672
2015-02-02,18.466045379638672
2015-02-03,18.380512237548828
2015-02-04,18.380512237548828
2015-02-05,18.344879150390625
2015-02-06,18.252233505249023
2015-02-09,18.23797607421875
2015-02-10,18.195219039916992
2015-02-11,18.166706085205078
2015-02-12,18.152446746826172
2015-02-13,18.115983963012695
2015-02-17,18.0873966217041
2015-02-18,18.15888023376465
2015-02-19,18.12314224243164
2015-02-20,18.151735305786133
2015-02-23,18.187484741210938
2015-02-24,18.20892906188965
2015-02-25,18.187484741210938
2015-02-26,18.187484741210938
2015-02-27,18.21608543395996
2015-03-02,18.17319107055664
2015-03-03,18.151735305786133
2015-03-04,18.17319107055664
2015-03-05,18.187484741210938
2015-03-06,18.058805465698242
2015-03-09,18.058805465698242
2015-03-10,18.115983963012695
2015-03-11,18.151735305786133
2015-03-12,18.137434005737305
2015-03-13,18.163978576660156
2015-03-16,18.178314208984375
2015-03-17,18.178314208984375
2015-03-18,18.26436424255371
2015-03-19,18.278703689575195
2015-03-20,18.336076736450195
2015-03-23,18.31455421447754
2015-03-24,18.336076736450195
2015-03-25,18.30022430419922
2015-03-26,18.2571964263916
2015-03-27,18.31455421447754
2015-03-30,18.30022430419922
2015-03-31,18.307395935058594
2015-04-01,18.31455421447754
2015-04-02,18.30022430419922
2015-04-06,18.278703689575195
2015-04-07,18.321731567382812
2015-04-08,18.293041229248047
2015-04-09,18.26436424255371
2015-04-10,18.27153968811035
2015-04-13,18.278703689575195
2015-04-14,18.293041229248047
2015-04-15,18.2973690032959
2015-04-16,18.282987594604492
2015-04-17,18.2973690032959
2015-04-20,18.261404037475586
2015-04-21,18.239818572998047
2015-04-22,18.218246459960938
2015-04-23,18.175092697143555
2015-04-24,18.218246459960938
2015-04-27,18.23263168334961
2015-04-28,18.189477920532227
2015-04-29,18.16071128845215
2015-04-30,18.095966339111328
2015-05-01,17.98090171813965
2015-05-04,18.00248146057129
2015-05-05,18.060016632080078
2015-05-06,17.959320068359375
2015-05-07,17.995296478271484
2015-05-08,18.045639038085938
2015-05-11,17.973705291748047
2015-05-12,17.94493865966797
2015-05-13,17.9377498626709
2015-05-14,17.973705291748047
2015-05-15,18.00689125061035
2015-05-18,17.96360969543457
2015-05-19,17.920318603515625
2015-05-20,17.89147186279297
2015-05-21,17.934743881225586
2015-05-22,17.913101196289062
2015-05-26,17.96360969543457
2015-05-27,18.00689125061035
2015-05-28,18.00689125061035
2015-05-29,17.985244750976562
2015-06-01,17.96360969543457
2015-06-02,17.949174880981445
2015-06-03,17.905899047851562
2015-06-04,17.913101196289062
2015-06-05,17.86260414123535
2015-06-08,17.86260414123535
2015-06-09,17.84818458557129
2015-06-10,17.833744049072266
2015-06-11,17.87703514099121
2015-06-12,17.884246826171875
2015-06-15,17.93128776550293
2015-06-16,17.952993392944336
2015-06-17,17.93853187561035
2015-06-18,17.902345657348633
2015-06-19,17.93128776550293
2015-06-22,17.90957260131836
2015-06-23,17.90957260131836
2015-06-24,17.916807174682617
2015-06-25,17.902345657348633
2015-06-26,17.873390197753906
2015-06-29,17.945758819580078
2015-06-30,17.887866973876953
2015-07-01,17.880638122558594
2015-07-02,17.92405891418457
2015-07-06,17.945758819580078
2015-07-07,18.003646850585938
2015-07-08,18.032583236694336
2015-07-09,17.967472076416016
2015-07-10,17.96022605895996
2015-07-13,17.981931686401367
2015-07-14,18.02535629272461
2015-07-15,17.979633331298828
2015-07-16,18.06672477722168
2015-07-17,18.09576416015625
2015-07-20,18.081253051757812
2015-07-21,18.081253051757812
2015-07-22,18.110279083251953
2015-07-23,18.182861328125
2015-07-24,18.153839111328125
2015-07-27,18.20464324951172
2015-07-28,18.197391510009766
2015-07-29,18.19013214111328
2015-07-30,18.197391510009766
2015-07-31,18.197391510009766
2015-08-03,18.29900360107422
2015-08-04,18.240930557250977
2015-08-05,18.182861328125
2015-08-06,18.255449295043945
2015-08-07,18.211896896362305
2015-08-10,18.197391510009766
2015-08-11,18.277231216430664
2015-08-12,18.28449821472168
2015-08-13,18.248193740844727
2015-08-14,18.268583297729492
2015-08-17,18.26129913330078
2015-08-18,18.246742248535156
2015-08-19,18.283138275146484
2015-08-20,18.283138275146484
2015-08-21,18.312265396118164
2015-08-24,18.275876998901367
2015-08-25,18.173925399780273
2015-08-26,18.188488006591797
2015-08-27,18.232187271118164
2015-08-28,18.20305633544922
2015-08-31,18.173925399780273
2015-09-01,18.268583297729492
2015-09-02,18.188488006591797
2015-09-03,18.239442825317383
2015-09-04,18.26129913330078
2015-09-08,18.2540283203125
2015-09-09,18.275876998901367
2015-09-10,18.20305633544922
2015-09-11,18.188488006591797
2015-09-14,18.173925399780273
2015-09-15,18.111854553222656
2015-09-16,18.155675888061523
2015-09-17,18.206790924072266
2015-09-18,18.235998153686523
2015-09-21,18.162975311279297
2015-09-22,18.228700637817383
2015-09-23,18.206790924072266
2015-09-24,18.228700637817383
2015-09-25,18.250612258911133
2015-09-28,18.301733016967773
2015-09-29,18.279823303222656
2015-09-30,18.272523880004883
2015-10-01,18.32363510131836
2015-10-02,18.35285186767578
2015-10-05,18.32363510131836
2015-10-06,18.3820743560791
2015-10-07,18.35285186767578
2015-10-08,18.33824920654297
2015-10-09,18.35285186767578
2015-10-12,18.403976440429688
2015-10-13,18.396677017211914
2015-10-14,18.42588233947754
2015-10-15,18.410507202148438
2015-10-16,18.403186798095703
2015-10-19,18.417829513549805
2015-10-20,18.410507202148438
2015-10-21,18.439800262451172
2015-10-22,18.439800262451172
2015-10-23,18.425142288208008
2015-10-26,18.4471378326416
2015-10-27,18.432476043701172
2015-10-28,18.417829513549805
2015-10-29,18.395858764648438
2015-10-30,18.425142288208008
2015-11-02,18.439800262451172
2015-11-03,18.410507202148438
2015-11-04,18.425142288208008
2015-11-05,18.4471378326416
2015-11-06,18.3372802734375
2015-11-09,18.322635650634766
2015-11-10,18.3812198638916
2015-11-11,18.388538360595703
2015-11-12,18.403186798095703
2015-11-13,18.415678024291992
2015-11-16,18.430368423461914
2015-11-17,18.423009872436523
2015-11-18,18.46709632873535
2015-11-19,18.525859832763672
2015-11-20,18.51116943359375
2015-11-23,18.540546417236328
2015-11-24,18.555248260498047
2015-11-25,18.562580108642578
2015-11-27,18.562580108642578
2015-11-30,18.591970443725586
2015-12-01,18.643390655517578
2015-12-02,18.606660842895508
2015-12-03,18.547893524169922
2015-12-04,18.62870216369629
2015-12-07,18.61400604248047
2015-12-08,18.65073013305664
2015-12-09,18.65073013305664
2015-12-10,18.6580753326416
2015-12-11,18.75357437133789
2015-12-14,18.69481658935547
2015-12-15,18.68669891357422
2015-12-16,18.620384216308594
2015-12-17,18.68669891357422
2015-12-18,18.701440811157227
2015-12-21,18.74566650390625
2015-12-22,18.723539352416992
2015-12-23,18.730915069580078
2015-12-24,18.753019332885742
2015-12-28,18.789867401123047
2015-12-29,18.68669891357422
2015-12-30,18.782501220703125
2015-12-31,18.767759323120117
2016-01-04,18.804601669311523
2016-01-05,18.848814010620117
2016-01-06,18.922508239746094
2016-01-07,18.93723487854004
2016-01-08,18.93723487854004
2016-01-11,18.88565444946289
2016-01-12,18.91514015197754
2016-01-13,18.91514015197754
2016-01-14,18.92987060546875
2016-01-15,18.95573616027832
2016-01-19,18.948339462280273
2016-01-20,18.98529624938965
2016-01-21,18.95573616027832
2016-01-22,18.93355941772461
2016-01-25,18.94095230102539
2016-01-26,18.94095230102539
2016-01-27,18.93355941772461
2016-01-28,18.926176071166992
2016-01-29,18.95573616027832
2016-02-01,18.918777465820312
2016-02-02,19.000072479248047
2016-02-03,19.007463455200195
2016-02-04,19.007463455200195
2016-02-05,19.007463455200195
2016-02-08,19.051807403564453
2016-02-09,19.06658935546875
2016-02-10,19.06658935546875
2016-02-11,19.051807403564453
2016-02-12,19.06143569946289
2016-02-16,19.07626724243164
2016-02-17,18.99473762512207
2016-02-18,19.024385452270508
2016-02-19,19.016971588134766
2016-02-22,18.987329483032227
2016-02-23,19.002153396606445
2016-02-24,18.928037643432617
2016-02-25,18.942874908447266
2016-02-26,18.89839744567871
2016-02-29,18.942874908447266
2016-03-01,18.942874908447266
2016-03-02,18.86874008178711
2016-03-03,18.83169174194336
2016-03-04,18.80205535888672
2016-03-07,18.816871643066406
2016-03-08,18.83169174194336
2016-03-09,18.890981674194336
2016-03-10,18.89839744567871
2016-03-11,18.89839744567871
2016-03-14,18.942874908447266
2016-03-15,18.898269653320312
2016-03-16,18.97258758544922
2016-03-17,19.00231170654297
2016-03-18,19.009740829467773
2016-03-21,18.98001480102539
2016-03-22,19.009740829467773
2016-03-23,19.039474487304688
2016-03-24,18.99488639831543
2016-03-28,19.0543270111084
2016-03-29,19.10635757446289
2016-03-30,19.084060668945312
2016-03-31,19.128643035888672
2016-04-01,19.10635757446289
2016-04-04,19.150943756103516
2016-04-05,19.202959060668945
2016-04-06,19.180675506591797
2016-04-07,19.26983642578125
2016-04-08,19.240116119384766
2016-04-11,19.24755096435547
2016-04-12,19.254987716674805
2016-04-13,19.284709930419922
2016-04-14,19.292137145996094
2016-04-15,19.32268524169922
2016-04-18,19.315242767333984
2016-04-19,19.285432815551758
2016-04-20,19.300336837768555
2016-04-21,19.270523071289062
2016-04-22,19.277982711791992
2016-04-25,19.248170852661133
2016-04-26,19.263076782226562
2016-04-27,19.270523071289062
2016-04-28,19.292882919311523
2016-04-29,19.307788848876953
2016-05-02,19.270523071289062
2016-05-03,19.359956741333008
2016-05-04,19.374862670898438
2016-05-05,19.374862670898438
2016-05-06,19.367401123046875
2016-05-09,19.412111282348633
2016-05-10,19.412111282348633
2016-05-11,19.464284896850586
2016-05-12,19.441923141479492
2016-05-13,19.485252380371094
2016-05-16,19.447893142700195
2016-05-17,19.485252380371094
2016-05-18,19.42548179626465
2016-05-19,19.455368041992188
2016-05-20,19.447893142700195
2016-05-23,19.4404296875
2016-05-24,19.455368041992188
2016-05-25,19.455368041992188
2016-05-26,19.462839126586914
2016-05-27,19.462839126586914
2016-05-31,19.455368041992188
2016-06-01,19.455368041992188
2016-06-02,19.485252380371094
2016-06-03,19.53009796142578
2016-06-06,19.50766944885254
2016-06-07,19.53009796142578
2016-06-08,19.552501678466797
2016-06-09,19.589847564697266
2016-06-10,19.634687423706055
2016-06-13,19.679515838623047
2016-06-14,19.716873168945312
2016-06-15,19.722871780395508
2016-06-16,19.752826690673828
2016-06-17,19.722871780395508
2016-06-20,19.7078800201416
2016-06-21,19.70038604736328
2016-06-22,19.70038604736328
2016-06-23,19.640459060668945
2016-06-24,19.782787322998047
2016-06-27,19.83521270751953
2016-06-28,19.842714309692383
2016-06-29,19.842714309692383
2016-06-30,19.880165100097656
2016-07-01,19.887659072875977
2016-07-05,19.865188598632812
2016-07-06,19.910131454467773
2016-07-07,19.9176082611084
2016-07-08,19.92511558532715
2016-07-11,19.8951473236084
2016-07-12,19.865188598632812
2016-07-13,19.82773208618164
2016-07-14,19.820236206054688
2016-07-15,19.79470443725586
2016-07-18,19.77968406677246
2016-07-19,19.77968406677246
2016-07-20,19.764667510986328
2016-07-21,19.74964714050293
2016-07-22,19.734638214111328
2016-07-25,19.734638214111328
2016-07-26,19.742136001586914
2016-07-27,19.74964714050293
2016-07-28,19.734638214111328
2016-07-29,19.77968406677246
2016-08-01,19.719615936279297
2016-08-02,19.727123260498047
2016-08-03,19.74964714050293
2016-08-04,19.764667510986328
2016-08-05,19.697086334228516
2016-08-08,19.712108612060547
2016-08-09,19.667041778564453
2016-08-10,19.719615936279297
2016-08-11,19.667041778564453
2016-08-12,19.75716209411621
2016-08-15,19.691667556762695
2016-08-16,19.744365692138672
2016-08-17,19.76694107055664
2016-08-18,19.75941276550293
2016-08-19,19.736820220947266
2016-08-22,19.774471282958984
2016-08-23,19.78952980041504
2016-08-24,19.774471282958984
2016-08-25,19.781991958618164
2016-08-26,19.774471282958984
2016-08-29,19.842220306396484
2016-08-30,19.774471282958984
2016-08-31,19.79705047607422
2016-09-01,19.76694107055664
2016-09-02,19.75189208984375
2016-09-06,19.79705047607422
2016-09-07,19.744365692138672
2016-09-08,19.736820220947266
2016-09-09,19.714250564575195
2016-09-12,19.699203491210938
2016-09-13,19.661558151245117
2016-09-14,19.65403938293457
2016-09-15,19.6630859375
2016-09-16,19.6630859375
2016-09-19,19.625364303588867
2016-09-20,19.587642669677734
2016-09-21,19.625364303588867
2016-09-22,19.625364303588867
2016-09-23,19.640460968017578
2016-09-26,19.670629501342773
2016-09-27,19.678186416625977
2016-09-28,19.655550003051758
2016-09-29,19.655550003051758
2016-09-30,19.648000717163086
2016-10-03,19.617826461791992
2016-10-04,19.587642669677734
2016-10-05,19.602725982666016
2016-10-06,19.549915313720703
2016-10-07,19.557453155517578
2016-10-10,19.557453155517578
2016-10-11,19.51218032836914
2016-10-12,19.51218032836914
2016-10-13,19.549915313720703
2016-10-14,19.48260498046875
2016-10-17,19.512853622436523
2016-10-18,19.497732162475586
2016-10-19,19.48260498046875
2016-10-20,19.467470169067383
2016-10-21,19.490150451660156
2016-10-24,19.490150451660156
2016-10-25,19.490150451660156
2016-10-26,19.452348709106445
2016-10-27,19.41452980041504
2016-10-28,19.490150451660156
2016-10-31,19.48260498046875
2016-11-01,19.505294799804688
2016-11-02,19.520416259765625
2016-11-03,19.505294799804688
2016-11-04,19.543102264404297
2016-11-07,19.512853622436523
2016-11-08,19.467470169067383
2016-11-09,19.308652877807617
2016-11-10,19.22545623779297
2016-11-11,19.066619873046875
2016-11-14,18.93049430847168
2016-11-15,18.87969207763672
2016-11-16,18.84935760498047
2016-11-17,18.87969207763672
2016-11-18,18.84935760498047
2016-11-21,18.841785430908203
2016-11-22,18.796283721923828
2016-11-23,18.77352523803711
2016-11-25,18.78870964050293
2016-11-28,18.75078010559082
2016-11-29,18.674976348876953
2016-11-30,18.652225494384766
2016-12-01,18.53848648071289
2016-12-02,18.5157470703125
2016-12-05,18.53848648071289
2016-12-06,18.690134048461914
2016-12-07,18.826616287231445
2016-12-08,18.78870964050293
2016-12-09,18.76595687866211
2016-12-12,18.735618591308594
2016-12-13,18.758371353149414
2016-12-14,18.735618591308594
2016-12-15,18.646682739257812
2016-12-16,18.63908576965332
2016-12-19,18.745508193969727
2016-12-20,18.677093505859375
2016-12-21,18.715103149414062
2016-12-22,18.745508193969727
2016-12-23,18.768314361572266
2016-12-27,18.813926696777344
2016-12-28,18.889942169189453
2016-12-29,18.935546875
2016-12-30,18.920352935791016
2017-01-03,18.95075798034668
2017-01-04,18.973552703857422
2017-01-05,19.019168853759766
2017-01-06,19.057180404663086
2017-01-09,19.125587463378906
2017-01-10,19.079986572265625
2017-01-11,19.1560001373291
2017-01-12,19.23961639404297
2017-01-13,19.203798294067383
2017-01-17,19.2495174407959
2017-01-18,19.226661682128906
2017-01-19,19.127601623535156
2017-01-20,19.081878662109375
2017-01-23,19.11235237121582
2017-01-24,19.051393508911133
2017-01-25,19.04376983642578
2017-01-26,19.01328468322754
2017-01-27,19.036142349243164
2017-01-30,19.081878662109375
2017-01-31,19.097118377685547
2017-02-01,19.051393508911133
2017-02-02,19.04376983642578
2017-02-03,19.081878662109375
2017-02-06,19.11235237121582
2017-02-07,19.135217666625977
2017-02-08,19.173309326171875
2017-02-09,19.1047306060791
2017-02-10,19.1047306060791
2017-02-13,19.11235237121582
2017-02-14,19.036142349243164
2017-02-15,18.984960556030273
2017-02-16,19.0537166595459
2017-02-17,19.061351776123047
2017-02-21,19.06899070739746
2017-02-22,19.076637268066406
2017-02-23,19.13774299621582
2017-02-24,19.206514358520508
2017-02-27,19.18360137939453
2017-02-28,19.206514358520508
2017-03-01,19.084272384643555
2017-03-02,19.04607391357422
2017-03-03,19.038436889648438
2017-03-06,19.061351776123047
2017-03-07,19.038436889648438
2017-03-08,18.954389572143555
2017-03-09,18.90856170654297
2017-03-10,18.946758270263672
2017-03-13,18.92384910583496
2017-03-14,18.96204376220703
2017-03-15,19.003395080566406
2017-03-16,19.003395080566406
2017-03-17,19.026378631591797
2017-03-20,19.05701446533203
2017-03-21,19.102981567382812
2017-03-22,19.133609771728516
2017-03-23,19.15658950805664
2017-03-24,19.14893913269043
2017-03-27,19.187223434448242
2017-03-28,19.202547073364258
2017-03-29,19.225540161132812
2017-03-30,19.187223434448242
2017-03-31,19.171918869018555
2017-04-03,19.187223434448242
2017-04-04,19.225540161132812
2017-04-05,19.225540161132812
2017-04-06,19.233190536499023
2017-04-07,19.25616455078125
2017-04-10,19.317434310913086
2017-04-11,19.340425491333008
2017-04-12,19.371065139770508
2017-04-13,19.370290756225586
2017-04-17,19.385648727416992
2017-04-18,19.43173599243164
2017-04-19,19.424055099487305
2017-04-20,19.408687591552734
2017-04-21,19.401010513305664
2017-04-24,19.331884384155273
2017-04-25,19.255081176757812
2017-04-26,19.247394561767578
2017-04-27,19.293489456176758
2017-04-28,19.232040405273438
2017-05-01,19.26276206970215
2017-05-02,19.247394561767578
2017-05-03,19.285808563232422
2017-05-04,19.293489456176758
2017-05-05,19.301166534423828
2017-05-08,19.27044105529785
2017-05-09,19.301166534423828
2017-05-10,19.301166534423828
2017-05-11,19.308835983276367
2017-05-12,19.370290756225586
2017-05-15,19.391084671020508
2017-05-16,19.406482696533203
2017-05-17,19.46038818359375
2017-05-18,19.483497619628906
2017-05-19,19.491207122802734
2017-05-22,19.545103073120117
2017-05-23,19.575916290283203
2017-05-24,19.568206787109375
2017-05-25,19.599014282226562
2017-05-26,19.60671615600586
2017-05-30,19.63751983642578
2017-05-31,19.660619735717773
2017-06-01,19.652915954589844
2017-06-02,19.729930877685547
2017-06-05,19.70682716369629
2017-06-06,19.760730743408203
2017-06-07,19.760730743408203
2017-06-08,19.737627029418945
2017-06-09,19.714515686035156
2017-06-12,19.699125289916992
2017-06-13,19.70682716369629
2017-06-14,19.760730743408203
2017-06-15,19.71904754638672
2017-06-16,19.734481811523438
2017-06-19,19.734481811523438
2017-06-20,19.75765037536621
2017-06-21,19.749919891357422
2017-06-22,19.773088455200195
2017-06-23,19.75765037536621
2017-06-26,19.796241760253906
2017-06-27,19.749919891357422
2017-06-28,19.711322784423828
2017-06-29,19.63411521911621
2017-06-30,19.641830444335938
2017-07-03,19.626399993896484
2017-07-05,19.610942840576172
2017-07-06,19.587778091430664
2017-07-07,19.587778091430664
2017-07-10,19.595504760742188
2017-07-11,19.587778091430664
2017-07-12,19.65727996826172
2017-07-13,19.641830444335938
2017-07-14,19.69292449951172
2017-07-17,19.73162269592285
2017-07-18,19.747100830078125
2017-07-19,19.793554306030273
2017-07-20,19.824527740478516
2017-07-21,19.855484008789062
2017-07-24,19.847732543945312
2017-07-25,19.801292419433594
2017-07-26,19.824527740478516
2017-07-27,19.801292419433594
2017-07-28,19.809040069580078
2017-07-31,19.816770553588867
2017-08-01,19.801292419433594
2017-08-02,19.847732543945312
2017-08-03,19.886442184448242
2017-08-04,19.855484008789062
2017-08-07,19.886442184448242
2017-08-08,19.847732543945312
2017-08-09,19.8709659576416
2017-08-10,19.886442184448242
2017-08-11,19.901920318603516
2017-08-14,19.901920318603516
2017-08-15,19.86777114868164
2017-08-16,19.87554168701172
2017-08-17,19.898815155029297
2017-08-18,19.898815155029297
2017-08-21,19.914350509643555
2017-08-22,19.883298873901367
2017-08-23,19.922107696533203
2017-08-24,19.906583786010742
2017-08-25,19.922107696533203
2017-08-28,19.922107696533203
2017-08-29,19.96090316772461
2017-08-30,19.96090316772461
2017-08-31,19.95314598083496
2017-09-01,19.95314598083496
2017-09-05,19.984180450439453
2017-09-06,19.9764347076416
2017-09-07,20.038515090942383
2017-09-08,20.02299690246582
2017-09-11,20.038515090942383
2017-09-12,19.9764347076416
2017-09-13,19.922107696533203
2017-09-14,19.937623977661133
2017-09-15,19.922107696533203
2017-09-18,19.90264892578125
2017-09-19,19.887086868286133
2017-09-20,19.863750457763672
2017-09-21,19.90264892578125
2017-09-22,19.9182071685791
2017-09-25,19.957115173339844
2017-09-26,19.941553115844727
2017-09-27,19.887086868286133
2017-09-28,19.84041404724121
2017-09-29,19.871540069580078
2017-10-02,19.855966567993164
2017-10-03,19.9182071685791
2017-10-04,19.9182071685791
2017-10-05,19.910429000854492
2017-10-06,19.863750457763672
2017-10-09,19.90264892578125
2017-10-10,19.925987243652344
2017-10-11,19.941553115844727
2017-10-12,19.9804630279541
2017-10-13,20.02714729309082
2017-10-16,20.05047607421875
2017-10-17,20.08160972595215
2017-10-18,20.05047607421875
2017-10-19,20.034923553466797
2017-10-20,20.00379753112793
2017-10-23,19.999120712280273
2017-10-24,19.991317749023438
2017-10-25,19.921123504638672
2017-10-26,19.889923095703125
2017-10-27,19.889923095703125
2017-10-30,19.921123504638672
2017-10-31,19.91331672668457
2017-11-01,19.936721801757812
2017-11-02,19.975719451904297
2017-11-03,19.983524322509766
2017-11-06,20.030323028564453
2017-11-07,20.069320678710938
2017-11-08,20.131723403930664
2017-11-09,20.10832405090332
2017-11-10,19.999120712280273
2017-11-13,20.038122177124023
2017-11-14,20.022531509399414
2017-11-15,20.0615291595459
2017-11-16,20.038122177124023
2017-11-17,20.022531509399414
2017-11-20,20.013137817382812
2017-11-21,19.99748992919922
2017-11-22,19.974040985107422
2017-11-24,19.95056915283203
2017-11-27,19.919286727905273
2017-11-28,19.911468505859375
2017-11-29,19.872364044189453
2017-11-30,19.911468505859375
2017-12-01,20.005313873291016
2017-12-04,20.005313873291016
2017-12-05,20.114809036254883
2017-12-06,20.23212242126465
2017-12-07,20.21648597717285
2017-12-08,20.09916877746582
2017-12-11,20.067888259887695
2017-12-12,20.036603927612305
2017-12-13,20.138259887695312
2017-12-14,20.1695499420166
2017-12-15,20.1695499420166
2017-12-18,20.117813110351562
2017-12-19,20.039405822753906
2017-12-20,19.99235725402832
2017-12-21,20.031558990478516
2017-12-22,20.039405822753906
2017-12-26,20.078611373901367
2017-12-27,20.180522918701172
2017-12-28,20.204057693481445
2017-12-29,20.235414505004883
2018-01-02,20.204057693481445
2018-01-03,20.22756576538086
2018-01-04,20.16485023498535
2018-01-05,20.196208953857422
2018-01-08,20.2197265625
2018-01-09,20.15700912475586
2018-01-10,20.078611373901367
2018-01-11,20.102127075195312
2018-01-12,20.086450576782227
2018-01-16,20.117813110351562
2018-01-17,20.102127075195312
2018-01-18,20.102127075195312
2018-01-19,20.078611373901367
2018-01-22,20.051881790161133
2018-01-23,20.083314895629883
2018-01-24,20.028303146362305
2018-01-25,20.03615951538086
2018-01-26,20.0125789642334
2018-01-29,19.902536392211914
2018-01-30,19.910390853881836
2018-01-31,19.918262481689453
2018-02-01,19.85537338256836
2018-02-02,19.823925018310547
2018-02-05,19.839651107788086
2018-02-06,19.89466667175293
2018-02-07,19.816064834594727
2018-02-08,19.816064834594727
2018-02-09,19.816064834594727
2018-02-12,19.808216094970703
2018-02-13,19.839651107788086
2018-02-14,19.737462997436523
2018-02-15,19.77676010131836
2018-02-16,19.78462028503418
2018-02-20,19.72552490234375
2018-02-21,19.678232192993164
2018-02-22,19.71763801574707
2018-02-23,19.76492691040039
2018-02-26,19.74127960205078
2018-02-27,19.709766387939453
2018-02-28,19.7334041595459
2018-03-01,19.780689239501953
2018-03-02,19.74127960205078
2018-03-05,19.757034301757812
2018-03-06,19.788570404052734
2018-03-07,19.76492691040039
2018-03-08,19.77280616760254
2018-03-09,19.7334041595459
2018-03-12,19.74915313720703
2018-03-13,19.77280616760254
2018-03-14,19.81220245361328
2018-03-15,19.796451568603516
2018-03-16,19.81220245361328
2018-03-19,19.786134719848633
2018-03-20,19.762434005737305
2018-03-21,19.762434005737305
2018-03-22,19.82564353942871
2018-03-23,19.794031143188477
2018-03-26,19.794031143188477
2018-03-27,19.841449737548828
2018-03-28,19.86514663696289
2018-03-29,19.8730525970459
2018-04-02,19.920459747314453
2018-04-03,19.84935188293457
2018-04-04,19.8730525970459
2018-04-05,19.8177433013916
2018-04-06,19.857248306274414
2018-04-09,19.83354949951172
2018-04-10,19.86514663696289
2018-04-11,19.880949020385742
2018-04-12,19.86514663696289
2018-04-13,19.912559509277344
2018-04-16,19.912559509277344
2018-04-17,19.92836570739746
2018-04-18,19.8730525970459
2018-04-19,19.86514663696289
2018-04-20,19.841449737548828
2018-04-23,19.83907127380371
2018-04-24,19.79153060913086
2018-04-25,19.69645118713379
2018-04-26,19.73606300354004
2018-04-27,19.720218658447266
2018-04-30,19.783605575561523
2018-05-01,19.743989944458008
2018-05-02,19.815305709838867
2018-05-03,19.85490608215332
2018-05-04,19.862831115722656
2018-05-07,19.878684997558594
2018-05-08,19.894533157348633
2018-05-09,19.886611938476562
2018-05-10,19.91037368774414
2018-05-11,19.894533157348633
2018-05-14,19.902456283569336
2018-05-15,19.82322120666504
2018-05-16,19.83907127380371
2018-05-17,19.79153060913086
2018-05-18,19.83907127380371
2018-05-21,19.851776123046875
2018-05-22,19.820005416870117
2018-05-23,19.859718322753906
2018-05-24,19.923274993896484
2018-05-25,19.962989807128906
2018-05-29,20.0900936126709
2018-05-30,20.018606185913086
2018-05-31,20.02654457092285
2018-06-01,19.978883743286133
2018-06-04,19.9709415435791
2018-06-05,19.9709415435791
2018-06-06,19.939170837402344
2018-06-07,19.986825942993164
2018-06-08,19.994762420654297
2018-06-11,20.002714157104492
2018-06-12,19.986825942993164
2018-06-13,19.986825942993164
2018-06-14,19.994762420654297
2018-06-15,20.01065444946289
2018-06-18,20.032167434692383
2018-06-19,20.06402587890625
2018-06-20,20.024198532104492
2018-06-21,20.040130615234375
2018-06-22,20.048080444335938
2018-06-25,20.048080444335938
2018-06-26,20.032167434692383
2018-06-27,20.071985244750977
2018-06-28,20.06402587890625
2018-06-29,20.008262634277344
2018-07-02,20.024198532104492
2018-07-03,20.06402587890625
2018-07-05,20.071985244750977
2018-07-06,20.103845596313477
2018-07-09,20.08791732788086
2018-07-10,20.135696411132812
2018-07-11,20.1436710357666
2018-07-12,20.12773323059082
2018-07-13,20.1436710357666
2018-07-16,20.135696411132812
2018-07-17,20.151639938354492
2018-07-18,20.103845596313477
2018-07-19,20.15960693359375
2018-07-20,20.103845596313477
2018-07-23,20.085481643676758
2018-07-24,20.10944175720215
2018-07-25,20.117429733276367
2018-07-26,20.077491760253906
2018-07-27,20.077491760253906
2018-07-30,20.077491760253906
2018-07-31,20.09347152709961
2018-08-01,20.037567138671875
2018-08-02,20.04555320739746
2018-08-03,20.053529739379883
2018-08-06,20.069501876831055
2018-08-07,20.029573440551758
2018-08-08,20.021589279174805
2018-08-09,20.04555320739746
2018-08-10,20.085481643676758
2018-08-13,20.069501876831055
2018-08-14,20.06151580810547
2018-08-15,20.085481643676758
2018-08-16,20.069501876831055
2018-08-17,20.101444244384766
2018-08-20,20.13748550415039
2018-08-21,20.11345863342285
2018-08-22,20.13748550415039
2018-08-23,20.097457885742188
2018-08-24,20.11345863342285
2018-08-27,20.10545539855957
2018-08-28,20.057415008544922
2018-08-29,20.08944320678711
2018-08-30,20.081430435180664
2018-08-31,20.11345863342285
2018-09-04,20.065410614013672
2018-09-05,20.065410614013672
2018-09-06,20.08944320678711
2018-09-07,19.977344512939453
2018-09-10,19.985349655151367
2018-09-11,19.96933364868164
2018-09-12,19.961332321166992
2018-09-13,19.961332321166992
2018-09-14,19.92930030822754
2018-09-17,19.92930030822754
2018-09-18,19.873254776000977
2018-09-19,19.85723304748535
2018-09-20,19.89727020263672
2018-09-21,19.881263732910156
2018-09-24,19.854753494262695
2018-09-25,19.830673217773438
2018-09-26,19.862789154052734
2018-09-27,19.902944564819336
2018-09-28,19.902944564819336
2018-10-01,19.870824813842773
2018-10-02,19.89490509033203
2018-10-03,19.82263946533203
2018-10-04,19.758420944213867
2018-10-05,19.71828269958496
2018-10-08,19.74236488342285
2018-10-09,19.734338760375977
2018-10-10,19.678131103515625
2018-10-11,19.750394821166992
2018-10-12,19.710250854492188
2018-10-15,19.702224731445312
2018-10-16,19.71828269958496
2018-10-17,19.702224731445312
2018-10-18,19.72630500793457
2018-10-19,19.694194793701172
2018-10-22,19.700634002685547
2018-10-23,19.756996154785156
2018-10-24,19.765033721923828
2018-10-25,19.773088455200195
2018-10-26,19.756996154785156
2018-10-29,19.789196014404297
2018-10-30,19.773088455200195
2018-10-31,19.72478675842285
2018-11-01,19.708688735961914
2018-11-02,19.6281795501709
2018-11-05,19.684528350830078
2018-11-06,19.64427947998047
2018-11-07,19.708688735961914
2018-11-08,19.676485061645508
2018-11-09,19.732837677001953
2018-11-12,19.797243118286133
2018-11-13,19.8052978515625
2018-11-14,19.789196014404297
2018-11-15,19.789196014404297
2018-11-16,19.813343048095703
2018-11-19,19.85936737060547
2018-11-20,19.867431640625
2018-11-21,19.83514404296875
2018-11-23,19.87551498413086
2018-11-26,19.83514404296875
2018-11-27,19.84321403503418
2018-11-28,19.867431640625
2018-11-29,19.891651153564453
2018-11-30,19.915876388549805
2018-12-03,19.940092086791992
2018-12-04,20.045040130615234
2018-12-06,20.109621047973633
2018-12-07,20.093469619750977
2018-12-10,20.093469619750977
2018-12-11,20.053104400634766
2018-12-12,20.053104400634766
2018-12-13,20.06118392944336
2018-12-14,20.069252014160156
2018-12-17,20.093469619750977
2018-12-18,20.117692947387695
2018-12-19,20.174205780029297
2018-12-20,20.149978637695312
2018-12-21,20.149978637695312
2018-12-24,20.184789657592773
2018-12-26,20.184789657592773
2018-12-27,20.209068298339844
2018-12-28,20.209068298339844
2018-12-31,20.2171573638916
2019-01-02,20.314289093017578
2019-01-03,20.370927810668945
2019-01-04,20.28190803527832
2019-01-07,20.314289093017578
2019-01-08,20.28190803527832
2019-01-09,20.2171573638916
2019-01-10,20.209068298339844
2019-01-11,20.298099517822266
2019-01-14,20.306188583374023
2019-01-15,20.26572036743164
2019-01-16,20.26572036743164
2019-01-17,20.241445541381836
2019-01-18,20.25762939453125
2019-01-22,20.238155364990234
2019-01-23,20.238155364990234
2019-01-24,20.24626350402832
2019-01-25,20.197574615478516
2019-01-28,20.254375457763672
2019-01-29,20.24626350402832
2019-01-30,20.24626350402832
2019-01-31,20.351755142211914
2019-02-01,20.335533142089844
2019-02-04,20.343643188476562
2019-02-05,20.359882354736328
2019-02-06,20.343643188476562
2019-02-07,20.367996215820312
2019-02-08,20.449142456054688
2019-02-11,20.416677474975586
2019-02-12,20.400449752807617
2019-02-13,20.416677474975586
2019-02-14,20.449142456054688
2019-02-15,20.43290901184082
2019-02-19,20.46137809753418
2019-02-20,20.46137809753418
2019-02-21,20.428836822509766
2019-02-22,20.46137809753418
2019-02-25,20.4532470703125
2019-02-26,20.526460647583008
2019-02-27,20.493927001953125
2019-02-28,20.469514846801758
2019-03-01,20.469514846801758
2019-03-04,20.493927001953125
2019-03-05,20.5020694732666
2019-03-06,20.518329620361328
2019-03-07,20.559005737304688
2019-03-08,20.591556549072266
2019-03-11,20.591556549072266
2019-03-12,20.62409210205078
2019-03-13,20.632234573364258
2019-03-14,20.62409210205078
2019-03-15,20.62409210205078
2019-03-18,20.63633155822754
2019-03-19,20.63633155822754
2019-03-20,20.70159149169922
2019-03-21,20.734207153320312
2019-03-22,20.84024429321289
2019-03-25,20.872867584228516
2019-03-26,20.905498504638672
2019-03-27,20.95444107055664
2019-03-28,20.9462833404541
2019-03-29,20.92997169494629
2019-04-01,20.848400115966797
2019-04-02,20.881025314331055
2019-04-03,20.872867584228516
2019-04-04,20.872867584228516
2019-04-05,20.872867584228516
2019-04-08,20.86471176147461
2019-04-09,20.872867584228516
2019-04-10,20.889183044433594
2019-04-11,20.881025314331055
2019-04-12,20.86471176147461
2019-04-15,20.897348403930664
2019-04-16,20.905498504638672
2019-04-17,20.889183044433594
2019-04-18,20.905498504638672
2019-04-22,20.877700805664062
2019-04-23,20.918577194213867
2019-04-24,20.992189407348633
2019-04-25,21.000364303588867
2019-04-26,21.057605743408203
2019-04-29,21.024900436401367
2019-04-30,21.07396697998047
2019-05-01,21.07396697998047
2019-05-02,21.07396697998047
2019-05-03,21.098493576049805
2019-05-06,21.16391944885254
2019-05-07,21.196630477905273
2019-05-08,21.16391944885254
2019-05-09,21.212980270385742
2019-05-10,21.212980270385742
2019-05-13,21.278396606445312
2019-05-14,21.278396606445312
2019-05-15,21.343820571899414
2019-05-16,21.311120986938477
2019-05-17,21.311120986938477
2019-05-20,21.29636001586914
2019-05-21,21.271770477294922
2019-05-22,21.279964447021484
2019-05-23,21.288158416748047
2019-05-24,21.30455207824707
2019-05-28,21.329139709472656
2019-05-29,21.320945739746094
2019-05-30,21.31275177001953
2019-05-31,21.402929306030273
2019-06-03,21.435712814331055
2019-06-04,21.41931915283203
2019-06-05,21.402929306030273
2019-06-06,21.394723892211914
2019-06-07,21.443920135498047
2019-06-10,21.42751121520996
2019-06-11,21.411123275756836
2019-06-12,21.37833023071289
2019-06-13,21.411123275756836
2019-06-14,21.402929306030273
2019-06-17,21.411123275756836
2019-06-18,21.42751121520996
2019-06-19,21.435712814331055
2019-06-20,21.411123275756836
2019-06-21,21.402929306030273
2019-06-24,21.444828033447266
2019-06-25,21.469472885131836
2019-06-26,21.428396224975586
2019-06-27,21.47768783569336
2019-06-28,21.469472885131836
2019-07-01,21.461261749267578
2019-07-02,21.47768783569336
2019-07-03,21.518774032592773
2019-07-05,21.502342224121094
2019-07-08,21.518774032592773
2019-07-09,21.53520393371582
2019-07-10,21.551639556884766
2019-07-11,21.502342224121094
2019-07-12,21.543420791625977
2019-07-15,21.559858322143555
2019-07-16,21.543420791625977
2019-07-17,21.559858322143555
2019-07-18,21.568073272705078
2019-07-19,21.543420791625977
2019-07-22,21.576374053955078
2019-07-23,21.56812286376953
2019-07-24,21.59282684326172
2019-07-25,21.584606170654297
2019-07-26,21.609310150146484
2019-07-29,21.617534637451172
2019-07-30,21.625782012939453
2019-07-31,21.634010314941406
2019-08-01,21.69165802001953
2019-08-02,21.741079330444336
2019-08-05,21.82341957092285
2019-08-06,21.83989715576172
2019-08-07,21.872831344604492
2019-08-08,21.93048667907715
2019-08-09,21.897544860839844
2019-08-12,21.955184936523438
2019-08-13,21.946956634521484
2019-08-14,22.06224250793457
2019-08-15,22.103416442871094
2019-08-16,22.09518051147461
2019-08-19,22.05640983581543
2019-08-20,22.081165313720703
2019-08-21,22.039899826049805
2019-08-22,22.031652450561523
2019-08-23,22.064655303955078
2019-08-26,22.064655303955078
2019-08-27,22.08940887451172
2019-08-28,22.122419357299805
2019-08-29,22.122419357299805
2019-08-30,22.097665786743164
2019-09-03,22.130664825439453
2019-09-04,22.122419357299805
2019-09-05,22.07291030883789
2019-09-06,22.031652450561523
2019-09-09,22.006893157958984
2019-09-10,21.92437744140625
2019-09-11,21.907875061035156
2019-09-12,21.858373641967773
2019-09-13,21.75109100341797
2019-09-16,21.75109100341797
2019-09-17,21.76759910583496
2019-09-18,21.82536506652832
2019-09-19,21.866613388061523
2019-09-20,21.907875061035156
2019-09-23,21.934343338012695
2019-09-24,21.942611694335938
2019-09-25,21.9095401763916
2019-09-26,21.926071166992188
2019-09-27,21.942611694335938
2019-09-30,21.95088768005371
2019-10-01,21.942611694335938
2019-10-02,22.00050926208496
2019-10-03,22.05840492248535
2019-10-04,22.050128936767578
2019-10-07,22.050128936767578
2019-10-08,22.099763870239258
2019-10-09,22.116300582885742
2019-10-10,22.074947357177734
2019-10-11,21.98396873474121
2019-10-14,22.017051696777344
2019-10-15,21.98396873474121
2019-10-16,21.95088768005371
2019-10-17,21.942611694335938
2019-10-18,21.926071166992188
2019-10-21,21.894563674926758
2019-10-22,21.894563674926758
2019-10-23,21.877988815307617
2019-10-24,21.86970329284668
2019-10-25,21.88628578186035
2019-10-28,21.853116989135742
2019-10-29,21.86970329284668
2019-10-30,21.853116989135742
2019-10-31,21.936019897460938
2019-11-01,21.911151885986328
2019-11-04,21.911151885986328
2019-11-05,21.84482192993164
2019-11-06,21.8282470703125
2019-11-07,21.795074462890625
2019-11-08,21.770214080810547
2019-11-11,21.778507232666016
2019-11-12,21.778507232666016
2019-11-13,21.81165885925293
2019-11-14,21.84482192993164
2019-11-15,21.861413955688477
2019-11-18,21.878032684326172
2019-11-19,21.878032684326172
2019-11-20,21.927881240844727
2019-11-21,21.944503784179688
2019-11-22,21.919572830200195
2019-11-25,21.96111488342285
2019-11-26,21.986051559448242
2019-11-27,21.97774314880371
2019-11-29,21.93618392944336
2019-12-02,21.919572830200195
2019-12-03,22.00265884399414
2019-12-04,21.986051559448242
2019-12-05,21.994348526000977
2019-12-06,21.97774314880371
2019-12-09,22.00265884399414
2019-12-10,22.00265884399414
2019-12-11,22.06082534790039
2019-12-12,22.01927947998047
2019-12-13,22.04421043395996
2019-12-16,21.986051559448242
2019-12-17,22.035905838012695
2019-12-18,21.994348526000977
2019-12-19,22.01097297668457
2019-12-20,22.01097297668457
2019-12-23,22.019298553466797
2019-12-24,22.027633666992188
2019-12-26,22.035964965820312
2019-12-27,22.019298553466797
2019-12-30,22.044279098510742
2019-12-31,22.035964965820312
2020-01-02,22.069259643554688
2020-01-03,22.119234085083008
2020-01-06,22.160877227783203
2020-01-07,22.18585777282715
2020-01-08,22.160877227783203
2020-01-09,22.18585777282715
2020-01-10,22.14422035217285
2020-01-13,22.177534103393555
2020-01-14,22.2025146484375
2020-01-15,22.210847854614258
2020-01-16,22.26081657409668
2020-01-17,22.26081657409668
2020-01-21,22.286691665649414
2020-01-22,22.26165199279785
2020-01-23,22.30338478088379
2020-01-24,22.3200740814209
2020-01-27,22.39519691467285
2020-01-28,22.403547286987305
2020-01-29,22.403547286987305
2020-01-30,22.403547286987305
2020-01-31,22.4285888671875
2020-02-03,22.41189956665039
2020-02-04,22.420244216918945
2020-02-05,22.386844635009766
2020-02-06,22.386844635009766
2020-02-07,22.39519691467285
2020-02-10,22.41189956665039
2020-02-11,22.4285888671875
2020-02-12,22.436941146850586
2020-02-13,22.4285888671875
2020-02-14,22.46198081970215
2020-02-18,22.48702621459961
2020-02-19,22.52875518798828
2020-02-20,22.55378532409668
2020-02-21,22.645614624023438
2020-02-24,22.79451560974121
2020-02-25,22.82796859741211
2020-02-26,22.786142349243164
2020-02-27,22.861427307128906
2020-02-28,22.811243057250977
2020-03-02,22.79451560974121
2020-03-03,22.853055953979492
2020-03-04,22.82796859741211
2020-03-05,22.836336135864258
2020-03-06,22.836336135864258
2020-03-09,23.020349502563477
2020-03-10,22.68576431274414
2020-03-11,22.23406219482422
2020-03-12,21.414283752441406
2020-03-13,21.464488983154297
2020-03-16,21.17170524597168
2020-03-17,21.221904754638672
2020-03-18,19.1557559967041
2020-03-19,18.02648162841797
2020-03-20,18.95499038696289
2020-03-23,19.288768768310547
2020-03-24,20.035167694091797
2020-03-25,21.45246696472168
2020-03-26,22.02274513244629
2020-03-27,22.014360427856445
2020-03-30,21.930498123168945
2020-03-31,21.63697052001953
2020-04-01,20.831872940063477
2020-04-02,20.90735626220703
2020-04-03,21.083463668823242
2020-04-06,21.393756866455078
2020-04-07,21.561491012573242
2020-04-08,21.69567108154297
2020-04-09,21.771150588989258
2020-04-13,21.796310424804688
2020-04-14,21.863401412963867
2020-04-15,21.863401412963867
2020-04-16,21.855018615722656
2020-04-17,21.821470260620117
2020-04-20,21.795413970947266
2020-04-21,21.70295524597168
2020-04-22,21.492820739746094
2020-04-23,21.501222610473633
2020-04-24,21.45920181274414
2020-04-27,21.400358200073242
2020-04-28,21.34992218017578
2020-04-29,21.265867233276367
2020-04-30,21.265867233276367
2020-05-01,21.45079231262207
2020-05-04,21.57687759399414
2020-05-05,21.63570785522461
2020-05-06,21.61050033569336
2020-05-07,21.63570785522461
2020-05-08,21.69455337524414
2020-05-11,21.736576080322266
2020-05-12,21.778610229492188
2020-05-13,21.82903289794922
2020-05-14,21.871061325073242
2020-05-15,21.93831443786621
2020-05-18,21.972850799560547
2020-05-19,21.989700317382812
2020-05-20,22.040260314941406
2020-05-21,22.11608123779297
2020-05-22,22.18347930908203
2020-05-26,22.1497859954834
2020-05-27,22.20876121520996
2020-05-28,22.18347930908203
2020-05-29,22.24245834350586
2020-06-01,22.217180252075195
2020-06-02,22.22561264038086
2020-06-03,22.22561264038086
2020-06-04,22.217180252075195
2020-06-05,22.20876121520996
2020-06-08,22.250890731811523
2020-06-09,22.26773452758789
2020-06-10,22.335134506225586
2020-06-11,22.38568687438965
2020-06-12,22.34355926513672
2020-06-15,22.410961151123047
2020-06-16,22.35198402404785
2020-06-17,22.377254486083984
2020-06-18,22.394107818603516
2020-06-19,22.419382095336914
2020-06-22,22.418535232543945
2020-06-23,22.393220901489258
2020-06-24,22.393220901489258
2020-06-25,22.418535232543945
2020-06-26,22.426990509033203
2020-06-29,22.426990509033203
2020-06-30,22.426990509033203
2020-07-01,22.41010093688965
2020-07-02,22.426990509033203
2020-07-06,22.460763931274414
2020-07-07,22.477645874023438
2020-07-08,22.4860897064209
2020-07-09,22.502979278564453
2020-07-10,22.578977584838867
2020-07-13,22.545198440551758
2020-07-14,22.612749099731445
2020-07-15,22.604310989379883
2020-07-16,22.629638671875
2020-07-17,22.65496826171875
2020-07-20,22.69135856628418
2020-07-21,22.716732025146484
2020-07-22,22.742116928100586
2020-07-23,22.699817657470703
2020-07-24,22.767501831054688
2020-07-27,22.767501831054688
2020-07-28,22.775955200195312
2020-07-29,22.775955200195312
2020-07-30,22.784421920776367
2020-07-31,22.801334381103516
2020-08-03,22.818260192871094
2020-08-04,22.843643188476562
2020-08-05,22.869029998779297
2020-08-06,22.93671226501465
2020-08-07,22.962095260620117
2020-08-10,22.995933532714844
2020-08-11,22.962095260620117
2020-08-12,22.94516372680664
2020-08-13,22.953632354736328
2020-08-14,22.88594627380371
2020-08-17,22.92825698852539
2020-08-18,22.9197940826416
2020-08-19,22.86056900024414
2020-08-20,22.784421920776367
2020-08-21,22.775955200195312
2020-08-24,22.793752670288086
2020-08-25,22.7429141998291
2020-08-26,22.717487335205078
2020-08-27,22.6835994720459
2020-08-28,22.67511558532715
2020-08-31,22.63274574279785
2020-09-01,22.67511558532715
2020-09-02,22.64970588684082
2020-09-03,22.66665267944336
2020-09-04,22.66665267944336
2020-09-08,22.64970588684082
2020-09-09,22.658180236816406
2020-09-10,22.67511558532715
2020-09-11,22.641223907470703
2020-09-14,22.66665267944336
2020-09-15,22.658180236816406
2020-09-16,22.658180236816406
2020-09-17,22.658180236816406
2020-09-18,22.658180236816406
2020-09-21,22.68449592590332
2020-09-22,22.68449592590332
2020-09-23,22.659027099609375
2020-09-24,22.65053939819336
2020-09-25,22.62506103515625
2020-09-28,22.65053939819336
2020-09-29,22.68449592590332
2020-09-30,22.60809326171875
2020-10-01,22.582616806030273
2020-10-02,22.557146072387695
2020-10-05,22.497730255126953
2020-10-06,22.472240447998047
2020-10-07,22.42980194091797
2020-10-08,22.395843505859375
2020-10-09,22.395843505859375
2020-10-12,22.455270767211914
2020-10-13,22.472240447998047
2020-10-14,22.44678497314453
2020-10-15,22.438295364379883
2020-10-16,22.489234924316406
2020-10-19,22.4569091796875
2020-10-20,22.405868530273438
2020-10-21,22.371843338012695
2020-10-22,22.380352020263672
2020-10-23,22.414377212524414
2020-10-26,22.43989372253418
2020-10-27,22.482431411743164
2020-10-28,22.524951934814453
2020-10-29,22.482431411743164
2020-10-30,22.49093246459961
2020-11-02,22.499439239501953
2020-11-03,22.49093246459961
2020-11-04,22.644052505493164
2020-11-05,22.669559478759766
2020-11-06,22.737619400024414
2020-11-09,22.695087432861328
2020-11-10,22.695087432861328
2020-11-11,22.68657684326172
2020-11-12,22.729114532470703
2020-11-13,22.77164649963379
2020-11-16,22.76313591003418
2020-11-17,22.822673797607422
2020-11-18,22.865217208862305
2020-11-19,22.933265686035156
2020-11-20,22.95878791809082
2020-11-23,22.944293975830078
2020-11-24,22.95281982421875
2020-11-25,22.95281982421875
2020-11-27,22.97838592529297
2020-11-30,22.995433807373047
2020-12-01,23.00396728515625
2020-12-02,22.995433807373047
2020-12-03,23.012489318847656
2020-12-04,23.012489318847656
2020-12-07,23.06361961364746
2020-12-08,23.080659866333008
2020-12-09,23.080659866333008
2020-12-10,23.08917999267578
2020-12-11,23.12328338623047
2020-12-14,23.114749908447266
2020-12-15,23.09770965576172
2020-12-16,23.131807327270508
2020-12-17,23.14885902404785
2020-12-18,23.12328338623047
2020-12-21,23.14377784729004
2020-12-22,23.152324676513672
2020-12-23,23.126699447631836
2020-12-24,23.177936553955078
2020-12-28,23.14377784729004
2020-12-29,23.160858154296875
2020-12-30,23.177936553955078
2020-12-31,23.152324676513672
2021-01-04,23.177936553955078
2021-01-05,23.195024490356445
2021-01-06,23.14377784729004
2021-01-07,23.101072311401367
2021-01-08,23.092533111572266
2021-01-11,23.066911697387695
2021-01-12,23.109619140625
2021-01-13,23.126699447631836
2021-01-14,23.101072311401367
2021-01-15,23.14377784729004
2021-01-19,23.13094711303711
2021-01-20,23.182292938232422
2021-01-21,23.190841674804688
2021-01-22,23.20795440673828
2021-01-25,23.233631134033203
2021-01-26,23.27642250061035
2021-01-27,23.310649871826172
2021-01-28,23.310649871826172
2021-01-29,23.27642250061035
2021-02-01,23.327770233154297
2021-02-02,23.3192081451416
2021-02-03,23.310649871826172
2021-02-04,23.327770233154297
2021-02-05,23.33632469177246
2021-02-08,23.353435516357422
2021-02-09,23.396230697631836
2021-02-10,23.430456161499023
2021-02-11,23.430456161499023
2021-02-12,23.396230697631836
2021-02-16,23.33632469177246
2021-02-17,23.33632469177246
2021-02-18,23.225072860717773
2021-02-19,23.13094711303711
2021-02-22,22.944875717163086
2021-02-23,22.979177474975586
2021-02-24,22.87628173828125
2021-02-25,22.773393630981445
2021-02-26,22.807693481445312
2021-03-01,22.79054069519043
2021-03-02,22.833415985107422
2021-03-03,22.816265106201172
2021-03-04,22.85913848876953
2021-03-05,22.850563049316406
2021-03-08,22.893434524536133
2021-03-09,22.953458786010742
2021-03-10,23.004898071289062
2021-03-11,23.02204704284668
2021-03-12,22.9620304107666
2021-03-15,22.987749099731445
2021-03-16,23.02204704284668
2021-03-17,22.953458786010742
2021-03-18,22.807693481445312
2021-03-19,22.87628173828125
2021-03-22,22.89690399169922
2021-03-23,22.94845199584961
2021-03-24,22.94845199584961
2021-03-25,22.965639114379883
2021-03-26,22.982816696166992
2021-03-29,23.008602142333984
2021-03-30,22.991405487060547
2021-03-31,22.991405487060547
2021-04-01,23.034364700317383
2021-04-05,23.025772094726562
2021-04-06,23.051559448242188
2021-04-07,23.051559448242188
2021-04-08,23.137468338012695
2021-04-09,23.137468338012695
2021-04-12,23.14606475830078
2021-04-13,23.180435180664062
2021-04-14,23.214801788330078
2021-04-15,23.309307098388672
2021-04-16,23.28352928161621
2021-04-19,23.26889991760254
2021-04-20,23.294727325439453
2021-04-21,23.28611946105957
2021-04-22,23.32915687561035
2021-04-23,23.3377685546875
2021-04-26,23.346376419067383
2021-04-27,23.294727325439453
2021-04-28,23.294727325439453
2021-04-29,23.24306869506836
2021-04-30,23.26029396057129
2021-05-03,23.26889991760254
2021-05-04,23.30333137512207
2021-05-05,23.311939239501953
2021-05-06,23.32915687561035
2021-05-07,23.3377685546875
2021-05-10,23.3377685546875
2021-05-11,23.30333137512207
2021-05-12,23.294727325439453
2021-05-13,23.26889991760254
2021-05-14,23.320541381835938
2021-05-17,23.311939239501953
2021-05-18,23.320541381835938
2021-05-19,23.32915687561035
2021-05-20,23.3377685546875
2021-05-21,23.346376419067383
2021-05-24,23.375701904296875
2021-05-25,23.39295768737793
2021-05-26,23.401575088500977
2021-05-27,23.39295768737793
2021-05-28,23.444704055786133
2021-06-01,23.453330993652344
2021-06-02,23.4705867767334
2021-06-03,23.4705867767334
2021-06-04,23.513715744018555
2021-06-07,23.530969619750977
2021-06-08,23.574092864990234
2021-06-09,23.65172004699707
2021-06-10,23.66035270690918
2021-06-11,23.65172004699707
2021-06-14,23.63447380065918
2021-06-15,23.62584686279297
2021-06-16,23.617219924926758
2021-06-17,23.582717895507812
2021-06-18,23.574092864990234
2021-06-21,23.533472061157227
2021-06-22,23.533472061157227
2021-06-23,23.507543563842773
2021-06-24,23.507543563842773
2021-06-25,23.516191482543945
2021-06-28,23.472976684570312
2021-06-29,23.516191482543945
2021-06-30,23.559402465820312
2021-07-01,23.559402465820312
2021-07-02,23.576690673828125
2021-07-06,23.6285400390625
2021-07-07,23.706323623657227
2021-07-08,23.758176803588867
2021-07-09,23.7149658203125
2021-07-12,23.758176803588867
2021-07-13,23.723604202270508
2021-07-14,23.732257843017578
2021-07-15,23.758176803588867
2021-07-16,23.76681900024414
2021-07-19,23.778079986572266
2021-07-20,23.752099990844727
2021-07-21,23.76941680908203
2021-07-22,23.778079986572266
2021-07-23,23.752099990844727
2021-07-26,23.778079986572266
2021-07-27,23.778079986572266
2021-07-28,23.743431091308594
2021-07-29,23.726118087768555
2021-07-30,23.708803176879883
2021-08-02,23.682823181152344
2021-08-03,23.734785079956055
2021-08-04,23.717464447021484
2021-08-05,23.734785079956055
2021-08-06,23.674161911010742
2021-08-09,23.69148826599121
2021-08-10,23.66550636291504
2021-08-11,23.648181915283203
2021-08-12,23.630870819091797
2021-08-13,23.630870819091797
2021-08-16,23.630870819091797
2021-08-17,23.613548278808594
2021-08-18,23.613548278808594
2021-08-19,23.596227645874023
2021-08-20,23.613548278808594
2021-08-23,23.615285873413086
2021-08-24,23.597930908203125
2021-08-25,23.58059310913086
2021-08-26,23.563241958618164
2021-08-27,23.58059310913086
2021-08-30,23.554561614990234
2021-08-31,23.571910858154297
2021-09-01,23.606609344482422
2021-09-02,23.606609344482422
2021-09-03,23.597930908203125
2021-09-07,23.502504348754883
2021-09-08,23.58059310913086
2021-09-09,23.563241958618164
2021-09-10,23.545881271362305
2021-09-13,23.571910858154297
2021-09-14,23.606609344482422
2021-09-15,23.571910858154297
2021-09-16,23.571910858154297
2021-09-17,23.545881271362305
2021-09-20,23.537206649780273
2021-09-21,23.545881271362305
2021-09-22,23.537206649780273
2021-09-23,23.485149383544922
2021-09-24,23.476476669311523
2021-09-27,23.415742874145508
2021-09-28,23.337663650512695
2021-09-29,23.328983306884766
2021-09-30,23.302959442138672
2021-10-01,23.34633445739746
2021-10-04,23.302959442138672
2021-10-05,23.328983306884766
2021-10-06,23.29428482055664
2021-10-07,23.29428482055664
2021-10-08,23.25090217590332
2021-10-11,23.25957489013672
2021-10-12,23.29428482055664
2021-10-13,23.29428482055664
2021-10-14,23.3116455078125
2021-10-15,23.29428482055664
2021-10-18,23.296018600463867
2021-10-19,23.28733253479004
2021-10-20,23.28733253479004
2021-10-21,23.209096908569336
2021-10-22,23.226484298706055
2021-10-25,23.226484298706055
2021-10-26,23.209096908569336
2021-10-27,23.26125144958496
2021-10-28,23.28733253479004
2021-10-29,23.313411712646484
2021-11-01,23.313411712646484
2021-11-02,23.304710388183594
2021-11-03,23.35687828063965
2021-11-04,23.391637802124023
2021-11-05,23.452486038208008
2021-11-08,23.452486038208008
2021-11-09,23.513338088989258
2021-11-10,23.495956420898438
2021-11-11,23.487258911132812
2021-11-12,23.487258911132812
2021-11-15,23.46987533569336
2021-11-16,23.443796157836914
2021-11-17,23.452486038208008
2021-11-18,23.443796157836914
2021-11-19,23.461181640625
2021-11-22,23.4803409576416
2021-11-23,23.436800003051758
2021-11-24,23.471630096435547
2021-11-26,23.5325984954834
2021-11-29,23.550020217895508
2021-11-30,23.584861755371094
2021-12-01,23.593563079833984
2021-12-02,23.593563079833984
2021-12-03,23.619686126708984
2021-12-06,23.602275848388672
2021-12-07,23.593563079833984
2021-12-08,23.57614517211914
2021-12-09,23.56743621826172
2021-12-10,23.593563079833984
2021-12-13,23.619686126708984
2021-12-14,23.602275848388672
2021-12-15,23.593563079833984
2021-12-16,23.593563079833984
2021-12-17,23.637109756469727
2021-12-20,23.63797378540039
2021-12-21,23.611806869506836
2021-12-22,23.611806869506836
2021-12-23,23.60308837890625
2021-12-27,23.629262924194336
2021-12-28,23.646705627441406
2021-12-29,23.60308837890625
2021-12-30,23.646705627441406
2021-12-31,23.655433654785156
2022-01-03,23.611806869506836
2022-01-04,23.559450149536133
2022-01-05,23.568178176879883
2022-01-06,23.50710678100586
2022-01-07,23.47218132019043
2022-01-10,23.419836044311523
2022-01-11,23.393651962280273
2022-01-12,23.393651962280273
2022-01-13,23.384931564331055
2022-01-14,23.376216888427734
2022-01-18,23.31513786315918
2022-01-19,23.29768180847168
2022-01-20,23.31513786315918
2022-01-21,23.271501541137695
2022-01-24,23.192827224731445
2022-01-25,23.1403751373291
2022-01-26,23.079177856445312
2022-01-27,23.03546905517578
2022-01-28,22.939302444458008
2022-01-31,22.939302444458008
2022-02-01,22.983015060424805
2022-02-02,23.061695098876953
2022-02-03,23.087919235229492
2022-02-04,23.052949905395508
2022-02-07,23.052949905395508
2022-02-08,22.974273681640625
2022-02-09,22.956787109375
2022-02-10,22.790687561035156
2022-02-11,22.72075080871582
2022-02-14,22.703266143798828
2022-02-15,22.58962631225586
2022-02-16,22.58962631225586
2022-02-17,22.668298721313477
2022-02-18,22.703266143798828
2022-02-22,22.685747146606445
2022-02-23,22.668224334716797
2022-02-24,22.729537963867188
2022-02-25,22.685747146606445
2022-02-28,22.729537963867188
2022-03-01,22.80837631225586
2022-03-02,22.72078514099121
2022-03-03,22.694501876831055
2022-03-04,22.624439239501953
2022-03-07,22.571884155273438
2022-03-08,22.501808166503906
2022-03-09,22.466772079467773
2022-03-10,22.335391998291016
2022-03-11,22.31787109375
2022-03-14,22.081384658813477
2022-03-15,22.09014129638672
2022-03-16,22.116411209106445
2022-03-17,22.168964385986328
2022-03-18,22.23028564453125
2022-03-21,22.089862823486328
2022-03-22,22.002103805541992
2022-03-23,22.002103805541992
2022-03-24,21.870454788208008
2022-03-25,21.80024528503418
2022-03-28,21.791465759277344
2022-03-29,21.76513671875
2022-03-30,21.844125747680664
2022-03-31,21.87922477722168
2022-04-01,21.870454788208008
2022-04-04,21.870454788208008
2022-04-05,21.721250534057617
2022-04-06,21.6861572265625
2022-04-07,21.58084487915039
2022-04-08,21.57206153869629
2022-04-11,21.501850128173828
2022-04-12,21.440410614013672
2022-04-13,21.40531349182129
2022-04-14,21.291221618652344
2022-04-18,21.370370864868164
2022-04-19,21.1505069732666
2022-04-20,21.159299850463867
2022-04-21,21.088945388793945
2022-04-22,21.009796142578125
2022-04-25,21.027389526367188
2022-04-26,21.05376625061035
2022-04-27,21.018592834472656
2022-04-28,20.983415603637695
2022-04-29,20.895475387573242
2022-05-02,20.895475387573242
2022-05-03,20.877885818481445
2022-05-04,20.80752944946289
2022-05-05,20.78114891052246
2022-05-06,20.710790634155273
2022-05-09,20.614051818847656
2022-05-10,20.605255126953125
2022-05-11,20.517314910888672
2022-05-12,20.473346710205078
2022-05-13,20.35901641845703
2022-05-16,20.429372787475586
2022-05-17,20.262277603149414
2022-05-18,20.27107048034668
2022-05-19,20.3502197265625
2022-05-20,20.438169479370117
2022-05-23,20.57917594909668
2022-05-24,20.80832862854004
2022-05-25,21.046283721923828
2022-05-26,21.187299728393555
2022-05-27,21.31068229675293
2022-05-31,21.31068229675293
2022-06-01,21.293060302734375
2022-06-02,21.337125778198242
2022-06-03,21.337125778198242
2022-06-06,21.25780487060547
2022-06-07,21.213743209838867
2022-06-08,21.13442039489746
2022-06-09,21.002214431762695
2022-06-10,20.790699005126953
2022-06-13,20.376468658447266
2022-06-14,20.288331985473633
2022-06-15,20.261899948120117
2022-06-16,20.297151565551758
2022-06-17,20.341217041015625
2022-06-21,20.174280166625977
2022-06-22,20.36859703063965
2022-06-23,20.527591705322266
2022-06-24,20.54526138305664
2022-06-27,20.571754455566406
2022-06-28,20.474597930908203
2022-06-29,20.562925338745117
2022-06-30,20.704248428344727
2022-07-01,20.845569610595703
2022-07-05,20.9692325592041
2022-07-06,21.004568099975586
2022-07-07,20.98690414428711
2022-07-08,20.933900833129883
2022-07-11,21.06639862060547
2022-07-12,21.022228240966797
2022-07-13,21.057567596435547
2022-07-14,21.075227737426758
2022-07-15,21.128219604492188
2022-07-18,21.040592193603516
2022-07-19,21.06714630126953
2022-07-20,21.076004028320312
2022-07-21,21.111408233642578
2022-07-22,21.25303840637207
2022-07-25,21.120258331298828
2022-07-26,21.182220458984375
2022-07-27,21.279586791992188
2022-07-28,21.341550827026367
2022-07-29,21.412364959716797
2022-08-01,21.438922882080078
2022-08-02,21.421222686767578
2022-08-03,21.492034912109375
2022-08-04,21.492034912109375
2022-08-05,21.323848724365234
2022-08-08,21.315000534057617
2022-08-09,21.37696075439453
2022-08-10,21.40351104736328
2022-08-11,21.29729461669922
2022-08-12,21.368112564086914
2022-08-15,21.37696075439453
2022-08-16,21.3061466217041
2022-08-17,21.129108428955078
2022-08-18,21.173368453979492
2022-08-19,20.978628158569336
2022-08-22,20.988393783569336
2022-08-23,20.935163497924805
2022-08-24,20.890810012817383
2022-08-25,20.855323791503906
2022-08-26,20.802106857299805
2022-08-29,20.677913665771484
2022-08-30,20.677913665771484
2022-08-31,20.64242172241211
2022-09-01,20.48275375366211
2022-09-02,20.509363174438477
2022-09-06,20.46501350402832
2022-09-07,20.45614242553711
2022-09-08,20.385173797607422
2022-09-09,20.349689483642578
2022-09-12,20.45614242553711
2022-09-13,20.32308006286621
2022-09-14,20.32308006286621
2022-09-15,20.260984420776367
2022-09-16,20.21662712097168
2022-09-19,20.218408584594727
2022-09-20,20.049480438232422
2022-09-21,20.11172103881836
2022-09-22,19.960573196411133
2022-09-23,19.925004959106445
2022-09-26,19.78274154663086
2022-09-27,19.676050186157227
2022-09-28,19.74717903137207
2022-09-29,19.667160034179688
2022-09-30,19.631595611572266
2022-10-03,19.78274154663086
2022-10-04,19.960573196411133
2022-10-05,20.040592193603516
2022-10-06,20.022802352905273
2022-10-07,20.031696319580078
2022-10-10,19.95166778564453
2022-10-11,19.96946144104004
2022-10-12,20.0139102935791
2022-10-13,19.89832305908203
2022-10-14,19.925004959106445
2022-10-17,19.98723793029785
2022-10-18,19.96946144104004
2022-10-19,19.889434814453125
2022-10-20,19.756071090698242
2022-10-21,19.64048957824707
2022-10-24,19.41946792602539
2022-10-25,19.330347061157227
2022-10-26,19.330347061157227
2022-10-27,19.348175048828125
2022-10-28,19.383813858032227
2022-10-31,19.401641845703125
2022-11-01,19.499671936035156
2022-11-02,19.553146362304688
2022-11-03,19.41946792602539
2022-11-04,19.43728256225586
2022-11-07,19.401641845703125
2022-11-08,19.499671936035156
2022-11-09,19.508583068847656
2022-11-10,19.891809463500977
2022-11-11,20.03439712524414
2022-11-14,19.865070343017578
2022-11-15,20.08787727355957
2022-11-16,20.248292922973633
2022-11-17,20.319581985473633
2022-11-18,20.381980895996094
2022-11-21,20.41234588623047
2022-11-22,20.403411865234375
2022-11-23,20.564208984375
2022-11-25,20.51954460144043
2022-11-28,20.564208984375
2022-11-29,20.644611358642578
2022-11-30,20.70713996887207
2022-12-01,20.88580894470215
2022-12-02,20.814342498779297
2022-12-05,20.832199096679688
2022-12-06,20.850072860717773
2022-12-07,20.91260528564453
2022-12-08,20.876873016357422
2022-12-09,20.841136932373047
2022-12-12,20.903667449951172
2022-12-13,21.037670135498047
2022-12-14,20.96619987487793
2022-12-15,20.88580894470215
2022-12-16,20.96619987487793
2022-12-19,20.864120483398438
2022-12-20,20.693984985351562
2022-12-21,20.729806900024414
2022-12-22,20.693984985351562
2022-12-23,20.765625
2022-12-27,20.604440689086914
2022-12-28,20.532798767089844
2022-12-29,20.59548568725586
2022-12-30,20.54175567626953
2023-01-03,20.711896896362305
2023-01-04,20.873071670532227
2023-01-05,20.908897399902344
2023-01-06,21.034259796142578
2023-01-09,21.087984085083008
2023-01-10,21.043212890625
2023-01-11,21.213354110717773
2023-01-12,21.338706970214844
2023-01-13,21.31184959411621
2023-01-17,21.302898406982422
2023-01-18,21.517803192138672
2023-01-19,21.553617477416992
2023-01-20,21.48198127746582
2023-01-23,21.397615432739258
2023-01-24,21.44249725341797
2023-01-25,21.460439682006836
2023-01-26,21.505321502685547
2023-01-27,21.45146942138672
2023-01-30,21.41556739807129
2023-01-31,21.406593322753906
2023-02-01,21.577123641967773
2023-02-02,21.621999740600586
2023-02-03,21.460439682006836
2023-02-06,21.33478546142578
2023-02-07,21.316837310791016
2023-02-08,21.379655838012695
2023-02-09,21.325807571411133
2023-02-10,21.26298713684082
2023-02-13,21.289907455444336
2023-02-14,21.25401496887207
2023-02-15,21.092445373535156
2023-02-16,20.930885314941406
2023-02-17,20.787281036376953
2023-02-21,20.721595764160156
2023-02-22,20.721595764160156
2023-02-23,20.76658821105957
2023-02-24,20.73059844970703
2023-02-27,20.82056999206543
2023-02-28,20.802576065063477
2023-03-01,20.76658821105957
2023-03-02,20.65860939025879
2023-03-03,20.74859046936035
2023-03-06,20.73958969116211
2023-03-07,20.775588989257812
2023-03-08,20.802576065063477
2023-03-09,20.829570770263672
2023-03-10,20.964529037475586
2023-03-13,21.099504470825195
2023-03-14,21.000526428222656
2023-03-15,21.153484344482422
2023-03-16,21.099504470825195
2023-03-17,21.207468032836914
2023-03-20,21.097434997558594
2023-03-21,21.025270462036133
2023-03-22,21.097434997558594
2023-03-23,21.160566329956055
2023-03-24,21.2778263092041
2023-03-27,21.232730865478516
2023-03-28,21.232730865478516
2023-03-29,21.259784698486328
2023-03-30,21.32292366027832
2023-03-31,21.35900115966797
2023-04-03,21.440181732177734
2023-04-04,21.476259231567383
2023-04-05,21.611555099487305
2023-04-06,21.62959861755371
2023-04-10,21.593524932861328
2023-04-11,21.665685653686523
2023-04-12,21.74686050415039
2023-04-13,21.692739486694336
2023-04-14,21.539405822753906
2023-04-17,21.485280990600586
2023-04-18,21.313905715942383
2023-04-19,21.205665588378906
2023-04-20,21.2688045501709
2023-04-21,21.223711013793945
2023-04-24,21.349397659301758
2023-04-25,21.4398193359375
2023-04-26,21.37652587890625
2023-04-27,21.358440399169922
2023-04-28,21.430782318115234
2023-05-01,21.168548583984375
2023-05-02,21.313228607177734
2023-05-03,21.367483139038086
2023-05-04,21.430782318115234
2023-05-05,21.41269874572754
2023-05-08,21.367483139038086
2023-05-09,21.394617080688477
2023-05-10,21.421743392944336
2023-05-11,21.430782318115234
2023-05-12,21.41269874572754
2023-05-15,21.358440399169922
2023-05-16,21.313228607177734
2023-05-17,21.286100387573242
2023-05-18,21.14141845703125
2023-05-19,21.014822006225586
2023-05-22,20.986722946166992
2023-05-23,20.905136108398438
2023-05-24,20.877931594848633
2023-05-25,20.93232536315918
2023-05-26,21.032045364379883
2023-05-30,21.12270164489746
2023-05-31,21.177106857299805
2023-06-01,21.304014205932617
2023-06-02,21.276823043823242
2023-06-05,21.276823043823242
2023-06-06,21.33121109008789
2023-06-07,21.240558624267578
2023-06-08,21.349346160888672
2023-06-09,21.29494857788086
2023-06-12,21.322147369384766
2023-06-13,21.29494857788086
2023-06-14,21.358407974243164
2023-06-15,21.394670486450195
2023-06-16,21.4218692779541
2023-06-20,21.457311630249023
2023-06-21,21.466407775878906
2023-06-22,21.40278434753418
2023-06-23,21.466407775878906
2023-06-26,21.475486755371094
2023-06-27,21.448219299316406
2023-06-28,21.493661880493164
2023-06-29,21.375520706176758
2023-06-30,21.448219299316406
2023-07-03,21.384611129760742
2023-07-05,21.384611129760742
2023-07-06,21.320987701416016
2023-07-07,21.248281478881836
2023-07-10,21.27554702758789
2023-07-11,21.348251342773438
2023-07-12,21.393693923950195
2023-07-13,21.539104461669922
2023-07-14,21.493661880493164
2023-07-17,21.539104461669922
2023-07-18,21.602720260620117
2023-07-19,21.657257080078125
2023-07-20,21.620906829833984
2023-07-21,21.639076232910156
2023-07-24,21.63817024230957
2023-07-25,21.5835018157959
2023-07-26,21.63817024230957
2023-07-27,21.492393493652344
2023-07-28,21.51061248779297
2023-07-31,21.474170684814453
2023-08-01,21.419504165649414
2023-08-02,21.310182571411133
2023-08-03,21.137069702148438
2023-08-04,21.246397018432617
2023-08-07,21.200855255126953
2023-08-08,21.255508422851562
2023-08-09,21.34662437438965
2023-08-10,21.23729133605957
2023-08-11,21.209959030151367
2023-08-14,21.255508422851562
2023-08-15,21.228172302246094
2023-08-16,21.219070434570312
2023-08-17,21.091520309448242
2023-08-18,21.08240509033203
2023-08-21,20.98192596435547
2023-08-22,20.917984008789062
2023-08-23,20.98192596435547
2023-08-24,20.94538688659668
2023-08-25,20.917984008789062
2023-08-28,20.963661193847656
2023-08-29,21.000198364257812
2023-08-30,20.991060256958008
2023-08-31,21.055002212524414
2023-09-01,20.963661193847656
2023-09-05,20.97279167175293
2023-09-06,20.936254501342773
2023-09-07,20.94538688659668
2023-09-08,20.95452117919922
2023-09-11,20.963661193847656
2023-09-12,20.927125930786133
2023-09-13,21.000198364257812
2023-09-14,20.917984008789062
2023-09-15,20.89971923828125
2023-09-18,20.94000244140625
2023-09-19,20.87590980529785
2023-09-20,20.85759925842285
2023-09-21,20.619544982910156
2023-09-22,20.637861251831055
2023-09-25,20.427263259887695
2023-09-26,20.418107986450195
2023-09-27,20.335702896118164
2023-09-28,20.244142532348633
2023-09-29,20.289920806884766
2023-10-02,20.244142532348633
2023-10-03,20.1708984375
2023-10-04,20.207515716552734
2023-10-05,20.2166748046875
2023-10-06,20.070175170898438
2023-10-09,20.2349853515625
2023-10-10,20.299076080322266
2023-10-11,20.509668350219727
2023-10-12,20.39979362487793
2023-10-13,20.445571899414062
2023-10-16,20.271610260009766
2023-10-17,20.15258026123047
2023-10-18,20.134267807006836
2023-10-19,19.978614807128906
2023-10-20,20.024398803710938
2023-10-23,19.967479705810547
2023-10-24,20.02256202697754
2023-10-25,19.967479705810547
2023-10-26,19.976655960083008
2023-10-27,19.949111938476562
2023-10-30,19.967479705810547
2023-10-31,19.95829963684082
2023-11-01,19.985836029052734
2023-11-02,20.288789749145508
2023-11-03,20.39895248413086
2023-11-06,20.417316436767578
2023-11-07,20.60092544555664
2023-11-08,20.76617431640625
2023-11-09,20.692733764648438
2023-11-10,20.72027587890625
2023-11-13,20.76617431640625
2023-11-14,20.94059944152832
2023-11-15,20.86716079711914
2023-11-16,20.931425094604492
2023-11-17,20.958967208862305
2023-11-20,21.098892211914062
2023-11-21,21.089685440063477
2023-11-22,21.172536849975586
2023-11-24,21.089685440063477
2023-11-27,21.24617576599121
2023-11-28,21.209354400634766
2023-11-29,21.485519409179688
2023-11-30,21.421079635620117
2023-12-01,21.568368911743164
2023-12-04,21.559154510498047
2023-12-05,21.660417556762695
2023-12-06,21.70644760131836
2023-12-07,21.789297103881836
2023-12-08,21.688037872314453
2023-12-11,21.761676788330078
2023-12-12,21.789297103881836
2023-12-13,21.899768829345703
2023-12-14,22.102285385131836
2023-12-15,22.157516479492188
2023-12-18,22.09659767150879
2023-12-19,22.133516311645508
2023-12-20,22.225812911987305
2023-12-21,22.2719669342041
2023-12-22,22.23504066467285
2023-12-26,22.28118896484375
2023-12-27,22.382722854614258
2023-12-28,22.318115234375
2023-12-29,22.318115234375
2024-01-02,22.318115234375
2024-01-03,22.318115234375
2024-01-04,22.290424346923828
2024-01-05,22.2719669342041
2024-01-08,22.410417556762695
2024-01-09,22.299657821655273
2024-01-10,22.290424346923828
2024-01-11,22.253509521484375
2024-01-12,22.28118896484375
2024-01-16,22.19812774658203
2024-01-17,22.115055084228516
2024-01-18,22.050443649291992
2024-01-19,21.948915481567383
2024-01-22,22.071069717407227
2024-01-23,21.997039794921875
2024-01-24,21.96002197265625
2024-01-25,22.052562713623047
2024-01-26,22.03404998779297
2024-01-29,22.08957862854004
2024-01-30,22.13585090637207
2024-01-31,22.209882736206055
2024-02-01,22.33944320678711
2024-02-02,22.191373825073242
2024-02-05,22.02480125427246
2024-02-06,22.061819076538086
2024-02-07,22.08957862854004
2024-02-08,22.12660026550293
2024-02-09,22.08957862854004
2024-02-12,22.10808753967285
2024-02-13,21.97852897644043
2024-02-14,22.043306350708008
2024-02-15,22.08957862854004
2024-02-16,22.071069717407227
2024-02-20,22.162914276123047
2024-02-21,22.107250213623047
2024-02-22,22.162914276123047
2024-02-23,22.190746307373047
2024-02-26,22.162914276123047
2024-02-27,22.144359588623047
2024-02-28,22.17218780517578
2024-02-29,22.209299087524414
2024-03-01,22.27423667907715
2024-03-04,22.181472778320312
2024-03-05,22.255680084228516
2024-03-06,22.26496124267578
2024-03-07,22.283517837524414
2024-03-08,22.329904556274414
2024-03-11,22.31134796142578
2024-03-12,22.31134796142578
2024-03-13,22.31134796142578
2024-03-14,22.23712730407715
2024-03-15,22.339176177978516
2024-03-18,22.23035430908203
2024-03-19,22.23035430908203
2024-03-20,22.211750030517578
2024-03-21,22.211750030517578
2024-03-22,22.267562866210938
2024-03-25,22.15593910217285
2024-03-26,22.109434127807617
2024-03-27,22.13733673095703
2024-03-28,22.165241241455078
2024-04-01,22.03502655029297
2024-04-02,21.96061134338379
2024-04-03,21.932706832885742
2024-04-04,21.98851203918457
2024-04-05,21.858293533325195
2024-04-08,21.94200325012207
2024-04-09,21.99781608581543
2024-04-10,21.811786651611328
2024-04-11,21.839696884155273
2024-04-12,21.95130729675293
2024-04-15,21.932706832885742
2024-04-16,21.86759376525879
2024-04-17,21.96991729736328
2024-04-18,21.876901626586914
2024-04-19,21.89550018310547
2024-04-22,21.916950225830078
2024-04-23,21.916950225830078
2024-04-24,21.879650115966797
2024-04-25,21.833011627197266
2024-04-26,21.833011627197266
2024-04-29,21.860990524291992
2024-04-30,21.833011627197266
2024-05-01,21.860990524291992
2024-05-02,21.935606002807617
2024-05-03,22.000885009765625
2024-05-06,22.047513961791992
2024-05-07,22.112804412841797
2024-05-08,22.131458282470703
2024-05-09,22.14078140258789
2024-05-10,22.122129440307617
2024-05-13,22.131458282470703
2024-05-14,22.196741104125977
2024-05-15,22.262027740478516
2024-05-16,22.196741104125977
2024-05-17,22.131458282470703
2024-05-20,22.10713768005371
2024-05-21,22.08843994140625
2024-05-22,22.032333374023438
2024-05-23,21.938812255859375
2024-05-24,21.948163986206055
2024-05-28,21.920114517211914
2024-05-29,21.817241668701172
2024-05-30,21.845300674438477
2024-05-31,21.892053604125977
2024-06-03,21.96687126159668
2024-06-04,22.041683197021484
2024-06-05,22.163253784179688
2024-06-06,22.228708267211914
2024-06-07,22.10713768005371
2024-06-10,22.09779167175293
2024-06-11,22.12584114074707
2024-06-12,22.256765365600586
2024-06-13,22.350282669067383
2024-06-14,22.387691497802734
2024-06-17,22.30352783203125
2024-06-18,22.41574478149414
2024-06-20,22.350282669067383
2024-06-21,22.378341674804688
2024-06-24,22.318321228027344
2024-06-25,22.30894660949707
2024-06-26,22.21517562866211
2024-06-27,22.2526798248291
2024-06-28,22.20578956604004
2024-07-01,22.10264015197754
2024-07-02,22.20578956604004
2024-07-03,22.33707618713379
2024-07-05,22.346458435058594
2024-07-08,22.346458435058594
2024-07-09,22.299570083618164
2024-07-10,22.299570083618164
2024-07-11,22.39334487915039
2024-07-12,22.44960594177246
2024-07-15,22.383962631225586
2024-07-16,22.46836280822754
2024-07-17,22.440227508544922
2024-07-18,22.43085479736328
2024-07-19,22.402719497680664
2024-07-22,22.381088256835938
2024-07-23,22.381088256835938
2024-07-24,22.32467269897461
2024-07-25,22.399898529052734
2024-07-26,22.428110122680664
2024-07-29,22.456321716308594
2024-07-30,22.428110122680664
2024-07-31,22.49393653869629
2024-08-01,22.550357818603516
2024-08-02,22.74783706665039
2024-08-05,22.729028701782227
2024-08-06,22.606782913208008
2024-08-07,22.49393653869629
2024-08-08,22.409303665161133
2024-08-09,22.46572494506836
2024-08-12,22.503339767456055
2024-08-13,22.55976676940918
2024-08-14,22.606782913208008
2024-08-15,22.46572494506836
2024-08-16,22.569168090820312
2024-08-19,22.53333854675293
2024-08-20,22.571054458618164
2024-08-21,22.523910522460938
2024-08-22,22.495628356933594
2024-08-23,22.571054458618164
2024-08-26,22.542770385742188
2024-08-27,22.542770385742188
2024-08-28,22.514480590820312
2024-08-29,22.514480590820312
2024-08-30,22.467342376708984
2024-09-03,22.571054458618164
2024-09-04,22.62761878967285
2024-09-05,22.693620681762695
2024-09-06,22.674762725830078
2024-09-09,22.693620681762695
2024-09-10,22.759618759155273
2024-09-11,22.769039154052734
2024-09-12,22.750185012817383
2024-09-13,22.759618759155273
2024-09-16,22.759618759155273
2024-09-17,22.740758895874023
2024-09-18,22.721904754638672
2024-09-19,22.750185012817383
2024-09-20,22.769039154052734
2024-09-23,22.745410919189453
2024-09-24,22.79268455505371
2024-09-25,22.754865646362305
2024-09-26,22.783226013183594
2024-09-27,22.839946746826172
2024-09-30,22.830488204956055
2024-10-01,22.89666748046875
2024-10-02,22.92502784729004
2024-10-03,22.9061222076416
2024-10-04,22.79268455505371
2024-10-07,22.783226013183594
2024-10-08,22.773773193359375
2024-10-09,22.679235458374023
2024-10-10,22.7359561920166
2024-10-11,22.698143005371094
2024-10-14,22.641422271728516
2024-10-15,22.773773193359375
2024-10-16,22.773773193359375
2024-10-17,22.698143005371094
2024-10-18,22.726505279541016
2024-10-21,22.664892196655273
2024-10-22,22.589054107666016
2024-10-23,22.371030807495117
2024-10-24,22.427906036376953
2024-10-25,22.475299835205078
2024-10-28,22.4942626953125
2024-10-29,22.456348419189453
2024-10-30,22.4942626953125
2024-10-31,22.4658260345459
2024-11-01,22.4658260345459
2024-11-04,22.589054107666016
2024-11-05,22.617488861083984
2024-11-06,22.200407028198242
2024-11-07,22.41843032836914
2024-11-08,22.664892196655273
2024-11-11,22.617488861083984
2024-11-12,22.57957649230957
2024-11-13,22.589054107666016
2024-11-14,22.608009338378906
2024-11-15,22.626968383789062
2024-11-18,22.676389694213867
2024-11-19,22.695398330688477
2024-11-20,22.666887283325195
2024-11-21,22.68589210510254
2024-11-22,22.68589210510254
2024-11-25,22.809446334838867
2024-11-26,22.818952560424805
2024-11-27,22.875974655151367
2024-11-29,22.952003479003906
2024-12-02,22.98052215576172
2024-12-03,22.96150779724121
2024-12-04,23.04704475402832
2024-12-05,23.009029388427734
2024-12-06,23.056550979614258
2024-12-09,22.990022659301758
2024-12-10,22.942502975463867
2024-12-11,22.90448570251465
2024-12-12,22.799943923950195
2024-12-13,22.780935287475586
2024-12-16,22.752424240112305
2024-12-17,22.638378143310547
2024-12-18,22.495817184448242
2024-12-19,22.29623031616211
2024-12-20,22.410280227661133
2024-12-23,22.461740493774414
2024-12-24,22.461740493774414
2024-12-26,22.452213287353516
2024-12-27,22.414091110229492
2024-12-30,22.528453826904297
2024-12-31,22.499862670898438
2025-01-02,22.595157623291016
2025-01-03,22.528453826904297
2025-01-06,22.57610321044922
2025-01-07,22.490331649780273
2025-01-08,22.375972747802734
2025-01-10,22.2425594329834
2025-01-13,22.204439163208008
2025-01-14,22.185382843017578
2025-01-15,22.328325271606445
2025-01-16,22.337854385375977
2025-01-17,22.366445541381836
2025-01-21,22.419004440307617
2025-01-22,22.466781616210938
2025-01-23,22.36166763305664
2025-01-24,22.399892807006836
2025-01-27,22.524124145507812
2025-01-28,22.600576400756836
2025-01-29,22.466781616210938
2025-01-30,22.485898971557617
2025-01-31,22.419004440307617
2025-02-03,22.476343154907227
2025-02-04,22.51456642150879
2025-02-05,22.64835548400879
2025-02-06,22.657913208007812
2025-02-07,22.600576400756836
2025-02-10,22.619686126708984
2025-02-11,22.571903228759766
2025-02-12,22.371217727661133
2025-02-13,22.505008697509766
2025-02-14,22.562347412109375
2025-02-18,22.466781616210938
2025-02-19,22.51456642150879
2025-02-20,22.562347412109375
2025-02-21,22.64835548400879
2025-02-24,22.632068634033203
2025-02-25,22.747045516967773
2025-02-26,22.756629943847656
2025-02-27,22.70871925354004
2025-02-28,22.766210556030273
2025-03-03,22.71830177307129
2025-03-04,22.641643524169922
2025-03-05,22.584152221679688
2025-03-06,22.526670455932617
2025-03-07,22.478759765625
2025-03-10,22.4595947265625
2025-03-11,22.37335777282715
2025-03-12,22.325448989868164
2025-03-13,22.277538299560547
2025-03-14,22.258377075195312
2025-03-17,22.287126541137695
2025-03-18,22.29670524597168
2025-03-19,22.306285858154297
2025-03-20,22.363779067993164
2025-03-21,22.325448989868164
2025-03-24,22.31199836730957
2025-03-25,22.22551727294922
2025-03-26,22.062158584594727
2025-03-27,21.9372501373291
2025-03-28,22.081382751464844
2025-03-31,22.139034271240234
2025-04-01,22.273561477661133
2025-04-02,22.215906143188477
2025-04-03,22.36004066467285
2025-04-04,22.44652557373047
2025-04-07,21.64897918701172
2025-04-08,21.312664031982422
2025-04-09,21.533672332763672
2025-04-10,21.658584594726562
2025-04-11,21.351099014282227
2025-04-14,21.58171272277832
2025-04-15,21.58171272277832
2025-04-16,21.64897918701172
2025-04-17,21.629758834838867
2025-04-21,21.434114456176758
2025-04-22,21.44375228881836
2025-04-23,21.58831787109375
2025-04-24,21.67505645751953
2025-04-25,21.732881546020508
2025-04-28,21.771434783935547
2025-04-29,21.809982299804688
2025-04-30,21.896724700927734
2025-05-01,21.867813110351562
2025-05-02,21.80034828186035
2025-05-05,21.781068801879883
2025-05-06,21.87744903564453
2025-05-07,21.906362533569336
2025-05-08,21.858173370361328
2025-05-09,21.867813110351562
2025-05-12,21.82925796508789
2025-05-13,21.848535537719727
2025-05-14,21.72324562072754
2025-05-15,21.848535537719727
2025-05-16,21.858173370361328
2025-05-19,21.827239990234375
2025-05-20,21.769241333007812
2025-05-21,21.614578247070312
2025-05-22,21.566238403320312
2025-05-23,21.614578247070312
2025-05-27,21.682239532470703
2025-05-28,21.643571853637695
2025-05-29,21.65323829650879
2025-05-30,21.604904174804688
2025-06-02,21.508241653442383
2025-06-03,21.508241653442383
2025-06-04,21.566238403320312
2025-06-05,21.566238403320312
2025-06-06,21.440574645996094
2025-06-09,21.517908096313477
2025-06-10,21.49857521057129
2025-06-11,21.537242889404297
2025-06-12,21.65323829650879
2025-06-13,21.59524154663086
2025-06-16,21.604904174804688
2025-06-17,21.633909225463867
2025-06-18,21.59524154663086
2025-06-20,21.624244689941406
2025-06-23,21.67951011657715
2025-06-24,21.66980743408203
2025-06-25,21.640722274780273
2025-06-26,21.660114288330078
2025-06-27,21.66980743408203
2025-06-30,21.70859146118164
2025-07-01,21.718286514282227
2025-07-02,21.727983474731445
2025-07-03,21.698898315429688
2025-07-07,21.747373580932617
2025-07-08,21.650421142578125
2025-07-09,21.67951011657715
2025-07-10,21.70859146118164
2025-07-11,21.631025314331055
2025-07-14,21.592247009277344
2025-07-15,21.543766021728516
2025-07-16,21.40802764892578
2025-07-17,21.330461502075195
2025-07-18,21.272289276123047
2025-07-21,21.358850479125977
2025-07-22,21.358850479125977
2025-07-23,21.31022071838379
2025-07-24,21.32967185974121
2025-07-25,21.349124908447266
2025-07-28,21.349124908447266
2025-07-29,21.46584129333496
2025-07-30,21.37830352783203
2025-07-31,21.46584129333496
2025-08-01,21.6506404876709
2025-08-04,21.640913009643555
2025-08-05,21.640913009643555
2025-08-06,21.61173439025879
2025-08-07,21.592283248901367
2025-08-08,21.56310272216797
2025-08-11,21.631187438964844
2025-08-12,21.631187438964844
2025-08-13,21.6506404876709
2025-08-14,21.592283248901367
2025-08-15,21.582555770874023
2025-08-18,21.58157730102539
2025-08-19,21.552309036254883
2025-08-20,21.552309036254883
2025-08-21,21.51328468322754
2025-08-22,21.630361557006836
2025-08-25,21.62060546875
2025-08-26,21.62060546875
2025-08-27,21.649877548217773
2025-08-28,21.679141998291016
2025-08-29,21.649877548217773
2025-09-02,21.61084747314453
2025-09-03,21.679141998291016
2025-09-04,21.786468505859375
2025-09-05,22.0108699798584
2025-09-08,22.22551727294922
2025-09-09,22.22551727294922
2025-09-10,22.284053802490234
2025-09-11,22.459672927856445
2025-09-12,22.430402755737305
2025-09-15,22.557239532470703
2025-09-16,22.58650779724121
2025-09-17,22.576751708984375
2025-09-18,22.58650779724121
2025-09-19,22.606019973754883
2025-09-22,22.574708938598633
2025-09-23,22.564922332763672
2025-09-24,22.5159969329834
2025-09-25,22.50621223449707
2025-09-26,22.496427536010742
2025-09-29,22.59427833557129
2025-09-30,22.59427833557129
2025-10-01,22.633419036865234
2025-10-02,22.623634338378906
2025-10-03,22.643203735351562
2025-10-06,22.643203735351562
2025-10-07,22.662776947021484
2025-10-08,22.65298843383789
2025-10-09,22.65298843383789
2025-10-10,22.731271743774414
2025-10-13,22.79977035522461
2025-10-14,22.78998565673828
2025-10-15,22.819339752197266
2025-10-16,22.878049850463867
2025-10-17,22.887840270996094
2025-10-20,22.946725845336914
2025-10-21,22.966354370117188
2025-10-22,22.946725845336914
2025-10-23,22.97616958618164
2025-10-24,22.966354370117188
2025-10-27,22.956541061401367
2025-10-28,22.936912536621094
2025-10-29,22.907466888427734
2025-10-30,22.887840270996094
2025-10-31,22.92709732055664
2025-11-03,22.868206024169922
2025-11-04,22.907466888427734
2025-11-05,22.8093204498291
2025-11-06,22.887840270996094
2025-11-07,22.868206024169922
2025-11-10,22.878021240234375
2025-11-11,22.966354370117188
2025-11-12,22.92709732055664
2025-11-13,22.868206024169922
2025-11-14,22.848581314086914
2025-11-17,22.878021240234375
2025-11-18,22.907466888427734
2025-11-19,22.8583927154541
2025-11-20,22.878021240234375
2025-11-21,22.907466888427734
2025-11-24,22.918298721313477
2025-11-25,22.918298721313477
2025-11-26,22.947832107543945
2025-11-28,22.97736358642578
2025-12-01,22.869075775146484
2025-12-02,22.83953857421875
2025-12-03,22.859230041503906
2025-12-04,22.849382400512695
2025-12-05,22.83953857421875
2025-12-08,22.849382400512695
2025-12-09,22.81985092163086
2025-12-10,22.849382400512695
2025-12-11,22.83953857421875
2025-12-12,22.800161361694336
2025-12-15,22.810007095336914
2025-12-16,22.859230041503906
2025-12-17,22.869075775146484
2025-12-18,22.869075775146484
2025-12-19,22.869075775146484
2025-12-22,22.86907386779785
2025-12-23,22.878952026367188
2025-12-24,22.898710250854492
2025-12-26,22.908588409423828
2025-12-29,22.9283447265625
2025-12-30,22.93822479248047
2025-12-31,22.908588409423828
2026-01-02,22.967859268188477
2026-01-05,22.967859268188477
2026-01-06,22.98761749267578
2026-01-07,23.037012100219727
2026-01-08,22.99749755859375
2026-01-09,23.037012100219727
2026-01-12,23.037012100219727
2026-01-13,23.0567684173584
2026-01-14,23.066646575927734
2026-01-15,23.066646575927734
2026-01-16,23.04688835144043
2026-01-20,22.901216506958008
2026-01-21,22.95076560974121
2026-01-22,22.970584869384766
2026-01-23,22.98049545288086
2026-01-26,23.00031280517578
2026-01-27,23.010223388671875
2026-01-28,23.079591751098633
2026-01-29,23.129138946533203
2026-01-30,23.079591751098633
2026-02-02,23.089500427246094
2026-02-03,23.10932159423828
2026-02-04,23.099411010742188
2026-02-05,23.11922836303711
2026-02-06,23.139049530029297
2026-02-09,23.16877555847168
2026-02-10,23.15886878967285
2026-02-11,23.14896011352539
2026-02-12,23.188596725463867
2026-02-13,23.238147735595703
2026-02-17,23.257963180541992
2026-02-18,23.238147735595703
2026-02-19,23.28769302368164
2026-02-20,23.297603607177734
2026-02-23,23.30555534362793
2026-02-24,23.35524559020996
2026-02-25,23.3751220703125
2026-02-26,23.444692611694336
2026-02-27,23.454631805419922
2026-03-02,23.35524559020996
2026-03-03,23.196231842041016
2026-03-04,23.22604751586914
2026-03-05,23.18629264831543
2026-03-06,23.16641616821289
2026-03-09,23.18629264831543
2026-03-10,23.126663208007812
2026-03-11,23.086910247802734
2026-03-12,23.07697105407715
2026-03-13,23.126663208007812
2026-03-16,23.156476974487305
2026-03-17,23.18629264831543
2026-03-18,23.116724014282227
2026-03-19,23.1366024017334
2026-03-20,22.808635711669922
2026-03-23,22.83953857421875
2026-03-24,22.719907760620117
2026-03-25,22.779722213745117
2026-03-26,22.709938049316406
2026-03-27,22.739845275878906
2026-03-30,22.819599151611328
2026-03-31,22.90932273864746
2026-04-01,22.999046325683594
2026-04-02,23.038923263549805
2026-04-06,23.048892974853516
2026-04-07,23.068830490112305
2026-04-08,23.16852378845215
2026-04-09,23.23830795288086
2026-04-10,23.188461303710938
2026-04-13,23.26821517944336
2026-04-14,23.25824546813965
2026-04-15,23.19843101501465
2026-04-16,23.22833824157715
2026-04-17,23.33799934387207
2026-04-20,23.329999923706055
2026-04-21,23.280000686645508
2026-04-22,23.290000915527344
2026-04-23,23.329999923706055
2026-04-24,23.350000381469727
2026-04-27,23.34000015258789
2026-04-28,23.299999237060547
2026-04-29,23.25
2026-04-30,23.260000228881836
2026-05-01,23.270000457763672
2026-05-04,23.260000228881836
2026-05-05,23.25
2026-05-06,23.329999923706055
2026-05-07,23.31999969482422
2026-05-08,23.329999923706055
2026-05-11,23.334999084472656
