Date,Close
2012-01-12,38.47529220581055
2012-01-13,38.47529220581055
2012-01-17,38.47529220581055
2012-01-18,38.47529220581055
2012-01-19,39.60736083984375
2012-01-20,39.60736083984375
2012-01-23,39.60736083984375
2012-01-24,39.50791931152344
2012-01-25,39.50791931152344
2012-01-26,39.50791931152344
2012-01-27,39.50791931152344
2012-01-30,39.50791931152344
2012-01-31,39.50791931152344
2012-02-01,40.50996017456055
2012-02-02,40.50996017456055
2012-02-03,40.976566314697266
2012-02-06,40.976566314697266
2012-02-07,40.976566314697266
2012-02-08,40.976566314697266
2012-02-09,40.976566314697266
2012-02-10,40.976566314697266
2012-02-13,40.976566314697266
2012-02-14,40.976566314697266
2012-02-15,40.976566314697266
2012-02-16,40.976566314697266
2012-02-17,40.976566314697266
2012-02-21,42.07039260864258
2012-02-22,42.07039260864258
2012-02-23,42.07039260864258
2012-02-24,42.07039260864258
2012-02-27,42.07039260864258
2012-02-28,42.07039260864258
2012-02-29,42.07039260864258
2012-03-01,42.07039260864258
2012-03-02,41.67263412475586
2012-03-05,41.67263412475586
2012-03-06,41.67263412475586
2012-03-07,41.67263412475586
2012-03-08,41.35901641845703
2012-03-09,41.51199722290039
2012-03-12,41.51199722290039
2012-03-13,41.51199722290039
2012-03-14,41.87151336669922
2012-03-15,41.87151336669922
2012-03-16,41.87151336669922
2012-03-19,41.87151336669922
2012-03-20,41.87151336669922
2012-03-21,41.87151336669922
2012-03-22,41.87151336669922
2012-03-23,41.87151336669922
2012-03-26,41.87151336669922
2012-03-27,42.582889556884766
2012-03-28,42.139225006103516
2012-03-29,41.89445877075195
2012-03-30,42.05508041381836
2012-04-02,42.05508041381836
2012-04-03,42.05508041381836
2012-04-04,42.05508041381836
2012-04-05,41.4967041015625
2012-04-09,41.16014099121094
2012-04-10,40.51761245727539
2012-04-11,40.89242172241211
2012-04-12,41.52729034423828
2012-04-13,41.52729034423828
2012-04-16,40.91537094116211
2012-04-17,41.74148178100586
2012-04-18,41.74148178100586
2012-04-19,41.74148178100586
2012-04-20,41.74148178100586
2012-04-23,41.74148178100586
2012-04-24,41.74148178100586
2012-04-25,41.74148178100586
2012-04-26,41.74148178100586
2012-04-27,42.2233772277832
2012-04-30,42.2233772277832
2012-05-01,42.35340881347656
2012-05-02,41.94800567626953
2012-05-03,41.94800567626953
2012-05-04,41.94800567626953
2012-05-07,41.0683479309082
2012-05-08,41.0683479309082
2012-05-09,40.31108856201172
2012-05-10,40.31108856201172
2012-05-11,40.31108856201172
2012-05-14,39.74503707885742
2012-05-15,39.74503707885742
2012-05-16,39.74503707885742
2012-05-17,38.91893768310547
2012-05-18,38.582366943359375
2012-05-21,38.582366943359375
2012-05-22,38.582366943359375
2012-05-23,38.36819839477539
2012-05-24,38.36819839477539
2012-05-25,38.36819839477539
2012-05-29,38.36819839477539
2012-05-30,38.79654312133789
2012-05-31,38.62062072753906
2012-06-01,38.62062072753906
2012-06-04,38.62062072753906
2012-06-05,37.73331832885742
2012-06-06,38.521175384521484
2012-06-07,38.521175384521484
2012-06-08,38.521175384521484
2012-06-11,38.521175384521484
2012-06-12,38.521175384521484
2012-06-13,38.521175384521484
2012-06-14,38.521175384521484
2012-06-15,38.521175384521484
2012-06-18,38.521175384521484
2012-06-19,40.272830963134766
2012-06-20,40.16573715209961
2012-06-21,39.467472076416016
2012-06-22,39.467472076416016
2012-06-25,39.467472076416016
2012-06-26,39.467472076416016
2012-06-27,39.467472076416016
2012-06-28,39.467472076416016
2012-06-29,39.467472076416016
2012-07-02,39.467472076416016
2012-07-03,39.467472076416016
2012-07-05,39.467472076416016
2012-07-06,39.467472076416016
2012-07-09,39.801090240478516
2012-07-10,39.801090240478516
2012-07-11,39.801090240478516
2012-07-12,39.801090240478516
2012-07-13,39.801090240478516
2012-07-16,39.801090240478516
2012-07-17,39.801090240478516
2012-07-18,40.289878845214844
2012-07-19,40.289878845214844
2012-07-20,40.289878845214844
2012-07-23,40.289878845214844
2012-07-24,40.289878845214844
2012-07-25,40.289878845214844
2012-07-26,39.96403121948242
2012-07-27,40.30540084838867
2012-07-30,40.77866744995117
2012-07-31,40.77866744995117
2012-08-01,40.77866744995117
2012-08-02,40.569190979003906
2012-08-03,39.886436462402344
2012-08-06,41.182125091552734
2012-08-07,41.182125091552734
2012-08-08,41.43814468383789
2012-08-09,41.43814468383789
2012-08-10,41.43814468383789
2012-08-13,41.43814468383789
2012-08-14,41.43814468383789
2012-08-15,41.43814468383789
2012-08-16,41.43814468383789
2012-08-17,41.763999938964844
2012-08-20,41.763999938964844
2012-08-21,41.763999938964844
2012-08-22,41.81830978393555
2012-08-23,41.717445373535156
2012-08-24,41.717445373535156
2012-08-27,41.88813018798828
2012-08-28,41.88813018798828
2012-08-29,41.88813018798828
2012-08-30,41.43814468383789
2012-08-31,41.63209915161133
2012-09-04,41.63209915161133
2012-09-05,41.60883331298828
2012-09-06,41.60883331298828
2012-09-07,42.90450668334961
2012-09-10,42.78812026977539
2012-09-11,43.02863693237305
2012-09-12,43.12174606323242
2012-09-13,43.998443603515625
2012-09-14,44.21568298339844
2012-09-17,44.0372428894043
2012-09-18,43.920860290527344
2012-09-19,43.920860290527344
2012-09-20,43.920860290527344
2012-09-21,43.97516632080078
2012-09-24,43.97516632080078
2012-09-25,43.97516632080078
2012-09-26,43.09846115112305
2012-09-27,43.494144439697266
2012-09-28,43.494144439697266
2012-10-01,43.494144439697266
2012-10-02,43.494144439697266
2012-10-03,43.269142150878906
2012-10-04,43.269142150878906
2012-10-05,43.269142150878906
2012-10-08,43.587242126464844
2012-10-09,43.1450080871582
2012-10-10,42.74932098388672
2012-10-11,43.03639602661133
2012-10-12,43.03639602661133
2012-10-15,43.03639602661133
2012-10-16,43.03639602661133
2012-10-17,43.03639602661133
2012-10-18,43.587242126464844
2012-10-19,43.587242126464844
2012-10-22,43.587242126464844
2012-10-23,43.587242126464844
2012-10-24,43.587242126464844
2012-10-25,42.516571044921875
2012-10-26,42.516571044921875
2012-10-31,42.516571044921875
2012-11-01,42.951053619384766
2012-11-02,42.95880889892578
2012-11-05,42.95880889892578
2012-11-06,42.78812026977539
2012-11-07,42.78812026977539
2012-11-08,42.78812026977539
2012-11-09,41.717445373535156
2012-11-12,41.717445373535156
2012-11-13,41.55453109741211
2012-11-14,41.120033264160156
2012-11-15,41.120033264160156
2012-11-16,41.120033264160156
2012-11-19,42.08209228515625
2012-11-20,41.942447662353516
2012-11-21,41.942447662353516
2012-11-23,41.942447662353516
2012-11-26,41.942447662353516
2012-11-27,42.78812026977539
2012-11-28,42.78812026977539
2012-11-29,43.24586868286133
2012-11-30,43.24586868286133
2012-12-03,43.01311492919922
2012-12-04,42.81915283203125
2012-12-05,43.34673309326172
2012-12-06,43.1450080871582
2012-12-07,43.28466796875
2012-12-10,43.28466796875
2012-12-11,43.28466796875
2012-12-12,43.28466796875
2012-12-13,43.28466796875
2012-12-14,43.28466796875
2012-12-17,43.87430953979492
2012-12-18,43.92857360839844
2012-12-19,43.92857360839844
2012-12-20,44.26679611206055
2012-12-21,44.26679611206055
2012-12-24,44.26679611206055
2012-12-26,44.26679611206055
2012-12-27,44.007232666015625
2012-12-28,43.92857360839844
2012-12-31,44.13307571411133
2013-01-02,44.24319839477539
2013-01-03,45.257843017578125
2013-01-04,44.69939422607422
2013-01-07,44.439842224121094
2013-01-08,44.33758544921875
2013-01-09,44.33758544921875
2013-01-10,45.00615310668945
2013-01-11,45.24210739135742
2013-01-14,45.24210739135742
2013-01-15,45.24998092651367
2013-01-16,45.24998092651367
2013-01-17,45.24998092651367
2013-01-18,45.312896728515625
2013-01-22,45.312896728515625
2013-01-23,46.3039436340332
2013-01-24,46.3039436340332
2013-01-25,45.949989318847656
2013-01-28,46.1623649597168
2013-01-29,46.272483825683594
2013-01-30,46.272483825683594
2013-01-31,46.209564208984375
2013-02-01,46.76800537109375
2013-02-04,46.40619659423828
2013-02-05,47.33432388305664
2013-02-06,46.68935012817383
2013-02-07,46.68935012817383
2013-02-08,46.775875091552734
2013-02-11,46.7208251953125
2013-02-12,46.555641174316406
2013-02-13,46.650028228759766
2013-02-14,46.650028228759766
2013-02-15,46.650028228759766
2013-02-19,46.893856048583984
2013-02-20,46.91746139526367
2013-02-21,45.87921142578125
2013-02-22,46.311824798583984
2013-02-25,46.33540725708008
2013-02-26,45.74551010131836
2013-02-27,46.36687469482422
2013-02-28,46.50058364868164
2013-03-01,46.36687469482422
2013-03-04,46.146636962890625
2013-03-05,46.91746139526367
2013-03-06,46.775875091552734
2013-03-07,46.87812423706055
2013-03-08,47.397239685058594
2013-03-11,47.153411865234375
2013-03-12,47.08262252807617
2013-03-13,47.05904006958008
2013-03-14,47.641082763671875
2013-03-15,47.70400619506836
2013-03-18,47.389381408691406
2013-03-19,47.1376953125
2013-03-20,47.16913986206055
2013-03-21,47.17701721191406
2013-03-22,47.42871856689453
2013-03-25,47.24781036376953
2013-03-26,47.4837646484375
2013-03-27,47.4837646484375
2013-03-28,47.4837646484375
2013-04-01,47.192745208740234
2013-04-02,47.72758865356445
2013-04-03,47.06690216064453
2013-04-04,47.546688079833984
2013-04-05,47.271400451660156
2013-04-08,47.271400451660156
2013-04-09,47.869171142578125
2013-04-10,48.45909118652344
2013-04-11,48.98607635498047
2013-04-12,48.65572738647461
2013-04-15,47.42085266113281
2013-04-16,48.25457763671875
2013-04-17,47.011837005615234
2013-04-18,47.11409378051758
2013-04-19,47.11409378051758
2013-04-22,47.11409378051758
2013-04-23,47.65681457519531
2013-04-24,48.160194396972656
2013-04-25,50.35466003417969
2013-04-26,47.979286193847656
2013-04-29,48.21525573730469
2013-04-30,48.76584243774414
2013-05-01,48.286048889160156
2013-05-02,49.277095794677734
2013-05-03,49.55238342285156
2013-05-06,50.047916412353516
2013-05-07,50.165889739990234
2013-05-08,50.37038803100586
2013-05-09,50.968170166015625
2013-05-10,50.850181579589844
2013-05-13,51.038963317871094
2013-05-14,50.12656021118164
2013-05-15,50.12656021118164
2013-05-16,51.762577056884766
2013-05-17,51.04682159423828
2013-05-20,50.67713928222656
2013-05-21,52.00640106201172
2013-05-22,50.59062194824219
2013-05-23,50.59062194824219
2013-05-24,49.237770080566406
2013-05-28,49.59172058105469
2013-05-29,49.39507293701172
2013-05-30,49.39507293701172
2013-05-31,50.03218078613281
2013-06-03,49.14337158203125
2013-06-04,50.49624252319336
2013-06-05,48.95460510253906
2013-06-06,48.95460510253906
2013-06-07,48.8051643371582
2013-06-10,48.97820281982422
2013-06-11,48.333229064941406
2013-06-12,50.35466003417969
2013-06-13,50.35466003417969
2013-06-14,50.35466003417969
2013-06-17,50.80298614501953
2013-06-18,50.80298614501953
2013-06-19,50.732200622558594
2013-06-20,48.96245574951172
2013-06-21,48.88383102416992
2013-06-24,46.40619659423828
2013-06-25,46.40619659423828
2013-06-26,48.92314910888672
2013-06-27,47.861656188964844
2013-06-28,47.861656188964844
2013-07-01,47.861656188964844
2013-07-02,47.82210159301758
2013-07-03,48.45488739013672
2013-07-05,49.040218353271484
2013-07-08,49.040218353271484
2013-07-09,49.040218353271484
2013-07-10,49.040218353271484
2013-07-11,49.688804626464844
2013-07-12,50.30575942993164
2013-07-15,50.005191802978516
2013-07-16,51.215370178222656
2013-07-17,51.017635345458984
2013-07-18,52.06962585449219
2013-07-19,52.06962585449219
2013-07-22,51.04137420654297
2013-07-23,50.61425018310547
2013-07-24,50.50351333618164
2013-07-25,50.85944366455078
2013-07-26,50.63005447387695
2013-07-29,51.84025192260742
2013-07-30,51.84025192260742
2013-07-31,50.6458740234375
2013-08-01,51.318206787109375
2013-08-02,51.318206787109375
2013-08-05,52.44929504394531
2013-08-06,51.82442855834961
2013-08-07,51.37357711791992
2013-08-08,52.69450378417969
2013-08-09,52.69450378417969
2013-08-12,52.40184783935547
2013-08-13,52.40184783935547
2013-08-14,52.52048110961914
2013-08-15,51.55549240112305
2013-08-16,50.22666549682617
2013-08-19,50.22666549682617
2013-08-20,50.22666549682617
2013-08-21,49.831180572509766
2013-08-22,51.049285888671875
2013-08-23,51.049285888671875
2013-08-26,50.9543571472168
2013-08-27,49.07975769042969
2013-08-28,50.289939880371094
2013-08-29,49.277503967285156
2013-08-30,49.79163360595703
2013-09-03,49.79163360595703
2013-09-04,49.79163360595703
2013-09-05,50.63005447387695
2013-09-06,50.8831672668457
2013-09-09,50.60633087158203
2013-09-10,50.60633087158203
2013-09-11,50.60633087158203
2013-09-12,51.334022521972656
2013-09-13,51.05719757080078
2013-09-16,51.25493621826172
2013-09-17,51.43684005737305
2013-09-18,52.95552062988281
2013-09-19,52.5916633605957
2013-09-20,52.79731369018555
2013-09-23,52.5916633605957
2013-09-24,51.871891021728516
2013-09-25,52.828956604003906
2013-09-26,52.828956604003906
2013-09-27,52.52048110961914
2013-09-30,52.5916633605957
2013-10-01,52.19618606567383
2013-10-02,51.72950744628906
2013-10-03,51.278663635253906
2013-10-04,51.52386474609375
2013-10-07,51.19956588745117
2013-10-08,50.637969970703125
2013-10-09,51.29448318481445
2013-10-10,51.28656005859375
2013-10-11,52.34648132324219
2013-10-14,51.77696990966797
2013-10-15,51.492218017578125
2013-10-16,53.13744354248047
2013-10-17,53.54084014892578
2013-10-18,53.64366912841797
2013-10-21,53.445926666259766
2013-10-22,53.89678192138672
2013-10-23,53.46171569824219
2013-10-24,53.699031829833984
2013-10-25,53.86513137817383
2013-10-28,54.21315002441406
2013-10-29,54.26852798461914
2013-10-30,54.02333068847656
2013-10-31,53.928409576416016
2013-11-01,54.047054290771484
2013-11-04,54.27643966674805
2013-11-05,53.98378372192383
2013-11-06,53.580387115478516
2013-11-07,53.675296783447266
2013-11-08,53.03460693359375
2013-11-11,53.03460693359375
2013-11-12,53.03460693359375
2013-11-13,53.801849365234375
2013-11-14,53.78604507446289
2013-11-15,54.01542282104492
2013-11-18,55.13859939575195
2013-11-19,53.78604507446289
2013-11-20,53.81766891479492
2013-11-21,54.766841888427734
2013-11-22,54.96458435058594
2013-11-25,54.4109001159668
2013-11-26,54.33971405029297
2013-11-27,54.426727294921875
2013-11-29,55.027870178222656
2013-12-02,54.228981018066406
2013-12-03,53.857215881347656
2013-12-04,53.83349609375
2013-12-05,53.556644439697266
2013-12-06,54.15780258178711
2013-12-09,54.23688888549805
2013-12-10,54.141963958740234
2013-12-11,53.53292465209961
2013-12-12,52.83687210083008
2013-12-13,52.97134017944336
2013-12-16,53.69110870361328
2013-12-17,53.4854621887207
2013-12-18,54.35572814941406
2013-12-19,54.30799865722656
2013-12-20,54.30799865722656
2013-12-23,54.9284782409668
2013-12-24,54.51481246948242
2013-12-26,55.31827926635742
2013-12-27,55.079620361328125
2013-12-30,55.541011810302734
2013-12-31,55.89897155761719
2014-01-02,55.326229095458984
2014-01-03,55.326229095458984
2014-01-06,54.856876373291016
2014-01-07,55.541011810302734
2014-01-08,55.405784606933594
2014-01-09,54.84892272949219
2014-01-10,55.509185791015625
2014-01-13,55.28644561767578
2014-01-14,55.198951721191406
2014-01-15,55.700103759765625
2014-01-16,55.684200286865234
2014-01-17,55.58078384399414
2014-01-21,55.803524017333984
2014-01-22,55.851253509521484
2014-01-23,55.095542907714844
2014-01-24,54.18071746826172
2014-01-27,53.86252212524414
2014-01-28,54.32392120361328
2014-01-29,53.719329833984375
2014-01-30,53.910247802734375
2014-01-31,53.60002517700195
2014-02-03,52.549964904785156
2014-02-04,52.80451965332031
2014-02-05,52.7170295715332
2014-02-06,53.62387466430664
2014-02-07,54.21254348754883
2014-02-10,54.172767639160156
2014-02-11,55.079620361328125
2014-02-12,55.19099044799805
2014-02-13,55.33417892456055
2014-02-14,55.48532485961914
2014-02-18,55.62055587768555
2014-02-19,55.65235900878906
2014-02-20,55.803524017333984
2014-02-21,55.803524017333984
2014-02-24,56.35240936279297
2014-02-25,56.08990478515625
2014-02-26,55.84329605102539
2014-02-27,55.525089263916016
2014-02-28,56.43197250366211
2014-03-03,55.684200286865234
2014-03-04,56.400142669677734
2014-03-05,56.59104919433594
2014-03-06,56.94901657104492
2014-03-07,56.87742614746094
2014-03-10,56.50355529785156
2014-03-11,55.9228401184082
2014-03-12,56.05011749267578
2014-03-13,55.533050537109375
2014-03-14,55.278499603271484
2014-03-17,55.278499603271484
2014-03-18,55.48532485961914
2014-03-19,56.18535232543945
2014-03-20,55.93875503540039
2014-03-21,55.67625045776367
2014-03-24,55.461463928222656
2014-03-25,55.89101791381836
2014-03-26,56.35240936279297
2014-03-27,55.64441680908203
2014-03-28,55.596683502197266
2014-03-31,56.63083267211914
2014-04-01,56.68650436401367
2014-04-02,56.837650299072266
2014-04-03,56.280818939208984
2014-04-04,55.91489791870117
2014-04-07,55.437583923339844
2014-04-08,56.19330978393555
2014-04-09,55.970577239990234
2014-04-10,55.90693283081055
2014-04-11,55.525089263916016
2014-04-14,55.74782943725586
2014-04-15,55.28644561767578
2014-04-16,56.18535232543945
2014-04-17,56.59104919433594
2014-04-21,56.32057571411133
2014-04-22,56.71833038330078
2014-04-23,56.71833038330078
2014-04-24,56.742191314697266
2014-04-25,56.45582580566406
2014-04-28,55.87511444091797
2014-04-29,56.98879623413086
2014-04-30,56.280818939208984
2014-05-01,57.4024543762207
2014-05-02,56.71038818359375
2014-05-05,57.06039810180664
2014-05-06,56.964908599853516
2014-05-07,56.52741241455078
2014-05-08,57.267234802246094
2014-05-09,57.07630157470703
2014-05-12,57.195621490478516
2014-05-13,57.11608123779297
2014-05-14,57.42632293701172
2014-05-15,56.933109283447266
2014-05-16,56.52741241455078
2014-05-19,56.52741241455078
2014-05-20,56.861515045166016
2014-05-21,57.23539733886719
2014-05-22,57.12403869628906
2014-05-23,57.17177200317383
2014-05-27,57.52973175048828
2014-05-28,57.871803283691406
2014-05-29,58.03089141845703
2014-05-30,58.07066345214844
2014-06-02,57.91157531738281
2014-06-03,58.26953887939453
2014-06-04,58.293392181396484
2014-06-05,58.48432922363281
2014-06-06,58.88206481933594
2014-06-09,58.95365905761719
2014-06-10,58.651371002197266
2014-06-11,58.53998947143555
2014-06-12,58.07066345214844
2014-06-13,58.182029724121094
2014-06-16,58.205902099609375
2014-06-17,58.35704040527344
2014-06-18,58.63545227050781
2014-06-19,58.937740325927734
2014-06-20,59.017295837402344
2014-06-23,58.91387176513672
2014-06-24,58.547950744628906
2014-06-25,58.59794235229492
2014-06-26,58.76725769042969
2014-06-27,58.76725769042969
2014-06-30,58.82368087768555
2014-07-01,59.35581970214844
2014-07-02,59.54124069213867
2014-07-03,59.766998291015625
2014-07-07,59.29132080078125
2014-07-08,58.557621002197266
2014-07-09,59.0494270324707
2014-07-10,58.46894073486328
2014-07-11,58.71082305908203
2014-07-14,59.03330993652344
2014-07-15,59.10588073730469
2014-07-16,59.42031478881836
2014-07-17,58.573768615722656
2014-07-18,59.299373626708984
2014-07-21,59.17037582397461
2014-07-22,59.31549072265625
2014-07-23,59.533180236816406
2014-07-24,59.57351303100586
2014-07-25,59.29132080078125
2014-07-28,59.06557083129883
2014-07-29,59.12199020385742
2014-07-30,58.904300689697266
2014-07-31,57.8561897277832
2014-08-01,57.63044738769531
2014-08-04,58.01744079589844
2014-08-05,57.22732162475586
2014-08-06,57.04188919067383
2014-08-07,56.808074951171875
2014-08-08,57.17089080810547
2014-08-11,57.42888641357422
2014-08-12,57.267635345458984
2014-08-13,57.62238693237305
2014-08-14,57.993255615234375
2014-08-15,57.88037872314453
2014-08-18,58.50925827026367
2014-08-19,58.662445068359375
2014-08-20,58.726932525634766
2014-08-21,59.194541931152344
2014-08-22,58.662445068359375
2014-08-25,59.14618682861328
2014-08-26,59.396114349365234
2014-08-27,59.388084411621094
2014-08-28,59.28327178955078
2014-08-29,59.46063995361328
2014-09-02,59.041385650634766
2014-09-03,59.47675704956055
2014-09-04,59.59767150878906
2014-09-05,59.218746185302734
2014-09-08,58.984947204589844
2014-09-09,58.80757141113281
2014-09-10,58.993011474609375
2014-09-11,58.61404800415039
2014-09-12,58.589881896972656
2014-09-15,58.42862319946289
2014-09-16,58.8559455871582
2014-09-17,58.501182556152344
2014-09-18,59.15425109863281
2014-09-19,59.15425109863281
2014-09-22,59.073631286621094
2014-09-23,58.22706985473633
2014-09-24,58.46894073486328
2014-09-25,57.920692443847656
2014-09-26,57.8400764465332
2014-09-29,57.62238693237305
2014-09-30,57.54982376098633
2014-10-01,57.11444091796875
2014-10-02,56.57426071166992
2014-10-03,57.02577209472656
2014-10-06,56.77583694458008
2014-10-07,56.042137145996094
2014-10-08,57.307952880859375
2014-10-09,55.69545364379883
2014-10-10,55.23588943481445
2014-10-13,54.679603576660156
2014-10-14,54.30065155029297
2014-10-15,54.36513900756836
2014-10-16,54.19584274291992
2014-10-17,55.163333892822266
2014-10-20,55.46971130371094
2014-10-21,56.469451904296875
2014-10-22,56.066341400146484
2014-10-23,56.687129974365234
2014-10-24,56.52589797973633
2014-10-27,56.56621551513672
2014-10-28,57.42888641357422
2014-10-29,57.25957107543945
2014-10-30,57.275699615478516
2014-10-31,58.04164123535156
2014-11-03,58.16257095336914
2014-11-04,57.912620544433594
2014-11-05,58.186763763427734
2014-11-06,58.20288848876953
2014-11-07,58.194820404052734
2014-11-10,58.33995819091797
2014-11-11,58.60601043701172
2014-11-12,58.46894073486328
2014-11-13,58.27543640136719
2014-11-14,58.533447265625
2014-11-17,58.67856979370117
2014-11-18,58.83172607421875
2014-11-19,58.45281982421875
2014-11-20,58.60601043701172
2014-11-21,59.15425109863281
2014-11-24,59.15425109863281
2014-11-25,59.18650436401367
2014-11-26,59.25099563598633
2014-11-28,59.08168029785156
2014-12-01,58.96074676513672
2014-12-02,58.864013671875
2014-12-03,59.20262145996094
2014-12-04,58.94462585449219
2014-12-05,59.17037582397461
2014-12-08,58.799495697021484
2014-12-09,58.65437698364258
2014-12-10,57.848121643066406
2014-12-11,57.88845443725586
2014-12-12,56.993507385253906
2014-12-15,56.56621551513672
2014-12-16,56.074398040771484
2014-12-17,56.83727264404297
2014-12-18,58.465614318847656
2014-12-19,58.65287399291992
2014-12-22,58.897125244140625
2014-12-23,59.05995178222656
2014-12-24,59.328617095947266
2014-12-26,59.40190124511719
2014-12-29,59.230934143066406
2014-12-30,58.88085174560547
2014-12-31,58.34347915649414
2015-01-02,58.335350036621094
2015-01-05,56.9675407409668
2015-01-06,56.210357666015625
2015-01-07,56.78028869628906
2015-01-08,58.0422477722168
2015-01-09,57.48860168457031
2015-01-12,57.38275909423828
2015-01-13,56.975677490234375
2015-01-14,56.9431037902832
2015-01-15,56.55230712890625
2015-01-16,57.30948257446289
2015-01-20,57.602603912353516
2015-01-21,57.49674987792969
2015-01-22,58.213218688964844
2015-01-23,57.838687896728516
2015-01-26,58.563297271728516
2015-01-27,58.392337799072266
2015-01-28,57.57817840576172
2015-01-29,57.43975830078125
2015-01-30,56.88611602783203
2015-02-02,57.88756561279297
2015-02-03,58.367916107177734
2015-02-04,57.985252380371094
2015-02-05,58.628440856933594
2015-02-06,58.473758697509766
2015-02-09,58.05039596557617
2015-02-10,58.61217498779297
2015-02-11,58.61217498779297
2015-02-12,59.18209457397461
2015-02-13,59.43448257446289
2015-02-17,59.963680267333984
2015-02-18,60.21607208251953
2015-02-19,60.04512405395508
2015-02-20,60.419620513916016
2015-02-23,60.55803298950195
2015-02-24,60.948829650878906
2015-02-25,60.891845703125
2015-02-26,60.68830108642578
2015-02-27,60.68830108642578
2015-03-02,60.82669448852539
2015-03-03,60.492889404296875
2015-03-04,60.313785552978516
2015-03-05,60.24050521850586
2015-03-06,59.45075607299805
2015-03-09,59.7601432800293
2015-03-10,58.55516815185547
2015-03-11,58.62029266357422
2015-03-12,59.2553596496582
2015-03-13,58.93783950805664
2015-03-16,59.63801956176758
2015-03-17,59.475181579589844
2015-03-18,60.5173225402832
2015-03-19,59.996246337890625
2015-03-20,60.90811538696289
2015-03-23,61.13608932495117
2015-03-24,60.90811538696289
2015-03-25,60.419620513916016
2015-03-26,59.71128845214844
2015-03-27,59.75198745727539
2015-03-30,59.92295837402344
2015-03-31,59.81711959838867
2015-04-01,59.57289123535156
2015-04-02,59.971832275390625
2015-04-06,60.72899627685547
2015-04-07,60.346343994140625
2015-04-08,60.5173225402832
2015-04-09,60.4603157043457
2015-04-10,60.9976921081543
2015-04-13,60.65571975708008
2015-04-14,60.891845703125
2015-04-15,60.93254089355469
2015-04-16,61.05466842651367
2015-04-17,60.40334701538086
2015-04-20,61.062808990478516
2015-04-21,60.83485412597656
2015-04-22,61.03839111328125
2015-04-23,61.30706787109375
2015-04-24,61.56758499145508
2015-04-27,61.502471923828125
2015-04-28,61.608314514160156
2015-04-29,61.16865158081055
2015-04-30,60.883689880371094
2015-05-01,61.103515625
2015-05-04,61.73855972290039
2015-05-05,60.948829650878906
2015-05-06,60.66385269165039
2015-05-07,60.891845703125
2015-05-08,61.72229766845703
2015-05-11,61.616455078125
2015-05-12,61.27449035644531
2015-05-13,61.657169342041016
2015-05-14,62.113094329833984
2015-05-15,62.26778793334961
2015-05-18,61.7467155456543
2015-05-19,62.870277404785156
2015-05-20,62.36549758911133
2015-05-21,62.53646469116211
2015-05-22,62.42247772216797
2015-05-26,61.518733978271484
2015-05-27,61.96653747558594
2015-05-28,61.616455078125
2015-05-29,61.14423370361328
2015-06-01,61.421051025390625
2015-06-02,61.63275146484375
2015-06-03,61.518733978271484
2015-06-04,60.90811538696289
2015-06-05,60.842994689941406
2015-06-08,60.4359016418457
2015-06-09,60.501041412353516
2015-06-10,61.421051025390625
2015-06-11,61.48617935180664
2015-06-12,61.062808990478516
2015-06-15,60.72899627685547
2015-06-16,60.87554168701172
2015-06-17,61.07095718383789
2015-06-18,60.9732551574707
2015-06-19,61.372196197509766
2015-06-22,61.445491790771484
2015-06-23,61.54316711425781
2015-06-24,61.030242919921875
2015-06-25,60.93632888793945
2015-06-26,61.158782958984375
2015-06-29,59.510963439941406
2015-06-30,59.48625564575195
2015-07-01,59.972354888916016
2015-07-02,60.09593963623047
2015-07-06,59.32145309448242
2015-07-07,59.527435302734375
2015-07-08,57.91257858276367
2015-07-09,59.04957580566406
2015-07-10,60.15361785888672
2015-07-13,60.21128463745117
2015-07-14,60.73035430908203
2015-07-15,60.73858642578125
2015-07-16,61.216453552246094
2015-07-17,61.19997787475586
2015-07-20,61.04342269897461
2015-07-21,60.911617279052734
2015-07-22,60.59029769897461
2015-07-23,60.80451202392578
2015-07-24,60.05475616455078
2015-07-27,59.46976852416992
2015-07-28,60.5326042175293
2015-07-29,60.8456916809082
2015-07-30,60.928077697753906
2015-07-31,61.051666259765625
2015-08-03,60.853939056396484
2015-08-04,60.80451202392578
2015-08-05,61.035186767578125
2015-08-06,60.38429641723633
2015-08-07,60.48316955566406
2015-08-10,60.95280838012695
2015-08-11,60.60676193237305
2015-08-12,60.10417556762695
2015-08-13,60.05475616455078
2015-08-14,60.11241149902344
2015-08-17,60.2607307434082
2015-08-18,60.334877014160156
2015-08-19,59.65926742553711
2015-08-20,58.24213790893555
2015-08-21,56.48722457885742
2015-08-24,54.33680725097656
2015-08-25,54.69109344482422
2015-08-26,56.099971771240234
2015-08-27,57.55829620361328
2015-08-28,57.574771881103516
2015-08-31,57.03923797607422
2015-09-01,55.34198760986328
2015-09-02,56.215335845947266
2015-09-03,56.124691009521484
2015-09-04,55.111289978027344
2015-09-08,56.783817291259766
2015-09-09,56.02583694458008
2015-09-10,56.14117431640625
2015-09-11,56.099971771240234
2015-09-14,55.99287033081055
2015-09-15,56.536643981933594
2015-09-16,57.11339569091797
2015-09-17,57.12163162231445
2015-09-18,56.15766143798828
2015-09-21,56.10821533203125
2015-09-22,55.18543243408203
2015-09-23,55.201908111572266
2015-09-24,55.21015167236328
2015-09-25,55.663299560546875
2015-09-28,53.7518310546875
2015-09-29,53.57057571411133
2015-09-30,55.01241683959961
2015-10-01,55.06185531616211
2015-10-02,55.50677490234375
2015-10-05,57.07219696044922
2015-10-06,56.948612213134766
2015-10-07,57.44295883178711
2015-10-08,57.5335807800293
2015-10-09,57.69011688232422
2015-10-12,57.66541290283203
2015-10-13,57.11339569091797
2015-10-14,57.302886962890625
2015-10-15,58.24213790893555
2015-10-16,58.24213790893555
2015-10-19,58.1350212097168
2015-10-20,58.20920181274414
2015-10-21,57.6818962097168
2015-10-22,58.546974182128906
2015-10-23,58.950706481933594
2015-10-26,58.901268005371094
2015-10-27,58.810646057128906
2015-10-28,58.95895004272461
2015-10-29,59.38737869262695
2015-10-30,58.84360122680664
2015-11-02,59.32970428466797
2015-11-03,59.510963439941406
2015-11-04,59.28026580810547
2015-11-05,59.50273895263672
2015-11-06,59.140201568603516
2015-11-09,58.522274017333984
2015-11-10,58.637630462646484
2015-11-11,58.57168960571289
2015-11-12,57.8466682434082
2015-11-13,57.44295883178711
2015-11-16,58.3162841796875
2015-11-17,58.3822135925293
2015-11-18,58.92599105834961
2015-11-19,58.950706481933594
2015-11-20,59.181392669677734
2015-11-23,58.818870544433594
2015-11-24,59.08253860473633
2015-11-25,59.066062927246094
2015-11-27,58.88479995727539
2015-11-30,59.00837326049805
2015-12-01,59.370887756347656
2015-12-02,59.066062927246094
2015-12-03,58.50578308105469
2015-12-04,59.3791389465332
2015-12-07,58.92599105834961
2015-12-08,58.36571502685547
2015-12-09,58.02791976928711
2015-12-10,58.06087875366211
2015-12-11,56.95683670043945
2015-12-14,57.12163162231445
2015-12-15,57.62419891357422
2015-12-16,58.3162841796875
2015-12-17,57.6818962097168
2015-12-18,56.92388916015625
2015-12-21,57.172935485839844
2015-12-22,57.731014251708984
2015-12-23,58.63890838623047
2015-12-24,58.305747985839844
2015-12-28,58.37236404418945
2015-12-29,58.972084045410156
2015-12-30,58.3140754699707
2015-12-31,57.97254180908203
2016-01-04,57.139610290527344
2016-01-05,56.73980712890625
2016-01-06,56.08179473876953
2016-01-07,54.26597595214844
2016-01-08,53.9827766418457
2016-01-11,54.06607437133789
2016-01-12,54.374267578125
2016-01-13,53.23313903808594
2016-01-14,54.15769577026367
2016-01-15,52.4251823425293
2016-01-19,52.74169921875
2016-01-20,52.05036544799805
2016-01-21,52.22527313232422
2016-01-22,53.46636199951172
2016-01-25,52.65007781982422
2016-01-26,53.591285705566406
2016-01-27,53.141510009765625
2016-01-28,53.36640930175781
2016-01-29,54.432559967041016
2016-02-01,54.465877532958984
2016-02-02,53.34142303466797
2016-02-03,53.71623611450195
2016-02-04,53.77454376220703
2016-02-05,52.75835418701172
2016-02-08,51.98373031616211
2016-02-09,51.48396682739258
2016-02-10,51.542274475097656
2016-02-11,50.992530822753906
2016-02-12,51.75050354003906
2016-02-16,52.91661834716797
2016-02-17,53.741233825683594
2016-02-18,53.73289108276367
2016-02-19,53.56630325317383
2016-02-22,54.14937210083008
2016-02-23,53.433048248291016
2016-02-24,53.58296585083008
2016-02-25,54.24931716918945
2016-02-26,54.207679748535156
2016-02-29,54.11605453491211
2016-03-01,55.38211441040039
2016-03-02,55.63199996948242
2016-03-03,55.948524475097656
2016-03-04,56.47325897216797
2016-03-07,56.273353576660156
2016-03-08,55.63199996948242
2016-03-09,56.05680847167969
2016-03-10,55.84023666381836
2016-03-11,57.15627670288086
2016-03-14,56.939727783203125
2016-03-15,56.798118591308594
2016-03-16,57.20625686645508
2016-03-17,57.54776382446289
2016-03-18,57.57275390625
2016-03-21,57.59774398803711
2016-03-22,57.64771270751953
2016-03-23,56.94804382324219
2016-03-24,57.031349182128906
2016-03-28,57.19792175292969
2016-03-29,57.755985260009766
2016-03-30,58.1058464050293
2016-03-31,57.78099060058594
2016-04-01,57.639373779296875
2016-04-04,57.489444732666016
2016-04-05,56.698158264160156
2016-04-06,57.54776382446289
2016-04-07,56.748130798339844
2016-04-08,57.4311408996582
2016-04-11,57.1812629699707
2016-04-12,57.822628021240234
2016-04-13,58.69721221923828
2016-04-14,58.73054885864258
2016-04-15,58.54729080200195
2016-04-18,58.9221076965332
2016-04-19,59.538475036621094
2016-04-20,59.696739196777344
2016-04-21,59.221981048583984
2016-04-22,59.46350860595703
2016-04-25,59.09702682495117
2016-04-26,59.213619232177734
2016-04-27,59.363555908203125
2016-04-28,58.77216720581055
2016-04-29,58.397361755371094
2016-05-02,59.1719856262207
2016-05-03,58.37236404418945
2016-05-04,57.689369201660156
2016-05-05,57.74766540527344
2016-05-06,57.689369201660156
2016-05-09,57.97254180908203
2016-05-10,58.60560607910156
2016-05-11,58.06418228149414
2016-05-12,58.197444915771484
2016-05-13,57.50611877441406
2016-05-16,58.41400909423828
2016-05-17,57.64771270751953
2016-05-18,57.76431655883789
2016-05-19,57.531089782714844
2016-05-20,57.8559455871582
2016-05-23,57.822628021240234
2016-05-24,58.47233200073242
2016-05-25,59.038719177246094
2016-05-26,58.90544891357422
2016-05-27,58.997074127197266
2016-05-31,58.87214279174805
2016-06-01,58.96375274658203
2016-06-02,59.02206802368164
2016-06-03,59.27194595336914
2016-06-06,59.438533782958984
2016-06-07,59.705074310302734
2016-06-08,59.99658203125
2016-06-09,59.488502502441406
2016-06-10,58.463993072509766
2016-06-13,58.08917999267578
2016-06-14,57.63105392456055
2016-06-15,57.78099060058594
2016-06-16,57.86427688598633
2016-06-17,58.00587844848633
2016-06-20,58.84716033935547
2016-06-21,59.038719177246094
2016-06-22,58.95359420776367
2016-06-23,60.226226806640625
2016-06-24,56.86347198486328
2016-06-27,55.5908317565918
2016-06-28,56.67803955078125
2016-06-29,57.925384521484375
2016-06-30,58.431060791015625
2016-07-01,58.59119415283203
2016-07-05,57.900089263916016
2016-07-06,58.034950256347656
2016-07-07,57.900089263916016
2016-07-08,58.793479919433594
2016-07-11,59.2064208984375
2016-07-12,59.89752960205078
2016-07-13,59.973384857177734
2016-07-14,60.226226806640625
2016-07-15,60.04924011230469
2016-07-18,60.184078216552734
2016-07-19,60.09980773925781
2016-07-20,60.276790618896484
2016-07-21,60.226226806640625
2016-07-22,60.36949157714844
2016-07-25,60.310508728027344
2016-07-26,60.420066833496094
2016-07-27,60.234657287597656
2016-07-28,60.512779235839844
2016-07-29,60.85832214355469
2016-08-01,60.58861541748047
2016-08-02,60.32734680175781
2016-08-03,60.1756477355957
2016-08-04,60.32734680175781
2016-08-05,60.75718307495117
2016-08-08,60.892024993896484
2016-08-09,61.16172790527344
2016-08-10,61.010032653808594
2016-08-11,61.49882888793945
2016-08-12,61.46511459350586
2016-08-15,61.63368606567383
2016-08-16,61.45671081542969
2016-08-17,61.51569747924805
2016-08-18,61.68425750732422
2016-08-19,61.46511459350586
2016-08-22,61.3555793762207
2016-08-23,61.66741180419922
2016-08-24,61.397708892822266
2016-08-25,61.111148834228516
2016-08-26,60.9847412109375
2016-08-29,61.304996490478516
2016-08-30,61.170143127441406
2016-08-31,61.06058883666992
2016-09-01,61.22071838378906
2016-09-02,61.5831298828125
2016-09-06,62.0129508972168
2016-09-07,61.962379455566406
2016-09-08,61.84437561035156
2016-09-09,60.34419631958008
2016-09-12,61.06058883666992
2016-09-13,59.922828674316406
2016-09-14,59.90596389770508
2016-09-15,60.276790618896484
2016-09-16,60.09137725830078
2016-09-19,60.1756477355957
2016-09-20,60.00709915161133
2016-09-21,61.10272216796875
2016-09-22,61.48198318481445
2016-09-23,61.08586883544922
2016-09-26,60.521209716796875
2016-09-27,60.86675262451172
2016-09-28,61.26286697387695
2016-09-29,60.72346115112305
2016-09-30,61.23759078979492
2016-10-03,60.95102310180664
2016-10-04,60.90046691894531
2016-10-05,61.15328598022461
2016-10-06,60.87517166137695
2016-10-07,60.672908782958984
2016-10-10,61.03530502319336
2016-10-11,60.21779251098633
2016-10-12,60.1756477355957
2016-10-13,60.00709915161133
2016-10-14,59.94809341430664
2016-10-17,59.846954345703125
2016-10-18,60.36949157714844
2016-10-19,60.521209716796875
2016-10-20,60.49591827392578
2016-10-21,60.38636016845703
2016-10-24,60.53804397583008
2016-10-25,60.48747253417969
2016-10-26,60.251502990722656
2016-10-27,60.133506774902344
2016-10-28,60.116661071777344
2016-10-31,59.939666748046875
2016-11-01,59.68683624267578
2016-11-02,59.26542663574219
2016-11-03,58.978878021240234
2016-11-04,58.785037994384766
2016-11-07,60.03237533569336
2016-11-08,60.116661071777344
2016-11-09,60.420066833496094
2016-11-10,60.42848205566406
2016-11-11,60.200927734375
2016-11-14,60.12508010864258
2016-11-15,60.394771575927734
2016-11-16,60.15879821777344
2016-11-17,60.58018112182617
2016-11-18,60.293636322021484
2016-11-21,60.76560592651367
2016-11-22,60.77403259277344
2016-11-23,60.748748779296875
2016-11-25,60.95102310180664
2016-11-28,60.80775451660156
2016-11-29,61.09429168701172
2016-11-30,60.94259262084961
2016-12-01,60.748748779296875
2016-12-02,60.84989929199219
2016-12-05,61.07743835449219
2016-12-06,61.38926696777344
2016-12-07,62.26580047607422
2016-12-08,62.3922004699707
2016-12-09,62.53546905517578
2016-12-12,62.501773834228516
2016-12-13,63.03273010253906
2016-12-14,62.3922004699707
2016-12-15,62.54389953613281
2016-12-16,62.30793762207031
2016-12-19,62.49333572387695
2016-12-20,62.74617004394531
2016-12-21,62.59978103637695
2016-12-22,62.403987884521484
2016-12-23,62.64234161376953
2016-12-27,62.59978103637695
2016-12-28,62.276302337646484
2016-12-29,62.41249084472656
2016-12-30,62.20819854736328
2017-01-03,62.78702163696289
2017-01-04,63.32332229614258
2017-01-05,63.5361213684082
2017-01-06,63.663787841796875
2017-01-09,63.348846435546875
2017-01-10,63.4424934387207
2017-01-11,63.485042572021484
2017-01-12,63.612754821777344
2017-01-13,63.791507720947266
2017-01-17,63.612754821777344
2017-01-18,63.45100402832031
2017-01-19,63.391395568847656
2017-01-20,63.5361213684082
2017-01-23,63.553157806396484
2017-01-24,63.92770004272461
2017-01-25,64.41290283203125
2017-01-26,64.37033081054688
2017-01-27,64.3192367553711
2017-01-30,63.90216064453125
2017-01-31,63.936214447021484
2017-02-01,64.04688262939453
2017-02-02,64.06389617919922
2017-02-03,64.34478759765625
2017-02-06,64.20008087158203
2017-02-07,64.17453002929688
2017-02-08,64.28518676757812
2017-02-09,64.5235595703125
2017-02-10,64.68528747558594
2017-02-13,65.000244140625
2017-02-14,65.23008728027344
2017-02-15,65.35777282714844
2017-02-16,65.51949310302734
2017-02-17,65.45142364501953
2017-02-21,65.71528625488281
2017-02-22,65.77487182617188
2017-02-23,65.71528625488281
2017-02-24,65.71528625488281
2017-02-27,65.75782775878906
2017-02-28,65.61312866210938
2017-03-01,66.31114959716797
2017-03-02,65.88554382324219
2017-03-03,66.10684967041016
2017-03-06,65.89404296875
2017-03-07,65.68124389648438
2017-03-08,65.4769287109375
2017-03-09,65.55355834960938
2017-03-10,65.92807006835938
2017-03-13,66.20047760009766
2017-03-14,65.67271423339844
2017-03-15,66.39627075195312
2017-03-16,66.65164947509766
2017-03-17,66.49842834472656
2017-03-20,66.42179870605469
2017-03-21,65.7067642211914
2017-03-22,66.07279968261719
2017-03-23,65.87703704833984
2017-03-24,65.97064208984375
2017-03-27,65.9195785522461
2017-03-28,66.44734954833984
2017-03-29,66.38774871826172
2017-03-30,66.5239486694336
2017-03-31,66.2856216430664
2017-04-03,66.26006317138672
2017-04-04,66.15791320800781
2017-04-05,66.04725646972656
2017-04-06,66.08130645751953
2017-04-07,66.10684967041016
2017-04-10,66.1238784790039
2017-04-11,66.24304962158203
2017-04-12,66.04725646972656
2017-04-13,65.52800750732422
2017-04-17,66.01321411132812
2017-04-18,65.76634979248047
2017-04-19,65.7067642211914
2017-04-20,66.10684967041016
2017-04-21,66.03874206542969
2017-04-24,67.14535522460938
2017-04-25,67.56246948242188
2017-04-26,67.46031951904297
2017-04-27,67.40924072265625
2017-04-28,67.4007339477539
2017-05-01,67.60502624511719
2017-05-02,67.63908386230469
2017-05-03,67.57949829101562
2017-05-04,67.80079650878906
2017-05-05,68.16683959960938
2017-05-08,68.04769897460938
2017-05-09,68.01363372802734
2017-05-10,68.04769897460938
2017-05-11,67.90296173095703
2017-05-12,67.95404052734375
2017-05-15,68.39665985107422
2017-05-16,68.5669174194336
2017-05-17,67.47733306884766
2017-05-18,67.59651184082031
2017-05-19,68.17533874511719
2017-05-22,68.64351654052734
2017-05-23,68.51585388183594
2017-05-24,68.82229614257812
2017-05-25,68.84782409667969
2017-05-26,68.84782409667969
2017-05-30,68.94998931884766
2017-05-31,68.80525970458984
2017-06-01,69.34154510498047
2017-06-02,69.68204498291016
2017-06-05,69.4607162475586
2017-06-06,69.31600952148438
2017-06-07,69.35005950927734
2017-06-08,69.38410186767578
2017-06-09,69.2649154663086
2017-06-12,69.1372299194336
2017-06-13,69.52030181884766
2017-06-14,69.34154510498047
2017-06-15,68.96698760986328
2017-06-16,69.35856628417969
2017-06-19,69.79269409179688
2017-06-20,69.18470001220703
2017-06-21,69.06429290771484
2017-06-22,69.06429290771484
2017-06-23,69.28788757324219
2017-06-26,69.35670471191406
2017-06-27,69.06429290771484
2017-06-28,69.5716781616211
2017-06-29,69.05570220947266
2017-06-30,69.08149719238281
2017-07-03,69.11590576171875
2017-07-05,69.16749572753906
2017-07-06,68.7203140258789
2017-07-07,69.02128601074219
2017-07-10,69.14169311523438
2017-07-11,69.17609405517578
2017-07-12,69.62328338623047
2017-07-13,69.8726806640625
2017-07-14,70.23387145996094
2017-07-17,70.08766174316406
2017-07-18,70.23387145996094
2017-07-19,70.56924438476562
2017-07-20,70.74984741210938
2017-07-21,70.45744323730469
2017-07-24,70.42304992675781
2017-07-25,70.68964385986328
2017-07-26,70.86165618896484
2017-07-27,70.62942504882812
2017-07-28,70.71544647216797
2017-07-31,70.75846099853516
2017-08-01,71.17123413085938
2017-08-02,70.99922943115234
2017-08-03,70.96483612060547
2017-08-04,71.05084991455078
2017-08-07,71.1368408203125
2017-08-08,70.8702392578125
2017-08-09,70.82726287841797
2017-08-10,69.82107543945312
2017-08-11,69.71790313720703
2017-08-14,70.4144515991211
2017-08-15,70.30266571044922
2017-08-16,70.54345703125
2017-08-17,69.61468505859375
2017-08-18,69.6404800415039
2017-08-21,69.61468505859375
2017-08-22,70.2596664428711
2017-08-23,70.13066101074219
2017-08-24,69.97588348388672
2017-08-25,70.1650619506836
2017-08-28,70.17366027832031
2017-08-29,70.19944763183594
2017-08-30,70.2596664428711
2017-08-31,70.81864166259766
2017-09-01,70.87883758544922
2017-09-05,70.45744323730469
2017-09-06,70.70685577392578
2017-09-07,70.99922943115234
2017-09-08,70.93043518066406
2017-09-11,71.618408203125
2017-09-12,71.74742126464844
2017-09-13,71.69583129882812
2017-09-14,71.78180694580078
2017-09-15,71.84202575683594
2017-09-18,71.90220642089844
2017-09-19,72.02261352539062
2017-09-20,72.15159606933594
2017-09-21,71.88500213623047
2017-09-22,72.10000610351562
2017-09-25,71.83341217041016
2017-09-26,71.77320861816406
2017-09-27,72.11720275878906
2017-09-28,72.03121185302734
2017-09-29,72.31499481201172
2017-10-02,72.5987777709961
2017-10-03,72.68477630615234
2017-10-04,72.78797149658203
2017-10-05,73.04597473144531
2017-10-06,72.86537170410156
2017-10-09,72.76217651367188
2017-10-10,73.11475372314453
2017-10-11,73.35557556152344
2017-10-12,73.31255340576172
2017-10-13,73.49314880371094
2017-10-16,73.52754211425781
2017-10-17,73.5361557006836
2017-10-18,73.5877456665039
2017-10-19,73.6049575805664
2017-10-20,73.75114440917969
2017-10-23,73.69095611572266
2017-10-24,73.67375946044922
2017-10-25,73.2867431640625
2017-10-26,73.40715789794922
2017-10-27,73.67375946044922
2017-10-30,73.63075256347656
2017-10-31,73.85433197021484
2017-11-01,73.8629379272461
2017-11-02,74.0263442993164
2017-11-03,74.00053405761719
2017-11-06,74.2843246459961
2017-11-07,74.1295166015625
2017-11-08,74.37033081054688
2017-11-09,73.94034576416016
2017-11-10,73.92313385009766
2017-11-13,73.77694702148438
2017-11-14,73.6135482788086
2017-11-15,73.3211669921875
2017-11-16,73.94034576416016
2017-11-17,73.76835632324219
2017-11-20,73.88016510009766
2017-11-21,74.34452056884766
2017-11-22,74.37891387939453
2017-11-24,74.71431732177734
2017-11-27,74.50791931152344
2017-11-28,75.07549285888672
2017-11-29,74.89490509033203
2017-11-30,75.29908752441406
2017-12-01,75.17009735107422
2017-12-04,74.98091888427734
2017-12-05,74.80889892578125
2017-12-06,74.79171752929688
2017-12-07,74.9723129272461
2017-12-08,75.31629943847656
2017-12-11,75.43669128417969
2017-12-12,75.68608856201172
2017-12-13,75.67747497558594
2017-12-14,75.49688720703125
2017-12-15,75.63449096679688
2017-12-18,76.35687255859375
2017-12-19,76.21363830566406
2017-12-20,76.1094741821289
2017-12-21,76.30911254882812
2017-12-22,76.47404479980469
2017-12-26,76.3872299194336
2017-12-27,76.49140167236328
2017-12-28,76.63030242919922
2017-12-29,76.48271942138672
2018-01-02,77.0643081665039
2018-01-03,77.52435302734375
2018-01-04,77.87156677246094
2018-01-05,78.48787689208984
2018-01-08,78.29691314697266
2018-01-09,78.47920989990234
2018-01-10,78.29691314697266
2018-01-11,78.84380340576172
2018-01-12,79.5555648803711
2018-01-16,79.41669464111328
2018-01-17,79.89411163330078
2018-01-18,79.74655151367188
2018-01-19,80.11111450195312
2018-01-22,80.66665649414062
2018-01-23,80.92706298828125
2018-01-24,81.08332824707031
2018-01-25,80.97047424316406
2018-01-26,81.65624237060547
2018-01-29,81.13539123535156
2018-01-30,80.3107681274414
2018-01-31,80.44964599609375
2018-02-01,80.44095611572266
2018-02-02,78.74830627441406
2018-02-05,75.43241119384766
2018-02-06,76.838623046875
2018-02-07,76.3004379272461
2018-02-08,73.80917358398438
2018-02-09,74.78137969970703
2018-02-12,75.63203430175781
2018-02-13,75.76225280761719
2018-02-14,76.9775161743164
2018-02-15,77.68061065673828
2018-02-16,77.8542251586914
2018-02-20,77.2552719116211
2018-02-21,76.77786254882812
2018-02-22,76.98619842529297
2018-02-23,78.07123565673828
2018-02-26,78.80907440185547
2018-02-27,77.66325378417969
2018-02-28,76.94279479980469
2018-03-01,75.92717742919922
2018-03-02,76.17021942138672
2018-03-05,76.96015167236328
2018-03-06,77.16847229003906
2018-03-07,77.19451904296875
2018-03-08,77.4722900390625
2018-03-09,78.36636352539062
2018-03-12,78.44448852539062
2018-03-13,77.89764404296875
2018-03-14,77.776123046875
2018-03-15,77.69796752929688
2018-03-16,77.70664978027344
2018-03-19,76.8472900390625
2018-03-20,76.89937591552734
2018-03-21,76.89937591552734
2018-03-22,75.1893539428711
2018-03-23,73.99143981933594
2018-03-26,75.65808868408203
2018-03-27,74.51226806640625
2018-03-28,74.61643981933594
2018-03-29,75.63203430175781
2018-04-02,74.03486633300781
2018-04-03,74.7553482055664
2018-04-04,75.31954956054688
2018-04-05,75.92717742919922
2018-04-06,74.79005432128906
2018-04-09,75.21540069580078
2018-04-10,76.3004379272461
2018-04-11,75.92717742919922
2018-04-12,76.41329193115234
2018-04-13,76.21363830566406
2018-04-16,76.70840454101562
2018-04-17,77.42021942138672
2018-04-18,77.59379577636719
2018-04-19,77.151123046875
2018-04-20,76.6216049194336
2018-04-23,76.56953430175781
2018-04-24,75.87509155273438
2018-04-25,75.82301330566406
2018-04-26,76.56953430175781
2018-04-27,76.56084442138672
2018-04-30,76.19627380371094
2018-05-01,76.21363830566406
2018-05-02,75.80564880371094
2018-05-03,75.9098129272461
2018-05-04,76.4566879272461
2018-05-07,76.71708679199219
2018-05-08,76.64765167236328
2018-05-09,77.19451904296875
2018-05-10,77.82818603515625
2018-05-11,78.00178527832031
2018-05-14,78.1927719116211
2018-05-15,77.59379577636719
2018-05-16,77.83686065673828
2018-05-17,77.91497802734375
2018-05-18,77.66325378417969
2018-05-21,78.1233139038086
2018-05-22,78.03651428222656
2018-05-23,77.74137115478516
2018-05-24,77.59379577636719
2018-05-25,77.36811828613281
2018-05-29,76.2744140625
2018-05-30,77.24659729003906
2018-05-31,76.69973754882812
2018-06-01,77.53304290771484
2018-06-04,77.81082153320312
2018-06-05,77.8021469116211
2018-06-06,78.51392364501953
2018-06-07,78.26219177246094
2018-06-08,78.54866027832031
2018-06-11,78.75699615478516
2018-06-12,78.72227478027344
2018-06-13,78.51392364501953
2018-06-14,78.58338165283203
2018-06-15,78.44448852539062
2018-06-18,78.08857727050781
2018-06-19,77.71356201171875
2018-06-20,77.81895446777344
2018-06-21,77.36222839355469
2018-06-22,77.73110961914062
2018-06-25,76.71226501464844
2018-06-26,76.81765747070312
2018-06-27,76.15013885498047
2018-06-28,76.56295776367188
2018-06-29,76.81765747070312
2018-07-02,76.66835021972656
2018-07-03,76.36971282958984
2018-07-05,77.16899108886719
2018-07-06,77.7750473022461
2018-07-09,78.31079864501953
2018-07-10,78.60943603515625
2018-07-11,77.63451385498047
2018-07-12,78.3459243774414
2018-07-13,78.51280975341797
2018-07-16,78.337158203125
2018-07-17,78.58309173583984
2018-07-18,78.80267333984375
2018-07-19,78.43376159667969
2018-07-20,78.6621322631836
2018-07-23,78.6709213256836
2018-07-24,79.02224731445312
2018-07-25,79.63707733154297
2018-07-26,79.50531768798828
2018-07-27,79.11006927490234
2018-07-30,78.87293243408203
2018-07-31,79.12763214111328
2018-08-01,78.89928436279297
2018-08-02,79.074951171875
2018-08-03,79.29451751708984
2018-08-06,79.3735580444336
2018-08-07,79.69856262207031
2018-08-08,79.74246978759766
2018-08-09,79.45262145996094
2018-08-10,78.55673217773438
2018-08-13,78.30203247070312
2018-08-14,78.58309173583984
2018-08-15,77.87164306640625
2018-08-16,78.41622161865234
2018-08-17,78.69728088378906
2018-08-20,79.03104400634766
2018-08-21,79.39991760253906
2018-08-22,79.50531768798828
2018-08-23,79.28572845458984
2018-08-24,79.67221069335938
2018-08-27,80.42755126953125
2018-08-28,80.36605834960938
2018-08-29,80.80523681640625
2018-08-30,80.41878509521484
2018-08-31,80.03228759765625
2018-09-04,79.71611022949219
2018-09-05,79.32086181640625
2018-09-06,79.16278076171875
2018-09-07,78.76753234863281
2018-09-10,78.97830963134766
2018-09-11,79.26818084716797
2018-09-12,79.45262145996094
2018-09-13,79.97083282470703
2018-09-14,80.0235366821289
2018-09-17,79.74246978759766
2018-09-18,80.1904067993164
2018-09-19,80.4978256225586
2018-09-20,81.25316619873047
2018-09-21,81.24440002441406
2018-09-24,80.91938781738281
2018-09-25,80.84036254882812
2018-09-26,80.87548828125
2018-09-27,80.84036254882812
2018-09-28,80.62956237792969
2018-10-01,80.91938781738281
2018-10-02,80.56808471679688
2018-10-03,80.70861053466797
2018-10-04,79.81271362304688
2018-10-05,79.49652862548828
2018-10-08,79.15398406982422
2018-10-09,79.01345825195312
2018-10-10,76.97577667236328
2018-10-11,75.42991638183594
2018-10-12,76.27311706542969
2018-10-15,75.8251724243164
2018-10-16,77.35345458984375
2018-10-17,77.16020965576172
2018-10-18,76.06231689453125
2018-10-19,76.16771697998047
2018-10-22,75.98326110839844
2018-10-23,75.35087585449219
2018-10-24,73.14629364013672
2018-10-25,74.32324981689453
2018-10-26,73.29559326171875
2018-10-29,72.95305633544922
2018-10-30,73.99826049804688
2018-10-31,74.87657928466797
2018-11-01,75.59679412841797
2018-11-02,75.34209442138672
2018-11-05,75.68463897705078
2018-11-06,76.03596496582031
2018-11-07,77.41493225097656
2018-11-08,76.9230728149414
2018-11-09,76.4839096069336
2018-11-12,74.9205093383789
2018-11-13,75.11373138427734
2018-11-14,74.66578674316406
2018-11-15,75.2366943359375
2018-11-16,75.4123764038086
2018-11-19,74.44620513916016
2018-11-20,73.11116790771484
2018-11-21,73.73474884033203
2018-11-23,73.14629364013672
2018-11-26,74.04217529296875
2018-11-27,74.16515350341797
2018-11-28,75.79882049560547
2018-11-29,75.5704574584961
2018-11-30,75.71977233886719
2018-12-03,76.72103881835938
2018-12-04,74.38471221923828
2018-12-06,74.1475830078125
2018-12-07,72.82132720947266
2018-12-10,72.67201232910156
2018-12-11,72.59296417236328
2018-12-12,73.3746566772461
2018-12-13,73.22534942626953
2018-12-14,71.96935272216797
2018-12-17,70.84510040283203
2018-12-18,70.87256622314453
2018-12-19,70.07514953613281
2018-12-20,69.05623626708984
2018-12-21,67.798095703125
2018-12-24,66.48677825927734
2018-12-26,68.6663818359375
2018-12-27,69.3486328125
2018-12-28,69.45501708984375
2018-12-31,69.93385314941406
2019-01-02,69.94271087646484
2019-01-03,68.77225494384766
2019-01-04,70.8648681640625
2019-01-07,71.19293975830078
2019-01-08,71.89344787597656
2019-01-09,72.39000701904297
2019-01-10,72.71806335449219
2019-01-11,72.50526428222656
2019-01-14,72.23925018310547
2019-01-15,72.89541625976562
2019-01-16,72.96636962890625
2019-01-17,73.489501953125
2019-01-18,74.29639434814453
2019-01-22,73.27670288085938
2019-01-23,73.4451675415039
2019-01-24,73.58702850341797
2019-01-25,74.3407211303711
2019-01-28,73.79098510742188
2019-01-29,73.91511535644531
2019-01-30,74.82841491699219
2019-01-31,75.33381652832031
2019-02-01,75.30723571777344
2019-02-04,75.75945281982422
2019-02-05,76.17620086669922
2019-02-06,75.97225952148438
2019-02-07,75.19197082519531
2019-02-08,75.12102508544922
2019-02-11,75.11214447021484
2019-02-12,76.06978607177734
2019-02-13,76.24710845947266
2019-02-14,76.14073944091797
2019-02-15,77.08949279785156
2019-02-19,77.27568817138672
2019-02-20,77.49736785888672
2019-02-21,77.26683044433594
2019-02-22,77.7013168334961
2019-02-25,77.8697738647461
2019-02-26,77.95845794677734
2019-02-27,77.76339721679688
2019-02-28,77.57717895507812
2019-03-01,78.0914535522461
2019-03-04,77.75450897216797
2019-03-05,77.75450897216797
2019-03-06,77.34663391113281
2019-03-07,76.58406066894531
2019-03-08,76.46879577636719
2019-03-11,77.47077178955078
2019-03-12,77.62152099609375
2019-03-13,78.24219512939453
2019-03-14,78.10032653808594
2019-03-15,78.69441986083984
2019-03-18,79.00476837158203
2019-03-19,79.03136444091797
2019-03-20,78.87174987792969
2019-03-21,79.43036651611328
2019-03-22,77.8786392211914
2019-03-25,77.88751983642578
2019-03-26,78.41065979003906
2019-03-27,78.13580322265625
2019-03-28,78.30426788330078
2019-03-29,78.72988891601562
2019-04-01,79.64318084716797
2019-04-02,79.66976928710938
2019-04-03,79.98011779785156
2019-04-04,80.05106353759766
2019-04-05,80.3525390625
2019-04-08,80.44120788574219
2019-04-09,79.98011779785156
2019-04-10,80.26387023925781
2019-04-11,80.22842407226562
2019-04-12,80.75155639648438
2019-04-15,80.73381805419922
2019-04-16,80.79588317871094
2019-04-17,80.75155639648438
2019-04-18,80.87569427490234
2019-04-22,80.88455963134766
2019-04-23,81.31017303466797
2019-04-24,81.02642059326172
2019-04-25,80.96436309814453
2019-04-26,81.3367919921875
2019-04-29,81.46977996826172
2019-04-30,81.65599060058594
2019-05-01,80.96436309814453
2019-05-02,80.83136749267578
2019-05-03,81.69145965576172
2019-05-06,81.16829681396484
2019-05-07,79.7939224243164
2019-05-08,79.76731872558594
2019-05-09,79.41263580322266
2019-05-10,79.75845336914062
2019-05-13,77.96732330322266
2019-05-14,78.65894317626953
2019-05-15,79.13776397705078
2019-05-16,79.76731872558594
2019-05-17,79.35945129394531
2019-05-20,78.80082702636719
2019-05-21,79.43923950195312
2019-05-22,79.20868682861328
2019-05-23,78.2865219116211
2019-05-24,78.71214294433594
2019-05-28,78.03826141357422
2019-05-29,77.4530258178711
2019-05-30,77.7013168334961
2019-05-31,76.92988586425781
2019-06-03,76.73481750488281
2019-06-04,78.268798828125
2019-06-05,78.66781616210938
2019-06-06,79.00476837158203
2019-06-07,79.99785614013672
2019-06-10,80.40575408935547
2019-06-11,80.29047393798828
2019-06-12,80.12199401855469
2019-06-13,80.2550048828125
2019-06-14,80.02445983886719
2019-06-17,79.99209594726562
2019-06-18,80.90886688232422
2019-06-19,81.26838684082031
2019-06-20,82.03235626220703
2019-06-21,81.78968811035156
2019-06-24,81.81664276123047
2019-06-25,81.14254760742188
2019-06-26,81.14254760742188
2019-06-27,81.36723327636719
2019-06-28,81.80765533447266
2019-07-01,82.3739013671875
2019-07-02,82.6345443725586
2019-07-03,83.20977783203125
2019-07-05,83.00304412841797
2019-07-08,82.59857940673828
2019-07-09,82.50871276855469
2019-07-10,82.91316986083984
2019-07-11,83.1019058227539
2019-07-12,83.34458923339844
2019-07-15,83.29964447021484
2019-07-16,83.04798889160156
2019-07-17,82.75138092041016
2019-07-18,82.90415954589844
2019-07-19,82.57162475585938
2019-07-22,82.8143081665039
2019-07-23,83.34458923339844
2019-07-24,83.6322021484375
2019-07-25,83.00304412841797
2019-07-26,83.6322021484375
2019-07-29,83.54229736328125
2019-07-30,83.00304412841797
2019-07-31,82.56262969970703
2019-08-01,81.64586639404297
2019-08-02,80.99876403808594
2019-08-05,78.92254638671875
2019-08-06,79.6146240234375
2019-08-07,80.05502319335938
2019-08-08,81.17851257324219
2019-08-09,80.73809051513672
2019-08-12,79.71347045898438
2019-08-13,80.81002044677734
2019-08-14,78.55404663085938
2019-08-15,78.73379516601562
2019-08-16,79.54270935058594
2019-08-19,80.35160827636719
2019-08-20,79.91122436523438
2019-08-21,80.6302490234375
2019-08-22,80.3875732421875
2019-08-23,78.66190338134766
2019-08-26,79.48877716064453
2019-08-27,79.30902099609375
2019-08-28,79.6146240234375
2019-08-29,80.54936218261719
2019-08-30,80.74708557128906
2019-09-03,80.25275421142578
2019-09-04,81.2054672241211
2019-09-05,82.12223052978516
2019-09-06,82.25704956054688
2019-09-09,82.28401184082031
2019-09-10,82.49072265625
2019-09-11,82.76036071777344
2019-09-12,83.20076751708984
2019-09-13,83.18278503417969
2019-09-16,82.94911193847656
2019-09-17,83.22772979736328
2019-09-18,83.28166961669922
2019-09-19,83.38052368164062
2019-09-20,83.02999114990234
2019-09-23,82.8862075805664
2019-09-24,82.39185333251953
2019-09-25,82.62556457519531
2019-09-26,82.67048645019531
2019-09-27,82.31097412109375
2019-09-30,82.49072265625
2019-10-01,81.6279067993164
2019-10-02,80.01007080078125
2019-10-03,80.801025390625
2019-10-04,81.60090637207031
2019-10-07,81.55599975585938
2019-10-08,80.3875732421875
2019-10-09,80.87291717529297
2019-10-10,81.58295440673828
2019-10-11,82.64350891113281
2019-10-14,82.49972534179688
2019-10-15,83.32660675048828
2019-10-16,83.1468505859375
2019-10-17,83.64116668701172
2019-10-18,83.2726821899414
2019-10-21,83.76701354980469
2019-10-22,83.39849853515625
2019-10-23,83.80296325683594
2019-10-24,84.02765655517578
2019-10-25,84.23438262939453
2019-10-28,84.57592010498047
2019-10-29,84.67477416992188
2019-10-30,84.9893569946289
2019-10-31,84.5938949584961
2019-11-01,85.48369598388672
2019-11-04,85.76232147216797
2019-11-05,85.78927612304688
2019-11-06,85.8162612915039
2019-11-07,85.97802734375
2019-11-08,86.06790924072266
2019-11-11,86.01398468017578
2019-11-12,86.14879608154297
2019-11-13,86.10385131835938
2019-11-14,85.98700714111328
2019-11-15,86.71503448486328
2019-11-18,86.63414764404297
2019-11-19,86.7060546875
2019-11-20,86.29261016845703
2019-11-21,86.07688903808594
2019-11-22,86.25663757324219
2019-11-25,86.93974304199219
2019-11-26,87.01163482666016
2019-11-27,87.49697875976562
2019-11-29,86.9666976928711
2019-12-02,86.41842651367188
2019-12-03,85.93309020996094
2019-12-04,86.51730346679688
2019-12-05,86.62515258789062
2019-12-06,87.27230072021484
2019-12-09,86.95771789550781
2019-12-10,86.9217529296875
2019-12-11,87.31723022460938
2019-12-12,87.85650634765625
2019-12-13,88.25196075439453
2019-12-16,88.96414947509766
2019-12-17,88.70104217529297
2019-12-18,88.64662170410156
2019-12-19,88.94599914550781
2019-12-20,89.37240600585938
2019-12-23,89.34519958496094
2019-12-24,89.39054870605469
2019-12-26,89.72623443603516
2019-12-27,89.88046264648438
2019-12-30,89.20909881591797
2019-12-31,89.61734771728516
2020-01-02,90.29779052734375
2020-01-03,89.53570556640625
2020-01-06,90.04376220703125
2020-01-07,89.80787658691406
2020-01-08,90.06190490722656
2020-01-09,90.57902526855469
2020-01-10,90.21614074707031
2020-01-13,90.79678344726562
2020-01-14,90.6153335571289
2020-01-15,90.74231719970703
2020-01-16,91.46812438964844
2020-01-17,91.77658081054688
2020-01-21,91.29574584960938
2020-01-22,91.45905303955078
2020-01-23,91.38648986816406
2020-01-24,90.77862548828125
2020-01-27,89.22724914550781
2020-01-28,90.05284118652344
2020-01-29,90.08004760742188
2020-01-30,90.21614074707031
2020-01-31,88.66474914550781
2020-02-03,89.14558410644531
2020-02-04,90.73326110839844
2020-02-05,91.5770034790039
2020-02-06,91.90361785888672
2020-02-07,91.29574584960938
2020-02-10,91.75846099853516
2020-02-11,92.18485260009766
2020-02-12,92.64753723144531
2020-02-13,92.34815979003906
2020-02-14,92.46610260009766
2020-02-18,92.20299530029297
2020-02-19,92.56588745117188
2020-02-20,92.17577362060547
2020-02-21,91.53163146972656
2020-02-24,88.35628509521484
2020-02-25,85.98839569091797
2020-02-26,85.73436737060547
2020-02-27,82.53179931640625
2020-02-28,81.35237884521484
2020-03-02,84.58216857910156
2020-03-03,82.67696380615234
2020-03-04,85.8250961303711
2020-03-05,83.22132110595703
2020-03-06,81.92395782470703
2020-03-09,75.13777923583984
2020-03-10,78.52179718017578
2020-03-11,74.61158752441406
2020-03-12,66.82743835449219
2020-03-13,72.2436752319336
2020-03-16,64.0240707397461
2020-03-17,67.65303039550781
2020-03-18,63.88798904418945
2020-03-19,64.36881256103516
2020-03-20,62.26401138305664
2020-03-23,61.13904571533203
2020-03-24,66.70042419433594
2020-03-25,67.8979721069336
2020-03-26,71.69026184082031
2020-03-27,69.51288604736328
2020-03-30,71.33643341064453
2020-03-31,70.70135498046875
2020-04-01,67.4988021850586
2020-04-02,68.88687896728516
2020-04-03,67.83447265625
2020-04-06,72.11666870117188
2020-04-07,72.2436752319336
2020-04-08,73.96742248535156
2020-04-09,75.3192367553711
2020-04-13,74.68415069580078
2020-04-14,76.56214904785156
2020-04-15,74.8293228149414
2020-04-16,75.0289077758789
2020-04-17,76.99762725830078
2020-04-20,75.89987182617188
2020-04-21,73.81320190429688
2020-04-22,75.27386474609375
2020-04-23,75.23757934570312
2020-04-24,76.07225036621094
2020-04-27,77.21536254882812
2020-04-28,77.26072692871094
2020-04-29,79.3020248413086
2020-04-30,78.34941864013672
2020-05-01,76.32625579833984
2020-05-04,76.48049926757812
2020-05-05,76.89781951904297
2020-05-06,76.3897705078125
2020-05-07,77.39681243896484
2020-05-08,78.93913269042969
2020-05-11,78.9844741821289
2020-05-12,77.50568389892578
2020-05-13,76.29904174804688
2020-05-14,76.66194915771484
2020-05-15,76.99762725830078
2020-05-18,79.48346710205078
2020-05-19,78.63065338134766
2020-05-20,80.07318115234375
2020-05-21,79.32923126220703
2020-05-22,79.34737396240234
2020-05-26,80.826171875
2020-05-27,81.99652862548828
2020-05-28,82.15076446533203
2020-05-29,82.2868423461914
2020-06-01,83.15780639648438
2020-06-02,83.9017333984375
2020-06-03,85.23538208007812
2020-06-04,84.90876007080078
2020-06-05,86.85028076171875
2020-06-08,87.9117431640625
2020-06-09,87.09522247314453
2020-06-10,86.7777099609375
2020-06-11,81.85137939453125
2020-06-12,83.03987121582031
2020-06-15,83.70793151855469
2020-06-16,85.1009292602539
2020-06-17,85.0184555053711
2020-06-18,84.95430755615234
2020-06-19,84.52356719970703
2020-06-22,85.22005462646484
2020-06-23,85.59580993652344
2020-06-24,83.38716888427734
2020-06-25,84.44110107421875
2020-06-26,82.62652587890625
2020-06-29,83.62545776367188
2020-06-30,84.44110107421875
2020-07-01,84.91764831542969
2020-07-02,85.55915832519531
2020-07-06,86.87883758544922
2020-07-07,85.97154235839844
2020-07-08,86.70470428466797
2020-07-09,86.12735748291016
2020-07-10,86.99796295166016
2020-07-13,86.218994140625
2020-07-14,87.41036987304688
2020-07-15,88.32681274414062
2020-07-16,87.923583984375
2020-07-17,88.20767974853516
2020-07-20,88.89500427246094
2020-07-21,89.06912994384766
2020-07-22,89.49986267089844
2020-07-23,88.49177551269531
2020-07-24,87.9419174194336
2020-07-27,88.78504180908203
2020-07-28,88.20767974853516
2020-07-29,89.23409271240234
2020-07-30,88.70256042480469
2020-07-31,88.57425689697266
2020-08-03,89.52735137939453
2020-08-04,89.94892883300781
2020-08-05,90.49879455566406
2020-08-06,90.87454223632812
2020-08-07,90.59043884277344
2020-08-10,90.856201171875
2020-08-11,90.48045349121094
2020-08-12,91.9559326171875
2020-08-13,91.86427307128906
2020-08-14,91.61685943603516
2020-08-17,92.2308578491211
2020-08-18,92.35001373291016
2020-08-19,91.92845916748047
2020-08-20,92.12089538574219
2020-08-21,92.1850357055664
2020-08-24,93.10147094726562
2020-08-25,93.3947525024414
2020-08-26,94.24703979492188
2020-08-27,94.12789916992188
2020-08-28,94.68693542480469
2020-08-31,94.35701751708984
2020-09-01,95.1634750366211
2020-09-02,96.26322174072266
2020-09-03,93.3305892944336
2020-09-04,92.69825744628906
2020-09-08,90.54461669921875
2020-09-09,92.203369140625
2020-09-10,90.8470230102539
2020-09-11,91.0853042602539
2020-09-14,92.2950210571289
2020-09-15,92.84487915039062
2020-09-16,92.54247283935547
2020-09-17,91.98343658447266
2020-09-18,91.1952896118164
2020-09-21,89.67398071289062
2020-09-22,90.27884674072266
2020-09-23,88.48262023925781
2020-09-24,88.68421936035156
2020-09-25,89.7748031616211
2020-09-28,91.2227783203125
2020-09-29,90.92034912109375
2020-09-30,91.20445251464844
2020-10-01,91.76348114013672
2020-10-02,91.09446716308594
2020-10-05,92.72575378417969
2020-10-06,91.61685943603516
2020-10-07,92.89070129394531
2020-10-08,93.57804107666016
2020-10-09,94.30203247070312
2020-10-12,95.49341583251953
2020-10-13,94.9160385131836
2020-10-14,94.32952117919922
2020-10-15,93.93545532226562
2020-10-16,94.04541778564453
2020-10-19,92.9181900024414
2020-10-20,93.33975982666016
2020-10-21,92.96402740478516
2020-10-22,93.33975982666016
2020-10-23,93.78881072998047
2020-10-26,92.0658950805664
2020-10-27,91.60768127441406
2020-10-28,88.61091613769531
2020-10-29,89.37155151367188
2020-10-30,88.46427917480469
2020-11-02,89.49986267089844
2020-11-03,91.41522979736328
2020-11-04,93.13813781738281
2020-11-05,95.10850524902344
2020-11-06,95.23680114746094
2020-11-09,96.67561340332031
2020-11-10,96.89556121826172
2020-11-11,97.57372283935547
2020-11-12,96.56564331054688
2020-11-13,97.76618957519531
2020-11-16,98.91175079345703
2020-11-17,98.64596557617188
2020-11-18,97.8028335571289
2020-11-19,98.3985366821289
2020-11-20,98.11442565917969
2020-11-23,98.48101043701172
2020-11-24,100.0389633178711
2020-11-25,99.95647430419922
2020-11-27,100.40553283691406
2020-11-30,99.83734893798828
2020-12-01,100.91874694824219
2020-12-02,101.01956176757812
2020-12-03,101.10203552246094
2020-12-04,102.11012268066406
2020-12-07,101.73439025878906
2020-12-08,102.06431579589844
2020-12-09,101.43195343017578
2020-12-10,101.52360534667969
2020-12-11,101.239501953125
2020-12-14,101.23395538330078
2020-12-15,102.33242797851562
2020-12-16,102.57242584228516
2020-12-17,103.36629486083984
2020-12-18,103.05242919921875
2020-12-21,102.35089111328125
2020-12-22,102.27705383300781
2020-12-23,102.58164978027344
2020-12-24,102.86780548095703
2020-12-28,103.47703552246094
2020-12-29,103.51397705078125
2020-12-30,103.65242767333984
2020-12-31,103.7632064819336
2021-01-04,103.04319763183594
2021-01-05,103.8370361328125
2021-01-06,104.4647445678711
2021-01-07,105.66474151611328
2021-01-08,106.44013214111328
2021-01-11,105.46166229248047
2021-01-12,105.75704956054688
2021-01-13,105.9231948852539
2021-01-14,105.84012603759766
2021-01-15,104.81550598144531
2021-01-19,105.66474151611328
2021-01-20,106.910888671875
2021-01-21,106.89244079589844
2021-01-22,106.47704315185547
2021-01-25,106.7262954711914
2021-01-26,106.5785903930664
2021-01-27,104.02165985107422
2021-01-28,104.74166870117188
2021-01-29,102.91397857666016
2021-02-01,104.4647445678711
2021-02-02,105.78474426269531
2021-02-03,105.9231948852539
2021-02-04,106.84626770019531
2021-02-05,107.26166534423828
2021-02-08,108.10166931152344
2021-02-09,108.39705657958984
2021-02-10,108.28627014160156
2021-02-11,108.65550994873047
2021-02-12,109.1816635131836
2021-02-16,109.44013214111328
2021-02-17,109.25550079345703
2021-02-18,108.68318939208984
2021-02-19,108.68318939208984
2021-02-22,107.97242736816406
2021-02-23,107.96320343017578
2021-02-24,108.8216552734375
2021-02-25,106.5047378540039
2021-02-26,105.4801254272461
2021-03-01,107.88935089111328
2021-03-02,107.47396850585938
2021-03-03,105.98780822753906
2021-03-04,104.71397399902344
2021-03-05,106.20012664794922
2021-03-08,105.6739730834961
2021-03-09,107.3170394897461
2021-03-10,107.92627716064453
2021-03-11,108.93244934082031
2021-03-12,109.02474212646484
2021-03-15,109.5047378540039
2021-03-16,109.6524429321289
2021-03-17,110.0401382446289
2021-03-18,108.50782012939453
2021-03-19,108.54474639892578
2021-03-22,109.01551055908203
2021-03-23,108.0001220703125
2021-03-24,107.40936279296875
2021-03-25,108.02782440185547
2021-03-26,109.38475036621094
2021-03-29,109.23704528808594
2021-03-30,108.99705505371094
2021-03-31,109.3755111694336
2021-04-01,110.5662841796875
2021-04-05,112.08013153076172
2021-04-06,111.80321502685547
2021-04-07,111.86783599853516
2021-04-08,112.64320373535156
2021-04-09,113.13243865966797
2021-04-12,113.05858612060547
2021-04-13,113.64012908935547
2021-04-14,113.25244903564453
2021-04-15,114.47090148925781
2021-04-16,114.86782836914062
2021-04-19,114.39705657958984
2021-04-20,113.2708969116211
2021-04-21,114.2493667602539
2021-04-22,113.4647445678711
2021-04-23,114.66474151611328
2021-04-26,114.88629150390625
2021-04-27,114.80321502685547
2021-04-28,114.87705993652344
2021-04-29,115.24628448486328
2021-04-30,114.10167694091797
2021-05-03,114.7016830444336
2021-05-04,113.59397888183594
2021-05-05,114.04627990722656
2021-05-06,114.93244934082031
2021-05-07,116.05860137939453
2021-05-10,115.02474975585938
2021-05-11,113.82475280761719
2021-05-12,111.54474639892578
2021-05-13,112.79090118408203
2021-05-14,114.60013580322266
2021-05-17,114.19397735595703
2021-05-18,113.84321594238281
2021-05-19,113.2247543334961
2021-05-20,114.61859130859375
2021-05-21,114.6278305053711
2021-05-24,115.66168212890625
2021-05-25,115.44012451171875
2021-05-26,115.60629272460938
2021-05-27,115.70783233642578
2021-05-28,115.9385986328125
2021-06-01,116.05860137939453
2021-06-02,116.26166534423828
2021-06-03,115.78167724609375
2021-06-04,116.84321594238281
2021-06-07,117.03706359863281
2021-06-08,117.04631042480469
2021-06-09,116.84321594238281
2021-06-10,117.30563354492188
2021-06-11,117.64058685302734
2021-06-14,117.84526824951172
2021-06-15,117.61266326904297
2021-06-16,116.9892807006836
2021-06-17,116.79390716552734
2021-06-18,115.00752258300781
2021-06-21,116.5613021850586
2021-06-22,116.9892807006836
2021-06-23,116.6915512084961
2021-06-24,117.6219711303711
2021-06-25,117.92900848388672
2021-06-28,117.8638687133789
2021-06-29,117.9569091796875
2021-06-30,117.76153564453125
2021-07-01,118.2174301147461
2021-07-02,118.9431381225586
2021-07-06,118.60820770263672
2021-07-07,119.04548645019531
2021-07-08,117.71501922607422
2021-07-09,119.29669952392578
2021-07-12,119.80843353271484
2021-07-13,119.18505096435547
2021-07-14,119.46416473388672
2021-07-15,118.81288146972656
2021-07-16,117.9476089477539
2021-07-19,116.13331604003906
2021-07-20,117.61266326904297
2021-07-21,118.8966293334961
2021-07-22,119.08268737792969
2021-07-23,120.19921112060547
2021-07-26,120.27362060546875
2021-07-27,119.85494995117188
2021-07-28,120.06893920898438
2021-07-29,120.69229888916016
2021-07-30,119.8642578125
2021-08-02,120.05032348632812
2021-08-03,120.84117889404297
2021-08-04,120.45970916748047
2021-08-05,121.1947250366211
2021-08-06,120.99935150146484
2021-08-09,121.0179672241211
2021-08-10,121.15753173828125
2021-08-11,121.59480285644531
2021-08-12,121.84600067138672
2021-08-13,122.21817779541016
2021-08-16,122.18095397949219
2021-08-17,121.25056457519531
2021-08-18,120.25502014160156
2021-08-19,119.80843353271484
2021-08-20,120.67369079589844
2021-08-23,121.81808471679688
2021-08-24,122.05999755859375
2021-08-25,122.2553939819336
2021-08-26,121.60409545898438
2021-08-27,122.65546417236328
2021-08-30,123.0183334350586
2021-08-31,122.83223724365234
2021-09-01,123.23233032226562
2021-09-02,123.62308502197266
2021-09-03,123.79055786132812
2021-09-07,123.47422790527344
2021-09-08,123.08344268798828
2021-09-09,122.6647720336914
2021-09-10,121.96697235107422
2021-09-13,122.3856430053711
2021-09-14,121.79949188232422
2021-09-15,122.53450775146484
2021-09-16,122.35773468017578
2021-09-17,121.10167694091797
2021-09-20,119.05479431152344
2021-09-21,119.25948333740234
2021-09-22,120.31083679199219
2021-09-23,121.7064437866211
2021-09-24,121.49246215820312
2021-09-27,121.24124908447266
2021-09-28,118.65471649169922
2021-09-29,118.64540100097656
2021-09-30,117.6591796875
2021-10-01,118.61750030517578
2021-10-04,117.24049377441406
2021-10-05,118.18020629882812
2021-10-06,118.41281127929688
2021-10-07,119.40834045410156
2021-10-08,119.27809143066406
2021-10-11,118.64540100097656
2021-10-12,118.44072723388672
2021-10-13,119.11061096191406
2021-10-14,121.00865173339844
2021-10-15,121.88323211669922
2021-10-18,122.05999755859375
2021-10-19,122.9159927368164
2021-10-20,123.29747009277344
2021-10-21,123.41838073730469
2021-10-22,123.50212097167969
2021-10-25,123.84639739990234
2021-10-26,124.01386260986328
2021-10-27,123.3998031616211
2021-10-28,124.54420471191406
2021-10-29,124.52558898925781
2021-11-01,125.055908203125
2021-11-02,125.3164291381836
2021-11-03,126.18170166015625
2021-11-04,126.46083068847656
2021-11-05,126.87019348144531
2021-11-08,126.95393371582031
2021-11-09,126.57249450683594
2021-11-10,125.32572937011719
2021-11-11,125.59552764892578
2021-11-12,126.56317901611328
2021-11-15,126.46083068847656
2021-11-16,126.76786041259766
2021-11-17,126.43292999267578
2021-11-18,126.73995208740234
2021-11-19,126.18170166015625
2021-11-22,125.53041076660156
2021-11-23,125.53973388671875
2021-11-24,125.63276672363281
2021-11-26,122.81365203857422
2021-11-29,123.89290618896484
2021-11-30,121.97628021240234
2021-12-01,120.53413391113281
2021-12-02,122.24607849121094
2021-12-03,121.32498931884766
2021-12-06,122.58104705810547
2021-12-07,125.13965606689453
2021-12-08,125.56761932373047
2021-12-09,124.48838806152344
2021-12-10,125.2140884399414
2021-12-13,124.12242889404297
2021-12-14,123.12914276123047
2021-12-15,125.00323486328125
2021-12-16,124.40352630615234
2021-12-17,123.0822982788086
2021-12-20,122.05152130126953
2021-12-21,124.01934814453125
2021-12-22,125.1156997680664
2021-12-23,126.0152587890625
2021-12-27,127.40214538574219
2021-12-28,127.27091217041016
2021-12-29,127.35523986816406
2021-12-30,127.17432403564453
2021-12-31,126.87427520751953
2022-01-03,127.55872344970703
2022-01-04,127.55872344970703
2022-01-05,125.4210205078125
2022-01-06,125.18659973144531
2022-01-07,124.8772201538086
2022-01-10,124.36156463623047
2022-01-11,125.6554183959961
2022-01-12,126.2085952758789
2022-01-13,124.68030548095703
2022-01-14,124.6990737915039
2022-01-18,122.45824432373047
2022-01-19,121.57689666748047
2022-01-20,120.44242858886719
2022-01-21,118.3141098022461
2022-01-24,118.22972106933594
2022-01-25,117.05772399902344
2022-01-26,116.65457153320312
2022-01-27,116.0357666015625
2022-01-28,118.0797119140625
2022-01-31,120.31117248535156
2022-02-01,121.2956314086914
2022-02-02,122.3082275390625
2022-02-03,119.67359924316406
2022-02-04,120.2174072265625
2022-02-07,120.06739807128906
2022-02-08,120.92996978759766
2022-02-09,122.77702331542969
2022-02-10,120.86433410644531
2022-02-11,118.73602294921875
2022-02-14,118.23910522460938
2022-02-15,120.29241180419922
2022-02-16,120.50806427001953
2022-02-17,118.1734619140625
2022-02-18,117.2921371459961
2022-02-22,115.89512634277344
2022-02-23,114.21684265136719
2022-02-24,114.77940368652344
2022-02-25,117.46090698242188
2022-02-28,116.8045883178711
2022-03-01,114.91065216064453
2022-03-02,116.8045883178711
2022-03-03,115.54822540283203
2022-03-04,114.0011978149414
2022-03-07,110.58837127685547
2022-03-08,110.21336364746094
2022-03-09,113.60741424560547
2022-03-10,112.91360473632812
2022-03-11,111.47909545898438
2022-03-14,111.0384292602539
2022-03-15,113.13862609863281
2022-03-16,116.10140228271484
2022-03-17,117.32025146484375
2022-03-18,118.82978820800781
2022-03-21,118.7078857421875
2022-03-22,120.08613586425781
2022-03-23,118.59537506103516
2022-03-24,120.05802154541016
2022-03-25,120.42367553710938
2022-03-28,120.95808410644531
2022-03-29,122.83325958251953
2022-03-30,122.05506134033203
2022-03-31,120.16117095947266
2022-04-01,120.77056884765625
2022-04-04,121.6331558227539
2022-04-05,120.0205078125
2022-04-06,118.7078857421875
2022-04-07,119.22357177734375
2022-04-08,118.87666320800781
2022-04-11,117.09524536132812
2022-04-12,116.5608139038086
2022-04-13,118.03282928466797
2022-04-14,116.83272552490234
2022-04-18,116.43892669677734
2022-04-19,117.89219665527344
2022-04-20,118.06095886230469
2022-04-21,116.29829406738281
2022-04-22,113.42927551269531
2022-04-25,113.701171875
2022-04-26,110.64464569091797
2022-04-27,111.05718231201172
2022-04-28,113.44803619384766
2022-04-29,110.09146118164062
2022-05-02,110.4852523803711
2022-05-03,111.07593536376953
2022-05-04,113.94495391845703
2022-05-05,109.79143524169922
2022-05-06,109.07886505126953
2022-05-09,105.54417419433594
2022-05-10,105.7879409790039
2022-05-11,104.39092254638672
2022-05-12,104.35344696044922
2022-05-13,107.03494262695312
2022-05-16,106.71615600585938
2022-05-17,108.8819808959961
2022-05-18,105.0472412109375
2022-05-19,105.00035858154297
2022-05-20,105.30976867675781
2022-05-23,107.11932373046875
2022-05-24,106.3504867553711
2022-05-25,107.1380615234375
2022-05-26,109.01324462890625
2022-05-27,111.26345825195312
2022-05-31,110.57901000976562
2022-06-01,109.70706176757812
2022-06-02,111.92913818359375
2022-06-03,110.08209228515625
2022-06-06,110.47589111328125
2022-06-07,111.39470672607422
2022-06-08,110.11959075927734
2022-06-09,107.55392456054688
2022-06-10,104.49932861328125
2022-06-13,100.48013305664062
2022-06-14,99.9789047241211
2022-06-15,101.63386535644531
2022-06-16,98.58872985839844
2022-06-17,98.67384338378906
2022-06-21,100.72600555419922
2022-06-22,100.39501953125
2022-06-23,101.01917266845703
2022-06-24,104.08322143554688
2022-06-27,103.82788848876953
2022-06-28,102.06890106201172
2022-06-29,101.88919830322266
2022-06-30,101.07591247558594
2022-07-01,101.90811920166016
2022-07-05,101.47310638427734
2022-07-06,101.71898651123047
2022-07-07,103.2793960571289
2022-07-08,103.31721496582031
2022-07-11,101.82301330566406
2022-07-12,101.3028793334961
2022-07-13,100.97187805175781
2022-07-14,100.23424530029297
2022-07-15,101.93649291992188
2022-07-18,101.61495971679688
2022-07-19,104.37638854980469
2022-07-20,104.66008758544922
2022-07-21,105.78547668457031
2022-07-22,104.91543579101562
2022-07-25,105.27479553222656
2022-07-26,103.87516021728516
2022-07-27,106.5514907836914
2022-07-28,107.72415161132812
2022-07-29,109.29399871826172
2022-08-01,109.11431121826172
2022-08-02,108.15916442871094
2022-08-03,109.53043365478516
2022-08-04,109.70065307617188
2022-08-05,109.36021423339844
2022-08-08,109.32238006591797
2022-08-09,108.77387237548828
2022-08-10,111.18538665771484
2022-08-11,111.2137680053711
2022-08-12,112.7552490234375
2022-08-15,112.8781967163086
2022-08-16,113.10515594482422
2022-08-17,112.21620178222656
2022-08-18,112.22565460205078
2022-08-19,110.72200012207031
2022-08-22,108.49962615966797
2022-08-23,108.49962615966797
2022-08-24,108.80224609375
2022-08-25,110.22078704833984
2022-08-26,106.77847290039062
2022-08-29,106.18266296386719
2022-08-30,105.10457611083984
2022-08-31,104.29129028320312
2022-09-01,103.98865509033203
2022-09-02,103.06187438964844
2022-09-06,102.61739349365234
2022-09-07,104.19670104980469
2022-09-08,104.73574829101562
2022-09-09,106.76899719238281
2022-09-12,108.00785064697266
2022-09-13,103.59146881103516
2022-09-14,103.99811553955078
2022-09-15,102.93893432617188
2022-09-16,102.1445541381836
2022-09-19,102.7403335571289
2022-09-20,101.48255920410156
2022-09-21,99.85597229003906
2022-09-22,99.02375030517578
2022-09-23,96.82974243164062
2022-09-26,95.65708923339844
2022-09-27,95.40174865722656
2022-09-28,97.35932922363281
2022-09-29,95.67599487304688
2022-09-30,94.5222396850586
2022-10-03,96.83919525146484
2022-10-04,100.13967895507812
2022-10-05,99.76139068603516
2022-10-06,98.53199768066406
2022-10-07,96.03536224365234
2022-10-10,95.43011474609375
2022-10-11,94.61681365966797
2022-10-12,94.32365417480469
2022-10-13,96.75408935546875
2022-10-14,94.53170013427734
2022-10-17,96.9621353149414
2022-10-18,98.00240325927734
2022-10-19,97.17018127441406
2022-10-20,96.53657531738281
2022-10-21,98.61711120605469
2022-10-24,99.36421203613281
2022-10-25,101.24613952636719
2022-10-26,101.00025939941406
2022-10-27,100.48013305664062
2022-10-28,102.39988708496094
2022-10-31,101.58658599853516
2022-11-01,101.60549926757812
2022-11-02,99.26963806152344
2022-11-03,98.29557800292969
2022-11-04,100.35719299316406
2022-11-07,101.1231918334961
2022-11-08,101.85137939453125
2022-11-09,99.92216491699219
2022-11-10,105.4355697631836
2022-11-11,106.88248443603516
2022-11-14,105.8138427734375
2022-11-15,106.73117065429688
2022-11-16,106.04080963134766
2022-11-17,105.76655578613281
2022-11-18,106.16375732421875
2022-11-21,105.53013610839844
2022-11-22,107.0337905883789
2022-11-23,107.85655212402344
2022-11-25,107.99840545654297
2022-11-28,106.40017700195312
2022-11-29,106.30561828613281
2022-11-30,109.17106628417969
2022-12-01,109.53043365478516
2022-12-02,109.4074935913086
2022-12-05,107.45936584472656
2022-12-06,106.2110366821289
2022-12-07,106.07865142822266
2022-12-08,106.84465789794922
2022-12-09,106.296142578125
2022-12-12,107.3742446899414
2022-12-13,108.46884155273438
2022-12-14,107.96393585205078
2022-12-15,105.20125579833984
2022-12-16,104.0961685180664
2022-12-19,103.35310363769531
2022-12-20,103.61032104492188
2022-12-21,105.03929901123047
2022-12-22,103.73416137695312
2022-12-23,104.25812530517578
2022-12-27,104.01043701171875
2022-12-28,102.76246643066406
2022-12-29,104.5439224243164
2022-12-30,104.07711791992188
2023-01-03,103.93421936035156
2023-01-04,104.95355224609375
2023-01-05,103.72463989257812
2023-01-06,106.17295837402344
2023-01-09,106.29679870605469
2023-01-10,106.87791442871094
2023-01-11,108.04015350341797
2023-01-12,108.87847137451172
2023-01-13,109.36434173583984
2023-01-17,109.35479736328125
2023-01-18,108.09729766845703
2023-01-19,107.41139221191406
2023-01-20,109.13568115234375
2023-01-23,110.22171783447266
2023-01-24,110.11692810058594
2023-01-25,110.3360366821289
2023-01-26,111.25057220458984
2023-01-27,111.41252899169922
2023-01-30,110.155029296875
2023-01-31,111.46968841552734
2023-02-01,112.64144897460938
2023-02-02,113.77510833740234
2023-02-03,112.57476806640625
2023-02-06,111.74596405029297
2023-02-07,113.03204345703125
2023-02-08,111.96507263183594
2023-02-09,111.2886734008789
2023-02-10,111.2982177734375
2023-02-13,112.53666687011719
2023-02-14,112.67955780029297
2023-02-15,112.84149932861328
2023-02-16,111.61259460449219
2023-02-17,111.3458480834961
2023-02-21,109.44054412841797
2023-02-22,109.19285583496094
2023-02-23,109.71681213378906
2023-02-24,108.26878356933594
2023-02-27,108.94515991210938
2023-02-28,108.58316802978516
2023-03-01,108.44026184082031
2023-03-02,109.05948638916016
2023-03-03,110.76473236083984
2023-03-06,110.71710205078125
2023-03-07,108.9642105102539
2023-03-08,109.221435546875
2023-03-09,107.50665283203125
2023-03-10,105.982421875
2023-03-13,105.67757415771484
2023-03-14,107.28755950927734
2023-03-15,105.78236389160156
2023-03-16,107.5447769165039
2023-03-17,106.27774047851562
2023-03-20,107.43997192382812
2023-03-21,108.97373962402344
2023-03-22,107.56382751464844
2023-03-23,107.73529815673828
2023-03-24,108.04967498779297
2023-03-27,108.5641098022461
2023-03-28,108.47835540771484
2023-03-29,109.94544982910156
2023-03-30,110.74566650390625
2023-03-31,112.09843444824219
2023-04-03,112.62239074707031
2023-04-04,112.19369506835938
2023-04-05,111.70785522460938
2023-04-06,112.10797882080078
2023-04-10,112.21276092529297
2023-04-11,112.35565185546875
2023-04-12,112.26038360595703
2023-04-13,113.76557922363281
2023-04-14,113.49884033203125
2023-04-17,113.66078186035156
2023-04-18,113.95610809326172
2023-04-19,113.78462982177734
2023-04-20,113.3368911743164
2023-04-21,113.5750503540039
2023-04-24,113.70842742919922
2023-04-25,111.92696380615234
2023-04-26,111.5649642944336
2023-04-27,113.53694152832031
2023-04-28,114.1180648803711
2023-05-01,114.00374603271484
2023-05-02,112.76529693603516
2023-05-03,112.27944946289062
2023-05-04,111.73644256591797
2023-05-05,113.69888305664062
2023-05-08,113.74652099609375
2023-05-09,113.27973175048828
2023-05-10,113.55599975585938
2023-05-11,113.28924560546875
2023-05-12,113.12730407714844
2023-05-15,113.80368041992188
2023-05-16,112.82245635986328
2023-05-17,113.8989486694336
2023-05-18,114.63249206542969
2023-05-19,114.68965911865234
2023-05-22,114.76586151123047
2023-05-23,113.39404296875
2023-05-24,112.32707214355469
2023-05-25,112.80339813232422
2023-05-26,114.23237609863281
2023-05-30,113.86084747314453
2023-05-31,112.98440551757812
2023-06-01,114.34668731689453
2023-06-02,116.06147766113281
2023-06-05,115.708984375
2023-06-06,116.2043685913086
2023-06-07,115.57915496826172
2023-06-08,116.33901977539062
2023-06-09,116.47367858886719
2023-06-12,117.37785339355469
2023-06-13,118.26278686523438
2023-06-14,118.4840087890625
2023-06-15,119.94606018066406
2023-06-16,119.55170440673828
2023-06-20,118.54173278808594
2023-06-21,118.22431945800781
2023-06-22,118.20507049560547
2023-06-23,117.14700317382812
2023-06-26,116.90653991699219
2023-06-27,118.11849975585938
2023-06-28,118.13773345947266
2023-06-29,118.4840087890625
2023-06-30,119.7729263305664
2023-07-03,120.04226684570312
2023-07-05,119.4266586303711
2023-07-06,118.08964538574219
2023-07-07,118.18584442138672
2023-07-10,118.55135345458984
2023-07-11,119.4458999633789
2023-07-12,120.74443054199219
2023-07-13,122.13915252685547
2023-07-14,121.8121109008789
2023-07-17,122.08143615722656
2023-07-18,123.05294036865234
2023-07-19,123.2164535522461
2023-07-20,122.4758071899414
2023-07-21,122.54313659667969
2023-07-24,122.72589111328125
2023-07-25,123.0433120727539
2023-07-26,123.12987518310547
2023-07-27,122.37000274658203
2023-07-28,123.54349517822266
2023-07-31,123.63966369628906
2023-08-01,123.03369903564453
2023-08-02,121.10032653808594
2023-08-03,120.73480224609375
2023-08-04,120.44624328613281
2023-08-07,121.4754638671875
2023-08-08,120.85984802246094
2023-08-09,120.24425506591797
2023-08-10,120.39814758300781
2023-08-11,120.10958862304688
2023-08-14,120.39814758300781
2023-08-15,118.96495056152344
2023-08-16,118.0223159790039
2023-08-17,117.20471954345703
2023-08-18,117.17586517333984
2023-08-21,117.89727783203125
2023-08-22,117.5510025024414
2023-08-23,118.80143737792969
2023-08-24,117.22396087646484
2023-08-25,118.0223159790039
2023-08-28,118.92648315429688
2023-08-29,120.61937713623047
2023-08-30,121.09071350097656
2023-08-31,120.9079360961914
2023-09-01,121.10995483398438
2023-09-05,120.4366226196289
2023-09-06,119.70559692382812
2023-09-07,119.35932159423828
2023-09-08,119.38818359375
2023-09-11,120.32120513916016
2023-09-12,119.73446655273438
2023-09-13,119.7729263305664
2023-09-14,120.92718505859375
2023-09-15,119.86912536621094
2023-09-18,119.7729263305664
2023-09-19,119.59979248046875
2023-09-20,118.7244873046875
2023-09-21,116.73340606689453
2023-09-22,116.55064392089844
2023-09-25,116.76226043701172
2023-09-26,115.10782623291016
2023-09-27,115.02125549316406
2023-09-28,115.9254150390625
2023-09-29,115.5887680053711
2023-10-02,114.95393371582031
2023-10-03,113.44377899169922
2023-10-04,114.10747528076172
2023-10-05,114.34794616699219
2023-10-06,115.66571807861328
2023-10-09,116.18512725830078
2023-10-10,117.13739013671875
2023-10-11,117.65679931640625
2023-10-12,116.75263977050781
2023-10-13,116.0793228149414
2023-10-16,117.20471954345703
2023-10-17,117.19509887695312
2023-10-18,115.48295593261719
2023-10-19,114.44413757324219
2023-10-20,113.16484832763672
2023-10-23,113.02055358886719
2023-10-24,113.79006958007812
2023-10-25,112.3183822631836
2023-10-26,111.17374420166016
2023-10-27,110.62548065185547
2023-10-30,111.99134063720703
2023-10-31,112.64543151855469
2023-11-01,113.80929565429688
2023-11-02,116.11780548095703
2023-11-03,117.28166961669922
2023-11-06,117.24319458007812
2023-11-07,117.3393783569336
2023-11-08,117.36824798583984
2023-11-09,116.68529510498047
2023-11-10,118.15696716308594
2023-11-13,118.19544982910156
2023-11-14,120.67708587646484
2023-11-15,120.86947631835938
2023-11-16,120.86947631835938
2023-11-17,121.48507690429688
2023-11-20,122.22571563720703
2023-11-21,121.96601867675781
2023-11-22,122.37962341308594
2023-11-24,122.65856170654297
2023-11-27,122.4565658569336
2023-11-28,122.55276489257812
2023-11-29,122.57199096679688
2023-11-30,122.90864562988281
2023-12-01,123.85128784179688
2023-12-04,123.15872955322266
2023-12-05,122.96636199951172
2023-12-06,122.67779541015625
2023-12-07,123.56273651123047
2023-12-08,124.00518798828125
2023-12-11,124.47651672363281
2023-12-12,124.80355072021484
2023-12-13,126.65032958984375
2023-12-14,127.31404876708984
2023-12-15,126.91966247558594
2023-12-18,127.50643157958984
2023-12-19,128.391357421875
2023-12-20,126.68354034423828
2023-12-21,128.16732788085938
2023-12-22,128.42916870117188
2023-12-26,128.96255493164062
2023-12-27,129.33108520507812
2023-12-28,129.2534942626953
2023-12-29,129.0013427734375
2024-01-02,127.92487335205078
2024-01-03,126.89691162109375
2024-01-04,126.75143432617188
2024-01-05,126.9065933227539
2024-01-08,128.58433532714844
2024-01-09,128.07032775878906
2024-01-10,128.81707763671875
2024-01-11,128.80738830566406
2024-01-12,128.9140625
2024-01-16,128.0218505859375
2024-01-17,127.18782806396484
2024-01-18,128.25460815429688
2024-01-19,129.59292602539062
2024-01-22,129.8935546875
2024-01-23,130.0584259033203
2024-01-24,130.35903930664062
2024-01-25,130.873046875
2024-01-26,130.9894256591797
2024-01-29,131.9980010986328
2024-01-30,131.88162231445312
2024-01-31,130.14569091796875
2024-02-01,131.64886474609375
2024-02-02,132.32772827148438
2024-02-05,131.73614501953125
2024-02-06,132.25013732910156
2024-02-07,133.00657653808594
2024-02-08,133.0841522216797
2024-02-09,133.73390197753906
2024-02-12,133.83090209960938
2024-02-13,131.82342529296875
2024-02-14,133.2296142578125
2024-02-15,134.36428833007812
2024-02-16,133.8696746826172
2024-02-20,133.4526824951172
2024-02-21,133.5399627685547
2024-02-22,135.9450225830078
2024-02-23,136.0904998779297
2024-02-26,135.5668182373047
2024-02-27,135.9159393310547
2024-02-28,135.48924255371094
2024-02-29,136.04200744628906
2024-03-01,137.26394653320312
2024-03-04,137.0990753173828
2024-03-05,136.03233337402344
2024-03-06,137.05059814453125
2024-03-07,138.52467346191406
2024-03-08,137.7876434326172
2024-03-11,137.3900146484375
2024-03-12,138.8350067138672
2024-03-13,138.7089385986328
2024-03-14,138.09796142578125
2024-03-15,137.45791625976562
2024-03-18,137.87490844726562
2024-03-19,138.5537567138672
2024-03-20,139.853271484375
2024-03-21,140.2993927001953
2024-03-22,140.0375518798828
2024-03-25,139.64962768554688
2024-03-26,139.46536254882812
2024-03-27,140.5321502685547
2024-03-28,140.5321502685547
2024-04-01,140.134521484375
2024-04-02,139.16473388671875
2024-04-03,139.5817413330078
2024-04-04,138.00099182128906
2024-04-05,139.22291564941406
2024-04-08,139.3780975341797
2024-04-09,139.48475646972656
2024-04-10,137.94281005859375
2024-04-11,138.8931884765625
2024-04-12,136.73057556152344
2024-04-15,135.33407592773438
2024-04-16,134.78128051757812
2024-04-17,134.33518981933594
2024-04-18,133.93756103515625
2024-04-19,133.1617431640625
2024-04-22,134.3254852294922
2024-04-23,135.82867431640625
2024-04-24,135.72198486328125
2024-04-25,135.23707580566406
2024-04-26,136.54629516601562
2024-04-29,136.96331787109375
2024-04-30,134.96554565429688
2024-05-01,134.4127655029297
2024-05-02,135.84805297851562
2024-05-03,137.4967041015625
2024-05-06,138.84469604492188
2024-05-07,138.99017333984375
2024-05-08,138.98046875
2024-05-09,139.785400390625
2024-05-10,140.0181427001953
2024-05-13,139.9308624267578
2024-05-14,140.75518798828125
2024-05-15,142.36505126953125
2024-05-16,142.0159149169922
2024-05-17,142.29714965820312
2024-05-20,142.34564208984375
2024-05-21,142.57839965820312
2024-05-22,141.8898468017578
2024-05-23,140.9103546142578
2024-05-24,141.8898468017578
2024-05-28,141.91893005371094
2024-05-29,140.4448699951172
2024-05-30,140.26060485839844
2024-05-31,141.3079833984375
2024-06-03,141.6473846435547
2024-06-04,141.61830139160156
2024-06-05,143.10208129882812
2024-06-06,143.18936157226562
2024-06-07,142.5880889892578
2024-06-10,142.90811157226562
2024-06-11,142.7116241455078
2024-06-12,144.041259765625
2024-06-13,143.72837829589844
2024-06-14,143.30799865722656
2024-06-17,144.17811584472656
2024-06-18,144.65719604492188
2024-06-20,144.4225311279297
2024-06-21,143.94346618652344
2024-06-24,143.98260498046875
2024-06-25,144.481201171875
2024-06-26,144.40298461914062
2024-06-27,144.4420928955078
2024-06-28,144.19769287109375
2024-07-01,144.51052856445312
2024-07-02,145.2633514404297
2024-07-03,146.2507781982422
2024-07-05,147.14048767089844
2024-07-08,146.9840545654297
2024-07-09,147.07205200195312
2024-07-10,148.62655639648438
2024-07-11,147.89329528808594
2024-07-12,148.99806213378906
2024-07-15,149.0078582763672
2024-07-16,149.87799072265625
2024-07-17,148.2159423828125
2024-07-18,146.8863067626953
2024-07-19,145.84996032714844
2024-07-22,147.4044647216797
2024-07-23,146.9351806640625
2024-07-24,143.94346618652344
2024-07-25,143.2297821044922
2024-07-26,144.82339477539062
2024-07-29,144.7744903564453
2024-07-30,144.3638916015625
2024-07-31,146.62232971191406
2024-08-01,144.02169799804688
2024-08-02,141.39173889160156
2024-08-05,137.53968811035156
2024-08-06,138.5955810546875
2024-08-07,138.0285186767578
2024-08-08,140.96156311035156
2024-08-09,141.79258728027344
2024-08-12,141.66549682617188
2024-08-13,144.12924194335938
2024-08-14,144.56918334960938
2024-08-15,146.73963928222656
2024-08-16,147.34580993652344
2024-08-19,148.8220977783203
2024-08-20,148.60699462890625
2024-08-21,149.45758056640625
2024-08-22,148.1083984375
2024-08-23,150.3668212890625
2024-08-26,149.9366455078125
2024-08-27,150.16151428222656
2024-08-28,149.44781494140625
2024-08-29,149.5455780029297
2024-08-30,150.73834228515625
2024-09-03,147.6391143798828
2024-09-04,147.35557556152344
2024-09-05,146.83740234375
2024-09-06,144.45187377929688
2024-09-09,145.99661254882812
2024-09-10,146.39744567871094
2024-09-11,147.8346405029297
2024-09-12,148.95896911621094
2024-09-13,149.7215576171875
2024-09-16,150.23973083496094
2024-09-17,149.99530029296875
2024-09-18,149.59446716308594
2024-09-19,152.185302734375
2024-09-20,151.64759826660156
2024-09-23,152.1071014404297
2024-09-24,152.58616638183594
2024-09-25,152.20484924316406
2024-09-26,153.59317016601562
2024-09-27,153.12387084960938
2024-09-30,153.4073944091797
2024-10-01,152.13641357421875
2024-10-02,152.15597534179688
2024-10-03,151.57913208007812
2024-10-04,152.85012817382812
2024-10-07,151.5400390625
2024-10-08,152.58616638183594
2024-10-09,153.3976287841797
2024-10-10,153.1434326171875
2024-10-11,154.0233154296875
2024-10-14,155.00100708007812
2024-10-15,153.466064453125
2024-10-16,154.09178161621094
2024-10-17,154.17977905273438
2024-10-18,154.8641357421875
2024-10-21,154.18954467773438
2024-10-22,153.94512939453125
2024-10-23,152.41017150878906
2024-10-24,152.90878295898438
2024-10-25,152.6643524169922
2024-10-28,153.33895874023438
2024-10-29,153.33895874023438
2024-10-30,152.7816925048828
2024-10-31,150.2983856201172
2024-11-01,150.90457153320312
2024-11-04,150.69921875
2024-11-05,152.47862243652344
2024-11-06,154.82504272460938
2024-11-07,156.34043884277344
2024-11-08,156.3111114501953
2024-11-11,156.67283630371094
2024-11-12,155.626708984375
2024-11-13,155.42141723632812
2024-11-14,154.77615356445312
2024-11-15,153.16299438476562
2024-11-18,153.87669372558594
2024-11-19,154.326416015625
2024-11-20,154.23841857910156
2024-11-21,155.0303497314453
2024-11-22,155.7049560546875
2024-11-25,156.1937713623047
2024-11-26,156.47731018066406
2024-11-27,156.2817840576172
2024-11-29,157.54296875
2024-12-02,157.94383239746094
2024-12-03,158.1100311279297
2024-12-04,159.029052734375
2024-12-05,159.038818359375
2024-12-06,159.3125762939453
2024-12-09,158.40335083007812
2024-12-10,157.72872924804688
2024-12-11,158.9606170654297
2024-12-12,157.9340362548828
2024-12-13,157.748291015625
2024-12-16,158.09048461914062
2024-12-17,157.50279235839844
2024-12-18,152.9549102783203
2024-12-19,152.73834228515625
2024-12-20,153.91961669921875
2024-12-23,154.94337463378906
2024-12-24,156.2919921875
2024-12-26,156.57745361328125
2024-12-27,155.1402587890625
2024-12-30,153.683349609375
2024-12-31,153.07302856445312
2025-01-02,152.7777099609375
2025-01-03,154.52992248535156
2025-01-06,155.29774475097656
2025-01-07,153.9688262939453
2025-01-08,153.98851013183594
2025-01-10,151.842529296875
2025-01-13,151.82284545898438
2025-01-14,152.0197296142578
2025-01-15,154.65789794921875
2025-01-16,154.6874237060547
2025-01-17,155.92776489257812
2025-01-21,157.76858520507812
2025-01-22,158.37890625
2025-01-23,159.34359741210938
2025-01-24,159.2156524658203
2025-01-27,157.48309326171875
2025-01-28,158.41827392578125
2025-01-29,157.90640258789062
2025-01-30,159.0286102294922
2025-01-31,158.15249633789062
2025-02-03,156.8826141357422
2025-02-04,158.13279724121094
2025-02-05,159.0286102294922
2025-02-06,159.5306396484375
2025-02-07,158.0934295654297
2025-02-10,159.1565704345703
2025-02-11,159.4420623779297
2025-02-12,159.30422973632812
2025-02-13,160.99740600585938
2025-02-14,161.00723266601562
2025-02-18,161.52894592285156
2025-02-19,161.4698944091797
2025-02-20,161.15489196777344
2025-02-21,158.7628173828125
2025-02-24,158.12295532226562
2025-02-25,157.90640258789062
2025-02-26,158.0048370361328
2025-02-27,155.5930633544922
2025-02-28,157.50279235839844
2025-03-03,155.81947326660156
2025-03-04,154.51025390625
2025-03-05,156.75466918945312
2025-03-06,154.04757690429688
2025-03-07,155.17962646484375
2025-03-10,150.9467315673828
2025-03-11,150.05093383789062
2025-03-12,150.80892944335938
2025-03-13,148.87953186035156
2025-03-14,152.0492706298828
2025-03-17,153.43724060058594
2025-03-18,152.1181640625
2025-03-19,153.49630737304688
2025-03-20,152.9056854248047
2025-03-21,152.80723571777344
2025-03-24,154.9630584716797
2025-03-25,155.31744384765625
2025-03-26,153.5455322265625
2025-03-27,153.1517791748047
2025-03-28,150.49392700195312
2025-03-31,150.7892303466797
2025-04-01,151.2026824951172
2025-04-02,152.21661376953125
2025-04-03,145.96571350097656
2025-04-04,137.07666015625
2025-04-07,135.8560028076172
2025-04-08,134.17269897460938
2025-04-09,146.16259765625
2025-04-10,141.85096740722656
2025-04-11,144.62693786621094
2025-04-14,145.95587158203125
2025-04-15,146.133056640625
2025-04-16,143.7606658935547
2025-04-17,144.38084411621094
2025-04-21,141.7328338623047
2025-04-22,145.0797576904297
2025-04-23,146.8910369873047
2025-04-24,149.72608947753906
2025-04-25,150.66127014160156
2025-04-28,151.05502319335938
2025-04-29,151.77362060546875
2025-04-30,151.8720703125
2025-05-01,152.36427307128906
2025-05-02,154.75634765625
2025-05-05,154.18540954589844
2025-05-06,153.27975463867188
2025-05-07,153.59475708007812
2025-05-08,154.17555236816406
2025-05-09,154.3330535888672
2025-05-12,158.12295532226562
2025-05-13,159.09750366210938
2025-05-14,159.09750366210938
2025-05-15,159.97361755371094
2025-05-16,160.9580078125
2025-05-19,161.3714599609375
2025-05-20,161.2041015625
2025-05-21,159.08766174316406
2025-05-22,158.96954345703125
2025-05-23,158.44781494140625
2025-05-27,161.27301025390625
2025-05-28,160.2295684814453
2025-05-29,160.80052185058594
2025-05-30,160.76113891601562
2025-06-02,161.88333129882812
2025-06-03,162.34600830078125
2025-06-04,162.5428924560547
2025-06-05,161.8734893798828
2025-06-06,163.26150512695312
2025-06-09,163.34024047851562
2025-06-10,163.9505615234375
2025-06-11,163.5764923095703
2025-06-12,164.364013671875
2025-06-13,162.4247589111328
2025-06-16,163.83436584472656
2025-06-17,162.32655334472656
2025-06-18,162.36622619628906
2025-06-20,161.71153259277344
2025-06-23,163.16973876953125
2025-06-24,165.07432556152344
2025-06-25,164.78665161132812
2025-06-26,166.35397338867188
2025-06-27,167.23681640625
2025-06-30,168.02049255371094
2025-07-01,167.79232788085938
2025-07-02,168.5065460205078
2025-07-03,169.49851989746094
2025-07-07,168.10975646972656
2025-07-08,168.19903564453125
2025-07-09,169.3298797607422
2025-07-10,169.65724182128906
2025-07-11,168.74462890625
2025-07-14,169.09182739257812
2025-07-15,168.10975646972656
2025-07-16,168.63551330566406
2025-07-17,169.577880859375
2025-07-18,169.4390106201172
2025-07-21,169.84571838378906
2025-07-22,170.143310546875
2025-07-23,172.09750366210938
2025-07-24,171.95863342285156
2025-07-25,172.35540771484375
2025-07-28,171.61143493652344
2025-07-29,171.24440002441406
2025-07-30,170.75833129882812
2025-07-31,169.7266845703125
2025-08-01,167.60386657714844
2025-08-04,170.0441131591797
2025-08-05,169.46876525878906
2025-08-06,170.8079376220703
2025-08-07,170.96665954589844
2025-08-08,172.2363739013672
2025-08-11,171.71063232421875
2025-08-12,173.7144012451172
2025-08-13,174.3592071533203
2025-08-14,174.19056701660156
2025-08-15,174.30960083007812
2025-08-18,174.1112060546875
2025-08-19,173.38705444335938
2025-08-20,173.2680206298828
2025-08-21,172.56373596191406
2025-08-22,175.14285278320312
2025-08-25,174.08145141601562
2025-08-26,174.52783203125
2025-08-27,174.79566955566406
2025-08-28,175.49996948242188
2025-08-29,174.46832275390625
2025-09-02,173.14898681640625
2025-09-03,173.79376220703125
2025-09-04,175.24205017089844
2025-09-05,175.01388549804688
2025-09-08,175.8372344970703
2025-09-09,176.13482666015625
2025-09-10,176.4324188232422
2025-09-11,178.0294952392578
2025-09-12,177.81126403808594
2025-09-15,178.73379516601562
2025-09-16,178.56515502929688
2025-09-17,178.1187744140625
2025-09-18,179.0512237548828
2025-09-19,179.58688354492188
2025-09-22,180.25152587890625
2025-09-23,179.5174560546875
2025-09-24,178.71395874023438
2025-09-25,177.90054321289062
2025-09-26,178.85284423828125
2025-09-29,179.47776794433594
2025-09-30,180.10272216796875
2025-10-01,180.89630126953125
2025-10-02,181.17405700683594
2025-10-03,181.54107666015625
2025-10-06,182.1362762451172
2025-10-07,181.15420532226562
2025-10-08,182.0469970703125
2025-10-09,181.2038116455078
2025-10-10,176.76968383789062
2025-10-13,179.2000274658203
2025-10-14,179.31906127929688
2025-10-15,180.05311584472656
2025-10-16,179.42819213867188
2025-10-17,180.1820831298828
2025-10-20,181.7692413330078
2025-10-21,181.3922882080078
2025-10-22,180.52928161621094
2025-10-23,181.68988037109375
2025-10-24,182.81080627441406
2025-10-27,184.76499938964844
2025-10-28,185.14195251464844
2025-10-29,184.7154083251953
2025-10-30,183.16790771484375
2025-10-31,183.5448760986328
2025-11-03,183.87222290039062
2025-11-04,181.6105194091797
2025-11-05,182.43386840820312
2025-11-06,180.70782470703125
2025-11-07,181.09469604492188
2025-11-10,183.68374633789062
2025-11-11,184.26901245117188
2025-11-12,184.7451629638672
2025-11-13,181.75930786132812
2025-11-14,181.71963500976562
2025-11-17,179.82496643066406
2025-11-18,178.32708740234375
2025-11-19,178.61476135253906
2025-11-20,175.87692260742188
2025-11-21,177.7418212890625
2025-11-24,179.7059326171875
2025-11-25,181.74940490722656
2025-11-26,183.2472686767578
2025-11-28,184.16981506347656
2025-12-01,183.3464813232422
2025-12-02,183.79286193847656
2025-12-03,184.5666046142578
2025-12-04,184.7550811767578
2025-12-05,185.08242797851562
2025-12-08,184.41781616210938
2025-12-09,184.38804626464844
2025-12-10,185.62802124023438
2025-12-11,186.3422393798828
2025-12-12,184.5963592529297
2025-12-15,184.76499938964844
2025-12-16,184.19000244140625
2025-12-17,182.2899932861328
2025-12-18,183.6699981689453
2025-12-19,185.17999267578125
2025-12-22,186.2899932861328
2025-12-23,187.2100067138672
2025-12-24,187.72000122070312
2025-12-26,187.80999755859375
2025-12-29,187.10000610351562
2025-12-30,187.00999450683594
2025-12-31,185.77000427246094
2026-01-02,186.50999450683594
2026-01-05,188.00999450683594
2026-01-06,188.97999572753906
2026-01-07,188.22000122070312
2026-01-08,188.24000549316406
2026-01-09,189.52999877929688
2026-01-12,190.0500030517578
2026-01-13,189.52999877929688
2026-01-14,188.92999267578125
2026-01-15,189.25
2026-01-16,189.2100067138672
2026-01-20,185.63999938964844
2026-01-21,187.66000366210938
2026-01-22,188.55999755859375
2026-01-23,188.86000061035156
2026-01-26,189.91000366210938
2026-01-27,191.2899932861328
2026-01-28,190.7899932861328
2026-01-29,190.8000030517578
2026-01-30,189.6300048828125
2026-02-02,190.66000366210938
2026-02-03,189.44000244140625
2026-02-04,188.97999572753906
2026-02-05,186.4600067138672
2026-02-06,190.24000549316406
2026-02-09,191.83999633789062
2026-02-10,191.60000610351562
2026-02-11,191.8300018310547
2026-02-12,189.02000427246094
2026-02-13,189.39999389648438
2026-02-17,189.4600067138672
2026-02-18,190.41000366210938
2026-02-19,189.88999938964844
2026-02-20,191.19000244140625
2026-02-23,189.5
2026-02-24,190.77000427246094
2026-02-25,192.3699951171875
2026-02-26,191.67999267578125
2026-02-27,190.83999633789062
2026-03-02,190.17999267578125
2026-03-03,187.2100067138672
2026-03-04,188.82000732421875
2026-03-05,187.08999633789062
2026-03-06,184.97999572753906
2026-03-09,186.4499969482422
2026-03-10,186.36000061035156
2026-03-11,186.02000427246094
2026-03-12,183.14999389648438
2026-03-13,181.75
2026-03-16,184.0399932861328
2026-03-17,184.49000549316406
2026-03-18,181.77000427246094
2026-03-19,181.36000061035156
2026-03-20,178.0
2026-03-23,180.5399932861328
2026-03-24,179.85000610351562
2026-03-25,181.19000244140625
2026-03-26,178.0399932861328
2026-03-27,175.4199981689453
2026-03-30,174.94000244140625
2026-03-31,180.02000427246094
2026-04-01,181.80999755859375
2026-04-02,181.72000122070312
2026-04-06,182.52000427246094
2026-04-07,182.47000122070312
2026-04-08,187.66000366210938
2026-04-09,188.36000061035156
2026-04-10,188.3800048828125
2026-04-13,189.99000549316406
2026-04-14,192.0
2026-04-15,193.3300018310547
2026-04-16,193.3800048828125
2026-04-17,195.7899932861328
2026-04-20,195.50999450683594
2026-04-21,193.27999877929688
2026-04-22,194.9199981689453
2026-04-23,193.82000732421875
2026-04-24,195.27000427246094
2026-04-27,195.4499969482422
2026-04-28,194.42999267578125
2026-04-29,193.8699951171875
2026-04-30,196.5500030517578
2026-05-01,196.75999450683594
2026-05-04,195.55999755859375
2026-05-05,197.02999877929688
2026-05-06,200.6300048828125
2026-05-07,199.1199951171875
2026-05-08,200.63999938964844
2026-05-11,201.1199951171875
