Date,Close
2007-07-26,27.092397689819336
2007-07-27,26.679502487182617
2007-07-30,27.126333236694336
2007-07-31,27.092397689819336
2007-08-01,27.20551300048828
2007-08-02,27.126333236694336
2007-08-03,26.679502487182617
2007-08-06,27.086734771728516
2007-08-07,27.126333236694336
2007-08-08,27.533567428588867
2007-08-09,26.707780838012695
2007-08-10,26.35145378112793
2007-08-13,26.396705627441406
2007-08-14,26.05734634399414
2007-08-15,25.440832138061523
2007-08-16,25.322057723999023
2007-08-17,25.678390502929688
2007-08-20,25.712329864501953
2007-08-21,25.706684112548828
2007-08-22,26.35145378112793
2007-08-23,26.464570999145508
2007-08-24,26.888782501220703
2007-08-27,26.622953414916992
2007-08-28,25.972511291503906
2007-08-29,26.662532806396484
2007-08-30,26.470243453979492
2007-08-31,27.069778442382812
2007-09-04,27.199865341186523
2007-09-05,26.730398178100586
2007-09-06,26.888782501220703
2007-09-07,26.515474319458008
2007-09-10,26.40802574157715
2007-09-11,26.88311767578125
2007-09-12,26.860504150390625
2007-09-13,27.007553100585938
2007-09-14,26.88311767578125
2007-09-17,26.50417137145996
2007-09-18,27.34691619873047
2007-09-19,27.635379791259766
2007-09-20,27.57881736755371
2007-09-21,27.77678108215332
2007-09-24,27.748489379882812
2007-09-25,27.884231567382812
2007-09-26,27.986047744750977
2007-09-27,28.319740295410156
2007-09-28,28.359346389770508
2007-10-01,28.766582489013672
2007-10-02,28.676090240478516
2007-10-03,28.517723083496094
2007-10-04,28.64214515686035
2007-10-05,28.91930389404297
2007-10-08,28.64214515686035
2007-10-09,28.998464584350586
2007-10-10,28.91364288330078
2007-10-11,29.055038452148438
2007-10-12,29.139881134033203
2007-10-15,28.891014099121094
2007-10-16,28.495105743408203
2007-10-17,28.789203643798828
2007-10-18,28.857067108154297
2007-10-19,28.25189208984375
2007-10-22,28.155729293823242
2007-10-23,28.619524002075195
2007-10-24,28.52901840209961
2007-10-25,28.630828857421875
2007-10-26,29.168167114257812
2007-10-29,29.433996200561523
2007-10-30,29.219072341918945
2007-10-31,29.614980697631836
2007-11-01,28.874048233032227
2007-11-02,29.043725967407227
2007-11-05,28.710020065307617
2007-11-06,29.117258071899414
2007-11-07,28.55730628967285
2007-11-08,28.749622344970703
2007-11-09,28.076539993286133
2007-11-12,27.629722595214844
2007-11-13,28.444190979003906
2007-11-14,28.342376708984375
2007-11-15,27.82768440246582
2007-11-16,27.935148239135742
2007-11-19,27.233797073364258
2007-11-20,27.79375648498535
2007-11-21,27.228130340576172
2007-11-23,27.816362380981445
2007-11-26,27.392162322998047
2007-11-27,27.855960845947266
2007-11-28,28.57992935180664
2007-11-29,28.398944854736328
2007-11-30,28.50074577331543
2007-12-03,28.393280029296875
2007-12-04,28.19532585144043
2007-12-05,28.59125328063965
2007-12-06,28.857067108154297
2007-12-07,28.74394989013672
2007-12-10,29.021108627319336
2007-12-11,28.314096450805664
2007-12-12,28.76091957092285
2007-12-13,28.274511337280273
2007-12-14,27.510942459106445
2007-12-17,26.917055130004883
2007-12-18,27.211177825927734
2007-12-19,27.02452278137207
2007-12-20,27.115022659301758
2007-12-21,27.561840057373047
2007-12-24,27.720821380615234
2007-12-26,27.876920700073242
2007-12-27,27.622547149658203
2007-12-28,27.917387008666992
2007-12-31,27.703495025634766
2008-01-02,27.639892578125
2008-01-03,27.686140060424805
2008-01-04,27.079120635986328
2008-01-07,27.113786697387695
2008-01-08,26.89411163330078
2008-01-09,27.06755256652832
2008-01-10,27.038633346557617
2008-01-11,26.570369720458984
2008-01-14,26.998184204101562
2008-01-15,26.14834213256836
2008-01-16,25.610692977905273
2008-01-17,25.17711067199707
2008-01-18,25.269603729248047
2008-01-22,24.552743911743164
2008-01-23,24.500709533691406
2008-01-24,25.182889938354492
2008-01-25,25.073040008544922
2008-01-28,25.269603729248047
2008-01-29,25.44881820678711
2008-01-30,25.281171798706055
2008-01-31,25.656938552856445
2008-02-01,26.0153751373291
2008-02-04,25.74944305419922
2008-02-05,24.72038459777832
2008-02-06,24.656789779663086
2008-02-07,24.483356475830078
2008-02-08,24.2463321685791
2008-02-11,24.333053588867188
2008-02-12,24.80710792541504
2008-02-13,24.951627731323242
2008-02-14,24.928510665893555
2008-02-15,24.96320343017578
2008-02-19,25.31585693359375
2008-02-20,25.084604263305664
2008-02-21,25.12507438659668
2008-02-22,25.391002655029297
2008-02-25,25.76677894592285
2008-02-26,26.20616912841797
2008-02-27,26.246625900268555
2008-02-28,26.038503646850586
2008-02-29,25.396785736083984
2008-03-03,25.40256690979004
2008-03-04,25.073040008544922
2008-03-05,25.327411651611328
2008-03-06,25.067264556884766
2008-03-07,24.73195457458496
2008-03-10,24.489139556884766
2008-03-11,25.275379180908203
2008-03-12,25.3019962310791
2008-03-13,25.32512664794922
2008-03-14,24.76992416381836
2008-03-17,24.382450103759766
2008-03-18,25.12848472595215
2008-03-19,24.203163146972656
2008-03-20,24.45184898376465
2008-03-24,24.943418502807617
2008-03-25,25.37139129638672
2008-03-26,25.348255157470703
2008-03-27,25.388742446899414
2008-03-28,25.336685180664062
2008-03-31,25.492841720581055
2008-04-01,26.23310661315918
2008-04-02,26.319839477539062
2008-04-03,26.389245986938477
2008-04-04,26.51070785522461
2008-04-07,26.614809036254883
2008-04-08,26.38346290588379
2008-04-09,26.215763092041016
2008-04-10,26.10586929321289
2008-04-11,25.7646541595459
2008-04-14,25.782001495361328
2008-04-15,25.932374954223633
2008-04-16,26.823001861572266
2008-04-17,26.53961753845215
2008-04-18,26.701557159423828
2008-04-21,26.90974235534668
2008-04-22,26.609010696411133
2008-04-23,26.70733070373535
2008-04-24,26.574312210083008
2008-04-25,26.875043869018555
2008-04-28,26.98493766784668
2008-04-29,26.73046875
2008-04-30,26.863483428955078
2008-05-01,27.07746124267578
2008-05-02,27.146865844726562
2008-05-05,27.187345504760742
2008-05-06,27.29144859313965
2008-05-07,26.85770034790039
2008-05-08,27.01963233947754
2008-05-09,26.927108764648438
2008-05-12,27.181550979614258
2008-05-13,27.083248138427734
2008-05-14,27.10059928894043
2008-05-15,27.50543785095215
2008-05-16,27.8350830078125
2008-05-19,27.788814544677734
2008-05-20,27.534347534179688
2008-05-21,27.227834701538086
2008-05-22,27.488075256347656
2008-05-23,27.12371063232422
2008-05-27,27.09481430053711
2008-05-28,27.135311126708984
2008-05-29,27.048532485961914
2008-05-30,27.187345504760742
2008-06-02,26.932886123657227
2008-06-03,26.840347290039062
2008-06-04,26.70733070373535
2008-06-05,27.12371063232422
2008-06-06,26.36034393310547
2008-06-09,26.34298324584961
2008-06-10,25.868743896484375
2008-06-11,25.515975952148438
2008-06-12,25.411869049072266
2008-06-13,25.620071411132812
2008-06-16,25.747303009033203
2008-06-17,25.839839935302734
2008-06-18,25.60849952697754
2008-06-19,25.539098739624023
2008-06-20,24.99547576904297
2008-06-23,24.95498275756836
2008-06-24,24.89137077331543
2008-06-25,25.17475700378418
2008-06-26,24.550159454345703
2008-06-27,24.671611785888672
2008-06-30,24.827762603759766
2008-07-01,24.579076766967773
2008-07-02,24.162670135498047
2008-07-03,24.307252883911133
2008-07-07,24.099069595336914
2008-07-08,24.22629165649414
2008-07-09,24.012311935424805
2008-07-10,24.14532470703125
2008-07-11,23.70000648498535
2008-07-14,23.659523010253906
2008-07-15,23.266263961791992
2008-07-16,23.717355728149414
2008-07-17,24.058578491210938
2008-07-18,24.24363899230957
2008-07-21,24.41714859008789
2008-07-22,24.411361694335938
2008-07-23,24.561731338500977
2008-07-24,24.139541625976562
2008-07-25,24.139541625976562
2008-07-28,23.821462631225586
2008-07-29,24.012311935424805
2008-07-30,24.278350830078125
2008-07-31,23.966041564941406
2008-08-01,23.653749465942383
2008-08-04,23.433982849121094
2008-08-05,24.00652503967285
2008-08-06,24.01809310913086
2008-08-07,23.549650192260742
2008-08-08,23.624832153320312
2008-08-11,23.642179489135742
2008-08-12,23.53229331970215
2008-08-13,23.10433006286621
2008-08-14,23.006010055541992
2008-08-15,22.844078063964844
2008-08-18,22.722637176513672
2008-08-19,22.46816635131836
2008-08-20,22.583824157714844
2008-08-21,22.722637176513672
2008-08-22,22.820945739746094
2008-08-25,22.445032119750977
2008-08-26,22.554916381835938
2008-08-27,22.7862491607666
2008-08-28,23.052278518676758
2008-08-29,23.006010055541992
2008-09-02,22.65900993347168
2008-09-03,22.54913902282715
2008-09-04,21.548614501953125
2008-09-05,21.53127670288086
2008-09-08,21.94188117980957
2008-09-09,21.31728172302246
2008-09-10,21.427173614501953
2008-09-11,21.380908966064453
2008-09-12,21.820430755615234
2008-09-15,20.889324188232422
2008-09-16,20.779434204101562
2008-09-17,20.05652618408203
2008-09-18,20.819915771484375
2008-09-19,22.202129364013672
2008-09-22,21.860919952392578
2008-09-23,21.36355209350586
2008-09-24,21.3751163482666
2008-09-25,21.803085327148438
2008-09-26,21.629579544067383
2008-09-29,19.48396873474121
2008-09-30,20.33990478515625
2008-10-01,20.23581314086914
2008-10-02,19.36831283569336
2008-10-03,19.31625747680664
2008-10-06,18.20008087158203
2008-10-07,17.390413284301758
2008-10-08,16.93354034423828
2008-10-09,15.961938858032227
2008-10-10,15.464576721191406
2008-10-13,17.83572769165039
2008-10-14,17.465595245361328
2008-10-15,15.539754867553711
2008-10-16,16.337854385375977
2008-10-17,16.077608108520508
2008-10-20,16.869918823242188
2008-10-21,16.16435432434082
2008-10-22,14.834197044372559
2008-10-23,15.134929656982422
2008-10-24,14.313697814941406
2008-10-27,13.665961265563965
2008-10-28,14.695388793945312
2008-10-29,15.522405624389648
2008-10-30,15.990854263305664
2008-10-31,16.158573150634766
2008-11-03,16.152782440185547
2008-11-04,17.297887802124023
2008-11-05,16.43039321899414
2008-11-06,15.239020347595215
2008-11-07,16.170141220092773
2008-11-10,15.95615005493164
2008-11-11,15.354689598083496
2008-11-12,14.550808906555176
2008-11-13,15.649641036987305
2008-11-14,14.851543426513672
2008-11-17,14.614429473876953
2008-11-18,14.649127960205078
2008-11-19,13.706446647644043
2008-11-20,13.006667137145996
2008-11-21,13.718019485473633
2008-11-24,14.753222465515137
2008-11-25,14.949861526489258
2008-11-26,15.14071273803711
2008-11-28,15.088656425476074
2008-12-01,13.845247268676758
2008-12-02,14.602861404418945
2008-12-03,14.747444152832031
2008-12-04,14.319478988647461
2008-12-05,14.608642578125
2008-12-08,15.210105895996094
2008-12-09,15.094446182250977
2008-12-10,15.470357894897461
2008-12-11,15.586027145385742
2008-12-12,15.545543670654297
2008-12-15,15.56867504119873
2008-12-16,16.47087287902832
2008-12-17,16.401470184326172
2008-12-18,15.8578462600708
2008-12-19,15.666993141174316
2008-12-22,15.620723724365234
2008-12-23,15.45301342010498
2008-12-24,15.664986610412598
2008-12-26,15.712886810302734
2008-12-29,15.736846923828125
2008-12-30,16.23984718322754
2008-12-31,16.449430465698242
2009-01-02,16.551227569580078
2009-01-05,16.30571937561035
2009-01-06,16.449430465698242
2009-01-07,16.251827239990234
2009-01-08,16.44344711303711
2009-01-09,15.946432113647461
2009-01-12,15.557205200195312
2009-01-13,15.275763511657715
2009-01-14,14.605087280273438
2009-01-15,14.772750854492188
2009-01-16,14.886533737182617
2009-01-20,13.772729873657227
2009-01-21,14.413467407226562
2009-01-22,14.10208511352539
2009-01-23,13.970341682434082
2009-01-26,14.293702125549316
2009-01-27,14.503284454345703
2009-01-28,14.982343673706055
2009-01-29,14.299691200256348
2009-01-30,14.143999099731445
2009-02-02,14.042197227478027
2009-02-03,14.407477378845215
2009-02-04,14.3475980758667
2009-02-05,14.521257400512695
2009-02-06,14.862577438354492
2009-02-09,14.892520904541016
2009-02-10,14.155980110168457
2009-02-11,14.287715911865234
2009-02-12,14.26375675201416
2009-02-13,14.114052772521973
2009-02-17,13.359554290771484
2009-02-18,13.341586112976074
2009-02-19,13.323617935180664
2009-02-20,13.173920631408691
2009-02-23,12.676905632019043
2009-02-24,13.167929649353027
2009-02-25,12.862537384033203
2009-02-26,12.754746437072754
2009-02-27,12.718823432922363
2009-03-02,12.03617000579834
2009-03-03,11.940361022949219
2009-03-04,12.4373779296875
2009-03-05,11.934371948242188
2009-03-06,11.958328247070312
2009-03-09,11.640954971313477
2009-03-10,12.365523338317871
2009-03-11,12.431386947631836
2009-03-12,12.760740280151367
2009-03-13,12.790678977966309
2009-03-16,12.958346366882324
2009-03-17,13.293684005737305
2009-03-18,13.682917594909668
2009-03-19,13.676924705505371
2009-03-20,13.479315757751465
2009-03-23,14.443624496459961
2009-03-24,13.988142013549805
2009-03-25,14.239851951599121
2009-03-26,14.41366195678711
2009-03-27,13.946189880371094
2009-03-30,13.436767578125
2009-03-31,13.790355682373047
2009-04-01,14.155948638916016
2009-04-02,14.79122257232666
2009-04-03,14.863143920898438
2009-04-06,14.599444389343262
2009-04-07,14.299784660339355
2009-04-08,14.41964340209961
2009-04-09,14.785232543945312
2009-04-13,14.935070991516113
2009-04-14,14.827184677124023
2009-04-15,15.00098705291748
2009-04-16,15.090888023376465
2009-04-17,15.084895133972168
2009-04-20,14.431628227233887
2009-04-21,14.749275207519531
2009-04-22,14.653386116027832
2009-04-23,15.030956268310547
2009-04-24,15.27668571472168
2009-04-27,15.078902244567871
2009-04-28,14.971027374267578
2009-04-29,15.384559631347656
2009-04-30,15.420509338378906
2009-05-01,15.636265754699707
2009-05-04,16.217615127563477
2009-05-05,15.995871543884277
2009-05-06,16.4873046875
2009-05-07,16.2415828704834
2009-05-08,16.90682601928711
2009-05-11,16.52326202392578
2009-05-12,16.661108016967773
2009-05-13,16.09175682067871
2009-05-14,16.283538818359375
2009-05-15,16.09175682067871
2009-05-18,16.72702980041504
2009-05-19,16.834909439086914
2009-05-20,16.95477867126465
2009-05-21,16.792953491210938
2009-05-22,16.9248046875
2009-05-26,17.224472045898438
2009-05-27,16.942787170410156
2009-05-28,17.06264877319336
2009-05-29,17.434228897094727
2009-06-01,17.85375213623047
2009-06-02,18.021564483642578
2009-06-03,17.50615119934082
2009-06-04,17.57207679748535
2009-06-05,17.37430191040039
2009-06-08,17.272409439086914
2009-06-09,17.44622039794922
2009-06-10,17.512142181396484
2009-06-11,17.80580711364746
2009-06-12,17.727893829345703
2009-06-15,17.134571075439453
2009-06-16,16.942787170410156
2009-06-17,16.960763931274414
2009-06-18,16.978748321533203
2009-06-19,17.188505172729492
2009-06-22,16.637136459350586
2009-06-23,16.91282081604004
2009-06-24,16.82891845703125
2009-06-25,17.24843978881836
2009-06-26,17.24843978881836
2009-06-29,17.30837631225586
2009-06-30,17.116594314575195
2009-07-01,17.524126052856445
2009-07-02,16.99073600769043
2009-07-06,17.014705657958984
2009-07-07,16.595184326171875
2009-07-08,16.50528335571289
2009-07-09,16.84090232849121
2009-07-10,16.511280059814453
2009-07-13,16.81093406677246
2009-07-14,16.852895736694336
2009-07-15,17.362314224243164
2009-07-16,17.64398956298828
2009-07-17,17.62002182006836
2009-07-20,17.925674438476562
2009-07-21,18.015573501586914
2009-07-22,18.08149528503418
2009-07-23,18.345197677612305
2009-07-24,18.501026153564453
2009-07-27,18.507015228271484
2009-07-28,18.44709014892578
2009-07-29,18.231325149536133
2009-07-30,18.662839889526367
2009-07-31,18.926538467407227
2009-08-03,19.43596076965332
2009-08-04,19.411989212036133
2009-08-05,19.3460693359375
2009-08-06,19.214214324951172
2009-08-07,19.172256469726562
2009-08-10,19.034412384033203
2009-08-11,18.90256690979004
2009-08-12,19.142295837402344
2009-08-13,19.447952270507812
2009-08-14,19.280134201049805
2009-08-17,18.64486312866211
2009-08-18,18.956504821777344
2009-08-19,19.1063289642334
2009-08-20,19.304109573364258
2009-08-21,19.681678771972656
2009-08-24,19.67569351196289
2009-08-25,19.849489212036133
2009-08-26,19.75360107421875
2009-08-27,19.909423828125
2009-08-28,19.92141342163086
2009-08-31,19.777570724487305
2009-09-01,19.29811668395996
2009-09-02,19.322092056274414
2009-09-03,19.471925735473633
2009-09-04,19.711639404296875
2009-09-08,20.08922004699707
2009-09-09,20.34693145751953
2009-09-10,20.508750915527344
2009-09-11,20.442827224731445
2009-09-14,20.496761322021484
2009-09-15,20.442827224731445
2009-09-16,20.98220443725586
2009-09-17,20.856346130371094
2009-09-18,20.892309188842773
2009-09-21,20.66456413269043
2009-09-22,20.92826271057129
2009-09-23,20.820388793945312
2009-09-24,20.46678924560547
2009-09-25,20.46678924560547
2009-09-28,20.646589279174805
2009-09-29,20.532718658447266
2009-09-30,20.55668830871582
2009-10-01,19.9753475189209
2009-10-02,19.79555320739746
2009-10-05,20.077228546142578
2009-10-06,20.406858444213867
2009-10-07,20.478778839111328
2009-10-08,20.796417236328125
2009-10-09,20.712512969970703
2009-10-12,20.832382202148438
2009-10-13,20.82638168334961
2009-10-14,21.329809188842773
2009-10-15,21.40772819519043
2009-10-16,21.084087371826172
2009-10-19,21.431697845458984
2009-10-20,21.31183433532715
2009-10-21,21.23392677307129
2009-10-22,21.44967269897461
2009-10-23,21.096071243286133
2009-10-26,20.76046371459961
2009-10-27,20.652578353881836
2009-10-28,20.10120391845703
2009-10-29,20.712512969970703
2009-10-30,19.98733139038086
2009-11-02,20.197097778320312
2009-11-03,20.125186920166016
2009-11-04,20.41884422302246
2009-11-05,20.604633331298828
2009-11-06,20.652578353881836
2009-11-09,21.203956604003906
2009-11-10,21.144020080566406
2009-11-11,21.197969436645508
2009-11-12,20.86833381652832
2009-11-13,21.179983139038086
2009-11-16,21.50960922241211
2009-11-17,21.353784561157227
2009-11-18,21.299850463867188
2009-11-19,20.850358963012695
2009-11-20,20.742483139038086
2009-11-23,21.126041412353516
2009-11-24,21.01218032836914
2009-11-25,21.3418025970459
2009-11-27,20.688541412353516
2009-11-30,20.80840492248535
2009-12-01,21.365774154663086
2009-12-02,21.38974380493164
2009-12-03,21.347797393798828
2009-12-04,21.26987648010254
2009-12-07,21.144020080566406
2009-12-08,20.784435272216797
2009-12-09,20.832382202148438
2009-12-10,20.820388793945312
2009-12-11,20.850358963012695
2009-12-14,21.01218032836914
2009-12-15,20.80840492248535
2009-12-16,21.042137145996094
2009-12-17,20.532718658447266
2009-12-18,20.55668830871582
2009-12-21,20.66456413269043
2009-12-22,20.784435272216797
2009-12-23,20.98220443725586
2009-12-24,21.072364807128906
2009-12-28,21.15821647644043
2009-12-29,21.164348602294922
2009-12-30,21.15209197998047
2009-12-31,20.97422981262207
2010-01-04,21.538455963134766
2010-01-05,21.550716400146484
2010-01-06,21.556854248046875
2010-01-07,21.5139217376709
2010-01-08,21.74696922302246
2010-01-11,21.881893157958984
2010-01-12,21.630441665649414
2010-01-13,21.832834243774414
2010-01-14,21.955480575561523
2010-01-15,21.599782943725586
2010-01-19,21.838964462280273
2010-01-20,21.280874252319336
2010-01-21,20.83930778503418
2010-01-22,20.37321662902832
2010-01-25,20.673725128173828
2010-01-26,20.563325881958008
2010-01-27,20.520404815673828
2010-01-28,20.183101654052734
2010-01-29,19.833534240722656
2010-02-01,20.213773727416992
2010-02-02,20.60626220703125
2010-02-03,20.293493270874023
2010-02-04,19.502365112304688
2010-02-05,19.33063316345215
2010-02-08,19.158924102783203
2010-02-09,19.72926902770996
2010-02-10,19.606613159179688
2010-02-11,19.77220344543457
2010-02-12,19.723140716552734
2010-02-16,20.03591537475586
2010-02-17,20.06043815612793
2010-02-18,20.244430541992188
2010-02-19,20.06043815612793
2010-02-22,20.091110229492188
2010-02-23,19.864194869995117
2010-02-24,19.92552375793457
2010-02-25,19.845796585083008
2010-02-26,19.980714797973633
2010-03-01,20.127912521362305
2010-03-02,20.275094985961914
2010-03-03,20.563325881958008
2010-03-04,20.459077835083008
2010-03-05,20.919044494628906
2010-03-08,20.863845825195312
2010-03-09,20.802515029907227
2010-03-10,20.93743896484375
2010-03-11,21.004894256591797
2010-03-12,21.10301971435547
2010-03-15,20.97422981262207
2010-03-16,21.219547271728516
2010-03-17,21.342201232910156
2010-03-18,21.213415145874023
2010-03-19,20.992630004882812
2010-03-22,21.035554885864258
2010-03-23,21.214082717895508
2010-03-24,20.83373260498047
2010-03-25,20.858266830444336
2010-03-26,20.987102508544922
2010-03-29,21.20181655883789
2010-03-30,21.2202205657959
2010-03-31,21.238622665405273
2010-04-01,21.55149269104004
2010-04-05,21.520822525024414
2010-04-06,21.545358657836914
2010-04-07,21.324506759643555
2010-04-08,21.342920303344727
2010-04-09,21.655792236328125
2010-04-12,21.741674423217773
2010-04-13,21.71713638305664
2010-04-14,21.993194580078125
2010-04-15,22.011611938476562
2010-04-16,21.496286392211914
2010-04-19,21.453346252441406
2010-04-20,21.618989944458008
2010-04-21,21.453346252441406
2010-04-22,21.24476432800293
2010-04-23,21.385854721069336
2010-04-26,21.428802490234375
2010-04-27,20.58220100402832
2010-04-28,20.563796997070312
2010-04-29,20.919612884521484
2010-04-30,20.64967918395996
2010-05-03,20.760107040405273
2010-05-04,19.938051223754883
2010-05-05,19.59450340270996
2010-05-06,18.668142318725586
2010-05-07,18.62520408630371
2010-05-10,19.833763122558594
2010-05-11,19.576093673706055
2010-05-12,19.76628303527832
2010-05-13,19.52701759338379
2010-05-14,18.987165451049805
2010-05-17,18.938077926635742
2010-05-18,18.527050018310547
2010-05-19,18.6558780670166
2010-05-20,17.809282302856445
2010-05-21,18.385942459106445
2010-05-24,17.974916458129883
2010-05-25,17.938108444213867
2010-05-26,17.649770736694336
2010-05-27,18.637475967407227
2010-05-28,18.269393920898438
2010-06-01,18.060806274414062
2010-06-02,18.612930297851562
2010-06-03,18.514772415161133
2010-06-04,17.760204315185547
2010-06-07,17.496402740478516
2010-06-08,17.77860450744629
2010-06-09,17.729522705078125
2010-06-10,18.477970123291016
2010-06-11,18.52091407775879
2010-06-14,18.62520408630371
2010-06-15,19.214141845703125
2010-06-16,19.16506576538086
2010-06-17,19.189603805541992
2010-06-18,19.16506576538086
2010-06-21,19.183475494384766
2010-06-22,18.938077926635742
2010-06-23,19.048505783081055
2010-06-24,18.717220306396484
2010-06-25,18.827653884887695
2010-06-28,18.686548233032227
2010-06-29,18.01173210144043
2010-06-30,17.938108444213867
2010-07-01,18.14669418334961
2010-07-02,18.10988426208496
2010-07-06,18.465700149536133
2010-07-07,19.06077003479004
2010-07-08,19.28162956237793
2010-07-09,19.293901443481445
2010-07-12,19.238689422607422
2010-07-13,19.576093673706055
2010-07-14,19.600643157958984
2010-07-15,19.729461669921875
2010-07-16,19.091445922851562
2010-07-19,19.23255157470703
2010-07-20,19.342979431152344
2010-07-21,18.99942398071289
2010-07-22,19.655851364135742
2010-07-23,19.870569229125977
2010-07-26,20.023937225341797
2010-07-27,20.08528709411621
2010-07-28,19.95645523071289
2010-07-29,20.048471450805664
2010-07-30,20.030073165893555
2010-08-02,20.686494827270508
2010-08-03,20.64967918395996
2010-08-04,20.631277084350586
2010-08-05,20.64967918395996
2010-08-06,20.71103286743164
2010-08-09,20.766246795654297
2010-08-10,20.61901092529297
2010-08-11,19.655851364135742
2010-08-12,19.643583297729492
2010-08-13,19.563833236694336
2010-08-16,19.7110652923584
2010-08-17,19.944183349609375
2010-08-18,19.95645523071289
2010-08-19,19.692657470703125
2010-08-20,19.453405380249023
2010-08-23,19.422727584838867
2010-08-24,19.122127532958984
2010-08-25,19.128257751464844
2010-08-26,19.122127532958984
2010-08-27,19.514753341674805
2010-08-30,19.257083892822266
2010-08-31,19.312297821044922
2010-09-01,19.99325942993164
2010-09-02,20.097553253173828
2010-09-03,20.28772735595703
2010-09-07,20.030073165893555
2010-09-08,20.17117691040039
2010-09-09,20.349069595336914
2010-09-10,20.4042911529541
2010-09-13,20.77850914001465
2010-09-14,20.907352447509766
2010-09-15,20.9318790435791
2010-09-16,20.815326690673828
2010-09-17,20.66195297241211
2010-09-20,21.054584503173828
2010-09-21,21.054584503173828
2010-09-22,21.036176681518555
2010-09-23,20.803056716918945
2010-09-24,21.379718780517578
2010-09-27,21.281566619873047
2010-09-28,21.410396575927734
2010-09-29,21.367462158203125
2010-09-30,21.177278518676758
2010-10-01,21.416536331176758
2010-10-04,21.13433265686035
2010-10-05,21.71713638305664
2010-10-06,21.876638412475586
2010-10-07,21.8398380279541
2010-10-08,21.974794387817383
2010-10-11,21.944128036499023
2010-10-12,21.90118408203125
2010-10-13,22.146570205688477
2010-10-14,22.293800354003906
2010-10-15,22.256999969482422
2010-10-18,22.391963958740234
2010-10-19,21.784616470336914
2010-10-20,22.207923889160156
2010-10-21,22.09136199951172
2010-10-22,22.140438079833984
2010-10-25,22.226318359375
2010-10-26,22.06682014465332
2010-10-27,21.852100372314453
2010-10-28,22.030010223388672
2010-10-29,22.036144256591797
2010-11-01,21.944128036499023
2010-11-02,22.29994010925293
2010-11-03,22.477855682373047
2010-11-04,22.98703956604004
2010-11-05,22.888877868652344
2010-11-08,22.772314071655273
2010-11-09,22.526927947998047
2010-11-10,22.600542068481445
2010-11-11,22.422637939453125
2010-11-12,22.21405029296875
2010-11-15,22.2508602142334
2010-11-16,21.69260025024414
2010-11-17,21.821434020996094
2010-11-18,22.36128807067871
2010-11-19,22.37356185913086
2010-11-22,22.134300231933594
2010-11-23,21.453346252441406
2010-11-24,21.796878814697266
2010-11-26,21.465614318847656
2010-11-29,21.238622665405273
2010-11-30,20.956430435180664
2010-12-01,21.582170486450195
2010-12-02,22.036144256591797
2010-12-03,22.21405029296875
2010-12-06,22.09749412536621
2010-12-07,22.140438079833984
2010-12-08,22.21405029296875
2010-12-09,22.23859405517578
2010-12-10,22.312210083007812
2010-12-13,22.55146026611328
2010-12-14,22.600542068481445
2010-12-15,22.29994010925293
2010-12-16,22.391963958740234
2010-12-17,22.281536102294922
2010-12-20,22.33061408996582
2010-12-21,22.49011993408203
2010-12-22,22.56304931640625
2010-12-23,22.531614303588867
2010-12-27,22.506465911865234
2010-12-28,22.50017547607422
2010-12-29,22.70136260986328
2010-12-30,22.613338470458984
2010-12-31,22.72650146484375
2011-01-03,22.90882682800293
2011-01-04,22.83966636657715
2011-01-05,22.713932037353516
2011-01-06,22.51275062561035
2011-01-07,22.437313079833984
2011-01-10,22.374439239501953
2011-01-11,22.525333404541016
2011-01-12,23.003116607666016
2011-01-13,23.09741973876953
2011-01-14,23.223155975341797
2011-01-18,23.37403678894043
2011-01-19,23.254581451416016
2011-01-20,23.053409576416016
2011-01-21,23.17914390563965
2011-01-24,23.3866024017334
2011-01-25,23.37403678894043
2011-01-26,23.487194061279297
2011-01-27,23.543777465820312
2011-01-28,22.99683380126953
2011-01-31,23.21686553955078
2011-02-01,23.78266716003418
2011-02-02,23.77009391784668
2011-02-03,23.77638053894043
2011-02-04,23.75123405456543
2011-02-07,23.826677322387695
2011-02-08,23.952421188354492
2011-02-09,23.90211296081543
2011-02-10,23.73237419128418
2011-02-11,23.74494743347168
2011-02-14,23.77009391784668
2011-02-15,23.70722770690918
2011-02-16,24.002696990966797
2011-02-17,24.115869522094727
2011-02-18,24.197595596313477
2011-02-22,23.49976921081543
2011-02-23,23.49976921081543
2011-02-24,23.518627166748047
2011-02-25,23.826677322387695
2011-02-28,24.065567016601562
2011-03-01,23.713520050048828
2011-03-02,23.826677322387695
2011-03-03,24.15986442565918
2011-03-04,23.927265167236328
2011-03-07,23.66950225830078
2011-03-08,23.75123405456543
2011-03-09,23.72608757019043
2011-03-10,23.154001235961914
2011-03-11,23.1854305267334
2011-03-14,22.764219284057617
2011-03-15,22.261289596557617
2011-03-16,21.58859634399414
2011-03-17,22.286426544189453
2011-03-18,22.63848876953125
2011-03-21,23.204294204711914
2011-03-22,23.141429901123047
2011-03-23,23.142681121826172
2011-03-24,23.463409423828125
2011-03-25,23.174118041992188
2011-03-28,23.180408477783203
2011-03-29,23.318763732910156
2011-03-30,23.57660675048828
2011-03-31,23.463409423828125
2011-04-01,23.70237922668457
2011-04-04,23.696094512939453
2011-04-05,23.633211135864258
2011-04-06,23.840726852416992
2011-04-07,23.73381996154785
2011-04-08,23.916200637817383
2011-04-11,23.865888595581055
2011-04-12,23.64578628540039
2011-04-13,23.727540969848633
2011-04-14,23.82816505432129
2011-04-15,23.79671287536621
2011-04-18,23.312477111816406
2011-04-19,23.48227310180664
2011-04-20,24.10487174987793
2011-04-21,24.24950408935547
2011-04-25,24.23693084716797
2011-04-26,24.425586700439453
2011-04-27,24.727455139160156
2011-04-28,24.89725112915039
2011-04-29,24.916114807128906
2011-05-02,24.922405242919922
2011-05-03,24.721155166625977
2011-05-04,24.507343292236328
2011-05-05,24.041982650756836
2011-05-06,24.060836791992188
2011-05-09,24.218067169189453
2011-05-10,24.450754165649414
2011-05-11,23.985376358032227
2011-05-12,24.060836791992188
2011-05-13,23.67093849182129
2011-05-16,23.639490127563477
2011-05-17,23.689809799194336
2011-05-18,23.84701919555664
2011-05-19,23.991662979125977
2011-05-20,23.626914978027344
2011-05-23,23.079790115356445
2011-05-24,23.205568313598633
2011-05-25,23.38166046142578
2011-05-26,23.60805320739746
2011-05-27,23.771556854248047
2011-05-31,24.243215560913086
2011-06-01,23.683507919311523
2011-06-02,23.82816505432129
2011-06-03,23.82816505432129
2011-06-06,23.51372528076172
2011-06-07,23.70237922668457
2011-06-08,23.406818389892578
2011-06-09,23.67093849182129
2011-06-10,23.079790115356445
2011-06-13,23.142681121826172
2011-06-14,23.545162200927734
2011-06-15,22.740190505981445
2011-06-16,22.689889907836914
2011-06-17,22.91628074645996
2011-06-20,22.903701782226562
2011-06-21,23.4005184173584
2011-06-22,23.142681121826172
2011-06-23,22.91628074645996
2011-06-24,22.70875358581543
2011-06-27,22.903701782226562
2011-06-28,23.180408477783203
2011-06-29,23.589174270629883
2011-06-30,23.947650909423828
2011-07-01,24.199190139770508
2011-07-05,24.03569221496582
2011-07-06,23.916200637817383
2011-07-07,24.111154556274414
2011-07-08,23.80300521850586
2011-07-11,23.09237289428711
2011-07-12,22.922576904296875
2011-07-13,23.274749755859375
2011-07-14,23.086084365844727
2011-07-15,23.174118041992188
2011-07-18,22.815670013427734
2011-07-19,23.174118041992188
2011-07-20,23.457120895385742
2011-07-21,23.96021842956543
2011-07-22,24.010534286499023
2011-07-25,23.84701919555664
2011-07-26,23.997957229614258
2011-07-27,23.41309356689453
2011-07-28,23.325048446655273
2011-07-29,23.375362396240234
2011-08-01,23.104944229125977
2011-08-02,22.5012264251709
2011-08-03,22.626995086669922
2011-08-04,21.010786056518555
2011-08-05,21.406982421875
2011-08-08,19.765609741210938
2011-08-09,21.079965591430664
2011-08-10,19.834793090820312
2011-08-11,20.76552963256836
2011-08-12,21.079965591430664
2011-08-15,21.57677459716797
2011-08-16,21.19317054748535
2011-08-17,21.331514358520508
2011-08-18,20.33789825439453
2011-08-19,19.99829864501953
2011-08-22,20.149227142333984
2011-08-23,20.790685653686523
2011-08-24,20.784387588500977
2011-08-25,20.306447982788086
2011-08-26,20.595735549926758
2011-08-29,21.098833084106445
2011-08-30,21.010786056518555
2011-08-31,21.369243621826172
2011-09-01,21.123981475830078
2011-09-02,20.614595413208008
2011-09-06,19.954273223876953
2011-09-07,20.55170440673828
2011-09-08,20.13664436340332
2011-09-09,19.463748931884766
2011-09-12,19.331680297851562
2011-09-13,19.539209365844727
2011-09-14,19.809633255004883
2011-09-15,20.243553161621094
2011-09-16,20.23097801208496
2011-09-19,19.69643211364746
2011-09-20,19.759326934814453
2011-09-21,19.193334579467773
2011-09-22,18.50786018371582
2011-09-23,18.690231323242188
2011-09-26,19.105289459228516
2011-09-27,19.53292465209961
2011-09-28,19.237354278564453
2011-09-29,19.620967864990234
2011-09-30,18.948074340820312
2011-10-03,18.46383285522461
2011-10-04,18.784561157226562
2011-10-05,19.086423873901367
2011-10-06,19.595808029174805
2011-10-07,19.470043182373047
2011-10-10,20.21211051940918
2011-10-11,20.130355834960938
2011-10-12,20.49510955810547
2011-10-13,20.476238250732422
2011-10-14,20.721508026123047
2011-10-17,20.243553161621094
2011-10-18,20.488815307617188
2011-10-19,20.17437744140625
2011-10-20,20.18695831298828
2011-10-21,20.708934783935547
2011-10-24,21.017078399658203
2011-10-25,20.683767318725586
2011-10-26,20.960481643676758
2011-10-27,22.11760902404785
2011-10-28,21.93523406982422
2011-10-31,20.79697036743164
2011-11-01,20.105199813842773
2011-11-02,20.35675621032715
2011-11-03,20.866140365600586
2011-11-04,20.583145141601562
2011-11-07,20.677486419677734
2011-11-08,20.935327529907227
2011-11-09,19.853654861450195
2011-11-10,20.117786407470703
2011-11-11,20.60831069946289
2011-11-14,20.23097801208496
2011-11-15,20.161800384521484
2011-11-16,19.759326934814453
2011-11-17,19.564367294311523
2011-11-18,19.620967864990234
2011-11-21,19.143022537231445
2011-11-22,19.086423873901367
2011-11-23,18.545589447021484
2011-11-25,18.47641944885254
2011-11-28,19.249937057495117
2011-11-29,19.375707626342773
2011-11-30,20.36304473876953
2011-12-01,20.155517578125
2011-12-02,20.224687576293945
2011-12-05,20.438507080078125
2011-12-06,20.35675621032715
2011-12-07,20.488815307617188
2011-12-08,19.847366333007812
2011-12-09,20.28129005432129
2011-12-12,19.69643211364746
2011-12-13,19.451168060302734
2011-12-14,19.21219825744629
2011-12-15,19.319108963012695
2011-12-16,19.237354278564453
2011-12-19,19.061264038085938
2011-12-20,19.702720642089844
2011-12-21,19.628549575805664
2011-12-22,19.784700393676758
2011-12-23,19.947343826293945
2011-12-27,19.843252182006836
2011-12-28,19.511445999145508
2011-12-29,19.849760055541992
2011-12-30,19.927833557128906
2012-01-03,20.461318969726562
2012-01-04,20.344213485717773
2012-01-05,20.05143928527832
2012-01-06,19.817232131958008
2012-01-09,19.862770080566406
2012-01-10,20.18807029724121
2012-01-11,20.123003005981445
2012-01-12,20.181562423706055
2012-01-13,19.98638153076172
2012-01-17,20.181562423706055
2012-01-18,20.545902252197266
2012-01-19,20.78662109375
2012-01-20,20.884204864501953
2012-01-23,20.988306045532227
2012-01-24,20.884204864501953
2012-01-25,21.09239959716797
2012-01-26,21.144451141357422
2012-01-27,21.163965225219727
2012-01-30,20.916736602783203
2012-01-31,21.046859741210938
2012-02-01,21.365659713745117
2012-02-02,21.411195755004883
2012-02-03,21.71697425842285
2012-02-06,21.6193904876709
2012-02-07,21.769023895263672
2012-02-08,21.853605270385742
2012-02-09,21.892637252807617
2012-02-10,21.48926544189453
2012-02-13,21.736492156982422
2012-02-14,21.586856842041016
2012-02-15,21.606372833251953
2012-02-16,21.892637252807617
2012-02-17,21.98372459411621
2012-02-21,21.99673843383789
2012-02-22,21.944684982299805
2012-02-23,22.120349884033203
2012-02-24,22.269983291625977
2012-02-27,22.126855850219727
2012-02-28,22.348054885864258
2012-02-29,22.074796676635742
2012-03-01,22.309019088745117
2012-03-02,22.08781623840332
2012-03-05,21.964202880859375
2012-03-06,21.274568557739258
2012-03-07,21.534812927246094
2012-03-08,21.99673843383789
2012-03-09,21.912153244018555
2012-03-12,21.866613388061523
2012-03-13,22.224441528320312
2012-03-14,22.02275848388672
2012-03-15,22.237457275390625
2012-03-16,22.39360237121582
2012-03-19,22.50419807434082
2012-03-20,22.230941772460938
2012-03-21,22.100828170776367
2012-03-22,21.945283889770508
2012-03-23,22.08195686340332
2012-03-26,22.381330490112305
2012-03-27,22.257673263549805
2012-03-28,22.11449432373047
2012-03-29,21.964811325073242
2012-03-30,22.147035598754883
2012-04-02,22.400848388671875
2012-04-03,21.997352600097656
2012-04-04,21.5157470703125
2012-04-05,21.385591506958008
2012-04-09,21.268444061279297
2012-04-10,20.84541893005371
2012-04-11,21.099233627319336
2012-04-12,21.509244918823242
2012-04-13,21.086219787597656
2012-04-16,21.21638298034668
2012-04-17,21.561307907104492
2012-04-18,21.437658309936523
2012-04-19,21.320507049560547
2012-04-20,21.535274505615234
2012-04-23,21.105741500854492
2012-04-24,21.281461715698242
2012-04-25,21.554798126220703
2012-04-26,21.691471099853516
2012-04-27,21.7435302734375
2012-04-30,21.619882583618164
2012-05-01,21.730520248413086
2012-05-02,21.561307907104492
2012-05-03,21.372575759887695
2012-05-04,21.02764320373535
2012-05-07,21.170822143554688
2012-05-08,20.871448516845703
2012-05-09,20.617637634277344
2012-05-10,20.71525764465332
2012-05-11,20.572078704833984
2012-05-14,20.207624435424805
2012-05-15,19.9407901763916
2012-05-16,19.74555206298828
2012-05-17,19.50474739074707
2012-05-18,19.3420467376709
2012-05-21,19.78460121154785
2012-05-22,19.713010787963867
2012-05-23,19.543800354003906
2012-05-24,19.40712547302246
2012-05-25,19.348562240600586
2012-05-29,19.576337814331055
2012-05-30,19.127281188964844
2012-05-31,19.205379486083984
2012-06-01,18.723772048950195
2012-06-04,18.873464584350586
2012-06-05,18.971088409423828
2012-06-06,19.517770767211914
2012-06-07,19.556814193725586
2012-06-08,19.485227584838867
2012-06-11,19.309505462646484
2012-06-12,19.647930145263672
2012-06-13,19.498241424560547
2012-06-14,19.602371215820312
2012-06-15,19.908252716064453
2012-06-18,19.86269760131836
2012-06-19,20.17508888244629
2012-06-20,20.31826400756836
2012-06-21,19.78460121154785
2012-06-22,19.979848861694336
2012-06-25,19.524272918701172
2012-06-26,19.634912490844727
2012-06-27,19.82364845275879
2012-06-28,19.843170166015625
2012-06-29,20.54604148864746
2012-07-02,20.68922996520996
2012-07-03,20.90399169921875
2012-07-05,20.585092544555664
2012-07-06,20.363821029663086
2012-07-09,20.324771881103516
2012-07-10,20.162073135375977
2012-07-11,20.246675491333008
2012-07-12,20.01889419555664
2012-07-13,20.31175994873047
2012-07-16,20.30524444580078
2012-07-17,20.376832962036133
2012-07-18,20.526521682739258
2012-07-19,20.695730209350586
2012-07-20,20.240163803100586
2012-07-23,19.817136764526367
2012-07-24,19.589351654052734
2012-07-25,19.706506729125977
2012-07-26,20.30524444580078
2012-07-27,20.754304885864258
2012-07-30,20.702234268188477
2012-07-31,20.598108291625977
2012-08-01,20.611122131347656
2012-08-02,20.324771881103516
2012-08-03,21.008113861083984
2012-08-06,21.138286590576172
2012-08-07,21.32701873779297
2012-08-08,21.333526611328125
2012-08-09,21.320507049560547
2012-08-10,21.359556198120117
2012-08-13,21.26193618774414
2012-08-14,21.3074951171875
2012-08-15,21.23590087890625
2012-08-16,21.476701736450195
2012-08-17,21.548297882080078
2012-08-20,21.476701736450195
2012-08-21,21.60035514831543
2012-08-22,21.574321746826172
2012-08-23,21.45718002319336
2012-08-24,21.431150436401367
2012-08-27,21.45718002319336
2012-08-28,21.431150436401367
2012-08-29,21.372575759887695
2012-08-30,21.07320213317871
2012-08-31,21.274953842163086
2012-09-04,21.144784927368164
2012-09-05,21.099233627319336
2012-09-06,21.619882583618164
2012-09-07,21.93877601623535
2012-09-10,21.76305389404297
2012-09-11,22.016876220703125
2012-09-12,22.134021759033203
2012-09-13,22.511484146118164
2012-09-14,22.7132511138916
2012-09-17,22.583080291748047
2012-09-18,22.511484146118164
2012-09-19,22.563552856445312
2012-09-20,22.42038917541504
2012-09-21,22.45941925048828
2012-09-24,22.4056396484375
2012-09-25,22.23297691345215
2012-09-26,22.0071964263916
2012-09-27,22.25954246520996
2012-09-28,21.834537506103516
2012-10-01,22.0071964263916
2012-10-02,22.086883544921875
2012-10-03,22.00055503845215
2012-10-04,22.246259689331055
2012-10-05,22.292739868164062
2012-10-08,22.146648406982422
2012-10-09,21.827898025512695
2012-10-10,21.75484275817871
2012-10-11,21.894296646118164
2012-10-12,21.900943756103516
2012-10-15,22.093523025512695
2012-10-16,22.465408325195312
2012-10-17,22.67790412902832
2012-10-18,22.6048583984375
2012-10-19,22.299381256103516
2012-10-22,22.438840866088867
2012-10-23,21.97399139404297
2012-10-24,22.00055503845215
2012-10-25,22.126726150512695
2012-10-26,22.10016441345215
2012-10-31,22.06696319580078
2012-11-01,22.325946807861328
2012-11-02,22.113445281982422
2012-11-05,22.040393829345703
2012-11-06,22.2728214263916
2012-11-07,21.92751121520996
2012-11-08,21.715015411376953
2012-11-09,21.721641540527344
2012-11-12,21.70836067199707
2012-11-13,21.595476150512695
2012-11-14,21.37632942199707
2012-11-15,21.44274139404297
2012-11-16,21.42945671081543
2012-11-19,21.894296646118164
2012-11-20,21.920867919921875
2012-11-21,21.967357635498047
2012-11-23,22.438840866088867
2012-11-26,22.385709762573242
2012-11-27,22.25289535522461
2012-11-28,22.432201385498047
2012-11-29,22.631423950195312
2012-11-30,22.66461753845215
2012-12-03,22.691190719604492
2012-12-04,22.750947952270508
2012-12-05,22.797441482543945
2012-12-06,22.830642700195312
2012-12-07,22.830642700195312
2012-12-10,22.843921661376953
2012-12-11,22.970090866088867
2012-12-12,23.056425094604492
2012-12-13,22.98337173461914
2012-12-14,23.0697021484375
2012-12-17,23.18259620666504
2012-12-18,23.395092010498047
2012-12-19,23.454864501953125
2012-12-20,23.66007423400879
2012-12-21,23.51253890991211
2012-12-24,23.445466995239258
2012-12-26,23.43205451965332
2012-12-27,23.519248962402344
2012-12-28,23.284523010253906
2012-12-31,23.62654685974121
2013-01-02,24.015512466430664
2013-01-03,23.77408790588379
2013-01-04,23.908214569091797
2013-01-07,23.787490844726562
2013-01-08,23.66007423400879
2013-01-09,23.77408790588379
2013-01-10,24.102697372436523
2013-01-11,24.142932891845703
2013-01-14,24.17646598815918
2013-01-15,24.142932891845703
2013-01-16,23.99539566040039
2013-01-17,24.19658851623535
2013-01-18,24.18317413330078
2013-01-22,24.19658851623535
2013-01-23,24.14963150024414
2013-01-24,24.290477752685547
2013-01-25,24.558727264404297
2013-01-28,24.417896270751953
2013-01-29,24.598974227905273
2013-01-30,24.62578582763672
2013-01-31,24.531904220581055
2013-02-01,24.726390838623047
2013-02-04,24.27706527709961
2013-02-05,24.384361267089844
2013-02-06,24.384361267089844
2013-02-07,24.19658851623535
2013-02-08,24.364248275756836
2013-02-11,24.34412956237793
2013-02-12,24.44471549987793
2013-02-13,24.531904220581055
2013-02-14,24.391075134277344
2013-02-15,24.303884506225586
2013-02-19,24.605676651000977
2013-02-20,24.37765884399414
2013-02-21,24.002099990844727
2013-02-22,24.357540130615234
2013-02-25,23.787490844726562
2013-02-26,23.96185874938965
2013-02-27,24.263648986816406
2013-02-28,24.250234603881836
2013-03-01,24.19658851623535
2013-03-04,24.303884506225586
2013-03-05,24.538612365722656
2013-03-06,24.598974227905273
2013-03-07,24.67273712158203
2013-03-08,24.726390838623047
2013-03-11,24.7934513092041
2013-03-12,24.686161041259766
2013-03-13,24.632505416870117
2013-03-14,24.900758743286133
2013-03-15,24.92087745666504
2013-03-18,24.645915985107422
2013-03-19,24.572145462036133
2013-03-20,24.739803314208984
2013-03-21,24.531904220581055
2013-03-22,24.754867553710938
2013-03-25,24.43153190612793
2013-03-26,24.573001861572266
2013-03-27,24.451745986938477
2013-03-28,24.539308547973633
2013-04-01,24.249666213989258
2013-04-02,24.50563621520996
2013-04-03,24.39112663269043
2013-04-04,24.606674194335938
2013-04-05,24.498897552490234
2013-04-08,24.579730987548828
2013-04-09,24.680776596069336
2013-04-10,25.03104591369629
2013-04-11,25.22638702392578
2013-04-12,25.19270133972168
2013-04-15,24.667293548583984
2013-04-16,25.024309158325195
2013-04-17,24.512374877929688
2013-04-18,24.451745986938477
2013-04-19,24.620149612426758
2013-04-22,24.74140167236328
2013-04-23,25.084930419921875
2013-04-24,25.300487518310547
2013-04-25,25.441946029663086
2013-04-26,25.455408096313477
2013-04-29,25.751802444458008
2013-04-30,25.819164276123047
2013-05-01,25.62381362915039
2013-05-02,25.70463752746582
2013-05-03,26.014497756958008
2013-05-06,25.994285583496094
2013-05-07,26.061656951904297
2013-05-08,26.33110237121582
2013-05-09,26.081863403320312
2013-05-10,26.09534454345703
2013-05-13,26.09534454345703
2013-05-14,26.18964385986328
2013-05-15,26.277206420898438
2013-05-16,26.061656951904297
2013-05-17,26.277206420898438
2013-05-20,26.411928176879883
2013-05-21,26.452348709106445
2013-05-22,26.21658706665039
2013-05-23,25.819164276123047
2013-05-24,25.61707878112793
2013-05-28,25.664230346679688
2013-05-29,25.441946029663086
2013-05-30,25.563188552856445
2013-05-31,25.051258087158203
2013-06-03,25.219655990600586
2013-06-04,25.273548126220703
2013-06-05,24.707719802856445
2013-06-06,24.849170684814453
2013-06-07,25.13882827758789
2013-06-10,25.152292251586914
2013-06-11,24.835702896118164
2013-06-12,24.822223663330078
2013-06-13,25.20618438720703
2013-06-14,24.909793853759766
2013-06-17,25.266803741455078
2013-06-18,25.42173957824707
2013-06-19,24.956953048706055
2013-06-20,24.027374267578125
2013-06-21,24.108205795288086
2013-06-24,23.694387435913086
2013-06-25,24.036386489868164
2013-06-26,24.14583396911621
2013-06-27,24.405765533447266
2013-06-28,24.351028442382812
2013-07-01,24.59728240966797
2013-07-02,24.47416114807129
2013-07-03,24.467315673828125
2013-07-05,24.569917678833008
2013-07-08,24.699892044067383
2013-07-09,24.850374221801758
2013-07-10,24.898252487182617
2013-07-11,25.5822696685791
2013-07-12,25.438627243041992
2013-07-15,25.589107513427734
2013-07-16,25.554908752441406
2013-07-17,25.650671005249023
2013-07-18,25.801151275634766
2013-07-19,25.77379035949707
2013-07-22,25.910598754882812
2013-07-23,25.944795608520508
2013-07-24,25.91743278503418
2013-07-25,25.944795608520508
2013-07-26,25.801151275634766
2013-07-29,25.575439453125
2013-07-30,25.568588256835938
2013-07-31,25.61648178100586
2013-08-01,25.9721622467041
2013-08-02,26.177370071411133
2013-08-05,26.15000343322754
2013-08-06,26.095285415649414
2013-08-07,25.944795608520508
2013-08-08,26.177370071411133
2013-08-09,26.1910457611084
2013-08-12,26.15000343322754
2013-08-13,26.348371505737305
2013-08-14,26.355209350585938
2013-08-15,26.129486083984375
2013-08-16,26.177370071411133
2013-08-19,25.992671966552734
2013-08-20,25.95163345336914
2013-08-21,25.643823623657227
2013-08-22,25.910598754882812
2013-08-23,26.13631820678711
2013-08-26,25.965312957763672
2013-08-27,25.527545928955078
2013-08-28,25.50018310546875
2013-08-29,25.50018310546875
2013-08-30,25.2060489654541
2013-09-03,25.678028106689453
2013-09-04,25.910598754882812
2013-09-05,25.90376853942871
2013-09-06,26.054243087768555
2013-09-09,26.423612594604492
2013-09-10,26.710905075073242
2013-09-11,26.7861385345459
2013-09-12,26.656177520751953
2013-09-13,26.75193977355957
2013-09-16,26.991344451904297
2013-09-17,27.005029678344727
2013-09-18,27.716407775878906
2013-09-19,27.59328269958496
2013-09-20,27.3675537109375
2013-09-23,27.384033203125
2013-09-24,27.329086303710938
2013-09-25,27.342832565307617
2013-09-26,27.445850372314453
2013-09-27,27.390897750854492
2013-09-30,27.18485450744629
2013-10-01,27.342832565307617
2013-10-02,27.315357208251953
2013-10-03,27.14365005493164
2013-10-04,27.21919822692871
2013-10-07,26.94446563720703
2013-10-08,26.76589012145996
2013-10-09,26.85517120361328
2013-10-10,27.356557846069336
2013-10-11,27.507678985595703
2013-10-14,27.590085983276367
2013-10-15,27.445850372314453
2013-10-16,27.679378509521484
2013-10-17,28.015926361083984
2013-10-18,28.18075942993164
2013-10-21,28.221969604492188
2013-10-22,28.489843368530273
2013-10-23,28.18075942993164
2013-10-24,28.37308120727539
2013-10-25,28.297534942626953
2013-10-28,28.25630760192871
2013-10-29,28.30438995361328
2013-10-30,28.242576599121094
2013-10-31,28.057130813598633
2013-11-01,27.91976547241211
2013-11-04,28.04340934753418
2013-11-05,27.803007125854492
2013-11-06,28.07086181640625
2013-11-07,27.59695816040039
2013-11-08,27.761795043945312
2013-11-11,27.796144485473633
2013-11-12,27.73432731628418
2013-11-13,27.809871673583984
2013-11-14,27.94036293029785
2013-11-15,28.194501876831055
2013-11-18,28.215105056762695
2013-11-19,28.132680892944336
2013-11-20,27.94036293029785
2013-11-21,28.10521697998047
2013-11-22,28.18763542175293
2013-11-25,28.10521697998047
2013-11-26,28.09835433959961
2013-11-27,28.194501876831055
2013-11-29,28.242576599121094
2013-12-02,28.050268173217773
2013-12-03,27.8236141204834
2013-12-04,27.6656436920166
2013-12-05,27.5145263671875
2013-12-06,27.85108757019043
2013-12-09,27.85795021057129
2013-12-10,27.768661499023438
2013-12-11,27.542011260986328
2013-12-12,27.335952758789062
2013-12-13,27.308473587036133
2013-12-16,27.507678985595703
2013-12-17,27.404647827148438
2013-12-18,27.809871673583984
2013-12-19,27.796144485473633
2013-12-20,27.943208694458008
2013-12-23,28.219388961791992
2013-12-24,28.267728805541992
2013-12-26,28.433433532714844
2013-12-27,28.57843589782715
2013-12-30,28.730344772338867
2013-12-31,28.778676986694336
2014-01-02,28.29534339904785
2014-01-03,28.30225372314453
2014-01-06,28.24701690673828
2014-01-07,28.41272735595703
2014-01-08,28.405813217163086
2014-01-09,28.371292114257812
2014-01-10,28.62677001953125
2014-01-13,28.385101318359375
2014-01-14,28.59914207458496
2014-01-15,28.737241744995117
2014-01-16,28.688920974731445
2014-01-17,28.61985969543457
2014-01-21,28.737241744995117
2014-01-22,28.764867782592773
2014-01-23,28.550811767578125
2014-01-24,27.763687133789062
2014-01-27,27.63250160217285
2014-01-28,27.908679962158203
2014-01-29,27.57726287841797
2014-01-30,27.72226333618164
2014-01-31,27.280364990234375
2014-02-03,26.75559425354004
2014-02-04,27.031787872314453
2014-02-05,27.059419631958008
2014-02-06,27.591068267822266
2014-02-07,27.894878387451172
2014-02-10,27.770591735839844
2014-02-11,28.22629737854004
2014-02-12,28.29534339904785
2014-02-13,28.34368324279785
2014-02-14,28.467960357666016
2014-02-18,28.702720642089844
2014-02-19,28.481769561767578
2014-02-20,28.58534049987793
2014-02-21,28.654390335083008
2014-02-24,28.896045684814453
2014-02-25,28.840818405151367
2014-02-26,28.75105094909668
2014-02-27,28.868436813354492
2014-02-28,28.9029598236084
2014-03-03,28.316059112548828
2014-03-04,28.875335693359375
2014-03-05,28.813194274902344
2014-03-06,29.13772201538086
2014-03-07,28.985811233520508
2014-03-10,28.792482376098633
2014-03-11,28.592243194580078
2014-03-12,28.467960357666016
2014-03-13,27.96392822265625
2014-03-14,27.894878387451172
2014-03-17,28.233205795288086
2014-03-18,28.41272735595703
2014-03-19,28.060592651367188
2014-03-20,27.950109481811523
2014-03-21,27.901779174804688
2014-03-24,27.950109481811523
2014-03-25,28.270431518554688
2014-03-26,28.27741050720215
2014-03-27,28.437923431396484
2014-03-28,28.640308380126953
2014-03-31,28.800811767578125
2014-04-01,29.010162353515625
2014-04-02,29.059017181396484
2014-04-03,28.961318969726562
2014-04-04,28.884552001953125
2014-04-07,28.7519588470459
2014-04-08,28.73101806640625
2014-04-09,29.128814697265625
2014-04-10,28.605409622192383
2014-04-11,28.444902420043945
2014-04-14,28.605409622192383
2014-04-15,28.465839385986328
2014-04-16,28.842681884765625
2014-04-17,28.947359085083008
2014-04-21,28.9962158203125
2014-04-22,29.114845275878906
2014-04-23,29.038087844848633
2014-04-24,29.03110122680664
2014-04-25,28.89152717590332
2014-04-28,28.975265502929688
2014-04-29,29.163707733154297
2014-04-30,29.254417419433594
2014-05-01,29.35210418701172
2014-05-02,29.310243606567383
2014-05-05,29.275352478027344
2014-05-06,29.233478546142578
2014-05-07,29.261396408081055
2014-05-08,29.254417419433594
2014-05-09,29.21254539489746
2014-05-12,29.435871124267578
2014-05-13,29.477724075317383
2014-05-14,29.435871124267578
2014-05-15,29.303274154663086
2014-05-16,29.35210418701172
2014-05-19,29.303274154663086
2014-05-20,29.107873916625977
2014-05-21,29.34513282775879
2014-05-22,29.4149227142334
2014-05-23,29.484712600708008
2014-05-27,29.666160583496094
2014-05-28,29.575439453125
2014-05-29,29.77083969116211
2014-05-30,29.77083969116211
2014-06-02,29.81968879699707
2014-06-03,29.756885528564453
2014-06-04,29.77083969116211
2014-06-05,29.97321128845215
2014-06-06,30.12674903869629
2014-06-09,30.091856002807617
2014-06-10,30.036027908325195
2014-06-11,29.896451950073242
2014-06-12,29.90342903137207
2014-06-13,29.896451950073242
2014-06-16,29.917387008666992
2014-06-17,29.882495880126953
2014-06-18,30.140697479248047
2014-06-19,30.28725814819336
2014-06-20,30.224449157714844
2014-06-23,30.147680282592773
2014-06-24,29.973237991333008
2014-06-25,30.001495361328125
2014-06-26,29.98736000061035
2014-06-27,30.043859481811523
2014-06-30,30.079174041748047
2014-07-01,30.347549438476562
2014-07-02,30.382863998413086
2014-07-03,30.43230438232422
2014-07-07,30.199249267578125
2014-07-08,29.895553588867188
2014-07-09,30.00855255126953
2014-07-10,29.65542984008789
2014-07-11,29.690746307373047
2014-07-14,29.90262222290039
2014-07-15,29.81080436706543
2014-07-16,30.02973747253418
2014-07-17,29.634231567382812
2014-07-18,29.881427764892578
2014-07-21,29.761371612548828
2014-07-22,29.916738510131836
2014-07-23,29.980297088623047
2014-07-24,30.02973747253418
2014-07-25,29.923809051513672
2014-07-28,29.937925338745117
2014-07-29,29.909669876098633
2014-07-30,29.881427764892578
2014-07-31,29.36587142944336
2014-08-01,29.203420639038086
2014-08-04,29.30229377746582
2014-08-05,28.942113876342773
2014-08-06,28.878551483154297
2014-08-07,28.63841438293457
2014-08-08,28.82206153869629
2014-08-11,28.892690658569336
2014-08-12,28.892690658569336
2014-08-13,29.090415954589844
2014-08-14,29.22461700439453
2014-08-15,29.21048927307129
2014-08-18,29.372926712036133
2014-08-19,29.44354820251465
2014-08-20,29.344682693481445
2014-08-21,29.457685470581055
2014-08-22,29.33055877685547
2014-08-25,29.528308868408203
2014-08-26,29.521236419677734
2014-08-27,29.605985641479492
2014-08-28,29.464731216430664
2014-08-29,29.44354820251465
2014-09-02,29.471799850463867
2014-09-03,29.66248893737793
2014-09-04,29.53536605834961
2014-09-05,29.528308868408203
2014-09-08,29.231674194335938
2014-09-09,29.11867904663086
2014-09-10,29.28817367553711
2014-09-11,29.125741958618164
2014-09-12,29.069231033325195
2014-09-15,29.0268611907959
2014-09-16,29.146934509277344
2014-09-17,28.93505096435547
2014-09-18,29.132801055908203
2014-09-19,29.0268611907959
2014-09-22,28.927982330322266
2014-09-23,28.666669845581055
2014-09-24,28.824296951293945
2014-09-25,28.419605255126953
2014-09-26,28.526103973388672
2014-09-29,28.277626037597656
2014-09-30,28.22081756591797
2014-10-01,27.87294578552246
2014-10-02,27.56766128540039
2014-10-03,27.603160858154297
2014-10-06,27.759340286254883
2014-10-07,27.31207847595215
2014-10-08,27.730958938598633
2014-10-09,26.985490798950195
2014-10-10,26.580820083618164
2014-10-13,26.56661605834961
2014-10-14,26.60921287536621
2014-10-15,26.460126876831055
2014-10-16,26.24713706970215
2014-10-17,26.673110961914062
2014-10-20,26.90029525756836
2014-10-21,27.191389083862305
2014-10-22,26.999692916870117
2014-10-23,27.28367805480957
2014-10-24,27.397279739379883
2014-10-27,27.31207847595215
2014-10-28,27.6457576751709
2014-10-29,27.48246192932129
2014-10-30,27.674156188964844
2014-10-31,28.121429443359375
2014-11-03,27.922637939453125
2014-11-04,27.745161056518555
2014-11-05,27.752248764038086
2014-11-06,27.638656616210938
2014-11-07,27.6457576751709
2014-11-10,27.773555755615234
2014-11-11,27.93683624267578
2014-11-12,27.702552795410156
2014-11-13,27.81614875793457
2014-11-14,27.858747482299805
2014-11-17,27.73804473876953
2014-11-18,28.036226272583008
2014-11-19,27.943941116333008
2014-11-20,27.801952362060547
2014-11-21,28.036226272583008
2014-11-24,28.171127319335938
2014-11-25,28.235021591186523
2014-11-26,28.348613739013672
2014-11-28,28.121429443359375
2014-12-01,28.078828811645508
2014-12-02,28.156925201416016
2014-12-03,28.11432647705078
2014-12-04,28.07172966003418
2014-12-05,28.128520965576172
2014-12-08,27.880046844482422
2014-12-09,27.723852157592773
2014-12-10,27.361774444580078
2014-12-11,27.333375930786133
2014-12-12,26.829299926757812
2014-12-15,26.417524337768555
2014-12-16,26.616317749023438
2014-12-17,26.886112213134766
2014-12-18,27.36886978149414
2014-12-19,27.425670623779297
2014-12-22,27.56855010986328
2014-12-23,27.43995475769043
2014-12-24,27.5614070892334
2014-12-26,27.647130966186523
2014-12-29,27.468530654907227
2014-12-30,27.22564125061035
2014-12-31,27.061330795288086
2015-01-02,26.925594329833984
2015-01-05,26.32549476623535
2015-01-06,26.032602310180664
2015-01-07,26.31121063232422
2015-01-08,26.711280822753906
2015-01-09,26.582677841186523
2015-01-12,26.554105758666992
2015-01-13,26.682695388793945
2015-01-14,26.611257553100586
2015-01-15,26.76128578186035
2015-01-16,27.054180145263672
2015-01-20,27.175626754760742
2015-01-21,27.37566375732422
2015-01-22,27.47567367553711
2015-01-23,27.311370849609375
2015-01-26,27.675704956054688
2015-01-27,27.697145462036133
2015-01-28,27.332794189453125
2015-01-29,27.70428466796875
2015-01-30,27.25421905517578
2015-02-02,27.611417770385742
2015-02-03,28.004329681396484
2015-02-04,27.804290771484375
2015-02-05,28.097209930419922
2015-02-06,27.76144027709961
2015-02-09,27.632837295532227
2015-02-10,27.86859703063965
2015-02-11,27.718570709228516
2015-02-12,28.147207260131836
2015-02-13,28.347248077392578
2015-02-17,28.411540985107422
2015-02-18,28.60442543029785
2015-02-19,28.618711471557617
2015-02-20,28.904468536376953
2015-02-23,28.790170669555664
2015-02-24,28.961631774902344
2015-02-25,28.990188598632812
2015-02-26,28.911624908447266
2015-02-27,28.93305206298828
2015-03-02,28.975910186767578
2015-03-03,28.811594009399414
2015-03-04,28.683012008666992
2015-03-05,28.7758731842041
2015-03-06,28.390106201171875
2015-03-09,28.404386520385742
2015-03-10,27.81144142150879
2015-03-11,27.882883071899414
2015-03-12,28.225807189941406
2015-03-13,28.054344177246094
2015-03-16,28.368671417236328
2015-03-17,28.3400936126709
2015-03-18,28.9259090423584
2015-03-19,28.575849533081055
2015-03-20,29.190229415893555
2015-03-23,29.325969696044922
2015-03-24,29.297399520874023
2015-03-25,29.140235900878906
2015-03-26,28.903438568115234
2015-03-27,28.968027114868164
2015-03-30,28.98954963684082
2015-03-31,28.580551147460938
2015-04-01,28.781450271606445
2015-04-02,28.996732711791992
2015-04-06,29.276575088500977
2015-04-07,29.276575088500977
2015-04-08,29.41291046142578
2015-04-09,29.45598030090332
2015-04-10,29.513381958007812
2015-04-13,29.35551643371582
2015-04-14,29.577960968017578
2015-04-15,29.71428871154785
2015-04-16,29.78604507446289
2015-04-17,29.427270889282227
2015-04-20,29.477497100830078
2015-04-21,29.728639602661133
2015-04-22,29.793231964111328
2015-04-23,29.922386169433594
2015-04-24,30.087417602539062
2015-04-27,30.202234268188477
2015-04-28,30.25246238708496
2015-04-29,29.98696517944336
2015-04-30,29.68559455871582
2015-05-01,29.93674087524414
2015-05-04,29.965436935424805
2015-05-05,29.513381958007812
2015-05-06,29.577960968017578
2015-05-07,29.477497100830078
2015-05-08,30.116140365600586
2015-05-11,29.850635528564453
2015-05-12,29.850635528564453
2015-05-13,30.065895080566406
2015-05-14,30.424673080444336
2015-05-15,30.46055793762207
2015-05-18,30.360095977783203
2015-05-19,30.24528694152832
2015-05-20,30.30268669128418
2015-05-21,30.467737197875977
2015-05-22,30.281166076660156
2015-05-26,29.77170181274414
2015-05-27,30.022836685180664
2015-05-28,29.95826530456543
2015-05-29,29.671239852905273
2015-06-01,29.599472045898438
2015-06-02,29.69993019104004
2015-06-03,29.872163772583008
2015-06-04,29.527734756469727
2015-06-05,29.2048282623291
2015-06-08,29.176111221313477
2015-06-09,29.011075973510742
2015-06-10,29.61383628845215
2015-06-11,29.69993019104004
2015-06-12,29.463157653808594
2015-06-15,29.276575088500977
2015-06-16,29.269412994384766
2015-06-17,29.19046974182129
2015-06-18,29.470314025878906
2015-06-19,29.405746459960938
2015-06-22,29.915218353271484
2015-06-23,30.022836685180664
2015-06-24,29.778865814208984
2015-06-25,29.77170181274414
2015-06-26,29.744813919067383
2015-06-29,28.85116195678711
2015-06-30,28.807573318481445
2015-07-01,28.99646759033203
2015-07-02,29.069128036499023
2015-07-06,28.47335433959961
2015-07-07,28.466096878051758
2015-07-08,27.775876998901367
2015-07-09,28.226337432861328
2015-07-10,29.083650588989258
2015-07-13,29.207172393798828
2015-07-14,29.410600662231445
2015-07-15,29.294368743896484
2015-07-16,29.541372299194336
2015-07-17,29.49779510498047
2015-07-20,29.56317710876465
2015-07-21,29.483261108398438
2015-07-22,29.236236572265625
2015-07-23,29.141780853271484
2015-07-24,28.829364776611328
2015-07-27,28.647737503051758
2015-07-28,29.003732681274414
2015-07-29,29.10545539855957
2015-07-30,29.090932846069336
2015-07-31,29.228958129882812
2015-08-03,29.141780853271484
2015-08-04,29.170846939086914
2015-08-05,29.323421478271484
2015-08-06,29.192626953125
2015-08-07,29.163562774658203
2015-08-10,29.51957893371582
2015-08-11,29.054601669311523
2015-08-12,28.865690231323242
2015-08-13,28.858434677124023
2015-08-14,28.90929412841797
2015-08-17,28.85116195678711
2015-08-18,28.62593650817871
2015-08-19,28.393447875976562
2015-08-20,27.695951461791992
2015-08-21,26.99847412109375
2015-08-24,26.09028434753418
2015-08-25,26.351839065551758
2015-08-26,27.034801483154297
2015-08-27,27.39080238342285
2015-08-28,27.318147659301758
2015-08-31,27.114715576171875
2015-09-01,26.228330612182617
2015-09-02,26.63519859313965
2015-09-03,26.671525955200195
2015-09-04,26.075754165649414
2015-09-08,26.831361770629883
2015-09-09,26.72964096069336
2015-09-10,26.904014587402344
2015-09-11,26.896757125854492
2015-09-14,26.700586318969727
2015-09-15,26.896757125854492
2015-09-16,27.281816482543945
2015-09-17,27.296348571777344
2015-09-18,26.6424617767334
2015-09-21,26.6424617767334
2015-09-22,26.017627716064453
2015-09-23,25.89411735534668
2015-09-24,25.80693817138672
2015-09-25,26.04483985900879
2015-09-28,25.541297912597656
2015-09-29,25.49020767211914
2015-09-30,26.008346557617188
2015-10-01,26.081323623657227
2015-10-02,26.511877059936523
2015-10-05,27.044601440429688
2015-10-06,27.073781967163086
2015-10-07,27.394878387451172
2015-10-08,27.62110137939453
2015-10-09,27.679473876953125
2015-10-12,27.628393173217773
2015-10-13,27.300003051757812
2015-10-14,27.343791961669922
2015-10-15,27.847326278686523
2015-10-16,27.83272361755371
2015-10-19,27.71596908569336
2015-10-20,27.62110137939453
2015-10-21,27.599197387695312
2015-10-22,27.92759132385254
2015-10-23,28.18300437927246
2015-10-26,28.08083152770996
2015-10-27,27.83272361755371
2015-10-28,27.985963821411133
2015-10-29,27.78163719177246
2015-10-30,27.75974464416504
2015-11-02,28.029754638671875
2015-11-03,28.029754638671875
2015-11-04,27.847326278686523
2015-11-05,27.810834884643555
2015-11-06,27.679473876953125
2015-11-09,27.38758087158203
2015-11-10,27.380281448364258
2015-11-11,27.511629104614258
2015-11-12,27.183246612548828
2015-11-13,26.97161865234375
2015-11-16,27.292709350585938
2015-11-17,27.329193115234375
2015-11-18,27.591909408569336
2015-11-19,27.737857818603516
2015-11-20,27.679473876953125
2015-11-23,27.511629104614258
2015-11-24,27.548118591308594
2015-11-25,27.591909408569336
2015-11-27,27.58460807800293
2015-11-30,27.548118591308594
2015-12-01,27.847326278686523
2015-12-02,27.5554141998291
2015-12-03,27.424068450927734
2015-12-04,27.62110137939453
2015-12-07,27.394878387451172
2015-12-08,26.978914260864258
2015-12-09,26.920536041259766
2015-12-10,26.913238525390625
2015-12-11,26.43160629272461
2015-12-14,26.489988327026367
2015-12-15,26.592144012451172
2015-12-16,27.132165908813477
2015-12-17,26.81837272644043
2015-12-18,26.533763885498047
2015-12-21,26.703367233276367
2015-12-22,26.9016170501709
2015-12-23,27.342144012451172
2015-12-24,27.26871109008789
2015-12-28,27.18794822692871
2015-12-29,27.474294662475586
2015-12-30,27.30542755126953
2015-12-31,26.960342407226562
2016-01-04,26.556533813476562
2016-01-05,26.52715301513672
2016-01-06,26.04257583618164
2016-01-07,25.5506591796875
2016-01-08,25.23493766784668
2016-01-11,25.345075607299805
2016-01-12,25.44786262512207
2016-01-13,25.066076278686523
2016-01-14,25.35976219177246
2016-01-15,24.47869300842285
2016-01-19,24.691625595092773
2016-01-20,24.126277923583984
2016-01-21,24.309833526611328
2016-01-22,25.01468276977539
2016-01-25,24.654911041259766
2016-01-26,25.102785110473633
2016-01-27,24.94125747680664
2016-01-28,25.036697387695312
2016-01-29,25.46988868713379
2016-02-01,25.418489456176758
2016-02-02,24.84581184387207
2016-02-03,25.066076278686523
2016-02-04,25.117469787597656
2016-02-05,24.74302101135254
2016-02-08,24.295148849487305
2016-02-09,24.03082847595215
2016-02-10,23.979433059692383
2016-02-11,23.663724899291992
2016-02-12,24.038169860839844
2016-02-16,24.500728607177734
2016-02-17,24.94125747680664
2016-02-18,24.82378578186035
2016-02-19,24.77972984313965
2016-02-22,25.08075714111328
2016-02-23,24.66225814819336
2016-02-24,24.588834762573242
2016-02-25,24.882518768310547
2016-02-26,24.794418334960938
2016-02-29,24.684284210205078
2016-03-01,25.323060989379883
2016-03-02,25.4992618560791
2016-03-03,25.770919799804688
2016-03-04,25.969154357910156
2016-03-07,25.947134017944336
2016-03-08,25.660789489746094
2016-03-09,25.770919799804688
2016-03-10,25.74888801574707
2016-03-11,26.417022705078125
2016-03-14,26.358293533325195
2016-03-15,26.09059715270996
2016-03-16,26.36345100402832
2016-03-17,26.6068115234375
2016-03-18,26.562557220458984
2016-03-21,26.510940551757812
2016-03-22,26.481441497802734
2016-03-23,26.1938419342041
2016-03-24,26.024234771728516
2016-03-28,26.186471939086914
2016-03-29,26.49618911743164
2016-03-30,26.695301055908203
2016-03-31,26.459320068359375
2016-04-01,26.164342880249023
2016-04-04,26.105356216430664
2016-04-05,25.618640899658203
2016-04-06,26.031599044799805
2016-04-07,25.662885665893555
2016-04-08,26.149595260620117
2016-04-11,26.17172622680664
2016-04-12,26.569934844970703
2016-04-13,26.990276336669922
2016-04-14,27.019775390625
2016-04-15,26.946035385131836
2016-04-18,27.18938446044922
2016-04-19,27.661338806152344
2016-04-20,27.668724060058594
2016-04-21,27.50648307800293
2016-04-22,27.484359741210938
2016-04-25,27.36636734008789
2016-04-26,27.46961212158203
2016-04-27,27.513864517211914
2016-04-28,27.159887313842773
2016-04-29,27.071393966674805
2016-05-02,27.30000114440918
2016-05-03,26.84280014038086
2016-05-04,26.518314361572266
2016-05-05,26.49618911743164
2016-05-06,26.555177688598633
2016-05-09,26.46668815612793
2016-05-10,26.857528686523438
2016-05-11,26.66580581665039
2016-05-12,26.643672943115234
2016-05-13,26.348705291748047
2016-05-16,26.673185348510742
2016-05-17,26.518314361572266
2016-05-18,26.49618911743164
2016-05-19,26.31920623779297
2016-05-20,26.562557220458984
2016-05-23,26.474071502685547
2016-05-24,26.798532485961914
2016-05-25,27.06402015686035
2016-05-26,27.123010635375977
2016-05-27,27.086139678955078
2016-05-31,26.990276336669922
2016-06-01,26.975522994995117
2016-06-02,26.982900619506836
2016-06-03,27.19675636291504
2016-06-06,27.38111686706543
2016-06-07,27.587596893310547
2016-06-08,27.676097869873047
2016-06-09,27.329504013061523
2016-06-10,26.592060089111328
2016-06-13,26.208589553833008
2016-06-14,25.8362979888916
2016-06-15,26.00823974609375
2016-06-16,26.015716552734375
2016-06-17,26.262409210205078
2016-06-20,26.875431060791016
2016-06-21,27.084753036499023
2016-06-22,27.039905548095703
2016-06-23,27.75009536743164
2016-06-24,25.477458953857422
2016-06-27,24.984052658081055
2016-06-28,25.649398803710938
2016-06-29,26.112886428833008
2016-06-30,26.434356689453125
2016-07-01,26.49416160583496
2016-07-05,25.970863342285156
2016-07-06,25.978343963623047
2016-07-07,25.866193771362305
2016-07-08,26.225032806396484
2016-07-11,26.5838680267334
2016-07-12,26.957664489746094
2016-07-13,26.93523597717285
2016-07-14,27.166976928710938
2016-07-15,27.032424926757812
2016-07-18,27.092227935791016
2016-07-19,26.875431060791016
2016-07-20,27.069805145263672
2016-07-21,27.00251579284668
2016-07-22,27.0174617767334
2016-07-25,26.972620010375977
2016-07-26,27.099712371826172
2016-07-27,27.21931266784668
2016-07-28,27.21931266784668
2016-07-29,27.533300399780273
2016-08-01,27.376304626464844
2016-08-02,27.241741180419922
2016-08-03,27.13709259033203
2016-08-04,27.294069290161133
2016-08-05,27.39126205444336
2016-08-08,27.4809627532959
2016-08-09,27.70524787902832
2016-08-10,27.802427291870117
2016-08-11,28.011749267578125
2016-08-12,27.936992645263672
2016-08-15,28.05660629272461
2016-08-16,27.98932456970215
2016-08-17,27.98932456970215
2016-08-18,28.13136100769043
2016-08-19,27.922040939331055
2016-08-22,27.94446563720703
2016-08-23,28.0640811920166
2016-08-24,27.981849670410156
2016-08-25,27.89214324951172
2016-08-26,27.69776153564453
2016-08-29,27.802427291870117
2016-08-30,27.742618560791016
2016-08-31,27.645429611206055
2016-09-01,27.87718391418457
2016-09-02,28.16126823425293
2016-09-06,28.430391311645508
2016-09-07,28.430391311645508
2016-09-08,28.37057876586914
2016-09-09,27.772533416748047
2016-09-12,27.98932456970215
2016-09-13,27.399715423583984
2016-09-14,27.384700775146484
2016-09-15,27.62504005432129
2016-09-16,27.28705596923828
2016-09-19,27.467315673828125
2016-09-20,27.587482452392578
2016-09-21,28.11325454711914
2016-09-22,28.391155242919922
2016-09-23,28.120763778686523
2016-09-26,27.872901916503906
2016-09-27,28.008098602294922
2016-09-28,28.25595474243164
2016-09-29,27.91046142578125
2016-09-30,28.098228454589844
2016-10-03,28.045654296875
2016-10-04,27.963027954101562
2016-10-05,28.11325454711914
2016-10-06,27.963027954101562
2016-10-07,27.782773971557617
2016-10-10,27.895431518554688
2016-10-11,27.489843368530273
2016-10-12,27.45229148864746
2016-10-13,27.377182006835938
2016-10-14,27.399715423583984
2016-10-17,27.354650497436523
2016-10-18,27.6475772857666
2016-10-19,27.74521255493164
2016-10-20,27.74521255493164
2016-10-21,27.685117721557617
2016-10-24,27.6475772857666
2016-10-25,27.62504005432129
2016-10-26,27.489843368530273
2016-10-27,27.45980453491211
2016-10-28,27.444787979125977
2016-10-31,27.4222469329834
2016-11-01,27.347143173217773
2016-11-02,27.14434051513672
2016-11-03,27.12932586669922
2016-11-04,26.903993606567383
2016-11-07,27.272037506103516
2016-11-08,27.339637756347656
2016-11-09,27.294557571411133
2016-11-10,27.20444107055664
2016-11-11,26.986608505249023
2016-11-14,26.86644172668457
2016-11-15,27.03168487548828
2016-11-16,26.783817291259766
2016-11-17,26.96408462524414
2016-11-18,26.723730087280273
2016-11-21,26.956571578979492
2016-11-22,27.0391902923584
2016-11-23,26.941551208496094
2016-11-25,26.99412727355957
2016-11-28,26.896484375
2016-11-29,27.046693801879883
2016-11-30,27.0091495513916
2016-12-01,26.941551208496094
2016-12-02,27.016660690307617
2016-12-05,27.226972579956055
2016-12-06,27.41474151611328
2016-12-07,27.775259017944336
2016-12-08,27.797792434692383
2016-12-09,27.88041114807129
2016-12-12,27.7902774810791
2016-12-13,28.083219528198242
2016-12-14,27.62504005432129
2016-12-15,27.579975128173828
2016-12-16,27.587482452392578
2016-12-19,27.56495475769043
2016-12-20,27.62504005432129
2016-12-21,27.62504005432129
2016-12-22,27.54931640625
2016-12-23,27.609893798828125
2016-12-27,27.572040557861328
2016-12-28,27.519025802612305
2016-12-29,27.617473602294922
2016-12-30,27.670480728149414
2017-01-03,27.844648361206055
2017-01-04,28.185428619384766
2017-01-05,28.435317993164062
2017-01-06,28.321720123291016
2017-01-09,28.253564834594727
2017-01-10,28.28386688232422
2017-01-11,28.480749130249023
2017-01-12,28.503469467163086
2017-01-13,28.609487533569336
2017-01-17,28.533761978149414
2017-01-18,28.4050235748291
2017-01-19,28.352020263671875
2017-01-20,28.488325119018555
2017-01-23,28.54891014099121
2017-01-24,28.670068740844727
2017-01-25,28.95026206970215
2017-01-26,28.85938835144043
2017-01-27,28.791229248046875
2017-01-30,28.58676528930664
2017-01-31,28.68521499633789
2017-02-01,28.783660888671875
2017-02-02,28.82909393310547
2017-02-03,28.95026206970215
2017-02-06,28.738216400146484
2017-02-07,28.715513229370117
2017-02-08,28.76093864440918
2017-02-09,28.86696434020996
2017-02-10,28.972972869873047
2017-02-13,29.07899284362793
2017-02-14,29.0638484954834
2017-02-15,29.169857025146484
2017-02-16,29.230443954467773
2017-02-17,29.132003784179688
2017-02-21,29.260740280151367
2017-02-22,29.238014221191406
2017-02-23,29.2910213470459
2017-02-24,29.041128158569336
2017-02-27,29.0562686920166
2017-02-28,28.98813247680664
2017-03-01,29.268310546875
2017-03-02,29.08655548095703
2017-03-03,29.230443954467773
2017-03-06,29.132003784179688
2017-03-07,29.0562686920166
2017-03-08,28.904813766479492
2017-03-09,29.025983810424805
2017-03-10,29.253162384033203
2017-03-13,29.389476776123047
2017-03-14,29.169857025146484
2017-03-15,29.624217987060547
2017-03-16,29.74538230895996
2017-03-17,29.790815353393555
2017-03-20,29.775680541992188
2017-03-21,29.60150718688965
2017-03-22,29.639366149902344
2017-03-23,29.722665786743164
2017-03-24,29.79868507385254
2017-03-27,29.86711311340332
2017-03-28,30.003934860229492
2017-03-29,30.034337997436523
2017-03-30,29.920318603515625
2017-03-31,29.874706268310547
2017-04-03,29.844295501708984
2017-04-04,29.829092025756836
2017-04-05,29.669452667236328
2017-04-06,29.6922550201416
2017-04-07,29.654258728027344
2017-04-10,29.654258728027344
2017-04-11,29.77587127685547
2017-04-12,29.753068923950195
2017-04-13,29.56304168701172
2017-04-17,29.806289672851562
2017-04-18,29.631450653076172
2017-04-19,29.494619369506836
2017-04-20,29.760679244995117
2017-04-21,29.77587127685547
2017-04-24,30.42961883544922
2017-04-25,30.627262115478516
2017-04-26,30.51324462890625
2017-04-27,30.55885887145996
2017-04-28,30.536052703857422
2017-05-01,30.61966896057129
2017-05-02,30.802108764648438
2017-05-03,30.703290939331055
2017-05-04,30.923734664916992
2017-05-05,31.235403060913086
2017-05-08,31.09096908569336
2017-05-09,31.037757873535156
2017-05-10,31.083375930786133
2017-05-11,31.02256202697754
2017-05-12,31.15938377380371
2017-05-15,31.34183120727539
2017-05-16,31.50147819519043
2017-05-17,31.121381759643555
2017-05-18,31.182193756103516
2017-05-19,31.539474487304688
2017-05-22,31.623092651367188
2017-05-23,31.592679977416992
2017-05-24,31.661104202270508
2017-05-25,31.65349578857422
2017-05-26,31.569881439208984
2017-05-30,31.516674041748047
2017-05-31,31.577484130859375
2017-06-01,31.790327072143555
2017-06-02,32.09440612792969
2017-06-05,31.95756721496582
2017-06-06,31.881547927856445
2017-06-07,31.85874366760254
2017-06-08,31.813135147094727
2017-06-09,31.699106216430664
2017-06-12,31.600292205810547
2017-06-13,31.87395477294922
2017-06-14,31.835935592651367
2017-06-15,31.493877410888672
2017-06-16,31.77513313293457
2017-06-19,31.88916015625
2017-06-20,31.600292205810547
2017-06-21,31.571060180664062
2017-06-22,31.632587432861328
2017-06-23,31.701814651489258
2017-06-26,31.763341903686523
2017-06-27,31.755643844604492
2017-06-28,32.04020690917969
2017-06-29,31.717193603515625
2017-06-30,31.778711318969727
2017-07-03,31.717193603515625
2017-07-05,31.732576370239258
2017-07-06,31.540298461914062
2017-07-07,31.594135284423828
2017-07-10,31.647974014282227
2017-07-11,31.747953414916992
2017-07-12,32.03251647949219
2017-07-13,32.12480926513672
2017-07-14,32.35552978515625
2017-07-17,32.301692962646484
2017-07-18,32.37090301513672
2017-07-19,32.52473068237305
2017-07-20,32.63240432739258
2017-07-21,32.54779815673828
2017-07-24,32.48627471923828
2017-07-25,32.50935363769531
2017-07-26,32.71699523925781
2017-07-27,32.59394836425781
2017-07-28,32.62471389770508
2017-07-31,32.69393539428711
2017-08-01,32.878517150878906
2017-08-02,32.86313247680664
2017-08-03,32.816986083984375
2017-08-04,32.86313247680664
2017-08-07,32.88620376586914
2017-08-08,32.71699523925781
2017-08-09,32.63240432739258
2017-08-10,32.16325378417969
2017-08-11,32.15557861328125
2017-08-14,32.37861633300781
2017-08-15,32.347835540771484
2017-08-16,32.54779815673828
2017-08-17,32.178646087646484
2017-08-18,32.27094650268555
2017-08-21,32.27862548828125
2017-08-22,32.44013977050781
2017-08-23,32.45550537109375
2017-08-24,32.41706085205078
2017-08-25,32.609344482421875
2017-08-28,32.609344482421875
2017-08-29,32.47090530395508
2017-08-30,32.42474365234375
2017-08-31,32.70162582397461
2017-09-01,32.763145446777344
2017-09-05,32.52473068237305
2017-09-06,32.763145446777344
2017-09-07,33.0323371887207
2017-09-08,33.02464294433594
2017-09-11,33.27074432373047
2017-09-12,33.339969635009766
2017-09-13,33.18613815307617
2017-09-14,33.27845001220703
2017-09-15,33.29381561279297
2017-09-18,33.3476676940918
2017-09-19,33.50914764404297
2017-09-20,33.423439025878906
2017-09-21,33.369388580322266
2017-09-22,33.44662094116211
2017-09-25,33.299888610839844
2017-09-26,33.17631912231445
2017-09-27,33.22265625
2017-09-28,33.330780029296875
2017-09-29,33.523826599121094
2017-10-02,33.48523712158203
2017-10-03,33.61650848388672
2017-10-04,33.55472946166992
2017-10-05,33.523826599121094
2017-10-06,33.48523712158203
2017-10-09,33.500667572021484
2017-10-10,33.809566497802734
2017-10-11,33.9254150390625
2017-10-12,33.9254150390625
2017-10-13,34.09530258178711
2017-10-16,34.06441879272461
2017-10-17,33.9871826171875
2017-10-18,34.0489616394043
2017-10-19,33.9871826171875
2017-10-20,33.940860748291016
2017-10-23,33.85591125488281
2017-10-24,33.933128356933594
2017-10-25,33.79412078857422
2017-10-26,33.75551223754883
2017-10-27,33.88680648803711
2017-10-30,33.964027404785156
2017-10-31,34.11848068237305
2017-11-01,34.19569396972656
2017-11-02,34.26520538330078
2017-11-03,34.23430633544922
2017-11-06,34.29609680175781
2017-11-07,34.18026351928711
2017-11-08,34.326988220214844
2017-11-09,34.09530258178711
2017-11-10,34.0103645324707
2017-11-13,33.87907028198242
2017-11-14,33.848182678222656
2017-11-15,33.686004638671875
2017-11-16,34.0103645324707
2017-11-17,33.87907028198242
2017-11-20,33.940860748291016
2017-11-21,34.20343017578125
2017-11-22,34.31926345825195
2017-11-24,34.53550720214844
2017-11-27,34.31926345825195
2017-11-28,34.48915481567383
2017-11-29,34.342445373535156
2017-11-30,34.41193771362305
2017-12-01,34.31155014038086
2017-12-04,34.17253875732422
2017-12-05,34.12619400024414
2017-12-06,33.97175216674805
2017-12-07,34.07213592529297
2017-12-08,34.26520538330078
2017-12-11,34.33470916748047
2017-12-12,34.357887268066406
2017-12-13,34.50460433959961
2017-12-14,34.342445373535156
2017-12-15,34.31926345825195
2017-12-18,34.70539855957031
2017-12-19,34.59728240966797
2017-12-20,34.57411575317383
2017-12-21,34.684844970703125
2017-12-22,34.77062225341797
2017-12-26,34.77840805053711
2017-12-27,34.86419677734375
2017-12-28,34.97334671020508
2017-12-29,34.98115539550781
2018-01-02,35.285282135009766
2018-01-03,35.50360870361328
2018-01-04,35.823326110839844
2018-01-05,35.99488067626953
2018-01-08,35.979286193847656
2018-01-09,36.01048278808594
2018-01-10,35.91690444946289
2018-01-11,36.15082931518555
2018-01-12,36.49394226074219
2018-01-16,36.4549446105957
2018-01-17,36.649898529052734
2018-01-18,36.564125061035156
2018-01-19,36.727882385253906
2018-01-22,36.9228401184082
2018-01-23,37.039791107177734
2018-01-24,37.156761169433594
2018-01-25,37.02418899536133
2018-01-26,37.336116790771484
2018-01-29,36.99300765991211
2018-01-30,36.71228790283203
2018-01-31,36.64210510253906
2018-02-01,36.735679626464844
2018-02-02,35.94028854370117
2018-02-05,34.47429275512695
2018-02-06,35.144920349121094
2018-02-07,34.669246673583984
2018-02-08,33.81149673461914
2018-02-09,34.0454216003418
2018-02-12,34.49768829345703
2018-02-13,34.36512756347656
2018-02-14,35.043548583984375
2018-02-15,35.26968002319336
2018-02-16,35.394439697265625
2018-02-20,35.03574752807617
2018-02-21,34.903175354003906
2018-02-22,35.05133819580078
2018-02-23,35.402244567871094
2018-02-26,35.682979583740234
2018-02-27,35.13711929321289
2018-02-28,34.77062225341797
2018-03-01,34.31834030151367
2018-03-02,34.41971206665039
2018-03-05,34.560081481933594
2018-03-06,34.84858703613281
2018-03-07,34.80961608886719
2018-03-08,34.910972595214844
2018-03-09,35.168304443359375
2018-03-12,35.22290802001953
2018-03-13,35.00456237792969
2018-03-14,35.05913162231445
2018-03-15,35.05133819580078
2018-03-16,35.00456237792969
2018-03-19,34.716033935546875
2018-03-20,34.74721908569336
2018-03-21,34.8330078125
2018-03-22,34.193580627441406
2018-03-23,33.77250671386719
2018-03-26,34.376747131347656
2018-03-27,34.09497833251953
2018-03-28,34.25933837890625
2018-03-29,34.635047912597656
2018-04-02,34.11846160888672
2018-04-03,34.38457489013672
2018-04-04,34.46284866333008
2018-04-05,34.72114181518555
2018-04-06,34.439361572265625
2018-04-09,34.7368049621582
2018-04-10,35.120323181152344
2018-04-11,34.955955505371094
2018-04-12,35.089012145996094
2018-04-13,35.120323181152344
2018-04-16,35.182952880859375
2018-04-17,35.36296844482422
2018-04-18,35.574302673339844
2018-04-19,35.40992736816406
2018-04-20,35.23773956298828
2018-04-23,35.1985969543457
2018-04-24,35.042057037353516
2018-04-25,34.96379089355469
2018-04-26,35.22208786010742
2018-04-27,35.26121139526367
2018-04-30,35.07337188720703
2018-05-01,35.042057037353516
2018-05-02,34.995094299316406
2018-05-03,35.06553268432617
2018-05-04,35.1985969543457
2018-05-07,35.190773010253906
2018-05-08,35.190773010253906
2018-05-09,35.300350189208984
2018-05-10,35.550819396972656
2018-05-11,35.621253967285156
2018-05-14,35.68388366699219
2018-05-15,35.38644790649414
2018-05-16,35.49603271484375
2018-05-17,35.54299545288086
2018-05-18,35.417762756347656
2018-05-21,35.64474868774414
2018-05-22,35.621253967285156
2018-05-23,35.28469467163086
2018-05-24,35.16728973388672
2018-05-25,34.97161102294922
2018-05-29,34.26716995239258
2018-05-30,34.760292053222656
2018-05-31,34.57243347167969
2018-06-01,34.830726623535156
2018-06-04,34.98726272583008
2018-06-05,34.94813537597656
2018-06-06,35.24556350708008
2018-06-07,35.042057037353516
2018-06-08,35.104671478271484
2018-06-11,35.331668853759766
2018-06-12,35.11249923706055
2018-06-13,35.12815475463867
2018-06-14,35.042057037353516
2018-06-15,34.79941177368164
2018-06-18,34.5567741394043
2018-06-19,34.18106460571289
2018-06-20,34.25151824951172
2018-06-21,34.01670455932617
2018-06-22,34.38127136230469
2018-06-25,33.89781188964844
2018-06-26,33.93744659423828
2018-06-27,33.62835693359375
2018-06-28,33.74723434448242
2018-06-29,34.000858306884766
2018-07-02,33.63627243041992
2018-07-03,33.70760726928711
2018-07-05,33.921592712402344
2018-07-06,34.15144348144531
2018-07-09,34.46054458618164
2018-07-10,34.50016784667969
2018-07-11,33.89781188964844
2018-07-12,34.18313980102539
2018-07-13,34.278255462646484
2018-07-16,34.28616714477539
2018-07-17,34.3258056640625
2018-07-18,34.341651916503906
2018-07-19,34.19899368286133
2018-07-20,34.40505599975586
2018-07-23,34.349578857421875
2018-07-24,34.56356430053711
2018-07-25,34.82511520385742
2018-07-26,34.682456970214844
2018-07-27,34.76963806152344
2018-07-30,34.74585723876953
2018-07-31,34.77756881713867
2018-08-01,34.658668518066406
2018-08-02,34.39712905883789
2018-08-03,34.44468307495117
2018-08-06,34.278255462646484
2018-08-07,34.49224090576172
2018-08-08,34.48431396484375
2018-08-09,34.420902252197266
2018-08-10,33.770999908447266
2018-08-13,33.60456466674805
2018-08-14,33.65212631225586
2018-08-15,33.136959075927734
2018-08-16,33.36679458618164
2018-08-17,33.588714599609375
2018-08-20,33.731380462646484
2018-08-21,33.95330047607422
2018-08-22,34.119728088378906
2018-08-23,33.866119384765625
2018-08-24,34.119728088378906
2018-08-27,34.58734893798828
2018-08-28,34.508094787597656
2018-08-29,34.69830322265625
2018-08-30,34.38920974731445
2018-08-31,34.17521286010742
2018-09-04,33.83441162109375
2018-09-05,33.58079147338867
2018-09-06,33.46190643310547
2018-09-07,33.19244384765625
2018-09-10,33.374725341796875
2018-09-11,33.422279357910156
2018-09-12,33.56494903564453
2018-09-13,33.778934478759766
2018-09-14,33.85025405883789
2018-09-17,33.8819580078125
2018-09-18,34.230674743652344
2018-09-19,34.349578857421875
2018-09-20,34.72207260131836
2018-09-21,34.73000717163086
2018-09-24,34.57942199707031
2018-09-25,34.74585723876953
2018-09-26,34.76017761230469
2018-09-27,34.66472244262695
2018-09-28,34.41813278198242
2018-10-01,34.50563430786133
2018-10-02,34.28290939331055
2018-10-03,34.22724151611328
2018-10-04,33.78975296020508
2018-10-05,33.62272262573242
2018-10-08,33.43975830078125
2018-10-09,33.32044982910156
2018-10-10,32.564796447753906
2018-10-11,32.11140060424805
2018-10-12,32.27049255371094
2018-10-15,32.21480178833008
2018-10-16,32.77159881591797
2018-10-17,32.57275390625
2018-10-18,32.05570983886719
2018-10-19,32.22276306152344
2018-10-22,32.071632385253906
2018-10-23,31.74550437927246
2018-10-24,30.87054443359375
2018-10-25,31.21257781982422
2018-10-26,30.950075149536133
2018-10-29,30.82280921936035
2018-10-30,31.204620361328125
2018-10-31,31.459138870239258
2018-11-01,31.87278175354004
2018-11-02,31.96026611328125
2018-11-05,31.944366455078125
2018-11-06,32.11140060424805
2018-11-07,32.50911331176758
2018-11-08,32.1829833984375
2018-11-09,31.952312469482422
2018-11-12,31.40346908569336
2018-11-13,31.522785186767578
2018-11-14,31.55459213256836
2018-11-15,31.65801239013672
2018-11-16,31.68983268737793
2018-11-19,31.427337646484375
2018-11-20,30.8466739654541
2018-11-21,31.300064086914062
2018-11-23,31.093252182006836
2018-11-26,31.514833450317383
2018-11-27,31.419376373291016
2018-11-28,31.88072395324707
2018-11-29,31.729597091674805
2018-11-30,31.61823081970215
2018-12-03,32.03981399536133
2018-12-04,31.228471755981445
2018-12-06,30.934165954589844
2018-12-07,30.608043670654297
2018-12-10,30.345558166503906
2018-12-11,30.377365112304688
2018-12-12,30.854631423950195
2018-12-13,30.7989501953125
2018-12-14,30.377365112304688
2018-12-17,30.114879608154297
2018-12-18,30.146703720092773
2018-12-19,29.820573806762695
2018-12-20,29.709209442138672
2018-12-21,29.128543853759766
2018-12-24,28.81021499633789
2018-12-26,29.541728973388672
2018-12-27,29.56585121154785
2018-12-28,29.75876808166504
2018-12-31,29.823078155517578
2019-01-02,29.782878875732422
2019-01-03,29.541728973388672
2019-01-04,30.45009422302246
2019-01-07,30.54655647277832
2019-01-08,30.763591766357422
2019-01-09,31.141403198242188
2019-01-10,31.2700252532959
2019-01-11,31.07709503173828
2019-01-14,30.91632843017578
2019-01-15,31.109254837036133
2019-01-16,31.205707550048828
2019-01-17,31.31020736694336
2019-01-18,31.64783477783203
2019-01-22,31.157480239868164
2019-01-23,31.318262100219727
2019-01-24,31.358442306518555
2019-01-25,31.752330780029297
2019-01-28,31.59960174560547
2019-01-29,31.688020706176758
2019-01-30,32.04173278808594
2019-01-31,32.04976272583008
2019-02-01,32.0336799621582
2019-02-04,32.14622497558594
2019-02-05,32.40345764160156
2019-02-06,32.1944580078125
2019-02-07,31.78449821472168
2019-02-08,31.67194938659668
2019-02-11,31.60764503479004
2019-02-12,32.0256462097168
2019-02-13,32.0336799621582
2019-02-14,32.0336799621582
2019-02-15,32.4677734375
2019-02-19,32.6285400390625
2019-02-20,32.75714874267578
2019-02-21,32.6767692565918
2019-02-22,32.79735565185547
2019-02-25,32.90185546875
2019-02-26,33.03849792480469
2019-02-27,32.93400955200195
2019-02-28,32.79735565185547
2019-03-01,32.998313903808594
2019-03-04,32.86969757080078
2019-03-05,32.89381408691406
2019-03-06,32.79735565185547
2019-03-07,32.37934875488281
2019-03-08,32.33915710449219
2019-03-11,32.63658142089844
2019-03-12,32.65266036987305
2019-03-13,32.89381408691406
2019-03-14,32.86165237426758
2019-03-15,33.191246032714844
2019-03-18,33.303775787353516
2019-03-19,33.3922004699707
2019-03-20,33.36004638671875
2019-03-21,33.3922004699707
2019-03-22,32.749114990234375
2019-03-25,32.749114990234375
2019-03-26,32.95008850097656
2019-03-27,32.90185546875
2019-03-28,32.88166427612305
2019-03-29,32.994693756103516
2019-04-01,33.42256546020508
2019-04-02,33.4467887878418
2019-04-03,33.70512390136719
2019-04-04,33.640541076660156
2019-04-05,33.71319580078125
2019-04-08,33.73741149902344
2019-04-09,33.535587310791016
2019-04-10,33.67283248901367
2019-04-11,33.60825729370117
2019-04-12,33.858516693115234
2019-04-15,33.874656677246094
2019-04-16,33.9311637878418
2019-04-17,33.9876823425293
2019-04-18,33.92311096191406
2019-04-22,33.890804290771484
2019-04-23,33.97153854370117
2019-04-24,33.67283248901367
2019-04-25,33.648616790771484
2019-04-26,33.77778244018555
2019-04-29,33.906944274902344
2019-04-30,33.9311637878418
2019-05-01,33.70512390136719
2019-05-02,33.640541076660156
2019-05-03,33.97153854370117
2019-05-06,33.648616790771484
2019-05-07,33.08349609375
2019-05-08,33.13194274902344
2019-05-09,32.88974380493164
2019-05-10,33.10771560668945
2019-05-13,32.364994049072266
2019-05-14,32.67177200317383
2019-05-15,32.81708526611328
2019-05-16,33.01891326904297
2019-05-17,32.833229064941406
2019-05-20,32.68791580200195
2019-05-21,32.913963317871094
2019-05-22,32.7848014831543
2019-05-23,32.453792572021484
2019-05-24,32.79287338256836
2019-05-28,32.51030349731445
2019-05-29,32.29233932495117
2019-05-30,32.4134407043457
2019-05-31,32.16316604614258
2019-06-03,32.29233932495117
2019-06-04,32.71213912963867
2019-06-05,32.69598388671875
2019-06-06,32.833229064941406
2019-06-07,33.220733642578125
2019-06-10,33.309547424316406
2019-06-11,33.47099685668945
2019-06-12,33.204593658447266
2019-06-13,33.220733642578125
2019-06-14,32.994693756103516
2019-06-17,33.019187927246094
2019-06-18,33.4763069152832
2019-06-19,33.66405487060547
2019-06-20,33.990577697753906
2019-06-21,33.86813735961914
2019-06-24,33.91710662841797
2019-06-25,33.737518310546875
2019-06-26,33.7783317565918
2019-06-27,33.85997009277344
2019-06-28,34.04771041870117
2019-07-01,34.20281219482422
2019-07-02,34.308921813964844
2019-07-03,34.488521575927734
2019-07-05,34.25179672241211
2019-07-08,34.04771041870117
2019-07-09,33.88445281982422
2019-07-10,34.03138732910156
2019-07-11,34.0395393371582
2019-07-12,34.08037185668945
2019-07-15,34.11302185058594
2019-07-16,33.95792007446289
2019-07-17,33.89261245727539
2019-07-18,33.990577697753906
2019-07-19,33.94158935546875
2019-07-22,33.9742431640625
2019-07-23,34.1701545715332
2019-07-24,34.17831802368164
2019-07-25,33.83548355102539
2019-07-26,33.93343734741211
2019-07-29,33.925270080566406
2019-07-30,33.566104888916016
2019-07-31,33.3538703918457
2019-08-01,33.22325897216797
2019-08-02,32.962039947509766
2019-08-05,32.121246337890625
2019-08-06,32.341651916503906
2019-08-07,32.472267150878906
2019-08-08,32.806949615478516
2019-08-09,32.570220947265625
2019-08-12,32.292686462402344
2019-08-13,32.61103820800781
2019-08-14,31.729434967041016
2019-08-15,31.79473304748535
2019-08-16,32.17023849487305
2019-08-19,32.366153717041016
2019-08-20,32.2763557434082
2019-08-21,32.54573059082031
2019-08-22,32.43144607543945
2019-08-23,32.03146743774414
2019-08-26,32.30900192260742
2019-08-27,32.30084228515625
2019-08-28,32.30900192260742
2019-08-29,32.56205368041992
2019-08-30,32.725311279296875
2019-09-03,32.59471130371094
2019-09-04,33.05183029174805
2019-09-05,33.32120895385742
2019-09-06,33.39468002319336
2019-09-09,33.45998001098633
2019-09-10,33.55793762207031
2019-09-11,33.76200485229492
2019-09-12,33.94158935546875
2019-09-13,34.096702575683594
2019-09-16,33.851802825927734
2019-09-17,33.982418060302734
2019-09-18,33.89261245727539
2019-09-19,34.03138732910156
2019-09-20,33.95792007446289
2019-09-23,33.90894317626953
2019-09-24,33.76514434814453
2019-09-25,33.70762252807617
2019-09-26,33.781578063964844
2019-09-27,33.63365936279297
2019-09-30,33.756919860839844
2019-10-01,33.452880859375
2019-10-02,32.78727722167969
2019-10-03,33.01736831665039
2019-10-04,33.2721061706543
2019-10-07,33.23101806640625
2019-10-08,32.91875457763672
2019-10-09,33.181705474853516
2019-10-10,33.39536666870117
2019-10-11,33.96235656738281
2019-10-14,33.83909225463867
2019-10-15,34.21708679199219
2019-10-16,34.24174499511719
2019-10-17,34.3321418762207
2019-10-18,34.291053771972656
2019-10-21,34.504703521728516
2019-10-22,34.42252731323242
2019-10-23,34.586875915527344
2019-10-24,34.644405364990234
2019-10-25,34.66904830932617
2019-10-28,34.82518005371094
2019-10-29,34.784095764160156
2019-10-30,34.923789978027344
2019-10-31,34.84161376953125
2019-11-01,35.153873443603516
2019-11-04,35.342864990234375
2019-11-05,35.334651947021484
2019-11-06,35.301780700683594
2019-11-07,35.457916259765625
2019-11-08,35.38395690917969
2019-11-11,35.351097106933594
2019-11-12,35.35930633544922
2019-11-13,35.244266510009766
2019-11-14,35.2196044921875
2019-11-15,35.433265686035156
2019-11-18,35.4743537902832
2019-11-19,35.40861511230469
2019-11-20,35.194969177246094
2019-11-21,35.145652770996094
2019-11-22,35.18674850463867
2019-11-25,35.457916259765625
2019-11-26,35.482582092285156
2019-11-27,35.5811767578125
2019-11-29,35.31000900268555
2019-12-02,35.153873443603516
2019-12-03,35.02238845825195
2019-12-04,35.326438903808594
2019-12-05,35.293575286865234
2019-12-06,35.59762191772461
2019-12-09,35.40861511230469
2019-12-10,35.44147872924805
2019-12-11,35.638702392578125
2019-12-12,35.9180793762207
2019-12-13,36.12352752685547
2019-12-16,36.48508834838867
2019-12-17,36.353607177734375
2019-12-18,36.263221740722656
2019-12-19,36.296085357666016
2019-12-20,36.353607177734375
2019-12-23,36.40341567993164
2019-12-24,36.37020492553711
2019-12-26,36.53621292114258
2019-12-27,36.63580322265625
2019-12-30,36.37020492553711
2019-12-31,36.56940460205078
2020-01-02,36.86819839477539
2020-01-03,36.420013427734375
2020-01-06,36.54451370239258
2020-01-07,36.48640441894531
2020-01-08,36.53621292114258
2020-01-09,36.685604095458984
2020-01-10,36.56109619140625
2020-01-13,36.77690887451172
2020-01-14,36.80180358886719
2020-01-15,36.77690887451172
2020-01-16,36.976097106933594
2020-01-17,37.067405700683594
2020-01-21,36.76860046386719
2020-01-22,36.859901428222656
2020-01-23,36.76860046386719
2020-01-24,36.62750244140625
2020-01-27,35.85560989379883
2020-01-28,36.16271209716797
2020-01-29,36.1710090637207
2020-01-30,36.088008880615234
2020-01-31,35.47380828857422
2020-02-03,35.59832763671875
2020-02-04,36.1710090637207
2020-02-05,36.51960372924805
2020-02-06,36.644107818603516
2020-02-07,36.287200927734375
2020-02-10,36.37020492553711
2020-02-11,36.61920928955078
2020-02-12,36.76860046386719
2020-02-13,36.50300216674805
2020-02-14,36.478111267089844
2020-02-18,36.22911071777344
2020-02-19,36.378509521484375
2020-02-20,36.1129150390625
2020-02-21,35.94691467285156
2020-02-24,34.54423141479492
2020-02-25,33.95494079589844
2020-02-26,33.979835510253906
2020-02-27,32.94234085083008
2020-02-28,32.75974655151367
2020-03-02,33.19133758544922
2020-03-03,32.925758361816406
2020-03-04,33.830440521240234
2020-03-05,32.94234085083008
2020-03-06,32.46095275878906
2020-03-09,29.821578979492188
2020-03-10,30.933774948120117
2020-03-11,29.323589324951172
2020-03-12,26.045116424560547
2020-03-13,27.688501358032227
2020-03-16,24.692235946655273
2020-03-17,25.812719345092773
2020-03-18,24.277238845825195
2020-03-19,24.63413429260254
2020-03-20,24.4100399017334
2020-03-23,23.9940242767334
2020-03-24,26.12830352783203
2020-03-25,27.070390701293945
2020-03-26,28.220897674560547
2020-03-27,27.353843688964844
2020-03-30,27.91242790222168
2020-03-31,27.79571533203125
2020-04-01,26.56182861328125
2020-04-02,27.070390701293945
2020-04-03,26.536819458007812
2020-04-06,27.96245574951172
2020-04-07,28.120859146118164
2020-04-08,28.38764190673828
2020-04-09,28.99625015258789
2020-04-13,28.762805938720703
2020-04-14,29.27970314025879
2020-04-15,28.329282760620117
2020-04-16,28.36263656616211
2020-04-17,29.162988662719727
2020-04-20,28.737802505493164
2020-04-21,28.14586639404297
2020-04-22,28.671096801757812
2020-04-23,28.621076583862305
2020-04-24,28.92955207824707
2020-04-27,29.329729080200195
2020-04-28,29.563161849975586
2020-04-29,30.346853256225586
2020-04-30,29.74658203125
2020-05-01,29.08795738220215
2020-05-04,29.112958908081055
2020-05-05,29.187997817993164
2020-05-06,29.012922286987305
2020-05-07,29.45478630065918
2020-05-08,29.930002212524414
2020-05-11,29.921667098999023
2020-05-12,29.521484375
2020-05-13,29.27136993408203
2020-05-14,29.054603576660156
2020-05-15,29.062946319580078
2020-05-18,30.221792221069336
2020-05-19,29.896652221679688
2020-05-20,30.438554763793945
2020-05-21,30.105077743530273
2020-05-22,30.021699905395508
2020-05-26,30.913774490356445
2020-05-27,31.23891258239746
2020-05-28,31.44734001159668
2020-05-29,31.40564727783203
2020-06-01,32.089290618896484
2020-06-02,32.43944549560547
2020-06-03,33.18977737426758
2020-06-04,33.00636672973633
2020-06-05,33.656654357910156
2020-06-08,34.05683135986328
2020-06-09,33.61497116088867
2020-06-10,33.556617736816406
2020-06-11,31.71411895751953
2020-06-12,32.25603485107422
2020-06-15,32.356075286865234
2020-06-16,32.78960418701172
2020-06-17,32.8646240234375
2020-06-18,32.714576721191406
2020-06-19,32.56450271606445
2020-06-22,32.939903259277344
2020-06-23,33.09912109375
2020-06-24,32.28630065917969
2020-06-25,32.71366500854492
2020-06-26,32.21926498413086
2020-06-29,32.512542724609375
2020-06-30,32.504173278808594
2020-07-01,32.61310577392578
2020-07-02,32.939903259277344
2020-07-06,33.49296188354492
2020-07-07,33.03207015991211
2020-07-08,33.300235748291016
2020-07-09,32.91476821899414
2020-07-10,33.22481918334961
2020-07-13,33.04883575439453
2020-07-14,33.50971603393555
2020-07-15,33.88678741455078
2020-07-16,33.677303314208984
2020-07-17,33.84489059448242
2020-07-20,34.037620544433594
2020-07-21,34.17169952392578
2020-07-22,34.26387405395508
2020-07-23,33.97895812988281
2020-07-24,33.811378479003906
2020-07-27,34.2806282043457
2020-07-28,34.121421813964844
2020-07-29,34.481746673583984
2020-07-30,34.0208625793457
2020-07-31,33.35888671875
2020-08-03,33.93707275390625
2020-08-04,34.20520782470703
2020-08-05,34.389564514160156
2020-08-06,34.46498489379883
2020-08-07,34.3225212097168
2020-08-10,34.456600189208984
2020-08-11,34.59905242919922
2020-08-12,35.28617477416992
2020-08-13,35.13533020019531
2020-08-14,34.91747283935547
2020-08-17,35.18562316894531
2020-08-18,35.17723846435547
2020-08-19,34.98451232910156
2020-08-20,34.87557601928711
2020-08-21,34.69122314453125
2020-08-24,35.11020278930664
2020-08-25,35.18562316894531
2020-08-26,35.44538116455078
2020-08-27,35.08506393432617
2020-08-28,35.328067779541016
2020-08-31,35.08506393432617
2020-09-01,35.13533020019531
2020-09-02,35.56269836425781
2020-09-03,34.758262634277344
2020-09-04,34.825294494628906
2020-09-08,34.397945404052734
2020-09-09,34.99289321899414
2020-09-10,34.607425689697266
2020-09-11,34.92584991455078
2020-09-14,35.16047286987305
2020-09-15,35.37834930419922
2020-09-16,35.37834930419922
2020-09-17,35.428619384765625
2020-09-18,35.17723846435547
2020-09-21,34.318851470947266
2020-09-22,34.310420989990234
2020-09-23,33.956626892089844
2020-09-24,33.90607833862305
2020-09-25,34.03243637084961
2020-09-28,34.588409423828125
2020-09-29,34.53786849975586
2020-09-30,34.45363235473633
2020-10-01,34.65580368041992
2020-10-02,34.57999038696289
2020-10-05,35.119110107421875
2020-10-06,34.756893157958984
2020-10-07,35.085418701171875
2020-10-08,35.346553802490234
2020-10-09,35.582427978515625
2020-10-12,35.75933074951172
2020-10-13,35.363407135009766
2020-10-14,35.28758239746094
2020-10-15,34.90009689331055
2020-10-16,35.00960159301758
2020-10-19,34.85798263549805
2020-10-20,35.05172348022461
2020-10-21,34.93379211425781
2020-10-22,34.96747970581055
2020-10-23,35.16123580932617
2020-10-26,34.50416564941406
2020-10-27,34.24303436279297
2020-10-28,33.24059295654297
2020-10-29,33.40065002441406
2020-10-30,33.2321662902832
2020-11-02,33.63652038574219
2020-11-03,34.49574661254883
2020-11-04,34.849544525146484
2020-11-05,35.691925048828125
2020-11-06,35.76774597167969
2020-11-09,36.74491882324219
2020-11-10,37.01448440551758
2020-11-11,37.326175689697266
2020-11-12,36.78704071044922
2020-11-13,37.309322357177734
2020-11-16,37.78948974609375
2020-11-17,37.77263259887695
2020-11-18,37.57045364379883
2020-11-19,37.79790496826172
2020-11-20,37.92426300048828
2020-11-23,37.949527740478516
2020-11-24,38.55604553222656
2020-11-25,38.48023223876953
2020-11-27,38.749794006347656
2020-11-30,37.98322677612305
2020-12-01,38.80035400390625
2020-12-02,38.85932159423828
2020-12-03,38.99409866333008
2020-12-04,39.3731689453125
2020-12-07,39.08675765991211
2020-12-08,39.179420471191406
2020-12-09,39.22996139526367
2020-12-10,39.31420135498047
2020-12-11,39.179420471191406
2020-12-14,39.18783950805664
2020-12-15,39.61746597290039
2020-12-16,39.75223922729492
2020-12-17,40.01337814331055
2020-12-18,39.77751159667969
2020-12-21,39.331336975097656
2020-12-22,39.2038688659668
2020-12-23,39.64578628540039
2020-12-24,39.747772216796875
2020-12-28,39.994224548339844
2020-12-29,40.308677673339844
2020-12-30,40.393653869628906
2020-12-31,40.1217041015625
2021-01-04,40.351165771484375
2021-01-05,40.810089111328125
2021-01-06,41.25201416015625
2021-01-07,41.37099075317383
2021-01-08,41.761924743652344
2021-01-11,41.218021392822266
2021-01-12,41.41347885131836
2021-01-13,41.33700180053711
2021-01-14,41.65143585205078
2021-01-15,40.98005676269531
2021-01-19,41.269012451171875
2021-01-20,41.58346176147461
2021-01-21,41.676937103271484
2021-01-22,41.38798904418945
2021-01-25,41.362491607666016
2021-01-26,41.379493713378906
2021-01-27,40.4106559753418
2021-01-28,40.72509765625
2021-01-29,39.83275604248047
2021-02-01,40.393653869628906
2021-02-02,40.844085693359375
2021-02-03,40.954559326171875
2021-02-04,40.971561431884766
2021-02-05,41.277503967285156
2021-02-08,41.54096603393555
2021-02-09,41.7789192199707
2021-02-10,41.685447692871094
2021-02-11,41.957393646240234
2021-02-12,42.152862548828125
2021-02-16,42.40781784057617
2021-02-17,42.14436340332031
2021-02-18,41.87240219116211
2021-02-19,42.06787109375
2021-02-22,41.94040298461914
2021-02-23,41.957393646240234
2021-02-24,42.11036682128906
2021-02-25,41.396484375
2021-02-26,40.80158996582031
2021-03-01,41.59196472167969
2021-03-02,41.57495880126953
2021-03-03,41.31999969482422
2021-03-04,40.90357208251953
2021-03-05,41.235015869140625
2021-03-08,41.03105545043945
2021-03-09,41.55796813964844
2021-03-10,41.736427307128906
2021-03-11,42.042381286621094
2021-03-12,42.14436340332031
2021-03-15,42.246337890625
2021-03-16,42.3143424987793
2021-03-17,42.53529357910156
2021-03-18,42.127357482910156
2021-03-19,42.2718391418457
2021-03-22,42.289772033691406
2021-03-23,41.64940643310547
2021-03-24,41.4700927734375
2021-03-25,41.73478317260742
2021-03-26,42.30684280395508
2021-03-29,42.1019401550293
2021-03-30,42.050697326660156
2021-03-31,41.93115997314453
2021-04-01,42.47761154174805
2021-04-05,43.117977142333984
2021-04-06,42.74229431152344
2021-04-07,42.81914138793945
2021-04-08,43.066749572753906
2021-04-09,43.16920471191406
2021-04-12,42.93867111206055
2021-04-13,43.228973388671875
2021-04-14,43.27166748046875
2021-04-15,43.60465621948242
2021-04-16,43.86079406738281
2021-04-19,43.73272705078125
2021-04-20,43.006980895996094
2021-04-21,43.399742126464844
2021-04-22,43.22043228149414
2021-04-23,43.71565246582031
2021-04-26,43.78395462036133
2021-04-27,43.647342681884766
2021-04-28,43.766883850097656
2021-04-29,43.80957794189453
2021-04-30,43.21190643310547
2021-05-03,43.664432525634766
2021-05-04,43.13505172729492
2021-05-05,43.647342681884766
2021-05-06,44.00595474243164
2021-05-07,44.51824951171875
2021-05-10,44.28771209716797
2021-05-11,43.75834655761719
2021-05-12,42.989906311035156
2021-05-13,43.28873825073242
2021-05-14,43.98033905029297
2021-05-17,43.912025451660156
2021-05-18,44.06571960449219
2021-05-19,43.6729621887207
2021-05-20,44.279178619384766
2021-05-21,44.2706413269043
2021-05-24,44.54385757446289
2021-05-25,44.54385757446289
2021-05-26,44.54385757446289
2021-05-27,44.629241943359375
2021-05-28,44.75730895996094
2021-06-01,44.99638748168945
2021-06-02,45.12445831298828
2021-06-03,44.88539123535156
2021-06-04,45.312294006347656
2021-06-07,45.41474914550781
2021-06-08,45.38914108276367
2021-06-09,45.2098388671875
2021-06-10,45.35499572753906
2021-06-11,45.43183135986328
2021-06-14,45.50014114379883
2021-06-15,45.50868225097656
2021-06-16,45.2098388671875
2021-06-17,44.87685775756836
2021-06-18,44.02302169799805
2021-06-21,44.62898635864258
2021-06-22,44.672027587890625
2021-06-23,44.43102264404297
2021-06-24,44.80113220214844
2021-06-25,44.94745635986328
2021-06-28,44.65480422973633
2021-06-29,44.64619445800781
2021-06-30,44.344947814941406
2021-07-01,44.47404861450195
2021-07-02,44.63759231567383
2021-07-06,44.37075424194336
2021-07-07,44.525699615478516
2021-07-08,43.88014602661133
2021-07-09,44.63759231567383
2021-07-12,44.80113220214844
2021-07-13,44.55152130126953
2021-07-14,44.66342544555664
2021-07-15,44.30190658569336
2021-07-16,43.957611083984375
2021-07-19,43.09687805175781
2021-07-20,43.48420333862305
2021-07-21,44.112548828125
2021-07-22,44.172794342041016
2021-07-23,44.43962478637695
2021-07-26,44.49126434326172
2021-07-27,44.32773208618164
2021-07-28,44.525699615478516
2021-07-29,44.86138153076172
2021-07-30,44.5687370300293
2021-08-02,44.78391647338867
2021-08-03,45.102386474609375
2021-08-04,44.97327423095703
2021-08-05,45.20567321777344
2021-08-06,45.024925231933594
2021-08-09,44.97327423095703
2021-08-10,45.067955017089844
2021-08-11,45.35199737548828
2021-08-12,45.248714447021484
2021-08-13,45.48111343383789
2021-08-16,45.22288513183594
2021-08-17,44.72366714477539
2021-08-18,44.61176300048828
2021-08-19,44.12115478515625
2021-08-20,44.26747131347656
2021-08-23,44.732269287109375
2021-08-24,44.94745635986328
2021-08-25,44.98188018798828
2021-08-26,44.69784164428711
2021-08-27,45.162635803222656
2021-08-30,45.154029846191406
2021-08-31,45.154029846191406
2021-09-01,45.54996871948242
2021-09-02,45.76514434814453
2021-09-03,45.98893737792969
2021-09-07,45.877044677734375
2021-09-08,45.54135513305664
2021-09-09,45.48971939086914
2021-09-10,45.36060333251953
2021-09-13,45.70489501953125
2021-09-14,45.50693893432617
2021-09-15,45.687686920166016
2021-09-16,45.55857467651367
2021-09-17,44.9904899597168
2021-09-20,44.135093688964844
2021-09-21,44.5152702331543
2021-09-22,44.757198333740234
2021-09-23,45.301544189453125
2021-09-24,44.88680648803711
2021-09-27,44.88680648803711
2021-09-28,43.89316177368164
2021-09-29,43.75492477416992
2021-09-30,43.62531280517578
2021-10-01,43.75492477416992
2021-10-04,43.34881591796875
2021-10-05,43.59939193725586
2021-10-06,43.27968978881836
2021-10-07,43.642581939697266
2021-10-08,43.65122985839844
2021-10-11,43.52162551879883
2021-10-12,43.50435256958008
2021-10-13,43.988197326660156
2021-10-14,44.46342468261719
2021-10-15,44.817691802978516
2021-10-18,44.65352249145508
2021-10-19,44.964569091796875
2021-10-20,45.12010192871094
2021-10-21,44.89544677734375
2021-10-22,45.10280990600586
2021-10-25,45.0682487487793
2021-10-26,45.1546516418457
2021-10-27,44.9127311706543
2021-10-28,45.37066650390625
2021-10-29,45.033695220947266
2021-11-01,45.45706558227539
2021-11-02,45.35338592529297
2021-11-03,45.6644401550293
2021-11-04,45.6298828125
2021-11-05,45.72492218017578
2021-11-08,45.7508430480957
2021-11-09,45.638511657714844
2021-11-10,45.05961608886719
2021-11-11,45.21514129638672
2021-11-12,45.526187896728516
2021-11-15,45.448429107666016
2021-11-16,45.34474182128906
2021-11-17,45.23241424560547
2021-11-18,45.26698684692383
2021-11-19,44.92136764526367
2021-11-22,44.67943572998047
2021-11-23,44.601680755615234
2021-11-24,44.368377685546875
2021-11-26,43.15873336791992
2021-11-29,43.36609649658203
2021-11-30,42.94271469116211
2021-12-01,42.71806716918945
2021-12-02,43.31425857543945
2021-12-03,43.09824752807617
2021-12-06,43.51298522949219
2021-12-07,44.44614791870117
2021-12-08,44.50662612915039
2021-12-09,44.11780548095703
2021-12-10,44.17829513549805
2021-12-13,43.729000091552734
2021-12-14,43.50435256958008
2021-12-15,44.040042877197266
2021-12-16,44.048683166503906
2021-12-17,43.538909912109375
2021-12-20,43.32744598388672
2021-12-21,43.87145233154297
2021-12-22,44.318931579589844
2021-12-23,44.590938568115234
2021-12-27,44.933135986328125
2021-12-28,44.933135986328125
2021-12-29,44.92436981201172
2021-12-30,44.81907272338867
2021-12-31,44.801517486572266
2022-01-03,45.07352066040039
2022-01-04,45.240230560302734
2022-01-05,44.845394134521484
2022-01-06,44.59971237182617
2022-01-07,44.78397750854492
2022-01-10,44.371578216552734
2022-01-11,44.89804458618164
2022-01-12,45.380619049072266
2022-01-13,45.05597686767578
2022-01-14,44.95068359375
2022-01-18,44.292606353759766
2022-01-19,44.28384017944336
2022-01-20,44.00305938720703
2022-01-21,43.397640228271484
2022-01-24,42.91504669189453
2022-01-25,42.68692398071289
2022-01-26,42.485111236572266
2022-01-27,42.2043342590332
2022-01-28,42.397369384765625
2022-01-31,43.072994232177734
2022-02-01,43.50293731689453
2022-02-02,43.85390090942383
2022-02-03,43.15195846557617
2022-02-04,43.26602554321289
2022-02-07,43.34498977661133
2022-02-08,43.55558395385742
2022-02-09,44.248741149902344
2022-02-10,43.73106002807617
2022-02-11,43.125633239746094
2022-02-14,42.87118148803711
2022-02-15,43.58190155029297
2022-02-16,43.76616287231445
2022-02-17,43.099308013916016
2022-02-18,42.87118148803711
2022-02-22,42.42369079589844
2022-02-23,42.028846740722656
2022-02-24,41.48483657836914
2022-02-25,42.528987884521484
2022-02-28,41.932334899902344
2022-03-01,41.107547760009766
2022-03-02,41.607688903808594
2022-03-03,40.949607849121094
2022-03-04,39.89669418334961
2022-03-07,38.720943450927734
2022-03-08,38.95785140991211
2022-03-09,40.44947814941406
2022-03-10,39.99320983886719
2022-03-11,39.61592102050781
2022-03-14,39.87036895751953
2022-03-15,40.22134017944336
2022-03-16,41.58135986328125
2022-03-17,41.95866012573242
2022-03-18,42.318397521972656
2022-03-21,42.092506408691406
2022-03-22,42.479248046875
2022-03-23,41.943092346191406
2022-03-24,42.2770881652832
2022-03-25,42.338619232177734
2022-03-28,42.20677185058594
2022-03-29,43.032981872558594
2022-03-30,42.8747673034668
2022-03-31,42.21556091308594
2022-04-01,42.58472442626953
2022-04-04,42.7692985534668
2022-04-05,42.25951385498047
2022-04-06,41.71455764770508
2022-04-07,41.758506774902344
2022-04-08,41.749717712402344
2022-04-11,41.31024932861328
2022-04-12,41.03778076171875
2022-04-13,41.52120590209961
2022-04-14,41.31904220581055
2022-04-18,41.143253326416016
2022-04-19,41.32783508300781
2022-04-20,41.63546371459961
2022-04-21,41.143253326416016
2022-04-22,40.387359619140625
2022-04-25,40.150047302246094
2022-04-26,39.060157775878906
2022-04-27,39.23595428466797
2022-04-28,39.85121536254883
2022-04-29,39.35021209716797
2022-05-02,39.2183723449707
2022-05-03,39.534793853759766
2022-05-04,40.21157455444336
2022-05-05,38.928321838378906
2022-05-06,38.57674026489258
2022-05-09,37.38138198852539
2022-05-10,37.565956115722656
2022-05-11,37.37260055541992
2022-05-12,37.23196792602539
2022-05-13,38.27790069580078
2022-05-16,38.33064270019531
2022-05-17,39.06895446777344
2022-05-18,38.137271881103516
2022-05-19,38.53280258178711
2022-05-20,38.75252914428711
2022-05-23,39.4205322265625
2022-05-24,39.27989196777344
2022-05-25,39.262325286865234
2022-05-26,39.6930046081543
2022-05-27,40.18520736694336
2022-05-31,40.00062561035156
2022-06-01,39.640262603759766
2022-06-02,40.475257873535156
2022-06-03,39.85121536254883
2022-06-06,40.00062561035156
2022-06-07,40.097320556640625
2022-06-08,39.5963134765625
2022-06-09,38.770118713378906
2022-06-10,37.873592376708984
2022-06-13,36.581546783447266
2022-06-14,36.24755096435547
2022-06-15,36.88916778564453
2022-06-16,36.001441955566406
2022-06-17,35.87839889526367
2022-06-21,36.43050765991211
2022-06-22,36.09211349487305
2022-06-23,35.95853805541992
2022-06-24,37.02714920043945
2022-06-27,36.95590591430664
2022-06-28,36.75999450683594
2022-06-29,36.53736114501953
2022-06-30,36.332550048828125
2022-07-01,36.41270065307617
2022-07-05,35.62906265258789
2022-07-06,35.62906265258789
2022-07-07,36.20787811279297
2022-07-08,36.296932220458984
2022-07-11,35.69139862060547
2022-07-12,35.6557731628418
2022-07-13,35.61124801635742
2022-07-14,35.08584976196289
2022-07-15,35.62015151977539
2022-07-18,35.842777252197266
2022-07-19,36.768898010253906
2022-07-20,36.590797424316406
2022-07-21,37.00043487548828
2022-07-22,36.875762939453125
2022-07-25,37.178531646728516
2022-07-26,36.67094039916992
2022-07-27,37.508018493652344
2022-07-28,37.748451232910156
2022-07-29,38.25603485107422
2022-08-01,38.25603485107422
2022-08-02,37.65940856933594
2022-08-03,37.926551818847656
2022-08-04,38.11355972290039
2022-08-05,37.84640121459961
2022-08-08,37.96217727661133
2022-08-09,37.73063278198242
2022-08-10,38.63005447387695
2022-08-11,38.63005447387695
2022-08-12,38.95063400268555
2022-08-15,38.67457580566406
2022-08-16,38.7101936340332
2022-08-17,38.38071060180664
2022-08-18,38.25603485107422
2022-08-19,37.68611526489258
2022-08-22,37.08057403564453
2022-08-23,37.15182113647461
2022-08-24,37.19634246826172
2022-08-25,37.632686614990234
2022-08-26,36.63532638549805
2022-08-29,36.5462760925293
2022-08-30,36.243499755859375
2022-08-31,36.029781341552734
2022-09-01,35.54890823364258
2022-09-02,35.32628631591797
2022-09-06,35.174903869628906
2022-09-07,35.47766876220703
2022-09-08,35.531105041503906
2022-09-09,36.44831466674805
2022-09-12,36.911380767822266
2022-09-13,35.6468620300293
2022-09-14,35.80714797973633
2022-09-15,35.45985794067383
2022-09-16,35.228328704833984
2022-09-19,35.362308502197266
2022-09-20,34.77278518676758
2022-09-21,34.326171875
2022-09-22,34.1654052734375
2022-09-23,33.048892974853516
2022-09-26,32.521888732910156
2022-09-27,32.325382232666016
2022-09-28,33.048892974853516
2022-09-29,32.63800811767578
2022-09-30,32.477237701416016
2022-10-03,33.20073699951172
2022-10-04,34.5226936340332
2022-10-05,34.11180877685547
2022-10-06,33.5401496887207
2022-10-07,33.01315689086914
2022-10-10,32.78984832763672
2022-10-11,32.40576934814453
2022-10-12,32.325382232666016
2022-10-13,32.99529266357422
2022-10-14,32.43257522583008
2022-10-17,33.29005432128906
2022-10-18,33.51335906982422
2022-10-19,33.1292724609375
2022-10-20,33.039955139160156
2022-10-21,33.656272888183594
2022-10-24,33.60268020629883
2022-10-25,34.35298156738281
2022-10-26,34.70133590698242
2022-10-27,34.46909713745117
2022-10-28,34.73705291748047
2022-10-31,34.451229095458984
2022-11-01,34.74599075317383
2022-11-02,34.218994140625
2022-11-03,33.942100524902344
2022-11-04,35.23725509643555
2022-11-07,35.38910675048828
2022-11-08,35.817848205566406
2022-11-09,35.31765365600586
2022-11-10,37.28271484375
2022-11-11,37.97943115234375
2022-11-14,37.541751861572266
2022-11-15,37.773990631103516
2022-11-16,37.63106918334961
2022-11-17,37.58641815185547
2022-11-18,37.64893341064453
2022-11-21,37.34524154663086
2022-11-22,37.8990364074707
2022-11-23,38.336708068847656
2022-11-25,38.49748611450195
2022-11-28,37.961551666259766
2022-11-29,38.059814453125
2022-11-30,38.77438735961914
2022-12-01,39.1048698425293
2022-12-02,39.06914520263672
2022-12-05,38.4796257019043
2022-12-06,38.22059631347656
2022-12-07,38.22059631347656
2022-12-08,38.43496322631836
2022-12-09,38.461753845214844
2022-12-12,38.56000518798828
2022-12-13,39.060211181640625
2022-12-14,39.0423469543457
2022-12-15,38.024085998535156
2022-12-16,37.72932434082031
2022-12-19,37.64799118041992
2022-12-20,37.82872772216797
2022-12-21,38.208274841308594
2022-12-22,37.8739128112793
2022-12-23,38.063690185546875
2022-12-27,38.135990142822266
2022-12-28,37.702213287353516
2022-12-29,38.298648834228516
2022-12-30,37.928138732910156
2023-01-03,38.135990142822266
2023-01-04,38.7053108215332
2023-01-05,38.271541595458984
2023-01-06,39.32886505126953
2023-01-09,39.50056838989258
2023-01-10,39.599971771240234
2023-01-11,39.898197174072266
2023-01-12,40.476558685302734
2023-01-13,40.684410095214844
2023-01-17,40.80189514160156
2023-01-18,40.621150970458984
2023-01-19,40.575965881347656
2023-01-20,40.99167251586914
2023-01-23,41.16336441040039
2023-01-24,41.15433883666992
2023-01-25,41.362178802490234
2023-01-26,41.48870086669922
2023-01-27,41.44351577758789
2023-01-30,41.10011672973633
2023-01-31,41.3531379699707
2023-02-01,41.72366714477539
2023-02-02,41.714622497558594
2023-02-03,41.24470138549805
2023-02-06,40.80189514160156
2023-02-07,41.18144226074219
2023-02-08,40.93743896484375
2023-02-09,40.97359085083008
2023-02-10,40.85611343383789
2023-02-13,41.20854568481445
2023-02-14,41.24470138549805
2023-02-15,41.03684997558594
2023-02-16,40.847076416015625
2023-02-17,40.910335540771484
2023-02-21,40.395225524902344
2023-02-22,40.16026306152344
2023-02-23,40.395225524902344
2023-02-24,39.762638092041016
2023-02-27,40.20545196533203
2023-02-28,39.91626739501953
2023-03-01,40.16930389404297
2023-03-02,40.23255920410156
2023-03-03,40.81995391845703
2023-03-06,40.72055435180664
2023-03-07,39.97952651977539
2023-03-08,40.187374114990234
2023-03-09,39.789756774902344
2023-03-10,39.40116882324219
2023-03-13,39.17523193359375
2023-03-14,39.636131286621094
2023-03-15,38.45227813720703
2023-03-16,39.0487174987793
2023-03-17,38.59686279296875
2023-03-20,39.18648147583008
2023-03-21,39.694454193115234
2023-03-22,39.54024887084961
2023-03-23,39.56746292114258
2023-03-24,39.431400299072266
2023-03-27,39.776092529296875
2023-03-28,39.83052062988281
2023-03-29,40.28406524658203
2023-03-30,40.782962799072266
2023-03-31,40.973453521728516
2023-04-03,41.30908966064453
2023-04-04,41.30001449584961
2023-04-05,40.98252868652344
2023-04-06,41.118595123291016
2023-04-10,41.15488052368164
2023-04-11,41.33629608154297
2023-04-12,41.572147369384766
2023-04-13,42.17989730834961
2023-04-14,41.97126388549805
2023-04-17,41.93498611450195
2023-04-18,42.0982551574707
2023-04-19,41.93498611450195
2023-04-20,41.953121185302734
2023-04-21,42.089195251464844
2023-04-24,42.17082595825195
2023-04-25,41.50864028930664
2023-04-26,41.51771545410156
2023-04-27,42.04383087158203
2023-04-28,42.05290222167969
2023-05-01,42.01662063598633
2023-05-02,41.572147369384766
2023-05-03,41.65378189086914
2023-05-04,41.59028244018555
2023-05-05,42.261531829833984
2023-05-08,42.27968215942383
2023-05-09,42.11640548706055
2023-05-10,42.05290222167969
2023-05-11,41.8624153137207
2023-05-12,41.77170181274414
2023-05-15,42.134544372558594
2023-05-16,41.69914245605469
2023-05-17,41.916831970214844
2023-05-18,41.83519744873047
2023-05-19,42.089195251464844
2023-05-22,42.125465393066406
2023-05-23,41.535858154296875
2023-05-24,40.94624328613281
2023-05-25,40.85554122924805
2023-05-26,41.23651885986328
2023-05-30,40.882747650146484
2023-05-31,40.4836311340332
2023-06-01,41.10952377319336
2023-06-02,41.71727752685547
2023-06-05,41.454219818115234
2023-06-06,41.81705856323242
2023-06-07,41.41793441772461
2023-06-08,41.844276428222656
2023-06-09,41.82611846923828
2023-06-12,42.01662063598633
2023-06-13,42.4248161315918
2023-06-14,42.53366470336914
2023-06-15,42.93278503417969
2023-06-16,42.805782318115234
2023-06-20,42.23088073730469
2023-06-21,42.29495620727539
2023-06-22,42.03861999511719
2023-06-23,41.36117172241211
2023-06-26,41.489341735839844
2023-06-27,41.828067779541016
2023-06-28,41.83721923828125
2023-06-29,41.782291412353516
2023-06-30,42.276649475097656
2023-07-03,42.34988784790039
2023-07-05,41.89214324951172
2023-07-06,41.150611877441406
2023-07-07,41.49849319458008
2023-07-10,41.60834884643555
2023-07-11,42.01116180419922
2023-07-12,42.81678009033203
2023-07-13,43.475921630859375
2023-07-14,43.21043395996094
2023-07-17,43.19212341308594
2023-07-18,43.503387451171875
2023-07-19,43.494224548339844
2023-07-20,43.23789978027344
2023-07-21,43.29281997680664
2023-07-24,43.247047424316406
2023-07-25,43.37521743774414
2023-07-26,43.43014907836914
2023-07-27,43.247047424316406
2023-07-28,43.604087829589844
2023-07-31,43.604087829589844
2023-08-01,43.11888122558594
2023-08-02,42.285804748535156
2023-08-03,42.15763854980469
2023-08-04,42.276649475097656
2023-08-07,42.61537170410156
2023-08-08,42.29495620727539
2023-08-09,42.33157730102539
2023-08-10,42.45974349975586
2023-08-11,42.22171401977539
2023-08-14,42.04778289794922
2023-08-15,41.461875915527344
2023-08-16,41.132301330566406
2023-08-17,40.857662200927734
2023-08-18,40.857662200927734
2023-08-21,40.9858283996582
2023-08-22,40.89427947998047
2023-08-23,41.333702087402344
2023-08-24,40.8118896484375
2023-08-25,41.06821823120117
2023-08-28,41.49849319458008
2023-08-29,42.02946853637695
2023-08-30,42.020320892333984
2023-08-31,41.882991790771484
2023-09-01,41.94707489013672
2023-09-05,41.57172393798828
2023-09-06,41.40694046020508
2023-09-07,41.24215316772461
2023-09-08,41.18723678588867
2023-09-11,41.65412139892578
2023-09-12,41.47102355957031
2023-09-13,41.388633728027344
2023-09-14,41.94707489013672
2023-09-15,41.85552978515625
2023-09-18,41.69883728027344
2023-09-19,41.70805358886719
2023-09-20,41.569793701171875
2023-09-21,40.878501892089844
2023-09-22,40.92458724975586
2023-09-25,40.76789093017578
2023-09-26,40.18720245361328
2023-09-27,40.095027923583984
2023-09-28,40.426856994628906
2023-09-29,40.29781723022461
2023-10-02,39.671043395996094
2023-10-03,39.17331314086914
2023-10-04,39.19174575805664
2023-10-05,39.55121612548828
2023-10-06,39.96599578857422
2023-10-09,39.9383430480957
2023-10-10,40.44529724121094
2023-10-11,40.62041091918945
2023-10-12,40.27016067504883
2023-10-13,39.91068649291992
2023-10-16,40.22407150268555
2023-10-17,40.23329162597656
2023-10-18,39.55121612548828
2023-10-19,39.228614807128906
2023-10-20,38.85992431640625
2023-10-23,38.878360748291016
2023-10-24,39.07191848754883
2023-10-25,38.73088455200195
2023-10-26,38.44514846801758
2023-10-27,38.325321197509766
2023-10-30,38.8507080078125
2023-10-31,38.93366622924805
2023-11-01,39.33000564575195
2023-11-02,40.21485137939453
2023-11-03,40.731021881103516
2023-11-06,40.601985931396484
2023-11-07,40.29781723022461
2023-11-08,40.20563888549805
2023-11-09,40.18720245361328
2023-11-10,40.39920425415039
2023-11-13,40.45450210571289
2023-11-14,41.55135726928711
2023-11-15,41.514488220214844
2023-11-16,41.42231750488281
2023-11-17,41.938480377197266
2023-11-20,42.122825622558594
2023-11-21,41.9569206237793
2023-11-22,42.03987503051758
2023-11-24,42.316383361816406
2023-11-27,42.205780029296875
2023-11-28,42.279518127441406
2023-11-29,42.38091278076172
2023-11-30,42.36247253417969
2023-12-01,42.795692443847656
2023-12-04,42.41777801513672
2023-12-05,42.279518127441406
2023-12-06,42.36247253417969
2023-12-07,42.56525421142578
2023-12-08,42.66664505004883
2023-12-11,42.78647232055664
2023-12-12,42.795692443847656
2023-12-13,43.48698043823242
2023-12-14,43.86488723754883
2023-12-15,43.413246154785156
2023-12-18,43.56265640258789
2023-12-19,43.98287582397461
2023-12-20,43.525306701660156
2023-12-21,44.26301956176758
2023-12-22,44.36573028564453
2023-12-26,44.56183624267578
2023-12-27,44.8139762878418
2023-12-28,44.73926544189453
2023-12-29,44.72993087768555
2024-01-02,44.235008239746094
2024-01-03,43.88015365600586
2024-01-04,43.98287582397461
2024-01-05,44.010894775390625
2024-01-08,44.46846008300781
2024-01-09,44.06691360473633
2024-01-10,44.309715270996094
2024-01-11,44.26301956176758
2024-01-12,44.42176818847656
2024-01-16,43.62802505493164
2024-01-17,43.151771545410156
2024-01-18,43.543983459472656
2024-01-19,43.68404769897461
2024-01-22,43.79611587524414
2024-01-23,43.72140121459961
2024-01-24,43.992210388183594
2024-01-25,44.10426712036133
2024-01-26,44.29103469848633
2024-01-29,44.55249786376953
2024-01-30,44.49647903442383
2024-01-31,44.24434280395508
2024-02-01,44.71125411987305
2024-02-02,44.39375305175781
2024-02-05,44.10426712036133
2024-02-06,44.37507629394531
2024-02-07,44.40309143066406
2024-02-08,44.328392028808594
2024-02-09,44.48713302612305
2024-02-12,44.59918975830078
2024-02-13,43.80544662475586
2024-02-14,44.34707260131836
2024-02-15,44.84198760986328
2024-02-16,44.87934112548828
2024-02-20,45.038089752197266
2024-02-21,45.06610107421875
2024-02-22,45.54235076904297
2024-02-23,45.61705780029297
2024-02-26,45.51433563232422
2024-02-27,45.59838104248047
2024-02-28,45.35558319091797
2024-02-29,45.458309173583984
2024-03-01,45.94389343261719
2024-03-04,45.8224983215332
2024-03-05,45.71044158935547
2024-03-06,46.26139450073242
2024-03-07,46.79367446899414
2024-03-08,46.662933349609375
2024-03-11,46.429481506347656
2024-03-12,46.784332275390625
2024-03-13,46.79367446899414
2024-03-14,46.485511779785156
2024-03-15,46.44512176513672
2024-03-18,46.45451736450195
2024-03-19,46.529659271240234
2024-03-20,47.03684616088867
2024-03-21,47.06501388549805
2024-03-22,46.90534973144531
2024-03-25,46.839599609375
2024-03-26,46.90534973144531
2024-03-27,47.21529006958008
2024-03-28,47.12137222290039
2024-04-01,46.93352127075195
2024-04-02,46.642356872558594
2024-04-03,46.895957946777344
2024-04-04,46.520259857177734
2024-04-05,46.68932342529297
2024-04-08,46.91474151611328
2024-04-09,46.924129486083984
2024-04-10,46.21970748901367
2024-04-11,46.388763427734375
2024-04-12,45.58102798461914
2024-04-15,45.42136001586914
2024-04-16,44.94234085083008
2024-04-17,44.97052764892578
2024-04-18,44.92356491088867
2024-04-19,44.95173645019531
2024-04-22,45.44013977050781
2024-04-23,45.900367736816406
2024-04-24,45.76887130737305
2024-04-25,45.57163619995117
2024-04-26,45.909759521484375
2024-04-29,46.163352966308594
2024-04-30,45.51527786254883
2024-05-01,45.458927154541016
2024-05-02,46.12578582763672
2024-05-03,46.548439025878906
2024-05-06,46.91474151611328
2024-05-07,46.98048782348633
2024-05-08,46.93352127075195
2024-05-09,47.281036376953125
2024-05-10,47.299827575683594
2024-05-13,47.290428161621094
2024-05-14,47.619163513183594
2024-05-15,48.09817123413086
2024-05-16,47.8257942199707
2024-05-17,47.99485778808594
2024-05-20,48.013641357421875
2024-05-21,47.938499450683594
2024-05-22,47.487674713134766
2024-05-23,47.22468185424805
2024-05-24,47.609771728515625
2024-05-28,47.619163513183594
2024-05-29,46.80203628540039
2024-05-30,47.22468185424805
2024-05-31,47.63795471191406
2024-06-03,47.76005172729492
2024-06-04,47.619163513183594
2024-06-05,47.94789505004883
2024-06-06,48.070003509521484
2024-06-07,47.47827911376953
2024-06-10,47.54402542114258
2024-06-11,47.008663177490234
2024-06-12,47.581600189208984
2024-06-13,46.91474151611328
2024-06-14,46.49208450317383
2024-06-17,46.66114044189453
2024-06-18,46.848995208740234
2024-06-20,46.848995208740234
2024-06-21,46.5370979309082
2024-06-24,46.94473648071289
2024-06-25,47.0110969543457
2024-06-26,46.69826126098633
2024-06-27,46.81201934814453
2024-06-28,46.849937438964844
2024-07-01,46.887855529785156
2024-07-02,46.99213790893555
2024-07-03,47.551456451416016
2024-07-05,47.85481643676758
2024-07-08,47.64625930786133
2024-07-09,47.4850959777832
2024-07-10,48.1486930847168
2024-07-11,48.338294982910156
2024-07-12,48.82176971435547
2024-07-15,48.45205307006836
2024-07-16,48.736454010009766
2024-07-17,48.46153259277344
2024-07-18,47.98753356933594
2024-07-19,47.7031364440918
2024-07-22,48.16765594482422
2024-07-23,47.921173095703125
2024-07-24,47.32393264770508
2024-07-25,47.03006362915039
2024-07-26,47.64625930786133
2024-07-29,47.45665740966797
2024-07-30,47.56093215942383
2024-07-31,48.262454986572266
2024-08-01,47.03006362915039
2024-08-02,46.20530319213867
2024-08-05,45.12458801269531
2024-08-06,45.2004280090332
2024-08-07,45.4184684753418
2024-08-08,46.19581985473633
2024-08-09,46.35697555541992
2024-08-12,46.37594223022461
2024-08-13,47.134342193603516
2024-08-14,47.31446075439453
2024-08-15,47.892730712890625
2024-08-16,48.17713165283203
2024-08-19,48.736454010009766
2024-08-20,48.60373306274414
2024-08-21,49.030330657958984
2024-08-22,48.689048767089844
2024-08-23,49.6275634765625
2024-08-26,49.42848587036133
2024-08-27,49.61808395385742
2024-08-28,49.37160873413086
2024-08-29,49.504329681396484
2024-08-30,49.665489196777344
2024-09-03,48.80281448364258
2024-09-04,48.65113067626953
2024-09-05,48.660614013671875
2024-09-06,47.75053787231445
2024-09-09,48.262454986572266
2024-09-10,48.072853088378906
2024-09-11,48.3477783203125
2024-09-12,48.783851623535156
2024-09-13,48.91657638549805
2024-09-16,49.30524826049805
2024-09-17,49.0682487487793
2024-09-18,48.897613525390625
2024-09-19,49.836124420166016
2024-09-20,49.383644104003906
2024-09-23,49.58326721191406
2024-09-24,49.887454986572266
2024-09-25,49.57375717163086
2024-09-26,50.676456451416016
2024-09-27,50.36275863647461
2024-09-30,50.20115661621094
2024-10-01,49.849430084228516
2024-10-02,49.763877868652344
2024-10-03,49.2980842590332
2024-10-04,49.5927734375
2024-10-07,49.31709671020508
2024-10-08,49.24104690551758
2024-10-09,49.26006317138672
2024-10-10,49.17451095581055
2024-10-11,49.42166519165039
2024-10-14,49.52622985839844
2024-10-15,48.822784423828125
2024-10-16,49.01290512084961
2024-10-17,48.993896484375
2024-10-18,49.269569396972656
2024-10-21,48.70872116088867
2024-10-22,48.46155548095703
2024-10-23,47.995765686035156
2024-10-24,48.166873931884766
2024-10-25,48.01477813720703
2024-10-28,48.36649703979492
2024-10-29,48.20489501953125
2024-10-30,47.967247009277344
2024-10-31,47.62503433227539
2024-11-01,47.72959899902344
2024-11-04,47.7961311340332
2024-11-05,48.29996109008789
2024-11-06,47.68206787109375
2024-11-07,48.40452194213867
2024-11-08,47.76762008666992
2024-11-11,47.74860763549805
2024-11-12,46.969120025634766
2024-11-13,46.702945709228516
2024-11-14,46.74097442626953
2024-11-15,46.607887268066406
2024-11-18,46.92158126831055
2024-11-19,46.86455154418945
2024-11-20,46.731468200683594
2024-11-21,46.84553909301758
2024-11-22,47.05467224121094
2024-11-25,47.28282165527344
2024-11-26,46.99763488769531
2024-11-27,47.24479293823242
2024-11-29,47.81515121459961
2024-12-02,47.8626823425293
2024-12-03,48.06230926513672
2024-12-04,48.071815490722656
2024-12-05,48.29045104980469
2024-12-06,48.22390365600586
2024-12-09,48.10983657836914
2024-12-10,47.758121490478516
2024-12-11,48.1003303527832
2024-12-12,47.63453674316406
2024-12-13,47.510955810546875
2024-12-16,47.311336517333984
2024-12-17,47.19725799560547
2024-12-18,46.02802276611328
2024-12-19,45.91394805908203
2024-12-20,45.897552490234375
2024-12-23,46.16770553588867
2024-12-24,46.35102844238281
2024-12-26,46.53435134887695
2024-12-27,46.4185676574707
2024-12-30,46.129112243652344
2024-12-31,46.13875961303711
2025-01-02,46.04227828979492
2025-01-03,46.312435150146484
2025-01-06,46.76591491699219
2025-01-07,46.611534118652344
2025-01-08,46.55364227294922
2025-01-10,45.85895538330078
2025-01-13,45.73352813720703
2025-01-14,45.90719985961914
2025-01-15,46.47645568847656
2025-01-16,46.630836486816406
2025-01-17,46.86239242553711
2025-01-21,47.76934051513672
2025-01-22,47.663211822509766
2025-01-23,47.99126052856445
2025-01-24,48.26141357421875
2025-01-27,48.17457962036133
2025-01-28,48.126338958740234
2025-01-29,48.126338958740234
2025-01-30,48.64734649658203
2025-01-31,48.184226989746094
2025-02-03,47.586029052734375
2025-02-04,48.1649284362793
2025-02-05,48.62805938720703
2025-02-06,48.83067321777344
2025-02-07,48.44473648071289
2025-02-10,48.753482818603516
2025-02-11,48.94645309448242
2025-02-12,49.042938232421875
2025-02-13,49.67973709106445
2025-02-14,49.69902420043945
2025-02-18,50.03672790527344
2025-02-19,49.602542877197266
2025-02-20,49.79551696777344
2025-02-21,49.43852615356445
2025-02-24,49.39027786254883
2025-02-25,49.747276306152344
2025-02-26,49.824459075927734
2025-02-27,49.23590850830078
2025-02-28,49.27449417114258
2025-03-03,49.64113998413086
2025-03-04,49.506065368652344
2025-03-05,50.67352294921875
2025-03-06,50.20074462890625
2025-03-07,50.73141098022461
2025-03-10,49.56394958496094
2025-03-11,49.428871154785156
2025-03-12,49.79551696777344
2025-03-13,49.41922378540039
2025-03-14,50.364768981933594
2025-03-17,50.96297073364258
2025-03-18,50.89543151855469
2025-03-19,51.12699890136719
2025-03-20,50.73141098022461
2025-03-21,50.45225143432617
2025-03-24,50.52009963989258
2025-03-25,50.791507720947266
2025-03-26,50.18084716796875
2025-03-27,50.23900604248047
2025-03-28,49.667118072509766
2025-03-31,49.26969909667969
2025-04-01,49.44417190551758
2025-04-02,49.57988357543945
2025-04-03,48.542720794677734
2025-04-04,45.470027923583984
2025-04-07,44.48133850097656
2025-04-08,44.24870681762695
2025-04-09,47.55403137207031
2025-04-10,46.613807678222656
2025-04-11,47.89329147338867
2025-04-14,48.44579315185547
2025-04-15,48.775352478027344
2025-04-16,48.66872787475586
2025-04-17,49.19215774536133
2025-04-21,48.95952224731445
2025-04-22,49.91913604736328
2025-04-23,50.06452941894531
2025-04-24,50.70426940917969
2025-04-25,50.820587158203125
2025-04-28,51.169532775878906
2025-04-29,51.32462692260742
2025-04-30,51.2470817565918
2025-05-01,51.033836364746094
2025-05-02,51.96436309814453
2025-05-05,52.06129455566406
2025-05-06,52.051605224609375
2025-05-07,51.867431640625
2025-05-08,51.692962646484375
2025-05-09,52.0322151184082
2025-05-12,52.28422927856445
2025-05-13,52.3714714050293
2025-05-14,52.158226013183594
2025-05-15,52.71072769165039
2025-05-16,52.82704544067383
2025-05-19,53.2535400390625
2025-05-20,53.505558013916016
2025-05-21,53.21476745605469
2025-05-22,53.15660858154297
2025-05-23,53.34077453613281
2025-05-27,54.08713912963867
2025-05-28,53.592796325683594
2025-05-29,53.80603790283203
2025-05-30,53.873897552490234
2025-06-02,54.4942512512207
2025-06-03,54.096832275390625
2025-06-04,54.3779296875
2025-06-05,54.3779296875
2025-06-06,54.552406311035156
2025-06-09,54.5717887878418
2025-06-10,54.69779968261719
2025-06-11,54.68810272216797
2025-06-12,55.11460494995117
2025-06-13,54.44578170776367
2025-06-16,54.71718978881836
2025-06-17,54.02898406982422
2025-06-18,54.17437744140625
2025-06-20,53.73569869995117
2025-06-23,54.14604187011719
2025-06-24,54.8592643737793
2025-06-25,54.58570098876953
2025-06-26,55.181678771972656
2025-06-27,55.52363204956055
2025-06-30,55.699493408203125
2025-07-01,55.66041946411133
2025-07-02,55.836280822753906
2025-07-03,55.904666900634766
2025-07-07,55.21098709106445
2025-07-08,55.6115608215332
2025-07-09,55.99259948730469
2025-07-10,56.03167724609375
2025-07-11,55.56270980834961
2025-07-14,55.631099700927734
2025-07-15,55.0742073059082
2025-07-16,55.33799743652344
2025-07-17,55.46501159667969
2025-07-18,55.33799743652344
2025-07-21,55.699493408203125
2025-07-22,55.963287353515625
2025-07-23,57.155242919921875
2025-07-24,56.754669189453125
2025-07-25,56.686279296875
2025-07-28,55.846046447753906
2025-07-29,55.82650375366211
2025-07-30,55.406394958496094
2025-07-31,54.92765808105469
2025-08-01,54.73225402832031
2025-08-04,55.494319915771484
2025-08-05,55.59202194213867
2025-08-06,56.02191162109375
2025-08-07,56.422481536865234
2025-08-08,56.686279296875
2025-08-11,56.46156692504883
2025-08-12,57.09661865234375
2025-08-13,57.360416412353516
2025-08-14,57.26271438598633
2025-08-15,57.51673889160156
2025-08-18,57.4581184387207
2025-08-19,57.38972854614258
2025-08-20,57.536277770996094
2025-08-21,57.26271438598633
2025-08-22,58.190879821777344
2025-08-25,57.46788787841797
2025-08-26,57.487430572509766
2025-08-27,57.419036865234375
2025-08-28,57.65351486206055
2025-08-29,57.360416412353516
2025-09-02,56.85236740112305
2025-09-03,56.97938537597656
2025-09-04,57.33110427856445
2025-09-05,57.604671478271484
2025-09-08,58.161563873291016
2025-09-09,58.005245208740234
2025-09-10,58.04432678222656
2025-09-11,58.689151763916016
2025-09-12,58.44490432739258
2025-09-15,58.91386795043945
2025-09-16,58.84547805786133
2025-09-17,58.64030075073242
2025-09-18,58.82593536376953
2025-09-19,58.55793380737305
2025-09-22,58.87207794189453
2025-09-23,58.78372573852539
2025-09-24,58.37141036987305
2025-09-25,57.978736877441406
2025-09-26,58.32232666015625
2025-09-29,58.61683654785156
2025-09-30,58.8229866027832
2025-10-01,59.26475143432617
2025-10-02,59.392372131347656
2025-10-03,59.94211959838867
2025-10-06,60.05992126464844
2025-10-07,59.53962707519531
2025-10-08,59.72614669799805
2025-10-09,59.215667724609375
2025-10-10,58.09653854370117
2025-10-13,58.70518493652344
2025-10-14,58.88188934326172
2025-10-15,59.2942008972168
2025-10-16,59.5494384765625
2025-10-17,59.59852600097656
2025-10-20,60.11882400512695
2025-10-21,59.57889175415039
2025-10-22,59.59852600097656
2025-10-23,59.90285110473633
2025-10-24,60.09918975830078
2025-10-27,60.540950775146484
2025-10-28,60.531131744384766
2025-10-29,60.18754196166992
2025-10-30,59.91266632080078
2025-10-31,59.863582611083984
2025-11-03,60.01083755493164
2025-11-04,59.215667724609375
2025-11-05,59.58871078491211
2025-11-06,59.3138313293457
2025-11-07,59.50035858154297
2025-11-10,60.226806640625
2025-11-11,60.599853515625
2025-11-12,60.992530822753906
2025-11-13,60.27589416503906
2025-11-14,60.19736099243164
2025-11-17,59.421817779541016
2025-11-18,58.81317138671875
2025-11-19,58.61683654785156
2025-11-20,57.82166290283203
2025-11-21,58.67573547363281
2025-11-24,58.96043014526367
2025-11-25,59.51999282836914
2025-11-26,60.15808868408203
2025-11-28,60.442779541015625
2025-12-01,60.13845443725586
2025-12-02,60.33479309082031
2025-12-03,60.65875244140625
2025-12-04,60.815826416015625
2025-12-05,60.904178619384766
2025-12-08,60.77655792236328
2025-12-09,60.70783996582031
2025-12-10,61.395023345947266
2025-12-11,61.65026092529297
2025-12-12,61.33612060546875
2025-12-15,61.68953323364258
2025-12-16,61.31648635864258
2025-12-17,60.884544372558594
2025-12-18,61.36557388305664
2025-12-19,61.73494338989258
2025-12-22,62.024452209472656
2025-12-23,62.433753967285156
2025-12-24,62.573516845703125
2025-12-26,62.70329666137695
2025-12-29,62.61344909667969
2025-12-30,62.68333053588867
2025-12-31,62.36387252807617
2026-01-02,63.09263229370117
2026-01-05,63.84135818481445
2026-01-06,64.03103637695312
2026-01-07,63.77147674560547
2026-01-08,63.83137512207031
2026-01-09,64.42037200927734
2026-01-12,64.80970764160156
2026-01-13,64.4503173828125
2026-01-14,64.75979614257812
2026-01-15,64.84963989257812
2026-01-16,65.02933502197266
2026-01-20,64.16081237792969
2026-01-21,64.8995590209961
2026-01-22,65.24896240234375
2026-01-23,65.66825103759766
2026-01-26,65.96774291992188
2026-01-27,67.04590606689453
2026-01-28,66.60665130615234
2026-01-29,66.9560546875
2026-01-30,66.08753204345703
2026-02-02,66.34709167480469
2026-02-03,66.60665130615234
2026-02-04,66.6865234375
2026-02-05,65.78804779052734
2026-02-06,67.25555419921875
2026-02-09,68.25385284423828
2026-02-10,68.4235610961914
2026-02-11,68.93270111083984
2026-02-12,68.38362884521484
2026-02-13,68.6431884765625
2026-02-17,68.46349334716797
2026-02-18,68.69309997558594
2026-02-19,68.67313385009766
2026-02-20,69.40189361572266
2026-02-23,69.0624771118164
2026-02-24,69.34199523925781
2026-02-25,70.14064025878906
2026-02-26,70.1905517578125
2026-02-27,70.12067413330078
2026-03-02,68.89276123046875
2026-03-03,66.49684143066406
2026-03-04,67.2655258178711
2026-03-05,65.67823028564453
2026-03-06,65.16909790039062
2026-03-09,65.79803466796875
2026-03-10,65.85792541503906
2026-03-11,65.74811553955078
2026-03-12,64.4603042602539
2026-03-13,63.711578369140625
2026-03-16,65.07925415039062
2026-03-17,65.29888153076172
2026-03-18,64.1707992553711
2026-03-19,64.0510025024414
2026-03-20,62.040000915527344
2026-03-23,63.65999984741211
2026-03-24,63.150001525878906
2026-03-25,63.970001220703125
2026-03-26,62.47999954223633
2026-03-27,62.04999923706055
2026-03-30,62.029998779296875
2026-03-31,64.08000183105469
2026-04-01,65.13999938964844
2026-04-02,64.63999938964844
2026-04-06,65.12000274658203
2026-04-07,65.08999633789062
2026-04-08,67.81999969482422
2026-04-09,67.55000305175781
2026-04-10,67.73999786376953
2026-04-13,68.20999908447266
2026-04-14,68.88999938964844
2026-04-15,68.69999694824219
2026-04-16,68.62999725341797
2026-04-17,69.62999725341797
2026-04-20,69.33000183105469
2026-04-21,67.81999969482422
2026-04-22,68.3499984741211
2026-04-23,67.69000244140625
2026-04-24,68.13999938964844
2026-04-27,68.06999969482422
2026-04-28,67.7300033569336
2026-04-29,67.08000183105469
2026-04-30,68.80000305175781
2026-05-01,68.72000122070312
2026-05-04,67.91000366210938
2026-05-05,68.9800033569336
2026-05-06,70.87000274658203
2026-05-07,69.66999816894531
2026-05-08,70.83000183105469
2026-05-11,70.75499725341797
