Date,Close
2002-06-13,5.395231246948242
2002-06-14,5.395231246948242
2002-06-17,5.395231246948242
2002-06-18,5.395231246948242
2002-06-19,5.395231246948242
2002-06-20,5.116166591644287
2002-06-21,5.116166591644287
2002-06-24,5.1427435874938965
2002-06-25,5.222474098205566
2002-06-26,5.063010215759277
2002-06-27,4.890257835388184
2002-06-28,4.65106201171875
2002-07-01,4.345419883728027
2002-07-02,4.28562068939209
2002-07-03,4.185955047607422
2002-07-05,4.182633399963379
2002-07-08,4.185955047607422
2002-07-09,4.119509220123291
2002-07-10,3.8902783393859863
2002-07-11,3.8869593143463135
2002-07-12,3.8537368774414062
2002-07-15,3.970012903213501
2002-07-16,4.169343948364258
2002-07-17,4.318842887878418
2002-07-18,4.28562068939209
2002-07-19,4.767338752746582
2002-07-22,4.551395893096924
2002-07-23,4.099578857421875
2002-07-24,4.136122226715088
2002-07-25,4.468340873718262
2002-07-26,4.468340873718262
2002-07-29,4.428473949432373
2002-07-30,4.448406219482422
2002-07-31,4.455051898956299
2002-08-01,4.411861896514893
2002-08-02,4.318842887878418
2002-08-05,4.451730251312256
2002-08-06,4.468340873718262
2002-08-07,4.574648380279541
2002-08-08,4.883615016937256
2002-08-09,5.082947254180908
2002-08-12,5.597883701324463
2002-08-13,5.481607913970947
2002-08-14,5.348719120025635
2002-08-15,5.481607913970947
2002-08-16,5.315497398376465
2002-08-19,5.2324442863464355
2002-08-20,5.146066665649414
2002-08-21,5.066333770751953
2002-08-22,4.916835308074951
2002-08-23,4.850391387939453
2002-08-26,4.817169189453125
2002-08-27,4.883615016937256
2002-08-28,4.783947944641113
2002-08-29,4.734116554260254
2002-08-30,4.817169189453125
2002-09-03,4.783947944641113
2002-09-04,4.727471351623535
2002-09-05,4.667672634124756
2002-09-06,4.783947944641113
2002-09-09,4.837102890014648
2002-09-10,4.850391387939453
2002-09-11,4.933445453643799
2002-09-12,4.970039367675781
2002-09-13,4.943426609039307
2002-09-16,4.973367214202881
2002-09-17,4.896852016448975
2002-09-18,4.807034015655518
2002-09-19,4.740500450134277
2002-09-20,4.707233428955078
2002-09-23,4.65733528137207
2002-09-24,4.660661220550537
2002-09-25,4.65733528137207
2002-09-26,4.707233428955078
2002-09-27,4.69059944152832
2002-09-30,4.7371721267700195
2002-10-01,4.673968315124512
2002-10-02,4.654007911682129
2002-10-03,4.673968315124512
2002-10-04,4.65733528137207
2002-10-07,4.673968315124512
2002-10-08,4.667314052581787
2002-10-09,4.610759258270264
2002-10-10,4.640700340270996
2002-10-11,4.624066352844238
2002-10-14,4.707233428955078
2002-10-15,4.673968315124512
2002-10-16,4.707233428955078
2002-10-17,4.660661220550537
2002-10-18,4.6273932456970215
2002-10-21,4.624066352844238
2002-10-22,4.594126224517822
2002-10-23,4.557532787322998
2002-10-24,4.590799808502197
2002-10-25,4.540900707244873
2002-10-28,4.491000175476074
2002-10-29,4.491000175476074
2002-10-30,4.540900707244873
2002-10-31,4.557532787322998
2002-11-01,4.537574768066406
2002-11-04,4.45773458480835
2002-11-05,4.524265766143799
2002-11-06,4.491000175476074
2002-11-07,4.530918121337891
2002-11-08,4.540900707244873
2002-11-11,4.507633686065674
2002-11-12,4.640700340270996
2002-11-13,4.624066352844238
2002-11-14,4.607433795928955
2002-11-15,4.584146022796631
2002-11-18,4.524265766143799
2002-11-19,4.491000175476074
2002-11-20,4.491000175476074
2002-11-21,4.198251724243164
2002-11-22,4.244827747344971
2002-11-25,4.244827747344971
2002-11-26,4.264785289764404
2002-11-27,4.258133888244629
2002-11-29,4.264785289764404
2002-12-02,4.331319332122803
2002-12-03,4.3213419914245605
2002-12-04,4.3213419914245605
2002-12-05,4.3213419914245605
2002-12-06,4.341299057006836
2002-12-09,4.324667453765869
2002-12-10,4.28474760055542
2002-12-11,4.324667453765869
2002-12-12,4.3313307762146
2002-12-13,4.3313307762146
2002-12-16,4.334662914276123
2002-12-17,4.341325283050537
2002-12-18,4.36464786529541
2002-12-19,4.351322174072266
2002-12-20,4.431282997131348
2002-12-23,4.357985496520996
2002-12-24,4.341325283050537
2002-12-26,4.351322174072266
2002-12-27,4.381307125091553
2002-12-30,4.414626121520996
2002-12-31,4.467933654785156
2003-01-02,4.487924098968506
2003-01-03,4.564556121826172
2003-01-06,4.5712199211120605
2003-01-07,4.597874164581299
2003-01-08,4.564556121826172
2003-01-09,4.597874164581299
2003-01-10,4.664510726928711
2003-01-13,4.697825908660889
2003-01-14,4.814440727233887
2003-01-15,4.9310526847839355
2003-01-16,5.01101541519165
2003-01-17,4.987695217132568
2003-01-21,4.987695217132568
2003-01-22,4.967701435089111
2003-01-23,4.867748737335205
2003-01-24,4.651181221008301
2003-01-27,4.631191253662109
2003-01-28,4.537899494171143
2003-01-29,4.501250743865967
2003-01-30,4.467933654785156
2003-01-31,4.4179558753967285
2003-02-03,4.547896385192871
2003-02-04,4.597874164581299
2003-02-05,4.497920036315918
2003-02-06,4.444610595703125
2003-02-07,4.414626121520996
2003-02-10,4.431282997131348
2003-02-11,4.464602947235107
2003-02-12,4.391303062438965
2003-02-13,4.39796781539917
2003-02-14,4.507913589477539
2003-02-18,4.52457332611084
2003-02-19,4.58787727355957
2003-02-20,4.564556121826172
2003-02-21,4.497920036315918
2003-02-24,4.464602947235107
2003-02-25,4.431282997131348
2003-02-26,4.391303062438965
2003-02-27,4.464602947235107
2003-02-28,4.341325283050537
2003-03-03,4.394633769989014
2003-03-04,4.33799409866333
2003-03-05,4.501250743865967
2003-03-06,4.481261253356934
2003-03-07,4.39796781539917
2003-03-10,4.351322174072266
2003-03-11,4.36464786529541
2003-03-12,4.347988128662109
2003-03-13,4.401709079742432
2003-03-14,4.401709079742432
2003-03-17,4.4117817878723145
2003-03-18,4.381563663482666
2003-03-19,4.4621429443359375
2003-03-20,4.485647201538086
2003-03-21,4.5930891036987305
2003-03-24,4.666952610015869
2003-03-25,4.666952610015869
2003-03-26,4.599801063537598
2003-03-27,4.603160381317139
2003-03-28,4.569585800170898
2003-03-31,4.5360107421875
2003-04-01,4.415140151977539
2003-04-02,4.445357322692871
2003-04-03,4.43192720413208
2003-04-04,4.43192720413208
2003-04-07,4.441999435424805
2003-04-08,4.489005088806152
2003-04-09,4.489005088806152
2003-04-10,4.529295921325684
2003-04-11,4.53265380859375
2003-04-14,4.5360107421875
2003-04-15,4.6165900230407715
2003-04-16,4.626661777496338
2003-04-17,4.747534275054932
2003-04-21,4.777751445770264
2003-04-22,4.797896862030029
2003-04-23,4.717316150665283
2003-04-24,4.6635966300964355
2003-04-25,4.666952610015869
2003-04-28,4.566229343414307
2003-04-29,4.489005088806152
2003-04-30,4.549439907073975
2003-05-01,4.630020618438721
2003-05-02,4.666952610015869
2003-05-05,4.7005295753479
2003-05-06,4.868407249450684
2003-05-07,4.952343463897705
2003-05-08,5.036280155181885
2003-05-09,5.036280155181885
2003-05-12,5.006063461303711
2003-05-13,5.170581817626953
2003-05-14,5.137007236480713
2003-05-15,5.086643218994141
2003-05-16,5.09671688079834
2003-05-19,5.09671688079834
2003-05-20,5.167224407196045
2003-05-21,5.1202168464660645
2003-05-22,5.1202168464660645
2003-05-23,5.123576641082764
2003-05-27,5.123576641082764
2003-05-28,5.1202168464660645
2003-05-29,5.170581817626953
2003-05-30,5.21087121963501
2003-06-02,5.355244159698486
2003-06-03,5.321672439575195
2003-06-04,5.382105350494385
2003-06-05,5.372036457061768
2003-06-06,5.361959457397461
2003-06-09,5.355244159698486
2003-06-10,5.348531246185303
2003-06-11,5.372036457061768
2003-06-12,5.345139503479004
2003-06-13,5.462799072265625
2003-06-16,5.825868129730225
2003-06-17,6.121696472167969
2003-06-18,6.286421298980713
2003-06-19,6.521739482879639
2003-06-20,6.40408182144165
2003-06-23,6.430975914001465
2003-06-24,6.286421298980713
2003-06-25,6.35029411315918
2003-06-26,6.353655815124512
2003-06-27,6.3939971923828125
2003-06-30,6.3939971923828125
2003-07-01,6.40408182144165
2003-07-02,6.3939971923828125
2003-07-03,6.387274742126465
2003-07-07,6.387274742126465
2003-07-08,6.430975914001465
2003-07-09,6.4108052253723145
2003-07-10,6.400723457336426
2003-07-11,6.390634536743164
2003-07-14,6.42425012588501
2003-07-15,6.420890808105469
2003-07-16,6.400723457336426
2003-07-17,6.414165496826172
2003-07-18,6.380552291870117
2003-07-21,6.387274742126465
2003-07-22,6.387274742126465
2003-07-23,6.420890808105469
2003-07-24,6.417529582977295
2003-07-25,6.417529582977295
2003-07-28,6.444424152374268
2003-07-29,6.720085144042969
2003-07-30,6.6730170249938965
2003-07-31,6.646126747131348
2003-08-01,6.545271873474121
2003-08-04,6.511656284332275
2003-08-05,6.4545063972473145
2003-08-06,6.185570240020752
2003-08-07,6.185570240020752
2003-08-08,6.168760776519775
2003-08-11,6.158674716949463
2003-08-12,6.16540002822876
2003-08-13,6.141868591308594
2003-08-14,6.13514518737793
2003-08-15,6.141868591308594
2003-08-18,6.118338108062744
2003-08-19,6.286421298980713
2003-08-20,6.235995769500732
2003-08-21,6.219185829162598
2003-08-22,6.185570240020752
2003-08-25,6.219185829162598
2003-08-26,6.178845405578613
2003-08-27,6.168760776519775
2003-08-28,6.219185829162598
2003-08-29,6.215827941894531
2003-09-02,6.141868591308594
2003-09-03,6.215827941894531
2003-09-04,6.219185829162598
2003-09-05,6.215827941894531
2003-09-08,6.269612789154053
2003-09-09,6.3032307624816895
2003-09-10,6.3032307624816895
2003-09-11,6.221414566040039
2003-09-12,6.096916675567627
2003-09-15,6.007987976074219
2003-09-16,5.833688735961914
2003-09-17,5.726975440979004
2003-09-18,5.762547492980957
2003-09-19,5.748319149017334
2003-09-22,5.7447638511657715
2003-09-23,5.794559478759766
2003-09-24,5.780333518981934
2003-09-25,5.7838897705078125
2003-09-26,5.833688735961914
2003-09-29,6.0115461349487305
2003-09-30,6.04000186920166
2003-10-01,6.1858439445495605
2003-10-02,6.360142707824707
2003-10-03,6.406385898590088
2003-10-06,6.37437105178833
2003-10-07,6.452629566192627
2003-10-08,6.402829170227051
2003-10-09,6.402829170227051
2003-10-10,6.385045051574707
2003-10-13,6.377929210662842
2003-10-14,6.420612335205078
2003-10-15,6.402829170227051
2003-10-16,6.402829170227051
2003-10-17,6.402829170227051
2003-10-20,6.402829170227051
2003-10-21,6.402829170227051
2003-10-22,6.367260456085205
2003-10-23,6.260544776916504
2003-10-24,6.242758750915527
2003-10-27,6.264103889465332
2003-10-28,6.224972248077393
2003-10-29,6.0826897621154785
2003-10-30,5.975975513458252
2003-10-31,6.047116279602051
2003-11-03,6.072018146514893
2003-11-04,6.0826897621154785
2003-11-05,6.064901351928711
2003-11-06,6.0755720138549805
2003-11-07,6.064901351928711
2003-11-10,6.050674915313721
2003-11-11,6.064901351928711
2003-11-12,6.057788848876953
2003-11-13,6.0826897621154785
2003-11-14,6.064901351928711
2003-11-17,6.050674915313721
2003-11-18,6.050674915313721
2003-11-19,6.047116279602051
2003-11-20,6.047116279602051
2003-11-21,6.047116279602051
2003-11-24,6.0826897621154785
2003-11-25,6.093359470367432
2003-11-26,6.089801788330078
2003-11-28,6.089801788330078
2003-12-01,6.1894025802612305
2003-12-02,6.064901351928711
2003-12-03,6.0826897621154785
2003-12-04,6.0826897621154785
2003-12-05,6.050674915313721
2003-12-08,6.0826897621154785
2003-12-09,6.079133987426758
2003-12-10,6.0542311668396
2003-12-11,6.058862686157227
2003-12-12,6.10160493850708
2003-12-15,6.098041534423828
2003-12-16,6.112290859222412
2003-12-17,6.108729839324951
2003-12-18,6.108729839324951
2003-12-19,6.055299758911133
2003-12-22,6.087359428405762
2003-12-23,6.0766730308532715
2003-12-24,6.098041534423828
2003-12-26,6.094481945037842
2003-12-29,6.090919494628906
2003-12-30,6.276139736175537
2003-12-31,6.336695194244385
2004-01-02,6.333132266998291
2004-01-05,6.333132266998291
2004-01-06,6.297513008117676
2004-01-07,6.247644901275635
2004-01-08,6.269016742706299
2004-01-09,6.058862686157227
2004-01-12,6.098041534423828
2004-01-13,6.090919494628906
2004-01-14,6.144344806671143
2004-01-15,6.090919494628906
2004-01-16,6.055299758911133
2004-01-20,6.133660793304443
2004-01-21,6.144344806671143
2004-01-22,6.144344806671143
2004-01-23,6.126541614532471
2004-01-26,6.162156581878662
2004-01-27,6.155036926269531
2004-01-28,6.162156581878662
2004-01-29,6.144344806671143
2004-01-30,6.126541614532471
2004-02-02,6.108729839324951
2004-02-03,6.176405429840088
2004-02-04,6.10160493850708
2004-02-05,6.055299758911133
2004-02-06,6.151475429534912
2004-02-09,6.176405429840088
2004-02-10,6.151475429534912
2004-02-11,6.158595561981201
2004-02-12,6.158595561981201
2004-02-13,6.144344806671143
2004-02-17,6.155036926269531
2004-02-18,6.144344806671143
2004-02-19,6.155036926269531
2004-02-20,6.155036926269531
2004-02-23,6.151475429534912
2004-02-24,6.144344806671143
2004-02-25,6.144344806671143
2004-02-26,6.144344806671143
2004-02-27,6.151475429534912
2004-03-01,6.151475429534912
2004-03-02,6.108729839324951
2004-03-03,6.1372246742248535
2004-03-04,6.1479105949401855
2004-03-05,6.155036926269531
2004-03-08,6.119414806365967
2004-03-09,6.130099296569824
2004-03-10,6.162156581878662
2004-03-11,6.108634948730469
2004-03-12,6.083658218383789
2004-03-15,6.101500034332275
2004-03-16,5.958775043487549
2004-03-17,5.901683330535889
2004-03-18,5.965912342071533
2004-03-19,5.983753681182861
2004-03-22,6.030136585235596
2004-03-23,5.9873199462890625
2004-03-24,5.962342262268066
2004-03-25,5.976615905761719
2004-03-26,5.9516401290893555
2004-03-29,5.980182647705078
2004-03-30,6.005159378051758
2004-03-31,5.976615905761719
2004-04-01,6.026568412780762
2004-04-02,6.051546096801758
2004-04-05,6.172860622406006
2004-04-06,6.294180870056152
2004-04-07,6.276340007781982
2004-04-08,6.065817356109619
2004-04-12,6.030136585235596
2004-04-13,6.051546096801758
2004-04-14,6.069387435913086
2004-04-15,6.065817356109619
2004-04-16,6.065817356109619
2004-04-19,6.115772724151611
2004-04-20,6.101500034332275
2004-04-21,6.13718318939209
2004-04-22,6.190701007843018
2004-04-23,6.20854377746582
2004-04-26,6.1764302253723145
2004-04-27,6.269202709197998
2004-04-28,6.297746181488037
2004-04-29,6.297746181488037
2004-04-30,6.244224548339844
2004-05-03,6.279905319213867
2004-05-04,6.2620649337768555
2004-05-05,6.2620649337768555
2004-05-06,6.25492525100708
2004-05-07,6.244224548339844
2004-05-10,6.229954719543457
2004-05-11,6.21211051940918
2004-05-12,6.190701007843018
2004-05-13,6.1835713386535645
2004-05-14,6.19783878326416
2004-05-17,6.19783878326416
2004-05-18,6.179999828338623
2004-05-19,6.179999828338623
2004-05-20,6.179999828338623
2004-05-21,6.179999828338623
2004-05-24,6.1764302253723145
2004-05-25,6.20854377746582
2004-05-26,6.2156805992126465
2004-05-27,6.194272041320801
2004-05-28,6.19783878326416
2004-06-01,6.19783878326416
2004-06-02,6.1835713386535645
2004-06-03,6.1835713386535645
2004-06-04,6.155018329620361
2004-06-07,6.162161350250244
2004-06-08,6.187134742736816
2004-06-09,6.1835713386535645
2004-06-10,6.20854377746582
2004-06-14,6.222849369049072
2004-06-15,6.269340515136719
2004-06-16,6.208543300628662
2004-06-17,6.362329483032227
2004-06-18,6.333712577819824
2004-06-21,6.383786678314209
2004-06-22,6.387360572814941
2004-06-23,6.383786678314209
2004-06-24,6.398090362548828
2004-06-25,6.387360572814941
2004-06-28,6.408817291259766
2004-06-29,6.394514083862305
2004-06-30,6.437425136566162
2004-07-01,6.42312479019165
2004-07-02,6.4553093910217285
2004-07-06,6.4553093910217285
2004-07-07,6.473193168640137
2004-07-08,6.598365783691406
2004-07-09,6.580483913421631
2004-07-12,6.580483913421631
2004-07-13,6.548300266265869
2004-07-14,6.548300266265869
2004-07-15,6.576903820037842
2004-07-16,6.591210842132568
2004-07-19,6.5626020431518555
2004-07-20,6.51253080368042
2004-07-21,6.51253080368042
2004-07-22,6.487497806549072
2004-07-23,6.4553093910217285
2004-07-26,6.437425136566162
2004-07-27,6.437425136566162
2004-07-28,6.401666641235352
2004-07-29,6.401666641235352
2004-07-30,6.4553093910217285
2004-08-02,6.4302778244018555
2004-08-03,6.448161602020264
2004-08-04,6.473193168640137
2004-08-05,6.337292194366455
2004-08-06,6.383786678314209
2004-08-09,6.469616413116455
2004-08-10,6.469616413116455
2004-08-11,6.473193168640137
2004-08-12,6.473193168640137
2004-08-13,6.448161602020264
2004-08-16,6.473193168640137
2004-08-17,6.4803466796875
2004-08-18,6.580483913421631
2004-08-19,6.544722080230713
2004-08-20,6.634128093719482
2004-08-23,6.634128093719482
2004-08-24,6.652010917663574
2004-08-25,6.827252388000488
2004-08-26,6.884476184844971
2004-08-27,6.884476184844971
2004-08-30,6.8379807472229
2004-08-31,6.855865955352783
2004-09-01,6.855865955352783
2004-09-02,6.884476184844971
2004-09-03,6.955997467041016
2004-09-07,6.973884105682373
2004-09-08,6.973884105682373
2004-09-09,6.941696643829346
2004-09-10,7.0203752517700195
2004-09-13,7.151070594787598
2004-09-14,7.248161315917969
2004-09-15,7.319117069244385
2004-09-16,7.3079118728637695
2004-09-17,7.319117069244385
2004-09-20,7.281769752502441
2004-09-21,7.278036594390869
2004-09-22,7.281769752502441
2004-09-23,7.225759029388428
2004-09-24,7.095060348510742
2004-09-27,7.065188884735107
2004-09-28,6.882206439971924
2004-09-29,6.889678955078125
2004-09-30,6.863536834716797
2004-10-01,6.8336615562438965
2004-10-04,6.76271390914917
2004-10-05,6.72910737991333
2004-10-06,6.773913383483887
2004-10-07,6.773913383483887
2004-10-08,6.725369930267334
2004-10-11,6.826192855834961
2004-10-12,6.79632043838501
2004-10-13,6.79632043838501
2004-10-14,6.725369930267334
2004-10-15,6.721632957458496
2004-10-18,6.721632957458496
2004-10-19,6.721632957458496
2004-10-20,6.721632957458496
2004-10-21,6.721632957458496
2004-10-22,6.736572265625
2004-10-25,6.736572265625
2004-10-26,6.736572265625
2004-10-27,6.72910737991333
2004-10-28,6.721632957458496
2004-10-29,6.777647972106934
2004-11-01,6.721632957458496
2004-11-02,6.721632957458496
2004-11-03,6.721632957458496
2004-11-04,6.721632957458496
2004-11-05,6.75897741317749
2004-11-08,6.76271390914917
2004-11-09,6.811258792877197
2004-11-10,6.84113073348999
2004-11-11,6.983033180236816
2004-11-12,6.983033180236816
2004-11-15,7.184682369232178
2004-11-16,7.132402420043945
2004-11-17,7.244429111480713
2004-11-18,7.207085132598877
2004-11-19,7.132402420043945
2004-11-22,7.117464542388916
2004-11-23,7.11373233795166
2004-11-24,7.11373233795166
2004-11-26,7.11373233795166
2004-11-29,7.147340774536133
2004-11-30,7.124934196472168
2004-12-01,7.117464542388916
2004-12-02,7.095060348510742
2004-12-03,7.139870643615723
2004-12-06,7.281769752502441
2004-12-07,7.289241790771484
2004-12-08,7.270566463470459
2004-12-09,7.270566463470459
2004-12-10,7.292972564697266
2004-12-13,7.315471172332764
2004-12-14,7.491701126098633
2004-12-15,7.439208984375
2004-12-16,7.405463218688965
2004-12-17,7.3492207527160645
2004-12-20,7.3492207527160645
2004-12-21,7.416710376739502
2004-12-22,7.386716842651367
2004-12-23,7.397964000701904
2004-12-27,7.409209728240967
2004-12-28,7.45045804977417
2004-12-29,7.386716842651367
2004-12-30,7.424212455749512
2004-12-31,7.386716842651367
2005-01-03,7.371716499328613
2005-01-04,7.386716842651367
2005-01-05,7.386716842651367
2005-01-06,7.401715278625488
2005-01-07,7.386716842651367
2005-01-10,7.330470085144043
2005-01-11,7.296722888946533
2005-01-12,7.3417181968688965
2005-01-13,7.375466823577881
2005-01-14,7.375466823577881
2005-01-18,7.3492207527160645
2005-01-19,7.3117218017578125
2005-01-20,7.3492207527160645
2005-01-21,7.3492207527160645
2005-01-24,7.161738395690918
2005-01-25,7.187986850738525
2005-01-26,7.199234962463379
2005-01-27,7.184235095977783
2005-01-28,7.16548490524292
2005-01-31,7.124241352081299
2005-02-01,7.180484294891357
2005-02-02,7.345468044281006
2005-02-03,7.330470085144043
2005-02-04,7.330470085144043
2005-02-07,7.292972564697266
2005-02-08,7.292972564697266
2005-02-09,7.247978687286377
2005-02-10,7.199234962463379
2005-02-11,7.105499744415283
2005-02-14,7.262978553771973
2005-02-15,7.3117218017578125
2005-02-16,7.319225788116455
2005-02-17,7.37921667098999
2005-02-18,7.3117218017578125
2005-02-22,7.454207420349121
2005-02-23,7.454207420349121
2005-02-24,7.405463218688965
2005-02-25,7.371716499328613
2005-02-28,7.3117218017578125
2005-03-01,7.274224758148193
2005-03-02,7.217986583709717
2005-03-03,7.049252510070801
2005-03-04,7.101742267608643
2005-03-07,7.079246520996094
2005-03-08,7.097997188568115
2005-03-09,7.079246520996094
2005-03-10,7.116743564605713
2005-03-11,7.086619853973389
2005-03-14,7.097917556762695
2005-03-15,7.1092095375061035
2005-03-16,7.097917556762695
2005-03-17,7.169461727142334
2005-03-18,7.143099308013916
2005-03-21,7.173223495483398
2005-03-22,7.173223495483398
2005-03-23,7.169461727142334
2005-03-24,7.150631904602051
2005-03-28,7.154399394989014
2005-03-29,7.154399394989014
2005-03-30,7.1581645011901855
2005-03-31,7.146869659423828
2005-04-01,7.165693759918213
2005-04-04,7.154399394989014
2005-04-05,7.082853317260742
2005-04-06,7.097917556762695
2005-04-07,7.086619853973389
2005-04-08,7.086619853973389
2005-04-11,7.086619853973389
2005-04-12,6.958593845367432
2005-04-13,6.853160858154297
2005-04-14,6.815502643585205
2005-04-15,6.781617164611816
2005-04-18,6.747727870941162
2005-04-19,6.751494407653809
2005-04-20,6.849395751953125
2005-04-21,6.777848243713379
2005-04-22,6.740197658538818
2005-04-25,6.740197658538818
2005-04-26,6.740197658538818
2005-04-27,6.638526439666748
2005-04-28,6.461551189422607
2005-04-29,6.454020977020264
2005-05-02,6.438958168029785
2005-05-03,6.438958168029785
2005-05-04,6.356118202209473
2005-05-05,6.401303291320801
2005-05-06,6.401303291320801
2005-05-09,6.352355003356934
2005-05-10,6.348586559295654
2005-05-11,6.14148473739624
2005-05-12,6.1038289070129395
2005-05-13,6.096302509307861
2005-05-16,6.062411785125732
2005-05-17,6.02475643157959
2005-05-18,6.058643817901611
2005-05-19,6.058643817901611
2005-05-20,6.058643817901611
2005-05-23,6.118894577026367
2005-05-24,6.30340051651001
2005-05-25,6.31846284866333
2005-05-26,6.356118202209473
2005-05-27,6.292105197906494
2005-05-31,6.359882354736328
2005-06-01,6.382477760314941
2005-06-02,6.30716609954834
2005-06-03,6.292105197906494
2005-06-06,6.401303291320801
2005-06-07,6.408834934234619
2005-06-08,6.740197658538818
2005-06-09,6.853160858154297
2005-06-10,6.879517555236816
2005-06-13,6.905989646911621
2005-06-14,7.01566743850708
2005-06-15,6.996757984161377
2005-06-16,7.178299427032471
2005-06-17,7.185860633850098
2005-06-20,7.1820807456970215
2005-06-21,7.076184272766113
2005-06-22,7.01566743850708
2005-06-23,6.940032958984375
2005-06-24,6.940032958984375
2005-06-27,6.849264144897461
2005-06-28,6.800096035003662
2005-06-29,6.837917804718018
2005-06-30,6.769840717315674
2005-07-01,6.769840717315674
2005-07-05,6.78875207901001
2005-07-06,6.826567649841309
2005-07-07,6.826567649841309
2005-07-08,6.826567649841309
2005-07-11,6.766056060791016
2005-07-12,6.7963151931762695
2005-07-13,6.769840717315674
2005-07-14,6.807658672332764
2005-07-15,6.803879261016846
2005-07-18,6.803879261016846
2005-07-19,6.845479488372803
2005-07-20,6.8568267822265625
2005-07-21,6.8530449867248535
2005-07-22,6.8530449867248535
2005-07-25,6.845479488372803
2005-07-26,6.91733980178833
2005-07-27,7.034579753875732
2005-07-28,7.068624019622803
2005-07-29,7.185860633850098
2005-08-01,7.250156879425049
2005-08-02,7.076184272766113
2005-08-03,7.05349063873291
2005-08-04,7.1215667724609375
2005-08-05,7.129133224487305
2005-08-08,6.947595119476318
2005-08-09,7.034579753875732
2005-08-10,7.038364887237549
2005-08-11,7.038364887237549
2005-08-12,7.038364887237549
2005-08-15,7.02323579788208
2005-08-16,7.02323579788208
2005-08-17,7.02323579788208
2005-08-18,7.151826858520508
2005-08-19,7.1215667724609375
2005-08-22,7.208553314208984
2005-08-23,7.185860633850098
2005-08-24,7.2425923347473145
2005-08-25,7.299325942993164
2005-08-26,7.280415058135986
2005-08-29,7.250156879425049
2005-08-30,7.208553314208984
2005-08-31,7.250156879425049
2005-09-01,7.356055736541748
2005-09-02,7.174515247344971
2005-09-06,7.132913112640381
2005-09-07,7.28797721862793
2005-09-08,7.28797721862793
2005-09-09,7.28797721862793
2005-09-12,7.367401123046875
2005-09-13,6.972245693206787
2005-09-14,7.044439792633057
2005-09-15,7.063436031341553
2005-09-16,7.033036708831787
2005-09-19,7.029235363006592
2005-09-20,7.048234939575195
2005-09-21,7.029235363006592
2005-09-22,7.048234939575195
2005-09-23,7.055833339691162
2005-09-26,7.067234516143799
2005-09-27,7.067234516143799
2005-09-28,7.025440216064453
2005-09-29,6.991242408752441
2005-09-30,6.991242408752441
2005-10-03,6.983643531799316
2005-10-04,7.025440216064453
2005-10-05,7.067234516143799
2005-10-06,7.033036708831787
2005-10-07,6.998837471008301
2005-10-10,6.998837471008301
2005-10-11,6.998837471008301
2005-10-12,6.93424654006958
2005-10-13,6.93424654006958
2005-10-14,6.892451286315918
2005-10-17,6.900053024291992
2005-10-18,6.900053024291992
2005-10-19,6.862058639526367
2005-10-20,6.862058639526367
2005-10-21,6.877252578735352
2005-10-24,6.854456424713135
2005-10-25,6.8734540939331055
2005-10-26,6.8734540939331055
2005-10-27,6.80886173248291
2005-10-28,6.786065578460693
2005-10-31,6.812662124633789
2005-11-01,6.797461032867432
2005-11-02,6.786065578460693
2005-11-03,6.892451286315918
2005-11-04,6.907652854919434
2005-11-07,6.896252632141113
2005-11-08,6.801261901855469
2005-11-09,6.854456424713135
2005-11-10,6.831658840179443
2005-11-11,6.926647186279297
2005-11-14,6.896252632141113
2005-11-15,6.839257717132568
2005-11-16,6.839257717132568
2005-11-17,6.843058109283447
2005-11-18,6.820260524749756
2005-11-21,6.816458702087402
2005-11-22,6.820260524749756
2005-11-23,6.801261901855469
2005-11-25,6.820260524749756
2005-11-28,6.824060916900635
2005-11-29,6.824060916900635
2005-11-30,6.938045978546143
2005-12-01,6.839257717132568
2005-12-02,6.862058639526367
2005-12-05,6.854456424713135
2005-12-06,6.843058109283447
2005-12-07,6.938045978546143
2005-12-08,6.93424654006958
2005-12-09,6.972245693206787
2005-12-12,6.96084451675415
2005-12-13,6.991392612457275
2005-12-14,7.006664752960205
2005-12-15,7.006664752960205
2005-12-16,7.006664752960205
2005-12-19,7.021936893463135
2005-12-20,6.987572193145752
2005-12-21,6.987572193145752
2005-12-22,7.014305114746094
2005-12-23,7.113578796386719
2005-12-27,7.102123737335205
2005-12-28,7.079216957092285
2005-12-29,7.063941478729248
2005-12-30,6.957023620605469
2006-01-03,6.957023620605469
2006-01-04,6.9837541580200195
2006-01-05,6.96084451675415
2006-01-06,6.9799394607543945
2006-01-09,6.9532060623168945
2006-01-10,6.968480110168457
2006-01-11,7.006664752960205
2006-01-12,7.006664752960205
2006-01-13,7.0448479652404785
2006-01-17,7.014305114746094
2006-01-18,7.063941478729248
2006-01-19,7.0448479652404785
2006-01-20,7.067759990692139
2006-01-23,7.03339147567749
2006-01-24,7.067759990692139
2006-01-25,7.075395107269287
2006-01-26,7.113578796386719
2006-01-27,7.102123737335205
2006-01-30,7.094488620758057
2006-01-31,7.17849063873291
2006-02-01,7.182309150695801
2006-02-02,7.1975812911987305
2006-02-03,7.17849063873291
2006-02-06,7.231947422027588
2006-02-07,7.182309150695801
2006-02-08,7.182309150695801
2006-02-09,7.220491409301758
2006-02-10,7.377044677734375
2006-02-13,7.369410037994385
2006-02-14,7.522143840789795
2006-02-15,7.640509128570557
2006-02-16,7.583234786987305
2006-02-17,7.598509788513184
2006-02-21,7.598509788513184
2006-02-22,7.583234786987305
2006-02-23,7.560323238372803
2006-02-24,7.548869609832764
2006-02-27,7.506867408752441
2006-02-28,7.445773124694824
2006-03-01,7.503050804138184
2006-03-02,7.541234016418457
2006-03-03,7.541234016418457
2006-03-06,7.522143840789795
2006-03-07,7.53741455078125
2006-03-08,7.53741455078125
2006-03-09,7.533595561981201
2006-03-10,7.541234016418457
2006-03-13,7.571918964385986
2006-03-14,7.5757575035095215
2006-03-15,7.583425998687744
2006-03-16,7.594935894012451
2006-03-17,7.594935894012451
2006-03-20,7.5757575035095215
2006-03-21,7.594935894012451
2006-03-22,7.594935894012451
2006-03-23,7.5757575035095215
2006-03-24,7.594935894012451
2006-03-27,7.591098785400391
2006-03-28,7.5757575035095215
2006-03-29,7.587266445159912
2006-03-30,7.5757575035095215
2006-03-31,7.5757575035095215
2006-04-03,7.568084239959717
2006-04-04,7.5757575035095215
2006-04-05,7.587266445159912
2006-04-06,7.556577682495117
2006-04-07,7.556577682495117
2006-04-10,7.5757575035095215
2006-04-11,7.579590320587158
2006-04-12,7.5757575035095215
2006-04-13,7.5757575035095215
2006-04-17,7.594935894012451
2006-04-18,7.614115238189697
2006-04-19,7.633296489715576
2006-04-20,7.633296489715576
2006-04-21,7.648636817932129
2006-04-24,7.629460334777832
2006-04-25,7.556577682495117
2006-04-26,7.648636817932129
2006-04-27,7.594935894012451
2006-04-28,7.537398338317871
2006-05-01,7.5604119300842285
2006-05-02,7.594935894012451
2006-05-03,7.5757575035095215
2006-05-04,7.579590320587158
2006-05-05,7.598770618438721
2006-05-08,7.564249515533447
2006-05-09,7.556577682495117
2006-05-10,7.594935894012451
2006-05-11,7.545071125030518
2006-05-12,7.3839640617370605
2006-05-15,7.330265522003174
2006-05-16,7.311086654663086
2006-05-17,7.288068771362305
2006-05-18,7.230532169342041
2006-05-19,7.215188503265381
2006-05-22,7.215188503265381
2006-05-23,7.215188503265381
2006-05-24,7.215188503265381
2006-05-25,7.215188503265381
2006-05-26,7.211352348327637
2006-05-30,7.13463830947876
2006-05-31,7.153809070587158
2006-06-01,7.080930233001709
2006-06-02,7.153809070587158
2006-06-05,7.211352348327637
2006-06-06,7.211352348327637
2006-06-07,7.211352348327637
2006-06-08,7.176827430725098
2006-06-09,7.1883392333984375
2006-06-12,7.226696968078613
2006-06-13,7.184296131134033
2006-06-14,7.126486778259277
2006-06-15,7.145758628845215
2006-06-16,7.149609565734863
2006-06-19,7.130337238311768
2006-06-20,7.091797351837158
2006-06-21,7.060964107513428
2006-06-22,7.026272296905518
2006-06-23,7.026272296905518
2006-06-26,7.014713287353516
2006-06-27,6.9684624671936035
2006-06-28,7.014713287353516
2006-06-29,7.030130863189697
2006-06-30,7.245965957641602
2006-07-03,7.249821662902832
2006-07-05,7.230551719665527
2006-07-06,7.245965957641602
2006-07-07,7.176589488983154
2006-07-10,7.149609565734863
2006-07-11,7.149609565734863
2006-07-12,7.111071586608887
2006-07-13,7.057110786437988
2006-07-14,7.033982753753662
2006-07-17,7.037836074829102
2006-07-18,7.033982753753662
2006-07-19,6.999294757843018
2006-07-20,7.030130863189697
2006-07-21,7.030130863189697
2006-07-24,7.033982753753662
2006-07-25,6.995438575744629
2006-07-26,6.97616720199585
2006-07-27,6.956900119781494
2006-07-28,7.084087371826172
2006-07-31,7.130337238311768
2006-08-01,7.3230509757995605
2006-08-02,7.27294921875
2006-08-03,7.299923896789551
2006-08-04,7.303782939910889
2006-08-07,7.357741355895996
2006-08-08,7.3808674812316895
2006-08-09,7.419406414031982
2006-08-10,7.392430305480957
2006-08-11,7.473367214202881
2006-08-14,7.457948207855225
2006-08-15,7.419406414031982
2006-08-16,7.457948207855225
2006-08-17,7.4001359939575195
2006-08-18,7.434824466705322
2006-08-21,7.434824466705322
2006-08-22,7.4386820793151855
2006-08-23,7.477220058441162
2006-08-24,7.446387767791748
2006-08-25,7.419406414031982
2006-08-28,7.411697864532471
2006-08-29,7.4001359939575195
2006-08-30,7.388574123382568
2006-08-31,7.403993606567383
2006-09-01,7.411697864532471
2006-09-05,7.3230509757995605
2006-09-06,7.292216777801514
2006-09-07,7.411697864532471
2006-09-08,7.450241565704346
2006-09-11,7.527324199676514
2006-09-12,7.7084784507751465
2006-09-13,7.753107070922852
2006-09-14,7.891044616699219
2006-09-15,7.911328315734863
2006-09-18,7.82612943649292
2006-09-19,7.834244728088379
2006-09-20,7.866703987121582
2006-09-21,7.911328315734863
2006-09-22,8.008698463439941
2006-09-25,8.05738639831543
2006-09-26,8.093901634216309
2006-09-27,8.102014541625977
2006-09-28,8.102014541625977
2006-09-29,8.130414009094238
2006-10-02,8.126354217529297
2006-10-03,8.13447093963623
2006-10-04,8.122303009033203
2006-10-05,8.13447093963623
2006-10-06,8.114187240600586
2006-10-09,8.10606861114502
2006-10-10,8.093901634216309
2006-10-11,8.041158676147461
2006-10-12,8.05738639831543
2006-10-13,8.118242263793945
2006-10-16,8.114187240600586
2006-10-17,8.10606861114502
2006-10-18,8.118242263793945
2006-10-19,8.142585754394531
2006-10-20,8.110126495361328
2006-10-23,8.102014541625977
2006-10-24,8.114187240600586
2006-10-25,8.130414009094238
2006-10-26,8.114187240600586
2006-10-27,8.150700569152832
2006-10-30,8.097952842712402
2006-10-31,8.102014541625977
2006-11-01,8.195326805114746
2006-11-02,8.195326805114746
2006-11-03,8.203439712524414
2006-11-06,8.21561336517334
2006-11-07,8.317042350769043
2006-11-08,8.276466369628906
2006-11-09,8.260237693786621
2006-11-10,8.138528823852539
2006-11-13,8.138528823852539
2006-11-14,8.191268920898438
2006-11-15,8.162870407104492
2006-11-16,8.093901634216309
2006-11-17,8.10606861114502
2006-11-20,8.3576078414917
2006-11-21,8.60103988647461
2006-11-22,8.641603469848633
2006-11-24,8.69434928894043
2006-11-27,8.962118148803711
2006-11-28,8.966174125671387
2006-11-29,9.027033805847168
2006-11-30,9.274513244628906
2006-12-01,9.814111709594727
2006-12-04,10.252273559570312
2006-12-05,10.556551933288574
2006-12-06,10.337471961975098
2006-12-07,9.858732223510742
2006-12-08,9.530106544494629
2006-12-11,9.838448524475098
2006-12-12,10.033190727233887
2006-12-13,9.816850662231445
2006-12-14,9.959716796875
2006-12-15,9.976041793823242
2006-12-18,9.959716796875
2006-12-19,9.898488998413086
2006-12-20,9.755622863769531
2006-12-21,9.710722923278809
2006-12-22,9.629088401794434
2006-12-26,9.469888687133789
2006-12-27,9.343355178833008
2006-12-28,9.224980354309082
2006-12-29,9.400500297546387
2007-01-03,9.657657623291016
2007-01-04,9.673989295959473
2007-01-05,9.755622863769531
2007-01-08,9.722970008850098
2007-01-09,10.159724235534668
2007-01-10,10.04135513305664
2007-01-11,10.037269592285156
2007-01-12,9.83725643157959
2007-01-16,9.751541137695312
2007-01-17,9.763787269592285
2007-01-18,9.747462272644043
2007-01-19,9.694395065307617
2007-01-22,9.665821075439453
2007-01-23,9.63316535949707
2007-01-24,9.898488998413086
2007-01-25,9.88624095916748
2007-01-26,9.898488998413086
2007-01-29,9.792357444763184
2007-01-30,10.057680130004883
2007-01-31,10.016860961914062
2007-02-01,10.14339828491211
2007-02-02,10.016860961914062
2007-02-05,9.673989295959473
2007-02-06,9.84134292602539
2007-02-07,9.735212326049805
2007-02-08,9.857666969299316
2007-02-09,9.68622875213623
2007-02-12,9.7964448928833
2007-02-13,9.951554298400879
2007-02-14,9.751541137695312
2007-02-15,9.731128692626953
2007-02-16,9.727049827575684
2007-02-20,9.629088401794434
2007-02-21,9.792357444763184
2007-02-22,9.747462272644043
2007-02-23,9.7964448928833
2007-02-26,9.7964448928833
2007-02-27,9.722970008850098
2007-02-28,9.735212326049805
2007-03-01,9.780111312866211
2007-03-02,9.66174030303955
2007-03-05,9.184164047241211
2007-03-06,9.371931076049805
2007-03-07,9.24947452545166
2007-03-08,9.718887329101562
2007-03-09,9.625006675720215
2007-03-12,9.629088401794434
2007-03-13,9.571454048156738
2007-03-14,9.464417457580566
2007-03-15,9.386198043823242
2007-03-16,9.690838813781738
2007-03-19,9.769050598144531
2007-03-20,9.670254707336426
2007-03-21,9.645549774169922
2007-03-22,9.340912818908691
2007-03-23,9.814336776733398
2007-03-26,9.793755531311035
2007-03-27,9.76494026184082
2007-03-28,9.85962200164795
2007-03-29,9.674369812011719
2007-03-30,9.472647666931152
2007-04-02,9.476764678955078
2007-04-03,9.452066421508789
2007-04-04,9.983126640319824
2007-04-05,9.983126640319824
2007-04-09,9.921372413635254
2007-04-10,9.983126640319824
2007-04-11,9.797872543334961
2007-04-12,9.896672248840332
2007-04-13,9.789639472961426
2007-04-16,9.76494026184082
2007-04-17,9.744355201721191
2007-04-18,9.983126640319824
2007-04-19,10.02429485321045
2007-04-20,10.065463066101074
2007-04-23,10.077812194824219
2007-04-24,10.073695182800293
2007-04-25,10.040760040283203
2007-04-26,10.044879913330078
2007-04-27,10.02017879486084
2007-04-30,9.929610252380371
2007-05-01,9.929610252380371
2007-05-02,9.789639472961426
2007-05-03,9.913143157958984
2007-05-04,9.962546348571777
2007-05-07,9.941957473754883
2007-05-08,9.876091003417969
2007-05-09,9.814336776733398
2007-05-10,9.826691627502441
2007-05-11,9.876091003417969
2007-05-14,9.958425521850586
2007-05-15,9.917262077331543
2007-05-16,9.892560958862305
2007-05-17,9.876091003417969
2007-05-18,9.83080768585205
2007-05-21,9.773172378540039
2007-05-22,9.756710052490234
2007-05-23,9.756710052490234
2007-05-24,9.773172378540039
2007-05-25,9.769050598144531
2007-05-29,9.970771789550781
2007-05-30,10.538887977600098
2007-05-31,11.094649314880371
2007-06-01,11.267550468444824
2007-06-04,11.629831314086914
2007-06-05,11.835662841796875
2007-06-06,11.794495582580566
2007-06-07,11.930352210998535
2007-06-08,11.288135528564453
2007-06-11,11.852136611938477
2007-06-12,12.123841285705566
2007-06-13,12.27719783782959
2007-06-14,12.513461112976074
2007-06-15,12.787027359008789
2007-06-18,12.637804985046387
2007-06-19,12.467863082885742
2007-06-20,12.588064193725586
2007-06-21,12.376680374145508
2007-06-22,12.542471885681152
2007-06-25,13.284409523010254
2007-06-26,13.744495391845703
2007-06-27,13.765214920043945
2007-06-28,14.134114265441895
2007-06-29,14.158982276916504
2007-07-02,14.449130058288574
2007-07-03,14.602494239807129
2007-07-05,14.440836906433105
2007-07-06,14.569332122802734
2007-07-09,14.78071117401123
2007-07-10,13.947595596313477
2007-07-11,13.719626426696777
2007-07-12,13.931011199951172
2007-07-13,13.562115669250488
2007-07-16,13.599421501159668
2007-07-17,13.71548080444336
2007-07-18,13.719626426696777
2007-07-19,13.75693416595459
2007-07-20,13.823244094848633
2007-07-23,13.723770141601562
2007-07-24,13.296853065490723
2007-07-25,13.541394233703613
2007-07-26,13.582844734191895
2007-07-27,13.425338745117188
2007-07-30,13.773508071899414
2007-07-31,13.843971252441406
2007-08-01,13.65744400024414
2007-08-02,13.4087553024292
2007-08-03,13.350732803344727
2007-08-06,13.251251220703125
2007-08-07,13.118613243103027
2007-08-08,13.151772499084473
2007-08-09,13.135193824768066
2007-08-10,12.219168663024902
2007-08-13,12.053375244140625
2007-08-14,12.016070365905762
2007-08-15,11.817121505737305
2007-08-16,11.22853946685791
2007-08-17,10.329097747802734
2007-08-20,10.573646545410156
2007-08-21,10.921819686889648
2007-08-22,11.290719032287598
2007-08-23,11.352886199951172
2007-08-24,11.390190124511719
2007-08-27,11.307291984558105
2007-08-28,11.269987106323242
2007-08-29,11.170507431030273
2007-08-30,11.514534950256348
2007-08-31,11.804681777954102
2007-09-04,12.156999588012695
2007-09-05,12.020216941833496
2007-09-06,12.22331428527832
2007-09-07,12.020216941833496
2007-09-10,12.003636360168457
2007-09-11,12.020216941833496
2007-09-12,12.041304588317871
2007-09-13,12.222657203674316
2007-09-14,12.231098175048828
2007-09-17,12.205791473388672
2007-09-18,12.420893669128418
2007-09-19,12.838432312011719
2007-09-20,13.196932792663574
2007-09-21,13.96453857421875
2007-09-24,13.711482048034668
2007-09-25,13.78317928314209
2007-09-26,13.825352668762207
2007-09-27,14.276644706726074
2007-09-28,14.47065544128418
2007-10-01,14.639358520507812
2007-10-02,14.997858047485352
2007-10-03,14.93037223815918
2007-10-04,14.93037223815918
2007-10-05,14.989418029785156
2007-10-08,15.149688720703125
2007-10-09,14.913503646850586
2007-10-10,14.576098442077637
2007-10-11,14.862889289855957
2007-10-12,15.170778274536133
2007-10-15,15.339479446411133
2007-10-16,15.60519027709961
2007-10-17,15.723281860351562
2007-10-18,15.82451057434082
2007-10-19,15.60940933227539
2007-10-22,15.436487197875977
2007-10-23,16.052263259887695
2007-10-24,16.587902069091797
2007-10-25,16.786117553710938
2007-10-26,16.398113250732422
2007-10-29,16.026952743530273
2007-10-30,15.900424003601074
2007-10-31,16.026952743530273
2007-11-01,15.963693618774414
2007-11-02,15.934161186218262
2007-11-05,15.706418991088867
2007-11-06,15.697976112365723
2007-11-07,15.19607925415039
2007-11-08,15.436487197875977
2007-11-09,15.638936996459961
2007-11-12,15.508184432983398
2007-11-13,15.558795928955078
2007-11-14,15.841375350952148
2007-11-15,15.187644958496094
2007-11-16,15.44914722442627
2007-11-19,15.512407302856445
2007-11-20,15.158116340637207
2007-11-21,14.255555152893066
2007-11-23,14.592961311340332
2007-11-26,14.715274810791016
2007-11-27,14.761666297912598
2007-11-28,15.550357818603516
2007-11-29,15.664237022399902
2007-11-30,15.942602157592773
2007-12-03,15.60940933227539
2007-12-04,15.558795928955078
2007-12-05,15.900424003601074
2007-12-06,16.364362716674805
2007-12-07,16.499330520629883
2007-12-10,16.684904098510742
2007-12-11,16.385448455810547
2007-12-12,15.341195106506348
2007-12-13,15.175643920898438
2007-12-14,14.77237606048584
2007-12-17,14.53890609741211
2007-12-18,13.953103065490723
2007-12-19,13.49040699005127
2007-12-20,14.050740242004395
2007-12-21,15.553447723388672
2007-12-24,16.130754470825195
2007-12-26,16.5679874420166
2007-12-27,16.376962661743164
2007-12-28,16.109535217285156
2007-12-31,15.960957527160645
2008-01-02,15.315729141235352
2008-01-03,14.572869300842285
2008-01-04,14.012537002563477
2008-01-07,14.814826011657715
2008-01-08,14.182332992553711
2008-01-09,14.301190376281738
2008-01-10,16.14348793029785
2008-01-11,16.300554275512695
2008-01-14,16.3217716217041
2008-01-15,15.91426944732666
2008-01-16,15.960957527160645
2008-01-17,15.854828834533691
2008-01-18,15.103482246398926
2008-01-22,14.335145950317383
2008-01-23,14.004040718078613
2008-01-24,14.004040718078613
2008-01-25,14.004040718078613
2008-01-28,14.008288383483887
2008-01-29,14.687474250793457
2008-01-30,14.861525535583496
2008-01-31,14.551636695861816
2008-02-01,14.237513542175293
2008-02-04,14.165349006652832
2008-02-05,14.271470069885254
2008-02-06,13.944616317749023
2008-02-07,14.870010375976562
2008-02-08,14.899724006652832
2008-02-11,14.85727310180664
2008-02-12,14.950663566589355
2008-02-13,15.02707290649414
2008-02-14,15.158661842346191
2008-02-15,15.196878433227539
2008-02-19,14.645024299621582
2008-02-20,15.171398162841797
2008-02-21,15.02707290649414
2008-02-22,15.02707290649414
2008-02-25,15.0143404006958
2008-02-26,14.615313529968262
2008-02-27,15.133196830749512
2008-02-28,15.116209983825684
2008-02-29,15.052542686462402
2008-03-03,15.179886817932129
2008-03-04,15.281769752502441
2008-03-05,15.328459739685059
2008-03-06,15.22234058380127
2008-03-07,15.133196830749512
2008-03-10,14.72568416595459
2008-03-11,14.937926292419434
2008-03-12,14.548316955566406
2008-03-13,14.668200492858887
2008-03-14,14.728145599365234
2008-03-17,14.663917541503906
2008-03-18,15.276167869567871
2008-03-19,14.556883811950684
2008-03-20,15.357510566711426
2008-03-24,16.269453048706055
2008-03-25,16.462114334106445
2008-03-26,16.359365463256836
2008-03-27,16.39361572265625
2008-03-28,16.252328872680664
2008-03-31,16.141010284423828
2008-04-01,16.449277877807617
2008-04-02,16.52634048461914
2008-04-03,16.466407775878906
2008-04-04,16.58200454711914
2008-04-07,16.24376678466797
2008-04-08,16.350801467895508
2008-04-09,15.77708911895752
2008-04-10,15.511646270751953
2008-04-11,16.008289337158203
2008-04-14,15.413166046142578
2008-04-15,15.259040832519531
2008-04-16,15.229065895080566
2008-04-17,15.229065895080566
2008-04-18,15.314698219299316
2008-04-21,14.985021591186523
2008-04-22,14.676756858825684
2008-04-23,14.625385284423828
2008-04-24,15.164841651916504
2008-04-25,15.104907035827637
2008-04-28,15.50307559967041
2008-04-29,15.079215049743652
2008-04-30,14.976462364196777
2008-05-01,14.985021591186523
2008-05-02,14.980745315551758
2008-05-05,15.027835845947266
2008-05-06,15.417445182800293
2008-05-07,15.43029499053955
2008-05-08,15.211936950683594
2008-05-09,15.71715259552002
2008-05-12,15.862716674804688
2008-05-13,15.965470314025879
2008-05-14,16.547744750976562
2008-05-15,16.076793670654297
2008-05-16,16.6590633392334
2008-05-19,16.68903923034668
2008-05-20,16.894546508789062
2008-05-21,16.860288619995117
2008-05-22,17.014423370361328
2008-05-23,17.344091415405273
2008-05-27,18.06337547302246
2008-05-28,17.802209854125977
2008-05-29,17.549610137939453
2008-05-30,17.56244659423828
2008-06-02,16.23092269897461
2008-06-03,16.226638793945312
2008-06-04,16.175260543823242
2008-06-05,16.66334342956543
2008-06-06,16.307985305786133
2008-06-09,16.226638793945312
2008-06-10,15.884125709533691
2008-06-11,16.531572341918945
2008-06-12,17.265356063842773
2008-06-13,17.701305389404297
2008-06-16,18.2537841796875
2008-06-17,18.344438552856445
2008-06-18,17.684040069580078
2008-06-19,17.589082717895508
2008-06-20,17.524335861206055
2008-06-23,17.981863021850586
2008-06-24,17.243770599365234
2008-06-25,17.22219467163086
2008-06-26,16.57474708557129
2008-06-27,17.576129913330078
2008-06-30,17.17902183532715
2008-07-01,17.981863021850586
2008-07-02,17.658140182495117
2008-07-03,17.822166442871094
2008-07-07,18.258106231689453
2008-07-08,18.48688316345215
2008-07-09,17.89122772216797
2008-07-10,18.128620147705078
2008-07-11,19.40625762939453
2008-07-14,19.388992309570312
2008-07-15,19.963064193725586
2008-07-16,20.537145614624023
2008-07-17,21.193222045898438
2008-07-18,21.050790786743164
2008-07-21,21.042150497436523
2008-07-22,22.29389190673828
2008-07-23,22.272308349609375
2008-07-24,20.921308517456055
2008-07-25,22.21619415283203
2008-07-28,21.365882873535156
2008-07-29,21.486732482910156
2008-07-30,20.416284561157227
2008-07-31,20.062341690063477
2008-08-01,20.260892868041992
2008-08-04,19.850839614868164
2008-08-05,20.502609252929688
2008-08-06,20.502609252929688
2008-08-07,20.105512619018555
2008-08-08,20.135719299316406
2008-08-11,20.627790451049805
2008-08-12,19.807674407958984
2008-08-13,20.938556671142578
2008-08-14,21.547163009643555
2008-08-15,21.301132202148438
2008-08-18,21.14574432373047
2008-08-19,20.809064865112305
2008-08-20,21.11121940612793
2008-08-21,20.778852462768555
2008-08-22,20.787485122680664
2008-08-25,20.865188598632812
2008-08-26,20.662311553955078
2008-08-27,21.240694046020508
2008-08-28,21.0982608795166
2008-08-29,20.761587142944336
2008-09-02,20.329957962036133
2008-09-03,20.200471878051758
2008-09-04,19.121379852294922
2008-09-05,19.035049438476562
2008-09-08,19.68250274658203
2008-09-09,18.210634231567383
2008-09-10,19.190444946289062
2008-09-11,19.468564987182617
2008-09-12,20.09433937072754
2008-09-15,19.229555130004883
2008-09-16,19.72930908203125
2008-09-17,18.034496307373047
2008-09-18,20.424612045288086
2008-09-19,22.380155563354492
2008-09-22,21.723966598510742
2008-09-23,21.528411865234375
2008-09-24,20.320314407348633
2008-09-25,20.424612045288086
2008-09-26,21.328506469726562
2008-09-29,21.033000946044922
2008-09-30,20.598434448242188
2008-10-01,20.424612045288086
2008-10-02,20.07695770263672
2008-10-03,20.363773345947266
2008-10-06,19.286046981811523
2008-10-07,19.055723190307617
2008-10-08,18.282201766967773
2008-10-09,15.64438247680664
2008-10-10,16.313615798950195
2008-10-13,19.598934173583984
2008-10-14,18.990549087524414
2008-10-15,17.513015747070312
2008-10-16,18.794986724853516
2008-10-17,18.099685668945312
2008-10-20,18.651578903198242
2008-10-21,18.164867401123047
2008-10-22,17.382648468017578
2008-10-23,17.28269386291504
2008-10-24,16.556968688964844
2008-10-27,14.775253295898438
2008-10-28,14.840435028076172
2008-10-29,14.70571517944336
2008-10-30,15.209820747375488
2008-10-31,16.66561508178711
2008-11-03,16.66561508178711
2008-11-04,16.396183013916016
2008-11-05,14.675297737121582
2008-11-06,13.884387969970703
2008-11-07,13.714909553527832
2008-11-10,13.515008926391602
2008-11-11,13.606266021728516
2008-11-12,12.602416038513184
2008-11-13,13.149971961975098
2008-11-14,13.041330337524414
2008-11-17,13.39767837524414
2008-11-18,13.271655082702637
2008-11-19,12.415556907653809
2008-11-20,11.60291576385498
2008-11-21,13.123897552490234
2008-11-24,14.166851043701172
2008-11-25,13.688836097717285
2008-11-26,13.645374298095703
2008-11-28,13.601921081542969
2008-12-01,11.494272232055664
2008-12-02,12.102667808532715
2008-12-03,12.967451095581055
2008-12-04,12.51984977722168
2008-12-05,13.019598007202148
2008-12-08,13.076094627380371
2008-12-09,12.332984924316406
2008-12-10,12.437284469604492
2008-12-11,11.418414115905762
2008-12-12,11.352533340454102
2008-12-15,10.522504806518555
2008-12-16,11.053897857666016
2008-12-17,11.984942436218262
2008-12-18,11.176870346069336
2008-12-19,12.375797271728516
2008-12-22,11.739002227783203
2008-12-23,11.220781326293945
2008-12-24,11.071465492248535
2008-12-26,11.150516510009766
2008-12-29,10.461021423339844
2008-12-30,11.19443416595459
2008-12-31,12.47680950164795
2009-01-02,12.15181827545166
2009-01-05,12.885234832763672
2009-01-06,13.170700073242188
2009-01-07,13.03016471862793
2009-01-08,13.614261627197266
2009-01-09,12.525116920471191
2009-01-12,12.213312149047852
2009-01-13,11.378885269165039
2009-01-14,11.242743492126465
2009-01-15,12.143046379089355
2009-01-16,12.015681266784668
2009-01-20,10.935321807861328
2009-01-21,12.16500473022461
2009-01-22,12.239657402038574
2009-01-23,11.765355110168457
2009-01-26,11.844406127929688
2009-01-27,12.397759437561035
2009-01-28,12.718351364135742
2009-01-29,12.718351364135742
2009-01-30,12.191352844238281
2009-02-02,12.46363639831543
2009-02-03,13.175092697143555
2009-02-04,13.614261627197266
2009-02-05,13.47811508178711
2009-02-06,15.810107231140137
2009-02-09,16.833372116088867
2009-02-10,16.126310348510742
2009-02-11,16.209754943847656
2009-02-12,17.206668853759766
2009-02-13,17.066131591796875
2009-02-17,16.446901321411133
2009-02-18,16.47325325012207
2009-02-19,16.53034782409668
2009-02-20,16.359067916870117
2009-02-23,15.564173698425293
2009-02-24,16.749935150146484
2009-02-25,16.37664031982422
2009-02-26,15.300667762756348
2009-02-27,15.463163375854492
2009-03-02,14.909815788269043
2009-03-03,14.514558792114258
2009-03-04,15.283102989196777
2009-03-05,14.584823608398438
2009-03-06,14.8439302444458
2009-03-09,13.675745010375977
2009-03-10,14.475028038024902
2009-03-11,14.718795776367188
2009-03-12,16.996856689453125
2009-03-13,16.80628204345703
2009-03-16,16.230117797851562
2009-03-17,17.072202682495117
2009-03-18,17.276077270507812
2009-03-19,17.183002471923828
2009-03-20,17.156408309936523
2009-03-23,17.883264541625977
2009-03-24,16.646730422973633
2009-03-25,18.339757919311523
2009-03-26,19.022302627563477
2009-03-27,17.31596565246582
2009-03-30,17.156408309936523
2009-03-31,17.324831008911133
2009-04-01,17.803489685058594
2009-04-02,18.87604331970215
2009-04-03,18.530344009399414
2009-04-06,17.909862518310547
2009-04-07,16.868324279785156
2009-04-08,17.005722045898438
2009-04-09,19.58516502380371
2009-04-13,19.048892974853516
2009-04-14,17.87440299987793
2009-04-15,18.47715950012207
2009-04-16,19.004573822021484
2009-04-17,18.840585708618164
2009-04-20,17.227325439453125
2009-04-21,17.75473403930664
2009-04-22,17.66166114807129
2009-04-23,17.493247985839844
2009-04-24,17.550865173339844
2009-04-27,16.974695205688477
2009-04-28,17.519838333129883
2009-04-29,17.59075355529785
2009-04-30,17.493247985839844
2009-05-01,16.589115142822266
2009-05-04,17.909862518310547
2009-05-05,17.37801742553711
2009-05-06,17.604042053222656
2009-05-07,17.409040451049805
2009-05-08,18.060543060302734
2009-05-11,17.759170532226562
2009-05-12,17.134258270263672
2009-05-13,16.801851272583008
2009-05-14,17.183002471923828
2009-05-15,16.899354934692383
2009-05-18,17.59075355529785
2009-05-19,17.475515365600586
2009-05-20,17.249481201171875
2009-05-21,17.626203536987305
2009-05-22,17.37801742553711
2009-05-26,18.193506240844727
2009-05-27,17.728147506713867
2009-05-28,17.87883949279785
2009-05-29,18.02066421508789
2009-06-01,18.517047882080078
2009-06-02,19.190715789794922
2009-06-03,19.257200241088867
2009-06-04,19.531984329223633
2009-06-05,19.45220184326172
2009-06-08,19.05332374572754
2009-06-09,18.9691162109375
2009-06-10,18.654436111450195
2009-06-11,18.96244239807129
2009-06-12,18.993690490722656
2009-06-15,18.042896270751953
2009-06-16,17.583112716674805
2009-06-17,17.70364761352539
2009-06-18,18.257152557373047
2009-06-19,18.35536003112793
2009-06-22,17.654541015625
2009-06-23,17.609901428222656
2009-06-24,18.150035858154297
2009-06-25,18.6767635345459
2009-06-26,18.74371910095215
2009-06-29,18.333044052124023
2009-06-30,18.663366317749023
2009-07-01,18.699077606201172
2009-07-02,17.67685890197754
2009-07-06,17.24832534790039
2009-07-07,16.712665557861328
2009-07-08,16.766231536865234
2009-07-09,16.185935974121094
2009-07-10,16.132366180419922
2009-07-13,16.83319091796875
2009-07-14,16.766231536865234
2009-07-15,17.926834106445312
2009-07-16,18.083065032958984
2009-07-17,17.7884464263916
2009-07-20,17.551868438720703
2009-07-21,17.82415771484375
2009-07-22,17.842018127441406
2009-07-23,18.466957092285156
2009-07-24,18.404462814331055
2009-07-27,18.55177116394043
2009-07-28,18.123241424560547
2009-07-29,17.8911190032959
2009-07-30,17.819698333740234
2009-07-31,17.426883697509766
2009-08-03,17.409021377563477
2009-08-04,17.319753646850586
2009-08-05,16.9626407623291
2009-08-06,16.605533599853516
2009-08-07,16.467153549194336
2009-08-10,16.4046630859375
2009-08-11,16.493940353393555
2009-08-12,17.136728286743164
2009-08-13,17.19475746154785
2009-08-14,16.382341384887695
2009-08-17,15.690438270568848
2009-08-18,15.534211158752441
2009-08-19,15.30655574798584
2009-08-20,15.489570617675781
2009-08-21,16.65909767150879
2009-08-24,17.185834884643555
2009-08-25,17.592039108276367
2009-08-26,17.359926223754883
2009-08-27,17.475988388061523
2009-08-28,17.33314323425293
2009-08-31,17.19475746154785
2009-09-01,17.08316993713379
2009-09-02,16.913536071777344
2009-09-03,16.76176643371582
2009-09-04,16.851049423217773
2009-09-08,16.60107421875
2009-09-09,16.47161865234375
2009-09-10,16.333240509033203
2009-09-11,16.247716903686523
2009-09-14,16.751808166503906
2009-09-15,16.576282501220703
2009-09-16,16.65279197692871
2009-09-17,16.864328384399414
2009-09-18,16.490758895874023
2009-09-21,16.17570686340332
2009-09-22,15.910170555114746
2009-09-23,15.869657516479492
2009-09-24,15.622119903564453
2009-09-25,15.66712760925293
2009-09-28,15.892165184020996
2009-09-29,15.58611011505127
2009-09-30,15.617612838745117
2009-10-01,15.320575714111328
2009-10-02,15.334067344665527
2009-10-05,15.833657264709473
2009-10-06,16.324234008789062
2009-10-07,17.129878997802734
2009-10-08,17.224390029907227
2009-10-09,17.336910247802734
2009-10-12,16.364742279052734
2009-10-13,15.950669288635254
2009-10-14,16.859832763671875
2009-10-15,16.931835174560547
2009-10-16,16.756311416625977
2009-10-19,17.15687370300293
2009-10-20,16.589771270751953
2009-10-21,16.585283279418945
2009-10-22,16.72930145263672
2009-10-23,16.837322235107422
2009-10-26,16.108198165893555
2009-10-27,16.2252197265625
2009-10-28,16.2252197265625
2009-10-29,16.544771194458008
2009-10-30,15.88316535949707
2009-11-02,15.851659774780273
2009-11-03,15.743638038635254
2009-11-04,15.082024574279785
2009-11-05,16.594284057617188
2009-11-06,16.34223747253418
2009-11-09,16.99484634399414
2009-11-10,17.197383880615234
2009-11-11,17.296396255493164
2009-11-12,17.170381546020508
2009-11-13,17.46293067932129
2009-11-16,17.926509857177734
2009-11-17,17.584449768066406
2009-11-18,17.480926513671875
2009-11-19,16.72930145263672
2009-11-20,16.6392879486084
2009-11-23,17.278398513793945
2009-11-24,17.125370025634766
2009-11-25,16.657289505004883
2009-11-27,15.905671119689941
2009-11-30,15.64912223815918
2009-12-01,15.914665222167969
2009-12-02,15.87865924835205
2009-12-03,16.1577091217041
2009-12-04,16.670795440673828
2009-12-07,16.86882972717285
2009-12-08,17.476430892944336
2009-12-09,17.71497344970703
2009-12-10,17.61145782470703
2009-12-11,17.12577247619629
2009-12-14,17.20747947692871
2009-12-15,17.066770553588867
2009-12-16,16.95783042907715
2009-12-17,15.727749824523926
2009-12-18,15.523502349853516
2009-12-21,15.419100761413574
2009-12-22,15.43725299835205
2009-12-23,16.022790908813477
2009-12-24,16.208892822265625
2009-12-28,16.481225967407227
2009-12-29,16.349597930908203
2009-12-30,16.476696014404297
2009-12-31,16.494850158691406
2010-01-04,17.048612594604492
2010-01-05,16.381372451782227
2010-01-06,16.29059410095215
2010-01-07,16.358671188354492
2010-01-08,16.354137420654297
2010-01-11,16.426769256591797
2010-01-12,16.526622772216797
2010-01-13,16.67641258239746
2010-01-14,16.83981704711914
2010-01-15,16.703641891479492
2010-01-19,16.930591583251953
2010-01-20,16.34052085876465
2010-01-21,16.19073486328125
2010-01-22,16.204349517822266
2010-01-25,16.381372451782227
2010-01-26,16.34052085876465
2010-01-27,16.476696014404297
2010-01-28,16.36322021484375
2010-01-29,16.408605575561523
2010-02-01,16.372295379638672
2010-02-02,16.27243423461914
2010-02-03,16.345062255859375
2010-02-04,15.96377944946289
2010-02-05,16.090877532958984
2010-02-08,15.818531036376953
2010-02-09,15.809453010559082
2010-02-10,15.754990577697754
2010-02-11,16.240657806396484
2010-02-12,16.17711067199707
2010-02-16,16.158960342407227
2010-02-17,16.104494094848633
2010-02-18,16.249740600585938
2010-02-19,16.490318298339844
2010-02-22,16.912443161010742
2010-02-23,17.525211334228516
2010-02-24,17.802087783813477
2010-02-25,17.756704330444336
2010-02-26,17.579679489135742
2010-03-01,17.738550186157227
2010-03-02,18.00634765625
2010-03-03,18.06081771850586
2010-03-04,17.63414764404297
2010-03-05,18.115283966064453
2010-03-08,18.1062068939209
2010-03-09,18.078968048095703
2010-03-10,18.001811981201172
2010-03-11,18.05215072631836
2010-03-12,17.75922203063965
2010-03-15,17.48917007446289
2010-03-16,17.397632598876953
2010-03-17,17.415935516357422
2010-03-18,17.397632598876953
2010-03-19,17.521211624145508
2010-03-22,17.10011863708496
2010-03-23,17.310670852661133
2010-03-24,17.159618377685547
2010-03-25,17.077232360839844
2010-03-26,17.155048370361328
2010-03-29,17.274051666259766
2010-03-30,17.07265281677246
2010-03-31,16.84379768371582
2010-04-01,16.907873153686523
2010-04-05,17.3472843170166
2010-04-06,17.383895874023438
2010-04-07,17.058927536010742
2010-04-08,17.008577346801758
2010-04-09,16.683595657348633
2010-04-12,16.81633186340332
2010-04-13,17.026885986328125
2010-04-14,17.75006866455078
2010-04-15,18.171157836914062
2010-04-16,18.189470291137695
2010-04-19,18.079620361328125
2010-04-20,18.194042205810547
2010-04-21,18.262706756591797
2010-04-22,18.509870529174805
2010-04-23,18.546485900878906
2010-04-26,18.093347549438477
2010-04-27,18.125385284423828
2010-04-28,18.088775634765625
2010-04-29,17.978919982910156
2010-04-30,17.621912002563477
2010-05-03,17.951459884643555
2010-05-04,16.610363006591797
2010-05-05,16.587482452392578
2010-05-06,16.129770278930664
2010-05-07,16.134347915649414
2010-05-10,17.260318756103516
2010-05-11,17.782114028930664
2010-05-12,18.486984252929688
2010-05-13,18.3542423248291
2010-05-14,18.129966735839844
2010-05-17,18.335935592651367
2010-05-18,17.77753257751465
2010-05-19,17.56241226196289
2010-05-20,16.701908111572266
2010-05-21,16.91245460510254
2010-05-24,16.074840545654297
2010-05-25,16.628679275512695
2010-05-26,16.546283721923828
2010-05-27,17.470867156982422
2010-05-28,17.003997802734375
2010-06-01,16.207582473754883
2010-06-02,16.203004837036133
2010-06-03,16.03822898864746
2010-06-04,15.818524360656738
2010-06-07,15.6583251953125
2010-06-08,15.88718032836914
2010-06-09,15.919214248657227
2010-06-10,16.399812698364258
2010-06-11,16.935697555541992
2010-06-14,16.820205688476562
2010-06-15,17.30988883972168
2010-06-16,17.323753356933594
2010-06-17,17.369951248168945
2010-06-18,17.402284622192383
2010-06-21,17.50391960144043
2010-06-22,17.420766830444336
2010-06-23,17.527015686035156
2010-06-24,17.37919044494629
2010-06-25,17.4808292388916
2010-06-28,17.540876388549805
2010-06-29,16.62618064880371
2010-06-30,16.238128662109375
2010-07-01,16.22426986694336
2010-07-02,16.238128662109375
2010-07-06,15.646808624267578
2010-07-07,16.293567657470703
2010-07-08,16.760154724121094
2010-07-09,16.649280548095703
2010-07-12,16.866405487060547
2010-07-13,17.443864822387695
2010-07-14,17.272937774658203
2010-07-15,17.365327835083008
2010-07-16,15.854697227478027
2010-07-19,15.706868171691895
2010-07-20,16.39520263671875
2010-07-21,15.896271705627441
2010-07-22,16.238128662109375
2010-07-23,17.166683197021484
2010-07-26,17.831912994384766
2010-07-27,17.522397994995117
2010-07-28,17.383804321289062
2010-07-29,17.19901466369629
2010-07-30,16.7370548248291
2010-08-02,16.053340911865234
2010-08-03,15.743825912475586
2010-08-04,16.06719970703125
2010-08-05,16.06719970703125
2010-08-06,16.298185348510742
2010-08-09,16.54302978515625
2010-08-10,16.173458099365234
2010-08-11,15.586760520935059
2010-08-12,15.106311798095703
2010-08-13,14.108465194702148
2010-08-16,14.103842735290527
2010-08-17,14.639725685119629
2010-08-18,14.459553718566895
2010-08-19,13.614155769348145
2010-08-20,13.387797355651855
2010-08-23,13.461709022521973
2010-08-24,13.600302696228027
2010-08-25,14.658203125
2010-08-26,14.089982986450195
2010-08-27,14.445697784423828
2010-08-30,14.089982986450195
2010-08-31,14.136180877685547
2010-09-01,14.718259811401367
2010-09-02,14.958487510681152
2010-09-03,15.5913724899292
2010-09-07,14.810650825500488
2010-09-08,14.944622039794922
2010-09-09,15.244904518127441
2010-09-10,15.138644218444824
2010-09-13,15.754640579223633
2010-09-14,15.735982894897461
2010-09-15,15.833982467651367
2010-09-16,15.488651275634766
2010-09-17,15.642638206481934
2010-09-20,16.561983108520508
2010-09-21,15.833982467651367
2010-09-22,14.844653129577637
2010-09-23,14.410648345947266
2010-09-24,15.53531551361084
2010-09-27,15.343985557556152
2010-09-28,15.63331413269043
2010-09-29,15.75931167602539
2010-09-30,15.787317276000977
2010-10-01,15.815315246582031
2010-10-04,15.577308654785156
2010-10-05,16.389312744140625
2010-10-06,16.566638946533203
2010-10-07,16.566638946533203
2010-10-08,16.515310287475586
2010-10-11,16.30064582824707
2010-10-12,16.421981811523438
2010-10-13,17.079978942871094
2010-10-14,17.1593074798584
2010-10-15,17.243309020996094
2010-10-18,17.448650360107422
2010-10-19,16.916648864746094
2010-10-20,16.911977767944336
2010-10-21,16.449981689453125
2010-10-22,16.496644973754883
2010-10-25,16.921306610107422
2010-10-26,17.313318252563477
2010-10-27,16.874643325805664
2010-10-28,16.916648864746094
2010-10-29,16.813974380493164
2010-11-01,16.496644973754883
2010-11-02,17.121978759765625
2010-11-03,17.434650421142578
2010-11-04,17.826642990112305
2010-11-05,17.9293155670166
2010-11-08,18.078649520874023
2010-11-09,17.95730972290039
2010-11-10,18.293315887451172
2010-11-11,18.241973876953125
2010-11-12,17.94797134399414
2010-11-15,18.139312744140625
2010-11-16,17.812646865844727
2010-11-17,17.62598419189453
2010-11-18,17.83131217956543
2010-11-19,17.597980499267578
2010-11-22,17.644641876220703
2010-11-23,17.033313751220703
2010-11-24,17.224645614624023
2010-11-26,17.215312957763672
2010-11-29,17.2723331451416
2010-11-30,17.053756713867188
2010-12-01,17.281829833984375
2010-12-02,17.429136276245117
2010-12-03,17.823524475097656
2010-12-06,17.795019149780273
2010-12-07,18.17989730834961
2010-12-08,18.27018928527832
2010-12-09,18.626564025878906
2010-12-10,18.217910766601562
2010-12-13,18.241674423217773
2010-12-14,18.517271041870117
2010-12-15,18.48401641845703
2010-12-16,18.75960922241211
2010-12-17,18.807130813598633
2010-12-20,18.911666870117188
2010-12-21,19.006690979003906
2010-12-22,19.077970504760742
2010-12-23,19.130233764648438
2010-12-27,19.301298141479492
2010-12-28,19.196760177612305
2010-12-29,19.239526748657227
2010-12-30,19.09697723388672
2010-12-31,18.987688064575195
2011-01-03,19.244277954101562
2011-01-04,18.954429626464844
2011-01-05,18.83562660217285
2011-01-06,18.935422897338867
2011-01-07,18.90691375732422
2011-01-10,19.006690979003906
2011-01-11,19.011445999145508
2011-01-12,19.14449691772461
2011-01-13,18.911666870117188
2011-01-14,19.006690979003906
2011-01-18,18.90216064453125
2011-01-19,17.676231384277344
2011-01-20,18.08962059020996
2011-01-21,17.495662689208984
2011-01-24,17.533674240112305
2011-01-25,17.52892303466797
2011-01-26,17.96132469177246
2011-01-27,17.9755802154541
2011-01-28,16.768659591674805
2011-01-31,16.939722061157227
2011-02-01,17.34836196899414
2011-02-02,17.338857650756836
2011-02-03,17.096519470214844
2011-02-04,17.53842544555664
2011-02-07,17.543176651000977
2011-02-08,17.609699249267578
2011-02-09,17.31985092163086
2011-02-10,17.22481918334961
2011-02-11,17.253326416015625
2011-02-14,17.32935333251953
2011-02-15,17.31985092163086
2011-02-16,17.338857650756836
2011-02-17,17.462400436401367
2011-02-18,17.70948600769043
2011-02-22,17.543176651000977
2011-02-23,17.55742835998535
2011-02-24,17.129783630371094
2011-02-25,17.31985092163086
2011-02-28,17.83302879333496
2011-03-01,17.88529396057129
2011-03-02,17.680978775024414
2011-03-03,17.81877899169922
2011-03-04,17.676231384277344
2011-03-07,17.576433181762695
2011-03-08,17.752256393432617
2011-03-09,17.780763626098633
2011-03-10,17.547931671142578
2011-03-11,17.605501174926758
2011-03-14,17.451980590820312
2011-03-15,17.087404251098633
2011-03-16,17.0394344329834
2011-03-17,17.226526260375977
2011-03-18,17.66305923461914
2011-03-21,18.305875778198242
2011-03-22,18.11399269104004
2011-03-23,18.253110885620117
2011-03-24,19.19814109802246
2011-03-25,19.332462310791016
2011-03-28,19.193347930908203
2011-03-29,19.28449058532715
2011-03-30,19.212539672851562
2011-03-31,19.3084774017334
2011-04-01,19.433202743530273
2011-04-04,19.437999725341797
2011-04-05,19.625093460083008
2011-04-06,19.505168914794922
2011-04-07,19.202939987182617
2011-04-08,19.35645294189453
2011-04-11,18.72322654724121
2011-04-12,18.588909149169922
2011-04-13,18.63687515258789
2011-04-14,18.641674041748047
2011-04-15,18.579309463500977
2011-04-18,18.142778396606445
2011-04-19,17.8117733001709
2011-04-20,18.046838760375977
2011-04-21,18.142778396606445
2011-04-25,18.248308181762695
2011-04-26,17.998863220214844
2011-04-27,18.07561492919922
2011-04-28,18.022842407226562
2011-04-29,18.061229705810547
2011-05-02,18.01805305480957
2011-05-03,17.749404907226562
2011-05-04,17.360841751098633
2011-05-05,17.111387252807617
2011-05-06,17.001056671142578
2011-05-09,17.17375373840332
2011-05-10,17.749404907226562
2011-05-11,17.57671546936035
2011-05-12,17.99405860900879
2011-05-13,17.696645736694336
2011-05-16,17.538339614868164
2011-05-17,17.001056671142578
2011-05-18,17.073013305664062
2011-05-19,17.279293060302734
2011-05-20,17.135379791259766
2011-05-23,16.737218856811523
2011-05-24,16.64127540588379
2011-05-25,16.569316864013672
2011-05-26,16.770801544189453
2011-05-27,16.76600456237793
2011-05-31,17.437602996826172
2011-06-01,17.073013305664062
2011-06-02,16.770801544189453
2011-06-03,16.578907012939453
2011-06-06,16.468578338623047
2011-06-07,16.775588989257812
2011-06-08,16.636476516723633
2011-06-09,16.655664443969727
2011-06-10,16.578907012939453
2011-06-13,17.010223388671875
2011-06-14,17.18953514099121
2011-06-15,17.034454345703125
2011-06-16,18.032779693603516
2011-06-17,17.591764450073242
2011-06-20,17.412464141845703
2011-06-21,18.095773696899414
2011-06-22,17.858314514160156
2011-06-23,17.90192413330078
2011-06-24,17.533615112304688
2011-06-27,17.829235076904297
2011-06-28,18.153928756713867
2011-06-29,18.31869888305664
2011-06-30,18.464082717895508
2011-07-01,18.561006546020508
2011-07-05,18.628854751586914
2011-07-06,18.876014709472656
2011-07-07,19.171632766723633
2011-07-08,19.341251373291016
2011-07-11,18.624013900756836
2011-07-12,18.972942352294922
2011-07-13,19.297637939453125
2011-07-14,19.069860458374023
2011-07-15,19.370336532592773
2011-07-18,19.166793823242188
2011-07-19,19.48179054260254
2011-07-20,19.38486671447754
2011-07-21,19.45756721496582
2011-07-22,19.476943969726562
2011-07-25,19.03594207763672
2011-07-26,19.021408081054688
2011-07-27,18.376850128173828
2011-07-28,18.41562271118164
2011-07-29,18.260541915893555
2011-08-01,17.620849609375
2011-08-02,17.349458694458008
2011-08-03,17.703231811523438
2011-08-04,17.417301177978516
2011-08-05,17.23314666748047
2011-08-08,15.507894515991211
2011-08-09,17.88254165649414
2011-08-10,16.016746520996094
2011-08-11,17.087766647338867
2011-08-12,16.908451080322266
2011-08-15,17.18953514099121
2011-08-16,16.588605880737305
2011-08-17,16.850296020507812
2011-08-18,15.987668991088867
2011-08-19,15.730817794799805
2011-08-22,15.987668991088867
2011-08-23,16.462600708007812
2011-08-24,16.559528350830078
2011-08-25,16.00705337524414
2011-08-26,16.365680694580078
2011-08-29,16.889066696166992
2011-08-30,17.010223388671875
2011-08-31,16.796987533569336
2011-09-01,16.205753326416016
2011-09-02,15.449740409851074
2011-09-06,15.711435317993164
2011-09-07,17.170146942138672
2011-09-08,15.968284606933594
2011-09-09,15.076579093933105
2011-09-12,15.188045501708984
2011-09-13,15.967292785644531
2011-09-14,16.633827209472656
2011-09-15,16.849470138549805
2011-09-16,17.437580108642578
2011-09-19,17.143526077270508
2011-09-20,16.516202926635742
2011-09-21,16.09962272644043
2011-09-22,15.496800422668457
2011-09-23,16.050609588623047
2011-09-26,16.45738983154297
2011-09-27,17.520891189575195
2011-09-28,16.46718978881836
2011-09-29,17.109216690063477
2011-09-30,16.932777404785156
2011-10-03,15.560517311096191
2011-10-04,17.844358444213867
2011-10-05,17.447383880615234
2011-10-06,17.643417358398438
2011-10-07,17.520891189575195
2011-10-10,18.442276000976562
2011-10-11,18.39327049255371
2011-10-12,18.55009651184082
2011-10-13,18.25603675842285
2011-10-14,18.75103187561035
2011-10-17,17.658117294311523
2011-10-18,17.589508056640625
2011-10-19,17.182737350463867
2011-10-20,17.099414825439453
2011-10-21,18.128620147705078
2011-10-24,17.90807342529297
2011-10-25,17.221940994262695
2011-10-26,17.883560180664062
2011-10-27,18.71672821044922
2011-10-28,18.496185302734375
2011-10-31,17.957080841064453
2011-11-01,17.163124084472656
2011-11-02,17.68752670288086
2011-11-03,18.476579666137695
2011-11-04,18.226634979248047
2011-11-07,18.07470703125
2011-11-08,18.1727237701416
2011-11-09,17.520891189575195
2011-11-10,17.609113693237305
2011-11-11,18.45697021484375
2011-11-14,17.927677154541016
2011-11-15,18.501087188720703
2011-11-16,18.030595779418945
2011-11-17,17.868854522705078
2011-11-18,17.89336585998535
2011-11-21,17.9766845703125
2011-11-22,17.496387481689453
2011-11-23,16.57010841369629
2011-11-25,16.43288230895996
2011-11-28,17.75124740600586
2011-11-29,17.47188949584961
2011-11-30,18.638317108154297
2011-12-01,17.957080841064453
2011-12-02,18.123714447021484
2011-12-05,18.349149703979492
2011-12-06,18.398168563842773
2011-12-07,18.133512496948242
2011-12-08,17.368967056274414
2011-12-09,18.089406967163086
2011-12-12,17.466991424560547
2011-12-13,17.65022087097168
2011-12-14,18.30392837524414
2011-12-15,18.328693389892578
2011-12-16,18.328693389892578
2011-12-19,18.185081481933594
2011-12-20,18.937837600708008
2011-12-21,18.36832046508789
2011-12-22,18.72983741760254
2011-12-23,18.719932556152344
2011-12-27,18.918025970458984
2011-12-28,18.264318466186523
2011-12-29,18.457460403442383
2011-12-30,18.10088348388672
2012-01-03,18.43764877319336
2012-01-04,18.095935821533203
2012-01-05,18.33364486694336
2012-01-06,18.209842681884766
2012-01-09,18.244504928588867
2012-01-10,18.556509017944336
2012-01-11,18.22469711303711
2012-01-12,18.710033416748047
2012-01-13,19.05174446105957
2012-01-17,19.69554901123047
2012-01-18,19.85897445678711
2012-01-19,19.641071319580078
2012-01-20,19.78964614868164
2012-01-23,19.319171905517578
2012-01-24,19.933265686035156
2012-01-25,19.9481143951416
2012-01-26,19.824308395385742
2012-01-27,19.9481143951416
2012-01-30,19.809450149536133
2012-01-31,19.759931564331055
2012-02-01,20.136302947998047
2012-02-02,19.849071502685547
2012-02-03,20.05707550048828
2012-02-06,19.918407440185547
2012-02-07,19.809450149536133
2012-02-08,19.799549102783203
2012-02-09,19.715360641479492
2012-02-10,19.57173728942871
2012-02-13,20.240306854248047
2012-02-14,19.680688858032227
2012-02-15,19.556882858276367
2012-02-16,19.834224700927734
2012-02-17,19.650978088378906
2012-02-21,19.512310028076172
2012-02-22,19.185457229614258
2012-02-23,19.50240707397461
2012-02-24,19.452878952026367
2012-02-27,19.413267135620117
2012-02-28,19.527164459228516
2012-02-29,19.185457229614258
2012-03-01,19.012121200561523
2012-03-02,18.204883575439453
2012-03-05,18.209842681884766
2012-03-06,17.9572696685791
2012-03-07,18.180131912231445
2012-03-08,18.502029418945312
2012-03-09,19.185457229614258
2012-03-12,19.512310028076172
2012-03-13,19.622299194335938
2012-03-14,19.43732261657715
2012-03-15,19.372329711914062
2012-03-16,19.07237434387207
2012-03-19,19.282344818115234
2012-03-20,18.83240509033203
2012-03-21,18.847402572631836
2012-03-22,18.472454071044922
2012-03-23,18.872394561767578
2012-03-26,19.322338104248047
2012-03-27,19.34733772277832
2012-03-28,19.157360076904297
2012-03-29,19.312339782714844
2012-03-30,19.362340927124023
2012-04-02,19.482315063476562
2012-04-03,19.292341232299805
2012-04-04,19.112369537353516
2012-04-05,19.207347869873047
2012-04-09,18.597440719604492
2012-04-10,18.017515182495117
2012-04-11,18.292478561401367
2012-04-12,18.437461853027344
2012-04-13,18.007516860961914
2012-04-16,18.627429962158203
2012-04-17,18.97238540649414
2012-04-18,19.36733627319336
2012-04-19,18.712421417236328
2012-04-20,19.297344207763672
2012-04-23,18.397462844848633
2012-04-24,18.29747200012207
2012-04-25,18.612438201904297
2012-04-26,18.442459106445312
2012-04-27,18.442459106445312
2012-04-30,18.387468338012695
2012-05-01,18.172496795654297
2012-05-02,18.327478408813477
2012-05-03,18.20749282836914
2012-05-04,18.22748374938965
2012-05-07,18.367477416992188
2012-05-08,18.497453689575195
2012-05-09,18.277488708496094
2012-05-10,18.412471771240234
2012-05-11,18.402469635009766
2012-05-14,18.21249008178711
2012-05-15,18.342472076416016
2012-05-16,18.497453689575195
2012-05-17,18.252487182617188
2012-05-18,18.08251190185547
2012-05-21,18.08251190185547
2012-05-22,18.007516860961914
2012-05-23,17.99251937866211
2012-05-24,18.097511291503906
2012-05-25,17.982524871826172
2012-05-29,18.08751106262207
2012-05-30,17.7475528717041
2012-05-31,17.79754638671875
2012-06-01,17.07264518737793
2012-06-04,17.212629318237305
2012-06-05,17.32261848449707
2012-06-06,17.54258918762207
2012-06-07,17.54258918762207
2012-06-08,17.497589111328125
2012-06-11,17.27762222290039
2012-06-12,17.56257438659668
2012-06-13,17.45648193359375
2012-06-14,18.305299758911133
2012-06-15,18.608455657958984
2012-06-18,18.502355575561523
2012-06-19,18.613506317138672
2012-06-20,18.67919158935547
2012-06-21,18.18910026550293
2012-06-22,18.47709083557129
2012-06-25,18.416461944580078
2012-06-26,18.800451278686523
2012-06-27,18.891399383544922
2012-06-28,18.65392303466797
2012-06-29,18.825708389282227
2012-07-02,19.11876106262207
2012-07-03,19.29054832458496
2012-07-05,19.2501220703125
2012-07-06,18.770132064819336
2012-07-09,18.760032653808594
2012-07-10,18.522558212280273
2012-07-11,18.65898895263672
2012-07-12,18.568031311035156
2012-07-13,18.830764770507812
2012-07-16,18.85097312927246
2012-07-17,18.84592056274414
2012-07-18,18.896451950073242
2012-07-19,18.638771057128906
2012-07-20,18.517505645751953
2012-07-23,18.042570114135742
2012-07-24,18.15373420715332
2012-07-25,18.47709083557129
2012-07-26,18.568031311035156
2012-07-27,19.06318473815918
2012-07-30,18.69939422607422
2012-07-31,18.820661544799805
2012-08-01,18.69434928894043
2012-08-02,18.69434928894043
2012-08-03,19.34107208251953
2012-08-06,19.371383666992188
2012-08-07,19.31075668334961
2012-08-08,19.199600219726562
2012-08-09,19.088438034057617
2012-08-10,18.941919326782227
2012-08-13,18.78529167175293
2012-08-14,18.502355575561523
2012-08-15,18.537715911865234
2012-08-16,18.71455192565918
2012-08-17,18.810550689697266
2012-08-20,18.547821044921875
2012-08-21,18.46698760986328
2012-08-22,18.795394897460938
2012-08-23,18.760032653808594
2012-08-24,18.820661544799805
2012-08-27,18.88129234313965
2012-08-28,18.84592056274414
2012-08-29,18.99750328063965
2012-08-30,18.613506317138672
2012-08-31,18.568031311035156
2012-09-04,18.8610782623291
2012-09-05,18.72466278076172
2012-09-06,18.977293014526367
2012-09-07,18.972244262695312
2012-09-10,18.936870574951172
2012-09-11,18.906553268432617
2012-09-12,19.085159301757812
2012-09-13,19.207632064819336
2012-09-14,19.26375961303711
2012-09-17,19.48319435119629
2012-09-18,19.416847229003906
2012-09-19,19.47808265686035
2012-09-20,19.462778091430664
2012-09-21,19.758756637573242
2012-09-24,20.02920913696289
2012-09-25,20.049623489379883
2012-09-26,19.881223678588867
2012-09-27,19.973079681396484
2012-09-28,19.906736373901367
2012-10-01,19.891427993774414
2012-10-02,19.876121520996094
2012-10-03,20.024106979370117
2012-10-04,20.115962982177734
2012-10-05,19.932252883911133
2012-10-08,19.799577713012695
2012-10-09,19.82508659362793
2012-10-10,20.075136184692383
2012-10-11,20.386425018310547
2012-10-12,20.131267547607422
2012-10-15,20.182300567626953
2012-10-16,20.105745315551758
2012-10-17,19.99858856201172
2012-10-18,19.76896095275879
2012-10-19,19.682209014892578
2012-10-22,19.799577713012695
2012-10-23,19.850603103637695
2012-10-24,19.6975154876709
2012-10-25,19.804683685302734
2012-10-26,19.763856887817383
2012-10-31,19.809785842895508
2012-11-01,19.96286964416504
2012-11-02,19.763856887817383
2012-11-05,19.860815048217773
2012-11-06,19.993492126464844
2012-11-07,19.79446792602539
2012-11-08,19.7485408782959
2012-11-09,19.6975154876709
2012-11-12,19.677106857299805
2012-11-13,19.7485408782959
2012-11-14,19.575042724609375
2012-11-15,19.64138412475586
2012-11-16,19.55463409423828
2012-11-19,19.774057388305664
2012-11-20,19.72303009033203
2012-11-21,19.937355041503906
2012-11-23,20.02920913696289
2012-11-26,19.774057388305664
2012-11-27,19.809785842895508
2012-11-28,20.013900756835938
2012-11-29,20.127315521240234
2012-11-30,20.611940383911133
2012-12-03,20.11185646057129
2012-12-04,20.11701011657715
2012-12-05,20.3902587890625
2012-12-06,20.493366241455078
2012-12-07,20.591320037841797
2012-12-10,20.62225914001465
2012-12-11,20.63772201538086
2012-12-12,20.601633071899414
2012-12-13,20.292299270629883
2012-12-14,20.245901107788086
2012-12-17,20.56554412841797
2012-12-18,20.838796615600586
2012-12-19,20.7872371673584
2012-12-20,21.096569061279297
2012-12-21,20.632564544677734
2012-12-24,20.60679054260254
2012-12-26,20.333547592163086
2012-12-27,20.395402908325195
2012-12-28,20.72021484375
2012-12-31,21.08625602722168
2013-01-02,21.56056785583496
2013-01-03,21.570880889892578
2013-01-04,21.56572723388672
2013-01-07,21.400747299194336
2013-01-08,21.23577117919922
2013-01-09,21.380128860473633
2013-01-10,20.947059631347656
2013-01-11,21.137813568115234
2013-01-14,21.462614059448242
2013-01-15,21.395593643188477
2013-01-16,21.060482025146484
2013-01-17,20.880037307739258
2013-01-18,20.807861328125
2013-01-22,20.838796615600586
2013-01-23,20.807861328125
2013-01-24,20.854257583618164
2013-01-25,20.60679054260254
2013-01-28,20.730525970458984
2013-01-29,20.813011169433594
2013-01-30,21.586347579956055
2013-01-31,21.67399787902832
2013-02-01,21.65337562561035
2013-02-04,21.73070526123047
2013-02-05,22.086441040039062
2013-02-06,21.643056869506836
2013-02-07,21.0501766204834
2013-02-08,21.900836944580078
2013-02-11,21.833812713623047
2013-02-12,22.674177169799805
2013-02-13,22.426706314086914
2013-02-14,22.411235809326172
2013-02-15,22.442174911499023
2013-02-19,22.627775192260742
2013-02-20,22.519502639770508
2013-02-21,22.576223373413086
2013-02-22,22.596834182739258
2013-02-25,22.416397094726562
2013-02-26,22.112215042114258
2013-02-27,22.13283920288086
2013-02-28,21.318254470825195
2013-03-01,21.632747650146484
2013-03-04,21.838970184326172
2013-03-05,22.086441040039062
2013-03-06,21.81835174560547
2013-03-07,22.05550765991211
2013-03-08,21.936920166015625
2013-03-11,21.97816276550293
2013-03-12,21.68946647644043
2013-03-13,22.183937072753906
2013-03-14,22.345294952392578
2013-03-15,22.89183235168457
2013-03-18,22.99072265625
2013-03-19,23.120847702026367
2013-03-20,23.188518524169922
2013-03-21,22.902233123779297
2013-03-22,23.235363006591797
2013-03-25,23.39150619506836
2013-03-26,23.53204345703125
2013-03-27,23.292613983154297
2013-03-28,23.126060485839844
2013-04-01,22.381731033325195
2013-04-02,22.49624252319336
2013-04-03,21.991350173950195
2013-04-04,22.064220428466797
2013-04-05,21.949708938598633
2013-04-08,21.991350173950195
2013-04-09,22.017377853393555
2013-04-10,22.402551651000977
2013-04-11,22.30886459350586
2013-04-12,22.157922744750977
2013-04-15,21.8924560546875
2013-04-16,22.0954532623291
2013-04-17,21.8351993560791
2013-04-18,21.809173583984375
2013-04-19,21.528099060058594
2013-04-22,21.16374969482422
2013-04-23,21.48646354675293
2013-04-24,21.528099060058594
2013-04-25,21.850812911987305
2013-04-26,22.012174606323242
2013-04-29,22.5430850982666
2013-04-30,22.746084213256836
2013-05-01,21.87163734436035
2013-05-02,21.42400360107422
2013-05-03,21.88725471496582
2013-05-06,22.480632781982422
2013-05-07,22.68362808227539
2013-05-08,22.897035598754883
2013-05-09,22.740875244140625
2013-05-10,22.79293441772461
2013-05-13,22.850187301635742
2013-05-14,22.897035598754883
2013-05-15,23.037569046020508
2013-05-16,23.27700424194336
2013-05-17,23.131256103515625
2013-05-20,23.120847702026367
2013-05-21,22.902233123779297
2013-05-22,22.16832733154297
2013-05-23,22.17873191833496
2013-05-24,22.293243408203125
2013-05-28,23.41753578186035
2013-05-29,23.02195167541504
2013-05-30,22.928258895874023
2013-05-31,22.24640464782715
2013-06-03,23.032363891601562
2013-06-04,23.240568161010742
2013-06-05,23.271793365478516
2013-06-06,23.105236053466797
2013-06-07,23.43315315246582
2013-06-10,23.427949905395508
2013-06-11,23.204126358032227
2013-06-12,23.088571548461914
2013-06-13,23.324932098388672
2013-06-14,23.214637756347656
2013-06-17,23.613794326782227
2013-06-18,23.598045349121094
2013-06-19,23.48775291442871
2013-06-20,23.104341506958008
2013-06-21,22.931018829345703
2013-06-24,22.379531860351562
2013-06-25,22.153696060180664
2013-06-26,21.996137619018555
2013-06-27,22.143190383911133
2013-06-28,22.542356491088867
2013-07-01,22.904756546020508
2013-07-02,22.9677791595459
2013-07-03,22.878490447998047
2013-07-05,23.1463623046875
2013-07-08,23.214637756347656
2013-07-09,23.86589813232422
2013-07-10,24.25981903076172
2013-07-11,25.07917022705078
2013-07-12,24.73250961303711
2013-07-15,24.8165340423584
2013-07-16,24.806032180786133
2013-07-17,24.942596435546875
2013-07-18,25.089662551879883
2013-07-19,25.14743423461914
2013-07-22,26.1821231842041
2013-07-23,26.124347686767578
2013-07-24,26.1978759765625
2013-07-25,26.52351188659668
2013-07-26,26.707338333129883
2013-07-29,26.54976463317871
2013-07-30,26.759859085083008
2013-07-31,26.124347686767578
2013-08-01,26.2031307220459
2013-08-02,26.31342124938965
2013-08-05,26.329172134399414
2013-08-06,26.250394821166992
2013-08-07,26.145353317260742
2013-08-08,26.245147705078125
2013-08-09,26.271413803100586
2013-08-12,26.192611694335938
2013-08-13,26.129587173461914
2013-08-14,26.10858154296875
2013-08-15,25.441556930541992
2013-08-16,25.446813583374023
2013-08-19,25.315500259399414
2013-08-20,25.520343780517578
2013-08-21,25.39429473876953
2013-08-22,25.74618148803711
2013-08-23,25.977283477783203
2013-08-26,25.635889053344727
2013-08-27,25.268239974975586
2013-08-28,24.7902889251709
2013-08-29,25.105419158935547
2013-08-30,24.953105926513672
2013-09-03,25.52559471130371
2013-09-04,25.693660736083984
2013-09-05,25.70416259765625
2013-09-06,25.74093246459961
2013-09-09,25.814464569091797
2013-09-10,25.945764541625977
2013-09-11,26.051668167114258
2013-09-12,25.92458152770996
2013-09-13,25.977535247802734
2013-09-16,26.12580680847168
2013-09-17,26.162866592407227
2013-09-18,26.34288215637207
2013-09-19,26.2581729888916
2013-09-20,26.252878189086914
2013-09-23,26.374666213989258
2013-09-24,26.374666213989258
2013-09-25,26.11521339416504
2013-09-26,26.12580680847168
2013-09-27,25.336833953857422
2013-09-30,25.44273567199707
2013-10-01,25.892810821533203
2013-10-02,25.78691291809082
2013-10-03,25.437440872192383
2013-10-04,25.42685890197754
2013-10-07,25.55392074584961
2013-10-08,25.74456024169922
2013-10-09,25.892810821533203
2013-10-10,26.2581729888916
2013-10-11,26.374666213989258
2013-10-14,26.62883186340332
2013-10-15,26.374666213989258
2013-10-16,27.004772186279297
2013-10-17,27.200698852539062
2013-10-18,27.93141746520996
2013-10-21,28.037322998046875
2013-10-22,27.79374885559082
2013-10-23,28.3814754486084
2013-10-24,28.4344425201416
2013-10-25,28.561527252197266
2013-10-28,28.32854461669922
2013-10-29,28.423856735229492
2013-10-30,28.38679313659668
2013-10-31,28.2385196685791
2013-11-01,28.370899200439453
2013-11-04,28.678022384643555
2013-11-05,28.990421295166016
2013-11-06,29.122783660888672
2013-11-07,28.646240234375
2013-11-08,29.2498779296875
2013-11-11,29.101613998413086
2013-11-12,29.112207412719727
2013-11-13,29.51463508605957
2013-11-14,29.4881534576416
2013-11-15,29.51463508605957
2013-11-18,29.869401931762695
2013-11-19,29.69996452331543
2013-11-20,29.308134078979492
2013-11-21,29.74761390686035
2013-11-22,30.086488723754883
2013-11-25,30.049440383911133
2013-11-26,30.118268966674805
2013-11-27,30.18181037902832
2013-11-29,30.330076217651367
2013-12-02,29.72115707397461
2013-12-03,29.779380798339844
2013-12-04,29.71055793762207
2013-12-05,29.72115707397461
2013-12-06,29.99119758605957
2013-12-09,29.758203506469727
2013-12-10,29.864107131958008
2013-12-11,29.634632110595703
2013-12-12,29.77872085571289
2013-12-13,29.650634765625
2013-12-16,29.720016479492188
2013-12-17,29.688005447387695
2013-12-18,29.885452270507812
2013-12-19,29.725357055664062
2013-12-20,29.458513259887695
2013-12-23,31.107559204101562
2013-12-24,31.01148223876953
2013-12-26,32.23894119262695
2013-12-27,32.61250686645508
2013-12-30,32.72456359863281
2013-12-31,33.03943634033203
2014-01-02,32.44172668457031
2014-01-03,32.40971374511719
2014-01-06,32.36701965332031
2014-01-07,32.43104934692383
2014-01-08,31.74262237548828
2014-01-09,31.45978546142578
2014-01-10,31.833351135253906
2014-01-13,31.331695556640625
2014-01-14,31.806671142578125
2014-01-15,32.04146194458008
2014-01-16,32.126861572265625
2014-01-17,31.89204978942871
2014-01-21,32.180233001708984
2014-01-22,32.38835525512695
2014-01-23,32.23359680175781
2014-01-24,30.766006469726562
2014-01-27,30.8460693359375
2014-01-28,31.187593460083008
2014-01-29,30.280376434326172
2014-01-30,30.669960021972656
2014-01-31,30.509843826293945
2014-02-03,28.994220733642578
2014-02-04,29.543907165527344
2014-02-05,28.615320205688477
2014-02-06,28.63666343688965
2014-02-07,29.341114044189453
2014-02-10,29.43717384338379
2014-02-11,29.97084617614746
2014-02-12,29.805408477783203
2014-02-13,30.168292999267578
2014-02-14,30.18430519104004
2014-02-18,31.321020126342773
2014-02-19,30.659278869628906
2014-02-20,31.470449447631836
2014-02-21,31.422420501708984
2014-02-24,31.21428871154785
2014-02-25,30.45114517211914
2014-02-26,30.675291061401367
2014-02-27,30.509843826293945
2014-02-28,30.371095657348633
2014-03-03,30.018878936767578
2014-03-04,30.979467391967773
2014-03-05,30.851396560668945
2014-03-06,30.984806060791016
2014-03-07,31.06487274169922
2014-03-10,31.272991180419922
2014-03-11,31.433086395263672
2014-03-12,31.642793655395508
2014-03-13,31.750322341918945
2014-03-14,31.62127685546875
2014-03-17,31.863239288330078
2014-03-18,32.1213264465332
2014-03-19,31.680435180664062
2014-03-20,32.3525390625
2014-03-21,33.1590690612793
2014-03-24,33.331119537353516
2014-03-25,33.77201843261719
2014-03-26,33.825801849365234
2014-03-27,33.36875915527344
2014-03-28,33.27736282348633
2014-03-31,33.70751190185547
2014-04-01,33.992469787597656
2014-04-02,34.089263916015625
2014-04-03,33.745140075683594
2014-04-04,32.69666290283203
2014-04-07,32.14820861816406
2014-04-08,33.03002166748047
2014-04-09,33.1644401550293
2014-04-10,31.578271865844727
2014-04-11,31.31480598449707
2014-04-14,31.535263061523438
2014-04-15,31.809476852416992
2014-04-16,31.50836753845215
2014-04-17,31.626665115356445
2014-04-21,32.31489944458008
2014-04-22,33.836544036865234
2014-04-23,33.20207977294922
2014-04-24,32.589115142822266
2014-04-25,31.298667907714844
2014-04-28,31.48687171936035
2014-04-29,31.5460147857666
2014-04-30,31.277164459228516
2014-05-01,30.836267471313477
2014-05-02,30.863149642944336
2014-05-05,30.906171798706055
2014-05-06,29.664108276367188
2014-05-07,29.814655303955078
2014-05-08,29.255460739135742
2014-05-09,29.91681671142578
2014-05-12,31.572887420654297
2014-05-13,30.621183395385742
2014-05-14,30.131900787353516
2014-05-15,30.22868537902832
2014-05-16,30.4168758392334
2014-05-19,30.847026824951172
2014-05-20,29.556570053100586
2014-05-21,29.685625076293945
2014-05-22,30.465261459350586
2014-05-23,31.347068786621094
2014-05-27,32.261138916015625
2014-05-28,31.69657325744629
2014-05-29,32.05142593383789
2014-05-30,31.59440040588379
2014-06-02,30.911544799804688
2014-06-03,30.83087921142578
2014-06-04,30.92228889465332
2014-06-05,31.71268653869629
2014-06-06,31.61591148376465
2014-06-09,31.626665115356445
2014-06-10,31.234148025512695
2014-06-11,30.69778060913086
2014-06-12,30.416046142578125
2014-06-13,30.584007263183594
2014-06-16,31.163715362548828
2014-06-17,31.76509666442871
2014-06-18,32.16603088378906
2014-06-19,33.10332107543945
2014-06-20,33.13041305541992
2014-06-23,33.04915237426758
2014-06-24,32.518184661865234
2014-06-25,32.73488998413086
2014-06-26,32.729496002197266
2014-06-27,32.713226318359375
2014-06-30,32.52901840209961
2014-07-01,33.41756057739258
2014-07-02,33.357967376708984
2014-07-03,33.807647705078125
2014-07-07,33.428401947021484
2014-07-08,32.50736618041992
2014-07-09,32.312313079833984
2014-07-10,31.293745040893555
2014-07-11,31.39126968383789
2014-07-14,31.125795364379883
2014-07-15,30.714040756225586
2014-07-16,30.82781219482422
2014-07-17,29.966365814208984
2014-07-18,31.066192626953125
2014-07-21,30.296850204467773
2014-07-22,29.760486602783203
2014-07-23,29.072406768798828
2014-07-24,29.224109649658203
2014-07-25,28.57396125793457
2014-07-28,28.378921508789062
2014-07-29,28.02134132385254
2014-07-30,28.38433837890625
2014-07-31,29.153684616088867
2014-08-01,29.251209259033203
2014-08-04,29.700889587402344
2014-08-05,30.48107147216797
2014-08-06,30.638187408447266
2014-08-07,30.724868774414062
2014-08-08,30.838640213012695
2014-08-11,31.521310806274414
2014-08-12,31.42377281188965
2014-08-13,31.678424835205078
2014-08-14,31.84638023376465
2014-08-15,32.1768684387207
2014-08-18,32.740318298339844
2014-08-19,32.751155853271484
2014-08-20,32.01432418823242
2014-08-21,32.117271423339844
2014-08-22,31.905969619750977
2014-08-25,32.323143005371094
2014-08-26,32.4206657409668
2014-08-27,32.203941345214844
2014-08-28,31.954727172851562
2014-08-29,32.2906379699707
2014-09-02,32.43150329589844
2014-09-03,32.13894271850586
2014-09-04,32.1497688293457
2014-09-05,32.12269592285156
2014-09-08,32.33940124511719
2014-09-09,32.03059005737305
2014-09-10,31.857208251953125
2014-09-11,32.16290283203125
2014-09-12,31.94454002380371
2014-09-15,32.03733825683594
2014-09-16,32.03188705444336
2014-09-17,32.21748352050781
2014-09-18,32.25569534301758
2014-09-19,31.464174270629883
2014-09-22,31.032939910888672
2014-09-23,31.311328887939453
2014-09-24,31.91725730895996
2014-09-25,30.983808517456055
2014-09-26,31.289501190185547
2014-09-29,31.38230323791504
2014-09-30,30.94561004638672
2014-10-01,30.42701530456543
2014-10-02,30.929224014282227
2014-10-03,31.327709197998047
2014-10-06,31.202163696289062
2014-10-07,30.607147216796875
2014-10-08,31.305877685546875
2014-10-09,30.574405670166016
2014-10-10,30.476146697998047
2014-10-13,31.251296997070312
2014-10-14,31.63886070251465
2014-10-15,31.900875091552734
2014-10-16,32.26115417480469
2014-10-17,31.829917907714844
2014-10-20,31.88996124267578
2014-10-21,32.304832458496094
2014-10-22,31.873584747314453
2014-10-23,32.09193420410156
2014-10-24,33.243743896484375
2014-10-27,33.079959869384766
2014-10-28,34.93048095703125
2014-10-29,35.492733001708984
2014-10-30,36.246028900146484
2014-10-31,36.84649658203125
2014-11-03,37.0320930480957
2014-11-04,36.48076248168945
2014-11-05,35.721988677978516
2014-11-06,36.42617416381836
2014-11-07,35.563690185546875
2014-11-10,35.230716705322266
2014-11-11,35.13245391845703
2014-11-12,35.00143814086914
2014-11-13,34.79947280883789
2014-11-14,34.461021423339844
2014-11-17,34.0516242980957
2014-11-18,35.13790512084961
2014-11-19,34.04070281982422
2014-11-20,34.062538146972656
2014-11-21,32.839778900146484
2014-11-24,33.1236457824707
2014-11-25,32.96533203125
2014-11-26,33.02537155151367
2014-11-28,32.528629302978516
2014-12-01,32.29936981201172
2014-12-02,32.29936981201172
2014-12-03,32.34303283691406
2014-12-04,33.08542251586914
2014-12-05,32.959869384765625
2014-12-08,32.506805419921875
2014-12-09,33.28739929199219
2014-12-10,32.45222091674805
2014-12-11,32.666908264160156
2014-12-12,32.479740142822266
2014-12-15,31.092472076416016
2014-12-16,31.373226165771484
2014-12-17,32.171451568603516
2014-12-18,32.63938903808594
2014-12-19,32.93115234375
2014-12-22,32.77151107788086
2014-12-23,33.64680862426758
2014-12-24,33.32201385498047
2014-12-26,33.9550895690918
2014-12-29,34.64872741699219
2014-12-30,34.4065055847168
2014-12-31,34.03215408325195
2015-01-02,33.39907455444336
2015-01-05,32.67241668701172
2015-01-06,32.331092834472656
2015-01-07,32.88710403442383
2015-01-08,33.382564544677734
2015-01-09,33.272457122802734
2015-01-12,33.272457122802734
2015-01-13,33.74589538574219
2015-01-14,32.95868682861328
2015-01-15,33.12382888793945
2015-01-16,33.85600662231445
2015-01-20,32.47422790527344
2015-01-21,32.699947357177734
2015-01-22,33.41008758544922
2015-01-23,32.61186218261719
2015-01-26,32.854087829589844
2015-01-27,32.760494232177734
2015-01-28,32.29807662963867
2015-01-29,32.99720764160156
2015-01-30,32.47422790527344
2015-02-02,33.03574752807617
2015-02-03,33.1018180847168
2015-02-04,33.145843505859375
2015-02-05,34.467063903808594
2015-02-06,35.00655746459961
2015-02-09,33.8945426940918
2015-02-10,33.87251663208008
2015-02-11,33.40459442138672
2015-02-12,33.911048889160156
2015-02-13,33.70185852050781
2015-02-17,33.883522033691406
2015-02-18,34.120235443115234
2015-02-19,33.97711181640625
2015-02-20,34.74781036376953
2015-02-23,34.03215408325195
2015-02-24,33.960594177246094
2015-02-25,33.795440673828125
2015-02-26,34.18629837036133
2015-02-27,34.39549255371094
2015-03-02,34.78635787963867
2015-03-03,34.44503402709961
2015-03-04,34.26336669921875
2015-03-05,33.91655731201172
2015-03-06,33.20640182495117
2015-03-09,33.46512985229492
2015-03-10,33.37705993652344
2015-03-11,33.399261474609375
2015-03-12,34.09312057495117
2015-03-13,33.77671813964844
2015-03-16,33.482521057128906
2015-03-17,33.238285064697266
2015-03-18,32.96074676513672
2015-03-19,33.20498275756836
2015-03-20,33.09395980834961
2015-03-23,34.409507751464844
2015-03-24,33.90993881225586
2015-03-25,33.26603317260742
2015-03-26,33.19388198852539
2015-03-27,33.14947509765625
2015-03-30,34.06535720825195
2015-03-31,33.4714241027832
2015-04-01,33.58243179321289
2015-04-02,33.24383544921875
2015-04-06,33.14947509765625
2015-04-07,33.17722702026367
2015-04-08,32.971839904785156
2015-04-09,33.08842086791992
2015-04-10,32.76646423339844
2015-04-13,33.33820343017578
2015-04-14,33.604637145996094
2015-04-15,33.51582336425781
2015-04-16,34.198577880859375
2015-04-17,33.42146682739258
2015-04-20,33.66014862060547
2015-04-21,34.09867477416992
2015-04-22,34.61488723754883
2015-04-23,34.64264678955078
2015-04-24,34.61488723754883
2015-04-27,33.959896087646484
2015-04-28,35.01455307006836
2015-04-29,35.5640869140625
2015-04-30,32.5222282409668
2015-05-01,32.799766540527344
2015-05-04,32.6276969909668
2015-05-05,32.81087875366211
2015-05-06,32.189186096191406
2015-05-07,32.3446044921875
2015-05-08,32.93299102783203
2015-05-11,32.72761917114258
2015-05-12,31.989351272583008
2015-05-13,32.35015869140625
2015-05-14,32.6832160949707
2015-05-15,32.205833435058594
2015-05-18,33.182769775390625
2015-05-19,32.36125946044922
2015-05-20,32.74981689453125
2015-05-21,31.87278175354004
2015-05-22,32.06706237792969
2015-05-26,31.278846740722656
2015-05-27,31.7562313079834
2015-05-28,31.795076370239258
2015-05-29,31.500879287719727
2015-06-01,31.029067993164062
2015-06-02,31.900543212890625
2015-06-03,31.822824478149414
2015-06-04,31.33990478515625
2015-06-05,31.445371627807617
2015-06-08,31.206697463989258
2015-06-09,31.761777877807617
2015-06-10,32.36095428466797
2015-06-11,32.35535430908203
2015-06-12,32.22654724121094
2015-06-15,32.14255905151367
2015-06-16,32.87051773071289
2015-06-17,32.9265251159668
2015-06-18,33.52009201049805
2015-06-19,33.872886657714844
2015-06-22,34.102474212646484
2015-06-23,33.73288345336914
2015-06-24,33.21770477294922
2015-06-25,33.245704650878906
2015-06-26,34.220062255859375
2015-06-29,33.04412078857422
2015-06-30,33.35770034790039
2015-07-01,33.598487854003906
2015-07-02,33.48649215698242
2015-07-06,33.18410873413086
2015-07-07,33.64329528808594
2015-07-08,33.38569641113281
2015-07-09,33.0553092956543
2015-07-10,33.79448699951172
2015-07-13,34.36005401611328
2015-07-14,34.701637268066406
2015-07-15,34.88642501831055
2015-07-16,34.68482971191406
2015-07-17,34.242454528808594
2015-07-20,33.78888702392578
2015-07-21,34.102474212646484
2015-07-22,34.01846694946289
2015-07-23,33.60408401489258
2015-07-24,32.495338439941406
2015-07-27,32.28814697265625
2015-07-28,33.03291320800781
2015-07-29,32.18175506591797
2015-07-30,33.038516998291016
2015-07-31,33.64329528808594
2015-08-03,33.038516998291016
2015-08-04,33.15610122680664
2015-08-05,33.26249313354492
2015-08-06,33.32970428466797
2015-08-07,33.346500396728516
2015-08-10,33.4136962890625
2015-08-11,33.18410873413086
2015-08-12,33.178504943847656
2015-08-13,33.038516998291016
2015-08-14,33.18410873413086
2015-08-17,33.40809631347656
2015-08-18,33.04412078857422
2015-08-19,32.4449348449707
2015-08-20,31.62177848815918
2015-08-21,29.09629249572754
2015-08-24,28.793912887573242
2015-08-25,29.353878021240234
2015-08-26,31.509782791137695
2015-08-27,31.6049747467041
2015-08-28,31.011415481567383
2015-08-31,31.084199905395508
2015-09-01,29.941848754882812
2015-09-02,30.42343521118164
2015-09-03,30.126638412475586
2015-09-04,28.84990882873535
2015-09-08,28.922693252563477
2015-09-09,28.481643676757812
2015-09-10,29.60689353942871
2015-09-11,30.285425186157227
2015-09-14,30.177995681762695
2015-09-15,30.941349029541016
2015-09-16,30.924386978149414
2015-09-17,31.69339370727539
2015-09-18,31.896968841552734
2015-09-21,31.5294189453125
2015-09-22,31.19015121459961
2015-09-23,31.11663246154785
2015-09-24,30.31936264038086
2015-09-25,30.17234230041504
2015-09-28,29.425947189331055
2015-09-29,30.076208114624023
2015-09-30,30.73213768005371
2015-10-01,31.139249801635742
2015-10-02,30.901771545410156
2015-10-05,32.03266525268555
2015-10-06,31.523771286010742
2015-10-07,31.789533615112305
2015-10-08,31.489843368530273
2015-10-09,32.219261169433594
2015-10-12,32.456756591796875
2015-10-13,31.885650634765625
2015-10-14,31.495487213134766
2015-10-15,32.677284240722656
2015-10-16,32.55853271484375
2015-10-19,33.93257522583008
2015-10-20,33.55937576293945
2015-10-21,32.914772033691406
2015-10-22,34.062625885009766
2015-10-23,34.548919677734375
2015-10-26,33.412353515625
2015-10-27,32.575496673583984
2015-10-28,33.785560607910156
2015-10-29,33.49152755737305
2015-10-30,32.852569580078125
2015-11-02,33.1805305480957
2015-11-03,33.548065185546875
2015-11-04,33.10136413574219
2015-11-05,32.74513244628906
2015-11-06,33.508480072021484
2015-11-09,32.78470230102539
2015-11-10,32.82994842529297
2015-11-11,32.53592300415039
2015-11-12,32.06094741821289
2015-11-13,31.74993896484375
2015-11-16,32.145748138427734
2015-11-17,31.778217315673828
2015-11-18,32.50198745727539
2015-11-19,31.557693481445312
2015-11-20,31.925228118896484
2015-11-23,31.670778274536133
2015-11-24,31.8800048828125
2015-11-25,32.6546630859375
2015-11-27,32.99393844604492
2015-11-30,32.99393844604492
2015-12-01,32.08920669555664
2015-12-02,32.1287956237793
2015-12-03,31.399356842041016
2015-12-04,31.62554359436035
2015-12-07,31.58597183227539
2015-12-08,31.5294189453125
2015-12-09,30.980924606323242
2015-12-10,30.602079391479492
2015-12-11,29.57915496826172
2015-12-14,29.647735595703125
2015-12-15,29.779170989990234
2015-12-16,30.687801361083984
2015-12-17,30.419218063354492
2015-12-18,29.630586624145508
2015-12-21,29.984893798828125
2015-12-22,30.207773208618164
2015-12-23,30.32777214050293
2015-12-24,31.21355438232422
2015-12-28,30.493505477905273
2015-12-29,30.40778350830078
2015-12-30,30.29920768737793
2015-12-31,29.76773452758789
2016-01-04,28.79051971435547
2016-01-05,28.78481101989746
2016-01-06,29.087696075439453
2016-01-07,28.2990665435791
2016-01-08,27.939044952392578
2016-01-11,27.78474235534668
2016-01-12,27.23613929748535
2016-01-13,25.464590072631836
2016-01-14,25.75032615661621
2016-01-15,25.870338439941406
2016-01-19,25.836057662963867
2016-01-20,25.887483596801758
2016-01-21,25.96747398376465
2016-01-22,26.17892074584961
2016-01-25,25.293148040771484
2016-01-26,26.39036750793457
2016-01-27,25.818910598754883
2016-01-28,25.836057662963867
2016-01-29,27.087553024291992
2016-02-01,26.8475399017334
2016-02-02,26.121774673461914
2016-02-03,25.956050872802734
2016-02-04,25.436006546020508
2016-02-05,24.115921020507812
2016-02-08,25.390296936035156
2016-02-09,25.378870010375977
2016-02-10,25.09885025024414
2016-02-11,25.43030548095703
2016-02-12,26.367507934570312
2016-02-16,27.121845245361328
2016-02-17,27.630449295043945
2016-02-18,27.647602081298828
2016-02-19,28.310501098632812
2016-02-22,27.830463409423828
2016-02-23,27.1561336517334
2016-02-24,27.710458755493164
2016-02-25,28.270488739013672
2016-02-26,28.293350219726562
2016-02-29,28.33907127380371
2016-03-01,28.956254959106445
2016-03-02,30.21920394897461
2016-03-03,30.882110595703125
2016-03-04,31.28213119506836
2016-03-07,32.390777587890625
2016-03-08,32.08789825439453
2016-03-09,32.861515045166016
2016-03-10,32.2841911315918
2016-03-11,33.791015625
2016-03-14,32.780696868896484
2016-03-15,33.115543365478516
2016-03-16,32.728729248046875
2016-03-17,33.600494384765625
2016-03-18,34.079673767089844
2016-03-21,33.90647888183594
2016-03-22,33.81988525390625
2016-03-23,32.74604415893555
2016-03-24,32.740272521972656
2016-03-28,33.17327117919922
2016-03-29,33.981536865234375
2016-03-30,33.935340881347656
2016-03-31,33.860294342041016
2016-04-01,33.67554473876953
2016-04-04,33.791015625
2016-04-05,33.0635871887207
2016-04-06,33.08089828491211
2016-04-07,32.54976272583008
2016-04-08,33.01739501953125
2016-04-11,32.994300842285156
2016-04-12,33.323387145996094
2016-04-13,34.54731750488281
2016-04-14,34.501136779785156
2016-04-15,34.143184661865234
2016-04-18,34.62814712524414
2016-04-19,34.84752655029297
2016-04-20,35.00917053222656
2016-04-21,34.697425842285156
2016-04-22,34.99184799194336
2016-04-25,34.6108283996582
2016-04-26,35.06113815307617
2016-04-27,34.92835235595703
2016-04-28,33.65245819091797
2016-04-29,33.2252311706543
2016-05-02,34.18360137939453
2016-05-03,33.72173309326172
2016-05-04,33.369571685791016
2016-05-05,33.415748596191406
2016-05-06,33.21368408203125
2016-05-09,33.16750717163086
2016-05-10,33.42729949951172
2016-05-11,33.300289154052734
2016-05-12,32.51512145996094
2016-05-13,32.35346984863281
2016-05-16,33.01739501953125
2016-05-17,32.47471237182617
2016-05-18,32.65367889404297
2016-05-19,32.336151123046875
2016-05-20,32.25532150268555
2016-05-23,32.08789825439453
2016-05-24,32.6767692565918
2016-05-25,33.086673736572266
2016-05-26,32.665225982666016
2016-05-27,32.849971771240234
2016-05-31,33.09245300292969
2016-06-01,32.95389175415039
2016-06-02,33.023162841796875
2016-06-03,32.884613037109375
2016-06-06,33.00007629394531
2016-06-07,33.19058609008789
2016-06-08,33.639591217041016
2016-06-09,33.38301467895508
2016-06-10,33.0973014831543
2016-06-13,32.89904022216797
2016-06-14,32.25178909301758
2016-06-15,32.64829635620117
2016-06-16,32.82323455810547
2016-06-17,32.29261016845703
2016-06-20,32.56083679199219
2016-06-21,32.56666564941406
2016-06-22,32.263450622558594
2016-06-23,32.43837356567383
2016-06-24,30.828990936279297
2016-06-27,29.155479431152344
2016-06-28,29.621971130371094
2016-06-29,30.094280242919922
2016-06-30,30.205081939697266
2016-07-01,30.414989471435547
2016-07-05,30.473299026489258
2016-07-06,30.968950271606445
2016-07-07,31.482080459594727
2016-07-08,32.298431396484375
2016-07-11,32.531673431396484
2016-07-12,33.12062454223633
2016-07-13,33.167266845703125
2016-07-14,32.97484588623047
2016-07-15,32.28095245361328
2016-07-18,32.17597961425781
2016-07-19,31.97189712524414
2016-07-20,32.257625579833984
2016-07-21,32.22846221923828
2016-07-22,32.409236907958984
2016-07-25,32.46753692626953
2016-07-26,32.210968017578125
2016-07-27,32.374237060546875
2016-07-28,32.001060485839844
2016-07-29,31.266334533691406
2016-08-01,30.863988876342773
2016-08-02,30.613252639770508
2016-08-03,30.36251449584961
2016-08-04,30.578271865844727
2016-08-05,30.79400634765625
2016-08-08,30.898977279663086
2016-08-09,30.46164321899414
2016-08-10,29.995147705078125
2016-08-11,30.263399124145508
2016-08-12,30.158422470092773
2016-08-15,29.872699737548828
2016-08-16,30.04762840270996
2016-08-17,29.24294662475586
2016-08-18,29.394556045532227
2016-08-19,29.516996383666992
2016-08-22,29.21378517150879
2016-08-23,29.10883331298828
2016-08-24,29.027193069458008
2016-08-25,28.957218170166016
2016-08-26,29.06801414489746
2016-08-29,28.957218170166016
2016-08-30,29.347896575927734
2016-08-31,29.18462371826172
2016-09-01,29.225452423095703
2016-09-02,29.464519500732422
2016-09-06,29.120487213134766
2016-09-07,29.963964462280273
2016-09-08,29.940364837646484
2016-09-09,29.82829475402832
2016-09-12,30.08193016052246
2016-09-13,29.822402954101562
2016-09-14,29.7457275390625
2016-09-15,30.070127487182617
2016-09-16,30.04064178466797
2016-09-19,29.76341438293457
2016-09-20,29.698528289794922
2016-09-21,30.441734313964844
2016-09-22,31.108257293701172
2016-09-23,30.43584442138672
2016-09-26,30.04653549194336
2016-09-27,30.866413116455078
2016-09-28,31.4444637298584
2016-09-29,30.441734313964844
2016-09-30,31.326499938964844
2016-10-03,30.595088958740234
2016-10-04,30.54790687561035
2016-10-05,30.872314453125
2016-10-06,30.42403793334961
2016-10-07,29.757522583007812
2016-10-10,30.182207107543945
2016-10-11,30.25297737121582
2016-10-12,30.329668045043945
2016-10-13,30.146820068359375
2016-10-14,29.910888671875
2016-10-17,29.486188888549805
2016-10-18,30.146820068359375
2016-10-19,30.076030731201172
2016-10-20,30.05243682861328
2016-10-21,29.645444869995117
2016-10-24,29.822402954101562
2016-10-25,29.722129821777344
2016-10-26,29.645444869995117
2016-10-27,29.816495895385742
2016-10-28,29.92267417907715
2016-10-31,30.406343460083008
2016-11-01,30.08193016052246
2016-11-02,29.680837631225586
2016-11-03,29.769315719604492
2016-11-04,29.863691329956055
2016-11-07,30.3355655670166
2016-11-08,30.636383056640625
2016-11-09,33.0134391784668
2016-11-10,33.40273666381836
2016-11-11,34.452659606933594
2016-11-14,34.771175384521484
2016-11-15,34.95401382446289
2016-11-16,35.04839324951172
2016-11-17,35.53797149658203
2016-11-18,35.96855545043945
2016-11-21,36.28116989135742
2016-11-22,36.54069519042969
2016-11-23,36.02164077758789
2016-11-25,36.15729522705078
2016-11-28,35.626441955566406
2016-11-29,35.40230178833008
2016-11-30,35.02479934692383
2016-12-01,35.52616500854492
2016-12-02,36.02753829956055
2016-12-05,36.416831970214844
2016-12-06,36.741249084472656
2016-12-07,37.0867919921875
2016-12-08,37.891090393066406
2016-12-09,37.71830368041992
2016-12-12,37.2119026184082
2016-12-13,36.800819396972656
2016-12-14,36.87828063964844
2016-12-15,36.9676399230957
2016-12-16,36.85444259643555
2016-12-19,36.657840728759766
2016-12-20,37.05104446411133
2016-12-21,36.342079162597656
2016-12-22,36.181217193603516
2016-12-23,36.16930389404297
2016-12-27,36.371864318847656
2016-12-28,36.03227615356445
2016-12-29,35.74631118774414
2016-12-30,35.74034881591797
2017-01-03,36.342079162597656
2017-01-04,36.342079162597656
2017-01-05,36.40761947631836
2017-01-06,36.038230895996094
2017-01-09,35.5199089050293
2017-01-10,35.5794792175293
2017-01-11,35.72843551635742
2017-01-12,34.89435958862305
2017-01-13,35.20415115356445
2017-01-17,35.11479187011719
2017-01-18,35.442466735839844
2017-01-19,34.44157028198242
2017-01-20,34.64412307739258
2017-01-23,34.16751480102539
2017-01-24,34.90627670288086
2017-01-25,35.305423736572266
2017-01-26,34.87648391723633
2017-01-27,34.21517562866211
2017-01-30,33.57769012451172
2017-01-31,33.3155517578125
2017-02-01,32.666168212890625
2017-02-02,32.29679489135742
2017-02-03,32.76744079589844
2017-02-06,32.695953369140625
2017-02-07,32.76744079589844
2017-02-08,32.41593551635742
2017-02-09,35.32331466674805
2017-02-10,35.615234375
2017-02-13,36.371864318847656
2017-02-14,35.591400146484375
2017-02-15,36.127601623535156
2017-02-16,36.455284118652344
2017-02-17,35.57353210449219
2017-02-21,35.65098190307617
2017-02-22,36.49697494506836
2017-02-23,36.7174186706543
2017-02-24,37.003379821777344
2017-02-27,36.21100616455078
2017-02-28,33.875579833984375
2017-03-01,35.216068267822266
2017-03-02,34.244964599609375
2017-03-03,33.875579833984375
2017-03-06,33.387046813964844
2017-03-07,33.14278030395508
2017-03-08,32.817440032958984
2017-03-09,33.02228546142578
2017-03-10,32.99818420410156
2017-03-13,33.39582443237305
2017-03-14,33.112667083740234
2017-03-15,33.691043853759766
2017-03-16,34.341732025146484
2017-03-17,33.55247497558594
2017-03-20,32.45595169067383
2017-03-21,32.10650634765625
2017-03-22,31.389545440673828
2017-03-23,31.630544662475586
2017-03-24,31.510047912597656
2017-03-27,31.46184730529785
2017-03-28,31.449796676635742
2017-03-29,31.088306427001953
2017-03-30,31.473901748657227
2017-03-31,32.17880630493164
2017-04-03,32.60054397583008
2017-04-04,31.775136947631836
2017-04-05,31.323274612426758
2017-04-06,32.45595169067383
2017-04-07,32.63669967651367
2017-04-10,32.51017761230469
2017-04-11,32.78129959106445
2017-04-12,31.865509033203125
2017-04-13,31.39556884765625
2017-04-17,32.34147644042969
2017-04-18,33.299434661865234
2017-04-19,32.672847747802734
2017-04-20,33.19099044799805
2017-04-21,32.81140899658203
2017-04-24,33.950111389160156
2017-04-25,34.10073471069336
2017-04-26,34.49235916137695
2017-04-27,33.992271423339844
2017-04-28,33.61874771118164
2017-05-01,33.215084075927734
2017-05-02,33.504268646240234
2017-05-03,33.83564376831055
2017-05-04,33.401851654052734
2017-05-05,32.895751953125
2017-05-08,33.46209716796875
2017-05-09,33.05241775512695
2017-05-10,32.642723083496094
2017-05-11,32.36558532714844
2017-05-12,31.829360961914062
2017-05-15,33.016258239746094
2017-05-16,32.78730773925781
2017-05-17,32.23302459716797
2017-05-18,32.27519989013672
2017-05-19,32.07036209106445
2017-05-22,32.437870025634766
2017-05-23,32.79334259033203
2017-05-24,32.8776969909668
2017-05-25,33.612728118896484
2017-05-26,33.45005416870117
2017-05-30,32.62464141845703
2017-05-31,32.88372802734375
2017-06-01,33.359683990478516
2017-06-02,33.25726318359375
2017-06-05,33.178932189941406
2017-06-06,33.118690490722656
2017-06-07,33.03336715698242
2017-06-08,33.72803497314453
2017-06-09,34.63599395751953
2017-06-12,35.403778076171875
2017-06-13,35.50737762451172
2017-06-14,35.15393829345703
2017-06-15,35.57439422607422
2017-06-16,34.72129821777344
2017-06-19,35.18440628051758
2017-06-20,34.79441833496094
2017-06-21,34.70911407470703
2017-06-22,34.89191818237305
2017-06-23,34.770050048828125
2017-06-26,34.63599395751953
2017-06-27,34.94675827026367
2017-06-28,34.83098602294922
2017-06-29,35.11128616333008
2017-06-30,34.544586181640625
2017-07-03,34.63599395751953
2017-07-05,34.581153869628906
2017-07-06,34.52630615234375
2017-07-07,35.00159454345703
2017-07-10,34.61161804199219
2017-07-11,34.85536193847656
2017-07-12,35.07473373413086
2017-07-13,35.26972961425781
2017-07-14,35.57439422607422
2017-07-17,35.93392562866211
2017-07-18,35.56222152709961
2017-07-19,35.42206954956055
2017-07-20,35.62314987182617
2017-07-21,35.37329864501953
2017-07-24,35.592681884765625
2017-07-25,35.76940155029297
2017-07-26,35.70236587524414
2017-07-27,36.122825622558594
2017-07-28,36.54328155517578
2017-07-31,35.9217414855957
2017-08-01,36.65296936035156
2017-08-02,35.726741790771484
2017-08-03,35.46471405029297
2017-08-04,36.63468933105469
2017-08-07,36.17157745361328
2017-08-08,36.135005950927734
2017-08-09,35.98876190185547
2017-08-10,35.95829772949219
2017-08-11,36.23860168457031
2017-08-14,36.25688934326172
2017-08-15,36.10453796386719
2017-08-16,35.93392562866211
2017-08-17,35.726741790771484
2017-08-18,35.53175354003906
2017-08-21,36.208133697509766
2017-08-22,36.4457893371582
2017-08-23,36.18375778198242
2017-08-24,36.61640548706055
2017-08-25,36.5859375
2017-08-28,36.4457893371582
2017-08-29,36.29344940185547
2017-08-30,36.372657775878906
2017-08-31,37.250152587890625
2017-09-01,36.71999740600586
2017-09-05,36.29954147338867
2017-09-06,36.208133697509766
2017-09-07,36.177345275878906
2017-09-08,36.49139404296875
2017-09-11,36.639183044433594
2017-09-12,36.836238861083984
2017-09-13,37.384281158447266
2017-09-14,37.24264907836914
2017-09-15,37.35965347290039
2017-09-18,38.012386322021484
2017-09-19,37.901546478271484
2017-09-20,38.41879653930664
2017-09-21,38.252532958984375
2017-09-22,39.03459167480469
2017-09-25,39.213165283203125
2017-09-26,39.354793548583984
2017-09-27,40.358524322509766
2017-09-28,41.288352966308594
2017-09-29,41.423831939697266
2017-10-02,41.596256256103516
2017-10-03,41.71940612792969
2017-10-04,41.0235710144043
2017-10-05,41.53467559814453
2017-10-06,41.2144660949707
2017-10-09,41.44846725463867
2017-10-10,41.79945373535156
2017-10-11,41.67015075683594
2017-10-12,41.37457275390625
2017-10-13,41.300682067871094
2017-10-16,41.8671989440918
2017-10-17,41.787147521972656
2017-10-18,42.23052215576172
2017-10-19,42.587669372558594
2017-10-20,43.62217712402344
2017-10-23,42.03961181640625
2017-10-24,41.6455078125
2017-10-25,42.41523742675781
2017-10-26,41.04204177856445
2017-10-27,40.949684143066406
2017-10-30,39.656524658203125
2017-10-31,39.96442413330078
2017-11-01,39.50874328613281
2017-11-02,39.54568862915039
2017-11-03,39.70579528808594
2017-11-06,40.62331771850586
2017-11-07,39.502586364746094
2017-11-08,39.21932601928711
2017-11-09,38.775962829589844
2017-11-10,39.422523498535156
2017-11-13,39.354793548583984
2017-11-14,39.6934814453125
2017-11-15,39.56415939331055
2017-11-16,40.173789978027344
2017-11-17,39.909000396728516
2017-11-20,40.4693603515625
2017-11-21,41.5777702331543
2017-11-22,41.38072204589844
2017-11-24,40.69719314575195
2017-11-27,40.45089340209961
2017-11-28,41.399200439453125
2017-11-29,42.082733154296875
2017-11-30,42.08888244628906
2017-12-01,41.8918342590332
2017-12-04,41.54698944091797
2017-12-05,40.91272735595703
2017-12-06,41.33146667480469
2017-12-07,41.710933685302734
2017-12-08,41.057743072509766
2017-12-11,40.99553680419922
2017-12-12,40.77159118652344
2017-12-13,40.79024887084961
2017-12-14,39.987754821777344
2017-12-15,40.864898681640625
2017-12-18,41.44966125488281
2017-12-19,40.84001922607422
2017-12-20,40.5538444519043
2017-12-21,41.2381477355957
2017-12-22,41.095062255859375
2017-12-26,40.989322662353516
2017-12-27,41.11995315551758
2017-12-28,42.08418273925781
2017-12-29,41.188385009765625
2018-01-02,40.82757568359375
2018-01-03,41.636287689208984
2018-01-04,42.140174865722656
2018-01-05,41.7358283996582
2018-01-08,41.710933685302734
2018-01-09,41.878902435302734
2018-01-10,41.536746978759766
2018-01-11,42.20861053466797
2018-01-12,42.183719635009766
2018-01-16,41.79180145263672
2018-01-17,42.79958724975586
2018-01-18,42.961334228515625
2018-01-19,43.3097038269043
2018-01-22,42.84934997558594
2018-01-23,42.594295501708984
2018-01-24,42.28948211669922
2018-01-25,42.28326416015625
2018-01-26,42.32680130004883
2018-01-29,41.542972564697266
2018-01-30,40.908443450927734
2018-01-31,40.72803497314453
2018-02-01,41.16350173950195
2018-02-02,40.535194396972656
2018-02-05,40.36100769042969
2018-02-06,39.68293380737305
2018-02-07,39.52741622924805
2018-02-08,37.6673698425293
2018-02-09,36.36098861694336
2018-02-12,36.39208984375
2018-02-13,35.70158386230469
2018-02-14,35.857093811035156
2018-02-15,36.2241325378418
2018-02-16,35.832210540771484
2018-02-20,35.47761917114258
2018-02-21,35.788665771484375
2018-02-22,34.68758010864258
2018-02-23,34.787105560302734
2018-02-26,34.75600051879883
2018-02-27,34.519615173339844
2018-02-28,33.80421829223633
2018-03-01,33.81665802001953
2018-03-02,34.43251037597656
2018-03-05,34.68135070800781
2018-03-06,34.27699279785156
2018-03-07,34.9550666809082
2018-03-08,35.018043518066406
2018-03-09,34.923583984375
2018-03-12,35.3203010559082
2018-03-13,35.458839416503906
2018-03-14,35.26362228393555
2018-03-15,35.036930084228516
2018-03-16,35.269920349121094
2018-03-19,35.213253021240234
2018-03-20,35.15028762817383
2018-03-21,35.584781646728516
2018-03-22,34.923583984375
2018-03-23,34.3757438659668
2018-03-26,35.15028762817383
2018-03-27,35.269920349121094
2018-03-28,35.15028762817383
2018-03-29,35.572181701660156
2018-04-02,34.665401458740234
2018-04-03,35.389564514160156
2018-04-04,35.7296142578125
2018-04-05,35.7736930847168
2018-04-06,35.09360122680664
2018-04-09,34.96137237548828
2018-04-10,35.641456604003906
2018-04-11,35.553287506103516
2018-04-12,36.05706024169922
2018-04-13,35.572181701660156
2018-04-16,35.98779296875
2018-04-17,36.686767578125
2018-04-18,36.107425689697266
2018-04-19,36.34042739868164
2018-04-20,37.070884704589844
2018-04-23,37.404632568359375
2018-04-24,37.16535186767578
2018-04-25,36.90086364746094
2018-04-26,37.17163848876953
2018-04-27,37.39203643798828
2018-04-30,36.51044464111328
2018-05-01,36.16411209106445
2018-05-02,35.92481994628906
2018-05-03,35.893341064453125
2018-05-04,36.00667953491211
2018-05-07,36.15151596069336
2018-05-08,36.466373443603516
2018-05-09,36.58601379394531
2018-05-10,36.71195602416992
2018-05-11,37.291290283203125
2018-05-14,36.55451965332031
2018-05-15,36.52305221557617
2018-05-16,36.52933883666992
2018-05-17,36.623802185058594
2018-05-18,36.97643280029297
2018-05-21,37.08978271484375
2018-05-22,37.02680969238281
2018-05-23,37.15275573730469
2018-05-24,37.240901947021484
2018-05-25,37.240901947021484
2018-05-29,36.831600189208984
2018-05-30,37.66910934448242
2018-05-31,36.541927337646484
2018-06-01,37.41093826293945
2018-06-04,37.839134216308594
2018-06-05,37.7824592590332
2018-06-06,37.5683708190918
2018-06-07,37.83588409423828
2018-06-08,37.98875045776367
2018-06-11,38.11614990234375
2018-06-12,37.383636474609375
2018-06-13,36.88680648803711
2018-06-14,37.60020065307617
2018-06-15,38.06519317626953
2018-06-18,38.24354553222656
2018-06-19,37.70848846435547
2018-06-20,37.98875045776367
2018-06-21,37.0078239440918
2018-06-22,35.721160888671875
2018-06-25,37.49192810058594
2018-06-26,38.16710662841797
2018-06-27,37.523773193359375
2018-06-28,37.53013229370117
2018-06-29,37.92506408691406
2018-07-02,38.052459716796875
2018-07-03,37.80403137207031
2018-07-05,38.17347717285156
2018-07-06,38.4537353515625
2018-07-09,39.15440368652344
2018-07-10,38.42189407348633
2018-07-11,38.03971481323242
2018-07-12,37.956905364990234
2018-07-13,37.42822265625
2018-07-16,37.415489196777344
2018-07-17,37.218021392822266
2018-07-18,37.4664421081543
2018-07-19,37.34541702270508
2018-07-20,36.65749740600586
2018-07-23,37.16069793701172
2018-07-24,37.93779373168945
2018-07-25,37.638427734375
2018-07-26,37.899574279785156
2018-07-27,37.83588409423828
2018-07-30,36.632015228271484
2018-07-31,37.17980194091797
2018-08-01,37.17980194091797
2018-08-02,37.61931610107422
2018-08-03,37.4600715637207
2018-08-06,37.98238754272461
2018-08-07,38.00786209106445
2018-08-08,38.19257736206055
2018-08-09,38.345455169677734
2018-08-10,38.21169662475586
2018-08-13,38.12251663208008
2018-08-14,38.56202697753906
2018-08-15,37.32630157470703
2018-08-16,37.34541702270508
2018-08-17,37.30083084106445
2018-08-20,37.30083084106445
2018-08-21,37.47281265258789
2018-08-22,37.2880859375
2018-08-23,37.09062957763672
2018-08-24,37.20528793334961
2018-08-27,37.14795684814453
2018-08-28,36.905914306640625
2018-08-29,36.721187591552734
2018-08-30,36.57468032836914
2018-08-31,36.64474868774414
2018-09-04,36.54921340942383
2018-09-05,36.62564468383789
2018-09-06,36.59986114501953
2018-09-07,36.290470123291016
2018-09-10,35.35580062866211
2018-09-11,34.04727554321289
2018-09-12,34.5500602722168
2018-09-13,34.32445526123047
2018-09-14,34.092403411865234
2018-09-17,33.21576690673828
2018-09-18,33.492942810058594
2018-09-19,33.447811126708984
2018-09-20,33.76365661621094
2018-09-21,33.299560546875
2018-09-24,33.37691879272461
2018-09-25,33.512271881103516
2018-09-26,33.37046813964844
2018-09-27,33.293113708496094
2018-09-28,33.35111618041992
2018-10-01,33.01594543457031
2018-10-02,32.854793548583984
2018-10-03,33.06106185913086
2018-10-04,32.80967712402344
2018-10-05,32.506710052490234
2018-10-08,31.56560516357422
2018-10-09,31.32067108154297
2018-10-10,30.514930725097656
2018-10-11,29.315988540649414
2018-10-12,29.019474029541016
2018-10-15,28.7100772857666
2018-10-16,27.99456787109375
2018-10-17,27.743186950683594
2018-10-18,27.878538131713867
2018-10-19,27.588489532470703
2018-10-22,27.962352752685547
2018-10-23,28.677846908569336
2018-10-24,27.459564208984375
2018-10-25,28.007469177246094
2018-10-26,27.69806480407715
2018-10-29,27.743186950683594
2018-10-30,27.930118560791016
2018-10-31,27.29841423034668
2018-11-01,27.50467872619629
2018-11-02,26.956775665283203
2018-11-05,26.943893432617188
2018-11-06,26.808530807495117
2018-11-07,26.96967315673828
2018-11-08,27.279071807861328
2018-11-09,26.492679595947266
2018-11-12,26.47334861755371
2018-11-13,26.047916412353516
2018-11-14,25.757843017578125
2018-11-15,25.951221466064453
2018-11-16,25.7320613861084
2018-11-19,25.08102798461914
2018-11-20,25.068130493164062
2018-11-21,25.255067825317383
2018-11-23,25.809417724609375
2018-11-26,25.14548110961914
2018-11-27,25.203495025634766
2018-11-28,25.699832916259766
2018-11-29,25.14548110961914
2018-11-30,25.280851364135742
2018-12-03,25.558027267456055
2018-12-04,24.50733757019043
2018-12-06,24.343076705932617
2018-12-07,24.704450607299805
2018-12-10,24.237957000732422
2018-12-11,24.39564323425293
2018-12-12,24.86870765686035
2018-12-13,24.888423919677734
2018-12-14,24.218242645263672
2018-12-17,24.205097198486328
2018-12-18,24.244525909423828
2018-12-19,22.726781845092773
2018-12-20,22.404830932617188
2018-12-21,21.780654907226562
2018-12-24,22.010616302490234
2018-12-26,22.529674530029297
2018-12-27,22.674217224121094
2018-12-28,22.884475708007812
2018-12-31,22.33913230895996
2019-01-02,23.364103317260742
2019-01-03,23.29183006286621
2019-01-04,24.099977493286133
2019-01-07,24.3627986907959
2019-01-08,24.822717666625977
2019-01-09,24.28394317626953
2019-01-10,24.336509704589844
2019-01-11,24.46791648864746
2019-01-14,23.988279342651367
2019-01-15,24.454776763916016
2019-01-16,24.934412002563477
2019-01-17,24.84242820739746
2019-01-18,25.085527420043945
2019-01-22,24.61903190612793
2019-01-23,25.12495231628418
2019-01-24,24.829286575317383
2019-01-25,24.691307067871094
2019-01-28,24.5467586517334
2019-01-29,24.17882537841797
2019-01-30,24.17882537841797
2019-01-31,24.060558319091797
2019-02-01,24.106544494628906
2019-02-04,24.389070510864258
2019-02-05,24.323368072509766
2019-02-06,24.185394287109375
2019-02-07,24.80300521850586
2019-02-08,25.873971939086914
2019-02-11,25.282642364501953
2019-02-12,25.4863224029541
2019-02-13,25.55202293395996
2019-02-14,25.322065353393555
2019-02-15,25.545454025268555
2019-02-19,25.427186965942383
2019-02-20,25.604583740234375
2019-02-21,25.571733474731445
2019-02-22,25.663724899291992
2019-02-25,25.197223663330078
2019-02-26,25.09209632873535
2019-02-27,24.954124450683594
2019-02-28,25.394329071044922
2019-03-01,25.545454025268555
2019-03-04,25.900245666503906
2019-03-05,25.97909927368164
2019-03-06,25.506027221679688
2019-03-07,25.25164031982422
2019-03-08,24.74285125732422
2019-03-11,25.278409957885742
2019-03-12,25.064191818237305
2019-03-13,24.809804916381836
2019-03-14,24.43490982055664
2019-03-15,24.809804916381836
2019-03-18,24.997251510620117
2019-03-19,24.42821502685547
2019-03-20,24.568801879882812
2019-03-21,24.61565399169922
2019-03-22,23.66504669189453
2019-03-25,23.77884864807129
2019-03-26,23.825706481933594
2019-03-27,23.685134887695312
2019-03-28,23.765459060668945
2019-03-29,23.611492156982422
2019-04-01,24.053329467773438
2019-04-02,23.81901741027832
2019-04-03,23.765459060668945
2019-04-04,24.32110595703125
2019-04-05,24.69599723815918
2019-04-08,24.662519454956055
2019-04-09,24.2541561126709
2019-04-10,24.307710647583008
2019-04-11,24.314407348632812
2019-04-12,24.803102493286133
2019-04-15,24.970468521118164
2019-04-16,25.003942489624023
2019-04-17,25.157915115356445
2019-04-18,24.548715591430664
2019-04-22,24.38134765625
2019-04-23,24.582197189331055
2019-04-24,24.6759090423584
2019-04-25,22.265892028808594
2019-04-26,21.730335235595703
2019-04-29,21.937862396240234
2019-04-30,20.94707489013672
2019-05-01,20.980548858642578
2019-05-02,20.170513153076172
2019-05-03,21.188079833984375
2019-05-06,21.208166122436523
2019-05-07,20.94707489013672
2019-05-08,20.873437881469727
2019-05-09,20.170513153076172
2019-05-10,20.090187072753906
2019-05-13,19.996461868286133
2019-05-14,20.056713104248047
2019-05-15,20.056713104248047
2019-05-16,20.01654052734375
2019-05-17,19.962987899780273
2019-05-20,19.94290542602539
2019-05-21,20.23076820373535
2019-05-22,20.217378616333008
2019-05-23,20.19059944152832
2019-05-24,20.26424217224121
2019-05-28,20.444992065429688
2019-05-29,20.572185516357422
2019-05-30,20.270936965942383
2019-05-31,19.594791412353516
2019-06-03,19.78223419189453
2019-06-04,19.896045684814453
2019-06-05,19.822402954101562
2019-06-06,19.973352432250977
2019-06-07,20.0831356048584
2019-06-10,19.870433807373047
2019-06-11,19.712621688842773
2019-06-12,19.740070343017578
2019-06-13,19.8841552734375
2019-06-14,19.808677673339844
2019-06-17,19.438169479370117
2019-06-18,19.815540313720703
2019-06-19,20.309558868408203
2019-06-20,20.39875602722168
2019-06-21,20.584012985229492
2019-06-24,20.714374542236328
2019-06-25,21.592626571655273
2019-06-26,22.11408805847168
2019-06-27,22.649272918701172
2019-06-28,24.151906967163086
2019-07-01,23.609865188598633
2019-07-02,23.554969787597656
2019-07-03,23.3491268157959
2019-07-05,23.218761444091797
2019-07-08,23.431468963623047
2019-07-09,23.335411071777344
2019-07-10,23.568693161010742
2019-07-11,23.13643455505371
2019-07-12,22.916866302490234
2019-07-15,22.601242065429688
2019-07-16,22.402267456054688
2019-07-17,22.26503562927246
2019-07-18,22.313060760498047
2019-07-19,22.175838470458984
2019-07-22,22.10036849975586
2019-07-23,22.1278133392334
2019-07-24,22.601242065429688
2019-07-25,21.764162063598633
2019-07-26,21.88080406188965
2019-07-29,21.551462173461914
2019-07-30,21.58576011657715
2019-07-31,21.475984573364258
2019-08-01,21.551462173461914
2019-08-02,21.572046279907227
2019-08-05,20.385028839111328
2019-08-06,20.323286056518555
2019-08-07,20.680072784423828
2019-08-08,21.180946350097656
2019-08-09,20.831022262573242
2019-08-12,20.645767211914062
2019-08-13,20.487951278686523
2019-08-14,19.891010284423828
2019-08-15,19.575393676757812
2019-08-16,20.11743927001953
2019-08-19,20.426198959350586
2019-08-20,20.268386840820312
2019-08-21,20.460508346557617
2019-08-22,20.17232894897461
2019-08-23,18.992185592651367
2019-08-26,19.541086196899414
2019-08-27,19.15685272216797
2019-08-28,19.101961135864258
2019-08-29,19.184295654296875
2019-08-30,18.83437156677246
2019-09-03,18.662837982177734
2019-09-04,19.08823585510254
2019-09-05,19.461551666259766
2019-09-06,19.54607391357422
2019-09-09,19.93347930908203
2019-09-10,20.27157211303711
2019-09-11,21.321073532104492
2019-09-12,21.391502380371094
2019-09-13,21.166112899780273
2019-09-16,21.314023971557617
2019-09-17,20.940715789794922
2019-09-18,20.72235679626465
2019-09-19,20.313831329345703
2019-09-20,20.25043487548828
2019-09-23,20.067304611206055
2019-09-24,19.567209243774414
2019-09-25,20.25043487548828
2019-09-26,19.85599708557129
2019-09-27,19.77147102355957
2019-09-30,19.489727020263672
2019-10-01,19.567209243774414
2019-10-02,19.567209243774414
2019-10-03,19.581296920776367
2019-10-04,19.665817260742188
2019-10-07,19.581296920776367
2019-10-08,19.222068786621094
2019-10-09,19.19389533996582
2019-10-10,19.433374404907227
2019-10-11,19.820775985717773
2019-10-14,19.433374404907227
2019-10-15,19.665817260742188
2019-10-16,19.630598068237305
2019-10-17,19.665817260742188
2019-10-18,19.792604446411133
2019-10-21,20.44062042236328
2019-10-22,20.292699813842773
2019-10-23,20.370182037353516
2019-10-24,19.870079040527344
2019-10-25,20.053220748901367
2019-10-28,20.327919006347656
2019-10-29,20.215221405029297
2019-10-30,20.27157211303711
2019-10-31,21.292896270751953
2019-11-01,21.40559196472168
2019-11-04,21.729602813720703
2019-11-05,21.884559631347656
2019-11-06,21.983171463012695
2019-11-07,22.201520919799805
2019-11-08,22.2930908203125
2019-11-11,22.201520919799805
2019-11-12,22.201520919799805
2019-11-13,21.969085693359375
2019-11-14,22.03951644897461
2019-11-15,21.73664665222168
2019-11-18,21.574642181396484
2019-11-19,21.3985538482666
2019-11-20,21.102720260620117
2019-11-21,20.961843490600586
2019-11-22,20.891407012939453
2019-11-25,21.38446617126465
2019-11-26,21.419681549072266
2019-11-27,21.67325210571289
2019-11-29,21.73664665222168
2019-12-02,21.722553253173828
2019-12-03,22.109956741333008
2019-12-04,22.04656410217285
2019-12-05,21.433759689331055
2019-12-06,21.599580764770508
2019-12-09,21.22469139099121
2019-12-10,21.188642501831055
2019-12-11,21.37608528137207
2019-12-12,21.851911544799805
2019-12-13,21.873537063598633
2019-12-16,21.67167091369629
2019-12-17,21.758190155029297
2019-12-18,21.909584045410156
2019-12-19,21.729352951049805
2019-12-20,22.51517677307129
2019-12-23,22.075401306152344
2019-12-24,21.996097564697266
2019-12-26,21.577953338623047
2019-12-27,21.361663818359375
2019-12-30,21.368873596191406
2019-12-31,21.354459762573242
2020-01-02,20.907468795776367
2020-01-03,20.84979248046875
2020-01-06,21.145383834838867
2020-01-07,20.957937240600586
2020-01-08,21.001190185546875
2020-01-09,21.06607437133789
2020-01-10,20.914682388305664
2020-01-13,21.174219131469727
2020-01-14,20.72722816467285
2020-01-15,21.195844650268555
2020-01-16,21.484224319458008
2020-01-17,21.08770179748535
2020-01-21,20.77769660949707
2020-01-22,20.683975219726562
2020-01-23,20.69839096069336
2020-01-24,20.712812423706055
2020-01-27,20.61187744140625
2020-01-28,20.525371551513672
2020-01-29,20.39559555053711
2020-01-30,20.568622589111328
2020-01-31,20.244197845458984
2020-02-03,20.18651580810547
2020-02-04,20.575834274291992
2020-02-05,21.145383834838867
2020-02-06,21.10212516784668
2020-02-07,20.907468795776367
2020-02-10,20.489316940307617
2020-02-11,20.410015106201172
2020-02-12,20.518157958984375
2020-02-13,20.388385772705078
2020-02-14,20.042335510253906
2020-02-18,19.96303367614746
2020-02-19,20.18651580810547
2020-02-20,20.092796325683594
2020-02-21,19.9486083984375
2020-02-24,19.69627571105957
2020-02-25,19.213245391845703
2020-02-26,18.831138610839844
2020-02-27,18.355310440063477
2020-02-28,18.29764175415039
2020-03-02,18.29043197631836
2020-03-03,17.158536911010742
2020-03-04,17.216217041015625
2020-03-05,16.085599899291992
2020-03-06,16.254459381103516
2020-03-09,14.74941635131836
2020-03-10,15.975478172302246
2020-03-11,14.859541893005371
2020-03-12,12.869948387145996
2020-03-13,15.16054916381836
2020-03-16,13.259056091308594
2020-03-17,15.18991756439209
2020-03-18,8.112546920776367
2020-03-19,9.250505447387695
2020-03-20,12.003634452819824
2020-03-23,12.187172889709473
2020-03-24,12.796531677246094
2020-03-25,13.024125099182129
2020-03-26,13.728924751281738
2020-03-27,12.921342849731445
2020-03-30,13.574748992919922
2020-03-31,13.44260025024414
2020-04-01,12.267932891845703
2020-04-02,12.334005355834961
2020-04-03,12.157807350158691
2020-04-06,13.200322151184082
2020-04-07,13.604118347167969
2020-04-08,14.485116004943848
2020-04-09,15.233966827392578
2020-04-13,14.595242500305176
2020-04-14,15.094473838806152
2020-04-15,14.419039726257324
2020-04-16,14.595242500305176
2020-04-17,15.439534187316895
2020-04-20,16.254459381103516
2020-04-21,16.217748641967773
2020-04-22,16.548126220703125
2020-04-23,16.445343017578125
2020-04-24,16.445343017578125
2020-04-27,16.937231063842773
2020-04-28,17.282299041748047
2020-04-29,18.721256256103516
2020-04-30,16.907869338989258
2020-05-01,15.887378692626953
2020-05-04,15.696490287780762
2020-05-05,14.74941635131836
2020-05-06,14.866884231567383
2020-05-07,14.954983711242676
2020-05-08,15.123839378356934
2020-05-11,14.220815658569336
2020-05-12,13.192983627319336
2020-05-13,12.062365531921387
2020-05-14,12.583624839782715
2020-05-15,13.090201377868652
2020-05-18,13.743607521057129
2020-05-19,12.943366050720215
2020-05-20,13.604118347167969
2020-05-21,13.670191764831543
2020-05-22,13.80968189239502
2020-05-26,13.82436466217041
2020-05-27,14.536507606506348
2020-05-28,13.963858604431152
2020-05-29,13.016782760620117
2020-06-01,13.6848726272583
2020-06-02,13.50133228302002
2020-06-03,14.37498950958252
2020-06-04,14.397016525268555
2020-06-05,15.087132453918457
2020-06-08,14.852198600769043
2020-06-09,13.993223190307617
2020-06-10,13.743607521057129
2020-06-11,12.025654792785645
2020-06-12,12.590964317321777
2020-06-15,12.877290725708008
2020-06-16,13.471969604492188
2020-06-17,12.348690032958984
2020-06-18,12.047680854797363
2020-06-19,12.2459077835083
2020-06-22,12.260591506958008
2020-06-23,11.827434539794922
2020-06-24,11.063898086547852
2020-06-25,10.99048137664795
2020-06-26,10.447197914123535
2020-06-29,11.364906311035156
2020-06-30,11.563130378723145
2020-07-01,11.181365013122559
2020-07-02,10.718839645385742
2020-07-06,10.843647003173828
2020-07-07,10.594033241271973
2020-07-08,10.322389602661133
2020-07-09,9.749738693237305
2020-07-10,10.204924583435059
2020-07-13,10.2196044921875
2020-07-14,9.99935531616211
2020-07-15,10.212263107299805
2020-07-16,10.058090209960938
2020-07-17,10.454540252685547
2020-07-20,10.058090209960938
2020-07-21,10.359097480773926
2020-07-22,9.801132202148438
2020-07-23,9.727714538574219
2020-07-24,9.558854103088379
2020-07-27,9.478096961975098
2020-07-28,9.199113845825195
2020-07-29,9.000887870788574
2020-07-30,8.494314193725586
2020-07-31,8.340136528015137
2020-08-03,8.296087265014648
2020-08-04,8.141913414001465
2020-08-05,8.376846313476562
2020-08-06,8.171278953552246
2020-08-07,8.486970901489258
2020-08-10,8.949496269226074
2020-08-11,9.19177532196045
2020-08-12,9.316581726074219
2020-08-13,9.933281898498535
2020-08-14,9.698348045349121
2020-08-17,8.95683765411377
2020-08-18,8.699881553649902
2020-08-19,8.839372634887695
2020-08-20,8.508996963500977
2020-08-21,8.332797050476074
2020-08-24,8.810003280639648
2020-08-25,8.883423805236816
2020-08-26,8.868738174438477
2020-08-27,8.62646484375
2020-08-28,8.4208984375
2020-08-31,8.35482120513916
2020-09-01,8.567728042602539
2020-09-02,8.721905708312988
2020-09-03,8.28140640258789
2020-09-04,8.244696617126465
2020-09-08,8.185962677001953
2020-09-09,8.435580253601074
2020-09-10,8.259380340576172
2020-09-11,8.244696617126465
2020-09-14,8.237356185913086
2020-09-15,8.171278953552246
2020-09-16,8.38418960571289
2020-09-17,8.332797050476074
2020-09-18,8.398870468139648
2020-09-21,8.35482120513916
2020-09-22,8.38418960571289
2020-09-23,8.141913414001465
2020-09-24,8.413556098937988
2020-09-25,8.45760440826416
2020-09-28,8.538362503051758
2020-09-29,8.222671508789062
2020-09-30,8.178620338439941
2020-10-01,8.185962677001953
2020-10-02,8.486970901489258
2020-10-05,8.619120597839355
2020-10-06,8.296087265014648
2020-10-07,8.44292163848877
2020-10-08,8.795323371887207
2020-10-09,8.582413673400879
2020-10-12,8.736587524414062
2020-10-13,8.44292163848877
2020-10-14,8.398870468139648
2020-10-15,8.413556098937988
2020-10-16,8.44292163848877
2020-10-19,8.105206489562988
2020-10-20,8.119888305664062
2020-10-21,8.149256706237793
2020-10-22,8.178620338439941
2020-10-23,8.26672077178955
2020-10-26,7.583948135375977
2020-10-27,7.561919689178467
2020-10-28,7.172811508178711
2020-10-29,7.349013328552246
2020-10-30,7.092053413391113
2020-11-02,7.4811625480651855
2020-11-03,7.547236919403076
2020-11-04,7.5912885665893555
2020-11-05,7.7160964012146
2020-11-06,7.503188133239746
2020-11-09,8.134572982788086
2020-11-10,8.508996963500977
2020-11-11,8.611781120300293
2020-11-12,7.929006099700928
2020-11-13,8.310771942138672
2020-11-16,8.773296356201172
2020-11-17,9.287215232849121
2020-11-18,9.118355751037598
2020-11-19,9.103670120239258
2020-11-20,9.301898002624512
2020-11-23,9.602907180786133
2020-11-24,10.109479904174805
2020-11-25,9.940621376037598
2020-11-27,9.771764755249023
2020-11-30,8.751274108886719
2020-12-01,9.2945556640625
2020-12-02,9.250505447387695
2020-12-03,9.757081031799316
2020-12-04,9.933281898498535
2020-12-07,9.544172286987305
2020-12-08,9.889230728149414
2020-12-09,9.544172286987305
2020-12-10,9.617588996887207
2020-12-11,9.470752716064453
2020-12-14,9.492781639099121
2020-12-15,9.46341323852539
2020-12-16,9.26518726348877
2020-12-17,9.375311851501465
2020-12-18,8.92012882232666
2020-12-21,9.316581726074219
2020-12-22,9.456073760986328
2020-12-23,10.10213851928711
2020-12-24,9.808473587036133
2020-12-28,10.080116271972656
2020-12-29,10.322389602661133
2020-12-30,11.166682243347168
2020-12-31,10.645421981811523
2021-01-04,10.476563453674316
2021-01-05,10.572006225585938
2021-01-06,11.29149055480957
2021-01-07,11.012508392333984
2021-01-08,10.88769817352295
2021-01-11,10.491247177124023
2021-01-12,10.594033241271973
2021-01-13,10.395805358886719
2021-01-14,10.579347610473633
2021-01-15,10.02872371673584
2021-01-19,9.419364929199219
2021-01-20,9.3973388671875
2021-01-21,9.456073760986328
2021-01-22,9.096331596374512
2021-01-25,9.19177532196045
2021-01-26,9.147721290588379
2021-01-27,8.868738174438477
2021-01-28,8.729246139526367
2021-01-29,8.692540168762207
2021-02-01,8.810003280639648
2021-02-02,8.810003280639648
2021-02-03,9.147721290588379
2021-02-04,9.558854103088379
2021-02-05,9.889230728149414
2021-02-08,9.992013931274414
2021-02-09,10.425172805786133
2021-02-10,10.549982070922852
2021-02-11,12.480842590332031
2021-02-12,12.297301292419434
2021-02-16,12.517549514770508
2021-02-17,12.495522499084473
2021-02-18,12.480842590332031
2021-02-19,12.5028657913208
2021-02-22,12.48818302154541
2021-02-23,12.583624839782715
2021-02-24,12.83323860168457
2021-02-25,12.480842590332031
2021-02-26,12.664382934570312
2021-03-01,12.959760665893555
2021-03-02,12.8268404006958
2021-03-03,12.937606811523438
2021-03-04,13.343753814697266
2021-03-05,13.402830123901367
2021-03-08,13.107449531555176
2021-03-09,13.077913284301758
2021-03-10,13.550520896911621
2021-03-11,13.831130981445312
2021-03-12,13.868054389953613
2021-03-15,13.26990795135498
2021-03-16,12.834226608276367
2021-03-17,12.612690925598145
2021-03-18,12.295157432556152
2021-03-19,11.99239444732666
2021-03-22,11.674863815307617
2021-03-23,11.29825210571289
2021-03-24,10.980719566345215
2021-03-25,10.988104820251465
2021-03-26,11.121026992797852
2021-03-29,10.796110153198242
2021-03-30,10.69272518157959
2021-03-31,10.677958488464355
2021-04-01,11.61578369140625
2021-04-05,11.490250587463379
2021-04-06,11.852088928222656
2021-04-07,11.852088928222656
2021-04-08,12.70130443572998
2021-04-09,12.89330005645752
2021-04-12,12.93022346496582
2021-04-13,12.67176628112793
2021-04-14,11.726552963256836
2021-04-15,12.191776275634766
2021-04-16,12.36900520324707
2021-04-19,12.36900520324707
2021-04-20,12.35423469543457
2021-04-21,12.531461715698242
2021-04-22,12.20654296875
2021-04-23,12.35423469543457
2021-04-26,12.265619277954102
2021-04-27,12.797304153442383
2021-04-28,12.509309768676758
2021-04-29,13.506213188171387
2021-04-30,13.358521461486816
2021-05-03,13.572672843933105
2021-05-04,14.311120986938477
2021-05-05,14.517887115478516
2021-05-06,14.554807662963867
2021-05-07,14.628653526306152
2021-05-10,14.879725456237793
2021-05-11,15.020030975341797
2021-05-12,15.352330207824707
2021-05-13,14.924033164978027
2021-05-14,15.138181686401367
2021-05-17,15.020030975341797
2021-05-18,15.33017635345459
2021-05-19,15.26372241973877
2021-05-20,15.03480052947998
2021-05-21,14.79111385345459
2021-05-24,14.695112228393555
2021-05-25,14.488351821899414
2021-05-26,14.488351821899414
2021-05-27,14.813263893127441
2021-05-28,14.56957721710205
2021-06-01,14.931414604187012
2021-06-02,15.226799011230469
2021-06-03,15.174854278564453
2021-06-04,15.263898849487305
2021-06-07,15.28615951538086
2021-06-08,15.24905776977539
2021-06-09,15.241633415222168
2021-06-10,15.137747764587402
2021-06-11,14.907713890075684
2021-06-14,14.52927303314209
2021-06-15,14.588635444641113
2021-06-16,14.566374778747559
2021-06-17,13.957895278930664
2021-06-18,13.935637474060059
2021-06-21,14.173089981079102
2021-06-22,13.772382736206055
2021-06-23,13.564611434936523
2021-06-24,15.278742790222168
2021-06-25,16.04305076599121
2021-06-28,16.39180564880371
2021-06-29,16.325027465820312
2021-06-30,16.146936416625977
2021-07-01,15.612656593322754
2021-07-02,15.798172950744629
2021-07-06,14.98192024230957
2021-07-07,14.52927303314209
2021-07-08,14.633158683776855
2021-07-09,14.269556045532227
2021-07-12,14.737045288085938
2021-07-13,14.514433860778809
2021-07-14,16.829614639282227
2021-07-15,17.081911087036133
2021-07-16,16.859296798706055
2021-07-19,17.000286102294922
2021-07-20,16.837038040161133
2021-07-21,17.111595153808594
2021-07-22,16.978023529052734
2021-07-23,16.896404266357422
2021-07-26,16.91866111755371
2021-07-27,16.428913116455078
2021-07-28,17.556821823120117
2021-07-29,18.232080459594727
2021-07-30,18.810884475708008
2021-08-02,19.27094841003418
2021-08-03,19.352575302124023
2021-08-04,19.938791275024414
2021-08-05,18.801536560058594
2021-08-06,18.768814086914062
2021-08-09,18.84244728088379
2021-08-10,18.875171661376953
2021-08-11,18.596994400024414
2021-08-12,19.055173873901367
2021-08-13,18.956989288330078
2021-08-16,18.940631866455078
2021-08-17,18.02427864074707
2021-08-18,17.81155014038086
2021-08-19,17.116107940673828
2021-08-20,17.067018508911133
2021-08-23,16.91156768798828
2021-08-24,17.09974479675293
2021-08-25,17.263378143310547
2021-08-26,17.386104583740234
2021-08-27,17.80337142944336
2021-08-30,17.778827667236328
2021-08-31,18.228818893432617
2021-09-01,18.269729614257812
2021-09-02,18.36013412475586
2021-09-03,18.475189208984375
2021-09-07,18.080699920654297
2021-09-08,17.842363357543945
2021-09-09,17.891674041748047
2021-09-10,17.27528953552246
2021-09-13,16.699996948242188
2021-09-14,16.510967254638672
2021-09-15,15.92745304107666
2021-09-16,16.494531631469727
2021-09-17,16.363035202026367
2021-09-20,16.042510986328125
2021-09-21,15.894580841064453
2021-09-22,15.779520988464355
2021-09-23,16.141132354736328
2021-09-24,16.182226181030273
2021-09-27,16.0096378326416
2021-09-28,15.869924545288086
2021-09-29,15.557622909545898
2021-09-30,15.615155220031738
2021-10-01,15.738424301147461
2021-10-04,15.960328102111816
2021-10-05,15.943891525268555
2021-10-06,15.32750129699707
2021-10-07,15.409690856933594
2021-10-08,15.426127433776855
2021-10-11,15.146698951721191
2021-10-12,14.998764991760254
2021-10-13,15.0398530960083
2021-10-14,14.908360481262207
2021-10-15,14.505656242370605
2021-10-18,15.615155220031738
2021-10-19,15.154913902282715
2021-10-20,15.19600772857666
2021-10-21,14.949454307556152
2021-10-22,14.801519393920898
2021-10-25,14.801519393920898
2021-10-26,14.850828170776367
2021-10-27,14.398813247680664
2021-10-28,14.102946281433105
2021-10-29,14.300189971923828
2021-11-01,14.52209186553955
2021-11-02,14.513870239257812
2021-11-03,14.423470497131348
2021-11-04,14.752208709716797
2021-11-05,14.637151718139648
2021-11-08,15.0891695022583
2021-11-09,15.228882789611816
2021-11-10,15.171350479125977
2021-11-11,15.212445259094238
2021-11-12,15.483656883239746
2021-11-15,15.220662117004395
2021-11-16,14.891922950744629
2021-11-17,14.670022964477539
2021-11-18,14.464563369750977
2021-11-19,13.626273155212402
2021-11-22,13.77420425415039
2021-11-23,13.782426834106445
2021-11-24,13.872830390930176
2021-11-26,13.765990257263184
2021-11-29,13.757771492004395
2021-11-30,13.322188377380371
2021-12-01,13.322188377380371
2021-12-02,13.612523078918457
2021-12-03,13.877971649169922
2021-12-06,14.21807861328125
2021-12-07,14.533297538757324
2021-12-08,14.923178672790527
2021-12-09,14.649429321289062
2021-12-10,14.7738618850708
2021-12-13,14.52500057220459
2021-12-14,14.566479682922363
2021-12-15,14.226371765136719
2021-12-16,14.13512897491455
2021-12-17,14.301030158996582
2021-12-20,13.81160831451416
2021-12-21,13.612523078918457
2021-12-22,13.720364570617676
2021-12-23,13.944334030151367
2021-12-27,13.902857780456543
2021-12-28,13.272418975830078
2021-12-29,13.819905281066895
2021-12-30,13.88626766204834
2021-12-31,14.05217456817627
2022-01-03,14.101943969726562
2022-01-04,13.99410629272461
2022-01-05,14.259553909301758
2022-01-06,15.437479972839355
2022-01-07,15.462369918823242
2022-01-10,15.445778846740723
2022-01-11,15.437479972839355
2022-01-12,15.868834495544434
2022-01-13,16.590524673461914
2022-01-14,16.192352294921875
2022-01-18,16.06792449951172
2022-01-19,15.362825393676758
2022-01-20,15.213509559631348
2022-01-21,14.748973846435547
2022-01-24,16.1508731842041
2022-01-25,15.595090866088867
2022-01-26,15.760997772216797
2022-01-27,15.70293140411377
2022-01-28,15.993267059326172
2022-01-31,15.843948364257812
2022-02-01,15.155442237854004
2022-02-02,14.674318313598633
2022-02-03,14.500116348266602
2022-02-04,14.7738618850708
2022-02-07,14.7738618850708
2022-02-08,14.798746109008789
2022-02-09,15.039310455322266
2022-02-10,14.674318313598633
2022-02-11,14.359097480773926
2022-02-14,14.168304443359375
2022-02-15,14.027290344238281
2022-02-16,13.604228973388672
2022-02-17,13.18946647644043
2022-02-18,13.322188377380371
2022-02-22,13.405142784118652
2022-02-23,13.894563674926758
2022-02-24,13.2973051071167
2022-02-25,13.438323974609375
2022-02-28,13.728658676147461
2022-03-01,13.571046829223633
2022-03-02,13.65400218963623
2022-03-03,13.595399856567383
2022-03-04,13.201936721801758
2022-03-07,12.917304039001465
2022-03-08,12.60755729675293
2022-03-09,13.026132583618164
2022-03-10,12.892189025878906
2022-03-11,12.599186897277832
2022-03-14,12.348037719726562
2022-03-15,12.381525039672852
2022-03-16,12.389897346496582
2022-03-17,12.833589553833008
2022-03-18,12.925676345825195
2022-03-21,12.841960906982422
2022-03-22,13.134965896606445
2022-03-23,12.749872207641602
2022-03-24,13.026132583618164
2022-03-25,12.959161758422852
2022-03-28,12.641042709350586
2022-03-29,12.65778636932373
2022-03-30,12.590813636779785
2022-03-31,12.825218200683594
2022-04-01,12.883818626403809
2022-04-04,13.067991256713867
2022-04-05,13.22705078125
2022-04-06,13.327510833740234
2022-04-07,13.327510833740234
2022-04-08,13.319138526916504
2022-04-11,13.536799430847168
2022-04-12,13.620516777038574
2022-04-13,13.679116249084473
2022-04-14,13.695859909057617
2022-04-18,13.503313064575195
2022-04-19,13.57028579711914
2022-04-20,13.402854919433594
2022-04-21,13.51168155670166
2022-04-22,13.48656940460205
2022-04-25,13.48656940460205
2022-04-26,13.494942665100098
2022-04-27,13.48656940460205
2022-04-28,13.48656940460205
2022-04-29,13.503313064575195
2022-05-02,13.52005386352539
2022-05-03,13.48656940460205
2022-05-04,13.65400218963623
2022-05-05,13.48656940460205
2022-05-06,13.469826698303223
2022-05-09,13.101478576660156
2022-05-10,12.950790405273438
2022-05-11,12.774986267089844
2022-05-12,12.816845893859863
2022-05-13,13.009391784667969
2022-05-16,13.009391784667969
2022-05-17,12.867074012756348
2022-05-18,12.833589553833008
2022-05-19,12.774986267089844
2022-05-20,12.548954963684082
2022-05-23,12.20572280883789
2022-05-24,11.686686515808105
2022-05-25,11.879230499267578
2022-05-26,12.582441329956055
2022-05-27,12.599186897277832
2022-05-31,12.632672309875488
2022-06-01,13.193565368652344
2022-06-02,13.633069038391113
2022-06-03,13.954246520996094
2022-06-06,14.021862030029297
2022-06-07,13.85282039642334
2022-06-08,14.047216415405273
2022-06-09,12.677992820739746
2022-06-10,12.948458671569824
2022-06-13,12.542760848999023
2022-06-14,12.44979190826416
2022-06-15,12.382174491882324
2022-06-16,12.339914321899414
2022-06-17,12.052547454833984
2022-06-21,12.00183391571045
2022-06-22,11.663753509521484
2022-06-23,11.697562217712402
2022-06-24,11.756726264953613
2022-06-27,11.832795143127441
2022-06-28,11.773630142211914
2022-06-29,11.689109802246094
2022-06-30,11.663753509521484
2022-07-01,11.45245361328125
2022-07-05,11.570782661437988
2022-07-06,10.953786849975586
2022-07-07,10.936882972717285
2022-07-08,10.438216209411621
2022-07-11,10.319886207580566
2022-07-12,10.438216209411621
2022-07-13,10.210009574890137
2022-07-14,10.07477855682373
2022-07-15,9.914192199707031
2022-07-18,9.745150566101074
2022-07-19,9.871932983398438
2022-07-20,10.319886207580566
2022-07-21,10.201559066772461
2022-07-22,10.201559066772461
2022-07-25,10.286078453063965
2022-07-26,10.302985191345215
2022-07-27,11.16508674621582
2022-07-28,10.987595558166504
2022-07-29,10.962239265441895
2022-08-01,10.987595558166504
2022-08-02,10.472023963928223
2022-08-03,10.717131614685059
2022-08-04,10.750938415527344
2022-08-05,10.488926887512207
2022-08-08,10.201559066772461
2022-08-09,10.150846481323242
2022-08-10,10.767844200134277
2022-08-11,10.480474472045898
2022-08-12,10.717131614685059
2022-08-15,12.745611190795898
2022-08-16,12.137068748474121
2022-08-17,11.875053405761719
2022-08-18,12.120162010192871
2022-08-19,12.077900886535645
2022-08-22,11.638397216796875
2022-08-23,11.545427322387695
2022-08-24,11.875053405761719
2022-08-25,11.604588508605957
2022-08-26,11.697562217712402
2022-08-29,11.706014633178711
2022-08-30,11.401742935180664
2022-08-31,11.410195350646973
2022-09-01,10.829002380371094
2022-09-02,10.760626792907715
2022-09-06,10.21362018585205
2022-09-07,10.119603157043457
2022-09-08,10.008491516113281
2022-09-09,9.794818878173828
2022-09-12,9.76063060760498
2022-09-13,9.709349632263184
2022-09-14,9.521317481994629
2022-09-15,9.521317481994629
2022-09-16,9.538410186767578
2022-09-19,9.640974044799805
2022-09-20,9.401657104492188
2022-09-21,9.22217082977295
2022-09-22,8.888840675354004
2022-09-23,8.70080852508545
2022-09-26,8.581149101257324
2022-09-27,8.709354400634766
2022-09-28,8.717900276184082
2022-09-29,8.376023292541504
2022-09-30,8.230724334716797
2022-10-03,8.820465087890625
2022-10-04,9.145249366760254
2022-10-05,8.726448059082031
2022-10-06,8.914481163024902
2022-10-07,8.54696273803711
2022-10-10,8.572602272033691
2022-10-11,8.33328914642334
2022-10-12,8.58969783782959
2022-10-13,8.529867172241211
2022-10-14,8.452945709228516
2022-10-17,8.504227638244629
2022-10-18,8.58969783782959
2022-10-19,8.598243713378906
2022-10-20,8.692261695861816
2022-10-21,8.572602272033691
2022-10-24,8.640976905822754
2022-10-25,8.743542671203613
2022-10-26,8.931575775146484
2022-10-27,8.709354400634766
2022-10-28,8.73499584197998
2022-10-31,8.64952564239502
2022-11-01,8.64952564239502
2022-11-02,8.683713912963867
2022-11-03,8.581149101257324
2022-11-04,8.658071517944336
2022-11-07,8.632433891296387
2022-11-08,8.606790542602539
2022-11-09,8.880293846130371
2022-11-10,9.307641983032227
2022-11-11,9.358922958374023
2022-11-14,9.230719566345215
2022-11-15,9.324736595153809
2022-11-16,9.273453712463379
2022-11-17,8.84610652923584
2022-11-18,9.119610786437988
2022-11-21,8.786277770996094
2022-11-22,8.615338325500488
2022-11-23,9.008498191833496
2022-11-25,9.153797149658203
2022-11-28,9.119610786437988
2022-11-29,9.55550479888916
2022-11-30,10.273448944091797
2022-12-01,10.134966850280762
2022-12-02,9.754151344299316
2022-12-05,9.607016563415527
2022-12-06,9.563740730285645
2022-12-07,9.797425270080566
2022-12-08,9.650289535522461
2022-12-09,9.832046508789062
2022-12-12,9.92724895477295
2022-12-13,9.485846519470215
2022-12-14,9.442571640014648
2022-12-15,9.10502815246582
2022-12-16,9.053098678588867
2022-12-19,8.654970169067383
2022-12-20,8.64631462097168
2022-12-21,8.879997253417969
2022-12-22,9.20888900756836
2022-12-23,9.053098678588867
2022-12-27,9.546429634094238
2022-12-28,9.589705467224121
2022-12-29,9.416606903076172
2022-12-30,9.632980346679688
2023-01-03,10.152280807495117
2023-01-04,10.117657661437988
2023-01-05,10.27344799041748
2023-01-06,11.277424812316895
2023-01-09,11.865962028503418
2023-01-10,11.537074089050293
2023-01-11,11.46783447265625
2023-01-12,11.805378913879395
2023-01-13,11.528417587280273
2023-01-17,11.788067817687988
2023-01-18,11.727484703063965
2023-01-19,11.614970207214355
2023-01-20,11.770758628845215
2023-01-23,11.658243179321289
2023-01-24,11.727484703063965
2023-01-25,11.48514461517334
2023-01-26,11.40725040435791
2023-01-27,11.208186149597168
2023-01-30,10.818711280822754
2023-01-31,11.190874099731445
2023-02-01,11.035086631774902
2023-02-02,11.000468254089355
2023-02-03,10.178245544433594
2023-02-06,10.35999870300293
2023-02-07,10.481167793273926
2023-02-08,10.25614070892334
2023-02-09,10.031107902526855
2023-02-10,9.92724895477295
2023-02-13,10.429238319396973
2023-02-14,10.178245544433594
2023-02-15,9.78011703491211
2023-02-16,9.953214645385742
2023-02-17,10.19555377960205
2023-02-21,9.944560050964355
2023-02-22,10.039763450622559
2023-02-23,10.680233001708984
2023-02-24,10.385963439941406
2023-02-27,10.723506927490234
2023-02-28,11.257930755615234
2023-03-01,11.441911697387695
2023-03-02,11.818635940551758
2023-03-03,12.002617835998535
2023-03-06,12.0201416015625
2023-03-07,11.827397346496582
2023-03-08,11.932530403137207
2023-03-09,11.915008544921875
2023-03-10,11.862442970275879
2023-03-13,11.3893461227417
2023-03-14,10.907487869262695
2023-03-15,10.74979019165039
2023-03-16,10.942532539367676
2023-03-17,10.03138542175293
2023-03-20,9.286698341369629
2023-03-21,8.813600540161133
2023-03-22,8.936256408691406
2023-03-23,8.761035919189453
2023-03-24,9.260415077209473
2023-03-27,8.761035919189453
2023-03-28,8.655901908874512
2023-03-29,9.330501556396484
2023-03-30,9.496962547302246
2023-03-31,9.821121215820312
2023-04-03,9.418111801147461
2023-04-04,9.383068084716797
2023-04-05,9.304219245910645
2023-04-06,9.356786727905273
2023-04-10,8.909972190856934
2023-04-11,9.330501556396484
2023-04-12,9.19908618927002
2023-04-13,9.488199234008789
2023-04-14,9.286698341369629
2023-04-17,9.023866653442383
2023-04-18,9.269177436828613
2023-04-19,9.20784854888916
2023-04-20,9.111477851867676
2023-04-21,10.907487869262695
2023-04-24,11.117752075195312
2023-04-25,10.618374824523926
2023-04-26,10.5132417678833
2023-04-27,10.74979019165039
2023-04-28,10.74979019165039
2023-05-01,10.522002220153809
2023-05-02,10.77607250213623
2023-05-03,10.565810203552246
2023-05-04,10.758551597595215
2023-05-05,10.942532539367676
2023-05-08,10.854924201965332
2023-05-09,10.863683700561523
2023-05-10,10.77607250213623
2023-05-11,10.83739948272705
2023-05-12,10.732267379760742
2023-05-15,11.100231170654297
2023-05-16,10.77607250213623
2023-05-17,11.100231170654297
2023-05-18,10.951292991638184
2023-05-19,10.80235481262207
2023-05-22,10.995099067687988
2023-05-23,11.073948860168457
2023-05-24,11.292973518371582
2023-05-25,11.117752075195312
2023-05-26,11.231646537780762
2023-05-30,11.214125633239746
2023-05-31,10.995099067687988
2023-06-01,11.518253326416016
2023-06-02,12.076875686645508
2023-06-05,11.988204002380371
2023-06-06,12.245347023010254
2023-06-07,12.334017753601074
2023-06-08,12.271947860717773
2023-06-09,11.801997184753418
2023-06-12,11.784262657165527
2023-06-13,11.660124778747559
2023-06-14,11.748794555664062
2023-06-15,11.748794555664062
2023-06-16,11.748794555664062
2023-06-20,11.775397300720215
2023-06-21,11.34977912902832
2023-06-22,10.906428337097168
2023-06-23,11.136972427368164
2023-06-26,11.074901580810547
2023-06-27,10.915295600891113
2023-06-28,10.906428337097168
2023-06-29,11.083768844604492
2023-06-30,10.995099067687988
2023-07-03,10.98623275756836
2023-07-05,10.72908878326416
2023-07-06,10.578349113464355
2023-07-07,10.835493087768555
2023-07-10,10.72908878326416
2023-07-11,10.463078498840332
2023-07-12,10.374406814575195
2023-07-13,10.232535362243652
2023-07-14,10.06406307220459
2023-07-17,9.913323402404785
2023-07-18,10.542881965637207
2023-07-19,10.56948184967041
2023-07-20,10.587215423583984
2023-07-21,10.764556884765625
2023-07-24,10.675884246826172
2023-07-25,10.463078498840332
2023-07-26,10.684754371643066
2023-07-27,10.56948184967041
2023-07-28,10.418743133544922
2023-07-31,10.374406814575195
2023-08-01,10.640417098999023
2023-08-02,10.463078498840332
2023-08-03,10.383273124694824
2023-08-04,10.36553955078125
2023-08-07,10.197067260742188
2023-08-08,9.97539234161377
2023-08-09,9.71824836730957
2023-08-10,9.780317306518555
2023-08-11,9.709382057189941
2023-08-14,9.727116584777832
2023-08-15,9.5320405960083
2023-08-16,9.381303787231445
2023-08-17,9.443370819091797
2023-08-18,9.443370819091797
2023-08-21,9.46997356414795
2023-08-22,9.390169143676758
2023-08-23,9.133026123046875
2023-08-24,9.088690757751465
2023-08-25,8.91135025024414
2023-08-28,9.000020027160645
2023-08-29,8.636472702026367
2023-08-30,9.133026123046875
2023-08-31,9.17801570892334
2023-09-01,8.908072471618652
2023-09-05,8.998054504394531
2023-09-06,8.836088180541992
2023-09-07,8.980057716369629
2023-09-08,8.980057716369629
2023-09-11,8.818094253540039
2023-09-12,8.63813304901123
2023-09-13,8.629134178161621
2023-09-14,8.971061706542969
2023-09-15,8.980057716369629
2023-09-18,9.00705337524414
2023-09-19,9.052042961120605
2023-09-20,8.980057716369629
2023-09-21,9.03404712677002
2023-09-22,9.070038795471191
2023-09-25,8.95306396484375
2023-09-26,9.223005294799805
2023-09-27,8.95306396484375
2023-09-28,9.061039924621582
2023-09-29,9.133025169372559
2023-10-02,9.03404712677002
2023-10-03,8.692119598388672
2023-10-04,8.548151016235352
2023-10-05,8.503159523010254
2023-10-06,8.926071166992188
2023-10-09,8.755107879638672
2023-10-10,8.80909538269043
2023-10-11,8.746109008789062
2023-10-12,8.73711109161377
2023-10-13,8.134241104125977
2023-10-16,8.323200225830078
2023-10-17,8.143240928649902
2023-10-18,8.215224266052246
2023-10-19,8.07125473022461
2023-10-20,8.152238845825195
2023-10-23,8.152238845825195
2023-10-24,8.134241104125977
2023-10-25,8.098249435424805
2023-10-26,8.18822956085205
2023-10-27,8.125242233276367
2023-10-30,8.233220100402832
2023-10-31,8.179231643676758
2023-11-01,8.386187553405762
2023-11-02,9.070038795471191
2023-11-03,9.816877365112305
2023-11-06,9.960846900939941
2023-11-07,9.897859573364258
2023-11-08,9.897859573364258
2023-11-09,9.771886825561523
2023-11-10,9.780885696411133
2023-11-13,9.699902534484863
2023-11-14,9.987841606140137
2023-11-15,9.852869033813477
2023-11-16,9.816877365112305
2023-11-17,9.807879447937012
2023-11-20,10.005837440490723
2023-11-21,9.897859573364258
2023-11-22,10.023831367492676
2023-11-24,9.897859573364258
2023-11-27,10.005837440490723
2023-11-28,9.897859573364258
2023-11-29,9.897859573364258
2023-11-30,10.034696578979492
2023-12-01,9.989084243774414
2023-12-04,10.26275634765625
2023-12-05,10.217144012451172
2023-12-06,10.144166946411133
2023-12-07,10.034696578979492
2023-12-08,10.198902130126953
2023-12-11,10.153288841247559
2023-12-12,10.162409782409668
2023-12-13,10.217144012451172
2023-12-14,10.43608570098877
2023-12-15,10.919574737548828
2023-12-18,10.855716705322266
2023-12-19,10.810104370117188
2023-12-20,10.87396240234375
2023-12-21,10.946942329406738
2023-12-22,11.056411743164062
2023-12-26,11.33920669555664
2023-12-27,11.320962905883789
2023-12-28,11.37569808959961
2023-12-29,11.466920852661133
2024-01-02,11.594635963439941
2024-01-03,11.52165699005127
2024-01-04,11.266228675842285
2024-01-05,10.910451889038086
2024-01-08,10.782737731933594
2024-01-09,10.72800350189209
2024-01-10,10.445206642150879
2024-01-11,10.353982925415039
2024-01-12,10.499940872192383
2024-01-16,10.098553657531738
2024-01-17,10.153288841247559
2024-01-18,10.180655479431152
2024-01-19,10.28100299835205
2024-01-22,10.326614379882812
2024-01-23,10.636777877807617
2024-01-24,10.95606517791748
2024-01-25,11.07465648651123
2024-01-26,11.156758308410645
2024-01-29,11.038166999816895
2024-01-30,11.175004005432129
2024-01-31,11.22061538696289
2024-02-01,11.083778381347656
2024-02-02,11.083778381347656
2024-02-05,11.038166999816895
2024-02-06,11.019920349121094
2024-02-07,10.946942329406738
2024-02-08,10.791860580444336
2024-02-09,10.928695678710938
2024-02-12,11.165881156921387
2024-02-13,10.946942329406738
2024-02-14,11.22061538696289
2024-02-15,11.393941879272461
2024-02-16,11.275349617004395
2024-02-20,11.047286987304688
2024-02-21,11.029046058654785
2024-02-22,11.065533638000488
2024-02-23,10.946942329406738
2024-02-26,11.138511657714844
2024-02-27,11.038166999816895
2024-02-28,11.111145973205566
2024-02-29,11.1942720413208
2024-03-01,11.129618644714355
2024-03-04,11.074202537536621
2024-03-05,11.129618644714355
2024-03-06,11.092673301696777
2024-03-07,11.064966201782227
2024-03-08,11.083436965942383
2024-03-11,11.009549140930176
2024-03-12,10.843295097351074
2024-03-13,10.861769676208496
2024-03-14,10.926422119140625
2024-03-15,11.923932075500488
2024-03-18,11.748442649841309
2024-03-19,11.415940284729004
2024-03-20,11.369759559631348
2024-03-21,11.240452766418457
2024-03-22,11.268160820007324
2024-03-25,11.351286888122559
2024-03-26,11.822334289550781
2024-03-27,11.646843910217285
2024-03-28,11.378995895385742
2024-04-01,12.080946922302246
2024-04-02,11.979349136352539
2024-04-03,12.210254669189453
2024-04-04,12.210254669189453
2024-04-05,12.016294479370117
2024-04-08,11.96087646484375
2024-04-09,12.321087837219238
2024-04-10,12.30261516571045
2024-04-11,12.201017379760742
2024-04-12,12.33032512664795
2024-04-15,11.923932075500488
2024-04-16,11.970111846923828
2024-04-17,11.600666046142578
2024-04-18,11.822334289550781
2024-04-19,11.868514060974121
2024-04-22,11.868514060974121
2024-04-23,11.896222114562988
2024-04-24,12.053238868713379
2024-04-25,12.053238868713379
2024-04-26,11.831570625305176
2024-04-29,11.794625282287598
2024-04-30,11.489830017089844
2024-05-01,11.628373146057129
2024-05-02,11.582191467285156
2024-05-03,11.129618644714355
2024-05-06,11.111145973205566
2024-05-07,11.129618644714355
2024-05-08,11.120383262634277
2024-05-09,11.166563987731934
2024-05-10,11.203507423400879
2024-05-13,11.166563987731934
2024-05-14,11.129618644714355
2024-05-15,11.286633491516113
2024-05-16,11.332815170288086
2024-05-17,11.406704902648926
2024-05-20,11.332815170288086
2024-05-21,11.305106163024902
2024-05-22,11.942403793334961
2024-05-23,11.59142780303955
2024-05-24,11.66531753540039
2024-05-28,11.656082153320312
2024-05-29,11.212743759155273
2024-05-30,11.480592727661133
2024-05-31,11.212743759155273
2024-06-03,11.3156156539917
2024-06-04,11.156633377075195
2024-06-05,11.278205871582031
2024-06-06,11.51200008392334
2024-06-07,11.409130096435547
2024-06-10,11.52135181427002
2024-06-11,11.493297576904297
2024-06-12,11.446537971496582
2024-06-13,11.41848373413086
2024-06-14,11.465242385864258
2024-06-17,11.4839448928833
2024-06-18,11.278205871582031
2024-06-20,11.278205871582031
2024-06-21,11.212743759155273
2024-06-24,11.52135181427002
2024-06-25,11.231447219848633
2024-06-26,11.22209644317627
2024-06-27,11.268853187561035
2024-06-28,11.390429496765137
2024-07-01,11.324965476989746
2024-07-02,11.231447219848633
2024-07-03,11.3156156539917
2024-07-05,11.3156156539917
2024-07-08,11.250150680541992
2024-07-09,11.306262969970703
2024-07-10,11.848663330078125
2024-07-11,11.446537971496582
2024-07-12,11.867365837097168
2024-07-15,11.727089881896973
2024-07-16,12.260140419006348
2024-07-17,12.334953308105469
2024-07-18,12.007641792297363
2024-07-19,12.138566970825195
2024-07-22,12.138566970825195
2024-07-23,12.531339645385742
2024-07-24,12.419118881225586
2024-07-25,12.4658784866333
2024-07-26,12.50328540802002
2024-07-29,12.391064643859863
2024-07-30,12.288196563720703
2024-07-31,12.409768104553223
2024-08-01,12.157271385192871
2024-08-02,11.914125442504883
2024-08-05,11.493297576904297
2024-08-06,11.70838737487793
2024-08-07,11.70838737487793
2024-08-08,11.680331230163574
2024-08-09,11.680331230163574
2024-08-12,11.353020668029785
2024-08-13,11.41848373413086
2024-08-14,11.296910285949707
2024-08-15,11.605518341064453
2024-08-16,11.493297576904297
2024-08-19,11.642924308776855
2024-08-20,11.390429496765137
2024-08-21,11.51200008392334
2024-08-22,11.52135181427002
2024-08-23,12.035698890686035
2024-08-26,11.642924308776855
2024-08-27,11.727089881896973
2024-08-28,11.886069297790527
2024-08-29,12.110511779785156
2024-08-30,12.621424674987793
2024-09-03,12.063206672668457
2024-09-04,12.224048614501953
2024-09-05,12.299739837646484
2024-09-06,12.119974136352539
2024-09-09,11.911824226379395
2024-09-10,11.949670791625977
2024-09-11,11.949670791625977
2024-09-12,12.006438255310059
2024-09-13,12.015898704528809
2024-09-16,12.347044944763184
2024-09-17,12.063206672668457
2024-09-18,11.911824226379395
2024-09-19,12.21458625793457
2024-09-20,12.839035034179688
2024-09-23,13.047184944152832
2024-09-24,13.132336616516113
2024-09-25,13.454022407531738
2024-09-26,14.097393989562988
2024-09-27,13.463481903076172
2024-09-30,13.435099601745605
2024-10-01,13.283719062805176
2024-10-02,13.577019691467285
2024-10-03,13.643248558044434
2024-10-04,13.558096885681152
2024-10-07,13.179644584655762
2024-10-08,13.548635482788086
2024-10-09,14.144700050354004
2024-10-10,14.144700050354004
2024-10-11,15.71528148651123
2024-10-14,14.797532081604004
2024-10-15,14.26769733428955
2024-10-16,14.504230499267578
2024-10-17,15.128678321838379
2024-10-18,14.901605606079102
2024-10-21,15.34628963470459
2024-10-22,14.674534797668457
2024-10-23,14.58938217163086
2024-10-24,14.948914527893066
2024-10-25,15.09083366394043
2024-10-28,14.078469276428223
2024-10-29,14.788070678710938
2024-10-30,14.655611991882324
2024-10-31,14.778609275817871
2024-11-01,13.955471992492676
2024-11-04,13.813552856445312
2024-11-05,13.775707244873047
2024-11-06,14.523155212402344
2024-11-07,14.665072441101074
2024-11-08,14.617767333984375
2024-11-11,14.617767333984375
2024-11-12,14.617767333984375
2024-11-13,14.778609275817871
2024-11-14,15.138139724731445
2024-11-15,14.986760139465332
2024-11-18,14.97729778289795
2024-11-19,15.147602081298828
2024-11-20,15.790971755981445
2024-11-21,15.800435066223145
2024-11-22,15.393596649169922
2024-11-25,14.854299545288086
2024-11-26,15.289521217346191
2024-11-27,15.128678321838379
2024-11-29,14.948914527893066
2024-12-02,14.796080589294434
2024-12-03,15.0062255859375
2024-12-04,14.977569580078125
2024-12-05,15.063539505004883
2024-12-06,14.729216575622559
2024-12-09,15.13995361328125
2024-12-10,14.862945556640625
2024-12-11,14.891600608825684
2024-12-12,14.834288597106934
2024-12-13,14.796080589294434
2024-12-16,14.767425537109375
2024-12-17,14.633695602416992
2024-12-18,14.136992454528809
2024-12-19,14.566832542419434
2024-12-20,14.614591598510742
2024-12-23,14.414000511169434
2024-12-24,14.08923053741455
2024-12-26,13.6498384475708
2024-12-27,13.468350410461426
2024-12-30,13.29641342163086
2024-12-31,13.859983444213867
2025-01-02,14.251615524291992
2025-01-03,14.461761474609375
2025-01-06,14.347137451171875
2025-01-07,14.20385456085205
2025-01-08,14.175199508666992
2025-01-10,13.716703414916992
2025-01-13,13.850430488586426
2025-01-14,13.70715045928955
2025-01-15,13.582974433898926
2025-01-16,13.640287399291992
2025-01-17,14.710112571716309
2025-01-21,14.423552513122559
2025-01-22,14.595488548278809
2025-01-23,14.891600608825684
2025-01-24,15.1590576171875
2025-01-27,14.996672630310059
2025-01-28,14.605040550231934
2025-01-29,14.767425537109375
2025-01-30,14.232512474060059
2025-01-31,14.7005615234375
2025-02-03,14.318479537963867
2025-02-04,14.75787353515625
2025-02-05,14.882049560546875
2025-02-06,15.034880638122559
2025-02-07,14.796080589294434
2025-02-10,14.595488548278809
2025-02-11,14.614591598510742
2025-02-12,15.65576171875
2025-02-13,15.99963665008545
2025-02-14,16.095155715942383
2025-02-18,16.037843704223633
2025-02-19,16.42947769165039
2025-02-20,16.324403762817383
2025-02-21,15.703522682189941
2025-02-24,14.977569580078125
2025-02-25,14.968016624450684
2025-02-26,15.474275588989258
2025-02-27,15.474275588989258
2025-02-28,15.092194557189941
2025-03-03,14.860746383666992
2025-03-04,14.696806907653809
2025-03-05,15.053619384765625
2025-03-06,15.034331321716309
2025-03-07,14.831816673278809
2025-03-10,14.542510032653809
2025-03-11,14.706450462341309
2025-03-12,14.831816673278809
2025-03-13,14.928252220153809
2025-03-14,15.015044212341309
2025-03-17,14.995759010314941
2025-03-18,15.063261985778809
2025-03-19,15.304351806640625
2025-03-20,15.477935791015625
2025-03-21,15.342926025390625
2025-03-24,15.140411376953125
2025-03-25,15.101837158203125
2025-03-26,15.564727783203125
2025-03-27,16.249422073364258
2025-03-28,16.191560745239258
2025-03-31,15.622591972351074
2025-04-01,15.410430908203125
2025-04-02,15.381501197814941
2025-04-03,15.072906494140625
2025-04-04,14.388212203979492
2025-04-07,14.638945579528809
2025-04-08,14.880035400390625
2025-04-09,15.477935791015625
2025-04-10,15.082549095153809
2025-04-11,14.899322509765625
2025-04-14,14.918608665466309
2025-04-15,14.648588180541992
2025-04-16,14.899322509765625
2025-04-17,15.690093994140625
2025-04-21,15.371855735778809
2025-04-22,16.104768753051758
2025-04-23,15.998690605163574
2025-04-24,16.162630081176758
2025-04-25,15.854035377502441
2025-04-28,15.998690605163574
2025-04-29,16.172273635864258
2025-04-30,16.104768753051758
2025-05-01,15.612946510314941
2025-05-02,16.99197769165039
2025-05-05,15.921539306640625
2025-05-06,15.043976783752441
2025-05-07,15.063261985778809
2025-05-08,14.937895774841309
2025-05-09,14.802886962890625
2025-05-12,14.446073532104492
2025-05-13,14.426786422729492
2025-05-14,14.494292259216309
2025-05-15,14.484648704528809
2025-05-16,14.301421165466309
2025-05-19,14.349637985229492
2025-05-20,14.330349922180176
2025-05-21,14.571439743041992
2025-05-22,14.359281539916992
2025-05-23,14.484648704528809
2025-05-27,14.311063766479492
2025-05-28,14.282134056091309
2025-05-29,14.552153587341309
2025-05-30,14.262845993041992
2025-06-02,14.253103256225586
2025-06-03,14.642797470092773
2025-06-04,14.740221977233887
2025-06-05,15.100689888000488
2025-06-06,14.925328254699707
2025-06-09,14.993524551391602
2025-06-10,14.759706497192383
2025-06-11,15.05197811126709
2025-06-12,15.032493591308594
2025-06-13,14.896100044250488
2025-06-16,15.246826171875
2025-06-17,15.353991508483887
2025-06-18,15.694976806640625
2025-06-20,15.5780668258667
2025-06-23,15.811884880065918
2025-06-24,15.539097785949707
2025-06-25,15.44167423248291
2025-06-26,15.587809562683105
2025-06-27,15.071463584899902
2025-06-30,15.198114395141602
2025-07-01,15.3734769821167
2025-07-02,15.1201753616333
2025-07-03,15.1201753616333
2025-07-07,15.685234069824219
2025-07-08,16.084672927856445
2025-07-09,15.938535690307617
2025-07-10,16.230804443359375
2025-07-11,16.33797264099121
2025-07-14,16.13338279724121
2025-07-15,14.974040031433105
2025-07-16,15.5780668258667
2025-07-17,15.841111183166504
2025-07-18,15.870338439941406
2025-07-21,16.52307891845703
2025-07-22,17.39989471435547
2025-07-23,17.536285400390625
2025-07-24,17.52654266357422
2025-07-25,17.56551170349121
2025-07-28,17.964950561523438
2025-07-29,17.692163467407227
2025-07-30,17.156333923339844
2025-07-31,17.029682159423828
2025-08-01,16.493850708007812
2025-08-04,16.815349578857422
2025-08-05,17.0394229888916
2025-08-06,17.097877502441406
2025-08-07,17.01993751525879
2025-08-08,15.95801830291748
2025-08-11,16.95174217224121
2025-08-12,17.848041534423828
2025-08-13,17.23427391052246
2025-08-14,17.214786529541016
2025-08-15,17.48757553100586
2025-08-18,17.57525634765625
2025-08-19,17.127103805541992
2025-08-20,17.312211990356445
2025-08-21,17.34143829345703
2025-08-22,18.27670669555664
2025-08-25,17.984434127807617
2025-08-26,17.6531925201416
2025-08-27,17.497314453125
2025-08-28,17.52654266357422
2025-08-29,17.30246925354004
2025-09-02,17.02735710144043
2025-09-03,17.066659927368164
2025-09-04,17.125612258911133
2025-09-05,17.03718376159668
2025-09-08,16.889802932739258
2025-09-09,17.01753044128418
2025-09-10,16.889802932739258
2025-09-11,17.066659927368164
2025-09-12,16.752246856689453
2025-09-15,16.811199188232422
2025-09-16,16.77189826965332
2025-09-17,16.447660446166992
2025-09-18,16.811199188232422
2025-09-19,17.351594924926758
2025-09-22,17.066659927368164
2025-09-23,16.92910385131836
2025-09-24,16.683469772338867
2025-09-25,16.595041275024414
2025-09-26,16.595041275024414
2025-09-29,16.231502532958984
2025-09-30,16.202028274536133
2025-10-01,16.211851119995117
2025-10-02,16.211851119995117
2025-10-03,16.378883361816406
2025-10-06,16.329757690429688
2025-10-07,16.280630111694336
2025-10-08,16.349407196044922
2025-10-09,16.378883361816406
2025-10-10,15.92691707611084
2025-10-13,16.084123611450195
2025-10-14,16.211851119995117
2025-10-15,16.211851119995117
2025-10-16,16.025169372558594
2025-10-17,16.15290069580078
2025-10-20,16.192201614379883
2025-10-21,16.27080535888672
2025-10-22,16.457487106323242
2025-10-23,16.437833786010742
2025-10-24,16.447660446166992
2025-10-27,16.182376861572266
2025-10-28,16.192201614379883
2025-10-29,15.976042747497559
2025-10-30,15.976042747497559
2025-10-31,16.457487106323242
2025-11-03,16.447660446166992
2025-11-04,16.31993293762207
2025-11-05,16.703121185302734
2025-11-06,16.486963272094727
2025-11-07,16.418184280395508
2025-11-10,16.486963272094727
2025-11-11,16.388710021972656
2025-11-12,15.94656753540039
2025-11-13,15.976042747497559
2025-11-14,15.966218948364258
2025-11-17,15.317744255065918
2025-11-18,15.602680206298828
2025-11-19,15.317744255065918
2025-11-20,15.36687183380127
2025-11-21,16.30027961730957
2025-11-24,16.26097869873047
2025-11-25,16.63434410095215
2025-11-26,16.6245174407959
2025-11-28,16.6441707611084
2025-12-01,16.39634132385254
2025-12-02,16.01963996887207
2025-12-03,16.406251907348633
2025-12-04,16.3071231842041
2025-12-05,16.33686065673828
2025-12-08,16.089033126831055
2025-12-09,16.198078155517578
2025-12-10,16.257556915283203
2025-12-11,16.95147705078125
2025-12-12,17.605743408203125
2025-12-15,18.022096633911133
2025-12-16,18.11131477355957
2025-12-17,18.051834106445312
2025-12-18,18.002269744873047
2025-12-19,18.725929260253906
2025-12-22,18.329402923583984
2025-12-23,17.91305160522461
2025-12-24,17.447134017944336
2025-12-26,17.63548469543457
2025-12-29,17.972530364990234
2025-12-30,17.03078269958496
2025-12-31,17.06052017211914
2026-01-02,17.476871490478516
2026-01-05,17.79409408569336
2026-01-06,17.090259552001953
2026-01-07,16.71356201171875
2026-01-08,17.209218978881836
2026-01-09,17.38765525817871
2026-01-12,17.7346134185791
2026-01-13,17.605743408203125
2026-01-14,18.002269744873047
2026-01-15,18.299663543701172
2026-01-16,18.23027229309082
2026-01-20,17.74452781677246
2026-01-21,18.200532913208008
2026-01-22,18.289751052856445
2026-01-23,17.932878494262695
2026-01-26,17.95270538330078
2026-01-27,17.813919067382812
2026-01-28,17.288524627685547
2026-01-29,17.576004028320312
2026-01-30,18.15096664428711
2026-02-02,18.22035789489746
2026-02-03,17.98244285583496
2026-02-04,18.101402282714844
2026-02-05,17.843658447265625
2026-02-06,17.685049057006836
2026-02-09,17.605743408203125
2026-02-10,17.67513656616211
2026-02-11,17.516525268554688
2026-02-12,17.5958309173584
2026-02-13,17.536352157592773
2026-02-17,16.485557556152344
2026-02-18,16.7829532623291
2026-02-19,16.802780151367188
2026-02-20,16.455820083618164
2026-02-23,16.079118728637695
2026-02-24,16.455820083618164
2026-02-25,16.87217140197754
2026-02-26,17.0208683013916
2026-02-27,16.614429473876953
2026-03-02,17.1200008392334
2026-03-03,16.850000381469727
2026-03-04,17.510000228881836
2026-03-05,16.1299991607666
2026-03-06,15.149999618530273
2026-03-09,15.6899995803833
2026-03-10,15.180000305175781
2026-03-11,15.5
2026-03-12,15.510000228881836
2026-03-13,15.729999542236328
2026-03-16,15.720000267028809
2026-03-17,15.390000343322754
2026-03-18,14.760000228881836
2026-03-19,15.34000015258789
2026-03-20,15.979999542236328
2026-03-23,16.110000610351562
2026-03-24,15.770000457763672
2026-03-25,16.020000457763672
2026-03-26,16.0
2026-03-27,15.890000343322754
2026-03-30,16.510000228881836
2026-03-31,16.469999313354492
2026-04-01,15.899999618530273
2026-04-02,16.200000762939453
2026-04-06,16.3700008392334
2026-04-07,16.209999084472656
2026-04-08,16.3799991607666
2026-04-09,16.600000381469727
2026-04-10,15.960000038146973
2026-04-13,16.610000610351562
2026-04-14,16.579999923706055
2026-04-15,16.389999389648438
2026-04-16,16.299999237060547
2026-04-17,16.799999237060547
2026-04-20,16.65999984741211
2026-04-21,16.149999618530273
2026-04-22,16.290000915527344
2026-04-23,16.010000228881836
2026-04-24,16.40999984741211
2026-04-27,16.6299991607666
2026-04-28,17.06999969482422
2026-04-29,16.739999771118164
2026-04-30,16.440000534057617
2026-05-01,15.989999771118164
2026-05-04,15.569999694824219
2026-05-05,16.170000076293945
2026-05-06,15.960000038146973
2026-05-07,16.3799991607666
2026-05-08,16.420000076293945
2026-05-11,16.15999984741211
